M/Z,Intensity
-7.8602611e-005,-0.60517647
2.1773576e-007,-0.45615686
9.6021472e-005,-0.29145098
0.00036601382,-0.39341176
0.00081019477,0.30462745
0.0014285643,0.42227451
0.0022211225,-2.5267451
0.0031878693,-1.7894902
0.0043288047,-3.3267451
0.0056439287,-3.7659608
0.0071332413,-3.5855686
0.0087967426,-3.491451
0.010634432,-3.7894902
0.012646311,-3.4650894
0.014832378,-3.7914238
0.017192634,-0.58025812
0.019727078,4.5056626
0.022435711,9.3800638
0.025318532,6.0507887
0.028375542,3.7256803
0.031606741,7.6439544
0.035012128,2.4487482
0.038591704,-3.78935
0.042345469,-2.6468109
0.046273422,4.1038166
0.050375564,1.5684147
0.054651894,0.89992478
0.059102413,-0.113418
0.063727121,-0.20886852
0.068526017,-2.0923091
0.073499102,-0.75981825
0.078646375,6.5729178
0.083967837,9.8039383
0.089463488,3.4822629
0.095133327,-2.9411281
0.10097736,-3.5760387
0.10699557,-3.4969785
0.11318798,-3.6294379
0.11955457,-2.3263579
0.12609535,-0.64656208
0.13281032,-0.048874024
0.13969948,-1.3254506
0.14676283,0.057041627
0.15400037,2.0593869
0.16141209,2.9717812
0.16899801,2.1981463
0.17675811,1.7227958
0.1846924,1.8437689
0.19280088,1.7140069
0.20108355,-0.31354916
0.20954041,-2.3643894
0.21817145,-1.5130237
0.22697669,0.5699598
0.23595611,1.8688748
0.24510972,1.3484271
0.25443752,1.2125384
0.26393951,1.9317968
0.27361569,0.13365339
0.28346605,-1.7191468
0.29349061,-1.7050351
0.30368935,-1.8004821
0.31406228,-2.7898015
0.3246094,-2.7906405
0.33533071,-1.238293
0.34622621,-0.28177881
0.3572959,0.89458845
0.36853977,1.7182598
0.37995783,1.4755096
0.39155009,1.4369262
0.40331653,1.1005488
0.41525716,1.7526519
0.42737197,1.6991179
0.43966098,1.7321036
0.45212418,1.7888639
0.46476156,1.5321439
0.47757313,0.58547304
0.49055889,0.1253219
0.50371884,-0.51497618
0.51705298,-1.037382
0.53056131,-0.75169947
0.54424382,-0.52851683
0.55810053,-0.11685369
0.57213142,-0.10494534
0.5863365,-0.35945846
0.60071577,0.13921482
0.61526923,0.28519212
0.62999688,0.53337542
0.64489871,0.7347451
0.65997473,0.78845225
0.67522495,0.84998874
0.69064935,0.28406044
0.70624794,-0.16423461
0.72202072,-0.14979836
0.73796769,-0.68439553
0.75408884,-0.37194768
0.77038419,-0.61637637
0.78685372,0.025455636
0.80349744,-0.43076538
0.82031535,-0.46347078
0.83730745,0.2802806
0.85447374,-0.30147203
0.87181421,-0.21657179
0.88932888,0.064393077
0.90701773,0.062991197
0.92488077,-0.22862057
0.942918,0.099361707
0.96112942,0.20772233
0.97951503,0.15920641
0.99807483,0.18910805
1.0168088,0.79154491
1.035717,0.61749738
1.0547993,1.1885341
1.0740559,1.4615178
1.0934866,1.412919
1.1130916,1.2152868
1.1328707,1.2843075
1.152824,1.1729223
1.1729515,0.70073889
1.1932532,0.85599268
1.213729,1.2465268
1.2343791,1.001753
1.2552033,1.1255928
1.2762018,1.2494188
1.2973744,1.0438193
1.3187212,0.95585299
1.3402422,0.8914023
1.3619374,1.00733
1.3838068,1.0526556
1.4058504,1.1763988
1.4280681,0.97855955
1.4504601,0.88266729
1.4730262,0.92009456
1.4957665,0.7614296
1.518681,0.58706455
1.5417697,0.62445041
1.5650326,0.34025383
1.5884697,0.10310228
1.612081,0.14828985
1.6358664,0.013071471
1.6598261,0.13666281
1.6839599,0.032789369
1.7082679,0.3445884
1.7327501,0.23284421
1.7574065,0.4975568
1.7822371,0.46421637
1.8072419,0.35243077
1.8324209,0.44455292
1.857774,0.3719554
1.8833013,0.41699112
1.9090029,0.32083657
1.9348786,0.27172704
1.9609285,0.18338802
1.9871526,0.22052539
2.0135509,0.085099932
2.0401234,0.12220969
2.06687,0.1279331
2.0937909,0.16501525
2.1208859,0.20992673
2.1481551,0.3175695
2.1755985,0.35461024
2.2032161,0.32889207
2.2310079,0.33453265
2.2589739,0.31663001
2.2871141,0.37714494
2.3154285,0.33568527
2.343917,0.46676083
2.3725797,0.38605787
2.4014167,0.45436072
2.4304278,0.39715956
2.4596131,0.44190538
2.4889726,0.42389231
2.5185062,0.35096346
2.5482141,0.41135415
2.5780962,0.17369181
2.6081524,0.28895684
2.6383828,0.15322768
2.6687875,0.15081805
2.6993663,0.17976716
2.7301193,0.059682859
2.7610465,0.14350632
2.7921478,-0.1256252
2.8234234,0.47581771
2.8548732,-0.19334142
2.8864971,0.28258369
2.9182952,0.3192793
2.9502676,-0.083254573
2.9824141,0.24360951
3.0147348,0.35869508
3.0472296,-0.1693704
3.0798987,0.84764834
3.112742,-0.049072205
3.1457594,0.72478168
3.1789511,0.33783744
3.2123169,0.33519313
3.2458569,0.54429971
3.2795711,0.46319641
3.3134595,0.89972637
3.3475221,0.34800723
3.3817589,0.7060782
3.4161698,0.86805694
3.450755,0.18296305
3.4855143,0.94099261
3.5204478,0.72645935
3.5555556,0.51191228
3.5908375,0.85421415
3.6262936,0.52199241
3.6619238,0.77014902
3.6977283,0.56338987
3.733707,0.63896986
3.7698598,0.65179094
3.8061868,0.46067665
3.8426881,0.65386228
3.8793635,0.61173998
3.9162131,0.69509408
3.9532369,0.65294418
3.9904348,0.61862361
4.027807,0.71762256
4.0653534,0.44013713
4.1030739,0.48420652
4.1409686,0.47336014
4.1790376,0.39191172
4.2172807,0.34966518
4.255698,0.33877739
4.2942895,0.21807187
4.3330551,0.1914702
4.371995,0.28250177
4.411109,0.099009741
4.4503973,0.15079802
4.4898597,0.037866616
4.5294963,0.12099984
4.5693071,-0.10960624
4.6092921,-0.097088862
4.6494513,0.040904905
4.6897847,-0.16621317
4.7302923,0.034498083
4.770974,-0.047157408
4.8118299,-0.073924743
4.8528601,-0.037960784
4.8940644,-0.055213315
4.9354429,-0.009727368
4.9769956,-0.050522552
5.0187225,0.049852112
5.0606235,-0.092917099
5.1026988,0.030973735
5.1449482,-0.10396558
5.1873719,0.074813971
5.2299697,0.026135922
5.2727417,0.0009806631
5.3156879,0.15621094
5.3588083,-0.13562423
5.4021029,0.06665163
5.4455717,0.11205812
5.4892146,0.039810933
5.5330318,0.09304732
5.5770231,0.060002575
5.6211886,0.097539444
5.6655283,0.15075597
5.7100422,0.16475018
5.7547303,0.24148287
5.7995926,0.17703247
5.8446291,0.22237937
5.8898397,0.24419024
5.9352245,0.17971998
5.9807836,0.27994898
6.0265168,0.19193606
6.0724242,0.064700832
6.1185058,0.37667467
6.1647616,0.092563459
6.2111916,0.035896605
6.2577957,0.36353686
6.3045741,-0.030398143
6.3515266,0.39134651
6.3986533,0.099359055
6.4459543,0.27011008
6.4934294,0.21340349
6.5410787,0.22727853
6.5889021,0.13918615
6.6368998,0.31775383
6.6850717,0.19043252
6.7334177,0.35330068
6.781938,-0.04070053
6.8306324,0.31038968
6.879501,0.2065713
6.9285438,0.18117768
6.9777608,0.17146371
7.027152,0.33429214
7.0767174,0.26181983
7.1264569,0.11090952
7.1763707,0.43058083
7.2264586,-0.065440756
7.2767207,0.293433
7.327157,0.31504523
7.3777675,0.14841554
7.4285522,0.26413218
7.4795111,0.12101866
7.5306442,0.19750637
7.5819514,0.18771294
7.6334329,0.10732466
7.6850885,0.26222387
7.7369183,0.072018427
7.7889223,0.13278675
7.8411005,0.14648963
7.8934529,0.073911382
7.9459795,0.21309122
7.9986802,-0.02420616
8.0515552,0.13064671
8.1046043,0.16784589
8.1578277,0.063861986
8.2112252,0.038302831
8.2647969,0.012737055
8.3185428,-0.0049922046
8.3724629,0.00080132597
8.4265572,-0.064
8.4808256,-0.0092740031
8.5352683,-0.080038767
8.5898851,-0.0253139
8.6446761,-0.096079793
8.6996413,-0.049199193
8.7547808,-0.049377981
8.8100943,0.0053446272
8.8655821,0.020850984
8.9212441,-0.18325107
8.9770803,-0.097157604
9.0330906,-0.073809804
9.0892751,-0.10536453
9.1456339,-0.16044923
9.2021668,-0.090044303
9.2588739,-0.0745419
9.3157552,-0.074726336
9.3728107,-0.13765643
9.4300403,-0.020194941
9.4874442,-0.028224209
9.5450222,-0.083312865
9.6027745,0.0027743852
9.6607009,-0.036629126
9.7188015,0.010241308
9.7770763,-0.021320195
9.8355253,0.08045107
9.8941485,-0.0060135237
9.9529458,-0.01404731
10.011917,0.0328203
10.071063,0.040471659
10.130383,0.048122453
10.189877,0.040086408
10.249545,0.17322627
10.309388,-0.015203063
10.369405,0.22773959
10.429596,0.070681677
10.489961,0.015583985
10.5505,0.19577984
10.611213,-0.039711134
10.672101,0.25813065
10.733163,0.19518757
10.794399,0.069498814
10.855809,0.31243695
10.917393,0.045570596
10.979152,0.21007623
11.041085,0.15497345
11.103192,0.24104658
11.165473,0.1075113
11.227928,0.32691664
11.290558,0.044360621
11.353361,0.028470708
11.416339,0.37336454
11.479491,-0.097428461
11.542818,0.2160917
11.606318,0.3649054
11.669993,-0.019614784
11.733841,0.23115858
11.797864,0.011343145
11.862062,0.45035067
11.926433,-0.12240707
11.990979,0.1205209
12.055698,0.22227183
12.120592,0.025982983
12.185661,0.033615139
12.250903,0.13536438
12.316319,0.041034619
12.38191,0.095723903
12.447675,-0.10056777
12.513614,0.26784588
12.579727,-0.10883908
12.646015,0.032122453
12.712477,0.14171087
12.779112,-0.062426759
12.845923,-0.015584565
12.912907,-0.0079586218
12.980065,0.085941266
13.047398,-0.12604176
13.114905,-0.00077045654
13.182586,0.030382639
13.250441,-0.0090530658
13.31847,0.029942037
13.386674,-0.048710483
13.455051,-0.056775333
13.523603,-0.080527023
13.592329,0.036897194
13.66123,-0.0025418999
13.730304,-0.16747175
13.799553,0.11465665
13.868976,0.036000176
13.938573,-0.16814706
14.008344,-0.019353682
14.07829,-0.12154126
14.148409,-0.051180388
14.218703,0.027023059
14.289171,-0.16144073
14.359813,0.16774198
14.43063,-0.12268371
14.50162,-0.005266841
14.572785,-0.021183865
14.644124,-0.060630866
14.715637,0.025411765
14.787324,-0.0038851637
14.859186,0.053078404
14.931221,0.00022403504
15.003431,-0.029114936
15.075815,0.10623796
15.148374,-0.12705061
15.221106,0.063176224
15.294013,-0.0054344899
15.367094,-0.0034709824
15.440349,0.0063216483
15.513778,0.0082571275
15.587381,-0.029037094
15.661159,-0.050659054
15.735111,0.037508892
15.809237,-0.10963129
15.883537,0.10399882
15.958011,0.011732569
16.03266,-0.049175149
16.107482,0.085981551
16.182479,0.064261491
16.25765,-0.028060818
16.332996,0.07568129
16.408515,-0.071571008
16.484209,-0.07766085
16.560077,0.073098039
16.636119,0.011130923
16.712335,0.0040136502
16.788725,-0.0031557386
16.86529,-0.27704391
16.942029,-0.025494003
17.018942,-0.18183935
17.096029,-0.26764858
17.17329,-0.1182158
17.250726,-0.30609005
17.328335,-0.10970268
17.406119,-0.15650469
17.484077,0.047621582
17.56221,0.1183624
17.640516,-0.31290968
17.718997,0.33811906
17.797652,0.040076082
17.876481,0.22825549
17.955484,0.29873573
18.034662,-0.054365559
18.114013,0.64346143
18.193539,0.31378531
18.273239,0.50954728
18.353113,1.5366297
18.433162,1.0185619
18.513384,1.5671087
18.593781,1.4724661
18.674352,1.5032616
18.755097,1.5967501
18.836016,1.54901
18.91711,1.1090609
18.998377,0.12788328
19.079819,0.6839084
19.161435,0.58105787
19.243226,-0.4316487
19.32519,-0.0091132656
19.407329,-0.21408093
19.489642,-0.37204188
19.572129,-0.13789809
19.65479,-0.49204171
19.737625,-0.13251196
19.820635,-0.49460295
19.903819,-0.47243233
19.987177,-0.56011775
20.070709,-0.57726705
20.154415,-0.36701748
20.238296,0.047101533
20.32235,1.3552861
20.406579,-0.058150118
20.490982,-0.13046196
20.57556,15.530507
20.660311,47.912993
20.745237,16.02876
20.830337,-1.0006227
20.915611,1.6483735
21.001059,3.175749
21.086681,2.1932684
21.172478,1.3597553
21.258449,2.4320725
21.344594,1.5749258
21.430913,1.7922367
21.517406,1.7820446
21.604074,1.6463101
21.690915,1.9732686
21.777931,1.9629201
21.865121,2.0231078
21.952486,1.4793217
22.040024,0.75509139
22.127737,0.68963247
22.215624,0.56921947
22.303685,0.26836221
22.39192,0.2576489
22.480329,-0.22370476
22.568913,-0.17962034
22.657671,-0.057156659
22.746603,-0.25631373
22.835709,-0.86209979
22.924989,-1.7278476
23.014444,-2.1790474
23.104073,-2.7411893
23.193876,-3.4456458
23.283853,-4.0335936
23.374004,-5.0069933
23.46433,-5.4089822
23.554829,-6.0003446
23.645503,-6.6869629
23.736351,-7.2178566
23.827373,-7.6322416
23.91857,-8.4477647
24.009941,-9.0840339
24.101485,-9.7763433
24.193204,-10.524693
24.285098,-11.117318
24.377165,-11.820885
24.469407,-12.117747
24.561822,-12.894179
24.654412,-13.656063
24.747176,-14.168105
24.840115,-14.791088
24.933227,-15.352465
25.026514,-16.236549
25.119975,-16.04479
25.21361,-15.955175
25.307419,-15.277508
25.401403,-14.301985
25.49556,-8.9737048
25.589892,11.334784
25.684398,27.258776
25.779078,-6.1193763
25.873933,13.263072
25.968961,74.833572
26.064164,74.748987
26.159541,74.711278
26.255092,73.38711
26.350818,73.286288
26.446717,70.314695
26.542791,72.57429
26.639039,74.135663
26.735461,74.034107
26.832057,73.948055
26.928828,73.908877
27.025772,73.70481
27.122891,73.641737
27.220184,73.53142
27.317652,73.452293
27.415293,73.278865
27.513109,73.199371
27.611098,73.119694
27.709262,72.804539
27.807601,72.11273
27.906113,69.45211
28.0048,63.505032
28.10366,60.25581
28.202695,55.900522
28.301904,52.572502
28.401288,50.914886
28.500845,49.782577
28.600577,47.857928
28.700483,46.64682
28.800563,45.859059
28.900817,43.25935
29.001246,41.812398
29.101848,39.337812
29.202625,39.176768
29.303576,39.195932
29.404701,39.418835
29.506001,40.598417
29.607474,41.228796
29.709122,40.870756
29.810944,39.665473
29.91294,37.871772
30.01511,34.517104
30.117455,29.428918
30.219974,28.654275
30.322666,27.471605
30.425534,25.896594
30.528575,26.682185
30.63179,26.746023
30.73518,26.19007
30.838744,23.335894
30.942482,20.897222
31.046394,19.705424
31.15048,19.45462
31.254741,20.003632
31.359176,21.046578
31.463785,22.465811
31.568568,23.727999
31.673525,24.425296
31.778657,27.624372
31.883963,30.336989
31.989442,30.021971
32.095097,30.436183
32.200925,31.407073
32.306927,34.966015
32.413104,38.313009
32.519455,37.989231
32.62598,36.143702
32.732679,33.694067
32.839553,30.985425
32.9466,29.249149
33.053822,25.089159
33.161218,22.68585
33.268788,20.447062
33.376532,18.835542
33.484451,19.419917
33.592544,24.843325
33.700811,27.890078
33.809252,28.269981
33.917867,33.22225
34.026657,39.264531
34.13562,43.063491
34.244758,44.172072
34.35407,42.441254
34.463556,40.0279
34.573217,36.288872
34.683052,30.628091
34.79306,25.578892
34.903243,21.564804
35.013601,18.789748
35.124132,16.257645
35.234838,14.439085
35.345717,12.039949
35.456771,10.322982
35.567999,9.5391659
35.679402,9.2335972
35.790978,10.370982
35.902729,10.817988
36.014654,10.135398
36.126753,9.6173308
36.239026,8.5500605
36.351474,6.8551557
36.464095,6.1090871
36.576891,6.5785213
36.689861,5.5967916
36.803005,4.3874275
36.916324,3.7739584
37.029816,3.3250116
37.143483,2.507254
37.257324,3.5559796
37.371339,2.4006001
37.485529,2.6724881
37.599892,1.9010555
37.71443,1.1921845
37.829142,1.1419535
37.944028,0.40134299
38.059088,0.32721569
38.174323,-0.57507482
38.289731,-1.2182696
38.405314,-0.40236869
38.521071,-1.2175681
38.637002,-1.0599464
38.753108,-0.933425
38.869387,-1.1987883
38.985841,-0.96976175
39.102469,-0.65418852
39.219271,-0.40108821
39.336248,-0.50065689
39.453398,-0.52936515
39.570723,-0.5734875
39.688222,-1.0094945
39.805895,-0.87268037
39.923742,-0.90814303
40.041764,-0.59039234
40.15996,-0.77433025
40.278329,-0.96583912
40.396873,-0.082565996
40.515592,0.071567544
40.634484,-0.53481105
40.753551,-0.50562334
40.872792,-0.18596737
40.992207,-0.10133333
41.111796,-0.61612884
41.231559,-1.2725308
41.351497,-1.5764215
41.471608,-2.2807422
41.591894,-2.6168654
41.712355,-2.639693
41.832989,-2.8119702
41.953797,-2.6552657
42.07478,-3.0480106
42.195937,-4.0215777
42.317268,-4.2818493
42.438773,-2.7700018
42.560453,4.5296511
42.682306,23.028874
42.804334,37.849235
42.926536,6.9593632
43.048912,21.731806
43.171463,62.85676
43.294187,62.585206
43.417086,62.195574
43.540159,61.256493
43.663406,61.077767
43.786828,58.984885
43.910423,49.158239
44.034193,45.135086
44.158137,46.515424
44.282255,45.54239
44.406547,47.596378
44.531014,51.587191
44.655654,53.883456
44.780469,55.543997
44.905458,55.65901
45.030621,55.318691
45.155959,55.158334
45.28147,54.90343
45.407156,57.565743
45.533016,52.690371
45.65905,39.547902
45.785259,36.522651
45.911641,38.728342
46.038198,35.412034
46.164929,31.57765
46.291834,30.723227
46.418913,30.746806
46.546167,30.573877
46.673595,31.553459
46.801196,32.132611
46.928972,33.817215
47.056923,36.050409
47.185047,38.102781
47.313346,39.47237
47.441819,39.225842
47.570466,39.261238
47.699287,37.806008
47.828282,33.70721
47.957452,30.980532
48.086795,29.249502
48.216313,28.93765
48.346006,27.754779
48.475872,28.759714
48.605912,36.885788
48.736127,43.215353
48.866516,39.49743
48.997079,40.233978
49.127816,44.421077
49.258728,46.945001
49.389813,46.597907
49.521073,46.320971
49.652507,45.941644
49.784115,45.648162
49.915898,45.260132
50.047854,44.887358
50.179985,44.694547
50.31229,44.273855
50.444769,43.719399
50.577423,42.968435
50.71025,42.075865
50.843252,42.1711
50.976428,41.136493
51.109778,38.791653
51.243302,37.3405
51.377001,36.053623
51.510873,34.029061
51.64492,31.117795
51.779141,27.115902
51.913536,23.529266
52.048106,19.299063
52.182849,17.084116
52.317767,15.825602
52.452859,14.276461
52.588125,13.526891
52.723566,11.812185
52.85918,10.065677
52.994969,9.9265815
53.130932,8.7203895
53.267069,5.4039637
53.40338,3.694951
53.539866,1.0913908
53.676525,-2.3204426
53.813359,-2.9170196
53.950367,-2.9895891
54.08755,-3.4309881
54.224906,-3.6529811
54.362437,-4.439882
54.500141,-5.6191417
54.63802,-8.7907602
54.776074,-9.7116003
54.914301,-10.365976
55.052703,-10.620553
55.191278,-9.6753322
55.330028,-11.004823
55.468952,-12.114908
55.608051,-9.4055875
55.747323,-10.516076
55.88677,-10.152258
56.026391,-10.078837
56.166186,-10.601696
56.306155,-9.8776991
56.446298,-9.6950802
56.586616,-8.7048201
56.727108,-8.1461346
56.867774,-5.6582392
57.008614,-4.7470163
57.149629,-3.3810935
57.290817,-0.43105882
57.43218,1.9795221
57.573717,4.3664706
57.715428,8.2670417
57.857313,10.708686
57.999373,12.836502
58.141607,12.579902
58.284014,11.797708
58.426597,9.4546276
58.569353,7.9898752
58.712283,8.477961
58.855388,9.2796694
58.998667,9.8224513
59.14212,9.4239539
59.285747,9.8410397
59.429548,12.046258
59.573524,12.188628
59.717674,13.09168
59.861998,13.720119
60.006496,13.485709
60.151168,14.615903
60.296015,13.832268
60.441036,11.652452
60.58623,9.3235137
60.7316,6.1709428
60.877143,4.563367
61.02286,4.3125509
61.168752,3.7165339
61.314818,2.9008062
61.461058,1.6222303
61.607472,2.1710026
61.754061,3.2137895
61.900823,7.2368657
62.04776,10.318662
62.194871,11.604278
62.342156,13.132928
62.489616,16.277161
62.637249,23.115408
62.785057,19.639828
62.933039,12.446497
63.081195,11.433456
63.229525,11.165409
63.37803,7.6737307
63.526708,8.346655
63.675561,17.670457
63.824588,15.096116
63.97379,10.247163
64.123165,14.566735
64.272715,20.596007
64.422439,23.417333
64.572337,25.815027
64.722409,28.94203
64.872655,28.947361
65.023076,25.344746
65.17367,23.530264
65.324439,24.515678
65.475383,22.614715
65.6265,22.996002
65.777791,27.863461
65.929257,27.915131
66.080897,20.805913
66.232711,14.982867
66.384699,16.132267
66.536862,11.94823
66.689198,9.0582085
66.841709,9.8857309
66.994394,9.4974642
67.147254,4.6385063
67.300287,3.2853278
67.453495,4.2379287
67.606876,2.5159169
67.760432,0.33105701
67.914162,2.2715844
68.068067,2.1884795
68.222145,-2.0123755
68.376398,-3.625098
68.530825,-4.4167107
68.685426,-5.4358269
68.840201,-5.1922504
68.995151,-5.4193146
69.150274,-6.5876078
69.305572,-7.104973
69.461044,-6.4537633
69.616691,-6.1084884
69.772511,-5.7240502
69.928506,-2.2573116
70.084674,4.1897667
70.241017,-0.27301138
70.397535,-0.9005478
70.554226,2.4326476
70.711092,5.4363788
70.868131,8.6126065
71.025345,8.6828995
71.182733,8.0315713
71.340296,6.5566612
71.498032,5.9366007
71.655943,7.0027622
71.814028,7.4649496
71.972287,8.7663003
72.13072,11.738187
72.289327,15.604138
72.448109,20.944547
72.607065,24.222159
72.766195,24.519325
72.925499,24.612518
73.084977,24.588011
73.24463,23.104629
73.404457,21.676095
73.564458,19.980843
73.724633,18.701224
73.884982,17.798024
74.045506,18.235947
74.206203,16.85421
74.367075,15.033205
74.528121,13.369011
74.689342,12.410646
74.850736,11.397327
75.012305,9.5055236
75.174048,8.0607269
75.335965,10.160976
75.498056,12.316074
75.660321,5.3260219
75.822761,-1.0444748
75.985375,-1.9405143
76.148163,-2.4052337
76.311125,-1.8268682
76.474261,9.0573271
76.637572,5.1806856
76.801056,-1.590126
76.964715,-4.2747155
77.128548,-3.5475928
77.292556,-3.1342481
77.456737,7.5143383
77.621093,16.194245
77.785623,3.5564518
77.950327,-4.5323741
78.115205,-4.1741937
78.280257,-5.2670461
78.445484,-0.56387255
78.610885,12.845131
78.77646,6.5285917
78.942209,-6.0625098
79.108132,-8.0497422
79.27423,-4.6331055
79.440502,1.4736748
79.606947,17.086285
79.773568,16.675313
79.940362,2.2407598
80.10733,-2.57816
80.274473,0.6420835
80.44179,-1.3769412
80.609281,3.842156
80.776946,19.359263
80.944786,14.060655
81.112799,-3.5752367
81.280987,-8.8739029
81.449349,-6.0392648
81.617885,-7.3066166
81.786596,-7.4210563
81.95548,-6.1080741
82.124539,-9.2500229
82.293772,-11.113569
82.463179,-10.075184
82.63276,-8.3152596
82.802516,-7.8808542
82.972446,-7.8464778
83.142549,-7.0591894
83.312828,-6.5699692
83.48328,-4.7945037
83.653906,-3.011224
83.824707,-3.0240519
83.995682,-1.962399
84.166831,-2.8066576
84.338154,-4.0666316
84.509651,-1.922713
84.681323,0.048627451
84.853169,1.2252811
85.025189,2.2841208
85.197383,1.7349507
85.369751,2.6522805
85.542294,4.3772866
85.71501,5.9531064
85.887901,6.6346418
86.060966,5.6767947
86.234206,5.2756436
86.407619,4.890012
86.581207,4.0493117
86.754969,3.804523
86.928905,7.4027048
87.103015,14.592877
87.277299,11.351509
87.451758,2.7217399
87.626391,2.0682743
87.801198,4.1283674
87.976179,6.6824114
88.151334,14.475504
88.326664,14.864509
88.502168,9.6690329
88.677845,8.3243706
88.853698,13.089345
89.029724,14.442389
89.205924,15.363893
89.382299,14.983269
89.558848,14.665224
89.735571,12.739169
89.912468,10.640398
90.08954,9.1296961
90.266785,10.685494
90.444205,9.7470068
90.621799,4.3612944
90.799567,-1.6912514
90.97751,-3.1086699
91.155626,-2.5027258
91.333917,8.5736399
91.512382,9.3125838
91.691021,-4.4035409
91.869834,-13.115911
92.048822,-10.299036
92.227984,-9.8587982
92.407319,-2.7206881
92.586829,-1.8807839
92.766514,-3.0724191
92.946372,-6.8210838
93.126405,-13.43266
93.306612,2.5830473
93.486993,13.445647
93.667548,13.300978
93.848277,13.81516
94.029181,8.3685837
94.210259,6.7259563
94.391511,4.0715911
94.572937,12.107449
94.754537,7.0374511
94.936312,-6.5423237
95.11826,-9.2279539
95.300383,-5.3017925
95.48268,-1.532467
95.665152,4.4721796
95.847797,-1.2486371
96.030617,-6.169427
96.213611,-7.1764644
96.396779,-1.9089652
96.580121,12.009541
96.763637,14.186898
96.947328,9.8544782
97.131193,-0.47791493
97.315232,1.887758
97.499445,3.8456147
97.683832,3.7878121
97.868394,5.369252
98.053129,8.9820913
98.238039,11.198879
98.423123,12.160792
98.608382,12.416849
98.793814,12.021953
98.979421,12.403554
99.165202,11.530281
99.351157,11.370759
99.537286,11.27401
99.723589,11.373366
99.910067,11.433533
100.09672,12.717256
100.28354,13.577477
100.47055,14.155372
100.65772,14.050941
100.84507,14.275949
101.03259,14.446081
101.22029,14.129966
101.40816,13.351132
101.5962,13.309581
101.78442,12.742566
101.97282,13.759892
102.16139,14.463519
102.35013,14.273055
102.53904,14.208109
102.72813,14.339268
102.9174,15.176336
103.10684,15.048725
103.29645,14.709376
103.48624,13.570054
103.6762,13.222916
103.86633,13.566001
104.05664,13.007152
104.24713,12.864017
104.43779,11.630712
104.62862,7.4797865
104.81963,4.5994765
105.01081,4.3074287
105.20216,9.1997216
105.39369,8.1547864
105.58539,1.1177212
105.77727,-1.3546112
105.96932,-1.2229951
106.16155,0.20276557
106.35395,1.4011021
106.54652,-1.9103384
106.73927,-5.8884186
106.93219,-5.8586288
107.12529,-2.5190082
107.31856,6.2951491
107.51201,1.9407059
107.70563,-6.1844621
107.89942,-9.6744485
108.09339,-7.3370965
108.28753,8.0589664
108.48185,12.882368
108.67634,2.5527151
108.871,-7.9495991
109.06584,-5.3383004
109.26085,-2.9075064
109.45604,1.1937632
109.6514,-1.8031191
109.84694,-5.1687413
110.04264,-6.3070253
110.23853,-0.22973552
110.43459,12.765089
110.63082,13.838232
110.82722,4.8720463
111.02381,-1.8275849
111.22056,3.9354163
111.41749,5.3296775
111.61459,6.0806888
111.81187,5.9845286
112.00932,3.5196285
112.20695,3.5487333
112.40475,8.8561569
112.60272,14.406605
112.80087,14.200078
112.99919,11.554223
113.19769,7.551392
113.39636,7.3288409
113.5952,8.2277457
113.79422,8.3422242
113.99342,6.0330607
114.19278,3.6139807
114.39233,3.5006704
114.59204,5.4813652
114.79193,10.434496
114.992,11.920848
115.19223,6.1051267
115.39265,5.5363515
115.59323,12.128248
115.794,11.433757
115.99493,10.974448
116.19604,11.322869
116.39732,11.130002
116.59878,11.062512
116.80041,11.010595
117.00222,10.770331
117.2042,10.004464
117.40635,9.0737779
117.60868,9.3586659
117.81119,10.019912
118.01386,10.359477
118.21672,9.0204974
118.41974,6.3872879
118.62294,6.8441619
118.82631,8.0146488
119.02986,8.4477682
119.23358,7.570971
119.43748,6.7646495
119.64155,6.0758624
119.8458,6.9006882
120.05022,7.9371661
120.25481,6.550002
120.45958,4.0725292
120.66452,2.7400418
120.86963,3.6505791
121.07492,4.9453175
121.28039,3.4007276
121.48603,0.58543688
121.69184,-1.2025155
121.89783,-0.049403971
122.10399,2.8290851
122.31032,3.0721675
122.51683,-2.4103529
122.72351,-4.4781628
122.93037,-2.5459901
123.1374,3.1194984
123.34461,4.4947734
123.55199,-0.96134168
123.75954,-5.5939448
123.96727,-5.11284
124.17518,-0.05136047
124.38325,1.0963761
124.5915,-4.963748
124.79993,-7.047419
125.00853,-5.3193428
125.2173,-0.446186
125.42625,1.9249925
125.63537,-2.6999249
125.84467,-4.9483892
126.05414,-2.0125573
126.26378,2.2487473
126.4736,4.6747404
126.6836,4.6615002
126.89376,4.21687
127.10411,4.7133988
127.31462,5.2883415
127.52531,5.7613059
127.73618,5.9989587
127.94721,4.7856136
128.15843,5.0859765
128.36981,5.9980867
128.58137,5.8670421
128.79311,6.3399015
129.00502,6.1225474
129.2171,5.6306661
129.42936,5.5544535
129.64179,5.9017528
129.8544,6.4058974
130.06718,7.2315931
130.28013,6.2376635
130.49326,5.7848928
130.70656,5.975242
130.92004,5.9538089
131.13369,6.199025
131.34751,6.0912825
131.56151,5.7560715
131.77569,5.8286861
131.99004,6.1522637
132.20456,7.0248433
132.41925,7.0032878
132.63412,6.9817149
132.84917,6.9601244
133.06439,6.4836145
133.27978,6.2580675
133.49535,6.4560324
133.71109,5.9951563
133.927,5.6519098
134.14309,5.3870772
134.35936,5.3732074
134.5758,4.7632418
134.79241,4.6552194
135.00919,4.9393364
135.22615,4.4783379
135.44329,4.6055572
135.6606,5.0543276
135.87808,5.5422963
136.09574,5.8027964
136.31357,5.427985
136.53158,4.8649207
136.74976,4.5606626
136.96811,5.9505045
137.18664,6.1246427
137.40534,5.6164105
137.62422,4.8179647
137.84327,4.9214622
138.06249,5.3465109
138.28189,4.744091
138.50147,3.6396929
138.72121,1.3352774
138.94114,1.9014325
139.16123,3.1107074
139.3815,1.6297688
139.60195,0.5331264
139.82257,0.26783906
140.04336,3.3437107
140.26433,6.0509374
140.48547,5.8326564
140.70678,3.5359266
140.92827,1.3332969
141.14993,5.3894732
141.37177,5.3672007
141.59378,4.4037343
141.81597,2.0363287
142.03833,2.9708665
142.26087,3.8740142
142.48358,4.6202817
142.70646,4.6214337
142.92952,3.9637447
143.15275,4.8668225
143.37615,4.81302
143.59973,5.0650824
143.82349,4.9249705
144.04741,4.7456254
144.27152,4.3466549
144.49579,4.6378631
144.72024,3.9251321
144.94487,2.2163053
145.16967,4.3427551
145.39464,4.6338933
145.61979,4.7446218
145.84511,4.3769015
146.07061,3.9542618
146.29628,4.6845457
146.52212,4.5599102
146.74814,4.3097669
146.97433,2.2321553
147.2007,1.6682516
147.42724,4.225899
147.65395,4.5090192
147.88084,3.4744748
148.10791,-0.68165567
148.33515,0.048470853
148.56256,3.1236779
148.79014,2.7949459
149.0179,-0.44360744
149.24584,-2.7017862
149.47395,-0.065864731
149.70223,2.5308235
149.93069,-0.56208199
150.15932,-4.541294
150.38812,-3.8068125
150.6171,-0.56255898
150.84626,0.86989783
151.07559,-2.309442
151.30509,-4.0143041
151.53476,-2.0172373
151.76461,-0.46726126
151.99464,-1.1526113
152.22484,-1.8458365
152.45521,-1.8018388
152.68576,0.75193094
152.91648,2.1762569
153.14738,1.1378058
153.37845,0.89932278
153.60969,2.1117882
153.84111,3.5673588
154.0727,3.4150544
154.30447,3.2313454
154.53641,4.2397614
154.76852,4.3383414
155.00081,4.295713
155.23328,4.2530527
155.46591,4.2103604
155.69872,4.0813616
155.93171,3.5758602
156.16487,3.587974
156.39821,4.0235852
156.63171,3.9179879
156.8654,3.5221626
157.09925,3.2674819
157.33328,3.3108083
157.56749,3.3854754
157.80187,3.4208948
158.03642,3.1739293
158.27115,2.9818337
158.50605,3.1661768
158.74113,3.3975468
158.97638,3.2916299
159.2118,3.1072497
159.4474,3.0483276
159.68318,3.1697658
159.91912,3.3696034
160.15524,3.3498012
160.39154,3.3064376
160.62801,3.263042
160.86465,3.2196145
161.10147,3.1604687
161.33846,2.764036
161.57563,2.5401205
161.81297,2.5985258
162.05049,3.0019973
162.28818,2.958378
162.52604,2.4362953
162.76408,2.2592787
163.00229,2.3959556
163.24067,2.7208359
163.47923,2.4025469
163.71797,2.0450103
163.95688,2.048226
164.19596,2.1298412
164.43522,2.3604439
164.67465,2.3086618
164.91425,1.5509654
165.15403,1.7187271
165.39398,1.9570452
165.63411,1.7639587
165.87441,1.5394677
166.11489,1.385533
166.35554,1.7099977
166.59637,2.1520775
166.83736,2.0686351
167.07854,0.77731766
167.31988,0.387929
167.5614,1.9906652
167.8031,1.9463107
168.04497,1.9019242
168.28701,0.40652529
168.52923,0.51893758
168.77162,1.3607297
169.01419,1.1044506
169.25693,0.50304149
169.49985,0.65454161
169.74293,1.5903235
169.9862,1.5456812
170.22963,1.0617913
170.47325,0.41316359
170.71703,0.64293525
170.96099,0.88836121
171.20513,0.50630423
171.44943,0.022254503
171.69392,0.20483947
171.93857,0.19131405
172.1834,0.12285469
172.42841,-0.91034251
172.67359,0.079957733
172.91894,0.12904954
173.16447,0.18595252
173.41017,-0.11011765
173.65605,0.023788918
173.9021,-0.038293639
174.14832,0.26049743
174.39472,0.6221229
174.64129,0.68579846
174.88804,0.67113196
175.13496,0.78204497
175.38206,1.04991
175.62932,1.7962958
175.87677,1.7270845
176.12439,1.5795312
176.37218,1.8399104
176.62014,2.1003789
176.86828,2.3295641
177.1166,2.2215837
177.36509,2.3568299
177.61375,2.5705968
177.86259,3.2001392
178.1116,3.3278102
178.36079,3.196747
178.61014,3.4187142
178.85968,2.6368492
179.10939,2.79625
179.35927,3.1204459
179.60933,2.919241
179.85956,2.8985175
180.10996,3.4504324
180.36054,3.6494954
180.61129,3.236883
180.86222,2.9812226
181.11332,3.6197692
181.3646,4.023111
181.61605,3.7677186
181.86767,3.4653567
182.11947,4.5748487
182.37144,5.5118811
182.62359,5.6411596
182.87591,5.7705275
183.12841,5.8999846
183.38108,6.0295311
183.63392,6.1591669
183.88694,6.2888919
184.14013,6.4187063
184.39349,6.54861
184.64703,6.678603
184.90075,6.7851559
185.15464,6.6329746
185.4087,6.5750002
185.66294,7.136723
185.91735,7.3299077
186.17193,7.4604365
186.42669,7.3322312
186.68163,7.2198014
186.93673,7.8525589
187.19202,7.983445
187.44747,8.0438322
187.7031,7.7199949
187.95891,7.7648744
188.21489,8.3510197
188.47104,8.403921
188.72737,8.3863233
188.98387,8.2903836
189.24054,8.0298273
189.49739,7.5654387
189.75442,7.759963
190.01162,7.6800667
190.26899,4.0159461
190.52654,2.2970128
190.78426,6.2644433
191.04215,6.0907867
191.30022,-2.161212
191.55846,-6.3817488
191.81688,-1.8727846
192.07547,2.1029356
192.33424,-2.8310588
192.59318,-5.9052627
192.85229,-1.6381633
193.11158,-0.18662328
193.37104,-6.021231
193.63068,-8.836104
193.89049,-4.7881051
194.15048,-0.94390091
194.41064,-3.6015307
194.67097,-6.5257003
194.93148,-5.0575862
195.19216,-1.0638551
195.45302,10.428042
195.71405,13.08085
195.97525,13.27104
196.23663,13.461357
196.49818,13.651801
196.75991,13.842371
197.02181,14.033069
197.28389,14.223893
197.54614,14.414844
197.80856,14.449059
198.07116,9.9422246
198.33393,10.51787
198.59688,2.4818772
198.86,-2.6990866
199.12329,5.0377234
199.38676,9.3707387
199.6504,2.8646652
199.91422,-1.4608894
200.17821,4.6058398
200.44238,10.194264
200.70672,14.912228
200.97123,16.908749
201.23592,17.101476
201.50078,17.294329
201.76582,17.487309
202.03103,17.680417
202.29642,17.873651
202.56198,18.067011
202.82771,18.260499
203.09362,18.454114
203.3597,18.647855
203.62595,18.841723
203.89238,19.035718
204.15899,19.22984
204.42577,19.424088
204.69272,19.618464
204.95985,19.812966
205.22715,20.007595
205.49462,20.202351
205.76227,20.318803
206.0301,20.592244
206.2981,19.571694
206.56627,10.143428
206.83461,7.5701904
207.10313,3.059825
207.37183,-3.9837469
207.6407,-6.3526821
207.90974,-7.3018827
208.17896,-9.2940937
208.44835,-10.878335
208.71791,-11.050684
208.98765,-10.509181
209.25757,-9.5518656
209.52766,-7.0571679
209.79792,-5.3780297
210.06836,-6.7497451
210.33897,-8.9919218
210.60975,-8.3712266
210.88071,-5.4523654
211.15184,-3.2627891
211.42315,-0.43779191
211.69463,5.7441949
211.96629,8.1616027
212.23812,3.1830588
212.51012,-2.5785562
212.7823,-0.59906821
213.05465,6.1646602
213.32718,6.1361584
213.59988,0.62523026
213.87276,-0.93283004
214.14581,1.0619775
214.41903,1.3233783
214.69243,1.7101959
214.966,3.6969402
215.23975,4.7189053
215.51367,2.9878558
215.78776,3.6096741
216.06203,6.8902426
216.33647,9.1746593
216.61109,8.5884144
216.88588,9.7119001
217.16085,13.384332
217.43598,15.652769
217.7113,16.627015
217.98679,17.969815
218.26245,19.485091
218.53829,20.153234
218.8143,20.727187
219.09048,21.465772
219.36684,21.765068
219.64337,21.327036
219.92008,20.928146
220.19696,21.321339
220.47402,21.134067
220.75125,21.16633
221.02865,21.331852
221.30623,21.29338
221.58398,21.176403
221.86191,20.149548
222.14001,20.730464
222.41828,20.825031
222.69673,20.707761
222.97536,19.210025
223.25415,17.037705
223.53313,19.822175
223.81227,19.281082
224.09159,19.461484
224.37109,19.58691
224.65076,19.476969
224.9306,19.563033
225.21061,19.515691
225.49081,19.201608
225.77117,19.060001
226.05171,19.067341
226.33242,19.074606
226.61331,19.03474
226.89437,18.939899
227.17561,18.821454
227.45702,18.702937
227.73861,18.584345
228.02036,18.465681
228.3023,18.237139
228.5844,9.1693086
228.86669,-1.7025171
229.14914,-7.5704946
229.43177,-14.928742
229.71457,-15.440003
229.99755,-11.959181
230.28071,-12.290197
230.56403,-11.625208
230.84753,-7.9093119
231.13121,-5.5425088
231.41506,-7.7247987
231.69908,-7.169907
231.98328,-1.0464612
232.26765,2.7474994
232.55219,4.8943279
232.83691,7.3626516
233.12181,10.058353
233.40688,11.303012
233.69212,10.665346
233.97754,7.3531966
234.26313,6.4959769
234.54889,4.0387844
234.83483,2.0678937
235.12095,3.0931088
235.40723,2.8320766
235.69369,1.7946012
235.98033,2.8277412
236.26714,6.2452223
236.55413,9.7568483
236.84128,13.582227
237.12862,14.301751
237.41612,10.135027
237.70381,6.2036252
237.99166,11.464407
238.27969,16.599726
238.56789,16.754681
238.85627,16.556721
239.14482,16.492122
239.43355,16.709903
239.72245,14.284575
240.01153,14.957312
240.30077,16.900666
240.5902,16.930321
240.87979,17.007062
241.16957,17.091674
241.45951,17.160626
241.74963,17.245293
242.03993,17.3143
242.33039,17.304903
242.62104,17.389651
242.91185,17.490113
243.20284,17.582758
243.49401,17.62053
243.78535,17.697544
244.07686,17.813801
244.36855,17.828124
244.66041,17.732671
244.95245,16.719599
245.24466,16.679102
245.53704,18.183731
245.8296,18.166818
246.12233,13.349933
246.41524,15.466408
246.70832,17.50448
247.00158,17.377872
247.295,15.580704
247.58861,18.583563
247.88239,18.629587
248.17634,18.675638
248.47046,18.721716
248.76476,18.767821
249.05924,18.813954
249.35389,18.860114
249.64871,18.906302
249.94371,18.952516
250.23888,18.975229
250.53422,19.037184
250.82974,19.091324
251.12544,19.137647
251.42131,19.183999
251.71735,18.022534
252.01356,15.668939
252.30996,14.405568
252.60652,13.808891
252.90326,14.106359
253.20017,13.854835
253.49726,11.63471
253.79452,12.167554
254.09196,13.390621
254.38957,12.033324
254.68735,10.974093
254.98531,15.34234
255.28344,17.741987
255.58175,16.643622
255.88023,15.85901
256.17888,16.494033
256.47771,14.57222
256.77672,14.234749
257.0759,17.442403
257.37525,18.101064
257.67477,16.610733
257.97447,16.140038
258.27435,18.069369
258.5744,16.061473
258.87462,10.006546
259.17502,16.735959
259.47559,18.743831
259.77633,16.492907
260.07725,8.4067164
260.37835,13.387219
260.67961,13.159907
260.98106,9.607131
261.28267,11.3485
261.58446,14.211465
261.88643,11.121517
262.18857,18.321791
262.49088,20.635819
262.79337,20.643991
263.09603,20.699249
263.39886,20.683947
263.70187,20.817691
264.00506,20.857345
264.30842,20.998988
264.61195,21.070069
264.91565,21.27451
265.21954,21.345646
265.52359,21.291319
265.82782,21.205647
266.13222,21.44157
266.4368,21.536344
266.74155,21.584087
267.04648,21.631857
267.35158,21.679655
267.65685,21.727479
267.9623,21.312586
268.26792,18.803603
268.57372,-0.12888305
268.87969,-16.175067
269.18584,-18.825145
269.49216,-18.612451
269.79865,-16.831102
270.10532,-10.618353
270.41216,-12.987084
270.71917,-13.528382
271.02637,-5.5363643
271.33373,-5.2541686
271.64127,-10.587677
271.94898,-8.5094385
272.25687,0.14133112
272.56493,-1.9922309
272.87316,-4.1728695
273.18157,-0.80058491
273.49016,-2.8322397
273.79892,-7.2246967
274.10785,-3.3818774
274.41696,2.6256298
274.72624,0.81351139
275.03569,0.20921822
275.34532,1.3931425
275.65512,-0.83471584
275.9651,-0.85867046
276.27525,9.972259
276.58558,16.042386
276.89608,10.19877
277.20675,6.8100383
277.5176,9.7271708
277.82862,11.546246
278.13982,14.322167
278.45119,16.580422
278.76273,18.124934
279.07445,19.222369
279.38635,19.119787
279.69841,18.2015
280.01066,14.789078
280.32307,16.113893
280.63566,17.046533
280.94843,12.198763
281.26137,14.23725
281.57448,20.769836
281.88777,19.286718
282.20123,13.983975
282.51486,19.034155
282.82867,18.743141
283.14265,16.671716
283.45681,20.521843
283.77114,20.552343
284.08565,20.676944
284.40033,20.644663
284.71519,20.596679
285.03021,20.485932
285.34542,20.547716
285.6608,20.491834
285.97635,20.388877
286.29207,20.450607
286.60797,20.418202
286.92405,20.283818
287.24029,20.306279
287.55672,20.297349
287.87331,20.202127
288.19008,18.475515
288.50703,9.9175124
288.82415,14.818315
289.14144,13.389689
289.45891,9.0277108
289.77655,11.865715
290.09437,10.62527
290.41236,6.2397092
290.73052,9.2972677
291.04886,15.194024
291.36737,11.686841
291.68606,12.846307
292.00492,18.954774
292.32395,19.337733
292.64316,19.218714
292.96255,19.758501
293.2821,19.223759
293.60184,18.798804
293.92174,19.667948
294.24182,19.635114
294.56208,19.586576
294.88251,19.498804
295.20311,19.536505
295.52389,19.276148
295.84484,19.376558
296.16596,19.437734
296.48726,19.177324
296.80874,15.481602
297.13038,19.197627
297.45221,18.301869
297.7742,11.131583
298.09637,12.447554
298.41872,15.755664
298.74124,10.12258
299.06393,10.39536
299.3868,13.201456
299.70984,9.3094945
300.03305,12.233202
300.35644,17.972577
300.68001,18.096248
301.00375,17.349313
301.32766,18.249419
301.65174,18.145586
301.97601,15.249578
302.30044,18.149631
302.62505,18.194763
302.94983,18.106545
303.27479,17.986936
303.59992,18.110446
303.92523,17.441782
304.25071,13.690747
304.57636,13.743615
304.90219,13.216074
305.22819,16.366946
305.55437,18.004075
305.88072,16.715695
306.20725,13.90573
306.53395,18.00555
306.86082,17.579862
307.18787,15.993372
307.51509,17.951962
307.84249,17.808573
308.17006,17.516147
308.4978,17.968802
308.82572,18.139085
309.15381,18.105429
309.48208,17.961951
309.81052,17.928259
310.13914,17.839648
310.46793,17.688273
310.79689,17.725116
311.12603,17.761941
311.45534,17.563454
311.78483,17.561027
312.11449,17.80172
312.44432,17.681611
312.77433,17.545798
313.10452,17.629574
313.43487,17.525098
313.7654,17.53825
314.09611,17.598444
314.42699,17.564502
314.75804,17.530542
315.08927,17.496564
315.42068,17.462569
315.75225,17.428555
316.084,17.394524
316.41593,17.360475
316.74803,16.675427
317.0803,15.370754
317.41275,8.6386121
317.74537,-9.6857046
318.07817,-18.370824
318.41114,-13.496296
318.74428,-11.947261
319.0776,-13.339405
319.41109,-14.786452
319.74476,-14.9786
320.0786,-15.602122
320.41262,-13.057019
320.74681,-11.272702
321.08117,-12.578583
321.41571,-10.613878
321.75042,-8.3903517
322.08531,-10.04918
322.42037,-6.4060501
322.7556,1.7625683
323.09101,-0.81391347
323.42659,-3.5080443
323.76235,0.94292087
324.09828,0.2174134
324.43439,0.12719801
324.77067,5.1820786
325.10712,2.7781337
325.44375,6.334971
325.78055,17.099649
326.11753,17.095698
326.45468,16.158412
326.792,17.025045
327.1295,17.083833
327.46718,17.079873
327.80502,17.075912
328.14305,16.930772
328.48124,17.036611
328.81961,17.009114
329.15816,16.91887
329.49687,16.765879
329.83577,16.950141
330.17483,16.804989
330.51407,16.746109
330.85349,16.757816
331.19308,16.698932
331.53284,8.7969089
331.87278,9.530178
332.21289,15.910504
332.55318,3.2869061
332.89364,-5.5798309
333.23427,-0.23480528
333.57508,-4.1682131
333.91607,-6.3996621
334.25722,-3.3840544
334.59855,-3.7096252
334.94006,2.6000961
335.28174,15.192168
335.62359,15.407768
335.96562,13.505718
336.30782,16.442882
336.6502,16.509456
336.99275,16.77995
337.33548,16.870049
337.67837,16.960146
338.02145,16.799261
338.36469,16.75602
338.70812,16.948072
339.05171,16.944043
339.39548,16.892954
339.73943,16.93598
340.08354,16.931945
340.42784,16.841634
340.7723,16.923869
341.11694,14.402181
341.46176,8.7510794
341.80675,7.241152
342.15191,4.2567127
342.49725,15.484036
342.84276,12.938809
343.18845,-1.6456368
343.53431,-4.7634176
343.88034,-4.5321808
344.22655,-4.9127107
344.57293,3.7420515
344.91949,1.910537
345.26622,-3.2778421
345.61313,3.5651492
345.96021,8.6199032
346.30746,6.5452433
346.65489,4.2274442
347.00249,4.709643
347.35027,15.348703
347.69822,16.842662
348.04634,16.83858
348.39464,16.834496
348.74311,16.469626
349.09176,15.602793
349.44058,5.6692914
349.78958,4.4651994
350.13875,7.3160073
350.48809,3.6099504
350.83761,3.9038915
351.1873,4.511556
351.53717,11.887846
351.88721,15.844526
352.23742,15.714929
352.58781,15.655919
352.93838,15.871417
353.28911,15.914363
353.64003,15.83966
353.99111,15.827701
354.34237,15.933386
354.69381,15.86652
355.04541,16.074162
355.3972,16.313175
355.74915,16.144342
356.10128,16.187272
356.45359,16.402749
356.80607,16.296656
357.15872,16.347423
357.51155,16.476619
357.86455,16.441108
358.21773,16.468339
358.57108,16.621059
358.9246,15.903188
359.2783,15.506884
359.63217,14.318421
359.98622,4.431917
360.34044,-9.9643932
360.69484,-11.89796
361.04941,-15.400157
361.40415,-14.081018
361.75907,-14.330537
362.11416,-16.219302
362.46943,-12.36692
362.82487,-12.373392
363.18048,-14.497541
363.53627,-12.025642
363.89224,-11.687106
364.24837,-8.6976201
364.60468,-0.48463456
364.96117,-0.11481638
365.31783,0.86673643
365.67466,6.9070827
366.03167,8.6336734
366.38885,15.254352
366.74621,15.192647
367.10374,15.09954
367.46145,15.069147
367.81933,14.936764
368.17738,14.561213
368.53561,10.97779
368.89401,13.731591
369.25259,7.3794793
369.61134,3.2861614
369.97026,5.6398722
370.32936,2.6131608
370.68863,10.143282
371.04808,13.54004
371.4077,9.5720618
371.76749,8.1373869
372.12746,9.1418977
372.48761,13.330692
372.84793,14.648868
373.20842,14.586622
373.56908,14.524346
373.92992,14.462039
374.29094,14.399703
374.65213,14.235376
375.01349,14.031803
375.37503,14.000749
375.73674,13.63241
376.09862,14.08757
376.46068,13.86819
376.82292,13.358585
377.18533,13.0764
377.54791,13.037322
377.91067,9.2491949
378.2736,8.0257434
378.6367,5.5081441
378.99998,12.025809
379.36343,12.998346
379.72706,10.261048
380.09086,5.5315639
380.45484,8.0020496
380.81899,6.3627012
381.18331,13.044891
381.54781,13.146659
381.91248,13.083691
382.27733,13.020693
382.64235,12.957665
383.00755,12.894607
383.37292,12.572695
383.73846,12.376243
384.10418,12.383683
384.47007,12.226387
384.83613,12.186708
385.20237,12.146999
385.56879,12.35824
385.93538,12.389058
386.30214,12.231612
386.66908,11.815312
387.03619,11.06957
387.40347,8.6061504
387.77093,2.2525051
388.13857,-3.4737193
388.50638,-3.9607581
388.87436,-3.5537093
389.24251,-5.225122
389.61084,-0.339702
389.97935,3.1103938
390.34803,5.0075183
390.71688,9.6340246
391.08591,9.7585399
391.45511,11.098712
391.82449,11.372186
392.19404,11.308376
392.56376,11.244536
392.93366,11.180666
393.30373,10.905001
393.67398,10.833227
394.0444,10.988874
394.41499,10.681746
394.78576,9.951059
395.1567,9.9968122
395.52782,9.7680254
395.89911,9.6490125
396.27058,9.5770284
396.64222,9.5363867
397.01403,9.7310091
397.38602,9.6510916
397.75819,9.3672224
398.13052,9.412735
398.50303,9.4503743
398.87572,9.2526894
399.24858,9.431445
399.62161,9.5866412
399.99482,9.4594543
400.3682,9.5910609
400.74176,9.6677354
401.11549,9.7679093
401.48939,9.7033472
401.86347,9.638755
402.23772,9.5741328
402.61215,9.5094805
402.98675,9.4447981
403.36153,9.1918503
403.73648,9.2839705
404.1116,8.9995901
404.4869,8.8328266
404.86237,8.6974056
405.23802,8.6090133
405.61384,8.8343164
405.98983,8.6752758
406.366,8.6652247
406.74235,8.6237709
407.11886,8.1979734
407.49556,8.4074398
407.87242,7.1815821
408.24946,2.0105963
408.62668,1.8513451
409.00406,0.94696579
409.38163,1.5876544
409.75936,4.8165483
410.13727,5.2061964
410.51536,3.2036576
410.89362,2.2363828
411.27205,2.3671171
411.65066,2.4978214
412.02944,4.1422211
412.4084,4.5709044
412.78753,6.4270086
413.16683,7.1458279
413.54631,4.0685386
413.92596,1.1010232
414.30579,0.72171299
414.68579,0.32668644
415.06597,3.4688847
415.44632,4.9326215
415.82684,3.7610342
416.20754,3.1227501
416.58841,6.0609065
416.96946,6.9362877
417.35068,6.8234035
417.73207,6.8830383
418.11364,6.8328391
418.49538,6.7669236
418.8773,6.7009779
419.25939,6.6350022
419.64166,6.5689964
420.0241,6.5029606
420.40671,6.4368946
420.7895,6.3707986
421.17246,6.3046725
421.5556,6.2385163
421.93891,6.109585
422.32239,5.8865059
422.70605,5.8516321
423.08989,5.6441791
423.47389,5.5151275
423.85808,5.3389869
424.24243,5.0294829
424.62696,5.0650469
425.01167,5.0456789
425.39654,5.2223592
425.7816,5.2421467
426.16682,5.2462178
426.55222,5.3679059
426.9378,5.3091718
427.32355,5.2425645
427.70947,4.4229859
428.09557,2.7720047
428.48184,-1.0593987
428.86829,-4.5378911
429.25491,-6.9811194
429.6417,-6.6557503
430.02867,-8.0480584
430.41582,-10.507063
430.80313,-10.511196
431.19062,-10.978104
431.57829,-9.4058267
431.96613,-6.6414224
432.35414,-7.1476364
432.74233,-6.1872139
433.13069,-3.8228998
433.51923,-1.9919492
433.90794,1.5409322
434.29682,2.6659403
434.68588,3.9320949
435.07512,3.9041017
435.46452,3.8368627
435.85411,3.8154849
436.24386,3.7940975
436.63379,3.7727006
437.0239,3.751294
437.41417,3.729878
437.80463,3.7084523
438.19525,3.6870171
438.58605,3.6655724
438.97703,3.6441181
439.36818,3.6226542
439.7595,3.6011808
440.151,3.5796978
440.54267,3.5582053
440.93452,3.5367032
441.32654,3.5151915
441.71873,3.4936703
442.1111,3.3701787
442.50364,3.4035404
442.89636,2.3153238
443.28925,-0.019961123
443.68232,-1.9630988
444.07556,-2.7846773
444.46897,-1.4729321
444.86256,-2.6710004
445.25632,-2.0651566
445.65026,-0.22010678
446.04437,1.9621884
446.43865,3.1327094
446.83311,3.2130247
447.22774,2.9639187
447.62255,2.879509
448.01753,3.0617564
448.41269,3.0949747
448.80802,3.1046539
449.20352,3.0672648
449.5992,3.0612387
449.99505,3.0395168
450.39108,3.0177853
450.78728,2.9097697
451.18365,2.825274
451.5802,2.8505726
451.97693,2.8523323
452.37382,2.7913373
452.77089,1.9930779
453.16814,1.139907
453.56556,2.4279029
453.96315,2.8217717
454.36092,2.7999446
454.75887,2.7702648
455.15698,2.42685
455.55527,2.0363668
455.95374,2.6968544
456.35238,2.6906658
456.75119,2.59035
457.15018,2.4900246
457.54934,1.4328269
457.94868,-0.016537161
458.34819,-0.86198924
458.74787,-1.8015685
459.14773,-0.29409855
459.54776,-1.0846773
459.94797,-1.6870304
460.34835,-0.093314587
460.74891,2.1670583
461.14964,2.4274217
461.55054,2.4054226
461.95162,2.3834139
462.35287,2.3613956
462.7543,2.3393678
463.1559,2.3173304
463.55767,2.2952835
463.95962,2.273227
464.36174,2.251161
464.76404,2.2290854
465.16651,2.2070002
465.56916,2.1849055
465.97198,1.9275071
466.37497,1.7485305
466.77814,1.7028777
467.18148,1.7748624
467.585,1.7527199
467.98869,1.6521365
468.39256,1.5358572
468.79659,1.568588
469.20081,1.6013092
469.6052,1.641864
470.00976,1.6039778
470.41449,1.5268664
470.8194,1.6771965
471.22449,1.7255562
471.62975,1.8523377
472.03518,1.83009
472.44079,1.8078328
472.84657,1.7071347
473.25252,0.68093679
473.65865,-0.99625106
474.06496,-2.47737
474.47143,-4.6330084
474.87809,-5.0788523
475.28491,-4.7403922
475.69191,-1.6214657
476.09909,-0.34568101
476.50644,-1.1169596
476.91396,-0.36667408
477.32166,0.014979512
477.72953,0.40447176
478.13757,1.335136
478.54579,1.5677565
478.95419,1.5572353
479.36275,1.5467096
479.7715,1.5361794
480.18041,1.5256447
480.5895,1.5151055
480.99877,1.5045619
481.40821,1.4940137
481.81782,1.4364023
482.22761,1.4023158
482.63757,1.4231267
483.04771,1.3105998
483.45802,1.3392449
483.8685,1.4306306
484.27916,1.4200511
484.68999,1.409467
485.101,1.3988785
485.51218,1.3882855
485.92353,1.377688
486.33506,1.367086
486.74677,1.3564795
487.15864,1.2988097
487.5707,1.0215276
487.98292,1.3246331
488.39532,1.3140087
488.8079,1.3033798
489.22064,1.1907856
489.63357,1.1879908
490.04666,1.2557798
490.45994,1.2608192
490.87338,1.2501679
491.287,1.239512
491.70079,1.2288517
492.11476,1.2181869
492.5289,1.2075176
492.94322,1.1968438
493.35771,1.1861655
493.77238,1.1754827
494.18722,1.1647955
494.60223,1.1541037
495.01742,1.1434075
495.43278,1.1327068
495.84831,1.1220016
496.26402,1.064233
496.67991,1.0456757
497.09596,0.87025117
497.5122,-0.011060224
497.9286,-0.17080748
498.34518,-1.0678141
498.76194,-1.8236488
499.17887,-1.8187036
499.59597,-0.22160607
500.01325,0.84999679
500.4307,0.24316379
500.84833,-0.39504625
501.26613,0.17458236
501.6841,0.38342217
502.10225,0.67068887
502.52057,0.055990293
502.93907,-0.1430265
503.35774,0.17559929
503.77659,0.13343627
504.1956,0.63244523
504.6148,0.76282226
505.03417,0.88535166
505.45371,0.87454324
505.87342,0.86373033
506.29331,0.85291293
506.71338,0.84209105
507.13362,0.83126468
507.55403,0.82043382
507.97462,0.80959848
508.39538,0.79875864
508.81631,0.78791432
509.23742,0.77706552
509.65871,0.76621222
510.08017,0.75535444
510.5018,0.74449217
510.92361,0.73362541
511.34559,0.72275416
511.76774,0.71187843
512.19007,0.70099821
512.61257,0.6901135
513.03525,0.67922431
513.4581,0.54284043
513.88113,0.42213834
514.30433,0.41123568
514.7277,0.086603041
515.15125,-0.83411251
515.57497,-1.6293424
515.99887,-2.5343806
516.42294,-1.4707959
516.84719,-0.32094118
517.2716,-0.8250856
517.6962,-0.67040739
518.12097,-0.20984772
518.54591,0.53306399
518.97102,0.57009245
519.39631,0.53653178
519.82178,0.49512708
520.24742,0.5635254
520.67323,0.5613346
521.09922,0.55914289
521.52538,0.55695029
521.95171,0.55475679
522.37822,0.5525624
522.80491,0.55036711
523.23176,0.54817093
523.6588,0.54597385
524.086,0.54377587
524.51338,0.54157699
524.94094,0.53937722
525.36867,0.53717656
525.79657,0.53497499
526.22465,0.53277253
526.6529,0.53056918
527.08132,0.52836493
527.50992,0.52615978
527.9387,0.52395374
528.36765,0.5217468
528.79677,0.51953896
529.22606,0.51733023
529.65553,0.5151206
530.08518,0.51291008
530.515,0.51069866
530.94499,0.50848634
531.37516,0.50627312
531.8055,0.50405902
532.23602,0.50184401
532.66671,0.49962811
533.09757,0.49741131
533.52861,0.49519362
533.95982,0.49297502
534.39121,0.49075554
534.82277,0.48853516
535.25451,0.48631388
535.68641,0.4840917
536.1185,0.48186863
536.55076,0.47964466
536.98319,0.4774198
537.41579,0.47519404
537.84857,0.47296738
538.28153,0.45505355
538.71466,0.42929569
539.14796,0.44275262
539.58144,0.42483611
540.01509,0.46182066
540.44891,0.31841215
540.88291,-0.14656588
541.31709,-0.68997617
541.75144,-0.31574031
542.18596,-0.16111318
542.62065,0.30723854
543.05552,0.4461776
543.49057,0.44393929
543.92579,0.44170009
544.36118,0.43945999
544.79675,0.437219
545.23249,0.43497711
545.66841,0.43273432
546.1045,0.43049063
546.54076,0.42824605
546.9772,0.42600058
547.41381,0.4237542
547.8506,0.42150693
548.28756,0.41925877
548.72469,0.41700971
549.162,0.41475975
549.59949,0.4125089
550.03714,0.41025715
550.47498,0.4080045
550.91298,0.40575096
551.35116,0.40349652
551.78952,0.40124119
552.22804,0.39898495
552.66675,0.39672783
553.10562,0.3944698
553.54468,0.39221088
553.9839,0.38995107
554.4233,0.38769036
554.86287,0.38542875
555.30262,0.38316624
555.74254,0.38090284
556.18264,0.37863855
556.62291,0.3450008
557.06335,0.27214648
557.50397,0.25419322
557.94477,0.29114103
558.38573,0.31240166
558.82688,0.35719081
559.26819,0.36276338
559.70968,0.36049191
560.15134,0.35821955
560.59318,0.35594629
561.03519,0.35367213
561.47738,0.35139708
561.91974,0.34912113
562.36228,0.34684429
562.80499,0.34456655
563.24787,0.34228792
563.69093,0.34000838
564.13416,0.33772795
564.57756,0.33544663
565.02114,0.33316441
565.4649,0.33088129
565.90883,0.32859728
566.35293,0.32631237
566.79721,0.32402656
567.24166,0.32173986
567.68628,0.31945226
568.13108,0.31716377
568.57606,0.31487438
569.0212,0.31258409
569.46652,0.31029291
569.91202,0.30800083
570.35769,0.30570786
570.80354,0.30341399
571.24955,0.30111922
571.69575,0.29882355
572.14211,0.29652699
572.58866,0.29422954
573.03537,0.29193119
573.48226,0.28963194
573.92932,0.28733179
574.37656,0.28503075
574.82397,0.28272881
575.27156,0.28042598
575.71932,0.27812225
576.16726,0.27581763
576.61536,0.2735121
577.06365,0.27120568
577.5121,0.26889837
577.96074,0.26659016
578.40954,0.26428105
578.85852,0.26197105
579.30768,0.25966015
579.757,0.25734836
580.20651,0.25503566
580.65618,0.25272208
581.10603,0.25040759
581.55606,0.24809221
582.00626,0.24577594
582.45663,0.24345876
582.90718,0.24114069
583.3579,0.23097859
583.8088,0.23650187
584.25987,0.23418111
584.71111,0.23185946
585.16253,0.22953691
585.61412,0.22721346
586.06589,0.22488912
586.51783,0.22256388
586.96995,0.22023775
587.42224,0.21791071
587.8747,0.21558279
588.32734,0.21325396
588.78015,0.21092425
589.23313,0.20859363
589.6863,0.20626212
590.13963,0.20392971
590.59314,0.20159641
591.04682,0.1992622
591.50068,0.19692711
591.95471,0.19459112
592.40892,0.19225423
592.86329,0.18991644
593.31785,0.18757776
593.77258,0.18523818
594.22748,0.18289771
594.68256,0.18055634
595.13781,0.17821407
595.59323,0.17587091
596.04883,0.17352685
596.5046,0.1711819
596.96055,0.16883605
597.41667,0.1664893
597.87297,0.16414165
598.32944,0.16179311
598.78608,0.15944368
599.2429,0.15709335
599.69989,0.15474212
600.15706,0.15238999
600.6144,0.15003697
601.07192,0.14768306
601.52961,0.14532824
601.98747,0.14297253
602.44551,0.14061593
602.90372,0.13825843
603.3621,0.13590003
603.82066,0.13354074
604.2794,0.13118054
604.73831,0.12881946
605.19739,0.12645748
605.65665,0.1240946
606.11608,0.12173082
606.57568,0.11936615
607.03546,0.11700058
607.49542,0.11463412
607.95554,0.11226676
608.41585,0.1098985
608.87632,0.10752935
609.33697,0.1051593
609.7978,0.10278836
610.2588,0.10041652
610.71997,0.09804378
611.18132,0.095670147
611.64284,0.093295617
612.10453,0.090920192
612.5664,0.08854387
613.02845,0.086166652
613.49067,0.083788537
613.95306,0.081409527
614.41563,0.07902962
614.87837,0.076648817
615.34128,0.074267118
615.80437,0.071884523
616.26763,0.069501032
616.73107,0.067116644
617.19468,0.06473136
617.65847,0.06234518
618.12243,0.059958104
618.58656,0.057570131
619.05087,0.055181262
619.51535,0.052791498
619.98001,0.050400836
620.44484,0.048009279
620.90985,0.045616826
621.37503,0.043223476
621.84038,0.04082923
622.30591,0.038434088
622.77161,0.03603805
623.23749,0.033641115
623.70354,0.031243284
624.16976,0.028844557
624.63616,0.026444934
625.10273,0.024044415
625.56948,0.013799862
626.0364,-0.098406371
626.5035,-0.038064481
626.97077,0.014433376
627.43821,0.012028376
627.90583,0.009622479
628.37362,0.0072156863
628.84159,0.0071592629
629.30973,0.0071028186
629.77804,0.0070463532
630.24653,0.0069898668
630.71519,0.0069333595
631.18403,0.0068768311
631.65304,0.0068202817
632.12223,0.0067637114
632.59159,0.00670712
633.06112,0.0066505076
633.53083,0.0065938742
634.00071,0.0065372199
634.47077,0.0064805445
634.941,0.0064238481
635.41141,0.0063671307
635.88199,0.0063103923
636.35274,0.0062536329
636.82367,0.0061968525
637.29477,0.0061400511
637.76604,0.0060832287
638.23749,0.0060263853
638.70912,0.0059695209
639.18092,0.0059126355
639.65289,0.0058557291
640.12504,0.0057988017
640.59736,0.0057418533
641.06985,0.0056848839
641.54252,0.0056278935
642.01537,0.0055708821
642.48838,0.0055138496
642.96158,0.0054567962
643.43494,0.0053997218
643.90848,0.0053426264
644.3822,0.00528551
644.85609,0.0052283725
645.33015,0.0051712141
645.80439,0.0051140347
646.2788,0.0050568342
646.75338,0.0049996128
647.22814,0.0049423703
647.70308,0.0048851069
648.17819,0.0048278225
648.65347,0.004770517
649.12892,0.0047131906
649.60456,0.0046558431
650.08036,0.0045984747
650.55634,0.0045410852
651.03249,0.0044836747
651.50882,0.0044262433
651.98532,0.0043687908
652.462,0.0043113174
652.93885,0.0042538229
653.41587,0.0041963074
653.89307,0.0041387709
654.37044,0.0040812135
654.84799,0.004023635
655.32571,0.0039660355
655.80361,0.003908415
656.28168,0.0038507736
656.75992,0.0037931111
657.23834,0.0037354276
657.71693,0.0036777231
658.19569,0.0036199976
658.67463,0.0035622511
659.15375,0.0035044836
659.63304,0.0034466951
660.1125,0.0033888856
660.59214,0.0033310551
661.07195,0.0032732036
661.55193,0.0032153311
662.03209,0.0031574376
662.51243,0.0030995231
662.99294,0.0030415876
663.47362,0.0029836311
663.95447,0.0029256536
664.43551,0.002867655
664.91671,0.0028096355
665.39809,0.002751595
665.87964,0.0026935335
666.36137,0.0026354509
666.84327,0.0025773474
667.32535,0.0025192229
667.8076,0.0024610774
668.29002,0.0024029108
668.77262,0.0023447233
669.25539,0.0022865147
669.73834,0.0022282852
670.22146,0.0021700347
670.70475,0.0021117631
671.18822,0.0020534706
671.67187,0.001995157
672.15568,0.0019368225
672.63968,0.0018784669
673.12384,0.0018200903
673.60818,0.0017616928
674.0927,0.0017032742
674.57738,0.0016448347
675.06225,0.0015863741
675.54728,0.0015278925
676.0325,0.00146939
676.51788,0.0014108664
677.00344,0.0013523218
677.48917,0.0012937562
677.97508,0.0012351697
678.46116,0.0011765621
678.94742,0.0011179335
679.43385,0.0010592839
679.92045,0.0010006133
680.40723,0.00094192173
680.89419,0.00088320914
681.38131,0.00082447554
681.86861,0.00076572095
682.35609,0.00070694535
682.84374,0.00064814875
683.33156,0.00058933114
683.81956,0.00053049254
684.30773,0.00047163293
684.79608,0.00041275232
685.2846,0.00035385071
685.7733,0.0002949281
686.26217,0.00023598448
686.75121,0.00017701987
687.24043,0.00011803425
687.72982,5.9027624e-005
688.21938,0
688.70912,-1.4266584e-014
689.19904,-1.4266584e-014
689.68913,1.4266584e-014
690.17939,1.4266584e-014
690.66983,1.4266584e-014
691.16044,1.4266584e-014
691.65122,-1.4266584e-014
692.14218,1.4266584e-014
692.63331,-1.4266584e-014
693.12462,-1.4266584e-014
693.6161,-1.4266584e-014
694.10776,-1.4266584e-014
694.59959,-1.4266584e-014
695.09159,-1.4266584e-014
695.58377,-1.4266584e-014
696.07613,-1.4266584e-014
696.56865,-1.4266584e-014
697.06135,-1.4266584e-014
697.55423,1.4266584e-014
698.04728,-1.4266584e-014
698.5405,-1.4266584e-014
699.0339,-1.4266584e-014
699.52747,-1.4266584e-014
700.02122,-1.4266584e-014
700.51514,-1.4266584e-014
701.00923,-1.4266584e-014
701.5035,-1.4266584e-014
701.99795,-1.4266584e-014
702.49256,-1.4266584e-014
702.98736,-1.4266584e-014
703.48232,1.4266584e-014
703.97746,-1.4266584e-014
704.47277,-1.4266584e-014
704.96826,1.4266584e-014
705.46393,-1.4266584e-014
705.95976,1.4266584e-014
706.45577,-1.4266584e-014
706.95196,-1.4266584e-014
707.44832,-1.4266584e-014
707.94485,-1.4266584e-014
708.44156,-1.4266584e-014
708.93844,-1.4266584e-014
709.4355,1.4266584e-014
709.93273,1.4266584e-014
710.43013,1.4266584e-014
710.92771,1.4266584e-014
711.42546,-1.4266584e-014
711.92339,-1.4266584e-014
712.42149,1.4266584e-014
712.91976,-1.4266584e-014
713.41821,0
713.91684,0
714.41563,0
714.91461,0
715.41375,-1.4266584e-014
715.91307,0
716.41257,0
716.91224,-1.4266584e-014
717.41208,0
717.9121,-1.4266584e-014
718.41229,-1.4266584e-014
718.91265,0
719.41319,0
719.91391,-1.4266584e-014
720.4148,-1.4266584e-014
720.91586,-1.4266584e-014
721.41709,0
721.9185,0
722.42009,-1.4266584e-014
722.92185,-1.4266584e-014
723.42378,-1.4266584e-014
723.92589,0
724.42817,-1.4266584e-014
724.93063,-1.4266584e-014
725.43326,0
725.93606,0
726.43904,-1.4266584e-014
726.94219,0
727.44552,0
727.94902,-1.4266584e-014
728.45269,0
728.95654,0
729.46057,0
729.96476,0
730.46914,0
730.97368,0
731.4784,0
731.9833,-1.4266584e-014
732.48837,-1.4266584e-014
732.99361,0
733.49902,-1.4266584e-014
734.00462,0
734.51038,-1.4266584e-014
735.01632,-1.4266584e-014
735.52243,-1.4266584e-014
736.02872,0
736.53518,0
737.04182,0
737.54863,0
738.05562,0
738.56277,-1.4266584e-014
739.07011,-1.4266584e-014
739.57762,-1.4266584e-014
740.0853,-1.4266584e-014
740.59315,-1.4266584e-014
741.10118,-1.4266584e-014
741.60939,-1.4266584e-014
742.11776,-1.4266584e-014
742.62632,1.4266584e-014
743.13504,-1.4266584e-014
743.64394,-1.4266584e-014
744.15302,-1.4266584e-014
744.66227,1.4266584e-014
745.17169,-1.4266584e-014
745.68129,1.4266584e-014
746.19106,-1.4266584e-014
746.70101,1.4266584e-014
747.21113,-1.4266584e-014
747.72142,-1.4266584e-014
748.23189,-1.4266584e-014
748.74253,-1.4266584e-014
749.25335,-1.4266584e-014
749.76434,-1.4266584e-014
750.2755,-1.4266584e-014
750.78684,-1.4266584e-014
751.29836,-1.4266584e-014
751.81005,-1.4266584e-014
752.32191,-1.4266584e-014
752.83394,-1.4266584e-014
753.34615,-1.4266584e-014
753.85854,1.4266584e-014
754.3711,-1.4266584e-014
754.88383,1.4266584e-014
755.39674,-1.4266584e-014
755.90982,-1.4266584e-014
756.42307,1.4266584e-014
756.9365,-1.4266584e-014
757.45011,-1.4266584e-014
757.96388,-1.4266584e-014
758.47784,-1.4266584e-014
758.99196,1.4266584e-014
759.50626,1.4266584e-014
760.02074,-1.4266584e-014
760.53539,-1.4266584e-014
761.05021,-1.4266584e-014
761.56521,1.4266584e-014
762.08038,1.4266584e-014
762.59573,1.4266584e-014
763.11125,-1.4266584e-014
763.62694,-1.4266584e-014
764.14281,0
764.65885,0
765.17507,1.4266584e-014
765.69146,0
766.20802,1.4266584e-014
766.72476,0
767.24168,0
767.75876,1.4266584e-014
768.27602,0
768.79346,0
769.31107,0
769.82886,0
770.34681,0
770.86495,0
771.38325,0
771.90173,0
772.42039,0
772.93922,0
773.45822,0
773.9774,0
774.49675,0
775.01628,0
775.53598,0
776.05585,0
776.5759,0
777.09613,0
777.61652,0
778.13709,0
778.65784,0
779.17876,0
779.69985,1.4266584e-014
780.22112,0
780.74256,0
781.26418,0
781.78597,0
782.30794,0
782.83008,0
783.35239,1.4266584e-014
783.87488,0
784.39754,0
784.92037,0
785.44338,0
785.96657,0
786.48993,0
787.01346,0
787.53717,0
788.06105,1.4266584e-014
788.5851,0
789.10933,1.4266584e-014
789.63373,0
790.15831,0
790.68306,0
791.20799,0
791.73309,0
792.25836,0
792.78381,-1.4266584e-014
793.30944,0
793.83523,0
794.3612,0
794.88735,0
795.41367,0
795.94016,0
796.46683,0
796.99367,0
797.52069,0
798.04788,0
798.57525,0
799.10278,0
799.6305,0
800.15838,0
800.68645,0
801.21468,0
801.74309,0
802.27168,0
802.80043,0
803.32937,0
803.85847,0
804.38775,0
804.91721,0
805.44684,0
805.97664,0
806.50662,0
807.03677,0
807.5671,0
808.0976,0
808.62827,0
809.15912,0
809.69014,0
810.22134,0
810.75271,0
811.28426,0
811.81597,0
812.34787,0
812.87994,0
813.41218,0
813.94459,0
814.47718,0
815.00995,0
815.54289,0
816.076,0
816.60929,1.4266584e-014
817.14275,1.4266584e-014
817.67638,-1.4266584e-014
818.21019,1.4266584e-014
818.74418,1.4266584e-014
819.27834,-1.4266584e-014
819.81267,1.4266584e-014
820.34718,1.4266584e-014
820.88186,1.4266584e-014
821.41671,-1.4266584e-014
821.95174,-1.4266584e-014
822.48694,-1.4266584e-014
823.02232,-1.4266584e-014
823.55787,1.4266584e-014
824.0936,1.4266584e-014
824.6295,-1.4266584e-014
825.16557,-1.4266584e-014
825.70182,1.4266584e-014
826.23824,1.4266584e-014
826.77484,-1.4266584e-014
827.31161,-1.4266584e-014
827.84856,1.4266584e-014
828.38567,1.4266584e-014
828.92297,1.4266584e-014
829.46044,1.4266584e-014
829.99808,1.4266584e-014
830.53589,1.4266584e-014
831.07388,-1.4266584e-014
831.61205,1.4266584e-014
832.15039,1.4266584e-014
832.6889,1.4266584e-014
833.22759,1.4266584e-014
833.76645,1.4266584e-014
834.30548,-1.4266584e-014
834.84469,1.4266584e-014
835.38408,-1.4266584e-014
835.92363,1.4266584e-014
836.46337,-1.4266584e-014
837.00327,1.4266584e-014
837.54335,1.4266584e-014
838.08361,1.4266584e-014
838.62404,-1.4266584e-014
839.16464,1.4266584e-014
839.70542,1.4266584e-014
840.24637,1.4266584e-014
840.78749,-1.4266584e-014
841.32879,1.4266584e-014
841.87027,-1.4266584e-014
842.41192,1.4266584e-014
842.95374,1.4266584e-014
843.49574,1.4266584e-014
844.03791,-1.4266584e-014
844.58025,1.4266584e-014
845.12277,1.4266584e-014
845.66546,-1.4266584e-014
846.20833,1.4266584e-014
846.75137,1.4266584e-014
847.29459,1.4266584e-014
847.83798,1.4266584e-014
848.38154,1.4266584e-014
848.92528,-1.4266584e-014
849.46919,-1.4266584e-014
850.01328,1.4266584e-014
850.55754,1.4266584e-014
851.10198,1.4266584e-014
851.64659,-1.4266584e-014
852.19137,-1.4266584e-014
852.73633,1.4266584e-014
853.28146,-1.4266584e-014
853.82677,1.4266584e-014
854.37225,1.4266584e-014
854.9179,1.4266584e-014
855.46373,1.4266584e-014
856.00973,1.4266584e-014
856.55591,-1.4266584e-014
857.10226,1.4266584e-014
857.64879,1.4266584e-014
858.19549,1.4266584e-014
858.74236,1.4266584e-014
859.28941,1.4266584e-014
859.83663,1.4266584e-014
860.38403,1.4266584e-014
860.9316,1.4266584e-014
861.47934,1.4266584e-014
862.02726,1.4266584e-014
862.57535,1.4266584e-014
863.12362,1.4266584e-014
863.67206,1.4266584e-014
864.22068,1.4266584e-014
864.76947,1.4266584e-014
865.31843,1.4266584e-014
865.86757,1.4266584e-014
866.41688,1.4266584e-014
866.96637,1.4266584e-014
867.51603,1.4266584e-014
868.06587,1.4266584e-014
868.61588,1.4266584e-014
869.16606,1.4266584e-014
869.71642,1.4266584e-014
870.26695,1.4266584e-014
870.81765,1.4266584e-014
871.36853,1.4266584e-014
871.91959,-1.4266584e-014
872.47082,-1.4266584e-014
873.02222,1.4266584e-014
873.5738,1.4266584e-014
874.12555,1.4266584e-014
874.67747,-1.4266584e-014
875.22957,1.4266584e-014
875.78185,1.4266584e-014
876.3343,1.4266584e-014
876.88692,-1.4266584e-014
877.43971,1.4266584e-014
877.99268,1.4266584e-014
878.54583,1.4266584e-014
879.09915,1.4266584e-014
879.65264,1.4266584e-014
880.20631,1.4266584e-014
880.76015,1.4266584e-014
881.31416,1.4266584e-014
881.86835,1.4266584e-014
882.42272,-1.4266584e-014
882.97726,1.4266584e-014
883.53197,1.4266584e-014
884.08686,1.4266584e-014
884.64192,1.4266584e-014
885.19715,1.4266584e-014
885.75256,1.4266584e-014
886.30814,1.4266584e-014
886.8639,1.4266584e-014
887.41983,1.4266584e-014
887.97594,1.4266584e-014
888.53222,1.4266584e-014
889.08867,-1.4266584e-014
889.6453,-1.4266584e-014
890.2021,1.4266584e-014
890.75908,1.4266584e-014
891.31623,1.4266584e-014
891.87356,1.4266584e-014
892.43106,1.4266584e-014
892.98873,-1.4266584e-014
893.54658,1.4266584e-014
894.1046,-1.4266584e-014
894.6628,1.4266584e-014
895.22117,1.4266584e-014
895.77971,1.4266584e-014
896.33843,1.4266584e-014
896.89732,-1.4266584e-014
897.45639,-1.4266584e-014
898.01563,1.4266584e-014
898.57505,1.4266584e-014
899.13463,1.4266584e-014
899.6944,1.4266584e-014
900.25434,-1.4266584e-014
900.81445,1.4266584e-014
901.37474,1.4266584e-014
901.9352,1.4266584e-014
902.49583,-1.4266584e-014
903.05664,-1.4266584e-014
903.61762,1.4266584e-014
904.17878,1.4266584e-014
904.74011,-1.4266584e-014
905.30162,1.4266584e-014
905.8633,-1.4266584e-014
906.42515,1.4266584e-014
906.98718,-1.4266584e-014
907.54938,1.4266584e-014
908.11176,1.4266584e-014
908.67431,-1.4266584e-014
909.23703,-1.4266584e-014
909.79993,-1.4266584e-014
910.36301,1.4266584e-014
910.92625,1.4266584e-014
911.48968,-1.4266584e-014
912.05327,1.4266584e-014
912.61704,-1.4266584e-014
913.18099,-1.4266584e-014
913.74511,1.4266584e-014
914.3094,-1.4266584e-014
914.87386,-1.4266584e-014
915.43851,-1.4266584e-014
916.00332,-1.4266584e-014
916.56831,1.4266584e-014
917.13347,1.4266584e-014
917.69881,-1.4266584e-014
918.26432,1.4266584e-014
918.83001,1.4266584e-014
919.39587,-1.4266584e-014
919.96191,-1.4266584e-014
920.52811,-1.4266584e-014
921.0945,-1.4266584e-014
921.66105,-1.4266584e-014
922.22779,-1.4266584e-014
922.79469,1.4266584e-014
923.36177,-1.4266584e-014
923.92902,-1.4266584e-014
924.49645,-1.4266584e-014
925.06406,-1.4266584e-014
925.63183,-1.4266584e-014
926.19978,-1.4266584e-014
926.76791,-1.4266584e-014
927.33621,-1.4266584e-014
927.90468,-1.4266584e-014
928.47333,-1.4266584e-014
929.04215,-1.4266584e-014
929.61114,1.4266584e-014
930.18031,-1.4266584e-014
930.74966,-1.4266584e-014
931.31918,-1.4266584e-014
931.88887,-1.4266584e-014
932.45874,-1.4266584e-014
933.02878,-1.4266584e-014
933.59899,-1.4266584e-014
934.16938,-1.4266584e-014
934.73995,1.4266584e-014
935.31068,-1.4266584e-014
935.88159,-1.4266584e-014
936.45268,-1.4266584e-014
937.02394,-1.4266584e-014
937.59538,1.4266584e-014
938.16698,-1.4266584e-014
938.73877,-1.4266584e-014
939.31072,1.4266584e-014
939.88286,1.4266584e-014
940.45516,1.4266584e-014
941.02764,-1.4266584e-014
941.60029,-1.4266584e-014
942.17312,-1.4266584e-014
942.74612,1.4266584e-014
943.3193,1.4266584e-014
943.89265,-1.4266584e-014
944.46618,1.4266584e-014
945.03987,-1.4266584e-014
945.61375,-1.4266584e-014
946.18779,-1.4266584e-014
946.76202,1.4266584e-014
947.33641,-1.4266584e-014
947.91098,1.4266584e-014
948.48573,1.4266584e-014
949.06064,-1.4266584e-014
949.63574,-1.4266584e-014
950.211,-1.4266584e-014
950.78644,1.4266584e-014
951.36206,1.4266584e-014
951.93785,-1.4266584e-014
952.51381,1.4266584e-014
953.08995,-1.4266584e-014
953.66626,1.4266584e-014
954.24275,-1.4266584e-014
954.81941,-1.4266584e-014
955.39624,-1.4266584e-014
955.97325,-1.4266584e-014
956.55043,-1.4266584e-014
957.12779,0
957.70532,0
958.28303,-1.4266584e-014
958.8609,-1.4266584e-014
959.43896,0
960.01719,-1.4266584e-014
960.59559,0
961.17416,0
961.75291,0
962.33184,0
962.91094,0
963.49021,0
964.06966,0
964.64928,0
965.22907,0
965.80904,0
966.38919,0
966.96951,0
967.55,0
968.13067,0
968.71151,0
969.29252,0
969.87371,0
970.45507,0
971.03661,0
971.61832,0
972.20021,0
972.78227,0
973.3645,0
973.94691,0
974.52949,0
975.11225,0
975.69518,0
976.27829,0
976.86156,0
977.44502,0
978.02865,0
978.61245,0
979.19642,0
979.78057,0
980.3649,0
980.9494,0
981.53407,0
982.11892,0
982.70394,0
983.28913,0
983.8745,0
984.46005,0
985.04576,0
985.63166,0
986.21772,0
986.80396,0
987.39038,0
987.97697,0
988.56373,0
989.15067,-1.4266584e-014
989.73778,0
990.32506,0
990.91252,0
991.50016,0
992.08797,0
992.67595,0
993.2641,0
993.85244,0
994.44094,0
995.02962,0
995.61847,0
996.2075,0
996.7967,-1.4266584e-014
997.38608,0
997.97563,-1.4266584e-014
998.56535,0
999.15525,0
999.74532,0
1000.3356,0
1000.926,-1.4266584e-014
1001.5166,0
1002.1074,0
1002.6983,0
1003.2894,0
1003.8807,-1.4266584e-014
1004.4722,0
1005.0638,0
1005.6556,0
1006.2476,-1.4266584e-014
1006.8398,-1.4266584e-014
1007.4321,0
1008.0246,0
1008.6173,0
1009.2102,0
1009.8032,0
1010.3964,0
1010.9898,0
1011.5834,0
1012.1771,0
1012.771,0
1013.3651,0
1013.9593,0
1014.5538,0
1015.1484,0
1015.7431,0
1016.3381,0
1016.9332,0
1017.5285,0
1018.124,0
1018.7196,0
1019.3154,0
1019.9114,0
1020.5076,0
1021.1039,0
1021.7005,0
1022.2972,0
1022.894,0
1023.4911,0
1024.0883,0
1024.6857,0
1025.2832,0
1025.881,0
1026.4789,0
1027.077,0
1027.6752,0
1028.2737,0
1028.8723,0
1029.471,0
1030.07,0
1030.6691,0
1031.2684,0
1031.8679,0
1032.4676,0
1033.0674,0
1033.6674,0
1034.2676,0
1034.8679,0
1035.4684,0
1036.0691,0
1036.67,0
1037.2711,0
1037.8723,-1.4266584e-014
1038.4737,0
1039.0752,-1.4266584e-014
1039.677,0
1040.2789,0
1040.881,0
1041.4833,0
1042.0857,0
1042.6883,0
1043.2911,0
1043.8941,3.0161466e-005
1044.4972,6.0331645e-005
1045.1005,9.0510537e-005
1045.704,0.00012069814
1046.3077,0.00015089446
1046.9115,0.00018109949
1047.5155,0.00021131324
1048.1197,0.0002415357
1048.724,0.00027176687
1049.3286,0.00030200675
1049.9333,0.00033225535
1050.5382,0.00036251267
1051.1432,0.00039277869
1051.7484,0.00042305343
1052.3538,0.00045333688
1052.9594,0.00048362905
1053.5652,0.00051392992
1054.1711,0.00054423951
1054.7772,0.00057455782
1055.3835,0.00060488484
1055.9899,0.00063522057
1056.5965,0.00066556501
1057.2033,0.00069591817
1057.8103,0.00072628004
1058.4174,0.00075665063
1059.0247,0.00078702993
1059.6322,0.00081741794
1060.2399,0.00084781466
1060.8477,0.0008782201
1061.4558,0.00090863425
1062.0639,0.00093905711
1062.6723,0.00096948869
1063.2808,0.00099992898
1063.8896,0.001030378
1064.4984,0.0010608357
1065.1075,0.0010913021
1065.7167,0.0011217773
1066.3261,0.0011522611
1066.9357,0.0011827537
1067.5455,0.001213255
1068.1554,0.001243765
1068.7655,0.0012742837
1069.3758,0.0013048111
1069.9862,0.0013353473
1070.5969,0.0013658921
1071.2077,0.0013964457
1071.8186,0.0014270079
1072.4298,0.0014575789
1073.0411,0.0014881586
1073.6526,0.0015187471
1074.2643,0.0015493442
1074.8761,0.00157995
1075.4882,0.0016105646
1076.1004,0.0016411879
1076.7127,0.0016718198
1077.3253,0.0017024605
1077.938,0.0017331099
1078.5509,0.0017637681
1079.1639,0.0017944349
1079.7772,0.0018251105
1080.3906,0.0018557947
1081.0042,0.0018864877
1081.6179,0.0019171894
1082.2319,0.0019478998
1082.846,0.0019786189
1083.4603,0.0020093467
1084.0747,0.0020400833
1084.6894,0.0020708285
1085.3042,0.0021015825
1085.9192,0.0021323452
1086.5343,0.0021631166
1087.1496,0.0021938967
1087.7651,0.0022246855
1088.3808,0.002255483
1088.9967,0.0022862893
1089.6127,0.0023171043
1090.2289,0.0023479279
1090.8453,0.0023787603
1091.4618,0.0024096014
1092.0786,0.0024404512
1092.6954,0.0024713098
1093.3125,0.002502177
1093.9298,0.002533053
1094.5472,0.0025639376
1095.1648,0.002594831
1095.7826,0.0026257331
1096.4005,0.0026566439
1097.0186,0.0026875634
1097.6369,0.0027184917
1098.2554,0.0027494286
1098.874,0.0027803743
1099.4928,0.0028113286
1100.1118,0.0028422917
1100.731,0.0028732635
1101.3503,0.0029042441
1101.9698,0.0029352333
1102.5895,0.0029662312
1103.2094,0.0029972379
1103.8294,0.0030282532
1104.4496,0.0030592773
1105.07,0.0030903101
1105.6905,0.0031213516
1106.3113,0.0031524018
1106.9322,0.0031834608
1107.5532,0.0032145284
1108.1745,0.0032456048
1108.7959,0.0032766899
1109.4175,0.0033077836
1110.0393,0.0033388861
1110.6613,0.0033699974
1111.2834,0.0034011173
1111.9057,0.0034322459
1112.5281,0.0034633833
1113.1508,0.0034945293
1113.7736,0.0035256841
1114.3966,0.0035568476
1115.0198,0.0035880198
1115.6431,0.0036192007
1116.2666,0.0036503904
1116.8903,0.0036815887
1117.5142,0.0037127958
1118.1382,0.0037440116
1118.7624,0.003775236
1119.3868,0.0038064692
1120.0114,0.0038377112
1120.6361,0.0038689618
1121.261,0.0039002211
1121.8861,0.0039314892
1122.5114,0.0039627659
1123.1368,0.0039940514
1123.7624,0.0040253456
1124.3882,0.0040566485
1125.0142,0.0040879601
1125.6403,0.0041192805
1126.2666,0.0041506095
1126.8931,0.0041819473
1127.5197,0.0042132937
1128.1466,0.0042446489
1128.7736,0.0042760128
1129.4007,0.0043073854
1130.0281,0.0043387668
1130.6556,0.0043701568
1131.2833,0.0044015556
1131.9112,0.004432963
1132.5392,0.0044643792
1133.1674,0.0044958041
1133.7958,0.0045272377
1134.4244,0.00455868
1135.0531,0.0045901311
1135.6821,0.0046215908
1136.3111,0.0046530593
1136.9404,0.0046845364
1137.5698,0.0047160223
1138.1995,0.0047475169
1138.8293,0.0047790202
1139.4592,0.0048105322
1140.0893,0.004842053
1140.7197,0.0048735824
1141.3501,0.0049051206
1141.9808,0.0049366675
1142.6116,0.0049682231
1143.2426,0.0049997874
1143.8738,0.0050313604
1144.5052,0.0050629421
1145.1367,0.0050945326
1145.7684,0.0051261317
1146.4003,0.0051577396
1147.0323,0.0051893562
1147.6646,0.0052209815
1148.297,0.0052526155
1148.9295,0.0052842582
1149.5623,0.0053159096
1150.1952,0.0053475698
1150.8283,0.0053792387
1151.4616,0.0054109162
1152.095,0.0054426025
1152.7286,0.0054742975
1153.3624,0.0055060012
1153.9964,0.0055377137
1154.6306,0.0055694348
1155.2649,0.0056011647
1155.8994,0.0056329032
1156.534,0.0056646505
1157.1689,0.0056964065
1157.8039,0.0057281712
1158.4391,0.0057599447
1159.0744,0.0057917268
1159.71,0.0058235176
1160.3457,0.0058553172
1160.9816,0.0058871255
1161.6176,0.0059189425
1162.2538,0.0059507682
1162.8903,0.0059826026
1163.5268,0.0060144457
1164.1636,0.0060462976
1164.8005,0.0060781581
1165.4376,0.0061100274
1166.0749,0.0061419054
1166.7124,0.0061737921
1167.35,0.0062056875
1167.9878,0.0062375916
1168.6258,0.0062695044
1169.2639,0.006301426
1169.9022,0.0063333562
1170.5407,0.0063652952
1171.1794,0.0063972429
1171.8182,0.0064291993
1172.4573,0.0064611644
1173.0965,0.0064931383
1173.7358,0.0065251208
1174.3754,0.0065571121
1175.0151,0.006589112
1175.655,0.0066211207
1176.295,0.0066531381
1176.9353,0.0066851642
1177.5757,0.006717199
1178.2163,0.0067492426
1178.857,0.0067812948
1179.498,0.0068133558
1180.1391,0.0068454254
1180.7804,0.0068775038
1181.4218,0.0069095909
1182.0635,0.0069416868
1182.7053,0.0069737913
1183.3472,0.0070059045
1183.9894,0.0070380265
1184.6317,0.0070701571
1185.2742,0.0071022965
1185.9169,0.0071344446
1186.5598,0.0071666014
1187.2028,0.0071987669
1187.846,0.0072309412
1188.4894,0.0072631241
1189.1329,0.0072953158
1189.7766,0.0073275162
1190.4205,0.0073597253
1191.0646,0.0073919431
1191.7088,0.0074241696
1192.3533,0.0074564048
1192.9979,0.0074886487
1193.6426,0.0075209014
1194.2876,0.0075531628
1194.9327,0.0075854328
1195.578,0.0076177116
1196.2234,0.0076499991
1196.8691,0.0076822954
1197.5149,0.0077146003
1198.1609,0.0077469139
1198.807,0.0077792363
1199.4534,0.0078115674
1200.0999,0.0078439072
1200.7466,0.0078762557
1201.3934,0.0079086129
1202.0405,0.0079409788
1202.6877,0.0079733534
1203.335,0.0080057368
1203.9826,0.0080381289
1204.6303,0.0080705296
1205.2782,0.0081029391
1205.9263,0.0081353573
1206.5746,0.0081677842
1207.223,0.0082002199
1207.8716,0.0082326642
1208.5204,0.0082651173
1209.1693,0.0082975791
1209.8184,0.0083300495
1210.4677,0.0083625287
1211.1172,0.0083950167
1211.7668,0.0084275133
1212.4167,0.0084600186
1213.0667,0.0084925327
1213.7168,0.0085250554
1214.3672,0.0085575869
1215.0177,0.0085901271
1215.6684,0.008622676
1216.3192,0.0086552336
1216.9703,0.0086878
1217.6215,0.008720375
1218.2729,0.0087529588
1218.9244,0.0087855512
1219.5762,0.0088181524
1220.2281,0.0088507623
1220.8802,0.0088833809
1221.5324,0.0089160083
1222.1849,0.0089486443
1222.8375,0.0089812891
1223.4902,0.0090139425
1224.1432,0.0090466047
1224.7963,0.0090792756
1225.4496,0.0091119552
1226.1031,0.0091446435
1226.7568,0.0091773405
1227.4106,0.0092100463
1228.0646,0.0092427607
1228.7188,0.0092754839
1229.3731,0.0093082158
1230.0276,0.0093409564
1230.6823,0.0093737057
1231.3372,0.0094064637
1231.9922,0.0094392305
1232.6475,0.0094720059
1233.3029,0.0095047901
1233.9584,0.009537583
1234.6142,0.0095703845
1235.2701,0.0096031949
1235.9262,0.0096360139
1236.5824,0.0096688416
1237.2389,0.009701678
1237.8955,0.0097345232
1238.5523,-0.11572282
1239.2092,0.0098002397
1239.8664,0.009833111
1240.5237,0.009865991
1241.1812,0.0098988797
1241.8388,0.0099317771
1242.4967,0.0099646833
1243.1547,0.0099975981
1243.8128,0.010030522
1244.4712,0.010063454
1245.1297,0.010096395
1245.7884,0.010129345
1246.4473,0.010162303
1247.1064,0.01019527
1247.7656,0.010228246
1248.425,0.010261231
1249.0846,0.010294224
1249.7443,0.010327226
1250.4042,0.010360237
1251.0643,0.010393256
1251.7246,0.010426284
1252.385,0.010459321
1253.0457,0.010492367
1253.7064,0.010525421
1254.3674,0.010558484
1255.0286,0.010591556
1255.6899,0.010624636
1256.3514,0.010657725
1257.013,0.010690823
1257.6749,0.01072393
1258.3369,0.010757045
1258.9991,0.010790169
1259.6614,0.010823302
1260.324,0.010856443
1260.9867,0.010889593
1261.6496,0.010922752
1262.3126,0.010955919
1262.9758,0.010989096
1263.6392,0.011022281
1264.3028,0.011055474
1264.9666,0.011088677
1265.6305,0.011121888
1266.2946,0.011155108
1266.9589,0.011188336
1267.6233,0.011221574
1268.288,0.011254819
1268.9528,0.011288074
1269.6177,0.011321338
1270.2829,0.01135461
1270.9482,0.01138789
1271.6137,0.01142118
1272.2794,0.011454478
1272.9452,0.011487785
1273.6112,0.011521101
1274.2774,0.011554425
1274.9438,0.011587758
1275.6103,0.0116211
1276.2771,0.011654451
1276.9439,0.01168781
1277.611,0.011721178
1278.2783,0.011754555
1278.9457,0.01178794
1279.6132,0.011821334
1280.281,0.011854737
1280.9489,0.011888148
1281.6171,-0.066509804
1282.2853,-0.089989499
1282.9538,-0.08993977
1283.6224,-0.0036155172
1284.2912,0.012120513
1284.9602,0.012170281
1285.6294,0.012220063
1286.2987,0.012269857
1286.9682,0.012319664
1287.6379,0.012369485
1288.3077,0.012419318
1288.9778,0.012469164
1289.648,0.012519023
1290.3183,0.012568895
1290.9889,0.01261878
1291.6596,0.012668678
1292.3305,0.012718589
1293.0016,0.012768513
1293.6728,-0.010710962
1294.3442,0.0128684
1295.0158,0.012918363
1295.6876,-0.026247348
1296.3595,0.013018327
1297.0316,0.013068329
1297.7039,0.013118344
1298.3764,0.013168371
1299.049,0.013218412
1299.7218,0.013268466
1300.3948,0.013318532
1301.068,0.013368611
1301.7413,0.013418704
1302.4148,0.013468809
1303.0885,0.013518928
1303.7624,0.013569059
1304.4364,0.013619203
1305.1106,0.01366936
1305.785,0.01371953
1306.4595,0.013769714
1307.1343,0.01381991
1307.8092,0.013870119
1308.4843,0.013920341
1309.1595,0.013970576
1309.8349,0.014020824
1310.5105,0.014071084
1311.1863,0.014121358
1311.8622,0.014171645
1312.5384,0.014221945
1313.2147,0.014272258
1313.8911,0.014322583
1314.5678,0.014372922
1315.2446,-0.0091061384
1315.9216,-0.04827146
1316.5988,0.014524015
1317.2761,0.014574406
1317.9536,0.014624809
1318.6313,0.014675226
1319.3092,0.014725655
1319.9872,0.014776097
1320.6654,0.014826553
1321.3438,0.014877021
1322.0224,0.014927502
1322.7011,0.014977996
1323.38,0.015028503
1324.0591,0.015079023
1324.7384,0.015129556
1325.4178,0.015180102
1326.0974,0.015230661
1326.7772,0.015281233
1327.4571,0.015331818
1328.1372,-0.023833271
1328.8176,0.015433026
1329.498,-0.039418311
1330.1787,-0.055053949
1330.8595,-0.086375848
1331.5405,0.0077924617
1332.2217,0.015686275
1332.903,-0.03138502
1333.5845,-0.054926906
1334.2662,0.015648852
1334.9481,0.015636372
1335.6302,0.015623888
1336.3124,0.015611401
1336.9948,0.015598911
1337.6773,0.015586418
1338.3601,0.015573922
1339.043,0.015561422
1339.7261,0.015548919
1340.4093,0.015536413
1341.0928,0.015523904
1341.7764,0.015511392
1342.4602,0.015498876
1343.1441,0.015486357
1343.8283,0.015473835
1344.5126,0.01546131
1345.1971,-0.070825728
1345.8817,-0.015936298
1346.5666,0.015423716
1347.2516,0.015411178
1347.9367,0.015398637
1348.6221,0.015386093
1349.3076,0.015373545
1349.9933,0.015360995
1350.6792,-0.00033783359
1351.3652,-0.03172294
1352.0515,0.015323324
1352.7379,0.01531076
1353.4244,0.015298194
1354.1112,0.015285624
1354.7981,0.015273051
1355.4852,0.015260475
1356.1725,0.015247896
1356.8599,0.015235313
1357.5475,0.015222728
1358.2353,0.015210139
1358.9233,0.015197547
1359.6114,0.015184951
1360.2998,0.0073292157
1360.9882,-0.039742209
1361.6769,0.015147146
1362.3657,0.015134538
1363.0548,0.015121927
1363.7439,0.015109313
1364.4333,0.015096695
1365.1228,0.015084075
1365.8125,0.015071451
1366.5024,-0.086901961
1367.1925,-0.031714081
1367.8827,0.015630733
1368.5731,0.015916796
1369.2637,0.016202932
1369.9545,0.016489139
1370.6454,0.016775419
1371.3365,0.017061771
1372.0278,0.017348195
1372.7192,0.017634691
1373.4108,0.017921259
1374.1026,-0.060223473
1374.7946,-0.067779897
1375.4868,0.018781397
1376.1791,0.019068254
1376.8716,0.019355183
1377.5642,-0.011730364
1378.2571,0.019929258
1378.9501,0.020216404
1379.6433,-0.0030257897
1380.3367,-0.018424774
1381.0302,-0.025980549
1381.7239,-0.064908801
1382.4178,0.021653215
1383.1119,0.021940794
1383.8061,0.022228445
1384.5005,0.022516168
1385.1951,0.022803964
1385.8899,0.023091831
1386.5848,0.023379771
1387.2799,0.023667782
1387.9752,0.023955866
1388.6706,0.024244023
1389.3663,0.016689114
1390.0621,0.024820551
1390.7581,0.025108924
1391.4542,0.025397369
1392.1505,0.025685886
1392.847,0.025974475
1393.5437,0.026263137
1394.2406,-0.05972264
1394.9376,0.026840676
1395.6348,0.027129554
1396.3322,0.027418504
1397.0297,0.027707526
1397.7274,0.02799662
1398.4253,0.028285787
1399.1234,0.028575026
1399.8216,0.028864337
1400.5201,0.02915372
1401.2187,0.029443175
1401.9174,0.029732703
1402.6164,0.030022302
1403.3155,0.030311974
1404.0148,0.030601718
1404.7142,0.030891534
1405.4139,0.031181422
1406.1137,0.031471383
1406.8137,0.031761416
1407.5138,0.03205152
1408.2142,0.00096914847
1408.9147,0.0091025349
1409.6153,0.032922268
1410.3162,0.033212662
1411.0172,0.02565999
1411.7184,0.018107391
1412.4198,0.034084275
1413.1214,0.034374957
1413.8231,0.034665712
1414.525,0.034956538
1415.2271,0.035247437
1415.9293,0.035538408
1416.6318,0.035829451
1417.3344,0.036120566
1418.0371,0.036411754
1418.7401,0.036703014
1419.4432,0.036994345
1420.1465,0.037285749
1420.85,0.037577225
1421.5536,0.037868774
1422.2574,0.038160394
1422.9614,0.038452087
1423.6656,0.01521444
1424.3699,0.039035689
1425.0744,0.039327598
1425.7791,0.039619579
1426.484,0.039911633
1427.189,0.0088312095
1427.8942,0.040495956
1428.5996,0.040788226
1429.3052,0.041080569
1430.0109,0.041372983
1430.7168,0.04166547
1431.4229,0.041958028
1432.1292,0.042250659
1432.8356,0.042543362
1433.5422,0.042836138
1434.249,0.043128985
1434.9559,0.035578767
1435.6631,0.043714896
1436.3704,0.04400796
1437.0778,0.044301097
1437.7855,0.044594305
1438.4933,0.044887585
1439.2013,0.037337801
1439.9095,0.045474363
1440.6178,0.04576786
1441.3263,0.046061429
1442.035,0.04635507
1442.7439,0.046648784
1443.4529,0.046942569
1444.1622,0.047236427
1444.8716,0.047530357
1445.5811,0.04782436
1446.2909,0.048118434
1447.0008,0.048412581
1447.7109,0.048706799
1448.4211,0.04900109
1449.1316,0.049295453
1449.8422,0.049589888
1450.553,0.049884396
1451.2639,0.050178976
1451.9751,0.050473627
1452.6864,0.050768351
1453.3978,0.051063147
1454.1095,0.051358016
1454.8213,0.051652956
1455.5333,0.051947969
1456.2455,0.052243054
1456.9579,0.052538211
1457.6704,0.05283344
1458.3831,0.053128741
1459.096,0.053424115
1459.809,0.05371956
1460.5222,0.054015078
1461.2356,0.054310668
1461.9492,0.05460633
1462.663,0.054902065
1463.3769,0.055197871
1464.091,0.05549375
1464.8052,0.055789701
1465.5197,0.056085724
1466.2343,0.056381819
1466.9491,0.056677987
1467.6641,0.056974226
1468.3792,0.057270538
1469.0945,0.057566922
1469.81,0.057863378
1470.5257,0.058159906
1471.2415,0.058456507
1471.9575,0.058753179
1472.6737,0.059049924
1473.3901,0.059346741
1474.1066,0.05964363
1474.8233,0.059940592
1475.5402,0.060237625
1476.2572,0.060534731
1476.9745,0.060831909
1477.6919,0.061129159
1478.4095,0.061426481
1479.1272,0.061723875
1479.8451,0.062021342
1480.5632,0.06231888
1481.2815,0.062616491
1482,0.062914174
1482.7186,0.06321193
1483.4374,0.063509757
1484.1564,0.063807657
1484.8755,0.064105628
1485.5948,0.064403672
1486.3143,0.064701788
1487.034,0.064999977
1487.7538,0.065298237
1488.4739,0.06559657
1489.194,0.065894974
1489.9144,0.066193451
1490.6349,0.066492001
1491.3557,0.066790622
1492.0765,0.067089315
1492.7976,0.067388081
1493.5188,0.067686919
1494.2403,0.067985829
1494.9618,0.068284811
1495.6836,0.068583865
1496.4055,0.068882992
1497.1276,0.069182191
1497.8499,0.069481461
1498.5724,0.069780804
1499.295,0.07008022
1500.0178,0.070379707
1500.7408,0.070679267
1501.4639,0.070978898
1502.1873,0.071278602
1502.9108,0.071578378
1503.6345,0.071878227
1504.3583,0.072178147
1505.0823,0.07247814
1505.8065,0.072778204
1506.5309,0.073078341
1507.2554,0.073378551
1507.9802,0.073678832
1508.7051,0.073979185
1509.4301,0.074279611
1510.1554,0.074580109
1510.8808,0.035664993
1511.6064,0.075181321
1512.3321,0.075482035
1513.0581,0.075782822
1513.7842,0.076083681
1514.5105,0.076384611
1515.2369,0.076685614
1515.9636,0.07698669
1516.6904,0.077287837
1517.4174,0.077589057
1518.1445,0.077890348
1518.8719,0.078191712
1519.5994,0.078493148
1520.3271,0.078794657
1521.0549,0.079096237
1521.7829,0.07939789
1522.5111,0.079699614
1523.2395,0.080001411
1523.9681,0.08030328
1524.6968,0.080605222
1525.4257,0.080907235
1526.1548,0.081209321
1526.884,0.081511479
1527.6135,0.081813709
1528.3431,0.082116011
1529.0728,0.082418385
1529.8028,0.082720832
1530.5329,0.08302335
1531.2632,0.083325941
1531.9937,0.083628604
1532.7243,0.083931339
1533.4551,0.084234147
1534.1861,0.084537026
1534.9173,0.084839978
1535.6486,0.085143002
1536.3801,0.085446098
1537.1118,0.085749266
1537.8437,0.086052507
1538.5757,0.086355819
1539.3079,0.086659204
1540.0403,0.086962661
1540.7729,0.08726619
1541.5056,0.087569791
1542.2385,0.087873465
1542.9716,0.08817721
1543.7048,0.088481028
1544.4383,0.088784918
1545.1719,0.08908888
1545.9057,0.089392915
1546.6396,0.089697021
1547.3737,0.0900012
1548.108,0.090305451
1548.8425,0.090609774
1549.5772,0.090914169
1550.312,0.091218636
1551.047,0.091523176
1551.7822,0.091827787
1552.5175,0.092132471
1553.253,0.092437227
1553.9887,0.092742056
1554.7246,0.093046956
1555.4606,0.093351929
1556.1968,0.093656973
1556.9332,0.09396209
1557.6698,0.094267279
1558.4065,0.094572541
1559.1434,0.094877874
1559.8805,0.09518328
1560.6178,0.095488757
1561.3552,0.095794307
1562.0928,0.09609993
1562.8306,0.096405624
1563.5686,0.09671139
1564.3067,0.097017229
1565.045,0.09732314
1565.7835,0.097629123
1566.5222,0.097935178
1567.261,0.098241305
1568,0.098547505
1568.7392,0.098853777
1569.4785,0.09916012
1570.2181,0.099466537
1570.9578,0.099773025
1571.6976,0.10007959
1572.4377,0.10038622
1573.1779,0.10069292
1573.9183,0.1009997
1574.6589,0.10130655
1575.3996,0.10161347
1576.1405,0.10192046
1576.8816,0.10222753
1577.6229,0.10253467
1578.3643,0.10284188
1579.106,0.10314916
1579.8478,0.10345651
1580.5897,0.10376394
1581.3319,0.10407144
1582.0742,0.10437901
1582.8167,0.10468665
1583.5593,0.10499437
1584.3022,0.10530215
1585.0452,0.10561001
1585.7883,0.10591795
1586.5317,0.10622595
1587.2752,0.10653403
1588.0189,0.10684217
1588.7628,0.10715039
1589.5069,0.10745869
1590.2511,0.10776705
1590.9955,0.10807549
1591.7401,0.108384
1592.4848,0.10869258
1593.2298,0.10900123
1593.9749,0.10930996
1594.7201,0.10961876
1595.4656,0.10992763
1596.2112,0.11023657
1596.957,0.11054558
1597.703,0.11085467
1598.4491,0.11116383
1599.1955,0.11147306
1599.9419,0.11178236
1600.6886,0.11209174
1601.4355,0.11240118
1602.1825,0.097024428
1602.9297,0.11302029
1603.677,0.11332996
1604.4246,0.11363969
1605.1723,0.066890679
1605.9202,0.11425938
1606.6682,0.11456934
1607.4165,0.11487936
1608.1649,0.11518946
1608.9135,0.11549963
1609.6622,0.11580987
1610.4112,0.11612018
1611.1603,0.11643057
1611.9095,0.077525338
1612.659,0.06999273
1613.4086,0.11736216
1614.1584,0.11767283
1614.9084,0.11798358
1615.6586,0.1182944
1616.4089,0.11860529
1617.1594,0.11891625
1617.9101,0.11922728
1618.6609,0.064636431
1619.4119,0.010045649
1620.1631,0.10447455
1620.9145,0.12047215
1621.666,0.12078354
1622.4178,0.12109501
1623.1697,0.12140655
1623.9217,0.12171816
1624.674,0.082814162
1625.4264,0.12234161
1626.179,0.12265343
1626.9317,0.12296534
1627.6847,0.12327731
1628.4378,0.12358935
1629.1911,0.12390147
1629.9445,0.12421366
1630.6982,0.12452592
1631.452,0.12483826
1632.206,0.11730753
1632.9601,0.12546314
1633.7145,0.047344322
1634.469,0.12608832
1635.2237,0.095028463
1635.9785,0.063968682
1636.7335,0.11918348
1637.4887,0.12733953
1638.2441,0.12765251
1638.9997,0.12796557
1639.7554,0.1282787
1640.5113,0.1285919
1641.2674,0.12890517
1642.0236,0.12921852
1642.78,0.12953193
1643.5366,0.12984542
1644.2934,0.13015898
1645.0504,0.13047262
1645.8075,0.13078632
1646.5648,0.1311001
1647.3222,0.13141395
1648.0799,0.13172787
1648.8377,0.13204187
1649.5957,0.1245128
1650.3538,0.13267007
1651.1122,0.13298428
1651.8707,0.086239742
1652.6294,0.11792665
1653.3882,0.13392735
1654.1473,0.13424185
1654.9065,0.13455642
1655.6659,0.13487106
1656.4254,0.13518578
1657.1852,0.13550057
1657.9451,0.13581543
1658.7052,0.13613036
1659.4654,0.13644536
1660.2258,0.10538789
1660.9864,0.13707559
1661.7472,0.13739081
1662.5082,0.1377061
1663.2693,0.13802147
1664.0306,0.13833691
1664.7921,0.13865242
1665.5537,0.13112486
1666.3155,0.13928365
1667.0775,0.13959938
1667.8397,0.13991518
1668.6021,0.14023105
1669.3646,0.14054699
1670.1273,0.14086301
1670.8901,0.078433998
1671.6532,0.10227957
1672.4164,0.14181149
1673.1798,0.14212779
1673.9434,0.14244417
1674.7071,0.14276061
1675.471,0.14307713
1676.2351,0.14339373
1676.9994,0.14371039
1677.7638,0.13618399
1678.5284,0.14434394
1679.2932,0.14466082
1680.0581,0.10576209
1680.8233,0.074706563
1681.5886,-0.034780261
1682.3541,0.14592907
1683.1197,0.14624631
1683.8855,0.13872048
1684.6515,0.14688101
1685.4177,0.14719847
1686.1841,0.11614345
1686.9506,0.1478336
1687.7173,0.132465
1688.4842,-0.055452545
1689.2512,-0.00023276525
1690.0184,0.14910473
1690.7858,0.14157956
1691.5534,0.14974073
1692.3212,0.1422157
1693.0891,0.15037702
1693.8572,0.15069527
1694.6254,0.1510136
1695.3939,0.151332
1696.1625,0.15165047
1696.9313,0.12843959
1697.7002,0.15228762
1698.4694,0.15260631
1699.2387,0.12939565
1700.0082,0.12971448
1700.7778,0.13787652
1701.5477,0.15388177
1702.3177,0.15420082
1703.0879,0.15451993
1703.8582,0.029348929
1704.6288,0.09241329
1705.3995,0.045673802
1706.1704,0.11658144
1706.9414,0.077685237
1707.7126,-0.0004265836
1708.484,-0.031479509
1709.2556,0.0080558734
1710.0274,0.047591328
1710.7993,0.14987195
1711.5714,0.158035
1712.3437,0.15051185
1713.1161,0.048871122
1713.8887,0.088406937
1714.6615,0.15931537
1715.4345,0.15963565
1716.2076,0.15995599
1716.981,0.15243327
1717.7545,0.10569494
1718.5281,0.1060155
1719.302,0.14555182
1720.076,0.1615588
1720.8502,0.16187958
1721.6245,0.15435729
1722.3991,0.13899194
1723.1738,0.16284235
1723.9487,0.14747714
1724.7237,0.1085826
1725.499,0.16380577
1726.2744,0.12491137
1727.05,0.16444841
1727.8257,0.16476984
1728.6017,0.16509134
1729.3778,0.13404036
1730.154,-0.038187015
1730.9305,-0.084924122
1731.7071,0.087946687
1732.4839,0.080425411
1733.2609,0.16702185
1734.0381,0.13597131
1734.8154,0.018646329
1735.5929,0.026811617
1736.3706,0.1447809
1737.1484,0.1686326
1737.9264,0.16895497
1738.7046,0.067316624
1739.483,-0.026478512
1740.2615,0.067961718
1741.0403,0.12318633
1741.8191,0.076450237
1742.5982,0.068929899
1743.3775,0.084939046
1744.1569,0.14016395
1744.9365,0.11695755
1745.7162,0.10159437
1746.4962,0.0077998811
1747.2763,0.086554486
1748.0566,0.14962289
1748.837,0.071514893
1749.6177,0.087524617
1750.3985,0.087848138
1751.1795,0.11170114
1751.9606,0.13555422
1752.7419,0.16725051
1753.5234,0.12051549
1754.3051,0.13652565
1755.087,0.1368496
1755.869,0.035212846
1756.6512,0.074752631
1757.4336,0.10644935
1758.2161,0.15383242
1758.9989,0.16984301
1759.7818,0.17801053
1760.5648,0.15480558
1761.3481,0.10807129
1762.1315,0.13976844
1762.9151,0.1165637
1763.6989,0.13257473
1764.4828,0.17995837
1765.2669,0.18028326
1766.0512,0.14139254
1766.8357,0.094658754
1767.6203,0.102827
1768.4052,-0.13214194
1769.1901,0.025046062
1769.9753,0.0096851132
1770.7606,0.10412816
1771.5462,0.13582618
1772.3318,0.073406621
1773.1177,0.097261647
1773.9037,0.13680302
1774.6899,0.035167994
1775.4763,0.051180099
1776.2629,0.090721688
1777.0496,0.043988839
1777.8365,-0.010587074
1778.6236,0.036797869
1779.4109,0.18614367
1780.1983,0.045293461
1780.9859,0.17110999
1781.7737,0.077318754
1782.5616,0.014900137
1783.3497,-0.047518409
1784.138,0.023396451
1784.9265,-0.15666901
1785.7152,-0.093597142
1786.504,0.12633754
1787.293,0.087448769
1788.0822,-0.029871304
1788.8715,-0.060916795
1789.661,0.072743668
1790.4507,-0.091635013
1791.2406,-0.020719503
1792.0306,0.042352941
1792.8208,0.10379225
1793.6112,0.212297
1794.4018,0.21100446
1795.1925,0.25677738
1795.9834,0.23196868
1796.7745,0.10520583
1797.5658,0.30001824
1798.3572,0.094837269
1799.1488,0.11711391
1799.9406,0.28841678
1800.7326,0.17737335
1801.5247,0.35653261
1802.317,0.39452204
1803.1095,0.51094946
1803.9021,0.53326587
1804.695,0.63402028
1805.488,0.67987935
1806.2811,0.70221564
1807.0745,0.76377424
1807.868,0.78612379
1808.6617,0.73004859
1809.4556,0.57201923
1810.2496,0.73556513
1811.0439,0.62460785
1811.8383,0.75679445
1812.6328,0.92036023
1813.4276,0.81726598
1814.2225,0.87888423
1815.0176,1.0346268
1815.8128,1.0570426
1816.6083,1.1029944
1817.4039,1.094051
1818.1997,1.0615847
1818.9957,1.084027
1819.7918,1.2476525
1820.5881,1.2230492
1821.3846,1.1984526
1822.1813,1.3228822
1822.9781,1.2982989
1823.7751,1.3129379
1824.5723,1.2962109
1825.3696,1.30302
1826.1672,1.4039533
1826.9649,1.3245012
1827.7628,1.3548595
1828.5608,1.4871853
1829.359,1.2116746
1830.1574,1.3596999
1830.956,1.343026
1831.7548,1.3185155
1832.5537,1.1685215
1833.3528,1.3793184
1834.1521,1.5587494
1834.9515,1.7695596
1835.7511,1.7372392
1836.5509,1.7755136
1837.3509,1.6961476
1838.151,1.6716901
1838.9514,1.8276315
1839.7519,1.8894618
1840.5525,1.9356125
1841.3534,1.8327502
1842.1544,2.0514632
1842.9556,1.8074377
1843.7569,1.9555757
1844.5585,2.033132
1845.3602,1.820499
1846.1621,2.0078725
1846.9641,2.1246645
1847.7664,2.123816
1848.5688,2.2406212
1849.3713,2.3495899
1850.1741,2.2938593
1850.977,2.332253
1851.7801,2.2843789
1852.5834,2.3384721
1853.3869,2.165121
1854.1905,2.1564824
1854.9943,2.4851053
1855.7983,2.4137349
1856.6024,2.4051162
1857.4068,2.3886609
1858.2113,2.6310359
1859.0159,2.3636135
1859.8208,2.3001193
1860.6258,2.7856514
1861.431,2.7300136
1862.2364,2.5410492
1863.0419,2.5560129
1863.8476,2.5082381
1864.6535,2.8996857
1865.4596,2.9852575
1866.2658,2.5767183
1867.0722,2.8505387
1867.8788,3.0302481
1868.6856,3.0687876
1869.4925,3.0289024
1870.2996,2.9968669
1871.1069,2.9256224
1871.9144,2.8543845
1872.722,2.8066827
1873.5298,3.0334972
1874.3378,3.236789
1875.146,2.8518522
1875.9543,2.9375102
1876.7628,3.2035669
1877.5715,3.0304147
1878.3803,3.3043278
1879.1894,3.1311888
1879.9986,3.1227623
1880.8079,3.435911
1881.6175,3.3490664
1882.4272,3.2543853
1883.2371,3.2773578
1884.0472,3.2140625
1884.8574,3.4174404
1885.6679,3.3227858
1886.4785,3.4555888
1887.2892,3.5883984
1888.1002,3.6898421
1888.9113,3.6344296
1889.7226,3.7515729
1890.534,3.8373501
1891.3457,3.6407811
1892.1575,3.4991207
1892.9695,3.7809963
1893.7816,3.7726825
1894.594,3.7800615
1895.4065,3.5207805
1896.2192,3.7791532
1897.032,3.9747875
1897.8451,3.7704283
1898.6583,3.7150954
1899.4717,3.9107496
1900.2852,4.1848417
1901.099,4.1765875
1901.9129,4.1604968
1902.7269,4.1836284
1903.5412,4.1832372
1904.3556,3.9632448
1905.1702,4.1667885
1905.985,4.2056329
1906.7999,4.0013466
1907.6151,4.3147141
1908.4304,4.3300489
1909.2458,4.3375473
1910.0615,4.2901503
1910.8773,4.3447208
1911.6933,4.2032194
1912.5095,4.3519207
1913.3258,4.6810209
1914.1423,4.4846374
1914.959,4.4372802
1915.7759,4.4605178
1916.5929,4.6563111
1917.4102,4.7501503
1918.2275,4.3969372
1919.0451,4.5378485
1919.8628,4.4513153
1920.6808,4.5294947
1921.4988,4.6390533
1922.3171,4.8741086
1923.1355,4.7327001
1923.9541,4.5912981
1924.7729,4.5832361
1925.5919,4.763416
1926.411,4.6926222
1927.2303,5.1394821
1928.0498,5.2569368
1928.8694,5.139104
1929.6893,4.974219
1930.5093,5.1309093
1931.3294,5.3738807
1932.1498,5.4364666
1932.9703,5.3970984
1933.791,5.0989132
1934.6119,5.1693621
1935.4329,5.4358961
1936.2542,5.4436131
1937.0756,5.4513368
1937.8971,5.4355378
1938.7189,5.3020982
1939.5408,5.4274889
1940.3629,5.6783763
1941.1851,5.6939763
1942.0076,5.6546809
1942.8302,5.5212746
1943.653,5.8270905
1944.476,5.7721287
1945.2991,5.7642324
1946.1224,5.9445781
1946.9459,5.9131656
1947.7695,6.00725
1948.5934,5.9993802
1949.4174,5.9523013
1950.2416,5.9679742
1951.0659,5.9522812
1951.8905,5.6385555
1952.7152,6.0542483
1953.54,5.8503398
1954.3651,5.928791
1955.1903,6.2660722
1956.0157,6.0543405
1956.8413,6.0230076
1957.667,6.258348
1958.493,6.0858518
1959.3191,6.125127
1960.1453,6.2585265
1960.9718,6.3370306
1961.7984,6.0312277
1962.6252,6.0234705
1963.4522,6.298073
1964.2793,6.5334664
1965.1066,6.4472978
1965.9341,6.314077
1966.7618,6.3769412
1967.5896,6.5025572
1968.4176,6.2673955
1969.2458,6.5420443
1970.0742,6.714739
1970.9027,6.7148913
1971.7314,6.6836777
1972.5603,6.6446275
1973.3894,6.6526429
1974.2186,6.7155668
1975.048,6.6530071
1975.8776,6.8100619
1976.7074,6.9671233
1977.5373,6.9987012
1978.3674,6.9204818
1979.1977,6.9834454
1980.0281,7.0150432
1980.8588,6.8819417
1981.6896,6.9684546
1982.5205,6.9137978
1983.3517,6.9924808
1984.183,7.1260725
1985.0145,7.0086904
1985.8462,6.8834718
1986.678,7.0406128
1987.51,6.9938388
1988.3422,7.1274636
1989.1746,6.9081539
1990.0072,6.8378704
1990.8399,7.4656327
1991.6728,7.7247742
1992.5058,7.6466675
1993.3391,7.5136654
1994.1725,7.6394934
1995.0061,7.4751321
1995.8398,7.2872479
1996.6738,7.5150566
1997.5079,7.4369896
1998.3422,7.8295175
1999.1766,7.7357775
2000.0113,7.6655735
2000.8461,7.6816507
2001.6811,7.7683227
2002.5162,7.604021
2003.3515,7.5965886
2004.187,7.6911237
2005.0227,7.9346849
2005.8586,7.9978607
2006.6946,7.8100627
2007.5308,7.8418791
2008.3672,7.9286042
2009.2037,7.9918065
2010.0404,7.804035
2010.8773,7.9613681
2011.7144,8.1187079
2012.5517,8.0799759
2013.3891,8.0883094
2014.2267,8.0574337
2015.0644,7.9638197
2015.9024,7.9408004
2016.7405,8.043278
2017.5788,8.0124289
2018.4173,8.2874688
2019.2559,8.0762408
2020.0947,8.2258037
2020.9337,8.5008635
2021.7729,8.5798514
2022.6122,8.5176695
2023.4517,8.5339257
2024.2914,8.5188159
2025.1313,8.5664578
2025.9713,8.5905769
2026.8115,8.5990164
2027.6519,8.7094233
2028.4924,8.6786603
2029.3332,8.6792766
2030.1741,8.8053896
2031.0152,8.8373917
2031.8564,8.8694003
2032.6978,8.9014156
2033.5394,8.9961826
2034.3812,8.8948778
2035.2232,8.8955405
2036.0653,8.9432685
2036.9076,8.9439444
2037.7501,9.0152152
2038.5927,9.3296298
2039.4355,9.2048354
2040.2785,9.1898515
2041.1217,9.1435017
2041.965,8.9873546
2042.8085,9.3880768
2043.6522,9.4829234
2044.4961,9.1150315
2045.3401,9.2412638
2046.1844,9.2106401
2047.0287,9.3761014
2047.8733,9.2905889
2048.718,9.2364556
2049.5629,9.3391917
2050.408,9.1674246
2051.2533,9.2701739
2052.0987,9.5376358
2052.9443,9.789418
2053.7901,9.7588538
2054.6361,9.6263356
2055.4822,9.5016671
2056.3285,9.6672013
2057.175,9.8484284
2058.0216,9.7316229
2058.8685,9.6618828
2059.7155,9.6078357
2060.5626,9.7498736
2061.41,9.8370162
2062.2575,9.8927929
2063.1052,9.6819095
2063.9531,9.9494642
2064.8011,10.044476
2065.6493,10.014005
2066.4977,10.022756
2067.3463,10.188376
2068.195,10.055964
2069.044,9.8764998
2069.8931,9.9637086
2070.7423,10.231316
2071.5918,10.404813
2072.4414,10.146944
2073.2912,10.093003
2074.1411,10.399852
2074.9913,10.291023
2075.8416,10.370435
2076.6921,10.481226
2077.5427,10.388102
2078.3935,10.247927
2079.2446,10.507757
2080.0957,10.485242
2080.9471,10.219596
2081.7986,10.102976
2082.6503,10.182441
2083.5022,10.395246
2084.3543,10.63943
2085.2065,10.671857
2086.0589,10.782721
2086.9115,10.626925
2087.7642,10.643685
2088.6171,10.785941
2089.4702,11.124283
2090.3235,10.929298
2091.1769,10.467653
2092.0306,10.892289
2092.8844,10.885559
2093.7383,11.176875
2094.5925,11.083884
2095.4468,10.747762
2096.3013,11.329294
2097.1559,11.10299
2098.0108,10.962966
2098.8658,10.893538
2099.721,11.114312
2100.5763,11.123328
2101.4319,11.03039
2102.2876,11.204125
2103.1435,11.40924
2103.9995,11.300635
2104.8558,11.152822
2105.7122,10.887368
2106.5688,11.037607
2107.4255,11.548637
2108.2824,11.596928
2109.1395,11.213854
2109.9968,10.846472
2110.8543,11.075176
2111.7119,11.217611
2112.5697,11.132602
2113.4277,11.361326
2114.2858,11.433193
2115.1441,11.38742
2116.0026,11.161261
2116.8613,10.864521
2117.7202,11.469748
2118.5792,11.753413
2119.4384,11.895908
2120.2977,11.356057
2121.1573,11.224056
2122.017,11.358728
2122.8769,11.744387
2123.737,11.471229
2124.5972,11.652979
2125.4576,11.583756
2126.3182,11.232187
2127.179,11.429644
2128.0399,11.462401
2128.901,11.589283
2129.7623,11.700485
2130.6238,11.897969
2131.4854,11.828792
2132.3472,11.594916
2133.2092,11.980655
2134.0713,11.644831
2134.9337,11.77176
2135.7962,11.914381
2136.6588,11.406028
2137.5217,11.831015
2138.3847,12.059931
2139.2479,11.692775
2140.1113,12.000135
2140.9748,11.931031
2141.8386,12.112914
2142.7025,11.871275
2143.5665,11.613956
2144.4308,11.584094
2145.2952,11.609141
2146.1598,11.97145
2147.0246,11.886706
2147.8895,11.676479
2148.7546,11.748611
2149.6199,11.773691
2150.4854,11.312503
2151.351,11.361126
2152.2168,11.441128
2153.0828,11.356431
2153.949,11.922721
2154.8153,11.947841
2155.6818,11.32983
2156.5485,11.151042
2157.4154,11.819319
2158.2824,11.985642
2159.1496,12.638246
2160.017,11.94968
2160.8845,11.417983
2161.7523,12.211784
2162.6202,12.511473
2163.4882,12.183718
2164.3565,11.989303
2165.2249,12.453718
2166.0935,12.91814
2166.9623,12.613941
2167.8312,12.121513
2168.7004,12.09968
2169.5697,12.399423
2170.4391,12.181525
2171.3088,11.610692
2172.1786,11.612415
2173.0486,12.155321
2173.9188,12.227646
2174.7891,12.103898
2175.6596,11.588001
2176.5303,11.1976
2177.4012,11.803285
2178.2722,11.930544
2179.1434,11.80683
2180.0148,12.20077
2180.8864,12.265304
2181.7581,11.984747
2182.63,12.127726
2183.5021,12.607967
2184.3744,12.390175
2185.2468,12.478272
2186.1194,11.946768
2186.9922,12.207427
2187.8651,12.334759
2188.7383,12.179746
2189.6116,12.260033
2190.4851,11.987385
2191.3587,12.193175
2192.2325,12.783286
2193.1065,12.228306
2193.9807,11.924312
2194.8551,12.279149
2195.7296,12.8536
2196.6043,12.988842
2197.4791,11.94762
2198.3542,11.133855
2199.2294,11.849509
2200.1048,12.251444
2200.9804,11.986719
2201.8561,12.341609
2202.732,12.539642
2203.6081,12.298467
2204.4844,11.704357
2205.3608,12.820057
2206.2374,12.163215
2207.1142,11.647556
2207.9912,11.657394
2208.8683,11.59665
2209.7456,12.500619
2210.6231,13.028124
2211.5008,12.818381
2212.3786,11.189036
2213.2566,11.700874
2214.1348,11.467622
2215.0131,11.838297
2215.8917,12.03643
2216.7704,12.109079
2217.6493,12.315068
2218.5283,12.481848
2219.4075,11.966282
2220.2869,12.101703
2221.1665,12.543013
2222.0463,12.333349
2222.9262,11.708006
2223.8063,11.741492
2224.6865,12.520084
2225.567,12.890838
2226.4476,12.155717
2227.3284,11.891191
2228.2094,13.04628
2229.0905,12.742551
2229.9718,11.811378
2230.8533,11.688055
2231.735,11.996111
2232.6168,12.861037
2233.4988,12.431851
2234.381,13.014437
2235.2634,12.742128
2236.1459,12.854138
2237.0286,12.762234
2237.9115,12.270337
2238.7946,12.350995
2239.6778,12.212052
2240.5612,11.798605
2241.4448,11.879283
2242.3285,11.74036
2243.2125,11.358306
2244.0966,11.823318
2244.9808,12.100101
2245.8653,11.937675
2246.7499,12.496824
2247.6347,12.93049
2248.5197,12.470044
2249.4048,11.789998
2250.2902,12.019761
2251.1757,11.873061
2252.0613,11.577348
2252.9472,12.811054
2253.8332,12.295746
2254.7194,11.960837
2255.6058,12.480837
2256.4923,12.310647
2257.379,11.771837
2258.2659,11.766366
2259.153,11.933451
2260.0402,10.916229
2260.9276,10.526465
2261.8152,10.29357
2262.703,10.727348
2263.5909,10.894466
2264.479,10.645905
2265.3673,10.954213
2266.2558,11.411547
2267.1444,11.382613
2268.0332,10.341921
2268.9222,10.21104
2269.8113,10.597813
2270.7007,10.819886
2271.5902,10.72824
2272.4798,11.169934
2273.3697,10.968498
2274.2597,10.900402
2275.1499,11.334273
2276.0403,10.975994
2276.9308,10.994192
2277.8216,11.577102
2278.7125,11.265902
2279.6035,11.072355
2280.4948,10.549403
2281.3862,10.010771
2282.2778,10.287833
2283.1695,10.455097
2284.0615,10.489034
2284.9536,10.55435
2285.8459,10.698105
2286.7384,10.575199
2287.631,10.358183
2288.5238,10.596075
2289.4168,11.084954
2290.31,11.973839
2291.2033,11.027438
2292.0968,9.994768
2292.9905,11.315046
2293.8843,11.513762
2294.7784,10.818367
2295.6726,11.064155
2296.567,10.306029
2297.4615,9.4459478
2298.3562,10.115285
2299.2511,10.384629
2300.1462,10.685353
2301.0415,10.186083
2301.9369,10.31427
2302.8325,10.434621
2303.7283,11.103998
2304.6242,11.091029
2305.5203,10.717282
2306.4166,10.320013
2307.3131,9.7737304
2308.2098,10.701964
2309.1066,10.89295
2310.0036,10.864334
2310.9007,9.8082744
2311.7981,9.9208486
2312.6956,10.292253
2313.5933,10.55386
2314.4911,9.5997872
2315.3892,10.159447
2316.2874,10.193623
2317.1858,10.463099
2318.0843,10.112975
2318.9831,11.198151
2319.882,11.35
2320.7811,10.317543
2321.6803,9.9439153
2322.5798,10.582059
2323.4794,10.624131
2324.3791,10.681896
2325.2791,10.151433
2326.1792,10.028819
2327.0795,9.2317015
2327.98,10.034591
2328.8807,10.31984
2329.7815,10.409017
2330.6825,9.7766327
2331.5837,9.3560193
2332.485,9.70404
2333.3865,10.475597
2334.2882,10.517748
2335.1901,10.089318
2336.0921,9.6530518
2336.9944,9.6324782
2337.8967,9.0236759
2338.7993,9.4031156
2339.7021,9.2335423
2340.605,9.7149559
2341.5081,9.0904939
2342.4113,8.7091757
2343.3148,9.0102171
2344.2184,9.813226
2345.1222,9.0868296
2346.0261,9.5290674
2346.9303,10.308567
2347.8346,8.6959157
2348.739,8.4479773
2349.6437,9.941222
2350.5485,10.077611
2351.4535,9.029692
2352.3587,9.6523683
2353.2641,8.8946591
2354.1696,8.8428388
2355.0753,9.1596527
2355.9812,8.7705908
2356.8872,9.3305551
2357.7935,8.9258202
2358.6999,8.2779547
2359.6064,8.7124488
2360.5132,8.6136161
2361.4201,9.2834175
2362.3272,8.7453824
2363.2345,8.1367657
2364.1419,8.3438419
2365.0495,7.8764149
2365.9573,8.4835044
2366.8653,8.4239338
2367.7734,8.3486835
2368.6817,7.9989301
2369.5902,7.6099677
2370.4989,6.8680707
2371.4077,7.0673567
2372.3167,6.7019436
2373.2259,7.8267331
2374.1353,8.1515293
2375.0448,8.3429987
2375.9545,7.7187885
2376.8644,7.784781
2377.7745,7.4821527
2378.6847,6.6697271
2379.5951,7.1200532
2380.5057,7.3743076
2381.4164,7.6913136
2382.3274,6.8946008
2383.2385,7.0704436
2384.1498,7.2698225
2385.0612,7.5633256
2385.9728,7.8254629
2386.8846,8.2130969
2387.7966,8.0360317
2388.7087,9.2158359
2389.6211,8.1603525
2390.5336,7.2695817
2391.4462,6.8886214
2392.3591,7.6370796
2393.2721,8.1580933
2394.1853,7.1732314
2395.0987,7.6864153
2396.0122,8.4113705
2396.9259,8.0226069
2397.8398,7.6495361
2398.7539,7.6058838
2399.6681,6.9583165
2400.5825,7.2519323
2401.4971,5.8828097
2402.4119,5.3842819
2403.3268,6.0230156
2404.2419,7.2421481
2405.1572,6.845601
2406.0726,5.7667076
2406.9883,5.9740953
2407.9041,6.777568
2408.8201,7.4320278
2409.7362,6.533553
2410.6525,6.8664574
2411.569,7.6699567
2412.4857,6.8264038
2413.4026,5.9279555
2414.3196,7.0608864
2415.2368,7.8330396
2416.1542,7.5150034
2417.0717,7.2440327
2417.9894,6.0240489
2418.9073,5.3452483
2419.8254,5.9448856
2420.7436,6.0817845
2421.6621,5.9598665
2422.5807,6.465406
2423.4994,5.5591875
2424.4184,6.1510149
2425.3375,6.4291234
2426.2568,5.8052777
2427.1762,4.8755563
2428.0959,4.4164298
2429.0157,5.965153
2429.9357,6.9883927
2430.8558,6.0194821
2431.7762,5.4035193
2432.6967,5.7601122
2433.6173,5.3794568
2434.5382,6.3007688
2435.4592,5.7475777
2436.3804,4.5041971
2437.3018,5.2686662
2438.2234,5.0135342
2439.1451,5.0642911
2440.067,5.6170154
2440.9891,5.0324915
2441.9113,4.949935
2442.8338,5.0242478
2443.7564,4.6201359
2444.6791,5.3768149
2445.6021,4.9884026
2446.5252,6.0274478
2447.4485,5.544931
2448.372,5.2428131
2449.2956,5.6544272
2450.2194,4.983695
2451.1434,3.8502244
2452.0676,4.3167604
2452.9919,3.7715383
2453.9164,3.3988718
2454.8411,4.3046434
2455.766,4.0731667
2456.691,4.0220887
2457.6162,4.0494488
2458.5416,4.1552468
2459.4672,3.8218358
2460.3929,3.9511766
2461.3188,4.0962102
2462.2449,4.3824269
2463.1712,4.0333562
2464.0976,3.1588019
2465.0242,4.1273914
2465.951,3.8332425
2466.8779,3.6018453
2467.8051,4.1312391
2468.7324,5.4057375
2469.6598,4.4057327
2470.5875,3.601813
2471.5153,4.7273117
2472.4433,5.1390915
2473.3715,4.00578
2474.2998,3.2018868
2475.2284,2.4372159
2476.157,2.4568654
2477.0859,3.8882862
2478.015,4.025596
2478.9442,3.05703
2479.8736,3.2806276
2480.8031,3.4963887
2481.7329,2.9984308
2482.6628,3.4416561
2483.5929,3.6417508
2484.5231,3.669303
2485.4536,2.5203914
2486.3842,2.6185451
2487.315,2.7872937
2488.2459,2.9482058
2489.1771,2.8346148
2490.1084,2.587697
2491.0399,2.8270604
2491.9715,2.6429009
2492.9033,2.6940423
2493.8354,3.0824451
2494.7675,1.7453644
2495.6999,2.1494668
2496.6324,2.3574974
2497.5651,1.7576915
2498.498,1.0559314
2499.431,1.7737858
2500.3643,2.3190977
2501.2977,1.8055928
2502.2312,2.3979769
2503.165,2.3786029
2504.0989,1.9357061
2505.033,1.8065414
2505.9673,1.9362069
2506.9017,3.7286241
2507.8363,3.9367343
2508.7711,2.4036745
2509.7061,1.0274842
2510.6412,1.7846338
2511.5765,2.086888
2512.512,2.0126784
2513.4477,2.0012204
2514.3835,2.899573
2515.3195,3.3587165
2516.2557,2.6178667
2517.1921,2.0495725
2518.1286,1.9597163
2519.0653,1.6502589
2520.0022,2.1878669
2520.9393,2.4431286
2521.8765,2.4082009
2522.8139,1.8399465
2523.7515,0.59718886
2524.6892,1.6211045
2525.6272,2.1273798
2526.5653,1.2062107
2527.5035,1.0772051
2528.442,-0.20473506
2529.3806,0.17607651
2530.3194,2.5255222
2531.2584,1.5024254
2532.1975,0.64404118
2533.1369,0.36605573
2534.0763,0.63709652
2535.016,1.3316733
2535.9559,1.4537078
2536.8959,0.59535668
2537.8361,-0.0041642574
2538.7764,0.43161555
2539.717,0.74975493
2540.6577,0.59731269
2541.5986,0.37428886
2542.5396,-0.48402247
2543.4809,-0.69918992
2544.4223,-0.45160564
2545.3639,0.41559311
2546.3056,0.63181809
2547.2476,1.2402066
2548.1897,0.41330756
2549.132,0.25308184
2550.0744,0.045803922
2551.017,-0.23456407
2551.9598,-0.09923237
2552.9028,0.1537598
2553.846,-0.30696012
2554.7893,-0.61864701
2555.7328,0.43438539
2556.6765,0.15409787
2557.6203,0.030686497
2558.5644,0.64454344
2559.5086,-0.82001757
2560.4529,-0.70025145
2561.3975,0.71364572
2562.3422,0.48834062
2563.2871,0.18461756
2564.2322,0.20247654
2565.1774,-0.03063146
2566.1228,0.12058767
2567.0684,0.63260453
2568.0142,-0.58869853
2568.9601,-0.82175289
2569.9062,0.38834341
2570.8525,0.037668816
2571.799,-0.22671786
2572.7456,0.5677324
2573.6924,0.61709804
2574.6394,0.69634103
2575.5866,0.46187022
2576.5339,0.6274111
2577.4814,0.51061074
2578.4291,-0.26500147
2579.377,-0.68766081
2580.325,-1.2436418
2581.2732,-0.38784638
2582.2216,-0.98301967
2583.1701,-0.67622048
2584.1188,-0.22823313
2585.0677,-0.11748899
2586.0168,0.74620801
2586.9661,-0.65674996
2587.9155,-0.7028335
2588.8651,-0.26263083
2589.8149,-0.19104393
2590.7648,-0.0096414124
2591.7149,-0.51842328
2592.6652,-0.39189935
2593.6157,0.07973432
2594.5663,-0.02901248
2595.5172,0.35637006
2596.4681,0.11431331
2597.4193,0.90756236
2598.3707,1.0890584
2599.3222,0.5882132
2600.2739,-0.13222817
2601.2257,-0.3193245
2602.1778,0.20731634
2603.13,0.16141985
2604.0823,-0.14328847
2605.0349,0.43044627
2605.9876,-0.10953279
2606.9405,0.43285278
2607.8936,0.5046618
2608.8469,-0.16861552
2609.8003,-0.37913605
2610.7539,-0.41709588
2611.7077,1.1214266
2612.6617,0.675647
2613.6158,-0.12306207
2614.5701,0.53706409
2615.5246,0.083476444
2616.4792,0.084802451
2617.434,0.97241466
2618.389,-0.39094184
2619.3442,-0.53860037
2620.2995,-0.35683544
2621.2551,-0.63780392
2622.2108,-0.52502697
2623.1666,0.92109385
2624.1227,0.79075464
2625.0789,0.11924951
2626.0353,0.12226473
2626.9918,-0.81588597
2627.9486,-0.88343789
2628.9055,-0.63725377
2629.8626,-0.4538042
2630.8198,0.59240102
2631.7773,-0.21236361
2632.7349,-0.13084318
2633.6927,-0.18264553
2634.6506,-0.47757459
2635.6088,-0.70190486
2636.5671,-0.49485204
2637.5256,-0.31131808
2638.4842,0.5624225
2639.443,-0.38343421
2640.402,-0.50575096
2641.3612,-0.68295912
2642.3206,-0.38956849
2643.2801,0.20971503
2644.2398,0.60508754
2645.1997,0.020078431
2646.1597,0.33803085
2647.12,0.14618865
2648.0804,-0.26525209
2649.0409,0.42135569
2650.0017,0.62169827
2650.9626,0.34361878
2651.9237,-0.075627875
2652.885,-0.094865224
2653.8464,-0.059191308
2654.808,0.58825662
2655.7698,0.1298315
2656.7318,0.11063137
2657.6939,0.099283682
2658.6562,0.017357065
2659.6187,0.20994956
2660.5814,0.19862979
2661.5442,0.26575069
2662.5072,0.31719463
2663.4704,0.82354983
2664.4338,0.88285552
2665.3973,0.455896
2666.361,0.4760046
2667.3249,0.76278919
2668.2889,0.41428895
2669.2532,0.40305293
2670.2176,1.3879046
2671.1822,1.0394323
2672.1469,0.6674399
2673.1118,0.55428031
2674.0769,0.26858101
2675.0422,0.86916552
2676.0077,-0.20867204
2676.9733,-0.14924539
2677.9391,0.2945043
2678.905,-0.26565829
2679.8712,0.39771785
2680.8375,-0.029092788
2681.804,-0.37746275
2682.7707,-1.2983724
2683.7375,-1.0663316
2684.7045,-0.67741876
2685.6717,-0.53163385
2686.6391,-0.33878082
2687.6066,0.058003094
2688.5743,-0.8942233
2689.5422,-1.2817345
2690.5103,0.10331262
2691.4785,0.24915335
2692.4469,-0.49911425
2693.4155,-0.33756863
2694.3843,-0.2551679
2695.3532,-0.047267794
2696.3223,-0.39622126
2697.2916,-0.44712634
2698.2611,-0.17645361
2699.2307,-0.46263446
2700.2005,-0.18410024
2701.1705,-0.15653725
2702.1406,1.0945643
2703.111,1.7495967
2704.0815,2.7732656
2705.0521,3.3498849
2706.023,3.3696507
2706.994,2.5815824
2707.9652,2.8523469
2708.9366,3.891748
2709.9081,4.2801779
2710.8798,3.4529307
2711.8517,2.6805946
2712.8238,1.8612089
2713.796,2.1947735
2714.7685,1.9557983
2715.741,1.7168322
2716.7138,1.3288558
2717.6867,1.372261
2718.6599,0.82744015
2719.6331,0.039491201
2720.6066,0.90645339
2721.5802,0.5420522
2722.5541,-0.42626138
2723.528,-0.18672265
2724.5022,-0.48835122
2725.4765,-0.53114708
2726.451,-0.22883572
2727.4257,-0.67945637
2728.4006,-0.94967568
2729.3756,0.20756516
2730.3508,0.50991322
2731.3262,0.45148613
2732.3017,-0.34418668
2733.2775,0.091522236
2734.2534,0.0095932671
2735.2294,0.17081073
2736.2057,0.59870403
2737.1821,0.72072416
2738.1587,0.12902796
2739.1355,-0.33716885
2740.1124,-0.63080748
2741.0895,-0.76757418
2742.0668,-0.27688073
2743.0443,-0.46068791
2744.0219,-0.35428983
2744.9998,0.34819585
2745.9778,0.69774953
2746.9559,-0.097785649
2747.9343,0.28315893
2748.9128,0.69548524
2749.8915,-0.14708124
2750.8703,-0.4955209
2751.8494,-0.22434354
2752.8286,0.56449005
2753.808,0.37294067
2754.7875,0.612773
2755.7672,0.71928118
2756.7472,0.14344559
2757.7272,-0.095125916
2758.7075,0.97611567
2759.6879,1.623837
2760.6685,0.68725382
2761.6493,0.55852293
2762.6302,1.159213
2763.6114,0.63834358
2764.5927,0.60375787
2765.5741,0.39663231
2766.5558,1.0052022
2767.5376,0.57064401
2768.5196,0.049820483
2769.5018,-0.56511151
2770.4841,-0.08199512
2771.4667,0.28348339
2772.4493,-0.22161716
2773.4322,-0.67180657
2774.4153,-0.44747701
2775.3985,0.01999899
2776.3819,-0.077221722
2777.3654,-1.1940411
2778.3492,-1.4324199
2779.3331,-0.16490724
2780.3172,0.53006562
2781.3014,0.52700843
2782.2859,-0.1740788
2783.2705,0.67778432
2784.2553,-0.093872793
2785.2402,-0.13610897
2786.2254,0.0020561906
2787.2107,-0.52643614
2788.1961,-0.34119381
2789.1818,-0.3441776
2790.1676,-1.2726424
2791.1536,-0.35011765
2792.1398,0.74854768
2793.1262,0.66290771
2794.1127,0.020413413
2795.0994,-0.42599403
2796.0863,-0.39396168
2797.0733,-0.424666
2798.0605,-0.055361897
2799.0479,-0.62722584
2800.0355,0.23621275
2801.0232,0.95064016
2802.0112,0.13566422
2802.9993,0.51285357
2803.9875,1.2273062
2804.976,0.40451244
2805.9646,0.63270745
2806.9534,0.4216952
2807.9423,0.19500509
2808.9315,-0.1806962
2809.9208,0.1102776
2810.9103,0.59733826
2811.8999,0.66087792
2812.8898,0.99109267
2813.8798,1.0624923
2814.87,0.66331215
2815.8603,0.67982668
2816.8509,0.42183983
2817.8416,1.0030771
2818.8324,1.1294208
2819.8235,1.1538122
2820.8147,2.8880159
2821.8061,3.9477182
2822.7977,3.0466446
2823.7895,3.2122461
2824.7814,3.7386404
2825.7735,4.1160235
2826.7658,4.7443954
2827.7582,5.8590502
2828.7508,7.805086
2829.7436,8.1746596
2830.7366,7.5716926
2831.7297,8.4667733
2832.7231,10.961862
2833.7166,11.872646
2834.7102,11.175595
2835.7041,9.6628664
2836.6981,8.9187735
2837.6923,9.0139047
2838.6866,10.489437
2839.6812,10.153212
2840.6759,8.8993489
2841.6708,8.4768667
2842.6658,7.7328243
2843.6611,6.9182021
2844.6565,4.8565295
2845.6521,4.5517281
2846.6478,4.3645822
2847.6437,4.8048957
2848.6399,3.9903156
2849.6361,3.8188812
2850.6326,3.6003964
2851.6292,3.1701553
2852.626,2.2928638
2853.623,1.9567572
2854.6202,2.1539924
2855.6175,2.2100595
2856.615,2.148488
2857.6127,1.2477092
2858.6105,0.84889967
2859.6085,1.0697064
2860.6067,0.82777638
2861.6051,1.1505607
2862.6036,1.504726
2863.6024,1.3334095
2864.6012,1.5856309
2865.6003,1.4143312
2866.5996,0.55284395
2867.599,0.24822783
2868.5986,0.57891425
2869.5983,1.3174522
2870.5983,1.4207045
2871.5984,0.95141619
2872.5987,0.089979439
2873.5991,0.36580601
2874.5998,1.1906606
2875.6006,1.6233668
2876.6016,0.98157155
2877.6027,0.39468671
2878.604,0.2705554
2879.6055,0.84447172
2880.6072,1.0340827
2881.6091,1.3648786
2882.6111,1.3741144
2883.6133,0.37159378
2884.6157,0.96908163
2885.6182,1.4959897
2886.621,0.91702376
2887.6239,0.55767413
2888.6269,0.63754861
2889.6302,1.4154707
2890.6336,1.1345777
2891.6372,0.76741866
2892.641,0.13360134
2893.6449,0.80959636
2894.649,1.0150116
2895.6533,0.56161167
2896.6578,0.39841628
2897.6624,0.2352293
2898.6673,-0.33579239
2899.6723,-0.059746827
2900.6774,0.22415029
2901.6828,-0.63704221
2902.6883,-0.27469687
2903.694,0.095500023
2904.6998,0.32452887
2905.7058,0.64768379
2906.7121,-0.45660385
2907.7184,0.53323458
2908.725,1.3975912
2909.7317,0.22274062
2910.7386,0.29495726
2911.7457,0.33580977
2912.753,-0.39979988
2913.7604,-0.35893053
2914.768,-0.61609196
2915.7758,0.020872671
2916.7837,0.030394746
2917.7919,-0.39929044
2918.8002,0.080836714
2919.8086,-0.52138065
2920.8173,-0.51966802
2921.8261,-0.57284893
2922.8351,0.10339035
2923.8443,-0.5772247
2924.8536,-0.77155681
2925.8631,0.50078617
2926.8728,0.46333364
2927.8827,0.18275229
2928.8927,0.2472774
2929.9029,0.64906583
2930.9133,0.68223523
2931.9239,0.10364835
2932.9346,0.29369735
2933.9455,0.78179398
2934.9566,1.6228402
2935.9679,1.1462478
2936.9793,0.17554618
2937.9909,0.44406865
2939.0027,0.67338387
2940.0147,0.54192319
2941.0268,0.018314079
2942.0391,0.48294868
2943.0516,0.56327798
2944.0643,0.13381178
2945.0771,-0.24074404
2946.0901,0.2552968
2947.1033,0.38271861
2948.1166,0.65916845
2949.1301,1.1160189
2950.1438,0.6630738
2951.1577,0.5787646
2952.1718,0.97289519
2953.186,0.3552695
2954.2004,0.45137772
2955.2149,0.62592573
2956.2297,0.74558021
2957.2446,0.85739997
2958.2597,0.25550267
2959.275,0.15557457
2960.2904,-0.65022745
2961.306,-0.4756289
2962.3218,-0.15984546
2963.3378,0.24222092
2964.3539,0.36978592
2965.3702,0.12088875
2966.3867,-0.74760784
2967.4034,-0.70774451
2968.4202,-0.49532666
2969.4372,-0.37702098
2970.4544,-0.29008236
2971.4718,-0.25019708
2972.4893,0.51910545
2973.507,0.22958994
2974.5249,0.31655051
2975.5429,-0.5141305
2976.5612,-0.19970798
2977.5796,-0.36371135
2978.5981,-0.99045434
2979.6169,-1.3191526
2980.6358,-1.1301983
2981.6549,-0.15692487
2982.6742,0.55753056
2983.6936,0.2445405
2984.7133,0.38645789
2985.7331,0.54406703
2986.753,0.082073824
2987.7732,-0.3799139
2988.7935,0.060064646
2989.814,-0.22936309
2990.8346,0.022391139
2991.8555,-0.063104052
2992.8765,0.87885722
2993.8977,0.71494163
2994.9191,-0.39014494
2995.9406,-0.30306917
2996.9623,-0.027752616
2997.9842,0.10639295
2999.0062,0.39740675
3000.0285,0.10019075
3001.0509,-0.07152958
3002.0735,0.35283401
3003.0962,0.1889678
3004.1192,0.33883256
3005.1423,-0.3112972
3006.1655,-0.30259793
3007.189,-0.18408926
3008.2126,-0.12832021
3009.2364,0.3823563
3010.2604,0.39892064
3011.2846,-0.19627423
3012.3089,0.039908926
3013.3334,0.40158777
3014.3581,0.73974268
3015.3829,0.52888348
3016.4079,0.36508858
3017.4331,0.51502466
3018.4585,0.0061427002
3019.484,0.30510936
3020.5098,0.7923168
3021.5356,1.3579611
3022.5617,1.6569442
3023.588,2.0500505
3024.6144,2.1059073
3025.641,2.4362794
3026.6677,3.4333237
3027.6947,3.7480205
3028.7218,3.0823307
3029.7491,2.9421365
3030.7765,3.6960655
3031.8042,3.9794117
3032.832,3.8470771
3033.8599,3.8559245
3034.8881,3.1118362
3035.9164,3.1285377
3036.9449,3.0824996
3037.9736,2.7541141
3039.0025,2.1512242
3040.0315,2.5444182
3041.0607,2.1925197
3042.0901,1.8563129
3043.1196,1.6769744
3044.1494,1.8427394
3045.1793,1.0281177
3046.2093,1.6095799
3047.2396,1.2655575
3048.27,-0.090224216
3049.3006,0.47556821
3050.3314,0.068817102
3051.3623,-0.48694813
3052.3934,-0.19564905
3053.4247,-0.053364089
3054.4562,0.80265185
3055.4878,0.0037713066
3056.5196,-0.53628022
3057.5516,-0.69985567
3058.5838,-0.90264132
3059.6161,-0.78385285
3060.6486,-0.23368635
3061.6813,0.026289552
3062.7142,-0.090199644
3063.7472,0.12272841
3064.7804,0.17879921
3065.8138,-0.85532059
3066.8474,-0.14825843
3067.8811,0.7235151
3068.915,0.96784314
3069.9491,-0.16844216
3070.9833,0.067827019
3072.0178,-0.095898358
3073.0524,0.46979348
3074.0871,0.97274566
3075.1221,0.024722905
3076.1572,-0.29584343
3077.1925,0.11300746
3078.228,0.24735398
3079.2636,0.64052949
3080.2995,-0.087858189
3081.3355,0.32885762
3082.3716,0.15734359
3083.408,0.18191343
3084.4445,0.080998529
3085.4812,0.69381456
3086.518,1.2909498
3087.5551,1.0096591
3088.5923,0.76758947
3089.6297,1.5843489
3090.6672,2.2991529
3091.705,1.9708252
3092.7429,1.8072088
3093.781,1.6671272
3094.8192,2.6250903
3095.8577,2.6732549
3096.8963,3.2076995
3097.9351,2.9813653
3098.974,2.8805266
3100.0132,4.4424385
3101.0525,4.8827873
3102.0919,4.9466709
3103.1316,6.2027168
3104.1714,5.6391603
3105.2114,6.7069818
3106.2516,7.5473578
3107.2919,9.7132294
3108.3325,10.083028
3109.3732,10.044989
3110.414,11.332446
3111.4551,11.85128
3112.4963,12.24463
3113.5377,12.677201
3114.5793,13.133307
3115.621,12.075693
3116.6629,11.567103
3117.705,10.548716
3118.7473,10.291118
3119.7897,9.2727412
3120.8324,9.8543699
3121.8751,9.4163962
3122.9181,8.63333
3123.9612,8.2188966
3125.0046,5.7417236
3126.048,5.4214187
3127.0917,5.2266096
3128.1355,4.7651392
3129.1795,3.7703409
3130.2237,3.4657441
3131.2681,4.0238979
3132.3126,2.9977434
3133.3573,3.5794375
3134.4022,3.4630978
3135.4472,2.3820577
3136.4925,2.6657289
3137.5379,1.9925429
3138.5835,1.0997544
3139.6292,1.9873635
3140.6751,1.784782
3141.7212,1.9351471
3142.7675,1.3168903
3143.8139,1.279031
3144.8606,1.7196086
3145.9074,1.5876425
3146.9543,1.7380349
3148.0015,1.2060798
3149.0488,1.0270713
3150.0963,1.2402251
3151.1439,0.96710982
3152.1918,0.63125492
3153.2398,0.16207213
3154.288,1.0340713
3155.3364,1.059017
3156.3849,1.0525957
3157.4336,0.52853271
3158.4825,0.55349481
3159.5315,0.96277609
3160.5808,1.1838275
3161.6302,0.95782556
3162.6798,1.069084
3163.7295,1.078387
3164.7795,1.0876955
3165.8296,1.3087742
3166.8798,1.969074
3167.9303,1.2097714
3168.9809,0.95243505
3170.0317,0.7735355
3171.0827,1.143661
3172.1339,1.4196743
3173.1852,1.2564774
3174.2367,1.1011291
3175.2883,0.91441363
3176.3402,0.77476246
3177.3922,0.61158733
3178.4444,0.52684902
3179.4968,0.42642988
3180.5493,0.63189854
3181.602,0.31188246
3182.6549,0.35265613
3183.708,0.950298
3184.7612,0.59108258
3185.8147,0.1691275
3186.8682,0.6177661
3187.922,-0.3767271
3188.9759,-0.54768544
3190.03,0.48136167
3191.0843,0.23198285
3192.1388,0.18653105
3193.1934,-0.023621187
3194.2482,-0.16317974
3195.3032,-0.34979167
3196.3584,-0.21482952
3197.4137,0.20249102
3198.4692,0.29824837
3199.5249,-0.20206725
3200.5807,-0.49061273
3201.6368,0.58555313
3202.693,0.59505777
3203.7493,0.25946982
3204.8059,-0.0055244516
3205.8626,-0.1920819
3206.9195,0.037052374
3207.9766,-0.1338079
3209.0338,-0.21054509
3210.0913,0.073507492
3211.1489,0.35756552
3212.2066,0.29653095
3213.2646,0.15707046
3214.3227,-0.11571791
3215.381,-0.16104986
3216.4394,0.13872168
3217.4981,-0.17326603
3218.5569,0.55004582
3219.6159,0.25375527
3220.675,-0.60723571
3221.7344,-0.22900556
3222.7939,-0.35273074
3223.8536,-0.40586224
3224.9134,-0.34918437
3225.9735,-0.072893209
3227.0337,0.18771713
3228.0941,0.26794075
3229.1546,-0.58516351
3230.2153,-0.26963487
3231.2762,0.13217373
3232.3373,0.33790934
3233.3986,0.12796413
3234.46,0.79645574
3235.5216,0.49240377
3236.5834,-0.093995685
3237.6453,0.19804168
3238.7075,0.58420214
3239.7698,0.64095628
3240.8322,0.97222567
3241.8949,0.63683385
3242.9577,0.31713374
3244.0207,0.67979203
3245.0839,-0.17323051
3246.1472,-0.51644368
3247.2107,0.68544663
3248.2744,0.39714632
3249.3383,0.093165181
3250.4023,0.51075812
3251.4665,0.30874866
3252.5309,0.1616466
3253.5955,0.23415784
3254.6602,0.55765492
3255.7251,0.93605941
3256.7902,-0.4423934
3257.8555,-0.76986037
3258.9209,-0.27379247
3259.9865,-0.36595443
3261.0523,-0.52869917
3262.1182,-0.41692866
3263.1844,-0.52476055
3264.2507,-0.54631247
3265.3172,-0.63060405
3266.3838,0.085109818
3267.4506,-0.15603361
3268.5176,-0.74226963
3269.5848,-0.30104922
3270.6522,-0.6049214
3271.7197,-0.28133715
3272.7874,0.73244862
3273.8553,-0.049838586
3274.9233,-0.024277211
3275.9915,0.13462295
3277.0599,0.40333247
3278.1285,0.30342
3279.1972,0.87802277
3280.2662,0.84086629
3281.3352,-0.074716118
3282.4045,0.068530452
3283.4739,0.047076588
3284.5436,-0.092018887
3285.6133,0.54536167
3286.6833,0.17098298
3287.7534,-0.37593929
3288.8238,-0.18560121
3289.8942,-0.050159641
3290.9649,-0.21275184
3292.0357,-0.10082879
3293.1067,-0.32615519
3294.1779,-0.70833889
3295.2493,-1.3179681
3296.3208,-0.6021017
3297.3925,-0.019563175
3298.4644,-0.0017250815
3299.5364,0.60435375
3300.6087,0.37122235
3301.6811,0.59299836
3302.7536,0.38340726
3303.8264,0.57382162
3304.8993,0.61522181
3305.9724,0.24878431
3307.0457,-0.099728586
3308.1191,0.43019315
3309.1928,0.45031423
3310.2666,0.33710524
3311.3405,-0.19962989
3312.4147,-0.64224412
3313.489,-0.31622763
3314.5635,-0.27256081
3315.6381,-0.33085152
3316.713,-0.10678602
3317.788,-0.47095255
3318.8632,-0.23903738
3319.9385,-0.077707182
3321.0141,-0.37127568
3322.0898,-0.021703663
3323.1657,-0.49565779
3324.2417,-0.083334145
3325.318,-0.72198763
3326.3944,-0.68612804
3327.471,-0.18752009
3328.5477,-0.17518338
3329.6246,-0.23343165
3330.7017,-1.0210884
3331.779,-0.20089878
3332.8565,-0.15717647
3333.9341,-0.091970174
3335.0119,-0.35617271
3336.0899,0.17178455
3337.168,0.16641141
3338.2463,-0.28601761
3339.3248,-0.16589469
3340.4035,0.53462333
3341.4824,0.74886976
3342.5614,1.1670407
3343.6406,0.51070477
3344.7199,0.67005805
3345.7995,1.2058849
3346.8792,0.65936164
3347.9591,1.3049982
3349.0392,1.2055397
3350.1194,0.29039785
3351.1998,0.28506285
3352.2804,0.52286803
3353.3612,0.61949968
3354.4421,0.40240877
3355.5232,1.0872816
3356.6045,2.1956867
3357.686,2.002134
3358.7676,3.5183882
3359.8494,3.8660178
3360.9314,4.4489445
3362.0135,4.8201094
3363.0959,4.6579439
3364.1784,5.0604873
3365.261,5.9100924
3366.3439,5.5675435
3367.4269,4.9426447
3368.5101,4.6942194
3369.5935,3.7948166
3370.677,4.4718873
3371.7608,4.2391571
3372.8447,3.7319199
3373.9287,4.6207642
3375.013,3.8939251
3376.0974,3.5357164
3377.182,3.146138
3378.2668,2.207543
3379.3517,2.9003235
3380.4368,1.7734991
3381.5221,0.81138347
3382.6076,1.1120159
3383.6932,1.4518669
3384.779,1.5956425
3385.865,1.6453033
3386.9512,1.0675161
3388.0375,1.5407122
3389.124,1.143323
3390.2107,1.4126034
3391.2976,0.77992592
3392.3846,0.24921219
3393.4718,0.69105041
3394.5592,0.59171509
3395.6467,0.42179447
3396.7345,0.97344542
3397.8224,0.50549145
3398.9105,0.053226689
3399.9987,0.55782761
3401.0871,1.2114511
3402.1757,1.6846853
3403.2645,1.3343931
3404.3535,1.3448881
3405.4426,0.97891542
3406.5319,2.0325535
3407.6213,1.9018809
3408.711,1.6849366
3409.8008,2.2836816
3410.8908,1.8785079
3411.981,2.3047097
3413.0713,2.0250321
3414.1618,1.6747692
3415.2525,1.6931367
3416.3434,1.4840561
3417.4344,2.1298805
3418.5256,1.3560999
3419.617,0.59016536
3420.7086,0.93795927
3421.8003,1.1602659
3422.8922,1.013948
3423.9843,0.38920173
3425.0766,0.258576
3426.169,0.38677673
3427.2616,0.53850981
3428.3544,1.2941674
3429.4474,0.26943574
3430.5405,0.92313841
3431.6338,1.1140989
3432.7273,1.3207486
3433.8209,0.68034242
3434.9147,0.52621368
3436.0087,0.88189179
3437.1029,0.79051401
3438.1973,0.29913917
3439.2918,0.51364961
3440.3865,0.6262022
3441.4814,0.58189498
3442.5764,1.3689632
3443.6716,1.2540737
3444.767,0.99016739
3445.8626,0.90665622
3446.9583,1.623148
3448.0542,1.3514074
3449.1503,1.3071207
3450.2466,0.92558203
3451.343,1.7754189
3452.4397,2.248788
3453.5364,1.2319641
3454.6334,2.3798489
3455.7305,3.3395014
3456.8278,4.2834705
3457.9253,4.1137171
3459.023,4.5871039
3460.1208,4.9193171
3461.2188,5.2280039
3462.317,6.2268896
3463.4154,7.7277391
3464.5139,7.7462386
3465.6126,8.3451332
3466.7115,9.0695209
3467.8105,8.9390095
3468.9098,8.1104619
3470.0092,8.4427016
3471.1087,8.9004343
3472.2085,8.9424838
3473.3084,8.7727714
3474.4085,7.7403169
3475.5088,8.3313947
3476.6092,8.263652
3477.7098,7.1292455
3478.8106,5.9791556
3479.9116,6.5467158
3481.0127,6.2515338
3482.114,5.4230214
3483.2155,5.0729432
3484.3172,4.9503191
3485.419,4.8904429
3486.5211,4.6737069
3487.6232,3.7589347
3488.7256,3.1971065
3489.8281,3.2078303
3490.9308,3.3597335
3492.0337,2.2802671
3493.1368,1.8282547
3494.24,2.6154608
3495.3434,3.2458071
3496.447,2.3545877
3497.5508,1.1574889
3498.6547,1.615295
3499.7588,1.7593786
3500.8631,1.4093474
3501.9675,1.7730447
3503.0722,1.4230194
3504.177,1.990644
3505.2819,1.8602324
3506.3871,1.2435493
3507.4924,1.2386337
3508.5979,0.825878
3509.7036,1.8170468
3510.8094,1.7964538
3511.9154,2.1993931
3513.0216,2.0141001
3514.128,0.97390803
3515.2345,0.46705225
3516.3412,0.37588567
3517.4481,0.85727105
3518.5552,0.96218878
3519.6624,1.1141683
3520.7699,0.88968008
3521.8774,0.28872425
3522.9852,0.99757528
3524.0931,1.2985861
3525.2012,0.68979593
3526.3095,0.34767537
3527.418,0.7977146
3528.5266,0.91050186
3529.6354,0.43505676
3530.7444,0.61843812
3531.8536,0.26848909
3532.9629,0.42050377
3534.0724,0.12546256
3535.1821,0.29316938
3536.2919,0.24911443
3537.4019,0.11094476
3538.5121,0.6394447
3539.6225,0.17971228
3540.7331,-0.06825251
3541.8438,0.3504523
3542.9547,0.28288554
3544.0658,0.52120407
3545.177,0.7752118
3546.2884,1.2096146
3547.4,1.338138
3548.5118,0.77646828
3549.6237,1.328527
3550.7358,1.6452945
3551.8481,1.4052021
3552.9606,1.6200147
3554.0732,1.3485557
3555.186,1.5320016
3556.299,1.9664309
3557.4122,1.6400787
3558.5255,1.4470628
3559.639,1.7324812
3560.7527,1.7277065
3561.8666,2.6170523
3562.9806,2.5573815
3564.0948,2.4114391
3565.2092,3.5753036
3566.3238,3.9627004
3567.4385,3.5814727
3568.5534,4.7924047
3569.6685,5.8307907
3570.7837,6.6966306
3571.8991,6.6918852
3573.0147,6.412633
3574.1305,7.3020111
3575.2465,7.1874706
3576.3626,7.4807761
3577.4789,8.025065
3578.5954,7.0321019
3579.712,8.1018868
3580.8288,8.332459
3581.9458,7.7395047
3583.063,6.6759652
3584.1803,6.5379187
3585.2978,7.2939928
3586.4155,6.5363444
3587.5334,5.5512479
3588.6514,5.1622328
3589.7696,4.5849853
3590.888,5.2861721
3592.0066,4.6304991
3593.1253,4.0140448
3594.2442,3.7426914
3595.3633,3.6987919
3596.4826,3.3333267
3597.602,3.0306096
3598.7216,3.1435816
3599.8414,2.9036154
3600.9613,2.6558091
3602.0815,3.7648684
3603.2018,2.842558
3604.3223,1.8731918
3605.4429,1.9391227
3606.5637,1.6991741
3607.6847,2.7219735
3608.8059,1.5643838
3609.9273,1.7558165
3611.0488,1.6648993
3612.1705,1.7230046
3613.2923,1.8438579
3614.4144,1.439224
3615.5366,1.4973381
3616.659,1.5554551
3617.7816,1.1351437
3618.9043,1.0364039
3620.0272,0.40433366
3621.1503,1.1997173
3622.2736,0.93628041
3623.397,0.49245426
3624.5206,0.99765066
3625.6444,0.53030097
3626.7684,0.95707185
3627.8925,1.1799241
3629.0168,0.46160282
3630.1413,0.24524526
3631.266,0.47594945
3632.3908,1.4046958
3633.5158,1.2275627
3634.641,0.62690315
3635.7663,0.32428574
3636.8919,0.42167126
3638.0176,0.66807933
3639.1434,1.1419413
3640.2695,0.79227681
3641.3957,0.44261524
3642.5221,0.62628994
3643.6487,0.91192836
3644.7754,0.88384422
3645.9024,0.94203753
3647.0295,1.5727828
3648.1567,0.43098196
3649.2842,0.64604681
3650.4118,0.68856557
3651.5396,0.99775393
3652.6675,1.0559648
3653.7957,1.5141787
3654.924,1.3527876
3656.0525,0.49336025
3657.1812,0.72413191
3658.31,0.92353395
3659.439,0.98960559
3660.5682,1.0792096
3661.6976,0.63548317
3662.8271,0.85058322
3663.9568,0.4539215
3665.0867,1.0219686
3666.2167,1.7625676
3667.347,1.4051304
3668.4774,1.2437745
3669.608,0.6196765
3670.7387,0.30930688
3671.8696,0.11658726
3673.0007,0.25328234
3674.132,0.28017643
3675.2635,0.30707346
3676.3951,0.23201263
3677.5269,0.69028807
3678.6589,1.1485664
3679.791,0.91665167
3680.9233,0.44944571
3682.0558,0.60185053
3683.1885,0.51112103
3684.3213,0.21647289
3685.4544,0.7453571
3686.5876,0.53698934
3687.7209,0.7678402
3688.8545,0.55163517
3689.9882,0.57857033
3691.1221,0.181979
3692.2561,-0.37147213
3693.3904,-0.077861504
3694.5248,0.035359897
3695.6594,0.53289796
3696.7941,0.41083111
3697.9291,0.42210052
3699.0642,0.34709836
3700.1995,-0.2612342
3701.3349,0.14220088
3702.4705,0.85936438
3703.6063,0.329472
3704.7423,0.011347249
3705.8785,-0.2518726
3707.0148,0.31628302
3708.1513,0.068755311
3709.288,0.23691681
3710.4248,0.78155182
3711.5619,-0.17969258
3712.6991,0.68651693
3713.8364,0.87037644
3714.974,0.88168985
3716.1117,0.48516307
3717.2496,0.54354117
3718.3877,1.0411379
3719.5259,0.3465807
3720.6643,0.20888917
3721.8029,0.53394568
3722.9417,0.77273061
3724.0806,1.1526949
3725.2197,0.73266222
3726.359,0.29694614
3727.4985,0.61417418
3728.6381,0.052973779
3729.778,0.99765866
3730.9179,0.56195432
3732.0581,0.20468429
3733.1984,0.60035837
3734.3389,0.54897655
3735.4796,0.43485258
3736.6205,0.41484918
3737.7615,0.88112322
3738.9027,0.97092961
3740.0441,1.1705429
3741.1856,1.6681983
3742.3274,0.93448403
3743.4693,1.1497924
3744.6114,1.0905938
3745.7536,1.2353198
3746.896,1.1996565
3748.0386,0.99929026
3749.1814,1.0420642
3750.3244,1.3828803
3751.4675,1.472719
3752.6108,1.2645214
3753.7542,0.93867963
3754.8979,0.71480159
3756.0417,1.3301422
3757.1857,1.2160739
3758.3299,0.73338118
3759.4742,1.1526521
3760.6187,1.1327103
3761.7634,0.95590873
3762.9083,0.19087476
3764.0533,0.38270647
3765.1985,0.58238425
3766.3439,0.57030025
3767.4895,0.26017998
3768.6352,0.39712146
3769.7811,0.93406588
3770.9272,0.35728773
3772.0734,0.33737527
3773.2199,-0.46684799
3774.3665,0.25050032
3775.5133,0.08157705
3776.6602,-0.10302956
3777.8073,-0.31900579
3778.9546,-0.040861437
3780.1021,0.049050555
3781.2498,0.17033803
3782.3976,0.36221667
3783.5456,-0.23021548
3784.6938,0.024414131
3785.8421,0.39669373
3786.9906,0.13368215
3788.1393,-0.30971866
3789.2882,-0.015861633
3790.4372,0.36427284
3791.5865,0.57186122
3792.7359,0.081413325
3793.8854,-0.0639336
3795.0352,0.12013417
3796.1851,0.21793037
3797.3352,0.45690597
3798.4854,0.43706097
3799.6359,0.27604244
3800.7865,0.68757586
3801.9373,-0.17931916
3803.0882,0.043984835
3804.2394,0.11827215
3805.3907,-0.59175132
3806.5421,-0.31353657
3807.6938,-0.5451228
3808.8456,-0.26690218
3809.9976,-0.29456098
3811.1498,-0.27515802
3812.3022,-0.16947762
3813.4547,-0.040264874
3814.6074,-0.13065704
3815.7603,0.32797334
3816.9133,0.21405763
3818.0666,0.55504682
3819.22,0.43329384
3820.3735,0.29585752
3821.5273,0.31528688
3822.6812,0.20138583
3823.8353,0.19729165
3824.9896,0.34222
3826.144,0.071465015
3827.2986,-0.12085567
3828.4534,0.071140313
3829.6084,0.13764903
3830.7635,0.19631754
3831.9188,-0.043050231
3833.0743,-0.18829742
3834.23,0.48998773
3835.3858,0.36043268
3836.5418,0.25440998
3837.698,-0.15749214
3838.8544,0.26982435
3840.0109,1.1912614
3841.1676,0.15976026
3842.3245,-0.32271836
3843.4816,-0.14637052
3844.6388,0.32801946
3845.7962,0.06515748
3846.9538,-0.22123098
3848.1115,-0.091930233
3849.2695,0.02953031
3850.4276,-0.15488857
3851.5858,0.021479805
3852.7443,-0.12371752
3853.9029,-0.17479426
3855.0617,0.26824958
3856.2207,0.05247282
3857.3798,0.14258135
3858.5391,0.38955555
3859.6986,-0.21836927
3860.8583,-0.30864409
3862.0182,0.33049577
3863.1782,0.0049326951
3864.3384,0.13427451
3865.4987,0.098840236
3866.6593,-0.33659229
3867.82,0.090722022
3868.9809,0.53372436
3870.1419,-0.20758529
3871.3032,-0.25085398
3872.4646,-0.050983662
3873.6262,-0.0079743478
3874.7879,0.074252398
3875.9499,-0.19646029
3877.112,-0.44364182
3878.2743,-0.28297846
3879.4367,0.05807879
3880.5993,-0.16556809
3881.7621,-0.16960539
3882.9251,-0.071680151
3884.0883,0.19879585
3885.2516,0.10848928
3886.4151,-0.099462603
3887.5788,-0.53486372
3888.7426,-0.58594937
3889.9067,0.21786869
3891.0709,0.17462967
3892.2352,0.20198063
3893.3998,0.088156863
3894.5645,0.28410114
3895.7294,0.37023912
3896.8945,-0.21813506
3898.0597,0.11897859
3899.2251,-0.0066552296
3900.3907,-0.24993847
3901.5565,-0.3285182
3902.7224,-0.34435519
3903.8885,-0.3915671
3905.0548,-0.32113432
3906.2213,-0.19580194
3907.3879,-0.28223663
3908.5547,-0.21181094
3909.7217,-0.50217194
3910.8889,-0.0003784336
3912.0562,0.45435388
3913.2237,-0.024249506
3914.3914,1.4736153
3915.5593,1.0812817
3916.7273,1.0418869
3917.8955,1.3240584
3919.0639,1.519953
3920.2324,1.9276099
3921.4012,2.24899
3922.5701,3.1821323
3923.7391,2.091743
3924.9084,1.3621355
3926.0778,2.19331
3927.2474,2.0754626
3928.4172,1.8713382
3929.5871,2.3495645
3930.7572,1.2042589
3931.9275,1.2746373
3933.098,1.1959937
3934.2686,1.3291124
3935.4395,1.305366
3936.6105,1.1561271
3937.7816,1.5715917
3938.953,0.7713676
3940.1245,0.78682745
3941.2962,1.437579
3942.468,0.55891651
3943.6401,1.6410359
3944.8123,1.4290353
3945.9847,0.68369902
3947.1572,1.4834584
3948.33,1.1538036
3949.5029,1.0751269
3950.6759,0.72978113
3951.8492,0.4471781
3953.0226,0.49398447
3954.1962,0.16431788
3955.37,0.86209991
3956.544,-0.26757141
3957.7181,0.10079411
3958.8924,0.95543179
3960.0669,-0.1899329
3961.2415,-0.15098624
3962.4163,-0.60615958
3963.5913,-0.33976667
3964.7665,-0.21455259
3965.9419,-0.35600754
3967.1174,-0.073935453
3968.2931,-0.66245396
3969.4689,-0.79607288
3970.645,-0.51400788
3971.8212,-0.7260629
3972.9976,-0.60086539
3974.1742,-0.41292514
3975.3509,-0.38185
3976.5278,0.041379633
3977.7049,-0.38245192
3978.8822,-0.021972118
3980.0596,0.47183865
3981.2372,-0.352
3982.415,-0.16104525
3983.593,0.21030206
3984.7711,0.26008114
3985.9494,-0.33327663
3987.1279,0.49297384
3988.3065,0.77804825
3989.4854,0.74939757
3990.6644,0.81486494
3991.8435,0.53523467
3993.0229,0.97717343
3994.2024,0.642642
3995.3821,0.90418941
3996.562,0.73436467
3997.7421,0.90179523
3998.9223,1.2496184
4000.1027,1.6131282
4001.2832,1.1609521
4002.464,1.1009333
4003.6449,1.0722874
4004.826,1.0279557
4006.0073,0.92087928
4007.1887,0.570666
4008.3703,0.21260999
4009.5521,0.39573085
4010.7341,0.57885211
4011.9162,0.60511103
4013.0985,0.44313506
4014.281,0.81449283
4015.4637,0.58977256
4016.6465,1.00819
4017.8295,1.3952352
4019.0127,1.8607122
4020.1961,1.8948171
4021.3796,1.62304
4022.5633,1.9944006
4023.7472,2.8049773
4024.9313,3.1057504
4026.1155,3.6182887
4027.2999,4.224945
4028.4845,4.4786605
4029.6692,4.9206117
4030.8542,5.3625634
4032.0393,6.3927507
4033.2245,8.0582325
4034.41,9.5276364
4035.5956,10.581354
4036.7814,13.180171
4037.9674,16.367223
4039.1535,18.754275
4040.3398,21.643289
4041.5263,24.297009
4042.713,26.487984
4043.8998,28.161313
4045.0869,28.783661
4046.2741,30.809932
4047.4614,33.408752
4048.649,33.42718
4049.8367,32.676981
4051.0246,32.860116
4052.2126,32.690311
4053.4009,33.649917
4054.5893,33.260504
4055.7779,32.063248
4056.9666,31.971876
4058.1555,29.676581
4059.3447,29.153837
4060.5339,28.850701
4061.7234,27.527957
4062.913,25.452272
4064.1028,23.423647
4065.2928,21.567571
4066.483,19.225221
4067.6733,16.80444
4068.8638,16.595424
4070.0545,16.009938
4071.2453,14.608766
4072.4363,14.266418
4073.6275,13.939757
4074.8189,13.252311
4076.0104,12.745259
4077.2022,13.187226
4078.3941,12.515468
4079.5861,11.922142
4080.7784,11.838621
4081.9708,12.53157
4083.1634,12.15001
4084.3561,11.572372
4085.5491,10.853557
4086.7422,11.248469
4087.9355,10.835538
4089.1289,11.026529
4090.3226,10.29203
4091.5164,11.016355
4092.7104,11.497544
4093.9045,10.308144
4095.0989,10.483451
4096.2934,10.203856
4097.4881,9.8693593
4098.6829,9.6681966
4099.8779,8.8160539
4101.0731,8.4894018
4102.2685,8.3902011
4103.4641,7.8282557
4104.6598,7.9172911
4105.8557,8.3749544
4107.0518,8.205167
4108.248,7.2902821
4109.4445,7.0499073
4110.6411,7.3193369
4111.8378,7.0162178
4113.0348,7.1523148
4114.2319,6.8335103
4115.4292,8.0049022
4116.6267,7.7410005
4117.8243,7.2731775
4119.0221,7.1269236
4120.2201,7.6865525
4121.4183,8.1912798
4122.6166,9.1587526
4123.8151,9.451716
4125.0138,9.0544837
4126.2127,9.2611734
4127.4117,10.016883
4128.6109,10.427495
4129.8103,9.3871272
4131.0099,8.6997009
4132.2096,9.4946279
4133.4095,10.556222
4134.6096,10.355071
4135.8098,9.6676466
4137.0103,9.427281
4138.2109,9.1398571
4139.4116,9.6053747
4140.6126,9.5532457
4141.8137,8.7717054
4143.015,8.8372242
4144.2165,8.934116
4145.4181,8.56042
4146.62,8.9004498
4147.822,8.8640095
4149.0241,9.0001186
4150.2265,8.3676006
4151.429,7.8684164
4152.6317,8.0672718
4153.8346,8.57201
4155.0376,9.845376
4156.2408,8.922664
4157.4442,8.4156386
4158.6478,9.0929274
4159.8515,9.3153146
4161.0554,8.5024081
4162.2595,8.4032275
4163.4638,9.0962042
4164.6682,9.4597695
4165.8728,8.9998058
4167.0776,9.3476856
4168.2826,9.1543894
4169.4877,8.6473681
4170.693,9.3403472
4171.8985,9.36666
4173.1041,8.9459144
4174.31,10.462424
4175.516,10.339718
4176.7222,10.405249
4177.9285,10.643328
4179.135,9.9480747
4180.3417,9.72341
4181.5486,10.25953
4182.7557,11.258395
4183.9629,11.582751
4185.1703,11.820833
4186.3778,12.121661
4187.5856,12.618567
4188.7935,12.801748
4190.0016,13.149636
4191.2099,13.748504
4192.4183,14.598353
4193.6269,14.679575
4194.8357,15.121582
4196.0447,15.461628
4197.2538,16.091871
4198.4631,16.298585
4199.6726,17.909221
4200.8823,19.166916
4202.0921,19.750101
4203.3021,20.356817
4204.5123,21.175297
4205.7227,21.758484
4206.9332,22.380887
4208.1439,23.685643
4209.3548,24.213929
4210.5659,24.781431
4211.7771,25.795993
4212.9885,27.006633
4214.2001,28.413352
4215.4118,28.682817
4216.6237,29.524831
4217.8358,31.409982
4219.0481,32.550036
4220.2606,33.925385
4221.4732,35.379165
4222.686,36.997652
4223.899,39.282805
4225.1121,41.834626
4226.3254,43.037427
4227.5389,46.946112
4228.7526,48.58813
4229.9664,50.504658
4231.1804,51.832951
4232.3946,54.055363
4233.609,56.073853
4234.8235,57.40999
4236.0382,57.773579
4237.2531,58.129326
4238.4682,58.320367
4239.6834,60.550623
4240.8988,61.761273
4242.1144,59.858197
4243.3302,59.939436
4244.5461,60.138322
4245.7622,60.078385
4246.9785,58.928252
4248.195,57.20557
4249.4116,56.118183
4250.6284,55.720993
4251.8454,54.374783
4253.0625,53.248182
4254.2798,51.611777
4255.4973,49.865568
4256.715,47.640929
4257.9329,46.984917
4259.1509,45.340671
4260.3691,43.782699
4261.5875,41.542375
4262.806,39.113816
4264.0247,37.124473
4265.2436,35.464543
4266.4627,34.643828
4267.6819,33.195663
4268.9013,31.457302
4270.1209,30.746392
4271.3407,30.129601
4272.5606,29.889281
4273.7807,29.892098
4275.001,28.977268
4276.2215,27.623224
4277.4421,27.04565
4278.6629,25.911214
4279.8839,24.361092
4281.1051,24.575676
4282.3264,23.653006
4283.5479,22.98916
4284.7696,22.21551
4285.9915,22.437939
4287.2135,22.770172
4288.4357,23.58868
4289.6581,22.328758
4290.8806,22.8806
4292.1033,22.357933
4293.3262,22.399973
4294.5493,22.238091
4295.7726,20.868366
4296.996,21.349622
4298.2196,22.356369
4299.4434,22.508214
4300.6673,21.86006
4301.8914,21.933475
4303.1157,21.269635
4304.3402,22.660697
4305.5648,22.498819
4306.7896,22.462431
4308.0146,23.092711
4309.2398,22.742599
4310.4651,23.012095
4311.6906,23.893356
4312.9163,23.370695
4314.1422,23.044114
4315.3682,22.662631
4316.5944,23.622325
4317.8208,24.064373
4319.0474,23.039754
4320.2741,23.419057
4321.501,23.343458
4322.7281,23.314919
4323.9553,22.980498
4325.1828,23.273528
4326.4104,23.362637
4327.6382,22.839982
4328.8661,21.634974
4330.0942,22.759378
4331.3225,23.5779
4332.551,21.157207
4333.7797,20.218868
4335.0085,21.115823
4336.2375,20.74219
4337.4666,20.682283
4338.696,20.261592
4339.9255,20.491882
4341.1552,20.298643
4342.3851,19.47011
4343.6151,19.857264
4344.8453,20.142457
4346.0757,20.255102
4347.3063,19.787355
4348.537,19.327452
4349.7679,18.961666
4350.999,18.705685
4352.2303,19.234019
4353.4617,19.676078
4354.6933,18.839706
4355.9251,18.403334
4357.1571,18.500296
4358.3892,17.734514
4359.6215,17.807947
4360.854,18.108832
4362.0866,17.633247
4363.3195,17.92629
4364.5525,17.129137
4365.7856,16.230023
4367.019,16.170126
4368.2525,16.133758
4369.4862,16.607195
4370.7201,15.755142
4371.9541,16.377599
4373.1884,16.451037
4374.4228,15.991142
4375.6573,15.366542
4376.8921,15.879197
4378.127,15.756558
4379.3621,15.437841
4380.5974,14.868144
4381.8328,14.870997
4383.0684,14.928752
4384.3042,15.111997
4385.5402,15.2874
4386.7763,14.521627
4388.0126,14.367619
4389.2491,14.072435
4390.4858,13.385094
4391.7226,12.831087
4392.9596,13.979041
4394.1968,13.895623
4395.4342,13.263186
4396.6717,12.473887
4397.9094,12.11596
4399.1473,12.754113
4400.3853,13.400108
4401.6236,13.301007
4402.862,12.950925
4404.1005,13.102804
4405.3393,12.540959
4406.5782,12.528133
4407.8173,12.719229
4409.0566,12.776993
4410.296,12.811227
4411.5357,12.021933
4412.7754,12.291462
4414.0154,12.270795
4415.2556,11.520718
4416.4959,11.892209
4417.7364,11.369583
4418.977,11.239114
4420.2179,11.304725
4421.4589,11.409551
4422.7001,11.639868
4423.9415,10.968224
4425.183,11.261287
4426.4247,11.499448
4427.6666,11.0631
4428.9086,11.167928
4430.1509,11.523738
4431.3933,11.605038
4432.6359,11.388299
4433.8786,10.928423
4435.1216,10.986195
4436.3647,11.138085
4437.6079,10.929191
4438.8514,10.783043
4440.095,10.668267
4441.3388,11.290747
4442.5828,11.215188
4443.827,10.872962
4445.0713,10.805247
4446.3158,11.286552
4447.5605,11.336485
4448.8053,10.939359
4450.0503,10.95792
4451.2955,11.470599
4452.5409,11.716612
4453.7864,11.688115
4455.0322,11.949815
4456.2781,11.395829
4457.5241,10.865373
4458.7704,11.378054
4460.0168,11.569167
4461.2634,11.38381
4462.5101,11.300415
4463.7571,11.875843
4465.0042,11.588526
4466.2515,11.395328
4467.4989,12.174679
4468.7466,12.15403
4469.9944,12.60397
4471.2423,13.304891
4472.4905,12.358753
4473.7388,12.69889
4474.9873,13.274322
4476.236,14.587009
4477.4849,14.064402
4478.7339,13.871208
4479.9831,14.760367
4481.2325,14.873056
4482.482,14.570058
4483.7318,15.106277
4484.9817,14.944457
4486.2317,15.017932
4487.482,14.346309
4488.7324,14.702137
4489.983,15.395221
4491.2338,14.80203
4492.4847,15.142174
4493.7358,14.823494
4494.9871,14.802854
4496.2386,14.021429
4497.4902,13.930202
4498.742,13.337014
4499.994,13.426179
4501.2462,13.060443
4502.4985,12.70255
4503.751,11.921128
4505.0037,11.54755
4506.2566,11.550443
4507.5096,11.380787
4508.7628,11.344465
4510.0162,11.97481
4511.2698,11.554175
4512.5235,11.000207
4513.7774,11.207024
4515.0315,11.343253
4516.2857,11.228502
4517.5402,10.627477
4518.7948,10.873511
4520.0496,10.994055
4521.3045,10.518521
4522.5596,10.49789
4523.8149,10.132161
4525.0704,10.621334
4526.326,10.804626
4527.5819,10.485957
4528.8379,10.559445
4530.094,10.429012
4531.3504,10.627991
4532.6069,10.356383
4533.8636,9.9200687
4535.1205,10.213167
4536.3775,10.263128
4537.6347,10.250345
4538.8921,10.45717
4540.1497,10.562034
4541.4074,10.321801
4542.6653,10.38745
4543.9234,9.7236885
4545.1817,10.346202
4546.4401,10.796166
4547.6987,10.022602
4548.9575,9.7980571
4550.2164,9.6754738
4551.4756,10.172499
4552.7349,11.296975
4553.9944,10.288118
4555.254,10.565537
4556.5138,10.623348
4557.7738,10.265473
4559.034,9.8056371
4560.2944,10.145802
4561.5549,10.689889
4562.8156,10.606525
4564.0765,10.507476
4565.3375,10.133917
4566.5987,10.866241
4567.8601,11.316212
4569.1217,11.366184
4570.3834,11.831842
4571.6454,11.230835
4572.9075,11.18669
4574.1697,11.817055
4575.4322,11.69448
4576.6948,11.767984
4577.9576,11.959135
4579.2205,12.38558
4580.4837,12.547974
4581.747,12.862002
4583.0105,13.09237
4584.2741,13.756726
4585.538,13.845919
4586.802,13.780863
4588.0661,13.619076
4589.3305,14.058597
4590.595,14.665438
4591.8597,15.099731
4593.1246,15.186312
4594.3897,15.510801
4595.6549,15.796075
4596.9203,16.295729
4598.1859,16.442442
4599.4516,16.628371
4600.7176,16.971164
4601.9837,17.46559
4603.2499,18.156096
4604.5164,18.556406
4605.783,18.865212
4607.0498,19.236765
4608.3168,20.065834
4609.5839,20.973335
4610.8512,21.554039
4612.1187,21.91775
4613.3864,22.417409
4614.6542,23.186349
4615.9222,23.767055
4617.1904,24.350375
4618.4588,25.093173
4619.7273,25.945775
4620.996,26.994456
4622.2649,27.847059
4623.534,28.524499
4624.8032,28.974489
4626.0726,29.73559
4627.3422,30.737214
4628.612,31.448642
4629.8819,32.515627
4631.152,33.904181
4632.4223,35.345022
4633.6927,36.427694
4634.9634,37.379647
4636.2342,38.86232
4637.5051,40.645647
4638.7763,42.00283
4640.0476,43.705112
4641.3191,45.5538
4642.5908,48.009024
4643.8626,49.800195
4645.1346,51.41359
4646.4068,53.220449
4647.6792,55.35672
4648.9518,57.404103
4650.2245,58.434493
4651.4974,59.501484
4652.7704,60.228606
4654.0437,60.997559
4655.3171,61.56782
4656.5907,61.978604
4657.8644,62.177623
4659.1384,62.09429
4660.4125,61.655402
4661.6868,61.415207
4662.9612,61.023378
4664.2359,60.98972
4665.5107,60.493317
4666.7857,59.641359
4668.0608,58.632539
4669.3361,57.874699
4670.6116,56.863265
4671.8873,55.757714
4673.1632,54.660006
4674.4392,53.423737
4675.7154,51.348252
4676.9918,49.421787
4678.2683,47.505781
4679.5451,46.337487
4680.822,44.949585
4682.099,43.595671
4683.3763,41.972477
4684.6537,40.0434
4685.9313,38.587526
4687.2091,37.33296
4688.487,36.2431
4689.7651,35.080039
4691.0434,33.888219
4692.3219,32.889864
4693.6005,31.643143
4694.8793,30.934984
4696.1583,30.553624
4697.4375,30.3971
4698.7168,29.976525
4699.9963,29.393858
4701.276,28.800734
4702.5559,28.395846
4703.8359,27.862854
4705.1161,27.14947
4706.3965,26.399485
4707.6771,26.237736
4708.9578,26.347883
4710.2387,26.000514
4711.5198,25.467524
4712.801,25.282247
4714.0825,25.486513
4715.3641,25.49993
4716.6458,25.531647
4717.9278,25.50062
4719.2099,25.613385
4720.4922,25.849025
4721.7747,25.995777
4723.0573,26.014425
4724.3401,25.669675
4725.6231,25.251722
4726.9063,25.014162
4728.1897,25.053726
4729.4732,25.305056
4730.7569,25.394295
4732.0407,25.45739
4733.3248,25.870812
4734.609,26.336522
4735.8934,26.598311
4737.1779,26.546375
4738.4627,26.366335
4739.7476,26.060805
4741.0327,25.687302
4742.3179,25.546479
4743.6034,25.523303
4744.889,25.100128
4746.1747,24.747541
4747.4607,24.839399
4748.7468,25.022761
4750.0331,24.879325
4751.3196,24.320204
4752.6063,24.001607
4753.8931,23.847715
4755.1801,23.544804
4756.4673,23.461502
4757.7546,23.302383
4759.0421,23.255682
4760.3298,23.141009
4761.6177,23.031564
4762.9058,23.133884
4764.194,23.23882
4765.4824,23.092775
4766.7709,22.499672
4768.0597,22.194151
4769.3486,22.406277
4770.6377,22.722979
4771.927,22.64491
4773.2164,22.451809
4774.506,22.533218
4775.7958,22.638157
4777.0858,22.669893
4778.3759,22.369604
4779.6662,21.943825
4780.9567,21.640923
4782.2474,21.910569
4783.5382,22.198517
4784.8292,22.345289
4786.1204,22.235852
4787.4117,22.29635
4788.7033,22.228744
4789.995,22.033034
4791.2869,21.907912
4792.5789,21.963183
4793.8711,22.154402
4795.1635,22.123399
4796.4561,22.22573
4797.7489,22.155512
4799.0418,22.202942
4800.3349,22.305274
4801.6282,22.585384
4802.9216,22.758305
4804.2152,22.758678
4805.509,22.701535
4806.803,22.547659
4808.0971,22.048687
4809.3914,21.622917
4810.6859,21.244207
4811.9806,21.137392
4813.2754,20.970447
4814.5705,20.895006
4815.8656,20.911068
4817.161,21.01602
4818.4565,20.909208
4819.7523,21.035075
4821.0481,21.019767
4822.3442,21.012302
4823.6404,20.772157
4824.9368,20.432667
4826.2334,20.62651
4827.5302,20.694864
4828.8271,20.666486
4830.1242,20.374056
4831.4215,20.188816
4832.7189,20.280701
4834.0166,20.064089
4835.3144,20.017413
4836.6123,20.297534
4837.9105,20.726675
4839.2088,20.839477
4840.5073,20.319599
4841.806,20.236323
4843.1048,20.328211
4844.4038,20.791341
4845.703,21.058393
4847.0024,21.045707
4848.302,20.740211
4849.6017,20.33014
4850.9016,20.108305
4852.2016,20.309999
4853.5019,20.23457
4854.8023,20.125154
4856.1029,19.644497
4857.4036,19.54554
4858.7046,19.590374
4860.0057,19.580306
4861.307,19.266971
4862.6084,18.718342
4863.9101,18.452066
4865.2119,18.227621
4866.5138,18.15481
4867.816,17.896379
4869.1183,17.653634
4870.4208,17.154681
4871.7235,16.809976
4873.0264,16.731939
4874.3294,16.823836
4875.6326,16.494819
4876.936,16.116129
4878.2395,15.909989
4879.5432,15.960058
4880.8471,15.819278
4882.1512,15.634054
4883.4555,15.454058
4884.7599,15.532887
4886.0645,15.528056
4887.3692,15.562442
4888.6742,15.523625
4889.9793,15.385462
4891.2846,15.210698
4892.5901,15.020248
4893.8957,15.062478
4895.2015,15.089023
4896.5075,14.995306
4897.8137,14.689825
4899.12,14.512449
4900.4265,14.648799
4901.7332,14.748549
4903.04,14.806468
4904.3471,14.60295
4905.6543,14.820347
4906.9617,14.679575
4908.2692,14.562333
4909.577,14.421561
4910.8849,14.717392
4912.1929,15.193615
4913.5012,15.076374
4914.8096,14.684624
4916.1182,14.143854
4917.427,14.167791
4918.7359,14.249245
4920.0451,14.403902
4921.3544,14.297121
4922.6638,14.111909
4923.9735,14.005129
4925.2833,13.827761
4926.5933,14.147126
4927.9035,14.152765
4929.2138,14.43553
4930.5243,14.425484
4931.835,14.525242
4933.1459,14.366177
4934.4569,14.063322
4935.7681,13.739552
4937.0795,13.690292
4938.3911,13.659334
4939.7028,13.761709
4941.0147,13.73598
4942.3268,13.796526
4943.6391,13.556419
4944.9515,13.230037
4946.2641,12.987316
4947.5769,13.17074
4948.8898,13.294033
4950.203,13.310136
4951.5163,13.025587
4952.8298,12.916201
4954.1434,12.950607
4955.4572,12.927497
4956.7712,12.70308
4958.0854,12.468206
4959.3998,12.290848
4960.7143,12.340942
4962.029,12.456396
4963.3438,12.566622
4964.6589,12.370965
4965.9741,12.159623
4967.2895,12.157432
4968.6051,12.207528
4969.9208,12.202723
4971.2367,12.190075
4972.5528,12.302918
4973.8691,12.337329
4975.1855,11.888081
4976.5021,11.514651
4977.8189,11.321613
4979.1359,11.50766
4980.453,11.712009
4981.7703,11.563416
4983.0878,11.41221
4984.4055,11.27669
4985.7233,11.138557
4987.0413,11.094541
4988.3595,11.115885
4989.6779,11.377753
4990.9964,11.409555
4992.3151,11.289724
4993.634,11.203881
4994.953,11.057907
4996.2722,11.092325
4997.5916,11.108444
4998.9112,11.270968
5000.231,11.219113
5001.5509,10.884906
5002.871,10.731091
5004.1913,10.700152
5005.5117,10.935881
5006.8323,10.881414
5008.1531,10.492307
5009.4741,10.079671
5010.7952,10.001675
5012.1165,10.109301
5013.438,10.094052
5014.7597,9.8879532
5016.0815,9.7550576
5017.4036,9.7685676
5018.7257,9.7402479
5020.0481,9.6491835
5021.3706,9.5424333
5022.6933,9.5115004
5024.0162,9.632202
5025.3393,9.7659758
5026.6625,10.103672
5027.9859,9.9655508
5029.3095,9.6940971
5030.6333,9.203036
5031.9572,9.117204
5033.2813,9.1359475
5034.6056,9.0056719
5035.93,8.8884686
5037.2547,8.8967558
5038.5795,8.9050435
5039.9044,8.9969917
5041.2296,8.8536462
5042.5549,8.8227194
5043.8804,8.5983289
5045.2061,8.5203441
5046.5319,8.5704642
5047.8579,8.6336566
5049.1841,8.7700521
5050.5105,8.5770362
5051.837,8.5853279
5053.1638,8.4289141
5054.4906,8.7352458
5055.8177,8.8271988
5057.1449,8.827649
5058.4724,8.5980342
5059.7999,8.3187466
5061.1277,8.0760607
5062.4556,7.9484079
5063.7838,8.0063764
5065.112,8.2238224
5066.4405,8.35238
5067.7691,8.4338791
5069.0979,8.2591695
5070.4269,8.0191008
5071.7561,7.8992939
5073.0854,7.9703371
5074.4149,8.0596814
5075.7446,7.837915
5077.0744,7.7599398
5078.4045,7.6976513
5079.7347,7.8915723
5081.065,7.9809186
5082.3956,8.0022915
5083.7263,7.929547
5085.0572,7.760071
5086.3883,7.76053
5087.7195,7.8185058
5089.0509,7.8006649
5090.3825,7.717465
5091.7143,7.568906
5093.0462,7.7053147
5094.3784,7.870482
5095.7106,8.030421
5097.0431,7.9080074
5098.3757,7.660104
5099.7086,7.4906324
5101.0415,7.5642984
5102.3747,7.8863309
5103.708,8.148233
5105.0416,8.0833382
5106.3752,7.8537379
5107.7091,7.5640072
5109.0431,7.543558
5110.3773,7.7296452
5111.7117,7.7980857
5113.0463,7.7541083
5114.381,7.5166673
5115.7159,7.3942593
5117.051,7.2274073
5118.3862,6.9272224
5119.7217,6.8963189
5121.0573,7.1922132
5122.393,7.3861471
5123.729,7.308186
5125.0651,7.0812057
5126.4014,7.1235068
5127.7379,6.9828018
5129.0745,6.7584371
5130.4113,6.5785172
5131.7483,6.6469638
5133.0855,6.8042996
5134.4228,6.6740541
5135.7604,6.7895607
5137.098,6.9102964
5138.4359,7.0388757
5139.7739,6.806671
5141.1122,6.5195648
5142.4505,6.4442237
5143.7891,6.3244386
5145.1278,6.1497519
5146.4667,5.9933663
5147.8058,5.9729287
5149.1451,5.7720994
5150.4845,5.6131006
5151.8241,5.4279584
5153.1639,5.5643853
5154.5039,5.71127
5155.844,5.8398545
5157.1843,5.793276
5158.5248,5.7754561
5159.8654,5.6870483
5161.2062,5.5306671
5162.5472,5.0997765
5163.8884,4.9094091
5165.2298,4.993552
5166.5713,5.2005711
5167.913,5.1566102
5169.2549,5.0028458
5170.5969,4.864768
5171.9391,4.7136188
5173.2815,4.6069144
5174.6241,4.5054391
5175.9668,4.5712846
5177.3097,4.6240585
5178.6528,4.6663753
5179.9961,4.7635945
5181.3395,4.7666965
5182.6831,4.7828707
5184.0269,4.665712
5185.3709,4.4858086
5186.715,4.3346638
5188.0593,4.3508396
5189.4038,4.4166891
5190.7485,4.5139115
5192.0933,4.5771474
5193.4383,4.6874425
5194.7835,4.5781301
5196.1289,4.364243
5197.4744,4.3019903
5198.8201,4.3547707
5200.166,4.4702966
5201.512,4.4368032
5202.8582,4.3510227
5204.2046,4.2077263
5205.5512,4.0879596
5206.898,4.213945
5208.2449,4.3373165
5209.592,4.5103615
5210.9392,4.4820997
5212.2867,4.5348841
5213.6343,4.45695
5214.9821,4.4940489
5216.3301,4.6148083
5217.6782,4.7015813
5219.0265,4.639335
5220.375,4.3444094
5221.7237,4.2847783
5223.0725,4.2251476
5224.4215,4.3432951
5225.7707,4.3176521
5227.1201,4.3808985
5228.4696,4.6036223
5229.8193,4.7191571
5231.1692,4.8739079
5232.5193,4.9502277
5233.8695,5.1363519
5235.2199,5.3407771
5236.5705,5.5269021
5237.9212,5.5247921
5239.2722,5.7919636
5240.6233,5.9754754
5241.9745,6.0674844
5243.326,5.6549185
5244.6776,5.3626145
5246.0294,5.6141018
5247.3814,5.9963084
5248.7335,6.1693651
5250.0859,6.0339255
5251.4384,6.000447
5252.791,5.9094526
5254.1439,5.6589815
5255.4969,5.2438049
5256.8501,5.0979098
5258.2035,5.1010346
5259.557,5.0178854
5260.9107,4.8536908
5262.2646,4.7182548
5263.6187,4.5697473
5264.9729,4.2591487
5266.3273,4.0426681
5267.6819,3.9386062
5269.0367,3.9574206
5270.3916,4.015451
5271.7467,4.0185799
5273.102,3.9824935
5274.4574,3.7372572
5275.8131,3.7011716
5277.1689,3.5918838
5278.5249,3.3544918
5279.881,3.198146
5281.2373,3.120232
5282.5939,3.2854556
5283.9505,3.2441436
5285.3074,3.2315903
5286.6644,3.1536778
5288.0216,2.9215174
5289.379,2.8566777
5290.7365,2.8049103
5292.0942,2.8917053
5293.4521,2.8477818
5294.8102,2.7698718
5296.1685,2.8331386
5297.5269,2.8310464
5298.8855,2.9936605
5300.2442,3.0621573
5301.6032,3.0365368
5302.9623,3.1233351
5304.3216,3.0140553
5305.681,3.0302662
5307.0407,2.9157585
5308.4005,3.1019047
5309.7605,3.264522
5311.1206,3.1160286
5312.481,2.9492349
5313.8415,2.7275396
5315.2022,2.7986553
5316.563,2.8802288
5317.9241,3.0167047
5319.2853,3.0120045
5320.6466,2.8425989
5322.0082,2.5084877
5323.3699,2.3207822
5324.7318,2.2141229
5326.0939,2.3427581
5327.4562,2.4138773
5328.8186,2.3412061
5330.1812,2.4436987
5331.544,2.4207015
5332.9069,2.3088158
5334.27,2.1132703
5335.6333,1.9961567
5336.9968,2.2633572
5338.3604,2.2116038
5339.7242,2.2016809
5341.0882,2.2022159
5342.4524,2.1217056
5343.8167,1.850346
5345.1813,1.4822548
5346.546,1.3311574
5347.9108,1.4833284
5349.2759,1.6041273
5350.6411,1.6961684
5352.0065,1.4980138
5353.372,1.2449577
5354.7377,1.0990915
5356.1037,1.217278
5357.4697,1.2779486
5358.836,1.2262013
5360.2024,1.192755
5361.569,1.2194398
5362.9358,1.2644257
5364.3028,1.3041833
5365.6699,1.197536
5367.0372,1.2399087
5368.4047,1.1201903
5369.7723,1.2200802
5371.1401,1.1526502
5372.5081,1.0799919
5373.8763,0.88707251
5375.2447,0.77781366
5376.6132,0.92999312
5377.9819,1.082173
5379.3508,1.1376212
5380.7198,0.90548818
5382.089,0.5896954
5383.4584,0.56148472
5384.828,0.54373195
5386.1977,0.69068547
5387.5676,0.84025378
5388.9377,0.90877673
5390.308,0.98514322
5391.6784,0.82098724
5393.049,0.55748526
5394.4198,0.4037876
5395.7908,0.22394655
5397.1619,0.26632813
5398.5332,0.34792579
5399.9047,0.33540621
5401.2764,0.33595893
5402.6482,0.18226368
5404.0202,0.067784522
5405.3924,-0.012707306
5406.7647,-0.17947324
5408.1373,-0.048199559
5409.51,0.12490459
5410.8828,0.32415293
5412.2559,0.37699645
5413.6291,0.19716063
5415.0025,0.18203109
5416.3761,-0.042248366
5417.7498,0.080149183
5419.1238,0.087517307
5420.4978,0.0059997963
5421.8721,-0.07551446
5423.2466,-0.16225422
5424.6212,0.02029032
5425.996,-0.089972344
5427.3709,-0.0067677004
5428.7461,0.052910785
5430.1214,0.12305004
5431.4969,0.023257912
5432.8725,-0.1471192
5434.2484,-0.15017279
5435.6244,-0.22642575
5437.0006,-0.10398264
5438.3769,-0.13578464
5439.7535,-0.081308877
5441.1302,-0.2098364
5442.5071,-0.1213672
5443.8841,-0.053809776
5445.2614,0.037280311
5446.6388,0.010726594
5448.0163,-0.021052628
5449.3941,-0.0083841501
5450.772,0.077490196
5452.1501,0.075667163
5453.5284,-0.041185475
5454.9069,-0.15803504
5456.2855,-0.11017565
5457.6643,0.00043191679
5459.0432,0.063983732
5460.4224,0.056950385
5461.8017,0.11527959
5463.1812,0.17361187
5464.5609,0.25286225
5465.9407,0.27982813
5467.3207,0.16823499
5468.7009,0.15076257
5470.0813,0.18035205
5471.4618,0.21517337
5472.8426,0.10097814
5474.2234,0.15672064
5475.6045,0.081747248
5476.9857,0.0067769342
5478.3672,-0.16492233
5479.7487,-0.056879961
5481.1305,0.014564176
5482.5124,0.038952564
5483.8945,-0.033388
5485.2768,-0.063895425
5486.6593,0.022314096
5488.0419,0.071924936
5489.4247,0.10846651
5490.8077,-0.11904158
5492.1909,-0.24458626
5493.5742,-0.24986687
5494.9577,-0.014621977
5496.3414,0.092520966
5497.7252,-0.072228889
5499.1092,-0.17945978
5500.4934,-0.18734163
5501.8778,-0.12986138
5503.2623,-0.17956805
5504.6471,-0.24234399
5506.032,-0.12995389
5507.417,-0.14043699
5508.8023,-0.21627694
5510.1877,-0.28165675
5511.5733,-0.30520386
5512.9591,-0.051624165
5514.345,0.17319999
5515.7311,0.26730782
5517.1174,0.27252938
5518.5039,0.081675142
5519.8905,0.016313725
5521.2773,-0.062253784
5522.6643,0.02650125
5524.0515,0.17538928
5525.4388,0.17525999
5526.8263,0.049642786
5528.214,-0.060285864
5529.6018,0.0049511656
5530.9899,0.044046686
5532.3781,0.067458213
5533.7664,0.0098262709
5535.155,0.03585674
5536.5437,0.056660733
5537.9326,-0.01403626
5539.3217,-0.03244339
5540.711,-0.11620772
5542.1004,-0.077093943
5543.49,-0.03536351
5544.8798,-0.03807524
5546.2697,-0.066928479
5547.6598,-0.11146571
5549.0501,-0.13508563
5550.4406,-0.059356859
5551.8312,0.013759812
5553.222,0.1077938
5554.613,-0.0047058824
5556.0042,-0.10188438
5557.3955,-0.039583519
5558.7871,-0.0034242133
5560.1787,0.064109877
5561.5706,-0.0095302672
5562.9626,-0.017808699
5564.3549,-0.052228686
5565.7472,-0.031744477
5567.1398,0.069787719
5568.5325,0.21315222
5569.9254,0.21011372
5571.3185,0.24106439
5572.7118,0.35044866
5574.1052,0.57748223
5575.4988,0.72608667
5576.8926,0.74397438
5578.2866,0.7906225
5579.6807,0.68563887
5581.075,0.53882741
5582.4695,0.31620119
5583.8641,0.32364256
5585.2589,0.52455023
5586.6539,0.69408758
5588.0491,0.83748337
5589.4444,0.83709055
5590.84,0.84454311
5592.2357,0.75003711
5593.6315,0.72350721
5595.0276,0.65776385
5596.4238,0.71751293
5597.8202,0.96549954
5599.2167,1.0435537
5600.6135,1.0640938
5602.0104,0.74215251
5603.4075,0.6476644
5604.8048,0.54010663
5606.2022,0.5318975
5607.5998,0.59689322
5608.9976,0.53640098
5610.3955,0.58048613
5611.7937,0.51999836
5613.192,0.52225793
5614.5905,0.35197071
5615.9891,0.29410402
5617.388,0.30159905
5618.787,0.35615514
5620.1861,0.26692261
5621.5855,0.27180997
5622.985,0.31852962
5624.3847,0.354794
5625.7846,0.43550506
5627.1846,0.40380005
5628.5849,0.44791427
5629.9853,0.26196536
5631.3858,0.21719516
5632.7866,0.30576054
5634.1875,0.39432814
5635.5886,0.50381302
5636.9899,0.51133934
5638.3913,0.37246268
5639.7929,0.10809805
5641.1947,0.034585328
5642.5967,0.3297023
5643.9988,0.52286071
5645.4011,0.48072725
5646.8036,0.41768099
5648.2063,0.44091147
5649.6091,0.44845792
5651.0121,0.28607196
5652.4153,0.10015882
5653.8187,0.23058779
5655.2222,0.35579024
5656.6259,0.59341322
5658.0298,0.48332602
5659.4339,0.44382929
5660.8381,0.2788446
5662.2425,0.2079798
5663.6471,0.15018912
5665.0518,0.35383859
5666.4568,0.4189282
5667.8619,0.29317037
5669.2671,-0.039121163
5670.6726,-0.20931896
5672.0782,-0.16774982
5673.484,-0.079119619
5674.89,-0.0035590773
5676.2961,0.045859909
5677.7024,0.15279747
5679.1089,0.13163269
5680.5156,0.0058949861
5681.9225,-0.051866628
5683.3295,-0.096554111
5684.7367,0.052224693
5686.144,0.062443642
5687.5516,0.080507963
5688.9593,0.10903204
5690.3672,0.019911286
5691.7752,0.10334179
5693.1835,-0.032833312
5694.5919,-0.059202257
5696.0005,-0.080340209
5697.4092,-0.12761972
5698.8182,0.076083405
5700.2273,0.073252813
5701.6365,0.15408459
5703.046,-0.0056042779
5704.4556,-0.058101366
5705.8654,-0.042622361
5707.2754,-0.055899292
5708.6856,-0.0064288884
5710.0959,-0.019701348
5711.5064,-0.051272225
5712.9171,-0.14820034
5714.3279,-0.14055106
5715.7389,-0.023095626
5717.1501,0.086518909
5718.5615,0.1307762
5719.9731,0.088761222
5721.3848,0.044134098
5722.7967,0.070097445
5724.2087,0.22939636
5725.621,0.14817464
5727.0334,0.0042100493
5728.446,-0.12668041
5729.8588,-0.030117647
5731.2717,-0.029727942
5732.6848,-0.15744148
5734.0981,-0.23548047
5735.5116,-0.083452766
5736.9252,-0.038613268
5738.339,0.095116456
5739.753,-0.058734182
5741.1672,-0.11585146
5742.5815,-0.2226406
5743.996,-0.13857873
5745.4107,0.0056152012
5746.8255,0.07922223
5748.2406,0.10315739
5749.6558,0.004218077
5751.0711,0.043842189
5752.4867,-0.0080356289
5753.9024,-0.10174218
5755.3183,-0.046427777
5756.7344,-0.046014001
5758.1506,0.24721157
5759.5671,0.080307757
5760.9837,0.0075229294
5762.4004,-0.19075076
5763.8174,-0.26614729
5765.2345,-0.14807843
5766.6518,-0.17157484
5768.0693,-0.064351003
5769.4869,0.032416606
5770.9047,0.11872799
5772.3227,0.17628249
5773.7409,-0.030214009
5775.1592,0.066558758
5776.5777,0.061372029
5777.9964,0.13723234
5779.4153,0.035316164
5780.8343,-0.027383037
5782.2535,-0.043022125
5783.6729,0.04591524
5785.0925,0.14269703
5786.5122,0.19765005
5787.9321,0.14802919
5789.3522,0.17422661
5790.7725,0.24486977
5792.1929,0.19786716
5793.6135,0.085506357
5795.0343,0.0097481539
5796.4552,0.22418732
5797.8763,0.32882385
5799.2976,0.3550303
5800.7191,0.33417921
5802.1408,0.29502876
5803.5626,0.3316966
5804.9846,0.28731997
5806.4068,0.35536293
5807.8291,0.50445293
5809.2516,0.55158344
5810.6743,0.46015314
5812.0972,0.35303786
5813.5202,0.37402845
5814.9434,0.48129483
5816.3668,0.43431414
5817.7904,0.51805369
5819.2141,0.58872263
5820.6381,0.69076541
5822.0621,0.8163389
5823.4864,0.88701171
5824.9108,0.95507143
5826.3355,1.0048318
5827.7602,1.085966
5829.1852,1.2899773
5830.6103,1.1933363
5832.0356,1.0025789
5833.4611,1.0497313
5834.8868,1.1674733
5836.3126,1.4629943
5837.7386,1.3323728
5839.1648,1.0605762
5840.5911,1.0293037
5842.0177,0.99280369
5843.4444,1.0739521
5844.8712,1.0452978
5846.2983,1.2362527
5847.7255,1.4821108
5849.1529,1.4952905
5850.5805,1.4248113
5852.0082,1.3360328
5853.4361,1.1897392
5854.8642,1.2081528
5856.2925,1.2448684
5857.7209,1.2475983
5859.1496,1.2111138
5860.5784,1.0151534
5862.0073,1.0544885
5863.4365,0.79840004
5864.8658,0.65734553
5866.2953,0.62871062
5867.7249,0.68112275
5869.1548,0.83549695
5870.5848,0.84346721
5872.015,0.79915117
5873.4453,0.73653578
5874.8758,0.55104586
5876.3065,0.63483827
5877.7374,0.66111563
5879.1685,0.67955114
5880.5997,0.66922977
5882.0311,0.42884434
5883.4627,0.58584581
5884.8944,0.48663942
5886.3264,0.37174805
5887.7585,0.15751156
5889.1908,0.12366851
5890.6232,0.20224506
5892.0558,0.12657453
5893.4886,-0.061513013
5894.9216,-0.014305148
5896.3547,0.0093745949
5897.7881,0.18991837
5899.2215,0.18222814
5900.6552,0.200683
5902.0891,0.28972737
5903.5231,0.2585116
5904.9573,0.091349409
5906.3916,0.026149288
5907.8262,0.039381829
5909.2609,0.16241958
5910.6958,0.039706988
5912.1308,-0.020259218
5913.5661,-0.030550931
5915.0015,-0.074828283
5916.4371,0.11880415
5917.8728,0.14250323
5919.3088,0.21587681
5920.7449,0.10885951
5922.1811,0.12210495
5923.6176,0.10136474
5925.0542,0.072782691
5926.491,0.11479016
5927.928,0.19078585
5929.3652,0.26155407
5930.8025,0.24604907
5932.24,0.1756434
5933.6777,0.042493921
5935.1155,-0.16647126
5936.5535,-0.23425869
5937.9917,-0.22361345
5939.4301,-0.02473163
5940.8686,0.019903114
5942.3074,-0.037421636
5943.7463,-0.084287582
5945.1853,-0.071591263
5946.6246,-0.11641006
5948.064,-0.14292699
5949.5036,-0.22957342
5950.9433,-0.088767642
5952.3833,0.036353078
5953.8234,0.19023319
5955.2637,0.27091191
5956.7041,0.1947291
5958.1448,0.019201106
5959.5856,-0.13279625
5961.0266,-0.25341985
5962.4677,-0.27731019
5963.9091,-0.30381369
5965.3506,-0.22312643
5966.7922,-0.04047717
5968.2341,0.016683118
5969.6761,0.099988418
5971.1183,-0.054613559
5972.5607,0.026079802
5974.0033,0.046643665
5975.446,0.072437506
5976.8889,0.03287309
5978.332,-0.0093044841
5979.7752,-0.014879531
5981.2186,-0.002152704
5982.6622,0.034104755
5984.106,0.24814121
5985.5499,0.38113314
5986.9941,0.32327661
5988.4384,0.13731673
5989.8828,-0.046027553
5991.3275,0.00069474504
5992.7723,0.073562054
5994.2173,0.27453516
5995.6624,0.36831994
5997.1078,0.45949156
5998.5533,0.38072977
5999.999,0.46406069
6001.4448,0.61798108
6002.8909,0.81111837
6004.3371,0.88399544
6005.7835,1.069292
6007.23,1.3853088
6008.6768,1.6490392
6010.1237,2.0068885
6011.5707,2.3568958
6013.018,2.6520024
6014.4654,3.0569142
6015.913,3.336337
6017.3608,3.8536695
6018.8088,4.1775392
6020.2569,4.3523904
6021.7052,4.6135174
6023.1537,4.8929463
6024.6023,5.1959058
6026.0511,5.425664
6027.5001,5.3835279
6028.9493,5.6708048
6030.3986,5.9031809
6031.8482,6.1617021
6033.2979,6.3705513
6034.7477,6.4852841
6036.1978,6.6706063
6037.648,6.7069101
6039.0984,6.6412544
6040.5489,6.6409594
6041.9997,6.5099466
6043.4506,6.509654
6044.9017,6.5302777
6046.3529,6.6763927
6047.8044,6.7310058
6049.256,6.5267965
6050.7078,6.5238956
6052.1597,6.4007345
6053.6119,6.3220191
6055.0642,6.0236971
6056.5166,5.8116507
6057.9693,5.6597364
6059.4221,5.45815
6060.8751,5.1912054
6062.3283,4.9765496
6063.7817,4.7697381
6065.2352,4.7250194
6066.6889,4.5051385
6068.1428,4.1649973
6069.5968,4.0340078
6071.051,3.9474638
6072.5054,3.9994832
6073.96,3.6854908
6075.4147,3.4185584
6076.8697,3.2352873
6078.3248,3.2533247
6079.78,3.1746312
6081.2355,2.910318
6082.6911,2.7401238
6084.1469,2.8496693
6085.6028,3.0141179
6087.059,3.0452345
6088.5153,2.9247183
6089.9718,2.9061641
6091.4284,2.8405523
6092.8853,2.7540267
6094.3423,2.5812278
6095.7995,2.4528746
6097.2568,2.5153722
6098.7143,2.6929038
6100.1721,2.7449464
6101.6299,2.485879
6103.088,2.3209306
6104.5462,2.3337612
6106.0046,2.5635864
6107.4632,2.6104063
6108.9219,2.5291229
6110.3809,2.4216969
6111.84,2.2985858
6113.2992,2.2539074
6114.7587,2.12557
6116.2183,1.984162
6117.6781,1.8584414
6119.1381,1.7248789
6120.5982,1.7638667
6122.0585,1.7113524
6123.519,1.7398851
6124.9797,1.6220138
6126.4405,1.5485882
6127.9016,1.587582
6129.3628,1.6579497
6130.8241,1.6263578
6132.2857,1.4431331
6133.7474,1.3252691
6135.2093,1.1734194
6136.6713,1.1183029
6138.1336,1.1416191
6139.596,1.3008841
6141.0585,1.3215883
6142.5213,1.2063461
6143.9842,0.9891442
6145.4473,0.91050566
6146.9106,0.94951539
6148.3741,0.98591197
6149.8377,1.0327673
6151.3015,0.99857807
6152.7655,1.019292
6154.2296,0.91713141
6155.694,0.739155
6157.1585,0.72850008
6158.6231,0.86686598
6160.088,1.0705926
6161.553,1.0468694
6163.0182,1.0100756
6164.4836,0.96021109
6165.9491,0.99923669
6167.4148,1.0800936
6168.8807,1.1295791
6170.3468,1.0980202
6171.813,1.0011029
6173.2794,0.92510196
6174.746,0.89616103
6176.2128,0.87767883
6177.6797,0.92978609
6179.1469,1.0080384
6180.6141,0.9555729
6182.0816,0.87435048
6183.5492,0.87417504
6185.017,0.95766096
6186.485,1.0646775
6187.9532,1.1063358
6189.4215,1.132309
6190.89,1.072009
6192.3587,1.003867
6193.8276,1.0742883
6195.2966,1.0218351
6196.7658,1.1236314
6198.2352,1.0894812
6199.7047,0.97951528
6201.1744,0.86693619
6202.6443,0.7308289
6204.1144,0.89537643
6205.5847,0.99718007
6207.0551,1.0466974
6208.5257,1.0726865
6209.9964,1.0542323
6211.4674,1.0540801
6212.9385,0.93366761
6214.4098,0.78972694
6215.8813,0.78696397
6217.3529,0.83387542
6218.8247,0.86248744
6220.2967,0.82835558
6221.7689,0.76023801
6223.2412,0.76793866
6224.7137,0.71550981
6226.1864,0.72059851
6227.6593,0.68647275
6229.1323,0.72293645
6230.6055,0.77770202
6232.0789,0.85338385
6233.5525,0.77743291
6235.0262,0.60997992
6236.5001,0.57063272
6237.9742,0.7116789
6239.4484,0.83965441
6240.9229,0.70619323
6242.3975,0.52306007
6243.8722,0.50724839
6245.3472,0.50189544
6246.8223,0.48347182
6248.2976,0.4938076
6249.7731,0.45970014
6251.2487,0.4648096
6252.7246,0.40194641
6254.2006,0.39137203
6255.6767,0.44092959
6257.1531,0.50356027
6258.6296,0.53743399
6260.1063,0.40398868
6261.5831,0.23917203
6263.0602,0.28612131
6264.5374,0.38797378
6266.0148,0.31989282
6267.4924,0.15246668
6268.9701,0.1549764
6270.448,0.25683374
6271.9261,0.27503217
6273.4044,0.19388542
6274.8828,0.20424316
6276.3614,0.20675898
6277.8402,0.15437406
6279.3191,0.14120605
6280.7983,0.22738566
6282.2776,0.37108283
6283.7571,0.44680737
6285.2367,0.49638933
6286.7165,0.3734235
6288.1965,0.25045889
6289.6767,0.21899876
6291.1571,0.26074247
6292.6376,0.33908871
6294.1183,0.25273029
6295.5992,0.1768306
6297.0802,0.087860235
6298.5614,0.12961005
6300.0428,0.11384474
6301.5244,0.009191763
6303.0061,-0.0013423459
6304.4881,0.087471171
6305.9701,0.10831205
6307.4524,0.042879643
6308.9349,-0.051309715
6310.4175,-0.022622036
6311.9003,-0.11942333
6313.3832,-0.20576589
6314.8664,-0.15615952
6316.3497,-0.10916631
6317.8332,0.016259501
6319.3168,-0.0047187002
6320.8007,0.0030624886
6322.2847,0.065746859
6323.7688,0.073530488
6325.2532,0.25386436
6326.7377,0.22243474
6328.2224,0.18316321
6329.7073,0.18833734
6331.1924,0.26148655
6332.6776,0.43398338
6334.163,0.27706967
6335.6486,0.04172581
6337.1343,-0.044597225
6338.6203,-0.15444845
6340.1064,-0.23031153
6341.5926,-0.40551979
6343.0791,-0.28268762
6344.5657,-0.065736575
6346.0525,-0.010875817
6347.5395,-0.025015537
6349.0266,-0.17771656
6350.5139,-0.16309652
6352.0014,-0.13801817
6353.4891,0.11189757
6354.9769,0.12390561
6356.4649,0.091469998
6357.9531,-0.10828508
6359.4415,-0.13810473
6360.93,-0.094720964
6362.4187,0.024480586
6363.9076,0.018192733
6365.3967,0.0040625372
6366.8859,-0.08326948
6368.3753,-0.013737958
6369.8649,0.095010044
6371.3547,0.080883023
6372.8446,0.095514965
6374.3347,-0.041486286
6375.825,0.030663584
6377.3154,0.050526665
6378.8061,0.07039054
6380.2969,0.0065950786
6381.7878,0.0055455085
6383.279,0.028026144
6384.7703,-0.011368124
6386.2618,-0.13965069
6387.7535,-0.22348822
6389.2453,-0.11386111
6390.7374,-0.038220343
6392.2296,0.011277227
6393.7219,-0.03334226
6395.2145,0.013542111
6396.7072,0.094414
6398.2001,0.096855106
6399.6931,-0.049722805
6401.1864,-0.070809931
6402.6798,-0.12326902
6404.1734,-0.042394178
6405.6671,-0.10792398
6407.1611,-0.061034889
6408.6552,0.035527994
6410.1495,-0.037843175
6411.6439,0.0064333057
6413.1386,-0.043407271
6414.6334,-0.012201506
6416.1284,-0.064655283
6417.6235,-0.015147685
6419.1189,0.068347431
6420.6144,0.047267974
6422.11,-0.025555731
6423.6059,-0.051320263
6425.1019,0.04840575
6426.5981,0.1873478
6428.0945,0.16158431
6429.591,0.088762349
6431.0878,-0.031118087
6432.5847,-0.041194253
6434.0817,-0.069570724
6435.579,-0.10056123
6437.0764,-0.024361836
6438.574,0.046609143
6440.0718,0.078364786
6441.5697,0.023846267
6443.0678,0.042530711
6444.5661,0.045529229
6446.0646,0.014541168
6447.5632,-0.073962885
6449.0621,-0.12847966
6450.561,-0.11502223
6452.0602,-0.036204978
6453.5595,-0.0070605771
6455.0591,-0.024974651
6456.5587,-0.12131975
6458.0586,-0.21243574
6459.5586,-0.097015436
6461.0588,-0.099241842
6462.5592,0.13382622
6464.0598,0.15512992
6465.5605,0.30715293
6467.0614,0.29708478
6468.5625,0.24518692
6470.0637,0.15407371
6471.5652,0.047274584
6473.0668,-0.0464523
6474.5686,-0.061747464
6476.0705,0.04060478
6477.5726,0.21615999
6479.0749,0.24008156
6480.5774,0.15681393
6482.08,0.19119371
6483.5829,0.30400522
6485.0859,0.25211119
6486.589,0.17407371
6488.0924,0.14570979
6489.5959,0.24545079
6491.0996,0.31904835
6492.6034,0.30375737
6494.1075,0.36951249
6495.6117,0.33592156
6497.1161,0.30755973
6498.6207,0.19292374
6500.1254,0.12273254
6501.6303,0.13358744
6503.1354,0.15751459
6504.6406,0.069023781
6506.1461,0.024977768
6507.6517,-0.10534241
6509.1575,-0.1023289
6510.6634,-0.039184322
6512.1696,-0.028326979
6513.6759,0.037432672
6515.1823,-0.17654589
6516.689,-0.14738685
6518.1958,-0.12345622
6519.7028,-0.00017882893
6521.21,0.070811324
6522.7173,-0.030747194
6524.2249,0.02978614
6525.7326,0.056332894
6527.2404,0.072422481
6528.7485,-0.023905884
6530.2567,-0.060103182
6531.7651,-0.0047968634
6533.2737,0.00083660131
6534.7824,-0.084573407
6536.2913,-0.22488558
6537.8004,-0.27892344
6539.3097,-0.1970138
6540.8191,-0.094189318
6542.3287,0.0060205777
6543.8385,0.027798899
6545.3485,0.18291035
6546.8586,0.27789088
6548.3689,0.19770782
6549.8794,0.070465721
6551.3901,0.081785516
6552.9009,0.20552341
6554.4119,0.19331339
6555.9231,0.050384213
6557.4345,0.059088821
6558.946,0.11485205
6560.4577,0.16015756
6561.9696,0.24729294
6563.4816,0.26906863
6564.9939,0.28822975
6566.5063,0.16359981
6568.0188,0.093871629
6569.5316,0.23329357
6571.0445,0.28644081
6572.5576,0.41279046
6574.0709,0.20449938
6575.5843,0.079868227
6577.098,0.2402042
6578.6117,0.31687983
6580.1257,0.38309775
6581.6399,0.13036122
6583.1542,0.11030422
6584.6687,0.19743656
6586.1833,0.16430727
6587.6982,0.13379215
6589.2132,0.04053173
6590.7284,0.17210771
6592.2437,0.25139591
6593.7593,0.36205645
6595.275,0.29493901
6596.7909,0.33239654
6598.3069,0.16331791
6599.8232,0.22430445
6601.3396,0.36372215
6602.8562,0.61555795
6604.3729,0.69745891
6605.8898,0.6251113
6607.4069,0.48478964
6608.9242,0.38368345
6610.4417,0.33225027
6611.9593,0.45859467
6613.4771,0.58232448
6614.9951,0.69298219
6616.5132,0.70952206
6618.0316,0.89076761
6619.5501,1.0301829
6621.0687,1.0702516
6622.5876,0.99528735
6624.1066,0.8994079
6625.6258,0.88718839
6627.1452,0.93509939
6628.6647,1.0666703
6630.1844,1.1720973
6631.7043,1.0971318
6633.2244,1.0875257
6634.7446,1.0857625
6636.265,1.1049141
6637.7856,1.1868106
6639.3064,1.137988
6640.8273,1.1806684
6642.3484,1.2338061
6643.8697,1.3758326
6645.3912,1.4655712
6646.9128,1.4638064
6648.4346,1.4149825
6649.9566,1.321714
6651.4787,1.2938048
6653.0011,1.2475947
6654.5236,1.460208
6656.0463,1.3721674
6657.5691,1.5246495
6659.0921,1.6405301
6660.6153,1.8113125
6662.1387,1.8749051
6663.6623,1.7973211
6665.186,1.9262728
6666.7099,2.2931328
6668.234,2.62862
6669.7582,3.0190091
6671.2826,3.0093979
6672.8072,3.0651459
6674.332,3.0895213
6675.8569,3.4380794
6677.382,3.7003628
6678.9073,3.8476133
6680.4328,4.2615303
6681.9584,4.840153
6683.4843,5.4579912
6685.0102,5.7072017
6686.5364,5.880595
6688.0627,6.2291515
6689.5893,6.6456817
6691.1159,7.1171136
6692.6428,7.3637088
6694.1698,7.4769704
6695.697,7.5405585
6697.2244,7.6224472
6698.752,7.7644663
6700.2797,7.8934134
6701.8076,8.1190923
6703.3357,8.289869
6704.8639,8.2410376
6706.3924,8.0562584
6707.921,8.010041
6709.4497,7.9559804
6710.9787,7.8679325
6712.5078,7.8269433
6714.0371,7.7964114
6715.5666,7.6822192
6717.0962,7.3876346
6718.6261,7.17671
6720.156,7.1017329
6721.6862,7.0424418
6723.2166,7.2053727
6724.7471,7.1591532
6726.2778,6.9769857
6727.8086,6.7085435
6729.3397,6.6753952
6730.8709,6.6527042
6732.4023,6.284915
6733.9338,5.9328119
6735.4656,5.6695974
6736.9975,5.5397161
6738.5296,5.4098346
6740.0618,5.1806064
6741.5943,4.9513781
6743.1269,4.6750907
6744.6596,4.315143
6746.1926,4.1172866
6747.7257,3.8383843
6749.259,3.9045798
6750.7925,4.0178339
6752.3262,4.0892578
6753.86,3.9567598
6755.394,3.6961571
6756.9282,3.5087568
6758.4625,3.470376
6759.997,3.5051975
6761.5317,3.5844633
6763.0666,3.5016373
6764.6017,3.4423406
6766.1369,3.4222594
6767.6723,3.3420472
6769.2078,3.1258871
6770.7436,3.0221451
6772.2795,3.1092526
6773.8156,3.293092
6775.3519,3.3331402
6776.8883,3.1666523
6778.4249,2.929576
6779.9617,2.778774
6781.4987,2.7273182
6783.0358,2.7098491
6784.5731,2.742053
6786.1106,2.8474594
6787.6482,3.0522119
6789.1861,3.0530427
6790.7241,2.9492981
6792.2623,2.6860761
6793.8006,2.4672984
6795.3392,2.4001545
6796.8779,2.4114418
6798.4167,2.7103106
6799.9558,2.8470876
6801.495,2.9551063
6803.0344,2.9742359
6804.574,2.8286594
6806.1137,2.795501
6807.6537,2.7257412
6809.1938,2.9435628
6810.734,3.0907959
6812.2745,2.9844341
6813.8151,2.912059
6815.3559,2.9468733
6816.8969,3.1829945
6818.438,3.2596384
6819.9793,3.2212495
6821.5208,3.1567165
6823.0625,3.262118
6824.6043,3.4302644
6826.1463,3.5278223
6827.6885,3.5391055
6829.2309,3.4667284
6830.7734,3.4518675
6832.3161,3.4788364
6833.859,3.6391384
6835.4021,3.7654533
6836.9453,3.870853
6838.4887,3.9893243
6840.0323,4.1313249
6841.576,4.1086194
6843.12,3.936894
6844.6641,3.8200705
6846.2083,3.9542271
6847.7528,4.1511286
6849.2974,4.3767881
6850.8422,4.4952578
6852.3872,4.5980411
6853.9323,4.7191248
6855.4777,4.8637377
6857.0232,5.0292655
6858.5688,5.0640741
6860.1147,5.0387518
6861.6607,5.1807495
6863.2069,5.3149039
6864.7533,5.6163784
6866.2998,5.768833
6867.8465,5.973575
6869.3934,6.013611
6870.9405,6.2105095
6872.4877,6.5668849
6874.0351,7.0618222
6875.5827,7.25872
6877.1305,7.3850295
6878.6784,7.5766982
6880.2265,7.9853602
6881.7748,8.33912
6883.3233,8.750396
6884.8719,9.2976194
6886.4207,9.9128165
6887.9697,10.397295
6889.5188,10.633406
6891.0682,10.898276
6892.6177,11.280793
6894.1674,11.961348
6895.7172,12.626217
6897.2672,12.953831
6898.8174,13.06968
6900.3678,13.052196
6901.9184,13.194188
6903.4691,13.503501
6905.02,13.875558
6906.571,14.069838
6908.1223,13.947777
6909.6737,13.755128
6911.2253,13.899734
6912.7771,13.918849
6914.329,13.749729
6915.8811,13.345314
6917.4334,13.309527
6918.9859,13.289426
6920.5385,13.083703
6922.0913,12.857066
6923.6443,12.842193
6925.1975,13.044313
6926.7508,12.927479
6928.3043,12.666853
6929.858,12.10296
6931.4119,11.855406
6932.9659,11.563407
6934.5201,11.438729
6936.0745,11.201632
6937.6291,11.050809
6939.1838,11.022862
6940.7387,10.72302
6942.2938,10.480693
6943.849,10.021373
6945.4044,9.7032293
6946.96,9.3720133
6948.5158,9.1061566
6950.0718,8.801084
6951.6279,8.3966648
6953.1842,8.065448
6954.7407,7.830963
6956.2973,7.6539942
6957.8541,7.4953258
6959.4111,7.3471147
6960.9683,7.2067466
6962.5256,7.1944828
6964.0831,7.2057483
6965.6408,7.2562292
6967.1987,7.1106315
6968.7567,6.7166676
6970.3149,6.3619192
6971.8733,6.1509614
6973.4319,6.0445786
6974.9906,5.8728361
6976.5495,5.8056685
6978.1086,5.7568014
6979.6679,5.8647969
6981.2273,5.716583
6982.7869,5.7147741
6984.3467,5.4855141
6985.9067,5.4471035
6987.4668,5.3433332
6989.0271,5.2996935
6990.5876,5.2508248
6992.1482,5.2516291
6993.709,5.1530868
6995.27,5.1251325
6996.8312,5.097178
6998.3926,5.0456939
6999.9541,4.921007
7001.5158,4.8224637
7003.0777,4.7631358
7004.6397,4.7194941
7006.2019,4.5634338
7007.7643,4.6844975
7009.3269,4.6722277
7010.8896,4.6913302
7012.4525,4.5483411
7014.0156,4.4445674
7015.5789,4.4192248
7017.1423,4.4043396
7018.7059,4.4600424
7020.2697,4.5340457
7021.8337,4.4721011
7023.3978,4.3212674
7024.9621,4.1155315
7026.5266,4.1163313
7028.0913,4.1877192
7029.6561,4.1963618
7031.2211,4.2285336
7032.7863,4.252862
7034.3517,4.5517001
7035.9172,4.6570739
7037.4829,4.655258
7039.0488,4.4782784
7040.6148,4.4738477
7042.181,4.5138612
7043.7474,4.4728288
7045.314,4.4866981
7046.8808,4.7437045
7048.4477,4.9353512
7050.0148,4.8158865
7051.582,4.6284479
7053.1495,4.6789175
7054.7171,4.9489948
7056.2849,5.020379
7057.8529,5.0630049
7059.421,5.0167417
7060.9893,5.1011972
7062.5578,5.0967637
7064.1265,5.1420031
7065.6953,5.1950855
7067.2643,5.2167951
7068.8335,5.4032104
7070.4029,5.4562922
7071.9724,5.5695045
7073.5421,5.6382721
7075.112,5.7201115
7076.6821,5.7888787
7078.2523,5.6903255
7079.8227,5.6937329
7081.3933,5.6605387
7082.964,5.7110045
7084.535,5.871274
7086.1061,6.0759878
7087.6774,6.3512895
7089.2488,6.5377022
7090.8204,6.8600624
7092.3922,7.1118342
7093.9642,7.2459587
7095.5364,7.4611287
7097.1087,7.665841
7098.6812,8.0770891
7100.2538,8.4438925
7101.8267,8.826382
7103.3997,9.2297864
7104.9729,9.4057395
7106.5463,9.5738493
7108.1198,9.7471877
7109.6935,9.9022252
7111.2674,10.135694
7112.8415,10.431907
7114.4157,10.772565
7115.9901,10.927602
7117.5647,10.936233
7119.1395,11.261204
7120.7144,11.750881
7122.2895,11.966047
7123.8648,11.726312
7125.4403,11.585923
7127.0159,11.704357
7128.5917,11.833248
7130.1677,11.896779
7131.7438,11.897566
7133.3202,12.144104
7134.8967,12.110902
7136.4733,12.171819
7138.0502,12.352997
7139.6272,12.654435
7141.2044,12.754567
7142.7818,12.308293
7144.3593,11.7313
7145.9371,11.279797
7147.515,11.191692
7149.093,11.30228
7150.6713,11.21679
7152.2497,10.982279
7153.8283,10.802671
7155.407,10.790382
7156.986,10.534956
7158.5651,10.376262
7160.1444,10.115606
7161.7239,10.184363
7163.3035,9.8322039
7164.8833,9.474816
7166.4633,9.2873626
7168.0435,9.2593861
7169.6238,9.0850042
7171.2043,8.6178116
7172.785,8.4591155
7174.3658,8.4964977
7175.9469,8.5103503
7177.5281,8.5006732
7179.1095,8.4256365
7180.691,8.5179198
7182.2727,8.2860199
7183.8546,8.1717669
7185.4367,7.9660104
7187.019,7.8752863
7188.6014,7.721817
7190.184,7.7879553
7191.7668,7.6031131
7193.3497,7.4888588
7194.9328,7.3850619
7196.5161,7.3152517
7198.0996,7.4728923
7199.6833,7.4867418
7201.2671,7.8038591
7202.8511,7.7549631
7204.4352,7.5387467
7206.0196,7.3120725
7207.6041,7.2370321
7209.1888,7.2900961
7210.7736,7.3876044
7212.3587,7.4171386
7213.9439,7.4780451
7215.5293,7.2226115
7217.1148,6.961949
7218.7006,6.8476916
7220.2865,6.796179
7221.8726,6.7551237
7223.4588,6.6513232
7225.0453,6.5762806
7226.6319,6.5090809
7228.2186,6.2641033
7229.8056,6.3354653
7231.3927,6.4800297
7232.98,6.4677312
7234.5675,6.2122952
7236.1551,6.0248329
7237.743,6.0805077
7239.331,6.1178816
7240.9191,6.0219219
7242.5075,5.9416483
7244.096,5.9502634
7245.6847,5.9693359
7247.2736,6.0406957
7248.8626,5.8846043
7250.4518,5.7781859
7252.0412,5.5724209
7253.6308,5.4241721
7255.2205,5.2602368
7256.8105,5.2427065
7258.4005,5.397725
7259.9908,5.3200636
7261.5813,5.1352124
7263.1719,5.1124525
7264.7626,5.14198
7266.3536,5.1322917
7267.9447,5.0258711
7269.5361,5.1573588
7271.1275,5.27316
7272.7192,5.2451701
7274.311,5.1910363
7275.903,5.1787324
7277.4952,5.1742713
7279.0876,5.1593526
7280.6801,5.0607735
7282.2728,5.0197106
7283.8657,4.8636147
7285.4587,4.765035
7287.0519,4.7736447
7288.6453,4.9234306
7290.2389,5.0889026
7291.8327,5.2491457
7293.4266,5.150565
7295.0207,5.0467553
7296.615,4.8357559
7298.2094,4.857436
7299.804,4.9026454
7301.3988,5.0001421
7302.9938,5.0845667
7304.5889,5.0278147
7306.1842,4.795899
7307.7797,4.6816303
7309.3754,4.7425247
7310.9712,4.9184516
7312.5672,4.8695416
7314.1634,4.8206315
7315.7598,4.7874075
7317.3563,4.7620264
7318.953,4.8333771
7320.5499,4.7609367
7322.147,4.963006
7323.7442,5.0421992
7325.3416,5.2887125
7326.9392,5.2241145
7328.5369,5.2118039
7330.1349,5.1890355
7331.733,5.2054827
7333.3312,5.2140865
7334.9297,5.125958
7336.5283,5.1031889
7338.1271,4.9967594
7339.7261,4.9739898
7341.3252,4.9120044
7342.9246,4.7297573
7344.524,4.4743074
7346.1237,4.2476155
7347.7236,4.2483743
7349.3236,4.3850806
7350.9238,4.4485842
7352.5241,4.3735254
7354.1247,4.1860482
7355.7254,4.0534727
7357.3263,3.8555375
7358.9273,3.8510661
7360.5286,3.8622809
7362.13,4.0016
7363.7316,3.7801346
7365.3333,3.78612
7366.9353,3.7685757
7368.5374,3.9680248
7370.1397,3.7779311
7371.7421,3.4832621
7373.3448,3.2879392
7374.9476,3.3122241
7376.5505,3.448927
7378.1537,3.5019696
7379.757,3.3772342
7381.3605,3.2786424
7382.9642,3.0571745
7384.5681,2.9611967
7386.1721,2.9462644
7387.7763,2.9470182
7389.3806,3.0706476
7390.9852,2.9276101
7392.5899,2.8865333
7394.1948,2.699051
7395.7999,2.7076469
7397.4051,2.7842164
7399.0105,2.9522891
7400.6161,2.9033681
7402.2219,2.8701331
7403.8278,2.7872247
7405.434,2.8637933
7407.0402,2.8044139
7408.6467,2.7293481
7410.2533,2.7379422
7411.8602,2.6785622
7413.4671,2.7603586
7415.0743,2.8055534
7416.6816,2.9971532
7418.2891,3.0423476
7419.8968,2.8574764
7421.5047,2.7693371
7423.1127,2.6106093
7424.7209,2.7342343
7426.3293,2.68531
7427.9379,2.8063202
7429.5466,2.788768
7431.1555,2.7973595
7432.7646,2.855624
7434.3738,3.0681366
7435.9832,3.1891458
7437.5928,3.0382593
7439.2026,2.9971766
7440.8126,3.110342
7442.4227,3.2444223
7444.033,3.1379795
7445.6434,3.0210789
7447.2541,3.1054854
7448.8649,3.3075387
7450.4759,3.4651473
7452.0871,3.5835401
7453.6984,3.5659849
7455.3099,3.4778413
7456.9216,3.4838152
7458.5335,3.4793314
7460.1455,3.5585074
7461.7577,3.5775526
7463.3701,3.5233949
7464.9827,3.524139
7466.5954,3.3418764
7468.2083,3.4419664
7469.8214,3.4061086
7471.4346,3.5375709
7473.0481,3.5566146
7474.6617,3.6854621
7476.2755,3.6417603
7477.8894,3.658189
7479.5035,3.6615457
7481.1178,3.7381048
7482.7323,3.7440754
7484.347,3.723902
7485.9618,3.8632056
7487.5768,3.7907442
7489.192,3.5797206
7490.8073,3.3948405
7492.4228,3.3746662
7494.0385,3.3937073
7495.6544,3.3134018
7497.2704,3.2958412
7498.8867,3.3959274
7500.503,3.430654
7502.1196,3.3163608
7503.7364,3.2569693
7505.3533,3.2184926
7506.9704,3.2532184
7508.5876,3.1807544
7510.2051,3.0403164
7511.8227,2.8998782
7513.4405,2.7777404
7515.0584,2.7680207
7516.6765,2.7687583
7518.2949,2.6440055
7519.9133,2.542782
7521.532,2.5252183
7523.1508,2.5128833
7524.7698,2.4561035
7526.389,2.2764478
7528.0084,2.2954847
7529.6279,2.2936063
7531.2476,2.2577408
7532.8675,2.214032
7534.4875,2.1467935
7536.1077,2.1423
7537.7281,2.0593748
7539.3487,2.0940966
7540.9695,2.1366612
7542.5904,2.0171342
7544.2115,1.9629664
7545.8327,1.8774259
7547.4542,1.935676
7549.0758,1.9494815
7550.6976,1.9397574
7552.3196,2.0346082
7553.9417,1.985668
7555.564,2.1040478
7557.1865,2.1466105
7558.8092,2.0819834
7560.432,2.0487286
7562.055,1.976258
7563.6782,1.9403884
7565.3016,1.9228193
7566.9251,1.9627664
7568.5488,2.0654583
7570.1727,2.1733788
7571.7967,2.1662665
7573.421,2.187912
7575.0454,2.0762241
7576.6699,2.0769543
7578.2947,2.1639587
7579.9196,2.2039041
7581.5447,2.3771827
7583.17,2.3674545
7584.7955,2.3890987
7586.4211,2.4395009
7588.0469,2.3800989
7589.6729,2.4566444
7591.299,2.3031244
7592.9253,2.4084277
7594.5518,2.3960837
7596.1785,2.4020402
7597.8053,2.4550553
7599.4323,2.4139526
7601.0595,2.4486666
7602.6869,2.5069099
7604.3144,2.5939111
7605.9422,2.7933304
7607.57,2.9300044
7609.1981,3.0483776
7610.8263,2.9654434
7612.4548,2.8354502
7614.0833,2.8309469
7615.7121,2.9623912
7617.341,3.065077
7618.9701,3.1651483
7620.5994,3.0743698
7622.2289,3.0646368
7623.8585,3.1176486
7625.4883,3.1262159
7627.1183,3.1190966
7628.7484,3.1747223
7630.3788,3.4238118
7632.0093,3.5186527
7633.6399,3.5925784
7635.2708,3.5174843
7636.9018,3.6881416
7638.533,3.4797137
7640.1644,3.2686713
7641.7959,3.0576287
7643.4277,3.1054094
7645.0596,3.4120134
7646.6916,3.3421466
7648.3239,3.2775084
7649.9563,3.1239811
7651.5889,3.1325451
7653.2216,3.0496056
7654.8546,2.9692803
7656.4877,2.9229417
7658.121,2.7798709
7659.7544,2.5740549
7661.3881,2.6505915
7663.0219,2.789873
7664.6559,2.8899387
7666.29,2.4618995
7667.9244,2.1881086
7669.5589,1.9953632
7671.1936,1.922879
7672.8284,1.9235972
7674.4634,1.9138577
7676.0986,1.9511769
7677.734,1.8133324
7679.3696,1.6022851
7681.0053,1.524571
7682.6412,1.3448958
7684.2773,1.2907107
7685.9135,1.3123423
7687.55,1.4646927
7689.1866,1.5307684
7690.8233,1.3510923
7692.4603,1.1714159
7694.0974,1.140759
7695.7347,1.1440888
7697.3722,1.1970916
7699.0098,1.0670876
7700.6476,1.0155148
7702.2856,0.92995491
7703.9238,0.96465623
7705.5621,1.0594881
7707.2006,1.0131432
7708.8393,0.91451062
7710.4782,0.70868826
7712.1172,0.68848661
7713.7564,0.77285993
7715.3958,0.92259251
7717.0354,1.0697105
7718.6751,1.0129068
7720.315,0.82276946
7721.9551,0.72936398
7723.5953,0.65948772
7725.2358,0.90595112
7726.8764,0.9171202
7728.5172,0.87077274
7730.1581,0.75122246
7731.7992,0.68657395
7733.4405,0.55656575
7735.082,0.39257042
7736.7237,0.31223502
7738.3655,0.49595171
7740.0075,0.61169434
7741.6497,0.66207729
7743.292,0.62879991
7744.9345,0.47003213
7746.5772,0.45766937
7748.2201,0.41654825
7749.8631,0.48000208
7751.5063,0.39443611
7753.1497,0.41867385
7754.7933,0.43768264
7756.437,0.32597227
7758.081,0.14367346
7759.725,0.11300844
7761.3693,0.31502295
7763.0137,0.29742942
7764.6583,0.14127359
7766.3031,0.15243782
7767.9481,0.23419009
7769.5932,0.31594215
7771.2385,0.12579859
7772.884,0.076831298
7774.5297,0.11936707
7776.1755,0.10961506
7777.8215,0.065875917
7779.4677,0.082267293
7781.114,0.012383956
7782.7606,0.013088653
7784.4073,-0.085553257
7786.0541,0.0092686823
7787.7012,0.012587152
7789.3484,-0.025924646
7790.9958,-0.040907233
7792.6434,-0.027131853
7794.2911,-0.0002847799
7795.939,0.16512418
7797.5871,0.21111808
7799.2354,0.10024774
7800.8838,-0.12565678
7802.5325,-0.19731442
7804.1813,-0.046751337
7805.8302,-0.053052492
7807.4794,-0.038440109
7809.1287,-0.14147628
7810.7782,-0.20791263
7812.4278,-0.20637663
7814.0777,-0.28850225
7815.7277,-0.25036792
7817.3779,-0.39524163
7819.0282,-0.37802533
7820.6787,-0.27453601
7822.3295,-0.20503511
7823.9803,-0.057104333
7825.6314,-0.11048224
7827.2826,-0.03052831
7828.934,-0.12835365
7830.5856,-0.13153996
7832.2374,-0.10178659
7833.8893,-0.13164256
7835.5414,-0.084637276
7837.1937,-0.02351584
7838.8461,-0.025140995
7840.4987,0.028134316
7842.1515,0.11748656
7843.8045,0.2742883
7845.4576,0.34167678
7847.111,0.38553435
7848.7645,0.40899826
7850.4181,0.40265677
7852.072,0.34454907
7853.726,0.26291047
7855.3802,0.19852527
7857.0345,0.096491526
7858.6891,0.036809226
7860.3438,0.039870529
7861.9987,0.079008769
7863.6537,0.21383179
7865.309,0.32982979
7866.9644,0.34229688
7868.62,0.26221346
7870.2757,0.19154031
7871.9317,0.10517938
7873.5878,0.050189519
7875.2441,0.029707963
7876.9005,0.11746021
7878.5571,0.16599527
7880.2139,0.063940606
7881.8709,0.026198172
7883.5281,0.052767969
7885.1854,0.011885292
7886.8429,-0.032136135
7888.5006,0.014821337
7890.1584,0.077463589
7891.8164,0.066378856
7893.4746,-0.029413253
7895.133,-0.096971561
7896.7916,-0.070413717
7898.4503,-0.10503384
7900.1092,-0.11769467
7901.7682,-0.1366315
7903.4275,-0.084981596
7905.0869,-0.070980242
7906.7465,-0.11658823
7908.4063,-0.17945261
7910.0662,-0.099573381
7911.7263,-0.18440153
7913.3866,-0.18295667
7915.0471,-0.10465056
7916.7077,-0.057718484
7918.3685,-0.082944769
7920.0295,0.017317647
7921.6906,0.050576363
7923.352,0.025795896
7925.0135,0.095133109
7926.6752,0.13309781
7928.337,0.18204293
7929.999,0.25765475
7931.6613,0.2469921
7933.3236,0.20495693
7934.9862,0.26801983
7936.6489,0.32794552
7938.3118,0.35649868
7939.9749,0.38818914
7941.6381,0.46536982
7943.3016,0.51431524
7944.9652,0.6260058
7946.6289,0.69534344
7948.2929,0.83056348
7949.957,0.97519531
7951.6213,1.0445331
7953.2857,1.0840669
7954.9504,1.1643851
7956.6152,1.246272
7958.2802,1.3265903
7959.9454,1.4257321
7961.6107,1.4087955
7963.2762,1.3934276
7964.9419,1.4204127
7966.6078,1.4348488
7968.2738,1.5292849
7969.94,1.6629367
7971.6064,1.7463925
7973.273,1.9035738
7974.9397,2.0482062
7976.6066,2.1724464
7978.2737,2.3672749
7979.9409,2.7299465
7981.6084,2.924775
7983.276,3.0913683
7984.9437,3.3520793
7986.6117,3.6331824
7988.2798,3.7746778
7989.9481,3.9381339
7991.6166,4.2929627
7993.2852,4.5787718
7994.9541,4.7908556
7996.6231,5.0986256
7998.2922,5.6087486
7999.9616,5.9855383
8001.6311,6.3403672
8003.3008,6.9540197
8004.9707,7.4123781
8006.6407,7.8032856
8008.3109,8.2632127
8009.9813,8.8752967
8011.6519,9.4073808
8013.3226,10.044563
8014.9935,10.735078
8016.6646,11.587163
8018.3359,12.363953
8020.0073,13.184664
8021.6789,14.22969
8023.3507,15.370401
8025.0227,16.471897
8026.6948,17.656531
8028.3671,18.944694
8030.0396,20.246974
8031.7122,21.495921
8033.3851,22.820163
8035.0581,24.327933
8036.7312,25.727469
8038.4046,27.037593
8040.0781,28.473207
8041.7518,29.825684
8043.4257,30.991494
8045.0997,32.303186
8046.774,33.611742
8048.4484,34.628532
8050.1229,35.439833
8051.7977,36.056623
8053.4726,36.47263
8055.1477,36.901185
8056.823,37.295231
8058.4984,37.681434
8060.174,38.160185
8061.8498,38.433447
8063.5258,38.496512
8065.2019,38.550166
8066.8782,38.602251
8068.5547,38.724925
8070.2314,38.759755
8071.9082,38.692625
8073.5852,38.56118
8075.2624,38.544246
8076.9398,38.290449
8078.6173,37.940966
8080.295,37.803247
8081.9729,37.693764
8083.6509,37.364673
8085.3292,37.146955
8087.0076,37.040609
8088.6861,36.653479
8090.3649,36.153408
8092.0438,35.738042
8093.7229,35.093657
8095.4022,34.502606
8097.0816,34.029201
8098.7613,33.469522
8100.4411,32.635334
8102.121,31.94389
8103.8012,31.28225
8105.4815,30.579827
8107.162,29.877403
8108.8426,29.20792
8110.5235,28.532163
8112.2045,27.661896
8113.8857,26.655159
8115.5671,25.880578
8117.2486,25.280115
8118.9303,24.492986
8120.6122,23.961542
8122.2943,23.519511
8123.9765,22.931597
8125.6589,22.354664
8127.3415,21.842044
8129.0242,21.149033
8130.7072,20.584649
8132.3903,20.241441
8134.0736,19.793135
8135.757,19.51581
8137.4406,19.395348
8139.1245,19.25763
8140.8084,18.934815
8142.4926,18.720235
8144.1769,18.478988
8145.8614,18.171859
8147.5461,17.814534
8149.2309,17.601523
8150.9159,17.476355
8152.6011,17.338638
8154.2865,17.265234
8155.9721,17.201243
8157.6578,17.087055
8159.3437,17.052868
8161.0297,16.949661
8162.716,16.813512
8164.4024,16.718148
8166.089,16.76553
8167.7758,16.649774
8169.4627,16.521469
8171.1498,16.380615
8172.8371,16.253878
8174.5245,16.012632
8176.2122,15.893739
8177.9,15.923866
8179.588,15.969679
8181.2761,16.013923
8182.9645,16.117775
8184.653,16.119667
8186.3417,16.105872
8188.0305,16.159528
8189.7195,16.194361
8191.4087,16.229193
8193.0981,16.375398
8194.7877,16.549839
8196.4774,16.645848
8198.1673,16.867348
8199.8574,17.088847
8201.5476,17.257014
8203.238,17.448709
8204.9286,17.718836
8206.6194,17.852493
8208.3103,17.909287
8210.0015,18.022551
8211.6928,18.196992
8213.3842,18.299276
8215.0759,18.472149
8216.7677,18.710903
8218.4597,18.847697
8220.1518,18.921746
8221.8442,19.09305
8223.5367,19.21259
8225.2294,19.31958
8226.9222,19.468923
8228.6153,19.430031
8230.3085,19.372315
8232.0019,19.443227
8233.6954,19.369826
8235.3891,19.374855
8237.0831,19.406552
8238.7771,19.414719
8240.4714,19.25818
8242.1658,19.252229
8243.8604,19.127063
8245.5552,18.964249
8247.2501,19.011632
8248.9453,19.010388
8250.6406,18.940124
8252.336,18.827506
8254.0317,18.88587
8255.7275,18.682272
8257.4235,18.62142
8259.1197,18.629587
8260.816,18.705206
8262.5125,18.66004
8264.2092,18.603894
8265.9061,18.495983
8267.6031,18.362974
8269.3004,18.273887
8270.9978,18.131466
8272.6953,18.123947
8274.3931,18.075644
8276.091,18.013224
8277.7891,17.957078
8279.4873,17.933873
8281.1857,17.80557
8282.8844,17.696091
8284.5831,17.696416
8286.2821,17.70929
8287.9812,17.712752
8289.6805,17.76641
8291.38,17.779284
8293.0797,17.760785
8294.7795,17.7266
8296.4795,17.741043
8298.1797,17.860583
8299.88,18.03032
8301.5806,18.131037
8303.2813,18.347833
8304.9821,18.468943
8306.6832,18.472405
8308.3844,18.646848
8310.0858,18.818153
8311.7874,18.923577
8313.4891,19.262726
8315.191,19.542267
8316.8931,19.737102
8318.5954,19.982133
8320.2978,20.181674
8322.0004,20.436117
8323.7032,20.736051
8325.4062,20.985788
8327.1093,21.27631
8328.8126,21.642125
8330.5161,21.838529
8332.2198,21.962777
8333.9236,22.163887
8335.6276,22.477938
8337.3318,22.655519
8339.0362,22.922511
8340.7407,23.349503
8342.4454,23.724731
8344.1503,23.994861
8345.8553,24.407736
8347.5606,24.790807
8349.266,25.126819
8350.9715,25.549106
8352.6773,26.015315
8354.3832,26.533288
8356.0893,27.044986
8357.7956,27.533156
8359.502,28.102894
8361.2087,28.719691
8362.9155,29.143546
8364.6224,29.691324
8366.3296,30.356748
8368.0369,30.909231
8369.7444,31.253087
8371.4521,31.747531
8373.1599,32.449034
8374.8679,33.072106
8376.5761,33.626158
8378.2845,34.349621
8379.993,35.077791
8381.7017,35.605177
8383.4106,36.054131
8385.1197,36.653673
8386.8289,37.361451
8388.5383,38.108444
8390.2479,38.769163
8391.9576,39.539686
8393.6676,40.376091
8395.3777,41.035242
8397.088,41.758706
8398.7984,42.548053
8400.509,43.431517
8402.2198,44.393412
8403.9308,45.440014
8405.642,46.318772
8407.3533,47.352825
8409.0648,48.314721
8410.7765,49.071126
8412.4883,50.130277
8414.2003,51.288252
8415.9125,52.265834
8417.6249,53.375181
8419.3374,54.406096
8421.0502,55.132698
8422.7631,55.871849
8424.4761,56.676883
8426.1894,57.375249
8427.9028,58.115969
8429.6164,58.848845
8431.3301,59.520546
8433.0441,60.054207
8434.7582,60.669436
8436.4725,61.37094
8438.1869,61.763425
8439.9016,61.941008
8441.6164,62.333492
8443.3314,62.471859
8445.0465,62.425128
8446.7618,62.574476
8448.4773,62.678333
8450.193,62.589249
8451.9089,62.360558
8453.6249,62.177356
8455.3411,62.0569
8457.0575,61.970954
8458.774,61.754811
8460.4908,61.739453
8462.2077,61.518605
8463.9247,61.285208
8465.642,60.920046
8467.3594,60.537629
8469.077,60.191291
8470.7948,59.992403
8472.5127,59.442143
8474.2308,58.99855
8475.9491,58.558094
8477.6676,57.778815
8479.3862,56.983849
8481.105,56.28457
8482.824,55.444114
8484.5432,54.600521
8486.2625,54.020458
8487.982,53.175297
8489.7017,52.361508
8491.4216,51.654385
8493.1416,50.966087
8494.8618,50.122494
8496.5822,49.329097
8498.3028,48.505897
8500.0235,47.566618
8501.7444,46.737143
8503.4655,45.992374
8505.1867,45.247605
8506.9082,44.579699
8508.6298,44.026302
8510.3515,43.31918
8512.0735,42.682647
8513.7956,42.093172
8515.5179,41.381344
8517.2404,40.705595
8518.963,40.123964
8520.6859,39.495273
8522.4089,38.979524
8524.132,38.669266
8525.8554,38.352732
8527.5789,37.986003
8529.3026,37.594176
8531.0264,37.14274
8532.7505,36.741501
8534.4747,36.478301
8536.1991,36.229219
8537.9236,36.072686
8539.6484,36.096545
8541.3733,36.001189
8543.0984,35.833675
8544.8236,35.667731
8546.5491,35.461002
8548.2747,35.233881
8550.0005,35.064799
8551.7264,34.941207
8553.4526,34.889772
8555.1789,34.866573
8556.9053,34.830824
8558.632,34.8139
8560.3588,34.784426
8562.0858,34.773776
8563.813,34.722341
8565.5403,34.75875
8567.2679,34.73555
8568.9956,34.74843
8570.7234,34.761309
8572.4515,34.758502
8574.1797,34.77295
8575.9081,34.8423
8577.6367,34.870866
8579.3654,34.860216
8581.0943,34.960939
8582.8234,35.006759
8584.5527,34.933364
8586.2821,34.914871
8588.0117,34.874418
8589.7415,34.790042
8591.4715,34.664883
8593.2016,34.632273
8594.9319,34.621623
8596.6624,34.579601
8598.3931,34.545422
8600.1239,34.38889
8601.8549,34.244907
8603.5861,34.18563
8605.3175,34.167138
8607.049,34.023155
8608.7807,33.976427
8610.5126,34.019111
8612.2446,33.846893
8613.9769,33.728009
8615.7093,33.698536
8617.4418,33.568671
8619.1746,33.478022
8620.9075,33.431294
8622.6406,33.293586
8624.3739,33.044506
8626.1073,32.887974
8627.841,32.618502
8629.5748,32.411774
8631.3087,32.129753
8633.0429,31.987339
8634.7772,31.826102
8636.5117,31.653885
8638.2463,31.39853
8639.9812,31.292195
8641.7162,31.182723
8643.4514,31.068545
8645.1867,30.885347
8646.9223,30.669208
8648.658,30.344834
8650.3939,30.004774
8652.1299,29.633341
8653.8662,29.360732
8655.6026,29.150867
8657.3392,29.017866
8659.0759,28.790747
8660.8129,28.70951
8662.55,28.658078
8664.2872,28.586253
8666.0247,28.345017
8667.7623,28.067702
8669.5001,27.737053
8671.2381,27.450327
8672.9762,27.19811
8674.7146,27.065109
8676.4531,27.125049
8678.1917,27.145774
8679.9306,26.899832
8681.6696,26.631929
8683.4088,26.47383
8685.1482,26.176123
8686.8877,25.953711
8688.6274,25.858357
8690.3673,25.697121
8692.1074,25.510787
8693.8476,25.371512
8695.588,25.164785
8697.3286,25.053746
8699.0694,24.901921
8700.8103,24.721862
8702.5514,24.632783
8704.2927,24.518606
8706.0342,24.3809
8707.7758,24.351429
8709.5176,24.33137
8711.2596,24.204644
8713.0018,24.154781
8714.7441,24.123741
8716.4866,24.131918
8718.2293,24.080486
8719.9721,24.036898
8721.7152,23.979191
8723.4584,23.752074
8725.2017,23.550054
8726.9453,23.434309
8728.689,23.407976
8730.4329,23.367525
8732.177,23.325505
8733.9212,23.330544
8735.6656,23.290093
8737.4102,23.160231
8739.155,23.064878
8740.8999,23.088741
8742.6451,23.059271
8744.3904,22.992153
8746.1358,22.931311
8747.8815,22.930076
8749.6273,22.864527
8751.3733,22.707998
8753.1194,22.771077
8754.8658,22.816901
8756.6123,22.734098
8758.359,22.723451
8760.1058,22.734765
8761.8529,22.600197
8763.6001,22.45308
8765.3474,22.34361
8767.095,22.290611
8768.8427,22.243886
8770.5906,22.209711
8772.3387,22.219457
8774.087,22.263712
8775.8354,22.242086
8777.584,22.240852
8779.3328,22.239617
8781.0817,22.186618
8782.8308,22.034796
8784.5801,21.900228
8786.3296,21.866053
8788.0793,21.739328
8789.8291,21.687898
8791.5791,21.729017
8793.3292,21.773273
8795.0796,21.739098
8796.8301,21.711197
8798.5808,21.672316
8800.3317,21.55971
8802.0827,21.407887
8803.8339,21.279595
8805.5853,21.226596
8807.3369,21.220657
8809.0886,21.308835
8810.8405,21.342111
8812.5926,21.354995
8814.3449,21.322388
8816.0973,21.231743
8817.8499,21.054823
8819.6027,21.088099
8821.3556,21.011572
8823.1088,20.98524
8824.8621,20.990281
8826.6155,20.992185
8828.3692,20.90154
8830.123,20.980306
8831.877,20.955544
8833.6312,20.937055
8835.3855,20.921704
8837.1401,20.964393
8838.8948,20.925513
8840.6496,20.927417
8842.4047,20.926183
8844.1599,20.957892
8845.9153,21.016266
8847.6709,21.0417
8849.4266,21.015369
8851.1825,21.037665
8852.9386,21.100746
8854.6949,21.066572
8856.4513,21.022986
8858.2079,21.095479
8859.9647,21.133462
8861.7217,21.064778
8863.4788,20.992957
8865.2361,21.067018
8866.9936,21.111276
8868.7513,21.114749
8870.5091,21.133909
8872.2671,21.178166
8874.0253,21.114189
8875.7837,21.036093
8877.5422,21.04741
8879.3009,21.110491
8881.0598,21.140631
8882.8188,21.235085
8884.578,21.309147
8886.3374,21.362817
8888.097,21.334918
8889.8568,21.327411
8891.6167,21.384218
8893.3768,21.441025
8895.1371,21.499401
8896.8975,21.578169
8898.6581,21.656937
8900.4189,21.636881
8902.1799,21.576041
8903.941,21.466574
8905.7024,21.459067
8907.4638,21.446855
8909.2255,21.462878
8910.9873,21.54949
8912.7494,21.600022
8914.5116,21.65683
8916.2739,21.663441
8918.0364,21.616719
8919.7992,21.71588
8921.562,21.760138
8923.3251,21.751064
8925.0883,21.759244
8926.8517,21.768993
8928.6153,21.714428
8930.3791,21.713196
8932.143,21.799808
8933.9071,21.792302
8935.6714,21.825581
8937.4358,21.816506
8939.2005,21.722726
8940.9653,21.591298
8942.7302,21.618302
8944.4954,21.670405
8946.2607,21.672311
8948.0262,21.72755
8949.7919,21.771809
8951.5577,21.671755
8953.3238,21.557582
8955.0899,21.474783
8956.8563,21.365316
8958.6229,21.205654
8960.3896,21.07109
8962.1565,20.955349
8963.9235,20.789412
8965.6908,20.689358
8967.4582,20.611265
8969.2258,20.490818
8970.9935,20.42998
8972.7615,20.356592
8974.5296,20.31144
8976.2979,20.140797
8978.0663,20.047018
8979.835,19.964219
8981.6038,19.88142
8983.3727,19.779797
8985.1419,19.6719
8986.9112,19.615767
8988.6807,19.412184
8990.4504,19.254091
8992.2203,19.10541
8993.9903,19.08065
8995.7605,19.043341
8997.5309,19.034268
8999.3014,18.964018
9001.0721,18.879651
9002.843,18.781166
9004.6141,18.654446
9006.3853,18.571647
9008.1568,18.40728
9009.9284,18.332324
9011.7001,18.382859
9013.4721,18.398884
9015.2442,18.273732
9017.0165,18.259954
9018.7889,18.158332
9020.5616,18.004945
9022.3344,17.892343
9024.1074,17.878564
9025.8805,17.941648
9027.6539,17.98434
9029.4274,17.921934
9031.2011,17.963057
9032.9749,17.924181
9034.749,17.786481
9036.5232,17.783682
9038.2976,17.779316
9040.0721,17.619655
9041.8468,17.549406
9043.6217,17.537196
9045.3968,17.448124
9047.1721,17.396698
9048.9475,17.439391
9050.7231,17.455416
9052.4989,17.444775
9054.2748,17.415311
9056.0509,17.458003
9057.8272,17.483441
9059.6037,17.490055
9061.3804,17.562552
9063.1572,17.707205
9064.9342,17.753035
9066.7113,17.822394
9068.4887,17.865087
9070.2662,17.91876
9072.0439,17.887727
9073.8218,17.869244
9075.5998,17.798995
9077.378,17.838551
9079.1564,17.809087
9080.935,17.779623
9082.7137,17.866237
9084.4926,17.938734
9086.2717,17.945349
9088.0509,18.036669
9089.8304,18.054265
9091.61,18.054605
9093.3898,18.147494
9095.1697,18.15254
9096.9498,18.135625
9098.7302,18.266162
9100.5106,18.384149
9102.2913,18.321745
9104.0721,18.45385
9105.8531,18.653406
9107.6343,18.815315
9109.4156,18.931734
9111.1972,19.12031
9112.9788,19.296337
9114.7607,19.37354
9116.5428,19.3629
9118.325,19.380496
9120.1074,19.448287
9121.8899,19.448628
9123.6727,19.508577
9125.4556,19.642251
9127.2387,19.692788
9129.022,19.812344
9130.8054,20.032293
9132.589,20.18636
9134.3728,20.357681
9136.1568,20.549395
9137.9409,20.728559
9139.7252,20.896743
9141.5097,21.053947
9143.2943,21.146837
9145.0792,21.401296
9146.8642,21.591441
9148.6494,21.808253
9150.4347,22.073692
9152.2202,22.325014
9154.006,22.563787
9155.7918,22.82452
9157.5779,23.050744
9159.3641,23.200105
9161.1505,23.547113
9162.9371,23.86118
9164.7238,24.197208
9166.5108,24.566177
9168.2979,24.932009
9170.0851,25.200586
9171.8726,25.462888
9173.6602,25.728328
9175.448,26.054944
9177.2359,26.444306
9179.0241,26.839942
9180.8124,27.232441
9182.6009,27.690822
9184.3896,28.077046
9186.1784,28.502486
9187.9674,28.909102
9189.7566,29.339248
9191.546,29.712924
9193.3355,30.056795
9195.1252,30.414784
9196.9151,30.811989
9198.7051,31.094684
9200.4954,31.545223
9202.2858,32.089879
9204.0764,32.62826
9205.8671,33.254485
9207.658,33.966984
9209.4492,34.632424
9211.2404,35.260218
9213.0319,35.908403
9214.8235,36.482863
9216.6153,36.9585
9218.4073,37.388647
9220.1994,37.806244
9221.9918,38.297567
9223.7842,38.766929
9225.5769,39.400997
9227.3698,40.113497
9229.1628,40.891879
9230.956,41.645163
9232.7493,42.506682
9234.5429,43.297613
9236.3366,43.974035
9238.1305,44.855946
9239.9246,45.584132
9241.7188,46.103691
9243.5132,46.866387
9245.3078,47.743593
9247.1026,48.336877
9248.8975,49.032122
9250.6926,49.986191
9252.4879,50.759867
9254.2833,51.568053
9256.079,52.233495
9257.8748,52.916191
9259.6708,53.468691
9261.4669,53.950603
9263.2632,54.398005
9265.0597,54.963055
9266.8564,55.3383
9268.6533,55.677467
9270.4503,56.132713
9272.2475,56.358938
9274.0449,56.431439
9275.8424,56.544724
9277.6401,56.640754
9279.438,56.492078
9281.2361,56.431245
9283.0344,56.448844
9284.8328,56.562128
9286.6314,56.499727
9288.4301,56.383993
9290.2291,56.219631
9292.0282,56.022327
9293.8275,55.647769
9295.6269,55.345368
9297.4266,55.223359
9299.2264,55.01037
9301.0264,54.722087
9302.8265,54.433803
9304.6269,54.173755
9306.4274,53.78508
9308.2281,53.363463
9310.0289,53.006161
9311.83,52.575132
9313.6312,52.14881
9315.4325,51.510723
9317.2341,50.67342
9319.0358,49.875333
9320.8377,49.10705
9322.6398,48.274454
9324.4421,47.51872
9326.2445,47.004554
9328.0471,46.253526
9329.8499,45.480538
9331.6528,44.746765
9333.4559,44.023972
9335.2592,43.18667
9337.0627,42.390152
9338.8663,41.744222
9340.6702,41.081037
9342.4742,40.491578
9344.2783,39.931923
9346.0827,39.522856
9347.8872,38.903593
9349.6919,38.229429
9351.4967,37.553695
9353.3018,36.934432
9355.107,36.255562
9356.9124,35.736691
9358.7179,35.258605
9360.5237,34.851107
9362.3296,34.495374
9364.1357,34.20866
9365.9419,33.936064
9367.7483,33.63837
9369.555,33.367343
9371.3617,33.163767
9373.1687,32.92725
9374.9758,32.620144
9376.7831,32.416568
9378.5906,32.197306
9380.3982,31.916867
9382.2061,31.631722
9384.0141,31.472068
9385.8222,31.343786
9387.6306,31.237465
9389.4391,31.076242
9391.2478,31.06247
9393.0567,31.087914
9394.8657,31.055319
9396.6749,31.050959
9398.4843,31.093657
9400.2939,31.067337
9402.1036,31.009643
9403.9136,30.903323
9405.7236,30.781316
9407.5339,30.707936
9409.3444,30.540439
9411.155,30.316472
9412.9658,30.221132
9414.7767,30.208929
9416.5878,30.243785
9418.3992,30.277072
9420.2106,30.316634
9422.0223,30.365608
9423.8341,30.423993
9425.6461,30.338065
9427.4583,30.324294
9429.2707,30.321503
9431.0832,30.29832
9432.8959,30.069647
9434.7088,29.861366
9436.5218,29.679752
9438.335,29.607942
9440.1484,29.545543
9441.962,29.505106
9443.7758,29.478786
9445.5897,29.425799
9447.4038,29.377518
9449.2181,29.133159
9451.0325,28.953114
9452.8471,28.853069
9454.6619,28.726357
9456.4769,28.44592
9458.292,28.364698
9460.1073,28.239555
9461.9228,28.076764
9463.7385,27.881033
9465.5543,27.770008
9467.3703,27.613492
9469.1865,27.513447
9471.0029,27.361637
9472.8194,27.189436
9474.6361,27.02194
9476.453,26.885817
9478.2701,26.657144
9480.0873,26.45357
9481.9047,26.422545
9483.7223,26.358579
9485.54,26.181671
9487.358,26.025156
9489.1761,25.906288
9490.9943,25.735655
9492.8128,25.538356
9494.6314,25.366154
9496.4502,25.250423
9498.2692,25.117438
9500.0883,24.863668
9501.9077,24.682055
9503.7272,24.556912
9505.5468,24.35177
9507.3667,24.093294
9509.1867,23.906976
9511.0069,23.664186
9512.8273,23.422966
9514.6478,23.286843
9516.4685,23.199348
9518.2894,23.066363
9520.1105,22.944358
9521.9317,22.831765
9523.7531,22.668976
9525.5747,22.426187
9527.3965,22.305751
9529.2184,22.215119
9531.0405,22.107232
9532.8628,22.058952
9534.6852,22.018517
9536.5079,21.943571
9538.3307,21.904704
9540.1537,21.795248
9541.9768,21.695204
9543.8001,21.673592
9545.6236,21.58296
9547.4473,21.395074
9549.2712,21.236991
9551.0952,21.041261
9552.9194,20.909845
9554.7438,20.841174
9556.5683,20.817994
9558.393,20.804225
9560.2179,20.781044
9562.043,20.720217
9563.8682,20.610762
9565.6937,20.418169
9567.5193,20.310283
9569.345,20.27926
9571.171,20.166667
9572.9971,20.10584
9574.8234,20.081091
9576.6498,20.028107
9578.4765,20.033162
9580.3033,20.055472
9582.1303,20.013468
9583.9574,19.985582
9585.7848,19.885539
9587.6123,19.721183
9589.44,19.613297
9591.2678,19.474038
9593.0958,19.397525
9594.924,19.321012
9596.7524,19.24293
9598.581,19.18524
9600.4097,19.146374
9602.2386,19.126332
9604.0677,19.131387
9605.8969,19.119188
9607.7264,19.05993
9609.556,18.963025
9611.3857,18.908472
9613.2157,18.924508
9615.0458,18.879368
9616.8761,18.878149
9618.7066,18.939676
9620.5372,19.016888
9622.368,18.932532
9624.199,18.85602
9626.0302,18.801468
9627.8615,18.825347
9629.693,18.695501
9631.5247,18.670753
9633.3566,18.702476
9635.1886,18.73263
9637.0208,18.659255
9638.8532,18.694115
9640.6858,18.722701
9642.5185,18.682267
9644.3514,18.648107
9646.1845,18.657869
9648.0178,18.609592
9649.8512,18.577002
9651.6848,18.558529
9653.5186,18.574565
9655.3525,18.548249
9657.1867,18.515659
9659.021,18.415617
9660.8554,18.37989
9662.6901,18.358279
9664.5249,18.256669
9666.3599,18.205255
9668.1951,18.194626
9670.0304,18.118114
9671.866,18.022779
9673.7017,17.976071
9675.5375,17.888578
9677.3736,17.827753
9679.2098,17.757516
9681.0462,17.632377
9682.8827,17.617041
9684.7195,17.581314
9686.5564,17.531469
9688.3935,17.404761
9690.2307,17.317269
9692.0682,17.217229
9693.9058,17.13758
9695.7436,17.075186
9697.5815,17.055145
9699.4197,17.038242
9701.258,16.928789
9703.0965,16.731494
9704.9351,16.609492
9706.774,16.496902
9708.613,16.373332
9710.4521,16.326625
9712.2915,16.281486
9714.131,16.215956
9715.9707,16.095523
9717.8106,15.949992
9719.6506,15.804462
9721.4909,15.629127
9723.3313,15.508695
9725.1718,15.433753
9727.0126,15.289791
9728.8535,15.192888
9730.6946,15.144612
9732.5359,15.033592
9734.3773,15.001002
9736.2189,15.012335
9738.0607,14.971903
9739.9027,14.964412
9741.7448,14.985156
9743.5872,14.972959
9745.4296,14.879194
9747.2723,14.877977
9749.1151,14.857937
9750.9582,14.699858
9752.8013,14.659426
9754.6447,14.597034
9756.4882,14.476602
9758.3319,14.43617
9760.1758,14.397306
9762.0199,14.234522
9763.8641,14.214482
9765.7085,14.161501
9767.5531,14.022246
9769.3978,13.942599
9771.2428,13.859814
9773.0879,13.772324
9774.9331,13.747578
9776.7786,13.666363
9778.6242,13.594558
9780.47,13.602754
9782.316,13.513696
9784.1621,13.38699
9786.0085,13.351264
9787.855,13.30299
9789.7016,13.182558
9791.5485,13.209578
9793.3955,13.162872
9795.2427,13.070676
9797.09,13.023971
9798.9376,12.909814
9800.7853,12.797226
9802.6332,12.755226
9804.4813,12.703815
9806.3295,12.597502
9808.1779,12.619816
9810.0265,12.543306
9811.8752,12.385228
9813.7242,12.310288
9815.5733,12.260445
9817.4226,12.165112
9819.272,12.087034
9821.1217,12.063859
9822.9715,12.073624
9824.8214,12.053585
9826.6716,11.986488
9828.5219,11.916254
9830.3724,11.825627
9832.2231,11.739706
9834.0739,11.623982
9835.925,11.621198
9837.7762,11.643513
9839.6275,11.648573
9841.4791,11.531279
9843.3308,11.54732
9845.1827,11.412772
9847.0348,11.275087
9848.887,11.190735
9850.7394,11.125206
9852.592,10.97811
9854.4448,10.951797
9856.2977,10.890975
9858.1508,10.8678
9860.0041,10.824232
9861.8576,10.791645
9863.7112,10.777882
9865.565,10.70608
9867.419,10.657807
9869.2732,10.629926
9871.1275,10.600476
9872.982,10.502007
9874.8367,10.474126
9876.6916,10.411736
9878.5466,10.393267
9880.4018,10.332445
9882.2572,10.342212
9884.1127,10.312762
9885.9685,10.226843
9887.8244,10.151903
9889.6804,10.119317
9891.5367,10.067907
9893.3931,10.008654
9895.2497,10.001166
9897.1065,9.9638737
9898.9634,9.9422678
9900.8205,9.8390934
9902.6778,9.8080759
9904.5353,9.8052937
9906.393,9.7366292
9908.2508,9.6507098
9910.1088,9.6306728
9911.9669,9.5792633
9913.8253,9.4117754
9915.6838,9.3587974
9917.5425,9.3669958
9919.4013,9.2638217
9921.2604,9.1763339
9923.1196,9.1955129
9924.979,9.1613585
9926.8385,9.1130865
9928.6983,9.100893
9930.5582,9.0369348
9932.4182,8.9698394
9934.2785,8.8854891
9936.1389,8.8199624
9937.9995,8.8124749
9939.8603,8.7861639
9941.7213,8.6971079
9943.5824,8.6284441
9945.4437,8.5095842
9947.3052,8.4126851
9949.1668,8.3299037
9951.0286,8.3035929
9952.8906,8.3431645
9954.7528,8.2886185
9956.6152,8.2230922
9958.4777,8.1999188
9960.3404,8.1390984
9962.2032,8.078278
9964.0663,8.0519675
9965.9295,8.0021276
9967.7929,7.9899348
9969.6565,7.9510753
9971.5202,7.8980982
9973.3841,7.9157094
9975.2482,7.9223403
9977.1125,7.8097555
9978.9769,7.7614844
9980.8415,7.6300761
9982.7063,7.4672953
9984.5713,7.3594165
9986.4364,7.3268319
9988.3017,7.3099336
9990.1672,7.3197019
9992.0328,7.3059409
9993.8987,7.2576701
9995.7647,7.2313601
9997.6308,7.15956
9999.4972,7.1175638
10001.364,7.0536069
10003.23,7.0806304
10005.097,7.0025559
10006.964,6.913501
10008.832,6.8338579
10010.699,6.7949992
10012.567,6.6933954
10014.434,6.6027721
10016.302,6.6125409
10018.17,6.5627019
10020.039,6.5395296
10021.907,6.5085142
10023.776,6.4586754
10025.644,6.3962875
10027.513,6.3762526
10029.383,6.3122962
10031.252,6.238928
10033.121,6.2832069
10034.991,6.1659173
10036.861,6.1286277
10038.731,6.1054557
10040.601,6.0414995
10042.471,5.9681315
10044.342,5.9763322
10046.213,5.9641408
10048.084,5.9519494
10049.955,5.9068169
10051.826,5.9134491
10053.697,5.9059637
10055.569,5.8247528
10057.441,5.7184439
10059.312,5.6748802
10061.185,5.6046498
10063.057,5.5391253
10064.929,5.5316401
10066.802,5.4582726
10068.675,5.4492188
10070.548,5.4401651
10072.421,5.4185624
10074.294,5.332646
10076.168,5.3486904
10078.041,5.3035583
10079.915,5.1784263
10081.789,5.0830983
10083.663,4.972084
10085.538,4.8798933
10087.412,4.798683
10089.287,4.8178649
10091.162,4.8652821
10093.037,4.8828954
10094.912,4.8628617
10096.788,4.8742006
10098.663,4.8227944
10100.539,4.7227608
10102.415,4.7090018
10104.291,4.7093604
10106.167,4.6297191
10108.044,4.5563523
10109.92,4.4939659
10111.797,4.4535403
10113.674,4.3958599
10115.551,4.3570031
10117.429,4.3840286
10119.306,4.3671326
10121.184,4.3910209
10123.062,4.3584387
10124.94,4.387033
10126.818,4.3324901
10128.696,4.2559864
10130.575,4.1794827
10132.453,4.1249399
10134.332,4.0405932
10136.211,3.9844818
10138.091,3.9471939
10139.97,3.9036316
10141.85,3.9275203
10143.729,3.8572914
10145.609,3.8309841
10147.489,3.8093827
10149.37,3.7109186
10151.25,3.6328467
10153.131,3.5986964
10155.012,3.5739579
10156.893,3.5554939
10158.774,3.5527163
10160.655,3.5546445
10162.537,3.5252003
10164.418,3.4314423
10166.3,3.3957236
10168.182,3.2925539
10170.064,3.1972275
10171.947,3.1426853
10173.829,3.0473589
10175.712,3.0085031
10177.595,2.9821964
10179.478,2.9229485
10181.361,2.8652693
10183.245,2.9111195
10185.128,2.9177541
10187.012,2.872624
10188.896,2.8886704
10190.78,2.857658
10192.664,2.8188025
10194.549,2.7877902
10196.434,2.7881504
10198.318,2.7320401
10200.203,2.7574985
10202.089,2.7327608
10203.974,2.6186114
10205.859,2.5860306
10207.745,2.5220774
10209.631,2.4581241
10211.517,2.3973082
10213.403,2.4070805
10215.29,2.4090097
10217.176,2.3654488
10219.063,2.3218879
10220.95,2.2971505
10222.837,2.2065309
10224.724,2.1347348
10226.612,2.1570564
10228.499,2.1385936
10230.387,2.0950329
10232.275,2.0718644
10234.163,2.0408528
10236.051,2.0365079
10237.94,2.0541238
10239.828,2.0529162
10241.717,2.0940615
10243.606,2.0646187
10245.495,1.9834112
10247.385,1.91789
10249.274,1.860212
10251.164,1.7366516
10253.054,1.7087776
10254.944,1.649531
10256.834,1.5902845
10258.725,1.5796655
10260.615,1.6333602
10262.506,1.5929373
10264.397,1.62624
10266.288,1.6234642
10268.179,1.5783355
10270.071,1.503403
10271.962,1.4629802
10273.854,1.3864791
10275.746,1.3146839
10277.638,1.2507319
10279.53,1.1773681
10281.423,1.1557691
10283.315,1.1467191
10285.208,1.1110025
10287.101,1.0941095
10288.994,1.0772165
10290.888,1.0650294
10292.781,1.0559796
10294.675,1.0061455
10296.569,0.99082122
10298.463,0.95667347
10300.357,0.92566301
10302.252,0.85386827
10304.146,0.84481867
10306.041,0.84518086
10307.936,0.8126019
10309.831,0.79570926
10311.726,0.80548331
10313.622,0.76976721
10315.517,0.74032564
10317.413,0.78304097
10319.309,0.7206583
10321.205,0.64572664
10323.101,0.67275579
10324.998,0.60253008
10326.895,0.5432848
10328.791,0.52325523
10330.688,0.55812766
10332.586,0.55064718
10334.483,0.52120594
10336.38,0.48705886
10338.278,0.45134319
10340.176,0.37641186
10342.074,0.32814723
10343.972,0.32694146
10345.871,0.29122592
10347.769,0.25864767
10349.668,0.21038317
10351.567,0.19505989
10353.466,0.19385428
10355.365,0.15813891
10357.265,0.21654121
10359.164,0.19651218
10361.064,0.17020867
10362.964,0.17527774
10364.864,0.15995469
10366.765,0.048945394
10368.665,0.030485154
10370.566,-0.0041113123
10372.467,-0.051254506
10374.368,-0.071728741
10376.269,-0.068671272
10378.17,-0.056199746
10380.072,-0.045294555
10381.974,-0.064190994
10383.875,-0.091376457
10385.777,-0.055142261
10387.68,0.01022588
10389.582,0.049826005
10391.485,0.065899011
10393.387,0.076372067
10395.29,0.12494265
10397.193,0.12085447
10399.097,0.13805709
10401,0.11940766
10402.904,0.12541039
10404.808,0.18295602
10406.712,0.21473364
10408.616,0.25323624
10410.52,0.32199323
10412.425,0.34033235
10414.329,0.39340765
10416.234,0.39046283
10418.139,0.40880883
10420.044,0.45852966
10421.95,0.50265055
10423.855,0.53108745
10425.761,0.59538098
10427.667,0.6383883
10429.573,0.69036149
10431.479,0.69975994
10433.386,0.74949682
10435.292,0.78130882
10437.199,0.81536401
10439.106,0.77771281
10441.013,0.74118435
10442.92,0.7539579
10444.828,0.74208388
10446.735,0.70892364
10448.643,0.67240434
10450.551,0.64821227
10452.459,0.66771997
10454.368,0.71748207
10456.276,0.71794673
10458.185,0.76435207
10460.094,0.77042356
10462.003,0.82243571
10463.912,0.8542821
10465.821,0.86036047
10467.731,0.8193823
10469.641,0.80193584
10471.551,0.78561212
10473.461,0.7670498
10475.371,0.74288753
10477.281,0.71648665
10479.192,0.68896762
10481.103,0.69954611
10483.014,0.6821157
10484.925,0.64788085
10486.836,0.64277995
10488.747,0.60070656
10490.659,0.557515
10492.571,0.56586636
10494.483,0.55965418
10496.395,0.52095129
10498.307,0.49681653
10500.22,0.46372047
10502.133,0.41157908
10504.045,0.40201702
10505.958,0.35324156
10507.872,0.31343198
10509.785,0.29827455
10511.699,0.24502418
10513.612,0.22314865
10515.526,0.24609333
10517.44,0.22534283
10519.355,0.20347418
10521.269,0.17040333
10523.184,0.15974374
10525.098,0.15244779
10527.013,0.18324937
10528.929,0.1457059
10530.844,0.16866892
10532.759,0.13449138
10534.675,0.12720689
10536.591,0.14681545
10538.507,0.12496971
10540.423,0.04934476
10542.339,0.046551229
10544.256,-0.01674421
10546.172,0.023043874
10548.089,-0.0021517429
10550.006,-0.049754032
10551.924,-0.021163552
10553.841,-0.00041391742
10555.759,0.0024108385
10557.676,-0.0059665952
10559.594,-0.00089635854
10561.512,0.025411207
10563.431,0.031552994
10565.349,0.026492585
10567.268,-0.034587945
10569.186,-0.037402882
10571.105,-0.026770154
10573.024,-0.058712169
10574.944,-0.061520245
10576.863,-0.07216917
10578.783,-0.066009085
10580.703,0.00065748855
10582.623,-0.025670849
10584.543,-0.0082994206
10586.463,-0.025659598
10588.384,-0.051981074
10590.304,-0.0088324753
10592.225,-0.0093790683
10594.146,-0.018886959
10596.068,0.01866626
10597.989,0.013644737
10599.911,0.060166117
10601.832,0.061871857
10603.754,0.027725543
10605.676,0.041760787
10607.599,0.028907563
10609.521,0.02573697
10611.444,-0.02336995
10613.366,-0.01869331
10615.289,-0.024098656
10617.213,-0.0082134389
10619.136,-0.024819171
10621.059,-0.047025097
10622.983,-0.060265389
10624.907,-0.023083466
10626.831,-0.057608178
10628.755,-0.021542607
10630.679,-0.051581431
10632.604,-0.039041177
10634.529,-0.0029694633
10636.454,0.0017317493
10638.379,0.037807559
10640.304,0.020103903
10642.229,-0.0076817386
10644.155,0.034002455
10646.081,0.020786735
10648.006,0.026620682
10649.933,0.020131747
10651.859,0.011403963
10653.785,0.045255257
10655.712,0.045495154
10657.639,0.027809928
10659.566,0.0045245089
10661.493,0.004770549
10663.42,-0.0039449486
10665.348,-0.035067362
10667.275,-0.035935627
10669.203,-0.037922292
10671.131,-0.0029321201
10673.059,0.024216963
10674.988,0.067054368
10676.916,0.081882616
10678.845,0.12584456
10680.774,0.15524273
10682.703,0.17343847
10684.632,0.16698639
10686.562,0.17846354
10688.491,0.15296794
10690.421,0.13307662
10692.351,0.089657949
10694.281,0.095541041
10696.211,0.074535425
10698.142,0.055772753
10700.072,0.034771232
10702.003,0.033939826
10703.934,0.066723913
10705.865,0.080462428
10707.797,0.034819238
10709.728,0.020550645
10711.66,0.017488581
10713.592,0.054764699
10715.524,0.036020457
10717.456,-0.004010254
10719.388,-0.032834435
10721.321,-0.038127157
10723.253,0.012604578
10725.186,-0.00052718501
10727.119,-0.04502945
10729.053,-0.0693616
10730.986,-0.085848564
10732.92,-0.051913313
10734.853,-0.041505426
10736.787,-0.075913419
10738.721,-0.044212921
10740.656,-0.033798891
10742.59,-0.014419228
10744.525,0.036335032
10746.46,0.027707586
10748.395,0.023563981
10750.33,0.031747353
10752.265,0.001837535
10754.201,0.0087109642
10756.136,0.014465875
10758.072,0.011259129
10760.008,0.017017898
10761.944,0.033983079
10763.881,0.049829741
10765.817,0.061196539
10767.754,0.023265548
10769.691,0.002143208
10771.628,-0.0010500314
10773.565,0.0013608996
10775.503,-0.027598789
10777.44,-0.066640582
10779.378,-0.060862518
10781.316,-0.042757594
10783.254,-0.061625532
10785.192,-0.056962127
10787.131,-0.076946654
10789.069,-0.080122528
10791.008,-0.076573784
10792.947,-0.069661765
10794.886,-0.044820647
10796.826,-0.0076526688
10798.765,-0.036589204
10800.705,-0.010621849
10802.645,0.026675685
10804.585,0.061733962
10806.525,0.056457742
10808.465,0.048942265
10810.406,0.03358529
10812.347,0.05072295
10814.288,0.036489701
10816.229,0.022258089
10818.17,0.028196184
10820.111,0.0083656099
10822.053,0.035595498
10823.995,0.031454475
10825.937,0.01611061
10827.879,0.028779587
10829.821,-0.012331309
10831.764,-0.022068017
10833.706,-0.018357709
10835.649,-0.046018311
10837.592,-0.036702484
10839.535,-0.02626457
10841.479,-0.035993085
10843.422,-0.0053838263
10845.366,-0.01734996
10847.31,-0.0091463876
10849.254,-0.004302521
10851.198,0.0048827341
10853.142,0.018551308
10855.087,0.043425888
10857.032,0.026845412
10858.977,0.02371184
10860.922,0.012736656
10862.867,0.014087928
10864.812,-0.0013659977
10866.758,-0.015697949
10868.704,-0.023305686
10870.65,-0.0017802448
10872.596,-0.010505379
10874.542,0.0087822177
10876.489,-0.0066625539
10878.435,0.0036645082
10880.382,0.0027886142
10882.329,-0.0059288915
10884.276,-0.012403975
10886.224,0.0080132231
10888.171,0.0015411906
10890.119,-0.0015679716
10892.067,0.016612907
10894.015,0.022470382
10895.963,0.031690726
10897.911,0.024105874
10899.86,0.026606581
10901.809,0.02462702
10903.758,0.021528537
10905.707,-0.001736487
10907.656,-0.032843123
10909.605,-0.026973444
10911.555,0.02259524
10913.505,0.0094203522
10915.455,-0.0026325623
10917.405,0.0099659088
10919.355,0.02592725
10921.306,0.063178632
10923.256,0.045529579
10925.207,0.0065935367
10927.158,0.0035133615
10929.109,-0.018612907
10931.061,-0.030653617
10933.012,-0.055017731
10934.964,-0.07265763
10936.916,-0.071248384
10938.868,-0.079921646
10940.82,-0.087472935
10942.773,-0.04460253
10944.725,-0.043187182
10946.678,0.00080672269
10948.631,0.010673727
10950.584,0.025023803
10952.537,0.046097848
10954.491,0.049246003
10956.444,0.042311403
10958.398,0.075714218
10960.352,0.041891422
10962.306,0.027117525
10964.26,-0.010064056
10966.215,-0.023714946
10968.17,-0.01607604
10970.124,-0.035326611
10972.079,-0.045612316
10974.035,-0.061498982
10975.99,-0.04601182
10977.946,0.010933205
10979.901,0.0062548594
10981.857,0.0038186904
10983.813,0.026033661
10985.769,0.0090342253
10987.726,-0.00012079332
10989.682,-0.023840358
10991.639,-0.046438196
10993.596,-0.037662204
10995.553,-0.02440314
10997.511,-0.038033552
10999.468,-0.022531032
11001.426,0.020983973
11003.383,0.054416223
11005.341,0.018381967
11007.3,0.026046469
11009.258,0.051639422
11011.216,0.032415728
11013.175,0.04568631
11015.134,0.043271898
11017.093,0.054304144
11019.052,0.094469323
11021.011,0.088697405
11022.971,0.071722286
11024.931,0.077157411
11026.891,0.053462162
11028.851,0.0073592297
11030.811,-0.028658389
11032.771,-0.03890442
11034.732,-0.053630964
11036.693,-0.049308609
11038.654,-0.030419148
11040.615,-0.040660059
11042.576,0.0028818216
11044.537,0.034100052
11046.499,0.057476425
11048.461,0.049481529
11050.423,0.041487913
11052.385,0.036856922
11054.347,0.049033932
11056.31,0.061212223
11058.273,0.011767143
11060.235,-0.03543576
11062.198,0.0047575745
11064.162,-0.027876943
11066.125,-0.016812701
11068.089,0.0099390944
11070.052,-0.0081257571
11072.016,0.023110391
11073.98,0.043143337
11075.945,0.037407255
11077.909,0.06416545
11079.874,0.05058879
11081.838,0.0056408615
11083.803,-0.0034514459
11085.768,0.008746042
11087.734,0.014222121
11089.699,0.026422168
11091.665,0.013973636
11093.631,0.010489968
11095.597,0.056307301
11097.563,0.064030675
11099.529,0.050466813
11101.496,0.046988265
11103.462,0.021102033
11105.429,0.015385149
11107.396,0.014151336
11109.363,0.0151597
11111.331,-0.01184186
11113.298,0.01605982
11115.266,0.013710678
11117.234,0.0080014726
11119.202,0.04935237
11121.17,0.034682139
11123.139,0.023374531
11125.107,0.060247476
11127.076,0.03549705
11129.045,0.03763866
11131.014,0.016252139
11132.983,-0.020819378
11134.953,0.016059966
11136.923,-0.010924957
11138.892,0.0069093267
11140.862,0.0034563751
11142.833,-0.01007933
11144.803,0.01560193
11146.773,0.018875507
11148.744,0.0053436415
11150.715,-0.010427841
11152.686,-0.030679836
11154.657,-0.058773689
11156.629,-0.044289231
11158.6,-0.021960356
11160.572,-0.011955131
11162.544,-0.01203266
11164.516,0.0069387094
11166.488,-0.0020998454
11168.461,0.029199014
11170.433,-0.0011254965
11172.406,-0.019123797
11174.379,-0.020314095
11176.352,-0.043912077
11178.325,-0.047340712
11180.299,-0.056370308
11182.272,-0.01273756
11184.246,0.016330641
11186.22,-0.0083813896
11188.194,0.012846234
11190.169,-0.00065875517
11192.143,0.032896359
11194.118,0.062451939
11196.093,0.0023727901
11198.068,0.0095216564
11200.043,0.012189854
11202.019,-0.0019475455
11203.994,0.022011417
11205.97,-0.01901449
11207.946,-0.029787172
11209.922,-0.031595143
11211.898,-0.037883783
11213.875,-0.0049556123
11215.851,-0.0011579693
11217.828,0.023929314
11219.805,0.040054136
11221.782,0.029289326
11223.759,0.042055053
11225.737,0.039135629
11227.715,0.041819572
11229.692,0.00080715944
11231.67,0.0023729027
11233.649,0.0061806668
11235.627,-0.0012149263
11237.605,0.023883602
11239.584,-0.0025573605
11241.563,0.0034957983
11243.542,0.020620211
11245.521,-0.0059518406
11247.501,-0.0011503293
11249.48,-0.0086727338
11251.46,-0.022916813
11253.44,-0.031557638
11255.42,-0.058124619
11257.4,-0.055558933
11259.381,-0.036185511
11261.361,-0.03809959
11263.342,-0.050096688
11265.323,-0.058731428
11267.304,-0.042715293
11269.286,-0.033420834
11271.267,-0.026366256
11273.249,-0.049562766
11275.231,-0.049228849
11277.213,-0.022003162
11279.195,-0.033992148
11281.177,-0.024691603
11283.16,-0.025474078
11285.142,-0.04418271
11287.125,-0.03712002
11289.108,-0.026694971
11291.092,0.013983193
11293.075,0.044051134
11295.059,0.022579426
11297.042,0.034722132
11299.026,0.067033872
11301.01,0.078058065
11302.995,0.063312918
11304.979,0.02279843
11306.964,-0.0031492632
11308.949,0.015721938
11310.934,0.018907833
11312.919,-0.0014347158
11314.904,-0.0016082298
11316.89,-0.030912429
11318.875,-0.013156836
11320.861,0.012442862
11322.847,0.034682183
11324.833,0.041236197
11326.82,0.039948042
11328.806,0.048744888
11330.793,0.05866315
11332.78,0.020403109
11334.767,0.02808241
11336.754,-0.011296144
11338.742,0.004228231
11340.729,0.0063081953
11342.717,0.006148231
11344.705,0.034000439
11346.693,0.027119721
11348.681,0.028083109
11350.67,0.045854187
11352.658,0.025530994
11354.647,0.04218356
11356.636,0.028584992
11358.625,0.025071426
11360.615,0.027161069
11362.604,-0.015566248
11364.594,0.002211605
11366.584,-0.033791087
11368.574,-0.044022503
11370.564,-0.052012055
11372.554,-0.067843776
11374.545,-0.024290776
11376.535,-0.021072942
11378.526,-0.017854141
11380.517,-0.020236613
11382.509,-0.034943047
11384.5,-0.00819193
11386.492,0.012957914
11388.483,-0.0017456168
11390.475,0.019406162
11392.468,0.023898259
11394.46,0.038475174
11396.452,0.04296884
11398.445,0.030656568
11400.438,0.041874492
11402.431,0.029563789
11404.424,0.017253871
11406.417,-0.014102881
11408.411,-0.023049885
11410.404,-0.012948486
11412.398,-0.0017258536
11414.392,-0.042043053
11416.387,-0.04986647
11418.381,-0.037521036
11420.375,-0.037499746
11422.37,-0.0016233308
11424.365,0.0084835614
11426.36,0.0073867564
11428.355,0.033181492
11430.351,0.020881775
11432.346,0.027630461
11434.342,0.033259484
11436.338,0.019841673
11438.334,0.0019428529
11440.331,-0.022677871
11442.327,-0.014428319
11444.324,0.00054454469
11446.321,-0.016974967
11448.318,-0.013205341
11450.315,-0.031844057
11452.312,-0.0090255686
11454.31,-0.018699455
11456.307,-0.014927341
11458.305,-0.018997743
11460.303,-0.0085016962
11462.301,-0.0058481647
11464.3,0.0035286779
11466.298,-0.025189096
11468.297,-0.0046065273
11470.296,-0.0008300596
11472.295,0.008549271
11474.294,0.014567879
11476.294,0.021707557
11478.293,0.018763824
11480.293,0.044952365
11482.293,0.07002108
11484.293,0.043549801
11486.293,0.092149172
11488.294,0.10937662
11490.295,0.10755706
11492.295,0.14943561
11494.296,0.13641282
11496.298,0.13571558
11498.299,0.16975286
11500.3,0.16905686
11502.302,0.17284328
11504.304,0.17999167
11506.306,0.18041799
11508.308,0.22790375
11510.311,0.25858342
11512.313,0.24444577
11514.316,0.25944041
11516.319,0.28900149
11518.322,0.31072006
11520.325,0.32235521
11522.329,0.32278651
11524.332,0.3389047
11526.336,0.39535965
11528.34,0.41147908
11530.344,0.41639466
11532.349,0.44484027
11534.353,0.44975709
11536.358,0.44683139
11538.363,0.43718363
11540.368,0.45442725
11542.373,0.44141938
11544.378,0.47323007
11546.384,0.48039152
11548.389,0.52228748
11550.395,0.52384793
11552.401,0.49515691
11554.407,0.47094829
11556.414,0.47363106
11558.42,0.43597831
11560.427,0.43081918
11562.434,0.38308365
11564.441,0.39921428
11566.448,0.39741836
11568.456,0.33623931
11570.464,0.31651747
11572.471,0.29231445
11574.479,0.26138937
11576.487,0.24839208
11578.496,0.21074556
11580.504,0.23248341
11582.513,0.27887174
11584.522,0.26811783
11586.531,0.27080993
11588.54,0.25557547
11590.549,0.22465537
11592.559,0.24639695
11594.569,0.22220078
11596.578,0.1811985
11598.588,0.17941254
11600.599,0.15073644
11602.609,0.1579153
11604.62,0.16621524
11606.63,0.14874549
11608.641,0.12567412
11610.652,0.12725323
11612.664,0.10530355
11614.675,0.10240211
11616.687,0.093899055
11618.699,0.084276173
11620.711,0.030956433
11622.723,0.035900621
11624.735,0.038604535
11626.748,0.014418314
11628.76,0.014882576
11630.773,-0.0048206084
11632.786,0.00012668965
11634.799,0.027483573
11636.813,0.021227633
11638.826,0.012731419
11640.84,0.038969721
11642.854,0.058485955
11644.868,0.0544734
11646.882,0.04822057
11648.897,0.083424945
11650.911,0.079414255
11652.926,0.079885981
11654.941,0.096044602
11656.956,0.08531309
11658.971,0.11043654
11660.987,0.1142721
11663.002,0.075531248
11665.018,0.081608946
11667.034,0.091048611
11669.05,0.069116349
11671.067,0.050546053
11673.083,0.034217276
11675.1,0.0022028459
11677.117,0.0038024834
11679.134,0.00092095019
11681.151,-0.016525787
11683.168,0.0052437834
11685.186,0.019170839
11687.203,0.026375827
11689.221,0.047026816
11691.239,0.041908118
11693.258,0.059199006
11695.276,0.046238416
11697.295,0.024314861
11699.313,0.014716859
11701.332,-0.017289485
11703.352,-0.028006691
11705.371,-0.033121035
11707.39,-0.081932235
11709.41,-0.069118164
11711.43,-0.085435123
11713.45,-0.073740256
11715.47,-0.030672218
11717.49,-0.022337451
11719.511,-0.0050384773
11721.531,0.0055384296
11723.552,0.016115959
11725.573,0.041259936
11727.595,0.065284087
11729.616,0.046731829
11731.637,0.057311846
11733.659,0.032038144
11735.681,0.028053578
11737.703,0.038635461
11739.725,0.036893036
11741.748,-0.00070310839
11743.77,-0.0046851857
11745.793,-0.00082350379
11747.816,-0.0059247853
11749.839,0.0057812779
11751.863,-0.0038005523
11753.886,-0.0044181751
11755.91,-0.0095169686
11757.934,-0.019096933
11759.958,-0.012990001
11761.982,0.011044725
11764.006,0.02387559
11766.031,0.044550215
11768.055,0.020407534
11770.08,0.037722058
11772.105,0.079687064
11774.13,0.084677902
11776.156,0.090789811
11778.181,0.10362503
11780.207,0.10525639
11782.233,0.10800882
11784.259,0.099557389
11786.285,0.091106581
11788.312,0.08601774
11790.338,0.086531761
11792.365,0.073601027
11794.392,0.032659709
11796.419,0.042139182
11798.446,0.051619277
11800.474,0.024125204
11802.502,0.0078362349
11804.529,-0.0017294233
11806.557,-0.0045717704
11808.586,0.00042964178
11810.614,0.00094988322
11812.642,-0.02542001
11814.671,-0.013694042
11816.7,-0.0042083495
11818.729,0.018723344
11820.758,0.02260804
11822.788,0.057865907
11824.817,0.060631398
11826.847,0.045470341
11828.877,0.039273492
11830.907,0.020752334
11832.937,0.005593143
11834.968,0.031891157
11836.998,-0.039289199
11839.029,-0.037639802
11841.06,-0.0046172331
11843.091,-0.0096892805
11845.123,0.017732291
11847.154,0.01154104
11849.186,-0.001372279
11851.218,0.029412503
11853.25,0.04002984
11855.282,0.05625004
11857.314,0.050061899
11859.347,0.044994827
11861.379,0.052253308
11863.412,0.044946584
11865.445,0.069013031
11867.478,0.060587104
11869.512,0.035355075
11871.545,0.05830294
11873.579,0.038674396
11875.613,0.039214542
11877.647,0.037514413
11879.681,0.029092217
11881.716,0.069970363
11883.75,0.078356134
11885.785,0.058731322
11887.82,0.055913855
11889.855,0.057578803
11891.891,0.073810199
11893.926,0.074355942
11895.962,0.042409311
11897.998,0.073208399
11900.034,0.077117353
11902.07,0.12024262
11904.106,0.14768223
11906.143,0.10453422
11908.18,0.10844566
11910.216,0.078744282
11912.253,0.034477697
11914.291,0.051836383
11916.328,0.017655075
11918.366,-0.012043818
11920.403,-0.0025264034
11922.441,-0.010935537
11924.479,-0.032789427
11926.518,-0.024390595
11928.556,-0.039520551
11930.595,-0.059131679
11932.634,-0.065296807
11934.673,-0.073702209
11936.712,-0.060818473
11938.751,-0.024404704
11940.791,-0.0092788279
11942.83,0.0024863255
11944.87,0.032179272
11946.91,0.026883773
11948.95,0.054081776
11950.991,0.015173841
11953.031,0.050215991
11955.072,0.058367889
11957.113,0.021702364
11959.154,0.029855271
11961.195,-0.020254623
11963.236,-0.018823396
11965.278,0.041992089
11967.32,-0.00027315449
11969.362,0.0022800342
11971.404,0.022760898
11973.446,0.0096288215
11975.489,0.077169518
11977.531,0.042749935
11979.574,0.046426095
11981.617,0.054584551
11983.66,0.038093653
11985.704,0.045132671
11987.747,0.01071561
11989.791,-0.021460049
11991.835,0.010230342
11993.879,-0.024185205
11995.923,-0.017143664
11997.967,-0.033631031
12000.012,-0.046756549
12002.056,-0.0038591528
12004.101,0.024472921
12006.146,-0.0076987019
12008.192,-0.012979064
12010.237,-0.026102059
12012.283,-0.011213345
12014.328,-0.0041672638
12016.374,-0.003843367
12018.42,-0.005759862
12020.467,0.0214558
12022.513,0.032985692
12024.56,0.020986677
12026.607,0.014590408
12028.654,0.009315091
12030.701,-0.02733227
12032.748,-0.034847474
12034.796,-0.022194107
12036.843,-0.06780354
12038.891,-0.031619751
12040.939,-0.040253385
12042.987,-0.03992293
12045.036,0.0063464062
12047.084,-0.012369748
12049.133,0.0032863117
12051.182,0.023424638
12053.231,0.021154474
12055.28,0.022246128
12057.33,0.013254223
12059.379,0.015467273
12061.429,0.025523934
12063.479,-0.018200443
12065.529,0.010904784
12067.579,-0.0092892342
12069.63,0.020937389
12071.681,0.035478212
12073.731,0.0040811328
12075.782,0.021984247
12077.834,0.021960665
12079.885,0.025298901
12081.936,0.034239851
12083.988,0.042060827
12086.04,0.067809448
12088.092,0.070029131
12090.144,0.085694665
12092.197,0.075590365
12094.249,0.065486539
12096.302,0.082273943
12098.355,0.059846135
12100.408,0.088959416
12102.461,0.083339278
12104.515,0.07323782
12106.568,0.098991178
12108.622,0.07544529
12110.676,0.077670184
12112.73,0.095581827
12114.784,0.060832878
12116.839,0.063059193
12118.893,0.060804189
12120.948,0.082079071
12123.003,0.10111353
12125.058,0.097739499
12127.114,0.087643253
12129.169,0.068583895
12131.225,0.087620249
12133.281,0.080886769
12135.337,0.064069729
12137.393,0.07974616
12139.45,0.083098134
12141.506,0.067402964
12143.563,0.10212843
12145.62,0.10324093
12147.677,0.12116063
12149.734,0.14020125
12151.792,0.12786979
12153.849,0.13682732
12155.907,0.10993099
12157.965,0.10768498
12160.023,0.11216214
12162.081,0.1054353
12164.14,0.12111788
12166.199,0.12783736
12168.257,0.10094387
12170.316,0.1379164
12172.376,0.1099034
12174.435,0.12110657
12176.494,0.11438303
12178.554,0.086371461
12180.614,0.085251118
12182.674,0.096456179
12184.734,0.10093902
12186.795,0.098699654
12188.855,0.093099413
12190.916,0.097583679
12192.977,0.067334526
12195.038,0.065097051
12197.099,0.059498705
12199.161,0.058382626
12201.222,0.093121362
12203.284,0.053910992
12205.346,0.047194093
12207.408,0.068488872
12209.471,0.053929783
12211.533,0.081948199
12213.596,0.049462886
12215.659,0.032664322
12217.722,0.061804608
12219.785,0.046127439
12221.848,0.067425535
12223.912,0.069676485
12225.975,0.066325668
12228.039,0.095468322
12230.103,0.078673074
12232.168,0.084287263
12234.232,0.10446775
12236.297,0.077589893
12238.361,0.068639678
12240.426,0.028317387
12242.491,-0.0064021892
12244.557,0.0025761875
12246.622,-0.0097334775
12248.688,-0.031006254
12250.753,-0.011942423
12252.819,-0.020889322
12254.886,-0.036558436
12256.952,0.014999814
12259.018,-0.034281799
12261.085,-0.029781425
12263.152,-0.010714751
12265.219,-0.0017316367
12267.286,0.054310775
12269.353,0.031922287
12271.421,0.0072933773
12273.489,0.03868735
12275.557,0.036468351
12277.625,0.040972515
12279.693,-0.0038225671
12281.761,-0.037412694
12283.83,0.0074290259
12285.899,0.032103152
12287.968,0.048934615
12290.037,0.053441621
12292.106,0.07699672
12294.175,0.094950052
12296.245,0.086013102
12298.315,0.081558418
12300.385,0.0513339
12302.455,0.065927782
12304.525,0.037945108
12306.596,-0.0057233677
12308.667,0.0066310397
12310.737,0.01338368
12312.808,0.023498139
12314.88,0.013445004
12316.951,-0.016775725
12319.023,-0.0032985004
12321.094,-0.024554696
12323.166,-0.039087729
12325.238,-0.039054461
12327.31,-0.033418479
12329.383,-0.032263816
12331.455,-0.032229127
12333.528,-0.036675757
12335.601,-0.026556088
12337.674,0.002611675
12339.748,-0.00071308586
12341.821,-0.015241855
12343.895,-0.00063849723
12345.968,-0.018527663
12348.042,0.0072811237
12350.117,0.024126799
12352.191,0.018563984
12354.265,0.030928814
12356.34,-0.00040336134
12358.415,0.020544615
12360.49,0.04373393
12362.565,0.017623966
12364.641,0.02512789
12366.716,-0.0043425347
12368.792,-0.014764899
12370.868,0.0017039356
12372.944,-0.014319786
12375.02,-0.02137948
12377.097,-0.012752458
12379.173,-0.0030045455
12381.25,-0.020146948
12383.327,-0.033927564
12385.404,-0.0073716043
12387.481,-0.028994474
12389.559,-0.013642113
12391.636,-0.026300514
12393.714,-0.056885644
12395.792,-0.0056776156
12397.87,0.015278754
12399.949,0.0015016714
12402.027,0.01909758
12404.106,-0.0025217565
12406.185,0.033002206
12408.264,0.012504202
12410.343,-0.0033227478
12412.422,-0.019149334
12414.502,-0.027132418
12416.582,0.005220995
12418.662,0.0050817748
12420.742,-0.018586494
12422.822,0.014888459
12424.902,-0.014381323
12426.983,0.017973909
12429.064,0.025679644
12431.145,0.0053745391
12433.226,0.029887725
12435.307,0.026390069
12437.389,0.03409726
12439.47,0.069816018
12441.552,0.051753627
12443.634,0.037052945
12445.716,0.014509489
12447.799,0.0087731195
12449.881,0.025446077
12451.964,0.017469539
12454.047,0.020697846
12456.13,0.0026380009
12458.213,0.020432862
12460.296,0.023662259
12462.38,0.019048884
12464.464,-0.0012504025
12466.548,-0.020428877
12468.632,-0.020559369
12470.716,-0.0050032225
12472.8,-0.0040125388
12474.885,0.016026128
12476.97,0.01029485
12479.055,0.014647969
12481.14,0.03244683
12483.225,0.011030369
12485.311,0.0053005455
12487.396,-0.0015493623
12489.482,-0.024085181
12491.568,-0.023091224
12493.654,-0.022096903
12495.741,-0.032306701
12497.827,0.0011813442
12499.914,0.0055381003
12502.001,0.019979254
12504.088,0.012011807
12506.175,0.0062856209
12508.262,0.0072824872
12510.35,0.0037979245
12512.438,-0.029938375
12514.526,-0.028327425
12516.614,-0.043522876
12518.702,-0.02510456
12520.79,0.0022776629
12522.879,-0.0084350311
12524.968,0.0099842488
12527.057,0.022801609
12529.146,0.024414809
12531.235,0.031630571
12533.325,0.039967103
12535.414,0.0023655808
12537.504,0.009582307
12539.594,-0.0067300572
12541.684,-0.034246582
12543.775,-0.02814934
12545.865,-0.0086063981
12547.956,-0.022676581
12550.047,0.018155519
12552.138,0.024254047
12554.229,0.041557377
12556.321,0.066704167
12558.412,0.081767243
12560.504,0.08562616
12562.596,0.081642261
12564.688,0.054129271
12566.78,0.041182429
12568.873,0.047283527
12570.965,0.034337328
12573.058,0.0079460713
12575.151,-0.0072403818
12577.244,0.022391414
12579.338,0.040819049
12581.431,0.057006109
12583.525,0.041820941
12585.619,0.046804162
12587.713,0.0540286
12589.807,0.060132912
12591.901,0.031503652
12593.996,-0.0004866321
12596.09,-0.022392561
12598.185,-0.019648308
12600.28,-0.016903734
12602.376,-0.022001976
12604.471,-0.029340793
12606.567,-0.034438392
12608.662,-0.0025608805
12610.758,0.028196505
12612.854,0.019738525
12614.951,0.035930726
12617.047,0.012907563
12619.144,-0.010171443
12621.241,-0.001877584
12623.338,-0.031678646
12625.435,-0.034588635
12627.532,-0.009487103
12629.63,0.013622838
12631.727,-0.013064601
12633.825,0.0029498011
12635.923,0.026807657
12638.021,0.014935983
12640.12,0.026594037
12642.218,0.03128073
12644.317,0.015924167
12646.416,0.024097332
12648.515,0.011355782
12650.614,0.01952958
12652.714,0.017246179
12654.813,0.016706014
12656.913,0.029238062
12659.013,0.030441449
12661.113,0.0089872018
12663.213,0.023263118
12665.314,0.0018095042
12667.414,0.002142699
12669.515,0.0042191299
12671.616,-0.0050330985
12673.717,-0.0046989536
12675.819,-0.0087217905
12677.92,0.01252802
12680.022,0.039006906
12682.124,0.03411356
12684.226,0.042292425
12686.328,0.034785333
12688.43,0.014206662
12690.533,0.035458373
12692.636,0.022723473
12694.738,0.038747059
12696.842,0.03124155
12698.945,0.002821325
12701.048,-0.012526688
12703.152,-0.0095737303
12705.256,0.007322899
12707.36,0.0059191914
12709.464,-0.0068131755
12711.568,-0.0021160319
12713.672,-0.020076524
12715.777,-0.03455086
12717.882,-0.027238387
12719.987,-0.020797057
12722.092,-0.040499202
12724.197,-0.041900376
12726.303,-0.016285983
12728.409,0.0014855896
12730.514,-0.004271933
12732.62,0.007400055
12734.727,0.030401336
12736.833,0.022030384
12738.94,0.017145588
12741.046,0.030561762
12743.153,0.031777817
12745.26,0.045194625
12747.368,0.016781683
12749.475,0.025841826
12751.583,0.02095893
12753.69,0.005618834
12755.798,0.012937007
12757.906,0.0063121416
12760.015,0.015373867
12762.123,-0.00083642137
12764.232,-0.0057174174
12766.341,0.015545694
12768.45,0.0063080331
12770.559,0.018857181
12772.668,0.00090555637
12774.778,-0.0022309368
12776.887,0.020226628
12778.997,0.012183303
12781.107,0.02244083
12783.218,0.019626662
12785.328,-0.018917155
12787.439,-0.013887788
12789.549,-0.043716609
12791.66,-0.029100786
12793.771,-0.030171039
12795.883,-0.056513423
12797.994,-0.04974014
12800.106,-0.063010231
12802.217,-0.065822605
12804.329,-0.027676175
12806.441,-0.040945667
12808.554,-0.015870734
12810.666,-0.013453553
12812.779,0.013364698
12814.892,0.032340012
12817.005,0.041729468
12819.118,0.066805398
12821.231,0.050051462
12823.345,0.045498161
12825.458,0.034844841
12827.572,0.032034858
12829.686,0.025518773
12831.801,-0.0071409217
12833.915,0.023816122
12836.03,-0.024529485
12838.144,-0.049345499
12840.259,-0.033202726
12842.374,-0.058018378
12844.49,-0.017474372
12846.605,-0.012660032
12848.721,-0.0061025915
12850.836,0.017884224
12852.952,-0.028717014
12855.069,0.00049892164
12857.185,0.003571248
12859.301,0.00054353765
12861.418,0.018431041
12863.535,-0.0055113396
12865.652,-0.0094099662
12867.769,-0.0098225729
12869.886,-0.015463757
12872.004,-0.0028041056
12874.122,-0.010187846
12876.24,0.002472167
12878.358,-0.0083970503
12880.476,-0.010551489
12882.594,-0.0022482312
12884.713,-0.0035308483
12886.832,0.0065156916
12888.951,0.011333655
12891.07,0.0056942824
12893.189,0.027941802
12895.308,0.024917171
12897.428,0.027121479
12899.548,0.046755163
12901.668,0.043731075
12903.788,0.046807387
12905.908,0.024611549
12908.029,0.018102166
12910.149,0.038608215
12912.27,0.013798541
12914.391,0.015132839
12916.512,0.030410673
12918.634,0.015187599
12920.755,0.028722876
12922.877,0.038772496
12924.999,0.042722078
12927.121,0.035342866
12929.243,0.027092376
12931.366,0.024942284
12933.488,0.016692156
12935.611,0.0040849101
12937.734,-0.0024219365
12939.857,0.0058862128
12941.98,-0.011077788
12944.104,-0.016712631
12946.227,0.0064108761
12948.351,-0.0044523633
12950.475,0.0064710708
12952.599,0.0025798713
12954.724,-0.0056684456
12956.848,0.0061269917
12958.973,-0.021293076
12961.098,-0.014726035
12963.223,0.00055578473
12965.348,-0.018149143
12967.473,-0.0028669609
12969.599,0.0098010229
12971.724,0.021597728
12973.85,0.029908776
12975.976,0.02166227
12978.103,0.0317166
12980.229,0.031313594
12982.356,0.020453253
12984.482,0.015693311
12986.609,0.01006209
12988.737,-0.0042835459
12990.864,-0.0020712669
12992.991,0.0053699514
12995.119,0.017168649
12997.247,0.02373877
12999.375,-0.00019201706
13001.503,0.015093063
13003.631,0.018177889
13005.76,-0.0083667342
13007.888,-0.0026671673
13010.017,-0.029211428
13012.146,-0.035711934
13014.275,-0.045698098
13016.405,-0.077470574
13018.534,-0.056955286
13020.664,-0.070426746
13022.794,-0.070826129
13024.924,-0.046824459
13027.054,-0.04635202
13029.185,-0.0049207939
13031.315,0.0060095239
13033.446,0.012582724
13035.577,0.051400115
13037.708,0.052744919
13039.839,0.073262018
13041.971,0.077221564
13044.103,0.082924211
13046.234,0.086012659
13048.366,0.067314796
13050.499,0.074760906
13052.631,0.07087822
13054.763,0.049566522
13056.896,0.057884634
13059.029,0.046159355
13061.162,0.032691337
13063.295,0.038395614
13065.429,0.037999854
13067.562,0.034118437
13069.696,0.024136982
13071.83,0.01066987
13073.964,0.0085319157
13076.098,-0.0058062936
13078.233,-0.013172644
13080.367,-0.0074669182
13082.502,-0.0017610111
13084.637,-0.030041851
13086.772,-0.015620985
13088.907,-0.028215188
13091.043,-0.03906629
13093.178,-0.0098300654
13095.314,-0.01725005
13097.45,-0.00026898683
13099.586,0.02629831
13101.723,-0.0055220165
13103.859,0.025402932
13105.996,0.0083977738
13108.133,0.0088219862
13110.27,0.017960972
13112.407,-0.010372632
13114.544,0.017938821
13116.682,0.0061633038
13118.82,-0.0082264153
13120.958,0.010499511
13123.096,0.0030818224
13125.234,0.022679561
13127.372,0.030077041
13129.511,0.045317835
13131.65,0.045743991
13133.789,0.02525529
13135.928,0.030910557
13138.067,0.022622646
13140.207,0.020435129
13142.346,0.016504869
13144.486,-0.022283601
13146.626,-0.02011329
13148.766,-0.045225736
13150.907,-0.021536285
13153.047,-0.027476309
13155.188,-0.036030557
13157.329,-0.017569399
13159.47,-0.036580854
13161.611,-0.024219604
13163.753,-0.01272966
13165.894,-0.0099541571
13168.036,0.012865073
13170.178,-0.033160857
13172.32,0.0001161991
13174.462,-0.012793953
13176.605,-0.042261685
13178.747,-0.0211846
13180.89,-0.053266401
13183.033,-0.026088788
13185.176,-0.020697513
13187.319,-0.011820244
13189.463,0.029301189
13191.607,-0.0097515154
13193.75,-0.0052310802
13195.894,0.02630476
13198.039,0.027339667
13200.183,0.05103268
13202.327,0.037145829
13204.472,0.025873503
13206.617,0.011115485
13208.762,-0.0097426053
13210.907,-9.9459891e-005
13213.053,0.012158211
13215.198,0.0017580756
13217.344,0.007044361
13219.49,-0.0068413207
13221.636,-0.0032976624
13223.782,-0.0075969951
13225.929,-0.0066674235
13228.075,-0.012709383
13230.222,-0.012650979
13232.369,-0.0099780497
13234.516,-0.020376869
13236.664,-0.023803866
13238.811,0.0032703738
13240.959,0.0033295088
13243.107,0.0094890078
13245.255,0.021748871
13247.403,0.026165743
13249.551,0.038425898
13251.7,0.027156788
13253.848,0.042903074
13255.997,0.031634256
13258.146,0.0011934713
13260.296,0.0038683008
13262.445,-0.0056571593
13264.595,0.017061536
13266.744,0.041523296
13268.894,0.020669298
13271.044,0.01898756
13273.195,-0.002737605
13275.345,0.015624522
13277.496,0.023529279
13279.647,0.040148779
13281.798,0.04195361
13283.949,0.0027999823
13286.1,0.0028621866
13288.252,0.018610812
13290.403,0.036102502
13292.555,0.054465798
13294.707,0.039713773
13296.859,0.056334442
13299.012,0.031996652
13301.164,0.022473822
13303.317,0.042580769
13305.47,0.015629038
13307.623,-0.00086503027
13309.776,0.011399217
13311.93,0.0079773369
13314.083,0.01239874
13316.237,0.017691748
13318.391,0.017756145
13320.545,0.045707398
13322.699,0.041414789
13324.854,0.046708382
13327.008,0.078145912
13329.163,0.04770995
13331.318,0.053003982
13333.473,0.060912539
13335.629,0.04703475
13337.784,0.070629874
13339.94,0.056752377
13342.096,0.06030422
13344.252,0.083028323
13346.408,0.060436667
13348.564,0.098847337
13350.721,0.088456409
13352.878,0.093751903
13355.034,0.099919002
13357.192,0.058155964
13359.349,0.070423573
13361.506,0.042604183
13363.664,0.035699971
13365.822,0.04448218
13367.979,0.027992205
13370.138,0.035031787
13372.296,0.012441885
13374.454,0.024710518
13376.613,0.039593675
13378.772,0.030947567
13380.931,0.063260211
13383.09,0.045028339
13385.249,0.054683323
13387.409,0.038194663
13389.569,0.033035124
13391.728,0.071448717
13393.888,0.051474656
13396.049,0.068102049
13398.209,0.085601047
13400.37,0.072599102
13402.53,0.10142737
13404.691,0.092783015
13406.852,0.086753186
13409.014,0.10076708
13411.175,0.068593749
13413.337,0.084350851
13415.498,0.083550366
13417.66,0.062706453
13419.822,0.061906259
13421.985,0.030605122
13424.147,0.035905439
13426.31,0.055149257
13428.473,0.032563155
13430.636,0.036120991
13432.799,0.0065635042
13434.962,-0.00033588417
13437.126,0.015422826
13439.289,0.0067808102
13441.453,0.016439594
13443.617,0.020869767
13445.781,-0.00084370574
13447.946,0.012301356
13450.11,0.020217805
13452.275,0.033363159
13454.44,0.035179683
13456.605,0.039610732
13458.77,0.043170468
13460.936,0.037144293
13463.101,0.036347023
13465.267,0.047750334
13467.433,0.059153792
13469.599,0.053128201
13471.766,0.046231298
13473.932,0.03846308
13476.099,0.021980412
13478.266,0.03599898
13480.433,0.052632072
13482.6,0.032664004
13484.767,0.037096953
13486.935,0.013643338
13489.102,0.0093619831
13491.27,0.01640975
13493.438,0.012128687
13495.607,0.020048206
13497.775,0.011410136
13499.943,0.0088724312
13502.112,0.019406768
13504.281,0.0011830802
13506.45,0.010846249
13508.62,0.0039518301
13510.789,-0.0038139025
13512.959,0.012821383
13515.128,0.0102847
13517.298,0.0068767048
13519.468,-0.0078601208
13521.639,-0.0077819853
13523.809,-0.00073202614
13525.98,-0.021972634
13528.151,-0.018812257
13530.322,-0.020009064
13532.493,-0.018591379
13534.664,-0.028502556
13536.836,-0.023598804
13539.008,-0.0030086643
13541.179,-0.021634097
13543.351,-0.0080154072
13545.524,0.016932372
13547.696,0.018350854
13549.869,0.031969885
13552.041,0.027288376
13554.214,0.05310807
13556.387,0.065855983
13558.561,0.057688976
13560.734,0.069565657
13562.908,0.048326982
13565.082,0.066304108
13567.256,0.036351064
13569.43,0.031670465
13571.604,0.040933335
13573.779,0.0066233338
13575.953,0.0063003745
13578.128,-0.018423342
13580.303,-0.010031477
13582.478,0.013175316
13584.654,-0.018519737
13586.829,0.031702535
13589.005,0.023537121
13591.181,0.0092716024
13593.357,0.023764368
13595.533,-0.001829899
13597.709,0.039678344
13599.886,0.021055983
13602.063,0.0076624929
13604.24,0.023027287
13606.417,-0.0077951696
13608.594,0.024999046
13610.772,0.022063527
13612.949,0.013899364
13615.127,0.033622025
13617.305,0.0019286777
13619.483,0.021651566
13621.661,0.011744939
13623.84,0.0088101026
13626.019,0.016332897
13628.197,-0.014488422
13630.376,-0.0060939413
13632.556,-0.019485839
13634.735,-0.02160707
13636.915,-0.021113883
13639.094,-0.028463794
13641.274,-0.0026981964
13643.454,-0.022248464
13645.634,-0.017397821
13647.815,-0.0038325409
13649.995,-0.027739989
13652.176,-0.0019741945
13654.357,-0.024138644
13656.538,-0.0044729888
13658.72,-0.0039794075
13660.901,-0.020914981
13663.083,0.0057224704
13665.264,-0.013827403
13667.446,-0.011590745
13669.629,0.0072036874
13671.811,0.0085689649
13673.993,0.032592234
13676.176,0.031343211
13678.359,0.017022332
13680.542,0.014901929
13682.725,0.011038645
13684.909,0.049005467
13687.092,0.038170584
13689.276,0.037793258
13691.46,0.030444293
13693.644,0.025709747
13695.828,0.027946918
13698.012,0.038898725
13700.197,0.057693709
13702.382,0.047730562
13704.567,0.024695559
13706.752,0.030418766
13708.937,0.020455737
13711.123,0.031407781
13713.308,0.011858775
13715.494,-0.005075813
13717.68,-0.020267442
13719.866,-0.018029838
13722.053,-0.0018488387
13724.239,-0.0048399137
13726.426,0.011341164
13728.613,0.012707466
13730.8,0.0062306709
13732.987,0.037226682
13735.174,0.034235804
13737.362,0.067846272
13739.55,0.060498175
13741.737,0.060993254
13743.926,0.088503623
13746.114,0.085512942
13748.302,0.10343733
13750.491,0.1335622
13752.68,0.12621434
13754.869,0.15023907
13757.058,0.1577061
13759.247,0.16517317
13761.436,0.1656686
13763.626,0.15134926
13765.816,0.15707353
13768.006,0.15495471
13770.196,0.14586424
13772.386,0.16117469
13774.577,0.16602766
13776.768,0.19005278
13778.959,0.19403437
13781.15,0.22154541
13783.341,0.2551567
13785.532,0.27133884
13787.724,0.30059292
13789.915,0.30631762
13792.107,0.32772864
13794.299,0.35523992
13796.492,0.3574789
13798.684,0.39283339
13800.877,0.39507246
13803.07,0.39731156
13805.263,0.40565092
13807.456,0.4122474
13809.649,0.45021647
13811.842,0.4550701
13814.036,0.46428108
13816.23,0.48917837
13818.424,0.50361819
13820.618,0.53025848
13822.812,0.55341296
13825.007,0.58266771
13827.202,0.59536476
13829.397,0.58801828
13831.592,0.60420125
13833.787,0.6325847
13835.982,0.64441045
13838.178,0.63270682
13840.373,0.6175174
13842.569,0.6092997
13844.766,0.62199707
13846.962,0.63643739
13849.158,0.60991915
13851.355,0.59211555
13853.552,0.55165403
13855.749,0.52426445
13857.946,0.52214724
13860.143,0.51828715
13862.341,0.53708505
13864.538,0.49488081
13866.736,0.46749143
13868.934,0.48628944
13871.132,0.47371495
13873.331,0.48989867
13875.529,0.47122404
13877.728,0.47869324
13879.927,0.48964832
13882.126,0.44657294
13884.325,0.45578518
13886.524,0.46238307
13888.724,0.47682415
13890.924,0.48952234
13893.124,0.46474781
13895.324,0.48006047
13897.524,0.46312915
13899.724,0.45142663
13901.925,0.46325356
13904.126,0.42889317
13906.327,0.40673325
13908.528,0.3688871
13910.729,0.34498434
13912.931,0.3498398
13915.132,0.3154796
13917.334,0.3037774
13919.536,0.28336064
13921.738,0.25771516
13923.941,0.26779957
13926.143,0.26394066
13928.346,0.26966784
13930.549,0.26668047
13932.752,0.24974979
13934.955,0.24937688
13937.159,0.24377525
13939.362,0.24950263
13941.566,0.25871589
13943.77,0.2592146
13945.974,0.26145626
13948.178,0.23145396
13950.383,0.24763906
13952.587,0.24465208
13954.792,0.26083726
13956.997,0.26743642
13959.202,0.23917723
13961.408,0.22311851
13963.613,0.22448903
13965.819,0.22847397
13968.025,0.24465939
13970.231,0.2442871
13972.437,0.24652924
13974.643,0.23744244
13976.85,0.22922714
13979.056,0.24628421
13981.263,0.25636964
13983.47,0.2559976
13985.678,0.24603954
13987.885,0.24653903
13990.093,0.22960937
13992.3,0.22749456
13994.508,0.22799418
13996.716,0.23459404
13998.925,0.22550768
14001.133,0.22600741
14003.342,0.24219345
14005.551,0.25140786
14007.76,0.2736942
14009.969,0.29510912
14012.178,0.30780948
14014.388,0.30395215
14016.597,0.29399464
14018.807,0.31279534
14021.017,0.3202671
14023.227,0.29200906
14025.438,0.29425214
14027.648,0.27035147
14029.859,0.25777982
14032.07,0.26525178
14034.281,0.25790896
14036.492,0.26712392
14038.704,0.28679643
14040.915,0.26899622
14043.127,0.26426794
14045.339,0.26738284
14047.551,0.29402719
14049.763,0.31282844
14051.976,0.30548594
14054.189,0.32167289
14056.401,0.31433047
14058.614,0.28345867
14060.827,0.29267406
14063.041,0.31670431
14065.254,0.33027708
14067.468,0.32554923
14069.682,0.30774953
14071.896,0.31609366
14074.11,0.31223739
14076.324,0.34759685
14078.539,0.37337029
14080.754,0.40960129
14082.969,0.42317437
14085.184,0.39491743
14087.399,0.38583264
14089.614,0.38720541
14091.83,0.38683529
14094.046,0.41435193
14096.262,0.36605161
14098.478,0.36132432
14100.694,0.33393911
14102.911,0.30393956
14105.127,0.31925596
14107.344,0.3171432
14109.561,0.32374508
14111.778,0.29636007
14113.996,0.28117554
14116.213,0.31827863
14118.431,0.2874079
14120.649,0.30446749
14122.867,0.30061209
14125.085,0.29239943
14127.303,0.30945914
14129.522,0.28468883
14131.741,0.32876387
14133.96,0.31967991
14136.179,0.29229533
14138.398,0.33114173
14140.617,0.29504264
14142.837,0.32256014
14145.057,0.31957659
14147.277,0.31310725
14149.497,0.37809764
14151.717,0.34548458
14153.938,0.38607417
14156.158,0.38657666
14158.379,0.35570664
14160.6,0.3910676
14162.821,0.36542641
14165.043,0.39120139
14167.264,0.36294591
14169.486,0.30854667
14171.708,0.3142782
14173.93,0.26772218
14176.152,0.30482633
14178.374,0.30968651
14180.597,0.30060338
14182.82,0.33160743
14185.043,0.31293832
14187.266,0.34132807
14189.489,0.38017538
14191.712,0.39026455
14193.936,0.38728187
14196.16,0.36425566
14198.384,0.39177415
14200.608,0.38879159
14202.832,0.39452366
14205.057,0.40722745
14207.281,0.41557399
14209.506,0.4143345
14211.731,0.41832382
14213.956,0.45891448
14216.182,0.47423284
14218.407,0.49216563
14220.633,0.50138386
14222.859,0.49230148
14225.085,0.51720606
14227.311,0.50115207
14229.537,0.48858397
14231.764,0.48211612
14233.991,0.46693371
14236.218,0.50316747
14238.445,0.46096989
14240.672,0.46147388
14242.9,0.4794071
14245.127,0.46771073
14247.355,0.49000133
14249.583,0.49486277
14251.811,0.51802491
14254.039,0.52462935
14256.268,0.50509004
14258.497,0.53173813
14260.725,0.52352788
14262.954,0.54843313
14265.184,0.55590923
14267.413,0.55118493
14269.642,0.5630184
14271.872,0.55480835
14274.102,0.5753565
14276.332,0.56888944
14278.562,0.58072307
14280.793,0.62131491
14283.023,0.58957564
14285.254,0.61971005
14287.485,0.62021486
14289.716,0.62071971
14291.947,0.66131175
14294.179,0.63305852
14296.41,0.65622144
14298.642,0.64452602
14300.874,0.61801582
14303.106,0.63420718
14305.339,0.60333976
14307.571,0.62998872
14309.804,0.64182291
14312.037,0.60136955
14314.27,0.63411885
14316.503,0.60760892
14318.736,0.64645852
14320.97,0.6670075
14323.204,0.68232776
14325.437,0.71507725
14327.672,0.6998965
14329.906,0.74833235
14332.14,0.76103839
14334.375,0.76764425
14336.61,0.81433729
14338.844,0.79218506
14341.08,0.82667775
14343.315,0.80539706
14345.55,0.79457392
14347.786,0.82122359
14350.022,0.76769901
14352.258,0.79696314
14354.494,0.78265432
14356.73,0.77880306
14358.967,0.79673833
14361.203,0.77720087
14363.44,0.83696628
14365.677,0.8348581
14367.914,0.85453645
14370.152,0.87247191
14372.389,0.8433486
14374.627,0.86912728
14376.865,0.86963367
14379.103,0.86752572
14381.341,0.86890365
14383.58,0.83716615
14385.818,0.85423044
14388.057,0.83382199
14390.296,0.83955738
14392.535,0.85749324
14394.774,0.85015681
14397.014,0.82974852
14399.254,0.80149714
14401.493,0.80026104
14403.733,0.80686812
14405.974,0.79343167
14408.214,0.81485365
14410.454,0.80054582
14412.695,0.80715306
14414.936,0.8102745
14417.177,0.80032408
14419.418,0.81913188
14421.66,0.80656716
14423.901,0.77657329
14426.143,0.77446617
14428.385,0.75057259
14430.627,0.73365074
14432.869,0.72544352
14435.111,0.70155006
14437.354,0.72210109
14439.597,0.70953669
14441.84,0.70742985
14444.083,0.6974799
14446.326,0.67620102
14448.57,0.67758014
14450.813,0.68505951
14453.057,0.66813804
14455.301,0.67300311
14457.545,0.66479633
14459.79,0.68447629
14462.034,0.69369878
14464.279,0.7029213
14466.524,0.71737262
14468.769,0.71003749
14471.014,0.74104663
14473.259,0.75288369
14475.505,0.75774912
14477.751,0.76697188
14479.997,0.74917943
14482.243,0.75753081
14484.489,0.76675369
14486.735,0.77423369
14488.982,0.8017573
14491.229,0.76653586
14493.476,0.76442992
14495.723,0.76406694
14497.97,0.75063211
14500.218,0.77728446
14502.465,0.75687802
14504.713,0.77307293
14506.961,0.79188226
14509.209,0.75840405
14511.458,0.77808492
14513.706,0.78992269
14515.955,0.80088905
14518.204,0.8083696
14520.453,0.80277829
14522.702,0.84686023
14524.951,0.82035397
14527.201,0.80517673
14529.451,0.82921522
14531.701,0.82449557
14533.951,0.84156245
14536.201,0.83074267
14538.451,0.84606671
14540.702,0.84134722
14542.953,0.83488485
14545.204,0.87548135
14547.455,0.87250489
14549.706,0.90177249
14551.958,0.90315342
14554.209,0.91412044
14556.461,0.95297421
14558.713,0.95609817
14560.965,1.0263246
14563.218,1.0050477
14565.47,0.99422847
14567.723,1.0217535
14569.976,0.98653339
14572.229,1.0314877
14574.482,1.0311261
14576.735,1.0246643
14578.989,1.0504465
14581.243,1.0099979
14583.497,1.0340374
14585.751,1.0336759
14588.005,1.0481294
14590.26,1.070426
14592.514,1.0395637
14594.769,1.0566316
14597.024,1.0623706
14599.279,1.0585236
14601.534,1.0738488
14603.79,1.0944027
14606.046,1.1271571
14608.301,1.1050096
14610.557,1.1037772
14612.814,1.1173596
14615.07,1.100441
14617.326,1.1166379
14619.583,1.097105
14621.84,1.0714719
14624.097,1.0676253
14626.354,1.0428637
14628.612,1.0677754
14630.869,1.0726435
14633.127,1.0513679
14635.385,1.0466501
14637.643,1.0001022
14639.901,1.0276285
14642.16,1.0237822
14644.418,0.99117784
14646.677,0.97425977
14648.936,0.93032649
14651.195,0.91602287
14653.455,0.92263433
14655.714,0.91007371
14657.974,0.92801423
14660.234,0.87885238
14662.494,0.86106312
14664.754,0.85547434
14667.014,0.83594225
14669.275,0.83209646
14671.536,0.81605028
14673.796,0.80348998
14676.058,0.79267264
14678.319,0.74961133
14680.58,0.75186596
14682.842,0.75150625
14685.104,0.77633969
14687.365,0.7526091
14689.628,0.75953808
14691.89,0.74721576
14694.152,0.73774554
14696.415,0.72970138
14698.678,0.71880521
14700.941,0.72359535
14703.204,0.70699515
14705.467,0.6960991
14707.731,0.64527439
14709.994,0.6222572
14712.258,0.64059478
14714.522,0.62969888
14716.786,0.61595097
14719.051,0.595786
14721.315,0.57989913
14723.58,0.56900339
14725.845,0.56737686
14728.11,0.55505517
14730.375,0.53631641
14732.641,0.54966326
14734.906,0.54874989
14737.172,0.51789004
14739.438,0.5027165
14741.704,0.50679434
14743.97,0.51443728
14746.237,0.51138508
14748.504,0.4962117
14750.77,0.49102053
14753.037,0.48297735
14755.304,0.47564723
14757.572,0.46475208
14759.839,0.44672685
14762.107,0.45294408
14764.375,0.45203123
14766.643,0.44612733
14768.911,0.43879744
14771.179,0.43289361
14773.448,0.43483297
14775.717,0.42679019
14777.986,0.42872962
14780.255,0.41783487
14782.524,0.4383127
14784.793,0.43526116
14787.063,0.43220967
14789.333,0.4398534
14791.603,0.43181089
14793.873,0.43232457
14796.143,0.42927323
14798.414,0.4183788
14800.684,0.40605837
14802.955,0.38446883
14805.226,0.40352103
14807.497,0.37765349
14809.769,0.38814962
14812.04,0.38010747
14814.312,0.3570921
14816.584,0.35760617
14818.856,0.34314703
14821.128,0.33653106
14823.4,0.34774044
14825.673,0.34754167
14827.946,0.35946414
14830.219,0.34500519
14832.492,0.34694557
14834.765,0.349599
14837.038,0.32729703
14839.312,0.3392197
14841.586,0.33759518
14843.86,0.32741454
14846.134,0.34290239
14848.408,0.3248787
14850.683,0.33109747
14852.957,0.32376904
14855.232,0.3307009
14857.507,0.32765062
14859.782,0.31461821
14862.058,0.34080152
14864.333,0.33062124
14866.609,0.33113619
14868.885,0.3444854
14871.161,0.35070452
14873.437,0.36334079
14875.713,0.35601276
14877.99,0.36722309
14880.267,0.35918212
14882.543,0.35827131
14884.821,0.3545085
14887.098,0.35716284
14889.375,0.37550349
14891.653,0.36603669
14893.931,0.36869114
14896.209,0.3406861
14898.487,0.3469057
14900.765,0.35455136
14903.044,0.35649296
14905.322,0.36912979
14907.601,0.37249749
14909.88,0.37443921
14912.159,0.36853783
14914.439,0.36762758
14916.718,0.37669954
14918.998,0.37507635
14921.278,0.38771345
14923.558,0.39821156
14925.838,0.38518029
14928.118,0.37143605
14930.399,0.36910005
14932.68,0.37175517
14934.961,0.38724456
14937.242,0.39631688
14939.523,0.39112898
14941.804,0.40376644
14944.086,0.39073549
14946.368,0.39909495
14948.65,0.39034215
14950.932,0.3994147
14953.214,0.42845164
14955.497,0.41755993
14957.779,0.44303188
14960.062,0.44354845
14962.345,0.4355089
14964.628,0.44101662
14966.912,0.42370799
14969.195,0.43848496
14971.479,0.4496969
14973.763,0.45520479
14976.047,0.46499078
14978.331,0.45196042
14980.616,0.47814579
14982.9,0.45014224
14985.185,0.45351129
14987.47,0.46543652
14989.755,0.47165769
14992.04,0.5006953
14994.326,0.50406451
14996.611,0.49531254
14998.897,0.4979688
15001.183,0.49563402
15003.469,0.51468966
15005.756,0.50593784
15008.042,0.51715042
15010.329,0.52408496
15012.616,0.52674146
15014.903,0.53367608
15017.19,0.53205459
15019.477,0.53328519
15021.765,0.54806306
15024.052,0.54786771
15026.34,0.56549772
15028.628,0.55888534
15030.917,0.56653324
15033.205,0.56419901
15035.494,0.55829976
15037.782,0.56238273
15040.071,0.54721439
15042.36,0.54630635
15044.65,0.55894558
15046.939,0.54948146
15049.229,0.54358245
15051.519,0.53982251
15053.809,0.54533177
15056.099,0.54870204
15058.389,0.56348054
15060.68,0.56827691
15062.97,0.57521236
15065.261,0.59213002
15067.552,0.59336145
15069.843,0.60172304
15072.135,0.59225935
15074.426,0.59848198
15076.718,0.59115742
15079.01,0.60023218
15081.302,0.60645493
15083.594,0.61053868
15085.887,0.62816971
15088.179,0.61086316
15090.472,0.61066896
15092.765,0.61903094
15095.058,0.60600259
15097.351,0.64074611
15099.645,0.64625617
15101.938,0.65390529
15104.232,0.66797158
15106.526,0.6706297
15108.82,0.66615773
15111.115,0.65526869
15113.409,0.69143852
15115.704,0.70051391
15117.999,0.690338
15120.294,0.71153468
15122.589,0.70207187
15124.884,0.72469465
15127.18,0.74018735
15129.476,0.71218633
15131.771,0.73766128
15134.068,0.74031988
15136.364,0.75438671
15138.66,0.73922007
15140.957,0.74330481
15143.254,0.76236285
15145.551,0.7514744
15147.848,0.75912432
15150.145,0.75607909
15152.442,0.75445992
15154.74,0.78563937
15157.038,0.77974221
15159.336,0.82660801
15161.634,0.84067527
15163.932,0.85189053
15166.231,0.84955859
15168.53,0.85649585
15170.828,0.89124063
15173.128,0.89675195
15175.427,0.90440234
15177.726,0.9313041
15180.026,0.93182445
15182.325,0.93947496
15184.625,0.90505777
15186.925,0.90058714
15189.226,0.89968162
15191.526,0.90661927
15193.827,0.90143575
15196.127,0.88341805
15198.428,0.88536473
15200.73,0.89087652
15203.031,0.87214592
15205.332,0.87765779
15207.634,0.87104848
15209.936,0.87299536
15212.238,0.8927676
15214.54,0.91610493
15216.842,0.92304302
15219.145,0.93354621
15221.448,0.94832751
15223.75,0.94956162
15226.053,0.95436082
15228.357,0.96486417
15230.66,0.95682923
15232.964,0.95592446
15235.267,0.96143684
15237.571,0.91775139
15239.875,0.90401251
15242.18,0.8974038
15244.484,0.89436018
15246.789,0.88917757
15249.093,0.89326416
15251.398,0.88808162
15253.704,0.88076009
15256.009,0.8734386
15258.314,0.86754317
15260.62,0.85166561
15262.926,0.8764298
15265.232,0.86839545
15267.538,0.86535223
15269.844,0.87229122
15272.151,0.8585529
15274.458,0.84196256
15276.764,0.82038117
15279.072,0.81805116
15281.379,0.81215613
15283.686,0.81553029
15285.994,0.83316475
15288.301,0.81586164
15290.609,0.82066195
15292.917,0.79979385
15295.226,0.77250868
15297.534,0.75948379
15299.843,0.73718979
15302.152,0.72701704
15304.461,0.7097142
15306.77,0.70595863
15309.079,0.68651684
15311.388,0.64853675
15313.698,0.63693817
15316.008,0.60965335
15318.318,0.61160209
15320.628,0.60000363
15322.939,0.58697918
15325.249,0.5989102
15327.56,0.59372897
15329.871,0.58712175
15332.182,0.58051457
15334.493,0.5603602
15336.804,0.56658732
15339.116,0.55142411
15341.428,0.55836433
15343.74,0.5489053
15346.052,0.53659425
15348.364,0.54852567
15350.676,0.52551952
15352.989,0.52390379
15355.302,0.50802784
15357.615,0.49500398
15359.928,0.50408355
15362.241,0.4924858
15364.555,0.49586134
15366.868,0.48069861
15369.182,0.46910097
15371.496,0.47105061
15373.811,0.45660101
15376.125,0.474237
15378.439,0.47119567
15380.754,0.46102426
15383.069,0.45940903
15385.384,0.45351577
15387.699,0.4561787
15390.015,0.44529443
15392.33,0.43512322
15394.646,0.43493421
15396.962,0.42547609
15399.278,0.43598235
15401.594,0.41012502
15403.911,0.39781496
15406.227,0.41473846
15408.544,0.39886342
15410.861,0.3936836
15413.178,0.37780864
15415.496,0.39188024
15417.813,0.39311766
15420.131,0.39221608
15422.449,0.39844466
15424.767,0.36189253
15427.085,0.37311228
15429.403,0.36365471
15431.722,0.35205814
15434.041,0.36256499
15436.36,0.3566726
15438.679,0.36717953
15440.998,0.3370448
15443.317,0.34612578
15445.637,0.34094656
15447.957,0.33006328
15450.277,0.35910873
15452.597,0.34038239
15454.917,0.35588069
15457.237,0.35640576
15459.558,0.3469487
15461.879,0.35603
15464.2,0.33801687
15466.521,0.33996813
15468.842,0.3233811
15471.164,0.32533244
15473.486,0.3208667
15475.807,0.29501063
15478.129,0.30623124
15480.452,0.29107044
15482.774,0.27590967
15485.097,0.27786124
15487.419,0.25913549
15489.742,0.26180016
15492.065,0.27872511
15494.389,0.27925081
15496.712,0.26836836
15499.036,0.26818113
15501.359,0.271559
15503.683,0.2628157
15506.007,0.24979437
15508.332,0.25745043
15510.656,0.26011545
15512.981,0.26919762
15515.306,0.27542778
15517.631,0.28664907
15519.956,0.27933207
15522.281,0.28057126
15524.607,0.28608856
15526.932,0.29017988
15529.258,0.30567944
15531.584,0.30477975
15533.91,0.30887119
15536.237,0.30084145
15538.563,0.28995971
15540.89,0.29405126
15543.217,0.27247441
15545.544,0.27371399
15547.871,0.28137073
15550.199,0.27405424
15552.526,0.25390357
15554.854,0.23090089
15557.182,0.22928862
15559.51,0.21626819
15561.839,0.214656
15564.167,0.20662674
15566.496,0.19717149
15568.824,0.1941334
15571.153,0.18753028
15573.483,0.18235322
15575.812,0.18074127
15578.142,0.18839852
15580.471,0.19249074
15582.801,0.20300012
15585.131,0.21350954
15587.461,0.21474983
15589.792,0.21313812
15592.122,0.21010041
15594.453,0.19993263
15596.784,0.20046007
15599.115,0.21310876
15601.446,0.19866301
15603.778,0.21202479
15606.109,0.21683047
15608.441,0.211654
15610.773,0.21717277
15613.105,0.19987517
15615.438,0.22464535
15617.77,0.22018205
15620.103,0.23568315
15622.435,0.24120211
15624.768,0.2003753
15627.102,0.21445049
15629.435,0.20143124
15631.769,0.20124626
15634.102,0.2060524
15636.436,0.1887552
15638.77,0.20211757
15641.104,0.18125539
15643.439,0.18178361
15645.773,0.17732079
15648.108,0.1778491
15650.443,0.19335071
15652.778,0.19174006
15655.113,0.17872124
15657.449,0.17069356
15659.784,0.18904737
15662.12,0.18030675
15664.456,0.19794764
15666.792,0.18564203
15669.129,0.17476249
15671.465,0.17885626
15673.802,0.15942065
15676.139,0.17207064
15678.476,0.17188644
15680.813,0.17740639
15683.15,0.18078734
15685.488,0.14210059
15687.825,0.14975969
15690.163,0.13317641
15692.501,0.13227944
15694.84,0.14564276
15697.178,0.12763356
15699.517,0.12174563
15701.855,0.1144317
15704.194,0.11139589
15706.533,0.11905531
15708.873,0.11459355
15711.212,0.12724413
15713.552,0.12919957
15715.892,0.13115504
15718.231,0.13596261
15720.572,0.13292707
15722.912,0.13416965
15725.252,0.14610746
15727.593,0.14449807
15729.934,0.14288872
15732.275,0.13343627
15734.616,0.14109616
15736.958,0.13378282
15739.299,0.13288664
15741.641,0.11986929
15743.983,0.11113005
15746.325,0.10809495
15748.667,0.10149482
15751.009,0.10558993
15753.352,0.11681519
15755.695,0.1166323
15758.038,0.12144054
15760.381,0.10771048
15762.724,0.11109277
15765.067,0.1030669
15767.411,0.10644927
15769.755,0.12979602
15772.099,0.12747437
15774.443,0.12586576
15776.787,0.12283117
15779.132,0.10838843
15781.477,0.088241618
15783.821,0.087346185
15786.166,0.097145979
15788.512,0.090546525
15790.857,0.099633386
15793.203,0.097312086
15795.548,0.073600451
15797.894,0.07413128
15800.24,0.076088173
15802.586,0.069488956
15804.933,0.077863041
15807.279,0.078394027
15809.626,0.083203128
15811.973,0.058778757
15814.32,0.052892749
15816.668,0.068397156
15819.015,0.047537965
15821.363,0.072311612
15823.71,0.060721662
15826.058,0.066957064
15828.407,0.09173083
15830.755,0.055898574
15833.103,0.083524468
15835.452,0.066943628
15837.801,0.066762115
15840.15,0.09224909
15842.499,0.057130044
15844.849,0.079052035
15847.198,0.074592605
15849.548,0.071559238
15851.898,0.074230011
15854.248,0.046954299
15856.598,0.066737451
15858.949,0.072260392
15861.299,0.072792285
15863.65,0.096853629
15866.001,0.093820539
15868.352,0.096491587
15870.703,0.10130171
15873.055,0.078304391
15875.406,0.090244721
15877.758,0.092202915
15880.11,0.082752948
15882.462,0.086850259
15884.815,0.059575059
15887.167,0.055829311
15889.52,0.036397328
15891.873,0.030512621
15894.226,0.024627954
15896.579,0.020882363
15898.932,0.035675136
15901.286,0.031216612
15903.64,0.032462227
15905.994,0.037985957
15908.348,0.037092613
15910.702,0.051885583
15913.056,0.048853281
15915.411,0.056516206
15917.766,0.057049045
15920.121,0.057581923
15922.476,0.053836766
15924.831,0.045100562
15927.187,0.046346571
15929.542,0.024063208
15931.898,0.027448333
15934.254,0.027981448
15936.61,0.022810503
15938.967,0.034038884
15941.323,0.02387693
15943.68,0.02084514
15946.037,0.032786652
15948.394,0.024050841
15950.751,0.031001344
15953.108,0.020839587
15955.466,0.034920294
15957.824,0.034740791
15960.181,0.02386614
15962.54,0.01655659
15964.898,0.019942268
15967.256,0.029745097
15969.615,0.022435666
15971.974,0.012987237
15974.333,0.021364159
15976.692,0.011915809
15979.051,0.023857872
15981.411,0.020826713
15983.77,0.032055843
15986.13,0.041145975
15988.49,0.030271797
15990.85,0.032231883
15993.211,0.021357783
15995.571,0.03258711
15997.932,0.045955514
16000.293,0.035081533
16002.654,0.034902779
16005.015,0.024028876
16007.376,0.028841288
16009.738,0.017967465
16012.1,0.015649831
16014.462,0.041139722
16016.824,0.040961204
16019.186,0.055755988
16021.548,0.048447424
16023.911,0.041851912
16026.274,0.045951627
16028.637,0.029374019
16031,0.039177912
16033.363,0.012618208
16035.727,0.016005068
16038.09,0.022244017
16040.454,-3.7493478e-005
16042.818,0.0090535843
16045.182,-0.014653872
16047.547,-0.021962003
16049.911,-0.020713944
16052.276,-0.020891871
16054.641,0.016006891
16057.006,0.0058468683
16059.371,0.025633409
16061.737,0.031872752
16064.102,0.0088786236
16066.468,0.032943358
16068.834,0.00068014526
16071.2,0.015475796
16073.566,0.030984498
16075.933,0.011555629
16078.299,0.017795248
16080.666,-0.0094766798
16083.033,-0.0025239693
16085.4,0.0044287805
16087.767,-0.0071567546
16090.135,0.017621386
16092.503,-0.0018072075
16094.87,0.0079977499
16097.238,0.012098647
16099.607,-0.0094688658
16101.975,0.0088923597
16104.344,0.00015915034
16106.712,0.0021211676
16109.081,0.010500337
16111.45,-0.0096409541
16113.819,0.00087733112
16116.189,-0.012133756
16118.558,-0.0066064793
16120.928,0.0024858993
16123.298,-0.0083860321
16125.668,0.00070642522
16128.039,-0.0037483151
16130.409,0.0024921712
16132.78,0.018001859
16135.15,-0.0049910873
16137.521,0.011889246
16139.893,-0.0033159471
16142.264,-0.0092519425
16144.635,-0.0023536779
16147.007,-0.022549852
16149.379,-0.0035303049
16151.751,-0.0044750716
16154.123,0.0059883967
16156.495,0.0078957506
16158.868,-0.0065961471
16161.241,0.020979727
16163.614,0.0093399495
16165.987,0.021229619
16168.36,0.050231624
16170.733,0.035026891
16173.107,0.061889929
16175.481,0.038842129
16177.855,0.036471726
16180.229,0.028397258
16182.603,0.021035839
16184.978,0.030073742
16187.352,0.02485143
16189.727,0.021768192
16192.102,0.017258963
16194.477,-0.0036495167
16196.852,0.017509775
16199.228,0.010148603
16201.604,0.02417784
16203.979,0.036781088
16206.355,0.027993997
16208.732,0.019206941
16211.108,0.016837033
16213.485,0.0009199233
16215.861,0.01138431
16218.238,0.0068754709
16220.615,-0.004763458
16222.993,-0.012124277
16225.37,-0.01948506
16227.748,-0.016150621
16230.125,-0.015668197
16232.503,0.0012135503
16234.881,0.00098303298
16237.26,0.0043176134
16239.638,0.011217292
16242.017,0.0024307306
16244.396,0.0064784296
16246.775,0.030490513
16249.154,0.028834183
16251.533,0.022186801
16253.913,0.0069833043
16256.292,-0.0096461819
16258.672,-0.0084503208
16261.052,0.018414025
16263.432,0.006775732
16265.813,0.0044066367
16268.193,0.010593727
16270.574,0.006798677
16272.955,-0.0012744121
16275.336,-0.012912528
16277.717,-0.0010211972
16280.099,0.015861256
16282.48,0.016344458
16284.862,0.0047064837
16287.244,-0.0019403684
16289.626,0.004960052
16292.009,0.014712558
16294.391,0.011630874
16296.774,0.017818388
16299.156,0.018301837
16301.539,0.011655197
16303.923,0.017842817
16306.306,0.0090572103
16308.689,0.015244901
16311.073,0.018580577
16313.457,0.0012389265
16315.841,0.0088527481
16318.225,0.0064844303
16320.61,0.02764556
16322.994,0.023138275
16325.379,0.016491988
16327.764,0.039792261
16330.149,0.04027617
16332.534,0.050742289
16334.92,0.048374219
16337.305,0.042441121
16339.691,0.051481321
16342.077,0.046974319
16344.463,0.04745844
16346.849,0.037960422
16349.236,0.039870638
16351.623,0.058180177
16354.009,0.057238414
16356.396,0.059148737
16358.784,0.055354995
16361.171,0.060117438
16363.558,0.078427154
16365.946,0.084615693
16368.334,0.091517279
16370.722,0.099844926
16373.11,0.091060309
16375.499,0.10580514
16377.887,0.10557674
16380.276,0.10677441
16382.665,0.11438922
16385.054,0.12842118
16387.443,0.13175798
16389.833,0.13081675
16392.222,0.13771869
16394.612,0.13178644
16397.002,0.1415405
16399.392,0.14986857
16401.783,0.1425104
16404.173,0.14941252
16406.564,0.15631467
16408.955,0.14681757
16411.346,0.13304243
16413.737,0.14279674
16416.128,0.1418559
16418.52,0.14590618
16420.911,0.14425239
16423.303,0.14402467
16425.695,0.15805723
16428.088,0.17351585
16430.48,0.16330605
16432.872,0.16450449
16435.265,0.16998104
16437.658,0.18330077
16440.051,0.18592534
16442.445,0.19568007
16444.838,0.18832254
16447.232,0.21732868
16449.625,0.20783218
16452.019,0.20831789
16454.414,0.21379473
16456.808,0.21142846
16459.202,0.21761837
16461.597,0.21311314
16463.992,0.21288602
16466.387,0.21194591
16468.782,0.20744078
16471.177,0.22147402
16473.573,0.20983883
16475.969,0.22387213
16478.365,0.21722811
16480.761,0.20488002
16483.157,0.21891343
16485.553,0.20799143
16487.95,0.22558998
16490.347,0.21894613
16492.744,0.21943244
16495.141,0.21564071
16497.538,0.19259768
16499.935,0.18880603
16502.333,0.17574524
16504.731,0.17908378
16507.129,0.19383055
16509.527,0.18504795
16511.925,0.18909961
16514.324,0.1874472
16516.722,0.18793387
16519.121,0.20196781
16521.52,0.19175935
16523.919,0.19795023
16526.319,0.21055824
16528.718,0.19749785
16531.118,0.21153196
16533.518,0.18349838
16535.918,0.17329014
16538.318,0.18019423
16540.719,0.15929088
16543.119,0.16833408
16545.52,0.14956984
16547.921,0.16075215
16550.322,0.17977763
16552.723,0.16529157
16555.125,0.18503013
16557.526,0.16626606
16559.928,0.18529169
16562.33,0.20003928
16564.732,0.18198832
16567.135,0.20386611
16569.537,0.20007547
16571.94,0.20983211
16574.343,0.21174565
16576.746,0.19725994
16579.149,0.21058175
16581.552,0.20465226
16583.956,0.21155702
16586.36,0.19493241
16588.764,0.20255026
16591.168,0.21088116
16593.572,0.19496967
16595.976,0.18476232
16598.381,0.17938154
16600.786,0.17323294
16603.191,0.18035738
16605.596,0.18446526
16608.001,0.18193668
16610.407,0.18121809
16612.812,0.16722653
16615.218,0.18159096
16617.624,0.16820279
16620.03,0.1626578
16622.436,0.17762566
16624.843,0.19500682
16627.25,0.1985117
16629.657,0.20744649
16632.064,0.21879458
16634.471,0.20781993
16636.878,0.21554818
16639.286,0.19733378
16641.693,0.19963224
16644.101,0.22908005
16646.509,0.2120724
16648.918,0.22583401
16651.326,0.23537243
16653.735,0.21534829
16656.143,0.21523368
16658.552,0.20968925
16660.962,0.21017804
16663.371,0.20644363
16665.78,0.20934576
16668.19,0.21285124
16670.6,0.22178663
16673.01,0.23554859
16675.42,0.21854136
16677.83,0.22989012
16680.241,0.22434601
16682.652,0.22362847
16685.062,0.23437402
16687.473,0.21917692
16689.885,0.22388936
16692.296,0.22860184
16694.708,0.23753757
16697.119,0.23802689
16699.531,0.23368969
16701.943,0.25408858
16704.356,0.24854482
16706.768,0.2629106
16709.181,0.27244986
16711.593,0.25785644
16714.006,0.26799909
16716.419,0.27452187
16718.833,0.29311106
16721.246,0.30385713
16723.66,0.2832307
16726.074,0.27949721
16728.488,0.28481353
16730.902,0.28168344
16733.316,0.26769364
16735.731,0.27542334
16738.145,0.26686349
16740.56,0.26011362
16742.975,0.27327329
16745.391,0.26712681
16747.806,0.26279033
16750.222,0.25362733
16752.637,0.2523075
16755.053,0.26486403
16757.469,0.27319737
16759.886,0.27851415
16762.302,0.2850376
16764.719,0.28432127
16767.135,0.28239834
16769.552,0.29073185
16771.97,0.30147867
16774.387,0.31162221
16776.804,0.31995583
16779.222,0.33371935
16781.64,0.33782981
16784.058,0.34616354
16786.476,0.35389398
16788.894,0.34835146
16791.313,0.36211515
16793.732,0.36079593
16796.151,0.3745597
16798.57,0.37143059
16800.989,0.36226833
16803.408,0.36698243
16805.828,0.35902688
16808.248,0.36193109
16810.667,0.36181875
16813.088,0.36713631
16815.508,0.36280081
16817.928,0.35786203
16820.349,0.36498965
16822.77,0.35401776
16825.191,0.35149236
16827.612,0.35862008
16830.033,0.35911134
16832.455,0.37408227
16834.876,0.37336697
16837.298,0.38833797
16839.72,0.38219287
16842.142,0.37544449
16844.565,0.38558905
16846.987,0.3939237
16849.41,0.40648161
16851.833,0.40395659
16854.256,0.39841502
16856.679,0.40855976
16859.102,0.41206804
16861.526,0.40954317
16863.95,0.41305151
16866.374,0.41414662
16868.798,0.41101854
16871.222,0.42418008
16873.647,0.42346534
16876.071,0.41671745
16878.496,0.41479615
16880.921,0.40442842
16883.346,0.39587068
16885.771,0.3945528
16888.197,0.39323495
16890.623,0.38286737
16893.048,0.39059937
16895.475,0.38204181
16897.901,0.37831083
16900.327,0.37699316
16902.754,0.36662575
16905.18,0.37254797
16907.607,0.3579574
16910.034,0.35000337
16912.462,0.35170247
16914.889,0.35702151
16917.317,0.35389414
16919.744,0.35197343
16922.172,0.35005276
16924.6,0.34994208
16927.029,0.34741816
16929.457,0.36058055
16931.886,0.35142021
16934.315,0.34165658
16936.744,0.33128966
16939.173,0.33902233
16941.602,0.33951522
16944.032,0.34121477
16946.461,0.33205464
16948.891,0.34582063
16951.321,0.3445037
16953.751,0.35464986
16956.182,0.34428323
16958.612,0.33753654
16961.043,0.31812021
16963.474,0.30956364
16965.905,0.32272656
16968.336,0.33649283
16970.768,0.33396955
16973.199,0.34049608
16975.631,0.32831978
16978.063,0.34087956
16980.495,0.32146351
16982.927,0.30687404
16985.36,0.30797088
16987.792,0.30484452
16990.225,0.31197462
16992.658,0.30583174
16995.091,0.30873868
16997.525,0.31043901
16999.958,0.30127966
17002.392,0.29815352
17004.826,0.29382077
17007.26,0.29612457
17009.694,0.29541181
17012.128,0.30435217
17014.563,0.31691248
17016.998,0.30413346
17019.433,0.30764407
17021.868,0.31356799
17024.303,0.30863221
17026.738,0.31214292
17029.174,0.30781053
17031.61,0.31554455
17034.046,0.33172505
17036.482,0.32377286
17038.918,0.34116007
17041.355,0.31812499
17043.791,0.32404922
17046.228,0.33962659
17048.665,0.33469116
17051.102,0.33940887
17053.539,0.33688679
17055.977,0.3361747
17058.415,0.3505456
17060.853,0.34138712
17063.291,0.32981541
17065.729,0.33151673
17068.167,0.33321809
17070.606,0.31923321
17073.045,0.33662092
17075.483,0.33530579
17077.922,0.31709779
17080.362,0.32181592
17082.801,0.31567435
17085.241,0.3252191
17087.681,0.33476388
17090.121,0.33043237
17092.561,0.33877059
17095.001,0.35615861
17097.441,0.33915753
17099.882,0.34689253
17102.323,0.36428066
17104.764,0.35994937
17107.205,0.36346125
17109.646,0.37722957
17112.088,0.37169175
17114.53,0.37037719
17116.972,0.36544275
17119.414,0.36171499
17121.856,0.36643372
17124.298,0.37597903
17126.741,0.37044142
17129.184,0.40291289
17131.626,0.39737535
17134.07,0.39907767
17136.513,0.42611938
17138.956,0.43445827
17141.4,0.43736732
17143.844,0.46139255
17146.288,0.48421118
17148.732,0.48169048
17151.176,0.51114568
17153.621,0.52129474
17156.065,0.52963387
17158.51,0.52228676
17160.955,0.51674965
17163.4,0.53051875
17165.846,0.53523811
17168.291,0.53935419
17170.737,0.55252009
17173.183,0.56689265
17175.629,0.57221547
17178.075,0.57874497
17180.521,0.60699396
17182.968,0.61835007
17185.415,0.63513608
17187.862,0.64468231
17190.309,0.6813779
17192.756,0.70178392
17195.203,0.7324464
17197.651,0.74862927
17200.099,0.75153917
17202.547,0.76349889
17204.995,0.78209514
17207.443,0.78922837
17209.892,0.81265124
17212.34,0.80047837
17214.789,0.8106283
17217.238,0.82862141
17219.687,0.82851501
17222.137,0.84409491
17224.586,0.8379554
17227.036,0.8444856
17229.486,0.86247888
17231.936,0.87624898
17234.386,0.89122574
17236.837,0.88870631
17239.287,0.92238601
17241.738,0.93434629
17244.189,0.95354642
17246.64,0.97033332
17249.091,0.96600411
17251.543,0.99244417
17253.994,0.99595817
17256.446,1.008522
17258.898,1.0180692
17261.35,1.0239966
17263.803,1.0287174
17266.255,1.0382648
17268.708,1.0508287
17271.161,1.0513264
17273.614,1.0584606
17276.067,1.0535285
17278.52,1.0672992
17280.974,1.0702103
17283.427,1.0616583
17285.881,1.0675861
17288.335,1.0717039
17290.79,1.0776317
17293.244,1.0684766
17295.699,1.0798343
17298.153,1.0869689
17300.608,1.0844504
17303.063,1.0819319
17305.519,1.0782068
17307.974,1.1058543
17310.43,1.0948895
17312.886,1.0941811
17315.342,1.110969
17317.798,1.1150872
17320.254,1.1204121
17322.711,1.1094475
17325.167,1.1099459
17327.624,1.098378
17330.081,1.080777
17332.538,1.089722
17334.996,1.0751376
17337.453,1.0611566
17339.911,1.0417457
17342.369,1.0283681
17344.827,1.0397265
17347.285,1.0100594
17349.744,0.99668183
17352.202,0.9953707
17354.661,0.9807866
17357.12,0.98731867
17359.579,0.97575124
17362.038,0.96840706
17364.498,0.94477333
17366.957,0.92837946
17369.417,0.9246553
17371.877,0.9185179
17374.337,0.90815732
17376.798,0.87788726
17379.258,0.87476656
17381.719,0.87224922
17384.18,0.85042573
17386.641,0.84247859
17389.102,0.8218618
17391.563,0.81874128
17394.025,0.81863739
17396.487,0.81189703
17398.949,0.80937993
17401.411,0.79781309
17403.873,0.78745293
17406.335,0.79096912
17408.798,0.77276589
17411.261,0.7744722
17413.724,0.76411218
17416.187,0.75797542
17418.65,0.76269842
17421.114,0.75595842
17423.577,0.75344167
17426.041,0.74006524
17428.505,0.74056515
17430.969,0.7507182
17433.434,0.74096178
17435.898,0.7511149
17438.363,0.75161496
17440.828,0.76116482
17443.293,0.76166495
17445.758,0.75371866
17448.223,0.76145868
17450.689,0.74265274
17453.155,0.74797955
17455.62,0.74184336
17458.087,0.7586333
17460.553,0.76456354
17463.019,0.7403279
17465.486,0.75772126
17467.953,0.75158525
17470.42,0.7400194
17472.887,0.74655314
17475.354,0.74645041
17477.822,0.75841408
17480.289,0.74383178
17482.757,0.75398557
17485.225,0.75388299
17487.693,0.76705343
17490.162,0.76333101
17492.63,0.74633562
17495.099,0.7703659
17497.568,0.7672469
17500.037,0.76593789
17502.506,0.78574505
17504.975,0.77478302
17507.445,0.77287079
17509.915,0.75828892
17512.384,0.76180663
17514.855,0.78764716
17517.325,0.78090853
17519.795,0.77356662
17522.266,0.77044797
17524.737,0.77698245
17527.208,0.78110369
17529.679,0.77617519
17532.15,0.77245337
17534.622,0.76209508
17537.093,0.76983637
17539.565,0.78180092
17542.037,0.78773233
17544.509,0.79547373
17546.982,0.80019857
17549.454,0.80613009
17551.927,0.81326827
17554.4,0.81919986
17556.873,0.84323103
17559.346,0.85036932
17561.819,0.85750765
17564.293,0.87550574
17566.767,0.87057777
17569.241,0.88616266
17571.715,0.88183808
17574.189,0.88535668
17576.663,0.90395826
17579.138,0.88756742
17581.613,0.90315249
17584.088,0.91994423
17586.563,0.90898336
17589.038,0.90948558
17591.514,0.89731814
17593.989,0.90445693
17596.465,0.91400903
17598.941,0.91692466
17601.417,0.93431996
17603.894,0.94206221
17606.37,0.9600609
17608.847,0.95875344
17611.324,0.95804934
17613.801,0.95975854
17616.278,0.95181469
17618.756,0.9577472
17621.233,0.95704324
17623.711,0.96418245
17626.189,0.96046196
17628.667,0.94588179
17631.145,0.94216138
17633.624,0.93964764
17636.102,0.94196048
17638.581,0.94608331
17641.06,0.95804932
17643.539,0.95131249
17646.019,0.96026197
17648.498,0.96016172
17650.978,0.96850796
17653.458,0.96659782
17655.938,0.95563794
17658.418,0.96579424
17660.898,0.96750411
17663.379,0.98912353
17665.859,0.98661025
17668.34,0.98108041
17670.821,0.97313734
17673.303,0.95433457
17675.784,0.97957407
17678.266,0.97344106
17680.747,0.97092799
17683.229,0.97686141
17685.711,0.96288537
17688.194,0.96881886
17690.676,0.96389266
17693.159,0.95233
17695.642,0.96007355
17698.125,0.96540387
17700.608,0.97194086
17703.091,0.98089115
17705.575,0.99225476
17708.058,0.99637858
17710.542,0.97455975
17713.026,0.97627037
17715.51,0.98642748
17717.995,1.0056344
17720.479,1.0248414
17722.964,1.0265521
17725.449,1.0409326
17727.934,1.0293704
17730.419,1.0135851
17732.905,1.0195192
17735.39,1.0031306
17737.876,0.9897586
17740.362,0.9781966
17742.848,0.97689105
17745.334,0.98222204
17747.821,0.96342034
17750.307,0.94823857
17752.794,0.94753649
17755.281,0.92451166
17757.768,0.93406605
17760.256,0.93155411
17762.743,0.92964553
17765.231,0.92230712
17767.719,0.93005169
17770.207,0.92512663
17772.695,0.91959827
17775.183,0.93035955
17777.672,0.93026113
17780.161,0.92955943
17782.65,0.919808
17785.139,0.90884996
17787.628,0.93047114
17790.117,0.90986008
17792.607,0.90312537
17795.097,0.89940729
17797.587,0.89327598
17800.077,0.88593806
17802.567,0.8894599
17805.058,0.87850215
17807.548,0.86814774
17810.039,0.85719006
17812.53,0.85286891
17815.021,0.86906062
17817.513,0.86292958
17820.004,0.84835213
17822.496,0.85187426
17824.988,0.8348836
17827.48,0.83297594
17829.972,0.82262185
17832.464,0.80744125
17834.957,0.81156688
17837.45,0.80241954
17839.942,0.81619832
17842.436,0.80343114
17844.929,0.78583745
17847.422,0.77789688
17849.916,0.76090658
17852.41,0.76141254
17854.904,0.75347208
17857.398,0.75518475
17859.892,0.75750078
17862.386,0.74714715
17864.881,0.74222342
17867.376,0.72824996
17869.871,0.73901258
17872.366,0.71960932
17874.861,0.7201156
17877.357,0.72484514
17879.853,0.72655813
17882.349,0.72103133
17884.845,0.7197278
17887.341,0.72264753
17889.837,0.71832748
17892.334,0.71340414
17894.831,0.72597707
17897.327,0.73674007
17899.825,0.74810644
17902.322,0.74378656
17904.819,0.73645012
17907.317,0.72549382
17909.815,0.72660391
17912.313,0.71685431
17914.811,0.7354607
17917.309,0.72390122
17919.808,0.72682141
17922.306,0.74301463
17924.805,0.73386853
17927.304,0.73558219
17929.803,0.71859301
17932.303,0.70039724
17934.802,0.7117641
17937.302,0.71770112
17939.802,0.72665478
17942.302,0.73259188
17944.802,0.71318964
17947.302,0.71188699
17949.803,0.71239433
17952.304,0.70204198
17954.805,0.68746643
17957.306,0.67470088
17959.807,0.68244818
17962.308,0.69381542
17964.81,0.69673625
17967.312,0.67974761
17969.814,0.68206518
17972.316,0.68015957
17974.818,0.66618763
17977.321,0.67936504
17979.823,0.67202966
17982.326,0.67193414
17984.829,0.66218557
17987.332,0.66450339
17989.836,0.67526771
17992.339,0.66189933
17994.843,0.65637412
17997.347,0.64783236
17999.851,0.64592714
18002.355,0.64221199
18004.86,0.64634002
18007.364,0.64624485
18009.869,0.65459618
18012.374,0.64665795
18014.879,0.64113302
18017.384,0.64345127
18019.89,0.63249655
18022.395,0.64145137
18024.901,0.63894318
18027.407,0.62255871
18029.913,0.63091031
18032.42,0.63141882
18034.926,0.6397705
18037.433,0.63364258
18039.94,0.63475451
18042.447,0.62802334
18044.954,0.61887893
18047.461,0.62361087
18049.969,0.62472294
18052.476,0.62945496
18054.984,0.60764101
18057.492,0.60754655
18060.001,0.62193177
18062.509,0.61218429
18065.018,0.60726339
18067.526,0.58424298
18070.035,0.57811551
18072.544,0.57741795
18075.054,0.57913369
18077.563,0.58205611
18080.073,0.57773874
18082.583,0.57764463
18085.093,0.58177379
18087.603,0.59012621
18090.113,0.56408953
18092.623,0.55253252
18095.134,0.55243859
18097.645,0.54510488
18100.156,0.55647406
18102.667,0.55638024
18105.179,0.54723668
18107.69,0.53447325
18110.202,0.52532976
18112.714,0.53428585
18115.226,0.52514243
18117.738,0.52142891
18120.251,0.5334017
18122.763,0.54597784
18125.276,0.55372748
18127.789,0.5500141
18130.302,0.54630075
18132.815,0.53896754
18135.329,0.53766754
18137.842,0.53154103
18140.356,0.53929087
18142.87,0.54161089
18145.384,0.53488116
18147.899,0.53599461
18150.413,0.52262846
18152.928,0.50986566
18155.443,0.50554936
18157.958,0.49821649
18160.473,0.51139648
18162.988,0.51070019
18165.504,0.52267362
18168.02,0.51473758
18170.535,0.52067789
18173.052,0.51817178
18175.568,0.52592212
18178.084,0.52341609
18180.601,0.5311665
18183.118,0.54434681
18185.635,0.52977451
18188.152,0.53088853
18190.669,0.54165567
18193.186,0.52949676
18195.704,0.5378507
18198.222,0.53353499
18200.74,0.5352525
18203.258,0.53455677
18205.776,0.53205113
18208.295,0.52773556
18210.814,0.53065985
18213.332,0.52091449
18215.851,0.51418576
18218.371,0.53460638
18220.89,0.54296068
18223.41,0.53743869
18225.929,0.5409665
18228.449,0.52458486
18230.969,0.52207956
18233.49,0.53284731
18236.01,0.54059849
18238.531,0.53809331
18241.051,0.55670429
18243.572,0.55238922
18246.094,0.56255383
18248.615,0.57151183
18251.136,0.55452718
18253.658,0.54598902
18256.18,0.54650067
18258.702,0.53735927
18261.224,0.55597054
18263.746,0.54622588
18266.269,0.54975427
18268.792,0.53819973
18271.314,0.53448837
18273.837,0.51509076
18276.361,0.52163588
18278.884,0.50947817
18281.408,0.50818022
18283.931,0.52498185
18286.455,0.52247733
18288.979,0.52117949
18291.504,0.51867505
18294.028,0.51918723
18296.553,0.52693926
18299.077,0.51779842
18301.602,0.52856712
18304.128,0.52545954
18306.653,0.5295918
18309.178,0.52950088
18311.704,0.53242658
18314.23,0.54319546
18316.756,0.53224491
18319.282,0.54301385
18321.808,0.54473306
18324.335,0.55248549
18326.862,0.55118817
18329.388,0.54627098
18331.915,0.53954388
18334.443,0.54367653
18336.97,0.54720591
18339.498,0.54530545
18342.025,0.5421984
18344.553,0.54210797
18347.081,0.52874457
18349.61,0.52141439
18352.138,0.50986102
18354.667,0.50434087
18357.196,0.50244066
18359.725,0.49873053
18362.254,0.49743371
18364.783,0.49975684
18367.312,0.48941032
18369.842,0.49595674
18372.372,0.50129657
18374.902,0.51146297
18377.432,0.51559623
18379.963,0.50464656
18382.493,0.51119317
18385.024,0.51653317
18387.555,0.51704666
18390.086,0.52057677
18392.617,0.51928038
18395.148,0.50953756
18397.68,0.51487774
18400.212,0.51720136
18402.744,0.51288851
18405.276,0.51883212
18407.808,0.52389088
18410.34,0.51447005
18412.873,0.5212584
18415.406,0.52909254
18417.939,0.53431234
18420.472,0.53744067
18423.005,0.53534027
18425.539,0.5269654
18428.072,0.5374141
18430.606,0.54524845
18433.14,0.53687369
18435.675,0.54157085
18438.209,0.53842492
18440.743,0.54050778
18443.278,0.5269044
18445.813,0.5274187
18448.348,0.52688729
18450.883,0.51066963
18453.419,0.51484417
18455.954,0.51274424
18458.49,0.51744172
18461.026,0.53625689
18463.562,0.54043157
18466.098,0.53728602
18468.635,0.54564378
18471.171,0.54302118
18473.708,0.54458162
18476.245,0.55189374
18478.782,0.54038235
18481.32,0.56076643
18483.857,0.553961
18486.395,0.55029286
18488.933,0.56597116
18491.471,0.55341421
18494.009,0.57066121
18496.547,0.56228733
18499.086,0.55234485
18501.625,0.55756582
18504.164,0.54291753
18506.703,0.54500131
18509.242,0.54917663
18511.781,0.53923433
18514.321,0.53974959
18516.861,0.53660475
18519.401,0.52038805
18521.941,0.53449818
18524.481,0.53396783
18527.021,0.52559437
18529.562,0.53918174
18532.103,0.5145992
18534.644,0.51720624
18537.185,0.51458456
18539.726,0.50882566
18542.268,0.52136745
18544.81,0.51090274
18547.351,0.50357532
18549.893,0.50147669
18552.436,0.4863062
18554.978,0.49414229
18557.521,0.48786076
18560.063,0.47687338
18562.606,0.48575532
18565.149,0.47372227
18567.693,0.47476114
18570.236,0.46481966
18572.78,0.45801547
18575.323,0.45748582
18577.867,0.45957059
18580.411,0.45381225
18582.956,0.45223696
18585.5,0.45850484
18588.045,0.45431524
18590.59,0.45796881
18593.135,0.45168778
18595.68,0.45324992
18598.225,0.45847222
18600.771,0.45166842
18603.316,0.45950517
18605.862,0.44799556
18608.408,0.46001539
18610.954,0.45321173
18613.501,0.44274797
18616.047,0.44587902
18618.594,0.44273559
18621.141,0.44743534
18623.688,0.44429198
18626.235,0.45265193
18628.783,0.4505544
18631.33,0.44113664
18633.878,0.44217644
18636.426,0.44217051
18638.974,0.43589011
18641.523,0.43483851
18644.071,0.42542093
18646.62,0.42227789
18649.168,0.42227215
18651.717,0.4295867
18654.267,0.42278363
18656.816,0.41598061
18659.366,0.41336062
18661.915,0.40864917
18664.465,0.39714037
18667.015,0.40027213
18669.565,0.40026666
18672.116,0.39921548
18674.666,0.39398133
18677.217,0.39083872
18679.768,0.38978765
18682.319,0.3845536
18684.87,0.37931959
18687.422,0.38402026
18689.973,0.37774057
18692.525,0.37878117
18695.077,0.37825319
18697.629,0.36726772
18700.182,0.36203392
18702.734,0.36255179
18705.287,0.36254682
18707.839,0.35783601
18710.393,0.35469385
18712.946,0.34789161
18715.499,0.34840965
18718.053,0.34422186
18720.606,0.34683148
18723.16,0.35728427
18725.714,0.35727959
18728.268,0.35100043
18730.823,0.34890431
18733.377,0.3452396
18735.932,0.34941806
18738.487,0.35150505
18741.042,0.35568358
18743.597,0.34835888
18746.153,0.35358324
18748.708,0.35357887
18751.264,0.34259415
18753.82,0.34415848
18756.376,0.34729147
18758.933,0.34624149
18761.489,0.33682553
18764.046,0.32427236
18766.603,0.33054275
18769.16,0.32008115
18771.717,0.31641696
18774.274,0.31118419
18776.832,0.31118021
18779.389,0.30385601
18781.947,0.30437497
18784.505,0.30541685
18787.064,0.29652413
18789.622,0.31325235
18792.181,0.29494793
18794.739,0.29128407
18797.298,0.28814311
18799.857,0.28134207
18802.417,0.28970445
18804.976,0.27924335
18807.536,0.28603718
18810.096,0.28812516
18812.655,0.28655305
18815.216,0.29230123
18817.776,0.2970037
18820.336,0.30066045
18822.897,0.28706234
18825.458,0.28392178
18828.019,0.281827
18830.58,0.28652965
18833.142,0.2917552
18835.703,0.28809191
18838.265,0.29331753
18840.827,0.29592882
18843.389,0.29644863
18845.951,0.29173972
18848.513,0.29016811
18851.076,0.29487103
18853.639,0.29120798
18856.202,0.28806785
18858.765,0.28179049
18861.328,0.27708179
18863.892,0.2817849
18866.455,0.28021353
18869.019,0.28439383
18871.583,0.27863952
18874.147,0.28334277
18876.711,0.28595454
18879.276,0.26921995
18881.841,0.27130893
18884.405,0.2676463
18886.97,0.26450659
18889.536,0.26868717
18892.101,0.26868478
18894.667,0.26554517
18897.232,0.25769971
18899.798,0.26083469
18902.364,0.26030956
18904.93,0.2461897
18907.497,0.24305027
18910.063,0.24670826
18912.63,0.23520289
18915.197,0.23310931
18917.764,0.23938179
18920.332,0.23571966
18922.899,0.23101181
18925.467,0.22421249
18928.035,0.21218445
18930.602,0.20329371
18933.171,0.20904352
18935.739,0.21113323
18938.307,0.21531449
18940.876,0.21322127
18943.445,0.2215856
18946.014,0.2226297
18948.583,0.21321632
18951.153,0.22471802
18953.722,0.22157922
18956.292,0.21948621
18958.862,0.22053049
18961.432,0.23098658
18964.002,0.23830544
18966.573,0.24300996
18969.143,0.24771451
18971.714,0.23673282
18974.285,0.24143745
18976.856,0.23307021
18979.427,0.23254615
18981.999,0.23045349
18984.57,0.22522362
18987.142,0.22835979
18989.714,0.22888162
18992.286,0.22522048
18994.859,0.22992539
18997.431,0.23044732
19000.004,0.2330608
19002.577,0.22992267
19005.15,0.23201334
19007.723,0.22678379
19010.296,0.23671766
19012.87,0.2461287
19015.444,0.2440365
19018.018,0.24403585
19020.592,0.24769536
19023.166,0.24508039
19025.74,0.24507984
19028.315,0.24403357
19030.89,0.2482161
19033.465,0.23984964
19036.04,0.2382806
19038.615,0.22991421
19041.191,0.23200538
19043.766,0.22939069
19046.342,0.22416167
19048.918,0.21736405
19051.494,0.21213509
19054.071,0.21945519
19056.647,0.21108905
19059.224,0.20847458
19061.801,0.20220001
19064.378,0.19906274
19066.955,0.198017
19069.532,0.19435692
19072.11,0.19540276
19074.688,0.19644863
19077.266,0.19069715
19079.844,0.19540322
19082.422,0.19488057
19085,0.20376972
19087.579,0.20220139
19090.158,0.19278996
19092.737,0.19801909
19095.316,0.19749661
19097.895,0.19279117
19100.475,0.19958903
19103.054,0.19958954
19105.634,0.1948842
19108.214,0.18965602
19110.794,0.19227102
19113.375,0.19122591
19115.955,0.19070372
19118.536,0.18913582
19121.117,0.17815618
19123.698,0.18809161
19126.279,0.1781578
19128.86,0.17815866
19131.442,0.17815956
19134.024,0.184435
19136.606,0.18914185
19139.188,0.18966573
19141.77,0.18548377
19144.352,0.18287046
19146.935,0.17764281
19149.518,0.18234984
19152.101,0.17346213
19154.684,0.17869211
19157.267,0.17398747
19159.851,0.16562275
19162.434,0.16248681
19165.018,0.16457968
19167.602,0.1682412
19170.186,0.16353674
19172.771,0.1572637
19175.355,0.1572652
19177.94,0.1536066
19180.525,0.15256242
19183.11,0.15204115
19185.695,0.15204279
19188.281,0.15256734
19190.866,0.14890892
19193.452,0.14577341
19196.038,0.14577519
19198.624,0.16198616
19201.21,0.15466775
19203.797,0.148918
19206.383,0.14525979
19208.97,0.13009835
19211.557,0.14003498
19214.144,0.13689976
19216.732,0.14422208
19219.319,0.14945294
19221.907,0.1468407
19224.495,0.15520888
19227.083,0.1463222
19229.671,0.14684731
19232.259,0.14737246
19234.848,0.14371464
19237.436,0.13848823
19240.025,0.13796774
19242.614,0.14842767
19245.204,0.14372424
19247.793,0.1531385
19250.383,0.14895801
19252.972,0.15366645
19255.562,0.14268866
19258.152,0.14582854
19260.743,0.14060245
19263.333,0.13642214
19265.924,0.13956213
19268.514,0.1395649
19271.105,0.14218209
19273.697,0.14584506
19276.288,0.13905055
19278.879,0.13434758
19281.471,0.13173615
19284.063,0.13749077
19286.655,0.14167679
19289.247,0.12808507
19291.84,0.12233653
19294.432,0.13279717
19297.025,0.11763693
19299.618,0.13123489
19302.211,0.13646688
19304.804,0.12653551
19307.397,0.1375192
19309.991,0.13229378
19312.585,0.12968277
19315.179,0.13439206
19317.773,0.13910139
19320.367,0.13492186
19322.962,0.13178811
19325.556,0.12865441
19328.151,0.13806976
19330.746,0.139642
19333.341,0.13859991
19335.936,0.14958399
19338.532,0.14697333
19341.128,0.15011435
19343.724,0.15743841
19346.32,0.1495991
19348.916,0.14489708
19351.512,0.14228661
19354.109,0.14072192
19356.705,0.13811151
19359.302,0.15118741
19361.899,0.14753132
19364.497,0.14230664
19367.094,0.14701664
19369.692,0.13238027
19372.289,0.12977007
19374.887,0.12925142
19377.485,0.12298116
19380.084,0.1240312
19382.682,0.11880677
19385.281,0.1303144
19387.88,0.13973056
19390.479,0.13450623
19393.078,0.14444534
19395.677,0.1324237
19398.277,0.13138249
19400.876,0.12720405
19403.476,0.13243742
19406.076,0.13191919
19408.677,0.13662975
19411.277,0.13454296
19413.877,0.1261817
19416.478,0.12252635
19419.079,0.13037431
19421.68,0.13090204
19424.281,0.11731216
19426.883,0.11627134
19429.484,0.12098218
19432.086,0.11732705
19434.688,0.11680921
19437.29,0.10478813
19439.893,0.10583898
19442.495,0.096955234
19445.098,0.10114341
19447.701,0.094874114
19450.304,0.10167674
19452.907,0.10481928
19455.51,0.1069161
19458.114,0.093326677
19460.717,0.092286312
19463.321,0.1017035
19465.925,0.093342941
19468.529,0.096485688
19471.134,0.087079451
19473.738,0.09754253
19476.343,0.10695989
19478.948,0.10644265
19481.553,0.12056597
19484.158,0.11900304
19486.764,0.12371466
19489.369,0.11953743
19491.975,0.11170011
19494.581,0.12007196
19497.187,0.11432621
19499.794,0.10910337
19502.4,0.10597207
19505.007,0.097612039
19507.614,0.10075532
19510.221,0.10494438
19512.828,0.094492957
19515.435,0.089270327
19518.043,0.083524856
19520.65,0.083531055
19523.258,0.081968662
19525.866,0.073086043
19528.474,0.076752478
19531.083,0.078850322
19533.691,0.073105063
19536.3,0.07363435
19538.909,0.077300927
19541.518,0.06841852
19544.127,0.069470788
19546.737,0.073660347
19549.346,0.062163667
19551.956,0.080993819
19554.566,0.086229236
19557.176,0.077869916
19559.787,0.082582528
19562.397,0.056445501
19565.008,0.071615699
19567.619,0.067439528
19570.23,0.059603261
19572.841,0.074250689
19575.452,0.0705975
19578.064,0.067990097
19580.675,0.06904286
19583.287,0.068527032
19585.899,0.068534114
19588.512,0.072201362
19591.124,0.066979757
19593.737,0.059143809
19596.349,0.065948418
19598.962,0.063341298
19601.575,0.069100226
19604.189,0.073813439
19606.802,0.068592045
19609.416,0.075919707
19612.029,0.074358516
19614.643,0.059725464
19617.258,0.064438853
19619.872,0.066015022
19622.486,0.066545475
19625.101,0.066553088
19627.716,0.071789494
19630.331,0.056110902
19632.946,0.068144765
19635.561,0.069721146
19638.177,0.059271419
19640.793,0.065030877
19643.409,0.055626973
19646.025,0.057726371
19648.641,0.046231034
19651.257,0.039441614
19653.874,0.045724125
19656.491,0.046255037
19659.108,0.046785985
19661.725,0.041042458
19664.342,0.038959098
19666.959,0.029555511
19669.577,0.038452613
19672.195,0.032186352
19674.813,0.030103133
19677.431,0.034294459
19680.049,0.029074055
19682.668,0.026468066
19685.286,0.034319629
19687.905,0.040079723
19690.524,0.030153579
19693.144,0.035913744
19695.763,0.033307932
19698.382,0.027042024
19701.002,0.040122557
19703.622,0.020261949
19706.242,0.02863667
19708.862,0.034397047
19711.483,0.025516937
19714.103,0.038074771
19716.724,0.032331986
19719.345,0.04122976
19721.966,0.049604693
19724.587,0.037064629
19727.209,0.040210875
19729.831,0.038128398
19732.452,0.036045956
19735.074,0.043375314
19737.697,0.041292943
19740.319,0.044962241
19742.941,0.054906085
19745.564,0.053869571
19748.187,0.048650086
19750.81,0.049705147
19753.433,0.047622988
19756.057,0.048155243
19758.68,0.038230018
19761.304,0.034056461
19763.928,0.025177058
19766.552,0.036166971
19769.176,0.035130776
19771.8,0.035140367
19774.425,0.026783981
19777.05,0.036728284
19779.675,0.029940596
19782.3,0.025244447
19784.925,0.031005849
19787.551,0.028924149
19790.176,0.027365361
19792.802,0.028943863
19795.428,0.027385145
19798.054,0.038898358
19800.681,0.033156704
19803.307,0.048330119
19805.934,0.047817294
19808.561,0.039984243
19811.188,0.050451881
19813.815,0.050984914
19816.442,0.043674845
19819.07,0.051005334
19821.698,0.048401218
19824.325,0.048411517
19826.954,0.03848721
19829.582,0.041634834
19832.21,0.034847853
19834.839,0.024923652
19837.468,0.020228245
19840.097,0.015532873
19842.726,0.01031466
19845.355,0.012939621
19847.984,0.016087492
19850.614,0.014529516
19853.244,0.014017328
19855.874,0.015596678
19858.504,0.0056727951
19861.134,0.0046378367
19863.765,0.0025571619
19866.396,0.0093654114
19869.026,0.0041475525
19871.658,-0.0026388986
19874.289,0.0010322021
19876.92,0.00052033149
19879.552,0.0015771237
19882.183,0.0078627094
19884.815,-0.0099039571
19887.447,0.0052705882
19890.08,-0.0044253952
19892.712,-0.011507018
19895.345,-0.017020033
19897.978,-0.013644177
19900.61,-0.0050395825
19903.244,-0.011075529
19905.877,-0.019202998
19908.51,-0.015827218
19911.144,-0.0051311948
19913.778,-0.004892707
19916.412,-0.0041313622
19919.046,0.0023815977
19921.68,-0.0073146114
19924.315,-0.0039389439
19926.95,-0.00997506
19929.584,-0.0081680576
19932.22,0.00043631163
19934.855,0.0064262829
19937.49,-0.0079759214
19940.126,-0.0030317393
19942.761,-0.00017907934
19945.397,0.0094709475
19948.033,0.014937949
19950.67,0.0047186571
19953.306,0.0091398693
19955.943,0.0036264222
19958.58,-0.0024099196
19961.217,-8.0267062e-005
19963.854,-0.0050708948
19966.491,0.00091885083
19969.128,0.0027255711
19971.766,-0.0033108647
19974.404,-0.0025499336
19977.042,0.00082535766
19979.68,0.00054049944
19982.319,0.00025562241
19984.957,-2.9273426e-005
19987.596,-0.00031418807
19990.235,-0.00059912153
19992.874,-0.00088407379
19995.513,-0.0011690449
