M/Z,Intensity
-7.8602611e-005,-0.58698039
2.1773576e-007,-0.336
9.6021472e-005,-0.35952941
0.00036601382,-0.6105098
0.00081019477,-0.28894118
0.0014285643,0.35419608
0.0022211225,-2.3830588
0.0031878693,-2.5791373
0.0043288047,-3.5124706
0.0056439287,-3.8732549
0.0071332413,-3.8732549
0.0087967426,-3.8732549
0.010634432,-3.8732549
0.012646311,-3.8698068
0.014832378,-3.8190013
0.017192634,-0.90515213
0.019727078,4.5423289
0.022435711,10.554814
0.025318532,6.5205395
0.028375542,3.8747985
0.031606741,8.7352383
0.035012128,3.1175454
0.038591704,-3.7312216
0.042345469,-2.9875331
0.046273422,4.1172381
0.050375564,1.6536805
0.054651894,-0.32330404
0.059102413,0.3666766
0.063727121,-0.88029912
0.068526017,-3.0681528
0.073499102,-1.8831589
0.078646375,5.6864473
0.083967837,10.323019
0.089463488,5.3598886
0.095133327,-1.5245116
0.10097736,-3.7184171
0.10699557,-3.7081026
0.11318798,-3.6974895
0.11955457,-2.8865778
0.12609535,-1.0557598
0.13281032,-0.37758443
0.13969948,-1.7775419
0.14676283,0.038485491
0.15400037,2.2077526
0.16141209,3.6635927
0.16899801,2.9942412
0.17675811,2.5604823
0.1846924,2.2917279
0.19280088,1.795821
0.20108355,-0.393905
0.20954041,-2.4892148
0.21817145,-2.0273633
0.22697669,0.26223768
0.23595611,1.3050784
0.24510972,0.58351177
0.25443752,1.2818515
0.26393951,2.3491173
0.27361569,0.98530902
0.28346605,-1.5625144
0.29349061,-1.5688629
0.30368935,-1.7788343
0.31406228,-2.8355661
0.3246094,-2.9351365
0.33533071,-1.6775457
0.34622621,-0.45102889
0.3572959,0.68951196
0.36853977,1.869567
0.37995783,1.8734501
0.39155009,1.4227297
0.40331653,1.4507392
0.41525716,1.7927727
0.42737197,1.8135362
0.43966098,1.7169511
0.45212418,1.7461548
0.46476156,1.1403629
0.47757313,0.064281287
0.49055889,0.023792347
0.50371884,-0.51835884
0.51705298,-0.96609383
0.53056131,-0.59000088
0.54424382,-0.25282507
0.55810053,0.12386496
0.57213142,-0.063852345
0.5863365,0.32912104
0.60071577,0.60474591
0.61526923,0.52772815
0.62999688,0.96865598
0.64489871,1.0020392
0.65997473,1.1964766
0.67522495,1.2575617
0.69064935,1.0676475
0.70624794,-0.07914849
0.72202072,-0.68478694
0.73796769,-0.52966003
0.75408884,-0.8216109
0.77038419,-1.5057376
0.78685372,-0.40949111
0.80349744,-0.82698906
0.82031535,-1.1425452
0.83730745,-0.81498303
0.85447374,0.092952334
0.87181421,-0.42658225
0.88932888,0.355825
0.90701773,1.1852721
0.92488077,0.87744535
0.942918,0.67940355
0.96112942,1.406833
0.97951503,1.2087533
0.99807483,0.83810558
1.0168088,1.2909683
1.035717,1.6496945
1.0547993,1.1927154
1.0740559,1.5984624
1.0934866,1.6198768
1.1130916,0.99029182
1.1328707,1.0587271
1.152824,0.56243751
1.1729515,0.74063877
1.1932532,0.47176226
1.213729,0.45384717
1.2343791,0.74963861
1.2552033,0.4571758
1.2762018,0.96469403
1.2973744,1.0800364
1.3187212,0.91300694
1.3402422,1.1459585
1.3619374,1.1514401
1.3838068,0.92160861
1.4058504,1.1701895
1.4280681,1.1834574
1.4504601,1.3770985
1.4730262,1.2413088
1.4957665,1.1055002
1.518681,0.93045688
1.5417697,0.6848064
1.5650326,0.55678403
1.5884697,0.49148779
1.612081,0.15166278
1.6358664,0.17260314
1.6598261,-0.073142142
1.6839599,-0.06008285
1.7082679,0.13334964
1.7327501,0.060096499
1.7574065,0.44172636
1.7822371,0.34490589
1.8072419,0.49904685
1.8324209,0.69238453
1.857774,0.56413463
1.8833013,0.64763047
1.9090029,0.40169559
1.9348786,0.32044763
1.9609285,0.27055326
1.9871526,0.024561495
2.0135509,0.0373743
2.0401234,0.2305603
2.06687,0.11000185
2.0937909,0.35805189
2.1208859,0.29235748
2.1481551,0.30507548
2.1755985,0.54522551
2.2032161,0.40104284
2.2310079,0.39801769
2.2589739,0.43418926
2.2871141,0.38406736
2.3154285,0.46725984
2.343917,0.59749217
2.3725797,0.50809771
2.4014167,0.51280193
2.4304278,0.64297738
2.4596131,0.38097701
2.4889726,0.63660475
2.5185062,0.64907626
2.5482141,0.45760725
2.5780962,0.45435457
2.6081524,0.38833783
2.6383828,0.11053742
2.6687875,0.099384722
2.6993663,0.1588013
2.7301193,-0.0092520676
2.7610465,-0.1145793
2.7921478,0.031054908
2.8234234,0.019807406
2.8548732,0.30658016
2.8864971,-0.1752935
2.9182952,0.28399035
2.9502676,0.13149054
2.9824141,0.065246272
3.0147348,0.18721834
3.0472296,0.41113223
3.0798987,0.14875265
3.112742,0.23145215
3.1457594,0.54158367
3.1789511,0.40463741
3.2123169,0.32257415
3.2458569,0.81304094
3.2795711,0.49564564
3.3134595,0.55470196
3.3475221,0.79413149
3.3817589,0.53158126
3.4161698,0.83371796
3.450755,0.75152197
3.4855143,0.65362075
3.5204478,0.97138684
3.5555556,0.56756535
3.5908375,0.84607783
3.6262936,0.818689
3.6619238,0.71284984
3.6977283,0.77954073
3.733707,0.54033032
3.7698598,0.89717937
3.8061868,0.50891143
3.8426881,0.56768334
3.8793635,0.77545591
3.9162131,0.26948402
3.9532369,0.58702259
3.9904348,0.58297356
4.027807,0.42204283
4.0653534,0.54344609
4.1030739,0.20992842
4.1409686,0.51952904
4.1790376,0.31930678
4.2172807,0.2523989
4.255698,0.38939362
4.2942895,0.19695762
4.3330551,0.13783599
4.371995,0.40810717
4.411109,0.058751541
4.4503973,0.17212205
4.4898597,0.12861085
4.5294963,0.053708148
4.5693071,0.096433541
4.6092921,-0.017722773
4.6494513,-0.061309811
4.6897847,-0.026484438
4.7302923,-0.21128587
4.770974,0.03526629
4.8118299,0.054348508
4.8528601,-0.24815686
4.8940644,0.064237491
4.9354429,-0.22729535
4.9769956,-0.0090298993
5.0187225,-0.033907329
5.0606235,-0.098006073
5.1026988,0.15945818
5.1449482,-0.17131848
5.1873719,0.062605108
5.2299697,-0.0093592818
5.2727417,0.012788348
5.3156879,0.12120486
5.3588083,-0.076266608
5.4021029,0.024295512
5.4455717,0.14838142
5.4892146,-0.080479482
5.5330318,0.20045791
5.5770231,0.15197792
5.6211886,-0.0063116293
5.6655283,0.2981383
5.7100422,0.21042573
5.7547303,0.099178127
5.7995926,0.12125823
5.8446291,0.29235231
5.8898397,0.12618587
5.9352245,0.27373928
5.9807836,0.091875306
6.0265168,0.38843708
6.0724242,0.23793439
6.1185058,0.024680987
6.1647616,0.46240235
6.2111916,-0.064587806
6.2577957,0.14567132
6.3045741,0.38729736
6.3515266,0.26813347
6.3986533,0.30582669
6.4459543,0.13959271
6.4934294,0.19296096
6.5410787,0.24632357
6.5889021,0.0094844784
6.6368998,0.43930643
6.6850717,0.17892667
6.7334177,0.10677658
6.781938,0.15226792
6.8306324,0.16638108
6.879501,0.36872391
6.9285438,0.084786608
6.9777608,0.31849073
7.027152,0.39532649
7.0767174,0.095686024
7.1264569,0.39211837
7.1763707,0.17089802
7.2264586,0.21633872
7.2767207,0.20687182
7.327157,0.17386989
7.3777675,0.28988194
7.4285522,0.18628052
7.4795111,0.28659504
7.5306442,0.38690393
7.5819514,-0.046126139
7.6334329,0.29730875
7.6850885,0.09171841
7.7369183,0.16063224
7.7889223,0.20601104
7.8411005,0.094521461
7.8934529,0.2653792
7.9459795,0.067603855
7.9986802,-0.067432016
8.0515552,0.16615394
8.1046043,-0.094383385
8.1578277,0.19409327
8.2112252,-0.082141578
8.2647969,0.025931669
8.3185428,0.079097328
8.3724629,-0.14225244
8.4265572,0.12266667
8.4808256,-0.11294419
8.5352683,-0.081889389
8.5898851,0.11387027
8.6446761,-0.19233186
8.6996413,-0.020103645
8.7547808,0.10506473
8.8100943,-0.14623849
8.8655821,-0.044601562
8.9212441,-0.029240155
8.9770803,-0.13936996
9.0330906,-0.069108628
9.0892751,-0.10865223
9.1456339,-0.022706657
9.2021668,-0.10146798
9.2588739,0.00016183517
9.3157552,0.0076729878
9.3728107,-0.16520903
9.4300403,0.085437341
9.4874442,-0.1266624
9.5450222,-0.040723941
9.6027745,0.092272325
9.6607009,-0.057085368
9.7188015,0.013163766
9.7770763,0.099098158
9.8355253,-0.065948858
9.8941485,0.059199187
9.9529458,-0.035261628
10.011917,0.082041246
10.071063,0.19149997
10.130383,0.01860473
10.189877,0.03394377
10.249545,0.23751709
10.309388,0.048932526
10.369405,0.18191557
10.429596,0.07960349
10.489961,0.26748647
10.5505,-0.077964907
10.611213,0.23540623
10.672101,0.26642341
10.733163,-0.071187872
10.794399,0.18727826
10.855809,0.23397866
10.917393,0.014011386
10.979152,0.31169015
11.041085,0.38191692
11.103192,0.012926984
11.165473,0.10668113
11.227928,0.52200289
11.290558,-0.10581363
11.353361,0.29381982
11.416339,0.18364833
11.479491,0.22249544
11.542818,0.01036113
11.606318,0.30802973
11.669993,0.32334437
11.733841,-0.069185143
11.797864,0.16573531
11.862062,0.22026258
11.926433,-0.031093508
11.990979,0.18813762
12.055698,0.070112826
12.120592,0.1167929
12.185661,-0.063979025
12.250903,0.20230686
12.316319,0.17055251
12.38191,-0.15924207
12.447675,0.20115841
12.513614,0.036067676
12.579727,-0.058435838
12.646015,0.16078512
12.712477,0.034907026
12.779112,-0.036070126
12.845923,0.034128176
12.912907,0.033737226
12.980065,-0.013713564
13.047398,-0.13175361
13.114905,0.095303374
13.182586,0.055692672
13.250441,-0.085879832
13.31847,0.11764469
13.386674,-0.016086713
13.455051,0.0070436156
13.523603,-0.19727805
13.592329,0.045458086
13.66123,-0.088277381
13.730304,-0.096523667
13.799553,0.09130746
13.868976,-0.097333017
13.938573,0.019907843
14.008344,-0.074617021
14.07829,-0.098554665
14.148409,0.026526281
14.218703,-0.083687906
14.289171,-0.013510954
14.359813,0.072351257
14.43063,-0.12414049
14.50162,0.047994196
14.572785,0.039735709
14.644124,-0.17244536
14.715637,0.18007843
14.787324,-0.11494627
14.859186,-0.0021395582
14.931221,-0.022677917
15.003431,-0.074600557
15.075815,0.069543501
15.148374,-0.021618291
15.221106,0.020541517
15.294013,-0.047114329
15.367094,0.042080837
15.440349,-0.088343572
15.513778,0.16553401
15.587381,0.0037135869
15.661159,-0.056157786
15.735111,0.11925323
15.809237,0.012299565
15.883537,0.015138092
15.958011,0.20620018
16.03266,-0.034122012
16.107482,0.047112689
16.182479,-0.044213362
16.25765,-0.0022178122
16.332996,0.11035424
16.408515,-0.16139917
16.484209,0.029580793
16.560077,0.024470588
16.636119,0.071621638
16.712335,-0.15575487
16.788725,0.0874391
16.86529,-0.069384683
16.942029,-0.053677202
17.018942,-0.030144339
17.096029,0.0090570439
17.17329,-0.13215148
17.250726,-0.092985612
17.328335,0.071652702
17.406119,-0.33627576
17.484077,0.14989567
17.56221,-0.18748006
17.640516,0.11042057
17.718997,-0.030912246
17.797652,0.039501892
17.876481,0.1569571
17.955484,-0.023644666
18.034662,0.11730444
18.114013,-0.14960734
18.193539,0.10111018
18.273239,0.24200602
18.353113,0.10053117
18.433162,0.1786464
18.513384,0.14693996
18.593781,0.21717655
18.674352,0.32661107
18.755097,0.23210627
18.836016,0.46699547
18.91711,0.050886533
18.998377,-0.0044558493
19.079819,-0.10687481
19.161435,-0.20931153
19.243226,-0.01372678
19.32519,-0.19463038
19.407329,-0.18731644
19.489642,-0.32903986
19.572129,-0.30607515
19.65479,-0.36940271
19.737625,-0.37000293
19.820635,-0.22160129
19.903819,-0.33988407
19.987177,-0.19151795
20.070709,-0.39611075
20.154415,-0.25562327
20.238296,0.15935626
20.32235,0.55863176
20.406579,0.64416401
20.490982,0.29046283
20.57556,4.6504694
20.660311,26.320262
20.745237,20.444939
20.830337,8.5382256
20.915611,0.69423959
21.001059,1.0227848
21.086681,1.6885672
21.172478,0.040606314
21.258449,0.86321592
21.344594,0.46227836
21.430913,0.014264225
21.517406,0.40544802
21.604074,0.23975131
21.690915,0.70148783
21.777931,0.3632066
21.865121,0.30726055
21.952486,0.74541439
22.040024,0.022766162
22.127737,0.26480606
22.215624,0.075455661
22.303685,0.16059731
22.39192,0.19081924
22.480329,-0.037800116
22.568913,-0.046829381
22.657671,-0.20489601
22.746603,-0.22964706
22.835709,-0.12308398
22.924989,-0.0950506
23.014444,-0.21613516
23.104073,-0.43927883
23.193876,-0.29389337
23.283853,-0.48586115
23.374004,-0.55243705
23.46433,-0.29754266
23.554829,-0.75647209
23.645503,-0.61157827
23.736351,-0.8275671
23.827373,-0.8632621
23.91857,-0.81278092
24.009941,-0.98984904
24.101485,-1.025839
24.193204,-1.1874175
24.285098,-1.3490944
24.377165,-1.252046
24.469407,-1.3511744
24.561822,-1.1837344
24.654412,-1.5497262
24.747176,-1.3824829
24.840115,-1.5447497
24.933227,-1.8796638
25.026514,-1.4303626
25.119975,-1.6086106
25.21361,-1.7006825
25.307419,-1.0399115
25.401403,-0.49688596
25.49556,2.9166295
25.589892,14.879066
25.684398,38.323758
25.779078,16.136978
25.873933,12.859904
25.968961,91.919987
26.064164,93.97605
26.159541,93.92221
26.255092,93.805527
26.350818,91.64953
26.446717,91.085592
26.542791,78.223516
26.639039,65.228009
26.735461,76.318677
26.832057,81.824934
26.928828,81.582072
27.025772,81.880289
27.122891,81.268604
27.220184,79.025447
27.317652,74.774349
27.415293,69.244722
27.513109,66.648329
27.611098,60.161642
27.709262,52.953288
27.807601,46.309542
27.906113,41.14805
28.0048,37.076656
28.10366,32.754184
28.202695,30.14926
28.301904,27.583453
28.401288,24.664607
28.500845,23.149584
28.600577,22.2776
28.700483,21.86042
28.800563,21.560788
28.900817,19.833607
29.001246,19.212211
29.101848,18.559343
29.202625,17.51422
29.303576,17.127822
29.404701,15.588385
29.506001,15.342967
29.607474,15.560196
29.709122,14.200856
29.810944,13.962986
29.91294,13.646587
30.01511,13.596755
30.117455,12.519375
30.219974,11.810524
30.322666,11.234907
30.425534,11.035663
30.528575,10.702988
30.63179,10.181978
30.73518,10.304008
30.838744,9.9082922
30.942482,9.0418898
31.046394,9.7597028
31.15048,9.8813391
31.254741,9.2264065
31.359176,8.7988265
31.463785,9.6574227
31.568568,9.4649402
31.673525,9.6174574
31.778657,10.075759
31.883963,11.38102
31.989442,11.886184
32.095097,11.763798
32.200925,12.206019
32.306927,12.036378
32.413104,10.831344
32.519455,11.336016
32.62598,10.585687
32.732679,9.8352606
32.839553,9.5082648
32.9466,8.8517589
33.053822,8.0931939
33.161218,7.6953149
33.268788,7.5091023
33.376532,7.0874972
33.484451,7.5677546
33.592544,8.6047764
33.700811,10.457386
33.809252,11.423623
33.917867,14.193683
34.026657,17.17541
34.13562,18.909979
34.244758,20.252293
34.35407,19.719999
34.463556,18.230744
34.573217,15.870803
34.683052,13.871547
34.79306,11.456507
34.903243,10.076663
35.013601,9.0104453
35.124132,7.2382474
35.234838,6.2110492
35.345717,5.434733
35.456771,4.9328284
35.567999,3.8818058
35.679402,3.5757829
35.790978,3.4971126
35.902729,2.9320695
36.014654,2.3747713
36.126753,2.8134531
36.239026,2.0912523
36.351474,1.9571884
36.464095,1.8857714
36.576891,1.5162167
36.689861,1.2249952
36.803005,1.5611262
36.916324,1.1128453
37.029816,0.81348556
37.143483,0.66304714
37.257324,0.8497653
37.371339,0.62854199
37.485529,0.085651727
37.599892,0.31913372
37.71443,0.27800759
37.829142,0.22893999
37.944028,0.14055837
38.059088,0.1305098
38.174323,-0.15159676
38.289731,0.021234568
38.405314,0.02155282
38.521071,-0.056524361
38.637002,-0.15025188
38.753108,0.069782036
38.869387,-0.27485399
38.985841,-0.062591338
39.102469,-0.16401823
39.219271,-0.030115071
39.336248,-0.084411264
39.453398,-0.27200485
39.570723,-0.14583701
39.688222,-0.21571166
39.805895,-0.30907978
39.923742,-0.1592747
40.041764,-0.25257095
40.15996,-0.0085763462
40.278329,-0.10180071
40.396873,-0.10871462
40.515592,0.30009368
40.634484,0.14423204
40.753551,0.011935744
40.872792,0.060067549
40.992207,-0.08
41.111796,-0.54196143
41.231559,-1.0280223
41.351497,-1.3185748
41.471608,-1.9626386
41.591894,-2.1680567
41.712355,-2.3818881
41.832989,-2.8943287
41.953797,-3.2426334
42.07478,-3.3875867
42.195937,-4.0978159
42.317268,-4.3301838
42.438773,-4.3827296
42.560453,-2.3495709
42.682306,6.9928216
42.804334,26.075821
42.926536,9.8876612
43.048912,2.4126573
43.171463,76.199828
43.294187,80.080547
43.417086,79.874421
43.540159,79.440274
43.663406,72.872224
43.786828,73.158506
43.910423,35.836374
44.034193,1.5097509
44.158137,10.860989
44.282255,11.490088
44.406547,6.9264609
44.531014,9.7583418
44.655654,10.777888
44.780469,14.228237
44.905458,15.678015
45.030621,12.484086
45.155959,11.940568
45.28147,15.592558
45.407156,51.714566
45.533016,41.702671
45.65905,6.3411857
45.785259,-4.4640065
45.911641,1.4988586
46.038198,-0.58590512
46.164929,-4.4673173
46.291834,-4.3179271
46.418913,-4.4200873
46.546167,-5.1502685
46.673595,-5.0888629
46.801196,-4.7456745
46.928972,-3.3912913
47.056923,-0.79041947
47.185047,1.6059608
47.313346,3.65988
47.441819,4.3335867
47.570466,5.8310025
47.699287,12.881539
47.828282,7.1165692
47.957452,0.65373977
48.086795,-0.25596881
48.216313,1.2109729
48.346006,-0.63170964
48.475872,-2.1291144
48.605912,4.5148369
48.736127,33.707988
48.866516,28.854259
48.997079,15.020318
49.127816,22.449302
49.258728,43.611799
49.389813,49.778397
49.521073,49.600077
49.652507,55.327819
49.784115,68.310642
49.915898,68.383841
50.047854,49.170946
50.179985,35.448426
50.31229,36.730007
50.444769,29.800004
50.577423,22.729003
50.71025,20.269947
50.843252,24.477738
50.976428,26.646492
51.109778,18.195819
51.243302,14.20807
51.377001,14.549912
51.510873,13.197817
51.64492,10.716489
51.779141,8.9804393
51.913536,7.8171182
52.048106,6.9363297
52.182849,5.4361131
52.317767,4.8145075
52.452859,4.2009248
52.588125,3.603208
52.723566,2.4723376
52.85918,1.804392
52.994969,1.2150574
53.130932,0.52394176
53.267069,0.029084222
53.40338,-0.45775049
53.539866,-0.51303295
53.676525,-1.2975475
53.813359,-2.2779608
53.950367,-1.9576334
54.08755,-1.5509135
54.224906,-1.4421147
54.362437,-2.2508449
54.500141,-2.086908
54.63802,-1.8052059
54.776074,-1.6410328
54.914301,-1.9865456
55.052703,-1.9633128
55.191278,-1.5478051
55.330028,-2.1596303
55.468952,-2.8419256
55.608051,-2.7868479
55.747323,-2.7865542
55.88677,-2.6135933
56.026391,-2.7934555
56.166186,-2.8163369
56.306155,-2.141061
56.446298,-2.320569
56.586616,-1.9666256
56.727108,-1.5890347
56.867774,-1.7211296
57.008614,-0.52761625
57.149629,-0.40849462
57.290817,0.71466667
57.43218,-0.10499077
57.573717,0.047808939
57.715428,0.89071285
57.857313,1.5452896
57.999373,2.3017353
58.141607,2.3286773
58.284014,1.1790568
58.426597,1.0411092
58.569353,-0.32830279
58.712283,-0.0036890416
58.855388,0.32867597
58.998667,1.2570275
59.14212,1.5735225
59.285747,1.7644355
59.429548,1.2180016
59.573524,0.9930445
59.717674,0.67387788
59.861998,0.92716841
60.006496,1.3921318
60.151168,0.82955228
60.296015,0.73746915
60.441036,2.01
60.58623,4.2863606
60.7316,0.78223715
60.877143,-2.0317821
61.02286,-2.2184422
61.168752,-1.9267629
61.314818,-1.6587048
61.461058,-2.3240719
61.607472,-0.91109956
61.754061,-1.5844936
61.900823,-1.2148422
62.04776,2.3155016
62.194871,4.3398712
62.342156,3.2504234
62.489616,7.5099034
62.637249,46.106546
62.785057,56.405058
62.933039,11.260341
63.081195,-4.1354485
63.229525,4.7980819
63.37803,1.8962263
63.526708,-0.22140744
63.675561,9.8883179
63.824588,20.139128
63.97379,7.3937675
64.123165,4.5541977
64.272715,15.408654
64.422439,20.584586
64.572337,22.678074
64.722409,34.818529
64.872655,49.782421
65.023076,29.3423
65.17367,19.239342
65.324439,21.818645
65.475383,17.472366
65.6265,13.431877
65.777791,37.705022
65.929257,68.48788
66.080897,37.576527
66.232711,4.0219455
66.384699,6.1378603
66.536862,7.7517224
66.689198,4.9890221
66.841709,4.288975
66.994394,8.0672674
67.147254,4.6925268
67.300287,0.094164819
67.453495,0.55453454
67.606876,0.32461631
67.760432,-0.94853105
67.914162,1.8096023
68.068067,5.8852908
68.222145,0.41578936
68.376398,-3.516549
68.530825,-3.1882122
68.685426,-2.7029872
68.840201,-2.617737
68.995151,-2.3991281
69.150274,-2.6353958
69.305572,-3.1226186
69.461044,-3.6411886
69.616691,-4.3087528
69.772511,-3.8155075
69.928506,-2.192825
70.084674,2.5749808
70.241017,1.7192825
70.397535,-2.4069786
70.554226,-2.1332145
70.711092,-0.22020932
70.868131,0.35164471
71.025345,-0.041181816
71.182733,0.2013111
71.340296,-0.011072609
71.498032,-1.2665682
71.655943,-0.82792091
71.814028,0.13624195
71.972287,-0.71917771
72.13072,0.18229071
72.289327,2.2053531
72.448109,5.5225584
72.607065,12.675083
72.766195,18.478614
72.925499,17.019424
73.084977,14.344574
73.24463,13.081514
73.404457,13.64593
73.564458,8.1868423
73.724633,3.5983679
73.884982,3.5354091
74.045506,2.0528677
74.206203,2.2723124
74.367075,1.4800178
74.528121,0.51519945
74.689342,0.052367234
74.850736,-0.6927926
75.012305,-0.3634173
75.174048,-1.9634284
75.335965,1.4091348
75.498056,17.44839
75.660321,10.789631
75.822761,-1.5083177
75.985375,-3.2729081
76.148163,-1.8923751
76.311125,-1.7196599
76.474261,11.362884
76.637572,22.319964
76.801056,2.7045199
76.964715,-3.5775656
77.128548,-0.016488446
77.292556,-1.5063664
77.456737,6.1331927
77.621093,37.78062
77.785623,27.530034
77.950327,1.1539829
78.115205,-3.2141998
78.280257,-0.55490614
78.445484,-0.26421464
78.610885,14.450032
78.77646,22.60744
78.942209,4.4197765
79.108132,-1.9482542
79.27423,0.20923063
79.440502,1.182427
79.606947,17.732119
79.773568,46.744582
79.940362,17.937462
80.10733,-0.46963208
80.274473,2.6056518
80.44179,3.3593923
80.609281,1.4386484
80.776946,12.749302
80.944786,23.259982
81.112799,5.6765685
81.280987,-3.1538781
81.449349,-0.21175026
81.617885,-1.0813618
81.786596,-0.86075201
81.95548,-0.24796
82.124539,-0.9292603
82.293772,-2.2458294
82.463179,-2.0564908
82.63276,-1.7886955
82.802516,-0.50126706
82.972446,1.4528534
83.142549,-0.72633415
83.312828,-1.972163
83.48328,-1.1395352
83.653906,-0.42452915
83.824707,-0.72126245
83.995682,-0.18659787
84.166831,0.0029939978
84.338154,-0.86621234
84.509651,-0.9275502
84.681323,-1.0908235
84.853169,-1.2971413
85.025189,-0.82907889
85.197383,-1.3415383
85.369751,-1.0227547
85.542294,-0.93155181
85.71501,-0.76204714
85.887901,-0.63188778
86.060966,-0.21166198
86.234206,1.5809832
86.407619,1.6793811
86.581207,1.3384337
86.754969,-0.63401586
86.928905,0.38948336
87.103015,28.699127
87.277299,51.063544
87.451758,16.784693
87.626391,-3.6354631
87.801198,0.5952311
87.976179,2.7473643
88.151334,16.444466
88.326664,43.451242
88.502168,24.426516
88.677845,8.507542
88.853698,13.639419
89.029724,24.182932
89.205924,25.887098
89.382299,24.07741
89.558848,21.451906
89.735571,16.951763
89.912468,14.114235
90.08954,11.80991
90.266785,13.411339
90.444205,29.475383
90.621799,18.104003
90.799567,4.6383757
90.97751,0.70203074
91.155626,2.8283012
91.333917,25.479932
91.512382,62.170649
91.691021,32.312217
91.869834,-3.7032074
92.048822,-2.8638596
92.227984,2.2420252
92.407319,8.006604
92.586829,24.382818
92.766514,19.511843
92.946372,16.099562
93.126405,2.3655834
93.306612,8.6785336
93.486993,64.403119
93.667548,66.574633
93.848277,66.244057
94.029181,61.905509
94.210259,45.253105
94.391511,31.47116
94.572937,34.606732
94.754537,44.534331
94.936312,18.391213
95.11826,4.3734549
95.300383,5.8928223
95.48268,7.1846091
95.665152,15.597835
95.847797,21.156029
96.030617,11.396447
96.213611,4.6249697
96.396779,4.5043436
96.580121,29.034568
96.763637,63.125448
96.947328,63.388746
97.131193,24.844072
97.315232,3.3502493
97.499445,12.703355
97.683832,11.311234
97.868394,14.742512
98.053129,14.597189
98.238039,14.381149
98.423123,17.161058
98.608382,17.258484
98.793814,18.108722
98.979421,18.95883
99.165202,16.255868
99.351157,13.395913
99.537286,11.531906
99.723589,11.432476
99.910067,11.348603
100.09672,11.280286
100.28354,12.466742
100.47055,12.939342
100.65772,13.702009
100.84507,15.303762
101.03259,25.054405
101.22029,19.518644
101.40816,9.2925574
101.5962,6.7055566
101.78442,8.1968575
101.97282,10.652735
102.16139,16.747698
102.35013,12.08959
102.53904,9.4627258
102.72813,8.7729864
102.9174,14.287039
103.10684,46.310766
103.29645,54.357893
103.48624,23.165674
103.6762,10.192933
103.86633,15.682808
104.05664,12.921573
104.24713,13.383738
104.43779,7.4771458
104.62862,1.3037572
104.81963,0.11063115
105.01081,-1.3571344
105.20216,7.5200685
105.39369,14.99322
105.58539,0.85055603
105.77727,-5.3392966
105.96932,-5.2547691
106.16155,-3.4840967
106.35395,1.0393872
106.54652,-2.5078467
106.73927,-6.7218769
106.93219,-8.3634878
107.12529,-7.4169929
107.31856,-1.2549415
107.51201,2.4363922
107.70563,-5.2750804
107.89942,-9.4649998
108.09339,-8.9804251
108.28753,-0.48802292
108.48185,32.922011
108.67634,25.257519
108.871,-3.5677727
109.06584,-12.102884
109.26085,-5.3517362
109.45604,3.8307684
109.6514,6.7230613
109.84694,-0.1650535
110.04264,-7.6727918
110.23853,-6.5923104
110.43459,32.778351
110.63082,54.564684
110.82722,48.915707
111.02381,2.3804394
111.22056,-6.4607259
111.41749,1.5137794
111.61459,7.4568966
111.81187,3.9176452
112.00932,0.99798611
112.20695,-5.8354141
112.40475,-3.1315751
112.60272,42.372248
112.80087,54.676056
112.99919,45.43475
113.19769,2.4679387
113.39636,0.065817346
113.5952,5.8597588
113.79422,13.630155
113.99342,5.7770066
114.19278,-2.5153733
114.39233,-3.7803178
114.59204,-1.0923368
114.79193,10.011315
114.992,13.632598
115.19223,5.3636695
115.39265,-5.1484119
115.59323,15.359099
115.794,54.046986
115.99493,55.111329
116.19604,55.375655
116.39732,42.5733
116.59878,27.684654
116.80041,19.894032
117.00222,25.4681
117.2042,10.430388
117.40635,2.4985426
117.60868,2.080407
117.81119,12.289707
118.01386,44.577422
118.21672,39.657279
118.41974,8.0390814
118.62294,-1.1869753
118.82631,7.5320504
119.02986,20.996158
119.23358,17.338682
119.43748,1.9478573
119.64155,-3.3253363
119.8458,-0.057369054
120.05022,6.5674453
120.25481,11.654989
120.45958,-0.14375708
120.66452,-6.2405582
120.86963,-2.80012
121.07492,7.8010869
121.28039,10.504239
121.48603,-1.388703
121.69184,-6.3875429
121.89783,-4.9314965
122.10399,-0.57350494
122.31032,5.7138828
122.51683,-1.5046275
122.72351,-7.5878356
122.93037,-7.6712659
123.1374,-1.8019772
123.34461,11.172972
123.55199,1.5751494
123.75954,-8.6111304
123.96727,-10.287828
124.17518,-3.1569053
124.38325,10.601246
124.5915,-0.93494148
124.79993,-9.7419398
125.00853,-11.011905
125.2173,-8.7997403
125.42625,-3.1054443
125.63537,-6.2819588
125.84467,-10.392029
126.05414,-11.757223
126.26378,-8.0716586
126.4736,2.9940756
126.6836,1.8399798
126.89376,-1.9496323
127.10411,-2.8767215
127.31462,-1.4981504
127.52531,5.5037279
127.73618,4.5289135
127.94721,-0.55592707
128.15843,-3.8605976
128.36981,5.7129411
128.58137,31.662728
128.79311,24.012293
129.00502,8.0635968
129.2171,6.5068351
129.42936,20.981224
129.64179,39.573037
129.8544,38.509727
130.06718,22.065802
130.28013,13.205969
130.49326,42.008658
130.70656,43.666028
130.92004,44.20945
131.13369,43.936963
131.34751,41.02896
131.56151,41.940343
131.77569,42.820131
131.99004,42.844795
132.20456,42.571198
132.41925,41.771888
132.63412,40.509611
132.84917,40.949073
133.06439,41.474587
133.27978,41.184192
133.49535,38.250438
133.71109,38.351756
133.927,38.366578
134.14309,31.894903
134.35936,21.595554
134.5758,10.495984
134.79241,13.105995
135.00919,24.155
135.22615,9.2194687
135.44329,-1.7868728
135.6606,0.35950467
135.87808,6.1213463
136.09574,9.035907
136.31357,1.4012258
136.53158,-3.3709323
136.74976,-2.449195
136.96811,3.8997711
137.18664,12.750476
137.40534,8.887233
137.62422,0.34925818
137.84327,-1.1536447
138.06249,7.6883283
138.28189,11.526158
138.50147,-5.3734902
138.72121,-11.880056
138.94114,-5.9393605
139.16123,4.9191831
139.3815,2.4367518
139.60195,-9.1748898
139.82257,-11.641232
140.04336,-4.8367842
140.26433,19.646296
140.48547,18.262912
140.70678,-7.0418399
140.92827,-10.715018
141.14993,8.3178887
141.37177,22.001977
141.59378,0.15685475
141.81597,-11.241007
142.03833,-6.5523928
142.26087,-1.2047535
142.48358,3.6411265
142.70646,-0.65788996
142.92952,-3.4821951
143.15275,20.862329
143.37615,38.877642
143.59973,40.438255
143.82349,31.967697
144.04741,3.0659683
144.27152,11.874245
144.49579,23.035664
144.72024,7.1541473
144.94487,-4.8605012
145.16967,-3.5808304
145.39464,23.157865
145.61979,40.069312
145.84511,19.451548
146.07061,-9.526799
146.29628,1.4793694
146.52212,31.591622
146.74814,25.892311
146.97433,-1.4146415
147.2007,-7.3959022
147.42724,4.1681366
147.65395,22.320612
147.88084,12.794858
148.10791,-3.656185
148.33515,-6.6325166
148.56256,2.3678239
148.79014,5.9173855
149.0179,-2.4936357
149.24584,-6.8338671
149.47395,-3.511152
149.70223,5.8352941
149.93069,3.5629417
150.15932,-5.6351684
150.38812,-8.4649185
150.6171,-4.9106223
150.84626,1.4904652
151.07559,-3.6302834
151.30509,-9.9826719
151.53476,-10.703955
151.76461,-6.7353102
151.99464,-4.1551678
152.22484,-9.3164694
152.45521,-10.964313
152.68576,-9.8594826
152.91648,-4.4019787
153.14738,-5.7525853
153.37845,-11.668165
153.60969,-11.960483
153.84111,-6.1118924
154.0727,0.02662723
154.30447,-6.3606108
154.53641,-9.6343908
154.76852,12.817052
155.00081,38.256462
155.23328,38.095606
155.46591,29.510952
155.69872,35.341717
155.93171,36.474175
156.16487,37.010288
156.39821,37.216721
156.63171,35.909161
156.8654,35.103295
157.09925,36.140298
157.33328,35.780956
157.56749,35.421346
157.80187,35.061469
158.03642,34.701324
158.27115,34.340911
158.50605,33.980232
158.74113,33.619285
158.97638,33.25807
159.2118,32.896588
159.4474,32.534838
159.68318,32.172821
159.91912,30.539948
160.15524,30.075436
160.39154,30.387126
160.62801,30.722079
160.86465,26.154803
161.10147,12.23824
161.33846,11.231213
161.57563,19.92588
161.81297,6.5653775
162.05049,-6.5287259
162.28818,-2.1878026
162.52604,12.443049
162.76408,4.971673
163.00229,-8.0764414
163.24067,-11.846392
163.47923,-2.2126882
163.71797,1.2952578
163.95688,-5.7774558
164.19596,-8.6622016
164.43522,-3.4766266
164.67465,-0.35406413
164.91425,-4.4396123
165.15403,-8.2195455
165.39398,-6.1487658
165.63411,-0.30570461
165.87441,-0.76879317
166.11489,-1.7184237
166.35554,0.0061881076
166.59637,6.5697481
166.83736,8.1134329
167.07854,0.92743841
167.31988,-1.545098
167.5614,4.8520379
167.8031,12.221698
168.04497,1.20702
168.28701,-5.6821926
168.52923,-2.2812338
168.77162,6.7197002
169.01419,1.744139
169.25693,-5.4588979
169.49985,-3.0776458
169.74293,13.060444
169.9862,15.47302
170.22963,-1.2673708
170.47325,-7.3489625
170.71703,11.973343
170.96099,17.781898
171.20513,4.5237612
171.44943,-8.742243
171.69392,-0.82395822
171.93857,9.3374392
172.1834,2.0086158
172.42841,-7.4378794
172.67359,4.841091
172.91894,18.445527
173.16447,19.320526
173.41017,14.564128
173.65605,2.9371177
173.9021,17.27871
174.14832,18.483022
174.39472,12.871623
174.64129,14.256279
174.88804,18.080125
175.13496,18.884338
175.38206,19.304214
175.62932,19.269162
175.87677,18.245851
176.12439,19.198985
176.37218,19.16386
176.62014,19.12871
176.86828,19.093535
177.1166,19.058335
177.36509,19.023111
177.61375,18.987862
177.86259,18.952588
178.1116,18.91729
178.36079,18.881967
178.61014,18.846619
178.85968,18.811247
179.10939,18.768006
179.35927,18.418859
179.60933,13.606942
179.85956,-1.5422547
180.10996,-0.35422115
180.36054,13.66516
180.61129,12.178635
180.86222,-0.6804648
181.11332,-5.4533144
181.3646,5.9306741
181.61605,9.5107164
181.86767,-0.36808962
182.11947,-3.7920183
182.37144,7.7565773
182.62359,16.316913
182.87591,17.190949
183.12841,17.257118
183.38108,18.170321
183.63392,18.134479
183.88694,18.098613
184.14013,18.062722
184.39349,18.026806
184.64703,17.990866
184.90075,17.954901
185.15464,17.918911
185.4087,17.882897
185.66294,17.846858
185.91735,17.810794
186.17193,17.774705
186.42669,17.738592
186.68163,17.702454
186.93673,17.666292
187.19202,17.630104
187.44747,17.593892
187.7031,17.557656
187.95891,17.521394
188.21489,17.485108
188.47104,17.448798
188.72737,17.404619
188.98387,17.281985
189.24054,17.065208
189.49739,16.879778
189.75442,16.717854
190.01162,17.230415
190.26899,17.193931
190.52654,16.467227
190.78426,14.854223
191.04215,16.574528
191.30022,17.039907
191.55846,15.466045
191.81688,14.943139
192.07547,16.584914
192.33424,16.885488
192.59318,14.982115
192.85229,10.090483
193.11158,14.430198
193.37104,14.213026
193.63068,10.709555
193.89049,11.213902
194.15048,15.914303
194.41064,16.06566
194.67097,13.605227
194.93148,7.3094753
195.19216,11.539189
195.45302,13.792408
195.71405,14.398543
195.97525,15.843869
196.23663,16.347994
196.49818,16.310918
196.75991,16.273817
197.02181,16.236692
197.28389,16.199541
197.54614,16.162366
197.80856,16.125167
198.07116,16.087943
198.33393,16.050694
198.59688,16.01342
198.86,15.976121
199.12329,15.938798
199.38676,15.901451
199.6504,15.864078
199.91422,15.826681
200.17821,15.781416
200.44238,15.751812
200.70672,15.714341
200.97123,15.676845
201.23592,15.639325
201.50078,15.601779
201.76582,15.564209
202.03103,15.526615
202.29642,15.488995
202.56198,15.451351
202.82771,15.413682
203.09362,15.375989
203.3597,15.338271
203.62595,15.300528
203.89238,15.26276
204.15899,15.224968
204.42577,15.187151
204.69272,15.14931
204.95985,15.111443
205.22715,15.073552
205.49462,15.035637
205.76227,14.997696
206.0301,14.959731
206.2981,14.921741
206.56627,14.883727
206.83461,14.845688
207.10313,14.807624
207.37183,14.510712
207.6407,13.970638
207.90974,14.010931
208.17896,13.611984
208.44835,12.938503
208.71791,12.037546
208.98765,11.905191
209.25757,11.427714
209.52766,10.314918
209.79792,10.315823
210.06836,11.877488
210.33897,10.756775
210.60975,8.9772135
210.88071,10.523118
211.15184,12.62586
211.42315,11.591323
211.69463,10.195976
211.96629,12.494723
212.23812,13.562072
212.51012,12.36273
212.7823,10.135913
213.05465,12.999266
213.32718,13.697889
213.59988,13.353351
213.87276,10.444081
214.14581,12.640669
214.41903,13.362723
214.69243,12.931811
214.966,11.434208
215.23975,13.293442
215.51367,13.37226
215.78776,11.482426
216.06203,12.353351
216.33647,13.498761
216.61109,13.459833
216.88588,12.667939
217.16085,10.589746
217.43598,13.186038
217.7113,13.115639
217.98679,10.025607
218.26245,11.523785
218.53829,13.037626
218.8143,12.692618
219.09048,11.171115
219.36684,13.029979
219.64337,13.029995
219.92008,12.747633
220.19696,12.857404
220.47402,12.912248
220.75125,12.872949
221.02865,12.833626
221.30623,12.668788
221.58398,12.754906
221.86191,12.715508
222.14001,12.213341
222.41828,12.589581
222.69673,12.597169
222.97536,12.557673
223.25415,11.890701
223.53313,11.270764
223.81227,12.391978
224.09159,11.528854
224.37109,7.3715871
224.65076,12.241747
224.9306,12.280509
225.21061,12.240816
225.49081,12.201098
225.77117,12.161355
226.05171,12.121587
226.33242,12.081795
226.61331,12.041978
226.89437,12.002136
227.17561,11.96227
227.45702,11.922379
227.73861,11.882463
228.02036,11.842523
228.3023,11.802558
228.5844,11.762568
228.86669,11.722553
229.14914,11.682514
229.43177,11.258136
229.71457,3.4376557
229.99755,0.056365938
230.28071,5.616228
230.56403,-4.8317778
230.84753,1.8496034
231.13121,10.860372
231.41506,11.204449
231.69908,3.9720305
231.98328,-3.3702164
232.26765,8.0561394
232.55219,3.2001176
232.83691,-8.80887
233.12181,-5.6335686
233.40688,-1.7303174
233.69212,-7.442778
233.97754,-8.3395779
234.26313,-1.5736583
234.54889,-0.69796033
234.83483,-6.5752291
235.12095,-5.0486019
235.40723,2.3054507
235.69369,0.067320945
235.98033,-3.6924031
236.26714,1.3086317
236.55413,5.6821899
236.84128,1.0753304
237.12862,-0.11979004
237.41612,6.5674169
237.70381,4.5408728
237.99166,-0.60726544
238.27969,6.6837864
238.56789,10.178734
238.85627,8.7560094
239.14482,1.9920826
239.43355,8.9849929
239.72245,9.8523875
240.01153,5.1746585
240.30077,6.8027862
240.5902,10.023045
240.87979,9.9805336
241.16957,9.8987807
241.45951,9.8954336
241.74963,9.8528453
242.03993,9.8102314
242.33039,9.7675919
242.62104,9.7249268
242.91185,9.6822362
243.20284,9.63952
243.49401,9.5967783
243.78535,9.5540109
244.07686,9.511218
244.36855,9.4683996
244.66041,9.4255555
244.95245,9.3826859
245.24466,7.8574378
245.53704,8.3400072
245.8296,9.2539236
246.12233,9.2109517
246.41524,2.7679543
246.70832,9.0857156
247.00158,9.0818826
247.295,9.0388085
247.58861,8.5329636
247.88239,8.9525834
248.17634,8.9094325
248.47046,8.8662561
248.76476,8.823054
249.05924,8.7798264
249.35389,8.7365733
249.64871,8.6932945
249.94371,8.6499902
250.23888,8.6066604
250.53422,8.5633049
250.82974,8.5199239
251.12544,8.4765173
251.42131,8.4330851
251.71735,8.3033529
252.01356,4.3539873
252.30996,0.14577251
252.60652,-8.1408992
252.90326,-11.094263
253.20017,-4.1574565
253.49726,-4.50695
253.79452,-8.8643122
254.09196,-5.9275824
254.38957,-2.1830349
254.68735,-5.920866
254.98531,-5.1802913
255.28344,4.7053559
255.58175,5.3125462
255.88023,-2.4175441
256.17888,0.48763427
256.47771,7.3065125
256.77672,7.1528162
257.0759,6.8265453
257.37525,7.488484
257.67477,7.2719659
257.97447,4.4985594
258.27435,7.2153235
258.5744,7.3830423
258.87462,6.429167
259.17502,3.9223249
259.47559,7.2507514
259.77633,7.2066033
260.07725,7.0212531
260.37835,4.529995
260.67961,6.8230251
260.98106,6.512108
261.28267,5.3070477
261.58446,6.9411776
261.88643,6.8968505
262.18857,6.8289684
262.49088,6.8081195
262.79337,6.7637157
263.09603,6.7192863
263.39886,6.6748314
263.70187,6.6303508
264.00506,6.5858447
264.30842,6.541313
264.61195,6.4967558
264.91565,6.452173
265.21954,6.4075646
265.52359,6.3629307
265.82782,6.3182711
266.13222,6.273586
266.4368,6.2288754
266.74155,6.1841391
267.04648,6.1393773
267.35158,6.09459
267.65685,6.049777
267.9623,6.0049385
268.26792,5.9600744
268.57372,5.813224
268.87969,4.2232107
269.18584,-1.4374164
269.49216,-8.2745396
269.79865,-11.645022
270.10532,-7.7449412
270.41216,-7.5869085
270.71917,-10.519049
271.02637,-5.0825391
271.33373,0.3618368
271.64127,-3.7231761
271.94898,-4.3258131
272.25687,1.369612
272.56493,2.3905502
272.87316,0.031119227
273.18157,3.6873974
273.49016,5.6260515
273.79892,0.83531674
274.10785,0.51519313
274.41696,5.4735238
274.72624,5.4436422
275.03569,1.790254
275.34532,4.1055162
275.65512,4.7737425
275.9651,-0.12663567
276.27525,2.3847738
276.58558,6.4256179
276.89608,6.2704065
277.20675,1.315218
277.5176,0.62671916
277.82862,2.5578511
278.13982,-1.7541314
278.45119,-0.35628694
278.76273,1.2376588
279.07445,-3.8350391
279.38635,-2.3586946
279.69841,6.3568886
280.01066,6.4764163
280.32307,1.286163
280.63566,1.7429914
280.94843,1.2821957
281.26137,-3.6413221
281.57448,3.8587123
281.88777,7.2411227
282.20123,7.2039481
282.51486,1.5667964
282.82867,2.2747657
283.14265,2.8102089
283.45681,0.67116527
283.77114,5.5046936
284.08565,6.7460879
284.40033,5.5404464
284.71519,7.1348277
285.03021,6.839036
285.34542,2.8334632
285.6608,7.7141878
285.97635,7.7792492
286.29207,7.820804
286.60797,7.6741464
286.92405,7.9039824
287.24029,7.8907041
287.55672,1.8852918
287.87331,1.7544122
288.19008,7.5843399
288.50703,2.0417415
288.82415,-3.7204418
289.14144,1.6938683
289.45891,1.5238877
289.77655,-1.2107758
290.09437,1.5290933
290.41236,1.4140834
290.73052,-0.81855056
291.04886,2.8233482
291.36737,6.535858
291.68606,3.8483909
292.00492,6.157025
292.32395,8.4735253
292.64316,7.4802445
292.96255,6.2124768
293.2821,8.5212027
293.60184,8.0691672
293.92174,8.3622527
294.24182,8.8671257
294.56208,8.9092766
294.88251,8.9514505
295.20311,8.9936472
295.52389,9.0358669
295.84484,9.0781095
296.16596,9.1203751
296.48726,9.1626636
296.80874,9.204975
297.13038,9.0669171
297.45221,9.2896665
297.7742,8.7438114
298.09637,2.0254302
298.41872,2.8835425
298.74124,6.8710895
299.06393,3.8468947
299.3868,3.5991934
299.70984,5.5319072
300.03305,3.3234675
300.35644,6.103286
300.68001,9.6988136
301.00375,9.6865211
301.32766,7.1566045
301.65174,9.2384754
301.97601,9.7203693
302.30044,7.8571881
302.62505,9.7979514
302.94983,10.013247
303.27479,9.9932722
303.59992,10.083124
303.92523,10.141626
304.25071,10.184465
304.57636,9.1371302
304.90219,9.5564853
305.22819,9.5209614
305.55437,10.340362
305.88072,10.399002
306.20725,10.441978
306.53395,10.414389
306.86082,10.528
307.18787,10.571045
307.51509,10.574897
307.84249,10.570929
308.17006,10.700317
308.4978,10.696395
308.82572,10.786614
309.15381,10.829796
309.48208,10.873002
309.81052,10.91623
310.13914,10.959482
310.46793,11.002756
310.79689,11.046053
311.12603,11.089373
311.45534,11.132716
311.78483,11.176082
312.11449,11.219471
312.44432,11.262883
312.77433,11.306318
313.10452,11.349775
313.43487,11.393256
313.7654,11.43676
314.09611,11.480286
314.42699,11.523836
314.75804,11.567408
315.08927,11.611003
315.42068,11.654621
315.75225,11.698262
316.084,11.741926
316.41593,10.805221
316.74803,-1.049108
317.0803,-12.072042
317.41275,-2.5459332
317.74537,6.3213749
318.07817,-3.8858039
318.41114,-10.387646
318.74428,-6.6620458
319.0776,-10.175669
319.41109,-12.199105
319.74476,-9.1401952
320.0786,-10.442078
320.41262,-9.5792636
320.74681,-5.5164571
321.08117,-6.8575803
321.41571,-5.3987117
321.75042,2.4287763
322.08531,0.45233456
322.42037,-1.5868604
322.7556,5.5896227
323.09101,5.8484506
323.42659,2.0915842
323.76235,10.499415
324.09828,11.566062
324.43439,8.5307398
324.77067,6.6561937
325.10712,5.8090904
325.44375,1.9188417
325.78055,11.267801
326.11753,11.628516
326.45468,11.612753
326.792,11.385217
327.1295,11.510613
327.46718,11.565414
327.80502,11.549618
328.14305,11.533814
328.48124,11.518002
328.81961,11.502181
329.15816,11.486353
329.49687,11.470516
329.83577,11.454672
330.17483,11.438819
330.51407,11.422958
330.85349,6.920814
331.19308,10.175525
331.53284,9.2027767
331.87278,5.2182557
332.21289,10.865099
332.55318,10.535464
332.89364,1.0764083
333.23427,6.7153841
333.57508,9.0916066
333.91607,1.6560563
334.25722,2.4636351
334.59855,4.086892
334.94006,5.0199447
335.28174,11.10593
335.62359,11.184065
335.96562,11.168074
336.30782,11.152074
336.6502,11.136066
336.99275,11.120051
337.33548,11.104027
337.67837,11.087995
338.02145,11.071954
338.36469,11.055906
338.70812,11.03985
339.05171,11.023785
339.39548,11.007712
339.73943,10.991631
340.08354,10.975542
340.42784,10.959445
340.7723,10.94334
341.11694,10.51154
341.46176,4.2836535
341.80675,8.745955
342.15191,6.0866798
342.49725,9.0117102
342.84276,10.846536
343.18845,7.3480211
343.53431,-1.7583455
343.88034,1.1901817
344.22655,-3.5318874
344.57293,3.2911333
344.91949,9.4553224
345.26622,2.3096994
345.61313,-3.1731867
345.96021,3.6184289
346.30746,1.0296443
346.65489,1.7271259
347.00249,5.3657759
347.35027,3.8514766
347.69822,9.63913
348.04634,10.603246
348.39464,10.265393
348.74311,5.2373352
349.09176,9.7935834
349.44058,6.7968823
349.78958,-1.0468858
350.13875,1.8779654
350.48809,0.9753575
350.83761,-0.57039581
351.1873,3.1465878
351.53717,3.2870928
351.88721,9.8511189
352.23742,10.407294
352.58781,10.390912
352.93838,10.374521
353.28911,10.358123
353.64003,10.341716
353.99111,10.325301
354.34237,10.308878
354.69381,10.292447
355.04541,10.276008
355.3972,10.25956
355.74915,10.243105
356.10128,10.226641
356.45359,10.210169
356.80607,10.193689
357.15872,10.177201
357.51155,10.160705
357.86455,10.1442
358.21773,10.127688
358.57108,10.111167
358.9246,10.078952
359.2783,9.5133954
359.63217,9.6380267
359.98622,5.8567675
360.34044,-8.4892056
360.69484,-4.9842066
361.04941,-10.506667
361.40415,-11.984095
361.75907,-3.0850618
362.11416,-6.2487828
362.46943,-8.5183954
362.82487,-1.5174288
363.18048,-7.0262753
363.53627,-10.817484
363.89224,-7.2283095
364.24837,-9.3097324
364.60468,-5.6264586
364.96117,-0.084370392
365.31783,-0.73836975
365.67466,4.623308
366.03167,7.4594865
366.38885,8.6799695
366.74621,9.6965219
367.10374,9.6777709
367.46145,9.2119521
367.81933,9.6402417
368.17738,9.6214634
368.53561,8.9124798
368.89401,5.9368205
369.25259,6.8748775
369.61134,-2.0772707
369.97026,0.029395508
370.32936,2.0889937
370.68863,-2.3690642
371.04808,3.8081628
371.4077,3.7108709
371.76749,-1.9629007
372.12746,1.2652793
372.48761,1.0189403
372.84793,8.3725923
373.20842,9.3576076
373.56908,9.3386923
373.92992,9.1001599
374.29094,9.2380891
374.65213,9.0544404
375.01349,9.2629395
375.37503,9.2439785
375.73674,9.2250083
376.09862,9.206029
376.46068,9.1870406
376.82292,9.168043
377.18533,9.1490363
377.54791,9.1300204
377.91067,9.1109954
378.2736,8.7233339
378.6367,8.9395847
378.99998,8.1519049
379.36343,9.0348042
379.72706,9.0157335
380.09086,6.4711635
380.45484,7.0795256
380.81899,7.2643491
381.18331,7.9981831
381.54781,8.9202432
381.91248,8.9011177
382.27733,8.8819831
382.64235,8.8628394
383.00755,8.8436865
383.37292,8.8245245
383.73846,8.8053533
384.10418,8.7861731
384.47007,8.7669836
384.83613,8.7477851
385.20237,8.7285774
385.56879,8.7093606
385.93538,8.6901346
386.30214,8.6316838
386.66908,8.5104788
387.03619,8.3578921
387.40347,7.1935316
387.77093,2.3507305
388.13857,1.4687047
388.50638,-3.2486245
388.87436,0.1438412
389.24251,-1.0362513
389.61084,-1.7457647
389.97935,6.8309873
390.34803,8.0822399
390.71688,7.537405
391.08591,8.3807963
391.45511,8.3222176
391.82449,8.3734337
392.19404,8.3618956
392.56376,8.3425052
392.93366,8.3231057
393.30373,8.303697
393.67398,8.2842792
394.0444,8.2648522
394.41499,8.2454162
394.78576,8.1945984
395.1567,8.2065166
395.52782,8.1870531
395.89911,7.9636589
396.27058,7.8579027
396.64222,7.8148824
397.01403,6.3130294
397.38602,7.0621477
397.75819,7.6151784
398.13052,7.8936902
398.50303,8.0310164
398.87572,8.0114707
399.24858,7.9919159
399.62161,7.9723519
399.99482,7.9292494
400.3682,7.9331966
400.74176,7.9136052
401.11549,7.8940047
401.48939,7.874395
401.86347,7.8547762
402.23772,7.8351483
402.61215,7.8155113
402.98675,7.7958651
403.36153,7.7762098
403.73648,7.7565453
404.1116,7.7368717
404.4869,7.717189
404.86237,7.6974971
405.23802,7.6777961
405.61384,7.658086
405.98983,7.2932687
406.366,7.2107951
406.74235,7.4577243
407.11886,7.5791541
407.49556,7.5358688
407.87242,1.7827706
408.24946,1.3473102
408.62668,-1.5195319
409.00406,3.0332248
409.38163,2.2369527
409.75936,-1.3201128
410.13727,0.11889097
410.51536,-3.7205458
410.89362,-6.4070505
411.27205,-5.8072898
411.65066,-7.4349892
412.02944,-2.3568155
412.4084,1.3880158
412.78753,0.23087723
413.16683,3.8737295
413.54631,0.63814123
413.92596,-5.1543189
414.30579,-4.2252195
414.68579,-5.2333842
415.06597,-0.68861687
415.44632,6.0835923
415.82684,5.459714
416.20754,1.5103363
416.58841,3.5844789
416.96946,6.7174358
417.35068,7.0425405
417.73207,7.0225381
418.11364,7.0025265
418.49538,6.9825057
418.8773,6.9624758
419.25939,6.8012604
419.64166,6.8753299
420.0241,6.4709589
420.40671,6.7567748
420.7895,6.8621894
421.17246,6.8421047
421.5556,6.8220109
421.93891,6.801908
422.32239,6.7817959
422.70605,6.7616746
423.08989,6.7415443
423.47389,6.7214048
423.85808,6.7012561
424.24243,6.6810983
424.62696,6.6609314
425.01167,6.6407554
425.39654,6.6205702
425.7816,6.6003759
426.16682,6.5801724
426.55222,6.5599599
426.9378,6.5397381
427.32355,6.5195073
427.70947,5.4326006
428.09557,3.2084299
428.48184,-5.133397
428.86829,-5.5850369
429.25491,-8.3347252
429.6417,-9.4216775
430.02867,-7.1596194
430.41582,-10.936786
430.80313,-11.60808
431.19062,-10.028402
431.57829,-11.89187
431.96613,-9.6141716
432.35414,-8.8266781
432.74233,-10.188213
433.13069,-7.8007381
433.51923,-6.4485661
433.90794,-4.3120895
434.29682,-1.9795436
434.68588,-0.50975197
435.07512,5.9796384
435.46452,6.0533333
435.85411,5.8602219
436.24386,6.0906553
436.63379,6.1877707
437.0239,6.2299995
437.41417,6.2644005
437.80463,6.2988169
438.19525,6.3332486
438.58605,6.3676957
438.97703,6.4021581
439.36818,6.4366359
439.7595,6.471129
440.151,6.5056375
440.54267,6.5401613
440.93452,6.5747005
441.32654,6.6092551
441.71873,6.643825
442.1111,6.662724
442.50364,6.7130108
442.89636,6.2142935
443.28925,0.12343459
443.68232,1.969846
444.07556,1.377057
444.46897,4.2823226
444.86256,4.8425055
445.25632,-0.38553146
445.65026,1.8138979
446.04437,3.6917739
446.43865,6.8324104
446.83311,7.0946309
447.22774,7.0352981
447.62255,6.1759807
448.01753,7.1284433
448.41269,7.2338624
448.80802,7.2687087
449.20352,7.3035703
449.5992,7.3384473
449.99505,7.3733396
450.39108,6.3258944
450.78728,7.2549351
451.18365,6.9369323
451.5802,3.9365919
451.97693,5.6735218
452.37382,2.5947808
452.77089,-1.8564939
453.16814,-0.85677291
453.56556,-1.9668404
453.96315,3.7701662
454.36092,3.3973843
454.75887,-0.69302931
455.15698,0.99696458
455.55527,-1.6894968
455.95374,-0.17986432
456.35238,2.5140972
456.75119,0.12572114
457.15018,2.8981447
457.54934,1.1215641
457.94868,-0.94519729
458.34819,1.4429587
458.74787,0.097796609
459.14773,2.4624538
459.54776,3.0624205
459.94797,0.49377516
460.34835,3.3369098
460.74891,4.4075108
461.14964,7.9565586
461.55054,8.3762099
461.95162,8.1448962
462.35287,8.2900684
462.7543,8.4901579
463.1559,8.3765373
463.55767,8.5688144
463.95962,8.6042441
464.36174,8.6396892
464.76404,8.6751496
465.16651,8.7106254
465.56916,8.7461165
465.97198,8.781623
466.37497,8.8171449
466.77814,8.852682
467.18148,8.8882346
467.585,8.9238025
467.98869,8.9593857
468.39256,8.9949843
468.79659,9.0305983
469.20081,9.0662276
469.6052,9.1018723
470.00976,9.1375323
470.41449,9.1732077
470.8194,9.2088984
471.22449,9.2446045
471.62975,9.2803259
472.03518,9.3160627
472.44079,9.3518149
472.84657,9.1993471
473.25252,6.8586593
473.65865,-2.3133856
474.06496,-6.2618857
474.47143,-10.680959
474.87809,-12.252958
475.28491,-12.028863
475.69191,-10.931058
476.09909,-2.8528807
476.50644,-3.7786456
476.91396,-6.837764
477.32166,-5.2616086
477.72953,-5.8737086
478.13757,-0.42308387
478.54579,-0.61953815
478.95419,-2.3140519
479.36275,1.0816102
479.7715,-0.61294403
480.18041,3.8415011
480.5895,3.9037692
480.99877,3.0797424
481.40821,7.369421
481.81782,7.1571185
482.22761,8.7565605
482.63757,8.7481391
483.04771,8.6455798
483.45802,8.6528042
483.8685,8.6051064
484.27916,8.5573883
484.68999,8.50965
485.101,8.4618915
485.51218,8.4141127
485.92353,8.3584706
486.33506,7.9577102
486.74677,7.8628119
487.15864,5.0306384
487.5707,3.8376604
487.98292,6.291721
488.39532,8.0790946
488.8079,8.0311539
489.22064,6.9086832
489.63357,6.0842314
490.04666,7.408779
490.45994,7.8391888
490.87338,7.7911469
491.287,7.4607318
491.70079,6.4557867
492.11476,7.4978801
492.5289,7.5987769
492.94322,7.5506338
493.35771,7.5024704
493.77238,7.4464437
494.18722,7.3982399
494.60223,7.357859
495.01742,7.3096147
495.43278,7.2613501
495.84831,7.0405163
496.26402,6.6627996
496.67991,3.4223174
497.09596,1.436717
497.5122,-1.6234134
497.9286,-2.9188582
498.34518,-2.5907939
498.76194,-3.3372596
499.17887,-1.4013925
499.59597,-3.1126046
500.01325,-1.2944251
500.4307,-0.18214821
500.84833,-2.5600876
501.26613,-0.55373359
501.6841,-2.8768115
502.10225,-2.2901058
502.52057,-0.064204642
502.93907,-1.6500884
503.35774,0.23851738
503.77659,0.0094558677
504.1956,1.3803741
504.6148,2.688527
505.03417,3.0790126
505.45371,5.1086937
505.87342,5.2638447
506.29331,5.9993676
506.71338,5.9505566
507.13362,5.9017253
507.55403,5.8528738
507.97462,5.8040021
508.39538,5.7551101
508.81631,5.7061978
509.23742,5.6572653
509.65871,5.6083126
510.08017,5.5593397
510.5018,5.5103465
510.92361,5.461333
511.34559,5.4122993
511.76774,5.3632454
512.19007,5.3141713
512.61257,5.218018
513.03525,5.2159622
513.4581,5.0413371
513.88113,4.8902212
514.30433,2.6841831
514.7277,-2.0552086
515.15125,-4.0181499
515.57497,-5.0869938
515.99887,-3.1911521
516.42294,-5.4678797
516.84719,-4.4505098
517.2716,-5.1482747
517.6962,-4.9911343
518.12097,-3.2104612
518.54591,-4.5356671
518.97102,-0.21381085
519.39631,-0.25273557
519.82178,-0.98185304
520.24742,0.49295439
520.67323,1.0265887
521.09922,3.9131675
521.52538,4.1722986
521.95171,4.7451586
522.37822,4.8788062
522.80491,4.886967
523.23176,4.8951311
523.6588,4.9032985
524.086,4.9114692
524.51338,4.9196433
524.94094,4.9278207
525.36867,4.9360014
525.79657,4.9441855
526.22465,4.9523729
526.6529,4.9605637
527.08132,4.9687577
527.50992,4.9769551
527.9387,4.9851559
528.36765,4.9933599
528.79677,5.0015673
529.22606,4.4529153
529.65553,4.2023058
530.08518,2.5869938
530.515,2.3599204
530.94499,-1.6710712
531.37516,-2.9412752
531.8055,-1.9840249
532.23602,-6.0699085
532.66671,-4.1636319
533.09757,-4.7357834
533.52861,0.98226459
533.95982,4.1983551
534.39121,4.732096
534.82277,5.1168206
535.25451,5.125078
535.68641,5.1333387
536.1185,5.1416027
536.55076,5.1106544
536.98319,5.1581408
537.41579,4.9546501
537.84857,4.5864569
538.28153,4.108463
538.71466,1.6853745
539.14796,0.39954421
539.58144,-0.14118472
540.01509,4.9102466
540.44891,4.5577596
540.88291,-0.40648876
541.31709,-3.3079887
541.75144,-3.4251715
542.18596,-1.8090177
542.62065,-4.5222723
543.05552,-1.7296413
543.49057,-2.199752
543.92579,-2.0110358
544.36118,1.0090562
544.79675,3.7075829
545.23249,5.1668973
545.66841,4.908568
546.1045,5.3325949
546.54076,5.3409389
546.9772,5.1218352
547.41381,5.2556761
547.8506,5.3659908
548.28756,5.3743481
548.72469,5.3827088
549.162,5.3910728
549.59949,5.3994401
550.03714,5.4078107
550.47498,5.4161847
550.91298,5.424562
551.35116,5.4329426
551.78952,5.4413266
552.22804,5.4497139
552.66675,5.4581045
553.10562,5.4664985
553.54468,5.4748958
553.9839,5.4832964
554.4233,5.4917003
554.86287,5.5001076
555.30262,5.5085182
555.74254,5.5169322
556.18264,5.5253495
556.62291,5.5337701
557.06335,5.542194
557.50397,3.7388566
557.94477,1.5355225
558.38573,-4.9266318
558.82688,-5.9378024
559.26819,-7.4430873
559.70968,-3.356212
560.15134,-1.0967843
560.59318,-5.047332
561.03519,-3.515532
561.47738,-4.368051
561.91974,-0.13037917
562.36228,-0.92016353
562.80499,-0.36093353
563.24787,0.93554613
563.69093,-3.4385677
564.13416,-2.9499416
564.57756,-2.9475953
565.02114,2.3723928
565.4649,3.0335521
565.90883,0.00058857946
566.35293,0.55193352
566.79721,-0.42613854
567.24166,3.0271567
567.68628,3.6647604
568.13108,4.8592217
568.57606,4.9713247
569.0212,5.2951872
569.46652,5.3210053
569.91202,5.3076024
570.35769,5.2236061
570.80354,4.8729378
571.24955,3.9261859
571.69575,3.9362915
572.14211,4.7934507
572.58866,5.156487
573.03537,5.0881455
573.48226,5.2001909
573.92932,5.1867408
574.37656,5.1732856
574.82397,5.1598251
575.27156,5.1463593
575.71932,5.1328883
576.16726,5.1194121
576.61536,5.1059306
577.06365,5.0689145
577.5121,5.0789519
577.96074,5.0654547
578.40954,5.0519523
578.85852,4.7090329
579.30768,3.8719905
579.757,4.3918057
580.20651,4.2292627
580.65618,4.2941655
581.10603,4.9629845
581.55606,4.9572885
582.00626,4.9437442
582.45663,4.9301946
582.90718,4.9166397
583.3579,4.7697463
583.8088,4.4816712
584.25987,3.4641791
584.71111,0.83099542
585.16253,-0.32768366
585.61412,-2.4197013
586.06589,-1.1234889
586.51783,-3.6782621
586.96995,-2.8055896
587.42224,-1.3760596
587.8747,0.0064063152
588.32734,0.51827879
588.78015,-1.4325991
589.23313,0.71063546
589.6863,1.2538648
590.13963,3.5068927
590.59314,3.8148174
591.04682,4.2168545
591.50068,4.2816315
591.95471,4.3542464
592.40892,4.5366599
592.86329,4.6171074
593.31785,4.603432
593.77258,4.5897514
594.22748,4.5760656
594.68256,4.5623745
595.13781,4.3055409
595.59323,4.4722315
596.04883,4.4742109
596.5046,4.5075577
596.96055,4.4859973
597.41667,4.370314
597.87297,4.2232529
598.32944,4.4526571
598.78608,4.4389188
599.2429,4.3389008
599.69989,4.3878972
600.15706,4.3976726
600.6144,4.2897958
601.07192,4.1113254
601.52961,4.05834
601.98747,4.2563298
602.44551,4.1798045
602.90372,3.930725
603.3621,2.4188951
603.82066,2.1854913
604.2794,0.92463138
604.73831,2.2990603
605.19739,2.2774055
605.65665,1.8400592
606.11608,3.1595705
606.57568,4.1261353
607.03546,3.8613223
607.49542,3.4631708
607.95554,3.0885434
608.41585,3.1688127
608.87632,2.1275082
609.33697,0.25482587
609.7978,-1.6257048
610.2588,0.031014137
610.71997,1.350473
611.18132,3.3993383
611.64284,2.85212
612.10453,2.0147003
612.5664,3.4204127
613.02845,4.0104336
613.49067,3.9965276
613.95306,3.9826164
614.41563,3.9687
614.87837,3.9547783
615.34128,3.9408514
615.80437,3.8720173
616.26763,3.8423936
616.73107,3.7108039
617.19468,3.5948952
617.65847,3.8162362
618.12243,3.6140426
618.58656,3.6863535
619.05087,3.6645415
619.51535,3.8152733
619.98001,3.801294
620.44484,3.7873094
620.90985,3.7733196
621.37503,3.7593246
621.84038,3.7453243
622.30591,3.7077894
622.77161,3.1839747
623.23749,2.6130959
623.70354,3.5951531
624.16976,3.0242639
624.63616,2.9318008
625.10273,3.4903129
625.56948,3.5625452
626.0364,3.6190859
626.5035,3.6050333
626.97077,3.5909753
627.43821,3.5769122
627.90583,3.5628438
628.37362,3.5487701
628.84159,3.5346912
629.30973,3.5206071
629.77804,3.4908314
630.24653,3.3590898
630.71519,3.1959703
631.18403,2.8367672
631.65304,1.3716764
632.12223,1.9065805
632.59159,1.1865773
633.06112,2.8351964
633.53083,3.2994964
634.00071,2.9402619
634.47077,2.4555318
634.941,2.9041299
635.41141,2.9135071
635.88199,2.9464084
636.35274,3.0891084
636.82367,3.2553326
637.29477,3.2803751
637.76604,3.2348241
638.23749,2.8833854
638.70912,2.4221377
639.18092,2.0471592
639.65289,1.9231558
640.12504,1.8148335
640.59736,2.5849374
641.06985,2.2491536
641.54252,1.9212077
642.01537,2.5814919
642.48838,3.0456924
642.96158,3.0628288
643.43494,2.9387836
643.90848,3.0264978
644.3822,3.0671479
644.85609,3.0528908
645.33015,2.9288246
645.80439,3.0086747
646.2788,3.0100882
646.75338,2.9958102
647.22814,2.8560367
647.70308,2.9280227
648.17819,2.9529446
648.65347,2.9386456
649.12892,2.7910081
649.60456,2.4159143
650.08036,1.7192466
650.55634,1.4774757
651.03249,2.2945231
651.50882,2.076271
651.98532,1.0266413
652.462,0.071123867
652.93885,-0.31969288
653.41587,-0.15365212
653.89307,0.90650105
654.37044,2.1235117
654.84799,2.6111054
655.32571,2.7379095
655.80361,2.7235319
656.28168,2.7091491
656.75992,2.6320159
657.23834,2.6803677
657.71693,2.6659691
658.19569,2.6045065
658.67463,2.6371563
659.15375,2.622742
659.63304,2.6083224
660.1125,2.5938977
660.59214,2.5794677
661.07195,2.4787579
661.55193,2.4878468
662.03209,2.465558
662.51243,2.0432639
662.99294,1.8876312
663.47362,2.1868952
663.95447,1.8665462
664.43551,1.6167802
664.91671,2.1513226
665.39809,2.3172323
665.87964,2.0596074
666.36137,0.84511455
666.84327,-0.11056005
667.32535,0.14160324
667.8076,1.3898397
668.29002,1.0302278
668.77262,1.2353166
669.25539,0.46000794
669.73834,2.1003803
670.22146,2.054473
670.70475,2.1889525
671.18822,2.1900935
671.67187,2.2461312
672.15568,2.2315754
672.63968,2.2170144
673.12384,2.2024481
673.60818,2.1878766
674.0927,2.1732999
674.57738,2.1587179
675.06225,2.0264836
675.54728,1.4785578
676.0325,1.3619994
676.51788,0.69641603
677.00344,1.0112196
677.48917,1.6868023
677.97508,1.9859091
678.46116,2.0418734
678.94742,1.8703815
679.43385,1.6675119
679.92045,1.6764016
680.40723,1.9833254
680.89419,1.7961263
681.38131,1.5383337
681.86861,1.5393594
682.35609,1.8776347
682.84374,1.6355127
683.33156,1.6914246
683.81956,1.8806646
684.30773,1.8659778
684.79608,1.8512858
685.2846,1.8365885
685.7733,1.821886
686.26217,1.8071783
686.75121,1.7924653
687.24043,1.777747
687.72982,1.7630236
688.21938,1.7482949
688.70912,1.7335609
689.19904,1.7188217
689.68913,1.7040773
690.17939,1.6893276
690.66983,1.6745727
691.16044,1.4951066
691.65122,1.5430863
692.14218,1.6302765
692.63331,1.6155006
693.12462,1.6007195
693.6161,1.5859331
694.10776,1.484867
694.59959,1.2818349
695.09159,1.219974
695.58377,0.27183333
696.07613,-0.19003806
696.56865,-0.34603233
697.06135,0.14894855
697.55423,-0.29725228
698.04728,0.44085537
698.5405,0.39464406
699.0339,0.86607456
699.52747,0.52181355
700.02122,0.38931201
700.51514,0.5470013
701.00923,1.3007638
701.5035,1.3329524
701.99795,1.3337632
702.49256,1.3188825
702.98736,1.3039966
703.48232,1.2891054
703.97746,1.274209
704.47277,1.2593074
704.96826,1.2444005
705.46393,1.2294884
705.95976,1.214571
706.45577,1.1996484
706.95196,1.1847205
707.44832,1.1697874
707.94485,0.99798635
708.44156,1.0065722
708.93844,1.1249567
709.4355,1.1100026
709.93273,1.0950434
710.43013,1.0800788
710.92771,1.065109
711.42546,0.7520948
711.92339,0.57240866
712.42149,0.21232513
712.91976,-0.13992051
713.41821,0.28429919
713.91684,0.94380778
714.41563,0.96017386
714.91461,0.90594648
715.41375,0.93014522
715.91307,0.91512304
716.41257,0.90009562
716.91224,0.88506295
717.41208,0.87002505
717.9121,0.71380544
718.41229,0.38503156
718.91265,-0.31237501
719.41319,-0.95488485
719.91391,-0.64838033
720.4148,-0.46737125
720.91586,-0.26283799
721.41709,-0.74850605
721.9185,-0.51261073
722.42009,-0.46495594
722.92185,-1.311424
723.42378,-0.74613267
723.92589,0.093663259
724.42817,0.086395126
724.93063,0.024219791
725.43326,-0.0065882353
725.93606,0.54807907
726.43904,0.64000324
726.94219,0.64565485
727.44552,0.64346529
727.94902,0.5628463
728.45269,0.66262143
728.95654,0.66828087
729.46057,0.58766776
729.96476,0.67960562
730.46914,0.59899642
730.97368,0.65172251
731.4784,0.6495486
731.9833,0.7022786
732.48837,0.70795174
732.99361,0.71362683
733.49902,0.71930388
734.00462,0.70145347
734.51038,0.51889914
735.01632,0.39909186
735.52243,0.50673752
736.02872,0.51242435
736.53518,0.2357602
737.04182,0.0061568271
737.54863,0.074594627
738.05562,0.42538732
738.56277,0.77618198
739.07011,0.78188055
739.57762,0.78758108
740.0853,0.62857768
740.59315,0.39114486
741.10118,0.4046944
741.60939,0.37118707
742.11776,0.54160326
742.62632,0.74339396
743.13504,0.80401014
743.64394,0.83325573
744.15302,0.83897387
744.66227,0.84469396
745.17169,0.85041601
745.68129,0.85614002
746.19106,0.86186598
746.70101,0.8675939
747.21113,0.87332378
747.72142,0.83199679
748.23189,0.8847894
748.74253,0.89052514
749.25335,0.87273343
749.76434,0.87062996
750.2755,0.82146961
750.78684,0.76446808
751.29836,0.90354695
751.81005,0.90929443
752.32191,0.93073015
752.83394,0.93648154
753.34615,0.9422349
753.85854,0.94799021
754.3711,0.94590434
754.88383,0.83401651
755.39674,0.96526788
755.90982,0.9239722
756.42307,0.57679611
756.9365,0.36295532
757.45011,0.73735178
757.96388,0.82155412
758.47784,0.68615057
758.99196,-0.25709417
759.50626,-0.3297487
760.02074,0.028971262
760.53539,-0.77309113
761.05021,-0.83005352
761.56521,0.062005645
762.08038,0.57759618
762.59573,0.60691417
763.11125,0.7617243
763.62694,0.78320306
764.14281,1.0635073
764.65885,1.0693037
765.17507,1.0751021
765.69146,1.0809024
766.20802,1.0710184
766.72476,1.0376069
767.24168,1.0983151
767.75876,0.8531428
768.27602,0.95307054
768.79346,0.95888259
769.31107,1.0039123
769.82886,1.0724733
770.34681,0.85868343
770.86495,0.64489546
771.38325,0.32914867
771.90173,0.92320775
772.42039,1.1486413
772.93922,1.1309396
773.45822,0.32892616
773.9774,0.068091108
774.49675,0.95235605
775.01628,0.86407394
775.53598,0.4228526
776.05585,0.24045675
776.5759,0.66982756
777.09613,0.51096503
777.61652,-0.29103279
778.13709,-0.33224434
778.65784,0.7716441
779.17876,0.37749528
779.69985,0.069622929
780.22112,-0.42648276
780.74256,0.39506057
781.26418,0.22052742
781.78597,0.55580015
782.30794,0.51460425
782.83008,0.11262599
783.35239,-0.19523267
783.87488,0.39102828
784.39754,0.15376177
784.92037,0.44198742
785.44338,-0.093314389
785.96657,-0.8090064
786.48993,-0.25410822
787.01346,0.17530173
787.53717,0.00079205678
788.06105,-0.32273526
788.5851,-0.65410377
789.10933,0.22237283
789.63373,0.2831651
790.15831,0.28121423
790.68306,0.44397121
791.20799,1.0616321
791.73309,1.3655695
792.25836,1.3322539
792.78381,1.0793324
793.30944,1.1087658
793.83523,0.82447569
794.3612,0.94018754
794.88735,1.0559013
795.41367,1.0774994
795.94016,1.1618446
796.46683,1.2383486
796.99367,1.2521094
797.52069,1.3443036
798.04788,1.4443429
798.57525,1.4502665
799.10278,1.456192
799.6305,1.4621195
800.15838,1.4288332
800.68645,1.1759411
801.21468,1.158345
801.74309,0.99173134
802.27168,0.33100195
802.80043,-1.1924706
803.32937,-0.9111741
803.85847,-1.0298651
804.38775,-2.2308964
804.91721,-3.8632877
805.44684,-2.9937056
805.97664,-2.2260718
806.50662,-1.0741117
807.03677,-0.32998214
807.5671,-0.064271398
808.0976,0.95439309
808.62827,1.2279721
809.15912,1.51725
809.69014,1.7594816
810.22134,1.9311375
810.75271,1.9616295
811.28426,1.8901733
811.81597,2.0540238
812.34787,1.9276908
812.87994,1.722939
813.41218,2.0829056
813.94459,2.0428848
814.47718,1.7283667
815.00995,1.8295475
815.54289,2.0327017
816.076,1.9378292
816.60929,1.4429692
817.14275,0.5794944
817.67638,0.41407136
818.21019,0.75846481
818.74418,-0.78732525
819.27834,-0.65467138
819.81267,0.23877938
820.34718,1.1243996
820.88186,1.2178755
821.41671,1.3505796
821.95174,1.8440806
822.48694,2.6591628
823.02232,2.8860223
823.55787,2.9638748
824.0936,3.0338966
824.6295,3.0725585
825.16557,3.0877036
825.70182,3.0793318
826.23824,2.9768549
826.77484,2.9685083
827.31161,2.8660565
827.84856,2.2224409
828.38567,1.8533476
828.92297,1.9862277
829.46044,2.3544144
829.99808,2.7226138
830.53589,2.941806
831.07388,2.7217952
831.61205,2.5253264
832.15039,2.4229877
832.6889,2.5873283
833.22759,3.1124658
833.76645,3.0572237
834.30548,2.5863078
834.84469,2.256581
835.38408,2.4052982
835.92363,2.6246161
836.46337,2.9459074
837.00327,3.0319172
837.54335,3.2748023
838.08361,3.4235822
838.62404,3.6351199
839.16464,3.5800034
839.70542,3.7366643
840.24637,3.8462788
840.78749,3.8931608
841.32879,3.9635849
841.87027,4.0497077
842.41192,4.0417255
842.95374,4.0808146
843.49574,4.214034
844.03791,4.3629522
844.58025,4.5040399
845.12277,4.4255322
845.66546,4.5901744
846.20833,4.4175743
846.75137,4.4018495
847.29459,4.2292744
847.83798,3.8920061
848.38154,3.9233778
848.92528,3.4528013
849.46919,3.2410608
850.01328,3.5861957
850.55754,3.8215393
851.10198,4.0019934
851.64659,4.347166
852.19137,4.5825472
852.73633,4.935588
853.28146,5.0376611
853.82677,4.9044525
854.37225,4.9594919
854.9179,5.0380732
855.46373,4.8500004
856.00973,4.8423323
856.55591,5.0307553
857.10226,4.8819359
857.64879,4.3252859
858.19549,4.0196289
858.74236,4.5296707
859.28941,3.9338428
859.83663,3.8792038
860.38403,4.1932049
860.9316,4.7503559
861.47934,5.001637
862.02726,4.5078326
862.57535,3.849335
863.12362,3.5516342
863.67206,3.4657107
864.22068,4.3758782
864.76947,4.4076269
865.31843,4.5099764
865.86757,5.1535149
866.41688,5.4598111
866.96637,5.6720022
867.51603,5.6410686
868.06587,5.8375986
868.61588,6.0341412
869.16606,5.987559
869.71642,6.1527541
870.26695,6.2003148
870.81765,5.8871036
871.36853,5.8405718
871.91959,5.3234642
872.47082,5.0965653
873.02222,5.1285025
873.5738,4.8702562
874.12555,4.6512381
874.67747,5.7812522
875.22957,5.7897102
875.78185,5.2021024
876.3343,5.2968601
876.88692,5.5720225
877.43971,5.3295504
877.99268,4.9694439
878.54583,5.5034675
879.09915,6.0218174
879.65264,6.3048858
880.20631,6.3683589
880.76015,6.5965505
881.31416,6.6443624
881.86835,6.3941477
882.42272,6.4890437
882.97726,6.7721874
883.53197,6.7573046
884.08686,6.9934147
884.64192,7.1118903
885.19715,6.9637118
885.75256,6.7606439
886.30814,6.7615101
886.8639,6.7937615
887.41983,6.4338685
887.97594,6.4190862
888.53222,6.4513752
889.08867,6.664069
889.6453,7.1905008
890.2021,7.4110629
890.75908,7.6708532
891.31623,7.467911
891.87356,7.3669421
892.43106,7.3836328
892.98873,7.3611205
893.54658,7.299405
894.1046,6.8769177
894.6628,6.2662078
895.22117,6.4868829
895.77971,6.6526687
896.33843,6.8576827
896.89732,7.0862387
897.45639,7.1579445
898.01563,7.0884864
898.57505,6.6190408
899.13463,6.1888236
899.6944,6.5586189
900.25434,6.6303875
900.81445,6.6237373
901.37474,6.405335
901.9352,6.4614551
902.49583,6.5411171
903.05664,6.6600074
903.61762,6.7867534
904.17878,6.5370414
904.74011,6.8834204
905.30162,6.8141257
905.8633,7.2938631
906.42515,7.9069464
906.98718,8.1121992
907.54938,8.0821704
908.11176,7.9423503
908.67431,7.9594055
909.23703,8.2274536
909.79993,8.3464947
910.36301,8.387117
910.92625,8.6159872
911.48968,8.6095758
912.05327,8.8306279
912.61704,8.9262024
913.18099,8.7394366
913.74511,8.8742519
914.3094,8.8679033
914.87386,8.8458811
915.43851,8.7768125
916.00332,8.6528546
916.56831,8.2230269
917.13347,8.1775255
917.69881,7.9202719
918.26432,7.5767564
918.83001,7.1156064
919.39587,7.7211357
919.96191,7.6286383
920.52811,7.7714475
921.0945,7.9377988
921.66105,7.900241
922.22779,7.9646566
922.79469,8.209477
923.36177,8.234702
923.92902,8.165822
924.49645,8.4734251
925.06406,8.8359428
925.63183,9.3396495
926.19978,9.6159177
926.76791,9.7039633
927.33621,9.8469233
927.90468,9.8644058
928.47333,9.9054302
929.04215,10.166075
929.61114,10.152223
930.18031,10.161912
930.74966,10.155928
931.31918,10.102898
931.88887,9.9165465
932.45874,9.7458942
933.02878,9.4105486
933.59899,9.6007057
934.16938,9.5791107
934.73995,9.8320381
935.31068,10.437919
935.88159,10.439891
936.45268,10.559523
937.02394,10.781128
937.59538,10.720393
938.16698,10.38516
938.73877,9.9087638
939.31072,9.2912035
939.88286,9.206989
940.45516,9.342395
941.02764,9.21899
941.60029,8.6328525
942.17312,8.6977079
942.74612,8.9194387
943.3193,8.796084
943.89265,8.5550947
944.46618,8.1886279
945.03987,8.2143305
945.61375,8.5302417
946.18779,9.2540086
946.76202,8.3228862
947.33641,8.5055018
947.91098,8.923424
948.48573,9.1923393
949.06064,9.571071
949.63574,10.16158
950.211,10.069749
950.78644,9.5700867
951.36206,10.121418
951.93785,10.562957
952.51381,11.177059
953.08995,11.344114
953.66626,11.064122
954.24275,10.67434
954.81941,10.425746
955.39624,9.6908905
955.97325,9.8266358
956.55043,10.056511
957.12779,9.8393405
957.70532,10.273163
958.28303,10.228566
958.8609,10.599668
959.43896,10.625685
960.01719,10.667401
960.59559,10.544423
961.17416,10.374399
961.75291,10.63576
962.33184,10.865761
962.91094,10.625187
963.49021,10.831684
964.06966,10.75584
964.64928,10.687852
965.22907,10.784583
965.80904,10.685248
966.38919,10.899651
966.96951,10.510144
967.55,10.787317
968.13067,10.93117
968.71151,11.224054
969.29252,10.575775
969.87371,10.013782
970.45507,10.816509
971.03661,10.497679
971.61832,10.233763
972.20021,10.142409
972.78227,9.9647935
973.3645,10.093073
973.94691,10.284109
974.52949,10.490845
975.11225,10.619162
975.69518,10.488668
976.27829,10.922892
976.86156,11.286541
977.44502,11.728633
978.02865,11.182503
978.61245,10.714817
979.19642,10.66283
979.78057,11.104972
980.3649,10.841246
980.9494,10.506943
981.53407,12.243241
982.11892,13.352101
982.70394,13.739405
983.28913,13.546329
983.8745,12.961109
984.46005,12.532764
985.04576,12.457373
985.63166,11.723171
986.21772,10.863491
986.80396,10.513628
987.39038,10.650052
987.97697,11.029625
988.56373,10.40529
989.15067,10.573124
989.73778,10.51352
990.32506,10.312752
990.91252,10.331604
991.50016,9.7622333
992.08797,10.369346
992.67595,10.600001
993.2641,10.313021
993.85244,10.284877
994.44094,10.327334
995.02962,10.189411
995.61847,9.9887562
996.2075,9.9449764
996.7967,10.395327
997.38608,10.626082
997.97563,10.888222
998.56535,10.969983
999.15525,11.216462
999.74532,11.290405
1000.3356,11.003576
1000.926,10.850092
1001.5166,11.04172
1002.1074,10.966693
1002.6983,11.064228
1003.2894,11.044129
1003.8807,11.118159
1004.4722,10.494163
1005.0638,9.8937092
1005.6556,9.9207187
1006.2476,9.9712702
1006.8398,10.555168
1007.4321,9.4920187
1008.0246,9.495549
1008.6173,10.589288
1009.2102,11.345785
1009.8032,11.223863
1010.3964,10.756855
1010.9898,9.9918208
1011.5834,9.0934657
1012.1771,8.8774762
1012.771,9.5320875
1013.3651,10.23377
1013.9593,9.9158576
1014.5538,10.068546
1015.1484,9.3741878
1015.7431,8.6955286
1016.3381,8.6286466
1016.9332,9.1264831
1017.5285,10.620411
1018.124,10.13788
1018.7196,9.2788916
1019.3154,10.263053
1019.9114,10.698207
1020.5076,10.537296
1021.1039,9.5842396
1021.7005,8.3174708
1022.2972,8.5487537
1022.894,8.3878924
1023.4911,9.0348867
1024.0883,9.2191486
1024.6857,8.6740112
1025.2832,9.2818275
1025.881,9.7641663
1026.4789,8.9916156
1027.077,9.615156
1027.6752,12.19165
1028.2737,14.219137
1028.8723,14.12899
1029.471,12.964345
1030.07,12.333046
1030.6691,11.097838
1031.2684,10.341075
1031.8679,10.9255
1032.4676,11.164839
1033.0674,11.60027
1033.6674,11.290615
1034.2676,11.028032
1034.8679,9.5576181
1035.4684,9.530354
1036.0691,9.4560436
1036.67,8.9033144
1037.2711,8.6251076
1037.8723,9.2331879
1038.4737,9.1746141
1039.0752,8.8886018
1039.677,9.3084845
1040.2789,9.0695562
1040.881,8.7051503
1041.4833,7.658404
1042.0857,8.5097095
1042.6883,10.059067
1043.2911,9.631966
1043.8941,10.302917
1044.4972,11.444469
1045.1005,11.958582
1045.704,13.07663
1046.3077,13.386847
1046.9115,12.748057
1047.5155,12.297515
1048.1197,12.348946
1048.724,11.898429
1049.3286,11.942042
1049.9333,11.311158
1050.5382,10.523423
1051.1432,10.551388
1051.7484,10.24211
1052.3538,9.297551
1052.9594,9.4981023
1053.5652,8.8751367
1054.1711,8.3933602
1054.7772,7.3076747
1055.3835,7.4298449
1055.9899,8.1794786
1056.5965,7.6036347
1057.2033,8.0081956
1057.8103,7.8951219
1058.4174,7.6722569
1059.0247,8.3905809
1059.6322,8.7010743
1060.2399,8.2115804
1060.8477,8.9456284
1061.4558,9.6483164
1062.0639,9.9274875
1062.6723,8.6772595
1063.2808,8.3211617
1063.8896,9.3062529
1064.4984,9.2952783
1065.1075,8.5000025
1065.7167,7.5321902
1066.3261,7.1134101
1066.9357,7.1024858
1067.5455,7.1778485
1068.1554,7.4100865
1068.7655,7.1090037
1069.3758,7.4981296
1069.9862,7.5264837
1070.5969,7.2489681
1071.2077,7.6146023
1071.8186,8.6233863
1072.4298,8.840026
1073.0411,10.131188
1073.6526,12.175304
1074.2643,14.697864
1074.8761,14.663573
1075.4882,12.96655
1076.1004,12.038167
1076.7127,11.941169
1077.3253,10.071635
1077.938,8.6334861
1078.5509,7.9953495
1079.1639,6.4631078
1079.7772,6.719114
1080.3906,6.7712112
1081.0042,5.2625366
1081.6179,4.3028942
1082.2319,5.1393428
1082.846,6.6895295
1083.4603,6.2789444
1084.0747,6.1350386
1084.6894,5.5989884
1085.3042,6.670794
1085.9192,9.2171219
1086.5343,9.2379722
1087.1496,8.7568743
1087.7651,9.6091223
1088.3808,9.1045201
1088.9967,9.8783619
1089.6127,10.095353
1090.2289,9.653534
1090.8453,9.3529037
1091.4618,9.2091486
1092.0786,8.2654062
1092.6954,7.8079508
1093.3125,7.0367824
1093.9298,6.0460188
1094.5472,5.2905619
1095.1648,5.303745
1095.7826,5.8738034
1096.4005,4.7419136
1097.0186,4.2453305
1097.6369,5.5918972
1098.2554,6.169849
1098.874,6.1046762
1099.4928,5.9375551
1100.1118,6.5469171
1100.731,6.5366839
1101.3503,6.5421495
1101.9698,6.8691964
1102.5895,8.4040989
1103.2094,8.6605826
1103.8294,9.3955103
1104.4496,11.855941
1105.07,14.426188
1105.6905,16.494486
1106.3113,16.405935
1106.9322,16.144847
1107.5532,14.095536
1108.1745,13.003101
1108.7959,10.89107
1109.4175,9.0378757
1110.0393,8.3768506
1110.6613,8.1236812
1111.2834,7.3136616
1111.9057,6.6291448
1112.5281,6.085817
1113.1508,4.522894
1113.7736,4.4658658
1114.3966,4.5970856
1115.0198,5.0577296
1115.6431,4.6164254
1116.2666,4.8496437
1116.8903,5.7338548
1117.5142,4.7906276
1118.1382,4.1062364
1118.7624,5.5551912
1119.3868,9.0590605
1120.0114,11.464903
1120.6361,10.168797
1121.261,9.3746653
1121.8861,8.5256436
1122.5114,8.0374189
1123.1368,6.3178341
1123.7624,5.1394384
1124.3882,5.3336043
1125.0142,4.6964102
1125.6403,4.2945228
1126.2666,3.7906872
1126.8931,3.8045112
1127.5197,4.0222693
1128.1466,4.3341577
1128.7736,4.6068429
1129.4007,4.8089525
1130.0281,5.0189177
1130.6556,5.2210524
1131.2833,5.3682977
1131.9112,6.3704575
1132.5392,6.917728
1133.1674,7.9042267
1133.7958,7.2907379
1134.4244,7.1164774
1135.0531,5.6481118
1135.6821,4.8699549
1136.3111,4.7584772
1136.9404,4.7881886
1137.5698,3.249285
1138.1995,2.2672568
1138.8293,2.5872019
1139.4592,1.7071596
1140.0893,1.6271298
1140.7197,1.6726028
1141.3501,2.6827943
1141.9808,2.0537826
1142.6116,2.0914502
1143.2426,2.9918755
1143.8738,2.676627
1144.5052,3.3025676
1145.1367,4.2265599
1145.7684,5.2838982
1146.4003,5.9020333
1147.0323,5.2260634
1147.6646,4.3461844
1148.297,3.9918082
1148.9295,3.2374446
1149.5623,3.5732896
1150.1952,4.2934609
1150.8283,3.5548213
1151.4616,2.7848217
1152.095,2.6344425
1152.7286,2.3664287
1153.3624,1.094506
1153.9964,1.1873018
1154.6306,2.0016787
1155.2649,1.8984211
1155.8994,1.5755683
1156.534,2.1860614
1157.1689,2.6161748
1157.8039,1.6031636
1158.4391,1.5156552
1159.0744,1.2948259
1159.71,0.87008772
1160.3457,0.48457775
1160.9816,0.60104113
1161.6176,2.1135955
1162.2538,1.8771429
1162.8903,1.3975655
1163.5268,1.906236
1164.1636,2.0462916
1164.8005,3.1275363
1165.4376,5.5264406
1166.0749,6.8586908
1166.7124,6.1752673
1167.35,3.985974
1167.9878,3.2633599
1168.6258,2.7054643
1169.2639,2.5240518
1169.9022,2.4524558
1170.5407,2.0200881
1171.1794,1.6818506
1171.8182,1.3906845
1172.4573,1.4132564
1173.0965,0.66721344
1173.7358,1.5525556
1174.3754,1.7477143
1175.0151,-0.1355459
1175.655,-0.15212682
1176.295,0.58424601
1176.9353,-0.067603895
1177.5757,-0.83708829
1178.2163,-0.64185424
1178.857,-0.077980167
1179.498,-0.31409353
1180.1391,-0.0090178542
1180.7804,0.37450176
1181.4218,0.067837862
1182.0635,0.60824535
1182.7053,-0.12192282
1183.3472,-0.54619608
1183.9894,-0.031080433
1184.6317,-0.080647955
1185.2742,0.73255234
1185.9169,0.27518711
1186.5598,0.037452443
1187.2028,0.76444637
1187.846,0.2444042
1188.4894,0.93222787
1189.1329,0.51419191
1189.7766,0.19813945
1190.4205,0.25073715
1191.0646,0.2249262
1191.7088,0.96776542
1192.3533,0.53415676
1192.9979,0.97115906
1193.6426,0.4042625
1194.2876,-0.35084664
1194.9327,0.22740027
1195.578,-0.42570265
1196.2234,-0.86701815
1196.8691,-1.1357619
1197.5149,0.27394842
1198.1609,0.60132852
1198.807,-0.75754318
1199.4534,0.048313725
1200.0999,-0.20938546
1200.7466,0.12116785
1201.3934,0.075267779
1202.0405,-0.74708567
1202.6877,-0.97334348
1203.335,-1.0740939
1203.9826,-0.30423884
1204.6303,0.11269223
1205.2782,0.066895412
1205.9263,0.060331488
1206.5746,0.58711811
1207.223,0.21196115
1207.8716,1.2328998
1208.5204,0.56758121
1209.1693,0.28659352
1209.8184,2.5860152
1210.4677,3.0815325
1211.1172,3.1849102
1211.7668,3.2804619
1212.4167,4.7642662
1213.0667,4.3657347
1213.7168,3.6534949
1214.3672,2.0549978
1215.0177,1.0055375
1215.6684,0.86589841
1216.3192,-0.13646861
1216.9703,-0.19764195
1217.6215,1.0274764
1218.2729,0.80947475
1218.9244,-0.17713717
1219.5762,0.02842499
1220.2281,0.92420043
1220.8802,2.2043068
1221.5324,1.7824696
1222.1849,1.4312379
1222.8375,2.7898272
1223.4902,5.7170613
1224.1432,8.0560772
1224.7963,8.9284437
1225.4496,10.467494
1226.1031,9.4810714
1226.7568,7.0829013
1227.4106,6.1278857
1228.0646,5.2905343
1228.7188,4.9316315
1229.3731,3.0041184
1230.0276,1.8766226
1230.6823,1.1648302
1231.3372,0.16285897
1231.9922,-0.62733035
1232.6475,-0.62534559
1233.3029,0.20018578
1233.9584,-0.70759897
1234.6142,-1.1212489
1235.2701,-1.0564502
1235.9262,-0.74849703
1236.5824,-0.46405609
1237.2389,-0.038421466
1237.8955,0.81075978
1238.5523,0.85995823
1239.2092,0.14054644
1239.8664,0.087818522
1240.5237,0.69393134
1241.1812,1.0647673
1241.8388,-0.20359531
1242.4967,0.08100051
1243.1547,1.1107116
1243.8128,0.71298887
1244.4712,-0.061187215
1245.1297,-0.60789511
1245.7884,-0.37027207
1246.4473,-0.18753379
1247.1064,-0.48320967
1247.7656,-1.2886723
1248.425,-1.3019608
1249.0846,-0.73565316
1249.7443,-1.2438404
1250.4042,-1.0382873
1251.0643,-0.24448389
1251.7246,-0.58007736
1252.385,-1.5823226
1253.0457,0.207604
1253.7064,0.78970235
1254.3674,0.17965877
1255.0286,1.5696301
1255.6899,1.4615771
1256.3514,1.3927548
1257.013,2.2494376
1257.6749,3.2786843
1258.3369,3.0452008
1258.9991,2.3489872
1259.6614,1.6527885
1260.324,1.8742517
1260.9867,0.72318089
1261.6496,-0.1063064
1262.3126,-0.40244543
1262.9758,-1.1456284
1263.6392,-0.28879636
1264.3028,-0.75743965
1264.9666,-0.31626408
1265.6305,1.1759068
1266.2946,1.0680926
1266.9589,1.0308815
1267.6233,0.51525405
1268.288,-0.023887931
1268.9528,-0.20223068
1269.6177,0.25473561
1270.2829,-0.11965572
1270.9482,-1.1606988
1271.6137,-0.78211911
1272.2794,-0.22313235
1272.9452,0.061359534
1273.6112,-0.030604249
1274.2774,0.77940768
1274.9438,1.3541404
1275.6103,0.87006453
1276.2771,0.88796435
1276.9439,0.67842812
1277.611,0.77478917
1278.2783,0.18881219
1278.9457,-0.26381653
1279.6132,-1.3360382
1280.281,-0.96510763
1280.9489,-0.076515108
1281.6171,-0.22320179
1282.2853,-0.51889315
1282.9538,-0.24986371
1283.6224,0.066239482
1284.2912,0.72745563
1284.9602,1.2945691
1285.6294,0.34012878
1286.2987,1.5739387
1286.9682,1.5842342
1287.6379,-0.21722018
1288.3077,0.12251687
1288.9778,-0.14949585
1289.648,-0.32737601
1290.3183,-0.27779027
1290.9889,-0.23603274
1291.6596,-1.2530838
1292.3305,-1.8858063
1293.0016,-2.1498863
1293.6728,-1.3080691
1294.3442,-1.3917271
1295.0158,-0.44007617
1295.6876,-0.31978281
1296.3595,0.55346665
1297.0316,0.31300553
1297.7039,0.9902064
1298.3764,0.18506925
1299.049,-0.086719646
1299.7218,0.52778089
1300.3948,-0.44201738
1301.068,-0.67454582
1301.7413,0.15960733
1302.4148,0.97808912
1303.0885,3.1848211
1303.7624,3.9405877
1304.4364,4.2728397
1305.1106,4.6756949
1305.785,3.6511141
1306.4595,2.9638031
1307.1343,1.4608207
1307.8092,1.3068728
1308.4843,0.80784187
1309.1595,0.11274739
1309.8349,-0.088214511
1310.5105,-0.67347522
1311.1863,-0.38813277
1311.8622,-0.22826559
1312.5384,0.72377337
1313.2147,1.1346508
1313.8911,0.33769998
1314.5678,-0.79649081
1315.2446,-0.53458824
1315.9216,-0.71113443
1316.5988,0.35154817
1317.2761,0.27698895
1317.9536,0.14754088
1318.6313,0.041635312
1319.3092,0.32789971
1319.9872,0.2141772
1320.6654,-0.69168907
1321.3438,-1.1896991
1322.0224,-1.2327941
1322.7011,-0.50724852
1323.38,-0.74639574
1324.0591,-1.6051377
1324.7384,-0.66778813
1325.4178,-0.16179801
1326.0974,0.18734246
1326.7772,0.48159406
1327.4571,0.91703524
1328.1372,1.0622934
1328.8176,0.6977608
1329.498,0.27049617
1330.1787,0.80010738
1330.8595,1.1258101
1331.5405,1.2711338
1332.2217,0.92235294
1332.903,0.89503242
1333.5845,0.38929359
1334.2662,-0.41447139
1334.9481,0.013149246
1335.6302,-1.1278445
1336.3124,-0.70019773
1336.9948,-0.099988874
1337.6773,-1.0134924
1338.3601,-0.78972804
1339.043,-0.91889175
1339.7261,-0.99314043
1340.4093,-0.54188585
1341.0928,-0.28669663
1341.7764,0.58027036
1342.4602,0.76489748
1343.1441,2.1965965
1343.8283,2.5067399
1344.5126,2.67572
1345.1971,3.1035366
1345.8817,2.1039153
1346.5666,2.0062679
1347.2516,0.41059433
1347.9367,0.76003186
1348.6221,1.9094825
1349.3076,2.6981618
1349.9933,2.1927366
1350.6792,2.4010499
1351.3652,2.7191802
1352.0515,2.8020295
1352.7379,3.1907742
1353.4244,3.0618849
1354.1112,2.8232047
1354.7981,2.2786552
1355.4852,2.2439228
1356.1725,1.6209681
1356.8599,0.38626176
1357.5475,0.19470576
1358.2353,-0.47526856
1358.9233,-0.21973961
1359.6114,-0.58380543
1360.2998,-0.99491702
1360.9882,0.19398447
1361.6769,0.57505588
1362.3657,0.35221879
1363.0548,0.25488497
1363.7439,0.20462303
1364.4333,0.075942787
1365.1228,-0.33507733
1365.8125,0.46960189
1366.5024,0.92919615
1367.1925,0.97311719
1367.8827,1.0170513
1368.5731,1.2570769
1369.2637,1.2775077
1369.9545,0.23128497
1370.6454,0.11840861
1371.3365,0.72711393
1372.0278,0.41034213
1372.7192,-0.14955386
1373.4108,-0.49767208
1374.1026,-0.34381645
1374.7946,-0.080143828
1375.4868,1.0698164
1376.1791,0.69037787
1376.8716,0.25605047
1377.5642,0.11193222
1378.2571,-0.024329825
1378.9501,0.074715313
1379.6433,-0.17916766
1380.3367,-0.42519443
1381.0302,0.16800756
1381.7239,0.36906575
1382.4178,1.1034703
1383.1119,1.7280841
1383.8061,0.50173048
1384.5005,0.13029191
1385.1951,-0.0058394668
1385.8899,0.28941477
1386.5848,0.60821148
1387.2799,0.11133499
1387.9752,0.4850598
1388.6706,0.34115061
1389.3663,-0.50862786
1390.0621,-0.14270699
1390.7581,0.42714852
1391.4542,0.73035043
1392.1505,0.11591834
1392.847,0.77208756
1393.5437,0.65179925
1394.2406,1.5903475
1394.9376,3.0857716
1395.6348,2.6047382
1396.3322,2.4296002
1397.0297,2.2231027
1397.7274,1.828383
1398.4253,2.1238725
1399.1234,2.1213358
1399.8216,2.5658709
1400.5201,3.8966937
1401.2187,5.2667452
1401.9174,4.9740647
1402.6164,4.7206129
1403.3155,4.0750173
1404.0148,2.8176701
1404.7142,1.7250419
1405.4139,1.338309
1406.1137,1.1868834
1406.8137,0.59625509
1407.5138,1.3232869
1408.2142,1.6660181
1408.9147,1.6950369
1409.6153,1.2064217
1410.3162,0.24723128
1411.0172,0.90374023
1411.7184,0.84653676
1412.4198,1.856013
1413.1214,1.5400121
1413.8231,0.74559297
1414.525,0.74334372
1415.2271,0.67836244
1415.9293,0.67613933
1416.6318,0.46216457
1417.3344,0.32663426
1418.0371,0.35582289
1418.7401,0.05561283
1419.4432,0.13972956
1420.1465,0.32582014
1420.85,-0.021409548
1421.5536,-0.070586952
1422.2574,0.48417028
1422.9614,0.55266607
1423.6656,0.55058669
1424.3699,0.32891253
1425.0744,-0.033925033
1425.7791,-0.71047502
1426.484,-0.16348252
1427.189,-0.49490834
1427.8942,-1.0459289
1428.5996,-0.043995272
1429.3052,-0.34400934
1430.0109,-1.0047946
1430.7168,-1.4773316
1431.4229,-1.3851496
1432.1292,-0.66550355
1432.8356,-0.32231503
1433.5422,-0.26930951
1434.249,0.11312083
1434.9559,-0.38286713
1435.6631,0.25841288
1436.3704,0.5310785
1437.0778,-0.16094869
1437.7855,-0.54708047
1438.4933,-0.08614035
1439.2013,-0.19773619
1439.9095,0.98479869
1440.6178,1.8614643
1441.3263,1.5773586
1442.035,1.2148347
1442.7439,1.3072257
1443.4529,0.84276712
1444.1622,0.37047843
1444.8716,0.23545772
1445.5811,0.76711674
1446.2909,0.16937706
1447.0008,-0.028349555
1447.7109,0.55040749
1448.4211,-0.40023417
1449.1316,-0.74694119
1449.8422,-0.4112822
1450.553,0.43419377
1451.2639,0.67576125
1451.9751,-0.52579547
1452.6864,-0.44106461
1453.3978,-0.70926186
1454.1095,0.0029461182
1454.8213,-0.0064014675
1455.5333,0.11759735
1456.2455,0.7827857
1456.9579,0.67935967
1457.6704,0.94457415
1458.3831,0.64509582
1459.096,1.3887678
1459.809,1.0657862
1460.5222,0.72713138
1461.2356,0.36496022
1461.9492,-0.29523709
1462.663,-0.3593429
1463.3769,-0.53323957
1464.091,-0.45614278
1464.8052,-0.44177802
1465.5197,-0.12151784
1466.2343,0.2615005
1466.9491,0.52688485
1467.6641,0.094243054
1468.3792,-0.3226994
1469.0945,-0.47296213
1469.81,-0.4585059
1470.5257,-0.295017
1471.2415,0.21358301
1471.9575,-0.15623529
1472.6737,-0.32511211
1473.3901,-0.21162746
1474.1066,-0.043232325
1474.8233,-0.0081620002
1475.5402,0.69358351
1476.2572,-0.19681931
1476.9745,-0.16956655
1477.6919,0.1243614
1478.4095,-0.091506055
1479.1272,0.1318507
1479.8451,0.5905101
1480.5632,0.21780548
1481.2815,-0.20979258
1482,0.10771592
1482.7186,-0.11594353
1483.4374,0.036876137
1484.1564,0.6681357
1484.8755,-0.041772688
1485.5948,0.26009216
1486.3143,0.70314199
1487.034,1.8834553
1487.7538,1.5029927
1488.4739,0.94214657
1489.194,0.84405403
1489.9144,0.35381315
1490.6349,-0.28543881
1491.3557,0.21257265
1492.0765,-0.47372109
1492.7976,-0.55608474
1493.5188,-0.37177319
1494.2403,-0.25019823
1494.9618,-0.13645787
1495.6836,0.22042826
1496.4055,-0.37169669
1497.1276,-0.23440135
1497.8499,-0.10494063
1498.5724,0.32256783
1499.295,-0.026385769
1500.0178,0.44819856
1500.7408,1.2051444
1501.4639,1.6719026
1502.1873,1.5504341
1502.9108,1.4603466
1503.6345,1.2839932
1504.3583,1.6252953
1505.0823,2.1783707
1505.8065,2.1118467
1506.5309,1.0100372
1507.2554,0.54353029
1507.9802,0.5789927
1508.7051,0.68505186
1509.4301,0.45386465
1510.1554,0.8422938
1510.8808,0.21896677
1511.6064,-0.16121449
1512.3321,0.023318669
1513.0581,-0.0039043601
1513.7842,0.03946937
1514.5105,-0.081854259
1515.2369,0.47134044
1515.9636,0.75003386
1516.6904,1.3581476
1517.4174,1.9270541
1518.1445,1.6332241
1518.8719,4.0688143
1519.5994,4.5279425
1520.3271,5.0576675
1521.0549,4.9521068
1521.7829,4.1014567
1522.5111,3.7527758
1523.2395,3.0982211
1523.9681,2.3574005
1524.6968,2.7224707
1525.4257,1.8483337
1526.1548,0.91930335
1526.884,1.1981246
1527.6135,0.97499363
1528.3431,1.8420672
1529.0728,0.86601212
1529.8028,0.59584787
1530.5329,0.72569216
1531.2632,0.22809398
1531.9937,1.1344259
1532.7243,1.3819428
1533.4551,1.2059388
1534.1861,0.63778651
1534.9173,1.2147408
1535.6486,0.59954666
1536.3801,0.47063559
1537.1118,0.30251737
1537.8437,-0.79108253
1538.5757,0.13885551
1539.3079,-0.25668812
1540.0403,-0.095360487
1540.7729,-0.098730211
1541.5056,-0.13346396
1542.2385,0.18475199
1542.9716,1.0755255
1543.7048,0.45258201
1544.4383,-0.0056470588
1545.1719,0.54405364
1545.9057,0.51336979
1546.6396,-0.16828685
1547.3737,0.052024916
1548.108,0.0056776237
1548.8425,-0.3857601
1549.5772,-0.61248433
1550.312,-0.32155388
1551.047,-0.5090472
1551.7822,-0.88476821
1552.5175,-0.46832474
1553.253,0.097145954
1553.9887,-0.058944373
1554.7246,-0.12090944
1555.4606,0.16223114
1556.1968,-0.37030694
1556.9332,-0.58126879
1557.6698,-0.2824191
1558.4065,0.46349702
1559.1434,0.14275409
1559.8805,-0.028961626
1560.6178,0.51305576
1561.3552,1.2276298
1562.0928,1.0873094
1562.8306,1.0803301
1563.5686,0.91649553
1564.3067,1.3644333
1565.045,0.22022187
1565.7835,-0.45339374
1566.5222,0.37888061
1567.261,-0.13785704
1568,-0.77223413
1568.7392,-0.31640753
1569.4785,-0.29194587
1570.2181,-0.42433935
1570.9578,-0.18025463
1571.6976,0.4403083
1572.4377,1.1236239
1573.1779,-0.17736656
1573.9183,0.24714077
1574.6589,0.96969492
1575.3996,-0.15872371
1576.1405,-0.087134733
1576.8816,0.71387362
1577.6229,0.88743861
1578.3643,0.73944258
1579.106,0.63066984
1579.8478,1.0003361
1580.5897,0.40530407
1581.3319,-0.67599485
1582.0742,0.24271384
1582.8167,0.13397916
1583.5593,0.040938371
1584.3022,-0.0050359882
1585.0452,-0.11374783
1585.7883,0.38931264
1586.5317,0.17081209
1587.2752,0.71310347
1588.0189,0.6122652
1588.7628,0.21339533
1589.5069,0.85767033
1590.2511,1.2666588
1590.9955,-0.081207829
1591.7401,0.20230569
1592.4848,0.85445426
1593.2298,1.3262183
1593.9749,0.41759778
1594.7201,0.99918095
1595.4656,1.0709678
1596.2112,0.86825248
1596.957,0.57927025
1597.703,0.94911917
1598.4491,1.6719169
1599.1955,1.3672712
1599.9419,1.9959665
1600.6886,2.6325125
1601.4355,2.9553406
1602.1825,3.9448431
1602.9297,8.1735688
1603.677,13.225832
1604.4246,18.427121
1605.1723,23.149988
1605.9202,22.414038
1606.6682,18.721233
1607.4165,15.81275
1608.1649,13.210156
1608.9135,9.9801191
1609.6622,6.6402858
1610.4112,4.9004602
1611.1603,4.1096618
1611.9095,3.5149495
1612.659,2.2849506
1613.4086,1.6196652
1614.1584,0.9465443
1614.9084,0.72048983
1615.6586,0.60424689
1616.4089,0.20565862
1617.1594,0.59923483
1617.9101,0.2241912
1618.6609,0.64131204
1619.4119,0.45451892
1620.1631,0.10302753
1620.9145,0.42605355
1621.666,-0.066599084
1622.4178,0.76624608
1623.1697,0.64223612
1623.9217,0.58097886
1624.674,1.1863959
1625.4264,1.532997
1626.179,2.5462724
1626.9317,2.5948495
1627.6847,3.0826499
1628.4378,4.378301
1629.1911,3.8621951
1629.9445,3.0951164
1630.6982,2.2182413
1631.452,1.4982367
1632.206,1.6958867
1632.9601,1.4307992
1633.7145,2.0519938
1634.469,1.7477058
1635.2237,1.8826412
1635.9785,1.7979763
1636.7335,1.9642994
1637.4887,1.7071007
1638.2441,1.5126547
1638.9997,2.7535104
1639.7554,2.6375111
1640.5113,1.6744605
1641.2674,1.9584763
1642.0236,2.2660291
1642.78,1.7265308
1643.5366,0.99880475
1644.2934,1.0867726
1645.0504,1.6923951
1645.8075,1.7254762
1646.5648,1.1468002
1647.3222,-0.012260307
1648.0799,0.17770638
1648.8377,1.0343473
1649.5957,1.0596234
1650.3538,1.5711815
1651.1122,0.98470804
1651.8707,0.9472618
1652.6294,0.72943101
1653.3882,0.24494117
1654.1473,0.60751776
1654.9065,0.57010196
1655.6659,0.23465456
1656.4254,0.54235202
1657.1852,0.089272782
1657.9451,-0.30889689
1658.7052,-0.30705894
1659.4654,-0.21109574
1660.2258,0.68487507
1660.9864,0.27104957
1661.7472,0.13174148
1662.5082,0.32969591
1663.2693,0.16687364
1664.0306,0.34915701
1664.7921,-0.0097284724
1665.5537,0.25884463
1666.3155,0.80193516
1667.0775,0.98424898
1667.8397,0.97049197
1668.6021,0.54105631
1669.3646,0.6057459
1670.1273,1.635149
1670.8901,1.5822067
1671.6532,1.6233898
1672.4164,0.93516862
1673.1798,0.4822492
1673.9434,-0.26085867
1674.7071,-0.40788051
1675.471,1.4843209
1676.2351,0.60005943
1676.9994,0.1314918
1677.7638,0.74528472
1678.5284,0.74732055
1679.2932,0.51406986
1680.0581,1.0259248
1680.8233,0.5024933
1681.5886,0.46534388
1682.3541,0.93016286
1683.1197,0.51655807
1683.8855,0.95001972
1684.6515,0.65407722
1685.4177,0.8365737
1686.1841,0.80731309
1686.9506,0.24472675
1687.7173,0.39587351
1688.4842,1.1509495
1689.2512,0.53348399
1690.0184,0.39445751
1690.7858,0.10641903
1691.5534,0.26544698
1692.3212,0.94212961
1693.0891,0.99136887
1693.8572,1.2210079
1694.6254,1.9761447
1695.3939,2.205799
1696.1625,3.0785981
1696.9313,3.4102283
1697.7002,3.6320623
1698.4694,3.5872372
1699.2387,2.8522236
1700.0082,2.0231
1700.7778,1.1233957
1701.5477,0.10605202
1702.3177,0.19459829
1703.0879,0.36942668
1703.8582,0.48936073
1704.6288,-0.18285448
1705.3995,-0.39231698
1706.1704,-0.57039932
1706.9414,-0.38768973
1707.7126,0.32051766
1708.484,-0.14773793
1709.2556,0.12911214
1710.0274,-0.25285372
1710.7993,-0.038733528
1711.5714,0.29304133
1712.3437,0.12286301
1713.1161,0.37622172
1713.8887,1.029588
1714.6615,1.682962
1715.4345,1.2618337
1716.2076,1.4524778
1716.981,0.74901178
1717.7545,1.3004554
1718.5281,1.6636713
1719.302,1.8308164
1720.076,0.93130238
1720.8502,0.69061955
1721.6245,0.48916002
1722.3991,0.34261006
1723.1738,0.31371477
1723.9487,-0.28772194
1724.7237,0.25594701
1725.499,1.2388393
1726.2744,0.30017049
1727.05,0.19288188
1727.8257,0.54834598
1728.6017,0.53519024
1729.3778,0.42792446
1730.154,1.0422349
1730.9305,0.73890593
1731.7071,0.96891789
1732.4839,0.72050609
1733.2609,-0.26515301
1734.0381,-0.11354959
1734.8154,0.63413987
1735.5929,0.74654282
1736.3706,-0.050850538
1737.1484,-0.73058923
1737.9264,-0.47698697
1738.7046,0.30211309
1739.483,0.11651488
1740.2615,-0.28868356
1741.0403,-0.38799203
1741.8191,-0.0088615277
1742.5982,0.040864825
1743.3775,-0.47410709
1744.1569,-0.40083611
1744.9365,0.033226803
1745.7162,0.53004242
1746.4962,0.15627742
1747.2763,-0.18610743
1748.0566,-0.50495525
1748.837,-0.80026605
1749.6177,-0.53086335
1750.3985,-0.30066874
1751.1795,-0.2587018
1751.9606,-0.27947235
1752.7419,-0.15905882
1753.5234,-0.14431236
1754.3051,0.69396855
1755.087,0.13617607
1755.869,-0.56278786
1756.6512,-0.13233498
1757.4336,0.12557392
1758.2161,0.34427216
1758.9989,0.58650485
1759.7818,0.10717395
1760.5648,0.84353435
1761.3481,0.13676254
1762.1315,0.14372125
1762.9151,0.73892029
1763.6989,0.47137927
1764.4828,0.83129426
1765.2669,0.23435154
1766.0512,0.26486484
1766.8357,0.19342239
1767.6203,-0.21526993
1768.4052,-0.44356506
1769.1901,-1.2522473
1769.9753,-0.3511206
1770.7606,0.36177585
1771.5462,-0.86257757
1772.3318,-0.76143575
1773.1177,-0.01715165
1773.9037,-0.025803689
1774.6899,-0.1834703
1775.4763,-0.16073972
1776.2629,-0.012513909
1777.0496,0.92003066
1777.8365,1.264345
1778.6236,0.43219373
1779.4109,-0.55681522
1780.1983,0.022808319
1780.9859,0.13184865
1781.7737,-0.11204715
1782.5616,-0.646134
1783.3497,-0.63119621
1784.138,-0.067233776
1784.9265,0.065361146
1785.7152,0.19011796
1786.504,-0.58708097
1787.293,-0.7838827
1788.0822,-0.17283627
1788.8715,-0.071588723
1789.661,-0.18994398
1790.4507,-0.30829421
1791.2406,0.13022334
1792.0306,-0.066548185
1792.8208,0.066097086
1793.6112,0.95168857
1794.4018,1.4451282
1795.1925,1.0993572
1795.9834,1.0594736
1796.7745,1.0274382
1797.5658,0.83854503
1798.3572,0.8143628
1799.1488,0.85293071
1799.9406,0.091503646
1800.7326,0.38106201
1801.5247,0.46670384
1802.317,0.23862522
1803.1095,0.057610456
1803.9021,-0.076340451
1804.695,0.64461564
1805.488,0.98910618
1806.2811,0.98066057
1807.0745,1.3094749
1807.868,0.76770603
1808.6617,1.5200598
1809.4556,0.87634026
1810.2496,0.43654728
1811.0439,0.53009267
1811.8383,0.45893721
1812.6328,0.65445346
1813.4276,0.55977866
1814.2225,0.85726575
1815.0176,1.6645618
1815.8128,1.78951
1816.6083,1.5772082
1817.4039,1.4904017
1818.1997,1.4271297
1818.9957,1.4030784
1819.7918,1.3868752
1820.5881,0.70401046
1821.3846,1.354484
1822.1813,1.4951587
1822.9781,1.377015
1823.7751,0.59220953
1824.5723,0.61525228
1825.3696,0.57555496
1826.1672,0.26919601
1826.9649,0.27656759
1827.7628,0.33100303
1828.5608,0.2599533
1829.359,-0.13266001
1830.1574,-0.79193496
1830.956,-0.44728331
1831.7548,-0.47125407
1832.5537,-0.45600411
1833.3528,-0.26820009
1834.1521,-0.11960673
1834.9515,0.052521081
1835.7511,-0.07338529
1836.5509,0.020321218
1837.3509,-0.074202534
1838.151,-0.52166243
1838.9514,-0.41225454
1839.7519,-0.21656711
1840.5525,-0.091462878
1841.3534,-0.85262812
1842.1544,-0.71182755
1842.9556,-0.32788468
1843.7569,-0.10864266
1844.5585,-0.16390541
1845.3602,-0.56426117
1846.1621,-0.054807966
1846.9641,-0.13358502
1847.7664,-0.17314136
1848.5688,0.061817142
1849.3713,-0.14243501
1850.1741,0.2258669
1850.977,0.93142874
1851.7801,0.6644466
1852.5834,1.0719793
1853.3869,0.83637977
1854.1905,1.2203931
1854.9943,1.5651958
1855.7983,1.2276506
1856.6024,1.2901105
1857.4068,0.20747729
1858.2113,-0.20064104
1859.0159,0.050069189
1859.8208,-0.82862731
1860.6258,0.42601456
1861.431,-0.26443657
1862.2364,-0.40586306
1863.0419,0.0017350865
1863.8476,-0.48477937
1864.6535,0.29929944
1865.4596,-0.12445986
1866.2658,0.29100157
1867.0722,0.22019352
1867.8788,0.21997875
1868.6856,0.25114156
1869.4925,-0.69023962
1870.2996,0.65073718
1871.1069,0.32897392
1871.9144,-0.063372549
1872.722,0.18478158
1873.5298,0.40156763
1874.3378,0.28894638
1875.146,-0.27072923
1875.9543,-0.50098861
1876.7628,-0.51947882
1877.5715,-0.61639594
1878.3803,-0.078014468
1879.1894,-0.041589321
1879.9986,-0.10712049
1880.8079,0.023431233
1881.6175,0.53830115
1882.4272,0.19043043
1883.2371,0.29746614
1884.0472,0.67117298
1884.8574,1.2409627
1885.6679,1.8342863
1886.4785,1.4707517
1887.2892,2.338594
1888.1002,2.9554604
1888.9113,2.4193901
1889.7226,1.9460694
1890.534,0.90804728
1891.3457,0.6072845
1892.1575,0.82417325
1892.9695,0.67243901
1893.7816,-0.012624094
1894.594,-0.57219254
1895.4065,0.41334152
1896.2192,0.6302526
1897.032,0.36089362
1897.8451,-0.39473539
1898.6583,-0.27977171
1899.4717,-0.14911728
1900.2852,-0.66159565
1901.099,0.3082834
1901.9129,0.046794353
1902.7269,-0.64606277
1903.5412,-0.11538602
1904.3556,0.038824606
1905.1702,0.45186323
1905.985,0.48059259
1906.7999,0.04658132
1907.6151,-0.90507254
1908.4304,-0.068486649
1909.2458,0.50928018
1910.0615,0.59293383
1910.8773,0.52757234
1911.6933,-0.031902339
1912.5095,0.56156863
1913.3258,0.41655194
1914.1423,1.0636963
1914.959,0.69123705
1915.7759,-0.34004155
1916.5929,-0.28111986
1917.4102,-0.54376261
1918.2275,-0.08483252
1919.0451,-0.08864333
1919.8628,-0.39833229
1920.6808,-0.55115431
1921.4988,-0.97063879
1922.3171,-0.4489426
1923.1355,-0.18606573
1923.9541,-1.0996553
1924.7729,-1.0250053
1925.5919,-0.55035111
1926.411,-0.2560849
1927.2303,0.22642081
1928.0498,0.30108759
1928.8694,-0.03208457
1929.6893,-0.37309567
1930.5093,-0.11802413
1931.3294,0.39587514
1932.1498,0.20389625
1932.9703,0.6707451
1933.791,0.44400828
1934.6119,-0.16703878
1935.4329,-0.0016117728
1936.2542,0.40695597
1937.0756,0.59591935
1937.8971,0.36919994
1938.7189,0.0013075372
1939.5408,-0.09207158
1940.3629,-0.083486432
1941.1851,-0.004309568
1942.0076,0.0042825417
1942.8302,0.10699578
1943.653,0.28030073
1944.476,0.43792289
1945.2991,0.17201912
1946.1224,0.062981578
1946.9459,0.15002595
1947.7695,0.040995363
1948.5934,-0.028816052
1949.4174,-0.15352595
1950.2416,-0.46646766
1951.0659,0.028437253
1951.8905,-0.4335171
1952.7152,-0.43272288
1953.54,0.65042777
1954.3651,0.14142503
1955.1903,0.18928852
1956.0157,-0.54715823
1956.8413,0.0026730056
1957.667,1.195645
1958.493,0.96116945
1959.3191,-0.057616321
1960.1453,0.06085629
1960.9718,0.6891363
1961.7984,0.93310607
1962.6252,0.69080481
1963.4522,0.23674233
1964.2793,0.77091862
1965.1066,1.226667
1965.9341,1.972615
1966.7618,2.1303311
1967.5896,1.8645213
1968.4176,2.6575386
1969.2458,3.9682063
1970.0742,6.0631913
1970.9027,6.3934739
1971.7314,6.5041521
1972.5603,7.5167945
1973.3894,6.3255189
1974.2186,5.377384
1975.048,3.8018017
1975.8776,2.696811
1976.7074,1.2310395
1977.5373,0.98095776
1978.3674,1.1308795
1979.1977,0.45727531
1980.0281,1.2424981
1980.8588,2.0512538
1981.6896,1.9658954
1982.5205,1.8805404
1983.3517,2.3834242
1984.183,2.4549389
1985.0145,1.7499866
1985.8462,2.55092
1986.678,1.6263668
1987.51,1.4939739
1988.3422,1.3458982
1989.1746,1.2370416
1990.0072,1.1752474
1990.8399,1.2075743
1991.6728,2.0869635
1992.5058,1.2487091
1993.3391,1.2104582
1994.1725,0.7957402
1995.0061,0.8908296
1995.8398,1.0329813
1996.6738,0.96337178
1997.5079,0.58004025
1998.3422,0.1339671
1999.1766,0.15848566
2000.0113,0.4967332
2000.8461,0.2624352
2001.6811,0.59284656
2002.5162,0.48404572
2003.3515,0.0066209058
2004.187,0.68214075
2005.0227,1.2243307
2005.8586,0.52730853
2006.6946,0.44989764
2007.5308,0.52150984
2008.3672,0.93822356
2009.2037,0.57847017
2010.0404,0.81479869
2010.8773,0.1256405
2011.7144,-0.053710289
2012.5517,-0.013449753
2013.3891,-0.60063672
2014.2267,0.69453274
2015.0644,0.036764503
2015.9024,-0.21315712
2016.7405,-0.32974192
2017.5788,0.26740224
2018.4173,0.51160871
2019.2559,-0.075553884
2020.0947,0.027483077
2020.9337,-0.049868637
2021.7729,0.4139596
2022.6122,0.23465406
2023.4517,0.14162652
2024.2914,0.21330833
2025.1313,-0.69539853
2025.9713,-0.81978818
2026.8115,-0.43437043
2027.6519,-0.18228253
2028.4924,-0.4243088
2029.3332,-0.31339041
2030.1741,0.10341381
2031.0152,-0.21703339
2031.8564,-0.098261419
2032.6978,0.34208266
2033.5394,0.39027335
2034.3812,0.68160478
2035.2232,1.8278417
2036.0653,1.1544742
2036.9076,1.0850317
2037.7501,1.4077496
2038.5927,1.7696867
2039.4355,1.4022155
2040.2785,1.4347478
2041.1217,0.75355801
2041.965,0.85668548
2042.8085,0.94413015
2043.6522,0.49824497
2044.4961,0.70334366
2045.3401,-0.07978946
2046.1844,0.49394364
2047.0287,0.55787631
2047.8733,0.4414203
2048.718,0.52888933
2049.5629,0.0045971466
2050.408,0.87638687
2051.2533,0.91680753
2052.0987,0.90232971
2052.9443,1.2015809
2053.7901,0.9361296
2054.6361,0.623623
2055.4822,0.71111989
2056.3285,0.75940457
2057.175,0.76847704
2058.0216,0.91088633
2058.8685,0.38663243
2059.7155,0.40355849
2060.5626,0.24009586
2061.41,0.26487202
2062.2575,0.28965165
2063.1052,0.086983786
2063.9531,0.064711558
2064.8011,-0.083047385
2065.6493,-0.12884206
2066.4977,0.7430138
2067.3463,0.57957902
2068.195,1.4435987
2069.044,2.4174258
2069.8931,5.0618446
2070.7423,7.8317571
2071.5918,9.2604966
2072.4414,10.336298
2073.2912,10.737594
2074.1411,11.10752
2074.9913,9.0931364
2075.8416,8.1454227
2076.6921,6.4447713
2077.5427,4.4382411
2078.3935,4.1493614
2079.2446,3.2565636
2080.0957,2.7637692
2080.9471,1.9729392
2081.7986,1.95074
2082.6503,1.3795248
2083.5022,0.5965483
2084.3543,0.77828118
2085.2065,0.74040971
2086.0589,0.16920837
2086.9115,0.30389287
2087.7642,0.12485537
2088.6171,0.2752331
2089.4702,-0.23320921
2090.3235,-0.13772647
2091.1769,-0.065769659
2092.0306,-0.48008388
2092.8844,0.21933087
2093.7383,1.0363962
2094.5925,1.6573865
2095.4468,1.7842627
2096.3013,1.0562404
2097.1559,1.7635157
2098.0108,1.9374611
2098.8658,2.0878806
2099.721,1.344186
2100.5763,0.77304379
2101.4319,1.2293561
2102.2876,0.79155424
2103.1435,0.7851284
2103.9995,0.18262762
2104.8558,0.16052248
2105.7122,0.47567572
2106.5688,0.49279322
2107.4255,-0.0077328553
2108.2824,0.3231171
2109.1395,0.41867642
2109.9968,0.94561177
2110.8543,1.1666682
2111.7119,1.1289047
2112.5697,1.4283995
2113.4277,2.0729958
2114.2858,2.450929
2115.1441,2.7347479
2116.0026,2.5322959
2116.8613,2.7533767
2117.7202,2.0960297
2118.5792,2.9445685
2119.4384,1.9186009
2120.2977,2.0063624
2121.1573,1.505892
2122.017,0.69954273
2122.8769,1.1010401
2123.737,0.77312918
2124.5972,1.0962021
2125.4576,1.2310433
2126.3182,0.44039771
2127.179,0.32426542
2128.0399,0.3963719
2128.901,0.021423048
2129.7623,0.46216395
2130.6238,1.3342809
2131.4854,0.28483266
2132.3472,0.22362322
2133.2092,0.20163294
2134.0713,0.13258733
2134.9337,-0.15606265
2135.7962,0.47293791
2136.6588,0.59213803
2137.5217,0.75055731
2138.3847,0.68937224
2139.2479,0.26740633
2140.1113,0.25328704
2140.9748,0.22348495
2141.8386,0.11525498
2142.7025,0.25800888
2143.5665,-0.093351393
2144.4308,0.39450751
2145.2952,0.77256596
2146.1598,0.53102006
2147.0246,0.16398744
2147.8895,0.62048771
2148.7546,0.11228558
2149.6199,0.043302622
2150.4854,-0.0099905836
2151.351,-0.24367247
2152.2168,0.20500207
2153.0828,-0.012986571
2153.949,-0.019207029
2154.8153,-0.072482831
2155.6818,-0.18065711
2156.5485,-0.092749481
2157.4154,0.50496555
2158.2824,0.10660564
2159.1496,0.053347239
2160.017,-0.031280226
2160.8845,0.31546834
2161.7523,0.5602596
2162.6202,0.35799552
2163.4882,0.24200943
2164.3565,0.30641898
2165.2249,0.0022045539
2166.0935,0.1372093
2166.9623,0.20947243
2167.8312,-0.15747665
2168.7004,-0.12442225
2169.5697,0.7635376
2170.4391,1.0083637
2171.3088,0.2806442
2172.1786,0.92547723
2173.0486,0.60560786
2173.9188,0.47397727
2174.7891,0.561958
2175.6596,0.44602064
2176.5303,0.11832206
2177.4012,0.065136758
2178.2722,0.5923471
2179.1434,0.39014915
2180.0148,-0.031653152
2180.8864,-0.24168727
2181.7581,-0.036031635
2182.63,0.18531376
2183.5021,-0.087455019
2184.3744,0.20448557
2185.2468,0.45721395
2186.1194,1.1334752
2186.9922,1.0724851
2187.8651,0.39189058
2188.7383,0.66031916
2189.6116,0.60718259
2190.4851,0.39718676
2191.3587,0.17935128
2192.2325,0.29093104
2193.1065,-0.10728964
2193.9807,-0.097663707
2194.8551,0.30412257
2195.7296,-0.023499429
2196.6043,0.51947028
2197.4791,0.45852191
2198.3542,0.10738094
2199.2294,-0.039834985
2200.1048,-0.21841998
2200.9804,0.14417499
2201.8561,-0.26969716
2202.732,-0.40905602
2203.6081,-0.35233297
2204.4844,-0.49168487
2205.3608,-0.20750388
2206.2374,0.2257002
2207.1142,0.14126071
2207.9912,0.10388351
2208.8683,-0.58447059
2209.7456,0.27770109
2210.6231,0.088893816
2211.5008,-0.14697084
2212.3786,-0.037736006
2213.2566,-0.39908797
2214.1348,0.32191446
2215.0131,0.070369302
2215.8917,0.21098246
2216.7704,0.17904803
2217.6493,0.45299741
2218.5283,0.036752143
2219.4075,-0.0030210873
2220.2869,0.26308948
2221.1665,0.097828939
2222.0463,0.41884435
2222.9262,0.57515533
2223.8063,0.34715402
2224.6865,-0.21025761
2225.567,0.66762632
2226.4476,0.4082568
2227.3284,0.55673185
2228.2094,0.23462011
2229.0905,0.25760786
2229.9718,0.37471469
2230.8533,0.63299944
2231.735,0.78932485
2232.6168,0.20055366
2233.4988,0.09805843
2234.381,0.34850582
2235.2634,0.5675821
2236.1459,0.76313041
2237.0286,0.41750369
2237.9115,0.056192145
2238.7946,0.69880361
2239.6778,1.3022008
2240.5612,1.6075603
2241.4448,1.2384114
2242.3285,1.504558
2243.2125,1.8491375
2244.0966,1.8172478
2244.9808,1.863791
2245.8653,2.1534728
2246.7499,1.7608031
2247.6347,1.0151937
2248.5197,0.70095833
2249.4048,1.4298616
2250.2902,1.3430801
2251.1757,1.0602216
2252.0613,1.1538351
2252.9472,0.76117552
2253.8332,0.23518407
2254.7194,0.33664504
2255.6058,0.0067349136
2256.4923,0.2807478
2257.379,0.1077033
2258.2659,0.46015044
2259.153,0.28710883
2260.0402,0.035637288
2260.9276,0.42730445
2261.8152,0.34838481
2262.703,0.70083917
2263.5909,0.29251066
2264.479,0.29986987
2265.3673,0.8091913
2266.2558,0.85576908
2267.1444,0.64352477
2268.0332,0.94108583
2268.9222,0.68962872
2269.8113,0.42248679
2270.7007,0.90044433
2271.5902,0.57840332
2272.4798,0.31126571
2273.3697,0.12256092
2274.2597,0.18483797
2275.1499,0.56084194
2276.0403,0.37998462
2276.9308,0.10501109
2277.8216,-0.27976491
2278.7125,0.072715426
2279.6035,0.30755015
2280.4948,-0.3674176
2281.3862,-0.093364307
2282.2778,-0.078133096
2283.1695,-0.42368475
2284.0615,0.16409836
2284.9536,-0.14223472
2285.8459,0.13966893
2286.7384,0.28039755
2287.631,0.3740688
2288.5238,1.3932317
2289.4168,0.75749405
2290.31,0.53744413
2291.2033,0.9997486
2292.0968,1.0385251
2292.9905,1.2184795
2293.8843,1.1160824
2294.7784,1.084275
2295.6726,0.75442985
2296.567,-0.28913938
2297.4615,0.27513598
2298.3562,-0.015489179
2299.2511,-0.10219133
2300.1462,0.20326483
2301.0415,-0.44029718
2301.9369,-0.51915186
2302.8325,0.17062235
2303.7283,0.42118232
2304.6242,-0.0027660654
2305.5203,0.11446346
2306.4166,0.45914541
2307.3131,0.62343664
2308.2098,0.41910187
2309.1066,0.81084697
2310.0036,1.0692602
2310.9007,0.62963562
2311.7981,0.88020858
2312.6956,1.1229398
2313.5933,0.91861373
2314.4911,0.54958318
2315.3892,0.34525995
2316.2874,0.25858523
2317.1858,0.45426489
2318.0843,0.3362205
2318.9831,0.12405991
2319.882,0.61778312
2320.7811,0.78993914
2321.6803,1.1346456
2322.5798,1.4636673
2323.4794,1.0789649
2324.3791,0.2236757
2325.2791,0.24681934
2326.1792,0.17584676
2327.0795,0.52056191
2327.98,0.78684712
2328.8807,0.86489849
2329.7815,0.86451993
2330.6825,1.3268879
2331.5837,1.5382769
2332.485,0.69084388
2333.3865,0.54929462
2334.2882,1.4822566
2335.1901,2.3367887
2336.0921,2.2736751
2336.9944,1.4497787
2337.8967,1.3003935
2338.7993,1.9196372
2339.7021,2.5310392
2340.605,1.0169525
2341.5081,1.2675731
2342.4113,1.2358422
2343.3148,1.3845049
2344.2184,1.4312082
2345.1222,0.91320715
2346.0261,0.90501143
2346.9303,1.3595622
2347.8346,1.4533302
2348.739,1.1392565
2349.6437,0.86439985
2350.5485,1.5150349
2351.4535,1.0911615
2352.3587,0.973172
2353.2641,0.79243881
2354.1696,0.94111882
2355.0753,1.3172513
2355.9812,1.2463263
2356.8872,0.39893224
2357.7935,0.66526509
2358.6999,0.80610918
2359.6064,0.41362139
2360.5132,0.63289974
2361.4201,0.52276778
2362.3272,1.0793039
2363.2345,1.5260376
2364.1419,0.65512564
2365.0495,0.67833278
2365.9573,0.50546293
2366.8653,0.65416315
2367.7734,0.36364913
2368.6817,0.4182346
2369.5902,0.52772346
2370.4989,0.29211573
2371.4077,0.18199965
2372.3167,-0.18693853
2373.2259,0.016673758
2374.1353,0.69087573
2375.0448,0.10233404
2375.9545,-0.44699052
2376.8644,-0.47866658
2377.7745,-0.10249805
2378.6847,-0.016524164
2379.5951,0.21847078
2380.5057,0.26523187
2381.4164,0.35121009
2382.3274,0.20973877
2383.2385,-0.15133895
2384.1498,0.036604386
2385.0612,-0.26172535
2385.9728,-0.097308537
2386.8846,0.27103128
2387.7966,-0.12141176
2388.7087,-0.44399204
2389.6211,-0.16264945
2390.5336,-0.14012907
2391.4462,-0.26662701
2392.3591,-0.29116285
2393.2721,0.15489085
2394.1853,0.098985065
2395.0987,-0.1216253
2396.0122,0.19109898
2396.9259,0.48029515
2397.8398,0.40870831
2398.7539,-0.086406634
2399.6681,-0.087402628
2400.5825,0.32728896
2401.4971,0.31845243
2402.4119,0.23118584
2403.3268,0.15176369
2404.2419,0.48018599
2405.1572,0.65174684
2406.0726,0.32919135
2406.9883,0.49291167
2407.9041,0.3193784
2408.8201,0.39682682
2409.7362,0.30957067
2410.6525,-0.099252806
2411.569,-0.021800469
2412.4857,-0.15611153
2413.4026,0.086049296
2414.3196,-0.12669053
2415.2368,-0.19825258
2416.1542,0.13018667
2417.0717,-0.56098062
2417.9894,-0.30312699
2418.9073,-0.22566422
2419.8254,-0.64231778
2420.7436,-0.76877397
2421.6621,-0.63640532
2422.5807,-0.080505956
2423.4994,-0.27754646
2424.4184,-0.28635037
2425.3375,0.17543526
2426.2568,-0.12356212
2427.1762,-0.33628368
2428.0959,-0.047043155
2429.0157,-0.047997403
2429.9357,0.82163789
2430.8558,0.36578429
2431.7762,-0.25477389
2432.6967,0.18349277
2433.6173,0.20607445
2434.5382,-0.78310726
2435.4592,0.37673194
2436.3804,0.56402342
2437.3018,-0.27613477
2438.2234,-0.096683819
2439.1451,0.42786648
2440.067,0.19947691
2440.9891,-0.11518587
2441.9113,-0.076906171
2442.8338,0.31431601
2443.7564,0.14867676
2444.6791,0.037940764
2445.6021,0.24093157
2446.5252,0.16941387
2447.4485,-0.1922986
2448.372,-1.1030294
2449.2956,0.080358804
2450.2194,0.53433652
2451.1434,0.37655084
2452.0676,0.46190372
2452.9919,-0.51940877
2453.9164,-0.30856309
2454.8411,-0.41144159
2455.766,-0.15353448
2456.691,0.033785704
2457.6162,-0.23379477
2458.5416,-0.10137394
2459.4672,-0.48659886
2460.3929,-0.40123424
2461.3188,0.30373952
2462.2449,0.55381263
2463.1712,0.81173018
2464.0976,0.37160982
2465.0242,-0.21752884
2465.951,0.58156909
2466.8779,0.68262912
2467.8051,0.7523179
2468.7324,1.1278903
2469.6598,1.8642484
2470.5875,3.0241372
2471.5153,3.5565763
2472.4433,3.4929382
2473.3715,2.9979289
2474.2998,3.130372
2475.2284,2.9412476
2476.157,1.8893795
2477.0859,1.7394735
2478.015,1.4719217
2478.9442,0.54554775
2479.8736,0.58388094
2480.8031,0.63790171
2481.7329,0.37035516
2482.6628,0.34594716
2483.5929,0.2431091
2484.5231,0.34419391
2485.4536,-0.35471997
2486.3842,-0.15951491
2487.315,0.090593426
2488.2459,-0.31812047
2489.1771,0.19865714
2490.1084,0.048769388
2491.0399,-0.60307785
2491.9715,0.20389976
2492.9033,0.29715317
2493.8354,-0.22135682
2494.7675,-0.29280667
2495.6999,-0.027000327
2496.6324,-0.10629071
2497.5651,-0.36597195
2498.498,0.22925007
2499.431,-0.13238934
2500.3643,-0.062654899
2501.2977,0.16394359
2502.2312,0.21799436
2503.165,0.9779288
2504.0989,0.66335473
2505.033,0.87427216
2505.9673,0.45773992
2506.9017,-0.24114396
2507.8363,0.19722837
2508.7711,0.64344514
2509.7061,0.91711419
2510.6412,1.1515689
2511.5765,0.366417
2512.512,0.34205075
2513.4477,0.32552894
2514.3835,0.58351825
2515.3195,0.56699905
2516.2557,0.51910861
2517.1921,0.88690574
2518.1286,0.47039046
2519.0653,0.12446472
2520.0022,0.54716773
2520.9393,0.20908773
2521.8765,0.21610708
2522.8139,-0.20824482
2523.7515,0.59877714
2524.6892,0.1430553
2525.6272,-0.44599856
2526.5653,-0.18014916
2527.5035,0.046485853
2528.442,-0.1425641
2529.3806,0.28015196
2530.3194,0.76561442
2531.2584,0.40401936
2532.1975,0.12085698
2533.1369,-0.091715862
2534.0763,0.2839479
2535.016,-0.10901449
2535.9559,-0.13334813
2536.8959,-0.3772883
2537.8361,-0.27612913
2538.7764,-0.057321592
2539.717,-0.0032186341
2540.6577,-0.09813398
2541.5986,-0.11461665
2542.5396,-0.49972546
2543.4809,0.087716045
2544.4223,0.055551016
2545.3639,-0.055044081
2546.3056,-0.18132415
2547.2476,0.10024023
2548.1897,0.11513924
2549.132,-0.089568288
2550.0744,0.36454902
2551.017,-0.17021015
2551.9598,0.063659307
2552.9028,0.3916476
2553.846,-0.025460955
2554.7893,0.11429442
2555.7328,0.097188231
2556.6765,-0.14736775
2557.6203,0.14925393
2558.5644,0.5321513
2559.5086,-0.45749917
2560.4529,-0.37263864
2561.3975,0.15143876
2562.3422,0.38532127
2563.2871,0.04665594
2564.2322,-0.15867487
2565.1774,0.54579943
2566.1228,0.26988276
2567.0684,0.29984963
2568.0142,0.39256278
2568.9601,-0.4872719
2569.9062,-0.64553677
2570.8525,-0.31752595
2571.799,0.010486066
2572.7456,-0.24973603
2573.6924,0.20376855
2574.6394,0.64943118
2575.5866,1.1107813
2576.5339,1.2897796
2577.4814,1.1942693
2578.4291,1.1066034
2579.377,1.3326641
2580.325,1.4253926
2581.2732,1.5181224
2582.2216,1.4539906
2583.1701,0.73887957
2584.1188,1.294358
2585.0677,1.1831709
2586.0168,0.51512228
2586.9661,1.0392317
2587.9155,1.6104011
2588.8651,2.0168659
2589.8149,2.6507827
2590.7648,3.8337204
2591.7149,5.7774436
2592.6652,7.3133249
2593.6157,9.8295994
2594.5663,12.463522
2595.5172,14.869995
2596.4681,16.264705
2597.4193,16.380984
2598.3707,16.13648
2599.3222,14.684135
2600.2739,13.35728
2601.2257,12.257878
2602.1778,9.8800456
2603.13,8.5139791
2604.0823,6.6067373
2605.0349,5.3191046
2605.9876,4.2902965
2606.9405,3.4654112
2607.8936,2.5464095
2608.8469,2.0823109
2609.8003,1.7280174
2610.7539,1.428627
2611.7077,1.1841398
2612.6617,0.99455578
2613.6158,0.89909056
2614.5701,1.172254
2615.5246,1.8062029
2616.4792,1.6793687
2617.434,2.030967
2618.389,2.4766842
2619.3442,2.7498535
2620.2995,2.9916515
2621.2551,3.0138428
2622.2108,3.1458393
2623.1666,2.2739153
2624.1227,2.57062
2625.0789,2.6320318
2626.0353,1.3836408
2626.9918,0.60583922
2627.9486,1.3260781
2628.9055,1.8894553
2629.8626,1.2371475
2630.8198,0.88288013
2631.7773,0.82665312
2632.7349,0.62925083
2633.6927,0.9730262
2634.6506,0.93248903
2635.6088,0.64097265
2636.5671,0.41220256
2637.5256,0.63833561
2638.4842,0.77819533
2639.443,1.1062915
2640.402,1.3873301
2641.3612,1.731115
2642.3206,1.8788226
2643.2801,1.9010412
2644.2398,2.0722806
2645.1997,1.9611682
2646.1597,1.7873119
2647.12,1.5742412
2648.0804,1.7533284
2649.0409,1.7049659
2650.0017,1.5389575
2650.9626,1.9690287
2651.9237,1.0657678
2652.885,1.0095669
2653.8464,1.0867005
2654.808,1.2814823
2655.7698,1.0448928
2656.7318,1.294579
2657.6939,1.5364232
2658.6562,1.7468961
2659.6187,1.2358015
2660.5814,0.94431598
2661.5442,0.8175375
2662.5072,1.36527
2663.4704,1.8973174
2664.4338,2.2097582
2665.3973,1.1810237
2666.361,0.95229034
2667.3249,1.3745386
2668.2889,1.169337
2669.2532,1.6386465
2670.2176,2.1628591
2671.1822,1.7066807
2672.1469,0.36422897
2673.1118,0.82570002
2674.0769,1.098937
2675.0422,0.84668488
2676.0077,1.0728654
2676.9733,0.60885096
2677.9391,0.69385735
2678.905,0.55925708
2679.8712,0.70701094
2680.8375,0.88613853
2681.804,0.2652673
2682.7707,0.22478942
2683.7375,0.7254892
2684.7045,0.47324899
2685.6717,0.22100996
2686.6391,0.90994859
2687.6066,1.2537904
2688.5743,0.90743724
2689.5422,1.1885363
2690.5103,1.3363032
2691.4785,0.93505167
2692.4469,0.98086016
2693.4155,0.76000317
2694.3843,1.0018925
2695.3532,1.306528
2696.3223,1.3680275
2697.2916,1.2569792
2698.2611,1.5302458
2699.2307,1.6231214
2700.2005,2.3120766
2701.1705,3.0951507
2702.1406,3.7370495
2703.111,4.3711063
2704.0815,5.7345761
2705.0521,6.8470667
2706.023,7.5987741
2706.994,7.9347965
2707.9652,7.2512122
2708.9366,7.2735114
2709.9081,7.2722824
2710.8798,6.3063487
2711.8517,5.497279
2712.8238,5.1431123
2713.796,4.5144371
2714.7685,3.4543905
2715.741,3.7041491
2716.7138,2.942144
2717.6867,2.164454
2718.6599,2.2338239
2719.6331,1.9973126
2720.6066,1.8862928
2721.5802,2.4105682
2722.5541,1.6720997
2723.528,1.4512795
2724.5022,1.1834016
2725.4765,1.1743485
2726.451,2.0123553
2727.4257,2.026834
2728.4006,1.2334706
2729.3756,1.1146183
2730.3508,1.6310613
2731.3262,1.7396623
2732.3017,1.9580684
2733.2775,1.5098091
2734.2534,1.2027274
2735.2294,1.4603527
2736.2057,0.96503812
2737.1821,0.97952861
2738.1587,0.42147127
2739.1355,0.89870923
2740.1124,1.6583013
2741.0895,0.70809066
2742.0668,0.55003806
2743.0443,0.68218272
2744.0219,0.60256386
2744.9998,0.64843639
2745.9778,1.1884277
2746.9559,1.3519497
2747.9343,0.67625715
2748.9128,0.53389913
2749.8915,1.0346795
2750.8703,0.96291212
2751.8494,1.1185969
2752.8286,1.0076161
2753.808,0.71624443
2754.7875,1.460168
2755.7672,1.2550732
2756.7472,1.3166462
2757.7272,1.4017499
2758.7075,1.165286
2759.6879,1.1954901
2760.6685,1.1864796
2761.6493,0.60492133
2762.6302,1.2390505
2763.6114,1.4496514
2764.5927,1.0092732
2765.5741,1.133602
2766.5558,1.6422457
2767.5376,1.3116749
2768.5196,1.1536543
2769.5018,0.81524274
2770.4841,0.66506767
2771.4667,1.1266585
2772.4493,0.69413284
2773.4322,0.59886328
2774.4153,0.72320276
2775.3985,0.20440616
2776.3819,0.88561075
2777.3654,0.21779692
2778.3492,0.28723917
2779.3331,0.8586434
2780.3172,0.12808802
2781.3014,0.83282795
2782.2859,0.67482397
2783.2705,0.21093882
2784.2553,0.40587839
2785.2402,0.028270123
2786.2254,0.59183951
2787.2107,0.3789395
2788.1961,0.44055048
2789.1818,0.70608421
2790.1676,0.32848187
2791.1536,0.81362581
2792.1398,0.82033957
2793.1262,0.70156432
2794.1127,0.025927511
2795.0994,0.22872326
2796.0863,0.36093196
2797.0733,0.25000459
2798.0605,0.23319605
2799.0479,0.60070242
2800.0355,0.48193547
2801.0232,0.14356187
2802.0112,0.21303258
2802.9993,-0.086122969
2803.9875,0.548056
2804.976,0.08419694
2805.9646,-0.1835825
2806.9534,0.37216865
2807.9423,0.24556805
2808.9315,0.35426275
2809.9208,0.3060959
2810.9103,0.58734199
2811.8999,0.42937359
2812.8898,-0.19918187
2813.8798,0.097754056
2814.87,0.58292646
2815.8603,0.38574711
2816.8509,0.10229444
2817.8416,0.15609785
2818.8324,0.084412259
2819.8235,0.14606118
2820.8147,0.32535835
2821.8061,0.53602925
2822.7977,0.1898386
2823.7895,0.09462952
2824.7814,0.91706869
2825.7735,1.2924502
2826.7658,1.1423427
2827.7582,1.1334129
2828.7508,1.281347
2829.7436,1.7273215
2830.7366,1.6713364
2831.7297,1.5996663
2832.7231,1.4730953
2833.7166,1.9112314
2834.7102,2.4513295
2835.7041,2.6228013
2836.6981,2.2217253
2837.6923,2.4873171
2838.6866,1.8431062
2839.6812,2.5871318
2840.6759,1.8958645
2841.6708,2.3732258
2842.6658,2.6231373
2843.6611,2.2926578
2844.6565,1.0837481
2845.6521,0.93366316
2846.6478,1.0973049
2847.6437,1.4570262
2848.6399,1.0089056
2849.6361,0.63137443
2850.6326,0.38717776
2851.6292,0.26062934
2852.626,0.39290563
2853.623,0.68988899
2854.6202,0.48491275
2855.6175,-0.16712112
2856.615,0.043591286
2857.6127,0.66214802
2858.6105,0.55129417
2859.6085,0.46397092
2860.6067,0.047237091
2861.6051,0.35207308
2862.6036,0.27259652
2863.6024,0.77351331
2864.6012,0.75678422
2865.6003,0.41848769
2866.5996,-0.045297843
2867.599,0.10268251
2868.5986,0.46242876
2869.5983,0.21825462
2870.5983,0.53094441
2871.5984,0.63971383
2872.5987,0.37201384
2873.5991,0.93568758
2874.5998,0.89544094
2875.6006,1.0748033
2876.6016,1.8659316
2877.6027,1.911963
2878.604,1.7462309
2879.6055,1.635402
2880.6072,1.2500644
2881.6091,1.1941398
2882.6111,1.6637066
2883.6133,1.6077844
2884.6157,1.3793143
2885.6182,0.57829638
2886.621,0.28708358
2887.6239,0.50567588
2888.6269,0.39485761
2889.6302,0.18207974
2890.6336,-0.16403028
2891.6372,0.14868442
2892.641,0.49277285
2893.6449,0.1074507
2894.649,0.19271798
2895.6533,0.70935899
2896.6578,0.5985502
2897.6624,0.77009554
2898.6673,0.87105384
2899.6723,0.50142508
2900.6774,0.62591515
2901.6828,1.1033476
2902.6883,0.63176161
2903.694,0.058216025
2904.6998,0.15918143
2905.7058,0.54250097
2906.7121,0.486606
2907.7184,-0.16536621
2908.725,0.35129021
2909.7317,0.67971253
2910.7386,0.45127329
2911.7457,0.7640117
2912.753,0.84145719
2913.7604,0.35419797
2914.768,0.18850857
2915.7758,-0.5575718
2916.7837,-0.22914118
2917.7919,0.075761209
2918.8002,0.84340989
2919.8086,0.3796872
2920.8173,-0.20168136
2921.8261,-0.03010756
2922.8351,0.38460468
2923.8443,0.24245537
2924.8536,0.16305233
2925.8631,0.13855245
2926.8728,0.60817139
2927.8827,0.42681114
2928.8927,-0.076116565
2929.9029,0.111153
2930.9133,0.21999237
2931.9239,0.32883294
2932.9346,0.24943939
2933.9455,-0.065247086
2934.9566,0.45144017
2935.9679,0.47401097
2936.9793,-0.19361313
2937.9909,0.26033259
2939.0027,0.19663243
2940.0147,0.12509032
2941.0268,0.045706266
2942.0391,0.31142143
2943.0516,0.59282406
2944.0643,0.88207101
2945.0771,0.4262211
2946.0901,0.92723513
2947.1033,0.72236799
2948.1166,0.87828635
2949.1301,1.3793039
2950.1438,1.1665972
2951.1577,0.71075443
2952.1718,1.2980501
2953.186,0.92848417
2954.2004,0.44127239
2955.2149,0.44033631
2956.2297,0.45508769
2957.2446,0.40709515
2958.2597,0.14733909
2959.275,0.15425089
2960.2904,0.18469328
2961.306,-0.20839255
2962.3218,0.010287511
2963.3378,-0.19456066
2964.3539,-0.57195666
2965.3702,-0.094449509
2966.3867,0.02227451
2967.4034,-0.40851301
2968.4202,-0.047142232
2969.4372,-0.0073386334
2970.4544,-0.085180649
2971.4718,-0.65713887
2972.4893,-0.26438976
2973.507,-0.09909019
2974.5249,-0.043593096
2975.5429,0.67857211
2976.5612,0.18505248
2977.5796,0.00525979
2978.5981,-0.3313942
2979.6169,-0.45628205
2980.6358,-0.18901158
2981.6549,-0.14919066
2982.6742,-0.23485848
2983.6936,-0.35974055
2984.7133,-0.64932705
2985.7331,-0.35067682
2986.753,-0.40496632
2987.7732,-0.30239163
2988.7935,0.09822372
2989.814,-0.51292419
2990.8346,-0.41818831
2991.8555,-0.15090196
2992.8765,-0.026860828
2993.8977,0.22267025
2994.9191,0.18200501
2995.9406,0.28251599
2996.9623,0.80655613
2997.9842,0.2717725
2999.0062,0.11345921
3000.0285,0.11985155
3001.0509,0.48702796
3002.0735,0.15616491
3003.0962,0.16255651
3004.1192,0.52973218
3005.1423,0.5596527
3006.1655,0.47192591
3007.189,0.47047339
3008.2126,0.53960885
3009.2364,0.30286172
3010.2604,0.38768296
3011.2846,0.66858239
3012.3089,0.54948157
3013.3334,0.47743932
3014.3581,0.40539683
3015.3829,0.5451188
3016.4079,0.83386013
3017.4331,1.0441698
3018.4585,0.61918519
3019.484,1.3000826
3020.5098,1.7927445
3021.5356,2.1050141
3022.5617,2.1270872
3023.588,2.5805327
3024.6144,2.5320172
3025.641,2.4129131
3026.6677,2.1840049
3027.6947,1.7825475
3028.7218,2.2359917
3029.7491,1.4423769
3030.7765,1.6526834
3031.8042,1.4943622
3032.832,1.5399623
3033.8599,1.0365426
3034.8881,1.1213579
3035.9164,0.8218592
3036.9449,0.68706617
3037.9736,0.59933172
3039.0025,0.69198918
3040.0315,0.47876404
3041.0607,0.50083277
3042.0901,0.46799929
3043.1196,0.231244
3044.1494,0.5513512
3045.1793,0.68322286
3046.2093,0.21901585
3047.2396,0.50774976
3048.27,0.54550303
3049.3006,0.28521684
3050.3314,0.41708727
3051.3623,0.23523196
3052.3934,0.28082738
3053.4247,0.30289314
3054.4562,0.37201748
3055.4878,0.29212197
3056.5196,-0.15640125
3057.5516,0.38331059
3058.5838,0.17008099
3059.6161,-0.011776295
3060.6486,0.049503424
3061.6813,0.13431231
3062.7142,0.40735624
3063.7472,0.2333411
3064.7804,0.15344336
3065.8138,0.79511399
3066.8474,0.49560792
3067.8811,0.57257218
3068.915,1.324046
3069.9491,0.92257839
3070.9833,0.30934584
3072.0178,0.48042676
3073.0524,0.66719371
3074.0871,1.4814114
3075.1221,1.2995504
3076.1572,1.1255323
3077.1925,0.88876883
3078.228,0.60494631
3079.2636,1.0113196
3080.2995,1.5667123
3081.3355,1.2123008
3082.3716,1.1480851
3083.408,1.5152417
3084.4445,1.2235746
3085.4812,1.1279856
3086.518,1.9343572
3087.5551,2.6622972
3088.5923,2.3470996
3089.6297,2.0240587
3090.6672,2.297096
3091.705,2.8211134
3092.7429,2.9608168
3093.781,2.8495396
3094.8192,3.3657131
3095.8577,3.3407099
3096.8963,4.0843339
3097.9351,3.8946243
3098.974,4.3402086
3100.0132,5.0210868
3101.0525,4.572553
3102.0919,4.6887247
3103.1316,5.5656806
3104.1714,6.5367539
3105.2114,7.1784151
3106.2516,7.0279192
3107.2919,8.1401682
3108.3325,9.7779072
3109.3732,10.152901
3110.414,12.002404
3111.4551,14.00877
3112.4963,15.332782
3113.5377,15.268559
3114.5793,14.388649
3115.621,13.979328
3116.6629,14.103339
3117.705,14.117546
3118.7473,13.190577
3119.7897,13.024392
3120.8324,11.305265
3121.8751,10.786138
3122.9181,10.494462
3123.9612,9.4969027
3125.0046,9.5267945
3126.048,8.9370783
3127.0917,8.0336363
3128.1355,7.6870568
3129.1795,7.1679281
3130.2237,6.8997795
3131.2681,6.5688855
3132.3126,6.3164227
3133.3573,6.0718027
3134.4022,5.6546335
3135.4472,4.774719
3136.4925,4.5771571
3137.5379,4.4580264
3138.5835,4.8722287
3139.6292,3.7491759
3140.6751,3.4025935
3141.7212,3.9501284
3142.7675,3.634918
3143.8139,3.7432368
3144.8606,3.7888102
3145.9074,3.7794814
3146.9543,3.4721132
3148.0015,2.8510192
3149.0488,3.1711014
3150.0963,2.667654
3151.1439,2.5877357
3152.1918,3.1038957
3153.2398,3.3533887
3154.288,3.5479795
3155.3364,3.2719818
3156.3849,3.5293172
3157.4336,2.9003779
3158.4825,3.4871245
3159.5315,3.3366161
3160.5808,3.5468916
3161.6302,4.1179513
3162.6798,4.0694029
3163.7295,3.7071287
3164.7795,3.6742661
3165.8296,4.1276777
3166.8798,4.5105008
3167.9303,4.1325394
3168.9809,4.5388914
3170.0317,4.5609295
3171.0827,3.477085
3172.1339,4.3461814
3173.1852,4.783905
3174.2367,4.4843734
3175.2883,5.6279789
3176.3402,5.1872704
3177.3922,5.9700911
3178.4444,6.1725193
3179.4968,6.9239669
3180.5493,8.1224731
3181.602,8.058234
3182.6549,7.6096808
3183.708,7.1297549
3184.7612,6.665515
3185.8147,7.06402
3186.8682,6.5448776
3187.922,5.6649507
3188.9759,5.2791412
3190.03,4.9639197
3191.0843,4.2800704
3192.1388,3.7844563
3193.1934,3.6025673
3194.2482,3.2245997
3195.3032,3.4662397
3196.3584,2.9078795
3197.4137,2.2789307
3198.4692,2.1676288
3199.5249,2.4171109
3200.5807,2.1803183
3201.6368,2.1082313
3202.693,2.7106539
3203.7493,2.1758213
3204.8059,2.472361
3205.8626,2.3689005
3206.9195,1.3634789
3207.9766,1.8874689
3209.0338,1.980086
3210.0913,1.8687814
3211.1489,1.5378686
3212.2066,1.3951909
3213.2646,2.0603561
3214.3227,1.6980701
3215.381,1.1318623
3216.4394,1.4833012
3217.4981,1.1131713
3218.5569,0.93911958
3219.6159,1.5807539
3220.675,1.1478781
3221.7344,1.507159
3222.7939,1.71742
3223.8536,1.2767004
3224.9134,1.4006864
3225.9735,1.1325153
3227.0337,1.3584616
3228.0941,1.2942115
3229.1546,1.5201573
3230.2153,1.1970833
3231.2762,1.0230286
3232.3373,1.4607383
3233.3986,1.2474675
3234.46,0.78321594
3235.5216,0.83661124
3236.5834,0.96059452
3237.6453,1.3983031
3238.7075,0.92620741
3239.7698,0.90117035
3240.8322,0.97025068
3241.8949,0.84325234
3242.9577,1.5554694
3244.0207,0.99709805
3245.0839,1.2387264
3246.1472,1.7078055
3247.2107,1.1729628
3248.2744,1.2106688
3249.3383,1.4915119
3250.4023,1.7017665
3251.4665,1.2610404
3252.5309,0.93796119
3253.5955,1.1952738
3254.6602,1.0055274
3255.7251,1.0353886
3256.7902,0.93191623
3257.8555,0.78138477
3258.9209,0.44261777
3259.9865,0.6058113
3261.0523,0.40037713
3262.1182,-0.024665126
3263.1844,-0.065393904
3264.2507,0.49779864
3265.3172,0.66883407
3266.3838,0.35359475
3267.4506,0.83835518
3268.5176,0.38193889
3269.5848,0.12160078
3270.6522,0.19851733
3271.7197,0.18915913
3272.7874,0.55627126
3273.8553,0.28808903
3274.9233,-0.14479933
3275.9915,0.60662579
3277.0599,0.46393301
3278.1285,0.65849489
3279.1972,0.4059977
3280.2662,0.36526496
3281.3352,0.63041434
3282.4045,0.33085758
3283.4739,0.17247704
3284.5436,0.21801783
3285.6133,0.37336229
3286.6833,0.92870651
3287.7534,1.3350309
3288.8238,1.286453
3289.8942,2.1084632
3290.9649,2.2794927
3292.0357,2.1054239
3293.1067,2.8725313
3294.1779,4.071011
3295.2493,3.465569
3296.3208,2.8287541
3297.3925,2.8429194
3298.4644,2.6217903
3299.5364,3.2085041
3300.6087,3.3089431
3301.6811,2.7584015
3302.7536,1.941193
3303.8264,1.4847686
3304.8993,2.008736
3305.9724,1.0974091
3307.0457,0.91549373
3308.1191,1.2747546
3309.1928,0.90460339
3310.2666,1.3109226
3311.3405,0.76822187
3312.4147,0.82944251
3313.489,1.3298786
3314.5635,0.63031441
3315.6381,0.68369116
3316.713,0.95667551
3317.788,0.9943655
3318.8632,0.49087877
3319.9385,0.48935258
3321.0141,1.2015516
3322.0898,0.92551513
3323.1657,0.75928231
3324.2417,0.55383356
3325.318,0.97583554
3326.3944,1.4292098
3327.471,0.87866229
3328.5477,1.0339969
3329.6246,0.67952727
3330.7017,-0.020040612
3331.779,0.6999991
3332.8565,0.91807778
3333.9341,0.94792092
3335.0119,1.0718815
3336.0899,0.6154496
3337.168,0.8335273
3338.2463,0.65160474
3339.3248,0.61870155
3340.4035,1.2446216
3341.4824,0.34897285
3342.5614,0.31606892
3343.6406,0.69100787
3344.7199,0.79927991
3345.7995,1.4095125
3346.8792,1.227588
3347.9591,1.03782
3349.0392,0.94216953
3350.1194,0.7916168
3351.1998,1.1430246
3352.2804,1.7297263
3353.3612,1.1164277
3354.4421,0.91097206
3355.5232,1.5996338
3356.6045,1.472609
3357.686,1.7769565
3358.7676,2.606794
3359.8494,2.8876116
3360.9314,3.0821544
3362.0135,3.4100303
3363.0959,3.8712393
3364.1784,3.6657814
3365.261,3.7897351
3366.3439,4.2195708
3367.4269,4.3748965
3368.5101,4.7027709
3369.5935,4.6306451
3370.677,4.2996955
3371.7608,4.0628633
3372.8447,4.2260309
3373.9287,3.4872375
3375.013,2.9523653
3376.0974,3.7743557
3377.182,3.2865419
3378.2668,3.6379435
3379.3517,4.3265998
3380.4368,3.9721186
3381.5221,3.7039116
3382.6076,3.6631554
3383.6932,3.2929872
3384.779,3.3071324
3385.865,3.8389245
3386.9512,4.0413045
3388.0375,3.6632922
3389.124,3.1676325
3390.2107,3.2915805
3391.2976,2.7253321
3392.3846,2.2688873
3393.4718,3.10656
3394.5592,2.7834481
3395.6467,2.2250419
3396.7345,1.9646746
3397.8224,1.98666
3398.9105,1.4596256
3399.9987,1.5600419
3401.0871,2.0683011
3402.1757,1.4393051
3403.2645,1.4299168
3404.3535,2.3146458
3405.4426,1.6778059
3406.5319,1.4880247
3407.6213,2.3256941
3408.711,1.83003
3409.8008,2.09515
3410.8908,1.7877207
3411.981,1.9273499
3413.0713,1.6826652
3414.1618,1.4379803
3415.2525,1.3344715
3416.3434,0.70547236
3417.4344,1.3000023
3418.5256,1.1808066
3419.617,1.0223949
3420.7086,1.4522183
3421.8003,1.40361
3422.8922,1.1510799
3423.9843,0.74953002
3425.0766,1.0852347
3426.169,1.3974098
3427.2616,1.2311533
3428.3544,0.71195529
3429.4474,0.82020805
3430.5405,1.1480684
3431.6338,1.4523991
3432.7273,1.6861413
3433.8209,1.849295
3434.9147,1.7300956
3436.0087,1.791288
3437.1029,1.7426763
3438.1973,1.8352408
3439.2918,1.8493737
3440.3865,1.7380162
3441.4814,2.065874
3442.5764,2.2054964
3443.6716,1.6157067
3444.767,1.9278776
3445.8626,1.7851462
3446.9583,1.3600617
3448.0542,1.5467416
3449.1503,1.6236174
3450.2466,1.8965713
3451.343,1.3773682
3452.4397,2.128753
3453.5364,2.2448434
3454.6334,2.4236788
3455.7305,2.9476119
3456.8278,3.5813486
3457.9253,3.2660655
3459.023,3.2331352
3460.1208,3.9060869
3461.2188,4.0770776
3462.317,4.2794406
3463.4154,4.5994504
3464.5139,4.6449501
3465.6126,6.2433908
3466.7115,6.2418312
3467.8105,6.2481145
3468.9098,6.1210643
3470.0092,6.3391118
3471.1087,6.9571591
3472.2085,6.5163826
3473.3084,6.4599196
3474.4085,6.3485544
3475.5088,6.3156203
3476.6092,6.0395487
3477.7098,5.4105357
3478.8106,4.9226989
3479.9116,5.3132932
3481.0127,5.7274167
3482.114,5.2238929
3483.2155,5.5203688
3484.3172,5.4952759
3485.419,4.9603788
3486.5211,5.429403
3487.6232,5.1219564
3488.7256,4.955686
3489.8281,5.2129447
3490.9308,4.4113797
3492.0337,4.3000106
3493.1368,4.3455039
3494.24,4.390997
3495.3434,4.1855094
3496.447,4.1917863
3497.5508,3.4294355
3498.6547,3.2474766
3499.7588,3.5204194
3500.8631,3.4639502
3501.9675,3.8310102
3503.0722,3.515717
3504.177,3.5376784
3505.2819,3.6066984
3506.3871,3.1972868
3507.4924,2.3957181
3508.5979,2.841208
3509.7036,2.8866976
3510.8094,2.9557164
3511.9154,3.8247349
3513.0216,3.3525767
3514.128,3.1157124
3515.2345,2.2906125
3516.3412,2.1321791
3517.4481,3.3149219
3518.5552,2.5368801
3519.6624,2.7000145
3520.7699,1.9376585
3521.8774,1.8498121
3522.9852,2.7815733
3524.0931,2.0584322
3525.2012,1.7509772
3526.3095,1.5141102
3527.418,1.5988115
3528.5266,1.5188067
3529.6354,1.7211546
3530.7444,1.6646788
3531.8536,1.741536
3532.9629,1.6223145
3534.0724,2.0756418
3535.1821,1.5721061
3536.2919,1.2724918
3537.4019,1.4983674
3538.5121,1.2379682
3539.6225,1.4167845
3540.7331,1.2191299
3541.8438,0.95873001
3542.9547,1.1375455
3544.0658,0.88498828
3545.177,1.3147837
3546.2884,1.6112456
3547.4,1.3665307
3548.5118,1.4433842
3549.6237,1.8104335
3550.7358,1.0323846
3551.8481,1.2111981
3552.9606,1.0841291
3554.0732,0.96490294
3555.186,1.614304
3556.299,1.2833126
3557.4122,1.2817328
3558.5255,0.8801527
3559.639,1.0354351
3560.7527,1.2926781
3561.8666,2.0126659
3562.9806,1.6895162
3564.0948,1.640876
3565.2092,2.2510591
3566.3238,2.3749675
3567.4385,2.7969149
3568.5534,3.3992541
3569.6685,3.821201
3570.7837,4.0549123
3571.8991,4.2023488
3573.0147,3.9654714
3574.1305,3.9325153
3575.2465,3.9701472
3576.3626,3.7097396
3577.4789,3.9669789
3578.5954,3.9967669
3579.712,3.6500841
3580.8288,3.5230088
3581.9458,3.1292667
3583.063,3.1041518
3584.1803,2.9064876
3585.2978,2.9441172
3586.4155,2.6288055
3587.5334,2.344866
3588.6514,2.7824949
3589.7696,2.6554177
3590.888,2.5204971
3592.0066,2.5659685
3593.1253,2.4781062
3594.2442,2.8529888
3595.3633,2.247479
3596.4826,2.3086356
3597.602,1.7893998
3598.7216,1.7642814
3599.8414,1.6921039
3600.9613,2.1924752
3602.0815,1.2889247
3603.2018,1.0128249
3604.3223,1.2308425
3605.4429,0.92336972
3606.5637,0.60021038
3607.6847,0.52803118
3608.8059,0.62840075
3609.9273,0.2503387
3611.0488,0.32717837
3612.1705,0.53735112
3613.2923,0.3004648
3614.4144,0.016519415
3615.5366,0.61100515
3616.659,0.93882397
3617.7816,0.54507392
3618.9043,0.43367656
3620.0272,-0.12477987
3621.1503,0.39127326
3622.2736,0.5622281
3623.397,0.082202304
3624.5206,-0.1782159
3625.6444,-0.022948073
3626.7684,0.49310382
3627.8925,0.79739076
3629.0168,0.58403039
3630.1413,0.088316833
3631.266,0.16515205
3632.3908,0.1949282
3633.5158,-0.096864534
3634.641,0.497617
3635.7663,0.78621593
3636.8919,0.49442246
3638.0176,0.77517776
3639.1434,0.62456027
3640.2695,0.78766802
3641.3957,0.62920689
3642.5221,0.24329454
3643.6487,0.53973488
3644.7754,0.31852791
3645.9024,0.90516384
3647.0295,1.1623877
3648.1567,0.36078788
3649.2842,-0.11140046
3650.4118,0.4595482
3651.5396,0.65402602
3652.6675,0.40928791
3653.7957,0.37631427
3654.924,0.62569331
3656.0525,0.38095446
3657.1812,0.22248987
3658.31,0.69147602
3659.439,0.59575603
3660.5682,0.19415345
3661.6976,0.56117807
3662.8271,0.7085946
3663.9568,0.71483441
3665.0867,0.36028966
3666.2167,0.029274079
3667.347,0.66296413
3668.4774,0.3633206
3669.608,0.25975525
3670.7387,-0.14184956
3671.8696,0.19380029
3673.0007,0.32552832
3674.132,0.20627571
3675.2635,0.024277757
3676.3951,-0.13419103
3677.5269,-0.22991497
3678.6589,-0.23152151
3679.791,0.025695232
3680.9233,0.14957839
3682.0558,-0.46379359
3683.1885,0.27969692
3684.3213,0.16828522
3685.4544,0.63726543
3686.5876,1.2317356
3687.7209,1.2222839
3688.8545,1.4010673
3689.9882,0.63867401
3691.1221,0.62922161
3692.2561,0.84721995
3693.3904,1.4024729
3694.5248,0.96164726
3695.6594,1.3443507
3696.7941,1.0054853
3697.9291,0.50191381
3699.0642,0.27285184
3700.1995,0.54575041
3701.3349,0.20688402
3702.4705,0.12684092
3703.6063,0.23503286
3704.7423,0.31969515
3705.8785,0.23180817
3707.0148,0.46548957
3708.1513,0.36975895
3709.288,0.077949659
3710.4248,-0.017781449
3711.5619,-0.0037088835
3712.6991,0.43389285
3713.8364,-0.31281939
3714.974,0.093409292
3716.1117,0.22512793
3717.2496,-0.16080074
3718.3877,-0.091827698
3719.5259,-0.20324706
3720.6643,-0.27545098
3721.8029,-0.30564387
3722.9417,-0.47701545
3724.0806,-0.052310816
3725.2197,-0.027608403
3726.359,-0.13624154
3727.4985,0.35120153
3728.6381,-0.19665173
3729.778,-0.25823271
3730.9179,-0.084521782
3732.0581,-0.091205233
3733.1984,-0.0037732568
3734.3389,-0.32418664
3735.4796,-0.41715126
3736.6205,-0.45521613
3737.7615,-0.39132245
3738.9027,0.056882747
3740.0441,0.120772
3741.1856,0.45916883
3742.3274,0.37403403
3743.4693,-0.15031867
3744.6114,0.36846366
3745.7536,0.14214573
3746.896,0.22170794
3748.0386,0.47381695
3749.1814,0.012198248
3750.3244,0.091753797
3751.4675,0.6497385
3752.6108,0.086152356
3753.7542,0.087269875
3754.8979,0.30799302
3756.0417,0.56008649
3757.1857,0.69453069
3758.3299,0.38191384
3759.4742,0.35164771
3760.6187,0.38412446
3761.7634,-0.21085199
3762.9083,-0.60190908
3764.0533,-0.18512526
3765.1985,-0.21540249
3766.3439,-0.3241133
3767.4895,-0.25243418
3768.6352,-0.14938473
3769.7811,-0.45418063
3770.9272,-0.20995915
3772.0734,-0.052014391
3773.2199,-0.0509346
3774.3665,-0.1910335
3775.5133,-0.51936991
3776.6602,0.12484048
3777.8073,-0.2505592
3778.9546,-0.52400031
3780.1021,-0.65626717
3781.2498,-0.83559507
3782.3976,-0.19139578
3783.5456,-0.48837518
3784.6938,-0.10300385
3785.8421,0.48628682
3786.9906,1.0128302
3788.1393,0.77074386
3789.2882,1.2580671
3790.4372,1.0238195
3791.5865,1.1581971
3792.7359,1.1749254
3793.8854,0.58772998
3795.0352,0.62014015
3796.1851,0.95843046
3797.3352,0.73201266
3798.4854,0.019318136
3799.6359,0.43603316
3800.7865,0.77431459
3801.9373,0.33612321
3803.0882,-0.36089392
3804.2394,0.15777301
3805.3907,-0.28826816
3806.5421,-0.30293901
3807.6938,-0.61565129
3808.8456,-0.71660108
3809.9976,-0.033239364
3811.1498,-0.36948771
3812.3022,-0.72142455
3813.4547,-0.27336362
3814.6074,-0.029226465
3815.7603,0.19922219
3816.9133,-0.19978235
3818.0666,-0.35565186
3819.22,-0.42524907
3820.3735,-0.408574
3821.5273,-0.39190115
3822.6812,-0.33601483
3823.8353,0.104183
3824.9896,-0.11444492
3826.144,-0.30170251
3827.2986,0.24829258
3828.4534,0.18652075
3829.6084,-0.079174875
3830.7635,0.39238219
3831.9188,0.55021154
3833.0743,0.58254847
3834.23,0.50507927
3835.3858,0.15309804
3836.5418,-0.36627617
3837.698,0.00062150923
3838.8544,0.46163421
3840.0109,-0.23814003
3841.1676,-0.24772081
3842.3245,-0.053382645
3843.4816,-0.015909851
3844.6388,0.060776005
3845.7962,-0.28607017
3846.9538,-0.16233074
3848.1115,-0.44643707
3849.2695,-0.41682053
3850.4276,-0.39504976
3851.5858,-0.17720317
3852.7443,-0.44563372
3853.9029,-0.46308651
3855.0617,-0.53544387
3856.2207,0.0039608443
3857.3798,-0.31938216
3858.5391,-0.44664936
3859.6986,-0.1347035
3860.8583,0.22429857
3862.0182,-0.60885886
3863.1782,-0.28123459
3864.3384,0.046387053
3865.4987,0.03675117
3866.6593,-0.31014224
3867.82,0.37825585
3868.9809,-0.14119183
3870.1419,-0.30770095
3871.3032,-0.027153878
3872.4646,0.61417489
3873.6262,0.66726574
3874.7879,0.97917749
3875.9499,0.85971407
3877.112,0.81083626
3878.2743,0.62077936
3879.4367,1.2777787
3880.5993,1.8955596
3881.7621,1.0937302
3882.9251,1.374251
3884.0883,1.2626124
3885.2516,1.3470495
3886.4151,0.66285659
3887.5788,0.88062184
3888.7426,1.184659
3889.9067,1.2298699
3891.0709,0.73390183
3892.2352,1.1163625
3893.3998,1.6792126
3894.5645,1.034217
3895.7294,1.3617678
3896.8945,1.5246101
3898.0597,1.81294
3899.2251,1.8973456
3900.3907,1.9190036
3901.5565,3.0465413
3902.7224,2.9113312
3903.8885,3.3643539
3905.0548,3.5742366
3906.2213,3.0939207
3907.3879,3.7194844
3908.5547,3.623477
3909.7217,4.5000159
3910.8889,4.7177286
3912.0562,5.633478
3913.2237,6.3688326
3914.3914,7.5669296
3915.5593,9.4081613
3916.7273,10.551351
3917.8955,12.674931
3919.0639,15.457331
3920.2324,17.196591
3921.4012,18.465261
3922.5701,19.208437
3923.7391,19.786906
3924.9084,21.581058
3926.0778,21.053638
3927.2474,21.56151
3928.4172,20.555654
3929.5871,19.369404
3930.7572,19.422366
3931.9275,18.800816
3933.098,17.661616
3934.2686,15.557707
3935.4395,15.469483
3936.6105,14.220471
3937.7816,13.410673
3938.953,12.679303
3940.1245,10.700872
3941.2962,9.7028298
3942.468,9.708707
3943.6401,9.6283071
3944.8123,9.971434
3945.9847,9.5302445
3947.1572,9.1125818
3948.33,8.1380537
3949.5029,7.2811701
3950.6759,7.8203623
3951.8492,7.4497479
3953.0226,7.4791309
3954.1962,8.0889035
3955.37,6.4869087
3956.544,5.6064799
3957.7181,5.5574211
3958.8924,5.9475753
3960.0669,5.4279229
3961.2415,4.2494444
3962.4163,4.592532
3963.5913,5.1630678
3964.7665,4.1414442
3965.9419,4.0060925
3967.1174,4.1452479
3968.2931,4.2765576
3969.4689,3.4431588
3970.645,3.7940711
3971.8212,4.3175298
3972.9976,4.8958878
3974.1742,4.5330667
3975.3509,3.9114195
3976.5278,4.8740833
3977.7049,4.5190975
3978.8822,4.5641091
3980.0596,5.3699023
3981.2372,4.7717714
3982.415,4.5108927
3983.593,4.5637369
3984.7711,5.4557942
3985.9494,5.6968684
3987.1279,5.4124499
3988.3065,5.8417542
3989.4854,5.996546
3990.6644,5.8454529
3991.8435,5.9218082
3993.0229,5.8883569
3994.2024,5.5882363
3995.3821,5.9312503
3996.562,5.7644578
3997.7421,5.8172706
3998.9223,5.603414
4000.1027,5.169947
4001.2832,5.0972616
4002.464,5.5422207
4003.6449,5.6499222
4004.826,5.2556604
4006.0073,5.9045332
4007.1887,6.1769328
4008.3703,5.5473689
4009.5521,4.9962338
4010.7341,5.6607824
4011.9162,6.646897
4013.0985,7.0290873
4014.281,7.1367653
4015.4637,7.3150288
4016.6465,7.0540741
4017.8295,7.0597834
4019.0127,8.7831371
4020.1961,9.4319784
4021.3796,10.182778
4022.5633,10.761026
4023.7472,11.880447
4024.9313,12.293984
4026.1155,12.221244
4027.2999,14.015167
4028.4845,15.016931
4029.6692,15.650065
4030.8542,17.098883
4032.0393,20.618286
4033.2245,22.161216
4034.41,24.190418
4035.5956,27.741186
4036.7814,29.644893
4037.9674,34.678008
4039.1535,39.805239
4040.3398,47.316781
4041.5263,53.675379
4042.713,59.892798
4043.8998,64.988645
4045.0869,69.18253
4046.2741,71.596019
4047.4614,73.389898
4048.649,74.226912
4049.8367,74.342354
4051.0246,74.426421
4052.2126,74.19676
4053.4009,73.935724
4054.5893,73.839391
4055.7779,73.672468
4056.9666,73.623188
4058.1555,72.90724
4059.3447,71.226583
4060.5339,67.192982
4061.7234,63.3633
4062.913,57.408125
4064.1028,50.888242
4065.2928,49.293846
4066.483,43.934742
4067.6733,39.830537
4068.8638,37.828291
4070.0545,36.759375
4071.2453,34.043397
4072.4363,30.786241
4073.6275,28.79967
4074.8189,28.060155
4076.0104,27.37554
4077.2022,24.432098
4078.3941,23.865125
4079.5861,23.839325
4080.7784,22.558621
4081.9708,21.850463
4083.1634,21.377597
4084.3561,22.300806
4085.5491,21.827934
4086.7422,19.857021
4087.9355,19.862575
4089.1289,20.534794
4090.3226,19.834461
4091.5164,19.19687
4092.7104,18.229865
4093.9045,17.717759
4095.0989,17.840945
4096.2934,17.250403
4097.4881,16.597113
4098.6829,16.061467
4099.8779,15.392486
4101.0731,14.739188
4102.2685,14.070201
4103.4641,14.428663
4104.6598,13.877318
4105.8557,13.60048
4107.0518,13.033443
4108.248,13.046796
4109.4445,13.036617
4110.6411,13.198985
4111.8378,11.847624
4113.0348,12.872731
4114.2319,12.901757
4115.4292,12.687643
4116.6267,13.046076
4117.8243,13.835879
4119.0221,13.457051
4120.2201,13.917437
4121.4183,15.083702
4122.6166,16.320553
4123.8151,16.435833
4125.0138,16.519737
4126.2127,17.050698
4127.4117,18.781656
4128.6109,19.736141
4129.8103,19.710231
4131.0099,19.786279
4132.2096,20.411345
4133.4095,21.106995
4134.6096,20.179114
4135.8098,19.67476
4137.0103,19.068442
4138.2109,19.20722
4139.4116,18.193054
4140.6126,16.794571
4141.8137,15.866674
4143.015,16.962304
4144.2165,16.206951
4145.4181,14.392771
4146.62,14.241335
4147.822,13.736954
4149.0241,12.409041
4150.2265,11.810538
4151.429,11.25909
4152.6317,11.593915
4153.8346,10.501286
4155.0376,9.8713994
4156.2408,9.9238631
4157.4442,9.2547556
4158.6478,8.9307435
4159.8515,8.7243759
4161.0554,8.5729076
4162.2595,8.3743778
4163.4638,8.0660415
4164.6682,7.7577025
4165.8728,7.8885767
4167.0776,7.0468991
4168.2826,7.6718857
4169.4877,7.9831441
4170.693,7.7532234
4171.8985,6.7860452
4173.1041,7.2620016
4174.31,6.8830534
4175.516,5.9629262
4176.7222,6.736914
4177.9285,6.8912913
4179.135,6.7711561
4180.3417,6.7843517
4181.5486,6.4838192
4182.7557,6.0421075
4183.9629,6.0788247
4185.1703,6.3743627
4186.3778,6.0895059
4187.5856,5.6477838
4188.7935,5.7393924
4190.0016,6.3408023
4191.2099,7.0206409
4192.4183,6.4220455
4193.6269,6.5999181
4194.8357,6.7071999
4196.0447,6.5242829
4197.2538,6.9923437
4198.4631,7.2172647
4199.6726,7.1206143
4200.8823,7.5965104
4202.0921,7.4606392
4203.3021,7.1914319
4204.5123,6.8359476
4205.7227,6.90399
4206.9332,7.3328142
4208.1439,8.0518317
4209.3548,7.6414349
4210.5659,8.0624081
4211.7771,8.906908
4212.9885,9.2965033
4214.2001,9.9606058
4215.4118,10.271765
4216.6237,9.5476265
4217.8358,9.5450544
4219.0481,10.46797
4220.2606,11.288922
4221.4732,10.862813
4222.686,10.970034
4223.899,11.438037
4225.1121,11.702116
4226.3254,12.789722
4227.5389,13.351835
4228.7526,14.572768
4229.9664,15.213307
4231.1804,15.822471
4232.3946,17.749279
4233.609,18.381967
4234.8235,19.547986
4236.0382,20.972826
4237.2531,21.958447
4238.4682,22.998968
4239.6834,24.902231
4240.8988,26.32706
4242.1144,28.38718
4243.3302,28.964945
4244.5461,28.687806
4245.7622,30.230271
4246.9785,29.83548
4248.195,29.307352
4249.4116,29.438045
4250.6284,29.074618
4251.8454,27.370011
4253.0625,25.469324
4254.2798,24.180399
4255.4973,24.311079
4256.715,23.265285
4257.9329,22.61949
4259.1509,21.338397
4260.3691,18.872988
4261.5875,17.576204
4262.806,15.777456
4264.0247,15.257138
4265.2436,13.874071
4266.4627,13.541982
4267.6819,13.743224
4268.9013,11.967993
4270.1209,12.098641
4271.3407,11.523405
4272.5606,10.556009
4273.7807,10.66312
4275.001,9.9231699
4276.2215,9.3322366
4277.4421,9.1962027
4278.6629,8.6758524
4279.8839,8.6339308
4281.1051,8.552791
4282.3264,7.7108642
4283.5479,6.6179544
4284.7696,6.5368067
4285.9915,7.5380093
4287.2135,7.2137191
4288.4357,6.4345243
4289.6581,6.6278758
4290.8806,6.7820091
4292.1033,7.1086888
4293.3262,6.6902678
4294.5493,6.5620403
4295.7726,6.5671435
4296.996,6.3369499
4298.2196,6.3106753
4299.4434,7.084398
4300.6673,6.3757652
4301.8914,7.0318357
4303.1157,7.3898643
4304.3402,6.3282824
4305.5648,6.2941489
4306.7896,6.4639344
4308.0146,6.2180309
4309.2398,5.7054582
4310.4651,6.4713142
4311.6906,6.8528538
4312.9163,6.6069399
4314.1422,6.9257292
4315.3682,6.7033394
4316.5944,6.9907509
4317.8208,7.4585519
4319.0474,6.4126249
4320.2741,6.4490481
4321.501,7.0580178
4322.7281,6.8120828
4323.9553,6.1190864
4325.1828,5.4339305
4326.4104,5.658576
4327.6382,5.6792972
4328.8661,6.5235452
4330.0942,6.3560259
4331.3225,5.6787
4332.551,5.8092147
4333.7797,6.0652169
4335.0085,6.0388636
4336.2375,5.8164292
4337.4666,5.2724236
4338.696,5.285278
4339.9255,5.305973
4341.1552,4.9737242
4342.3851,4.8924532
4343.6151,5.1092187
4344.8453,5.059315
4346.0757,4.8839184
4347.3063,4.4340094
4348.537,4.8939017
4349.7679,4.2871248
4350.999,3.6097569
4352.2303,2.7990531
4353.4617,3.3138369
4354.6933,3.3188141
4355.9251,3.1041809
4357.1571,3.0071921
4358.3892,3.7807889
4359.6215,3.0014419
4360.854,2.8966021
4362.0866,2.9094067
4363.3195,3.0320126
4364.5525,3.044812
4365.7856,2.500746
4367.019,2.9919715
4368.2525,3.3420179
4369.4862,3.0881402
4370.7201,2.5597499
4371.9541,3.11371
4373.1884,2.8519812
4374.4228,2.5275047
4375.6573,2.5559668
4376.8921,1.9883477
4378.127,2.4168045
4379.3621,2.860945
4380.5974,2.5913573
4381.8328,1.9452964
4383.0684,2.0913898
4384.3042,2.0492452
4385.5402,2.3286666
4386.7763,2.4904384
4388.0126,2.2678938
4389.2491,2.6022093
4390.4858,2.8973065
4391.7226,2.6433815
4392.9596,2.6639637
4394.1968,2.386504
4395.4342,1.6306103
4396.6717,1.7923611
4397.9094,2.0325406
4399.1473,2.2727175
4400.3853,2.2540682
4401.6236,2.3922791
4402.862,1.597154
4404.1005,1.6177125
4405.3393,1.8186606
4406.5782,1.6509786
4407.8173,1.6323136
4409.0566,2.2959989
4410.296,2.2224267
4411.5357,1.6939499
4412.7754,1.9027254
4414.0154,1.64091
4415.2556,1.606543
4416.4959,1.2741341
4417.7364,1.2946638
4418.977,1.2446026
4420.2179,0.66120551
4421.4589,0.9719234
4422.7001,0.98459945
4423.9415,0.41688073
4425.183,0.14719859
4426.4247,0.58339619
4427.6666,0.69017939
4428.9086,0.25578351
4430.1509,-0.28057579
4431.3933,-0.44831026
4432.6359,0.39571735
4433.8786,0.29856587
4435.1216,-0.61427451
4436.3647,-0.040972624
4437.6079,-0.0088460047
4438.8514,-0.37671818
4440.095,-0.33674601
4441.3388,-0.48500794
4442.5828,-0.29601376
4443.827,0.089060063
4445.0713,0.33295861
4446.3158,-0.27020045
4447.5605,-0.33218184
4448.8053,-0.22161301
4450.0503,0.014447223
4451.2955,-0.2671384
4452.5409,-0.10950713
4453.7864,0.14224299
4455.0322,0.50379824
4456.2781,0.26143312
4457.5241,0.63867705
4458.7704,0.56102023
4460.0168,-0.21467461
4461.2634,1.1115925
4462.5101,0.52413541
4463.7571,0.79158144
4465.0042,0.90216593
4466.2515,0.087261433
4467.4989,-0.076661471
4468.7466,0.22216193
4469.9944,0.50530026
4471.2423,0.77275352
4472.4905,0.89903151
4473.7388,0.53119306
4474.9873,0.18688522
4476.236,0.96414722
4477.4849,0.76886141
4478.7339,0.77749836
4479.9831,1.6331953
4481.2325,2.0653641
4482.482,1.5485145
4483.7318,1.0081367
4484.9817,0.95403455
4486.2317,1.6999336
4487.482,1.6379908
4488.7324,1.9760491
4489.983,1.1141087
4491.2338,0.86393417
4492.4847,1.4059177
4493.7358,1.3910397
4494.9871,0.42714331
4496.2386,0.96913046
4497.4902,1.8875894
4498.742,1.4256574
4499.994,1.5049031
4501.2462,1.5606205
4502.4985,0.70653527
4503.751,0.6053924
4505.0037,0.90425073
4506.2566,1.2580122
4507.5096,1.4235396
4508.7628,0.89102902
4510.0162,1.1898922
4511.2698,0.93189377
4512.5235,0.21899463
4513.7774,0.38452805
4515.0315,0.910847
4516.2857,0.9430495
4517.5402,1.3281944
4518.7948,0.99961498
4520.0496,0.48280149
4521.3045,0.56991078
4522.5596,0.28055067
4523.8149,0.47746629
4525.0704,1.011638
4526.326,1.0124776
4527.5819,1.0446909
4528.8379,1.6023957
4530.094,1.893435
4531.3504,1.3060441
4532.6069,1.5264975
4533.8636,1.4567561
4535.1205,1.7870159
4536.3775,1.1055122
4537.6347,1.0985195
4538.8921,1.9934888
4540.1497,1.7512044
4541.4074,2.0422545
4542.6653,2.0823254
4543.9234,1.8008289
4545.1817,1.7075689
4546.4401,2.1084278
4547.6987,2.7132094
4548.9575,2.502306
4550.2164,2.1972861
4551.4756,2.8883459
4552.7349,2.3009755
4553.9944,2.0587043
4555.254,2.1066304
4556.5138,2.7192636
4557.7738,2.3750353
4559.034,2.4543376
4560.2944,3.5689352
4561.5549,3.5776516
4562.8156,3.7902909
4564.0765,2.9990097
4565.3375,3.0077298
4566.5987,3.9890001
4567.8601,4.3820363
4569.1217,4.508407
4570.3834,4.1563476
4571.6454,4.5180149
4572.9075,5.0365461
4574.1697,4.7707648
4575.4322,5.09322
4576.6948,5.8392058
4577.9576,5.5603562
4579.2205,5.8331418
4580.4837,6.4823992
4581.747,7.0898277
4583.0105,7.0933359
4584.2741,7.0576296
4585.538,7.2912055
4586.802,7.637201
4588.0661,8.0799296
4589.3305,8.3710255
4590.595,9.0412076
4591.8597,9.6094301
4593.1246,9.9632747
4594.3897,10.189016
4595.6549,10.626523
4596.9203,11.440502
4598.1859,12.220495
4599.4516,12.835784
4600.7176,13.641923
4601.9837,14.461136
4603.2499,15.157474
4604.5164,15.859041
4605.783,16.822048
4607.0498,17.748455
4608.3168,18.62519
4609.5839,19.656175
4610.8512,20.619186
4612.1187,21.190043
4613.3864,21.753057
4614.6542,23.071628
4615.9222,24.894775
4617.1904,26.495701
4618.4588,27.709701
4619.7273,28.685793
4620.996,30.19522
4622.2649,32.088961
4623.534,34.259828
4624.8032,35.82416
4626.0726,37.325749
4627.3422,38.754136
4628.612,40.355073
4629.8819,41.657972
4631.152,43.010545
4632.4223,44.838937
4633.6927,46.902624
4634.9634,49.408143
4636.2342,51.283597
4637.5051,52.973431
4638.7763,54.739084
4640.0476,56.666829
4641.3191,58.581504
4642.5908,59.983762
4643.8626,61.830465
4645.1346,64.132071
4646.4068,66.318646
4647.6792,67.974503
4648.9518,68.699643
4650.2245,69.362038
4651.4974,69.823128
4652.7704,70.527356
4654.0437,70.889102
4655.3171,71.109672
4656.5907,71.118479
4657.8644,71.137744
4659.1384,71.227599
4660.4125,71.249481
4661.6868,71.16679
4662.9612,71.125929
4664.2359,71.15043
4665.5107,71.117415
4666.7857,71.08963
4668.0608,71.069689
4669.3361,71.120338
4670.6116,71.050727
4671.8873,70.897457
4673.1632,70.707586
4674.4392,70.475887
4675.7154,70.314777
4676.9918,70.153669
4678.2683,69.950731
4679.5451,69.355638
4680.822,68.655971
4682.099,67.490946
4683.3763,66.584745
4684.6537,65.498154
4685.9313,64.343589
4687.2091,62.857
4688.487,61.142961
4689.7651,59.475983
4691.0434,57.398547
4692.3219,55.50412
4693.6005,54.059367
4694.8793,52.562327
4696.1583,50.87444
4697.4375,49.129036
4698.7168,48.12089
4699.9963,46.997711
4701.276,45.552965
4702.5559,44.170966
4703.8359,43.267399
4705.1161,42.591284
4706.3965,41.316478
4707.6771,40.480888
4708.9578,39.799548
4710.2387,39.89468
4711.5198,39.916611
4712.801,39.253575
4714.0825,38.504266
4715.3641,37.80986
4716.6458,38.051404
4717.9278,38.557
4719.2099,38.858676
4720.4922,38.674079
4721.7747,38.157457
4723.0573,37.917961
4724.3401,37.811799
4725.6231,37.595834
4726.9063,37.322354
4728.1897,37.511621
4729.4732,38.07213
4730.7569,38.331987
4732.0407,38.427139
4733.3248,38.433404
4734.609,38.431827
4735.8934,38.49561
4737.1779,38.948937
4738.4627,39.564357
4739.7476,39.915726
4741.0327,39.86971
4742.3179,39.577944
4743.6034,39.563303
4744.889,39.174808
4746.1747,38.84383
4747.4607,38.2488
4748.7468,37.852465
4750.0331,37.576392
4751.3196,36.887249
4752.6063,36.064774
4753.8931,35.116809
4755.1801,34.80414
4756.4673,34.564675
4757.7546,33.849394
4759.0421,32.830846
4760.3298,31.984848
4761.6177,31.499636
4762.9058,30.820961
4764.194,29.854706
4765.4824,29.06623
4766.7709,28.481676
4768.0597,27.80562
4769.3486,27.375317
4770.6377,26.866584
4771.927,26.689879
4773.2164,26.191605
4774.506,25.442353
4775.7958,25.095716
4777.0858,24.989604
4778.3759,25.233819
4779.6662,24.921173
4780.9567,24.475194
4782.2474,24.008302
4783.5382,23.716575
4784.8292,23.430077
4786.1204,23.159267
4787.4117,22.791726
4788.7033,22.403271
4789.995,22.40436
4791.2869,22.528326
4792.5789,22.662751
4793.8711,22.418092
4795.1635,22.050558
4796.4561,21.824202
4797.7489,21.676279
4799.0418,21.580644
4800.3349,21.189586
4801.6282,21.224672
4802.9216,21.019237
4804.2152,20.704
4805.509,20.218828
4806.803,20.183332
4808.0971,20.409274
4809.3914,20.232603
4810.6859,20.228483
4811.9806,20.336782
4813.2754,20.649003
4814.5705,20.244886
4815.8656,20.057764
4817.161,19.959532
4818.4565,20.018164
4819.7523,19.752614
4821.0481,19.667457
4822.3442,19.749622
4823.6404,20.05401
4824.9368,20.164935
4826.2334,20.32815
4827.5302,20.420777
4828.8271,20.319941
4830.1242,20.106688
4831.4215,19.953567
4832.7189,20.129859
4834.0166,20.470858
4835.3144,20.649767
4836.6123,20.648285
4837.9105,20.725236
4839.2088,20.689769
4840.5073,20.492212
4841.806,19.871127
4843.1048,19.702331
4844.4038,19.706085
4845.703,20.052323
4847.0024,19.904446
4848.302,19.505589
4849.6017,19.64791
4850.9016,19.811147
4852.2016,20.068503
4853.5019,19.904945
4854.8023,19.537466
4856.1029,19.470643
4857.4036,18.993363
4858.7046,18.882097
4860.0057,18.475408
4861.307,18.38506
4862.6084,18.490792
4863.9101,18.46842
4865.2119,18.393762
4866.5138,17.827601
4867.816,17.415691
4869.1183,17.262605
4870.4208,17.389258
4871.7235,17.610031
4873.0264,17.383746
4874.3294,17.021515
4875.6326,16.570396
4876.936,16.357186
4878.2395,16.214566
4879.5432,16.194823
4880.8471,15.999918
4882.1512,15.77887
4883.4555,15.414033
4884.7599,15.106713
4886.0645,14.990244
4887.3692,15.046325
4888.6742,15.274956
4889.9793,15.380713
4891.2846,15.065556
4892.5901,14.617067
4893.8957,14.247011
4895.2015,14.222053
4896.5075,14.387947
4897.8137,14.480639
4899.12,14.400783
4900.4265,14.271256
4901.7332,14.024082
4903.04,14.030505
4904.3471,14.026471
4905.6543,14.061654
4906.9617,14.104681
4908.2692,13.993462
4909.577,13.900544
4910.8849,13.674294
4912.1929,13.748698
4913.5012,13.857091
4914.8096,13.881825
4916.1182,13.676495
4917.427,13.614957
4918.7359,13.584793
4920.0451,13.510185
4921.3544,13.291788
4922.6638,12.984503
4923.9735,12.980487
4925.2833,13.007845
4926.5933,12.988145
4927.9035,12.620734
4929.2138,12.519991
4930.5243,12.725132
4931.835,12.893672
4933.1459,12.798162
4934.4569,12.537947
4935.7681,12.293419
4937.0795,12.260657
4938.3911,12.342929
4939.7028,12.47749
4941.0147,12.193751
4942.3268,12.085177
4943.6391,11.843271
4944.9515,11.896791
4946.2641,11.74639
4947.5769,11.72671
4948.8898,11.633828
4950.203,11.554019
4951.5163,11.570944
4952.8298,11.501595
4954.1434,11.484535
4955.4572,11.527607
4956.7712,11.649112
4958.0854,11.618983
4959.3998,11.408464
4960.7143,11.278992
4962.029,11.086776
4963.3438,11.095868
4964.6589,10.961171
4965.9741,10.93105
4967.2895,10.940145
4968.6051,10.800223
4969.9208,10.827622
4971.2367,10.84195
4972.5528,10.95824
4973.8691,11.053617
4975.1855,10.780367
4976.5021,10.839144
4977.8189,10.803805
4979.1359,10.956703
4980.453,10.916138
4981.7703,10.755312
4983.0878,10.835011
4984.4055,10.993142
4985.7233,10.98134
4987.0413,10.83882
4988.3595,10.599569
4989.6779,10.700188
4990.9964,10.740678
4992.3151,10.694895
4993.634,10.787675
4994.953,10.8883
4996.2722,10.996769
4997.5916,10.948376
4998.9112,10.970572
5000.231,11.204535
5001.5509,11.310394
5002.871,11.217562
5004.1913,11.095972
5005.5117,11.160005
5006.8323,11.224039
5008.1531,11.183499
5009.4741,11.038385
5010.7952,10.948174
5012.1165,10.865808
5013.438,10.576907
5014.7597,10.638334
5016.0815,10.608258
5017.4036,10.708903
5018.7257,10.417393
5020.0481,10.220001
5021.3706,10.145486
5022.6933,10.348096
5024.0162,10.229139
5025.3393,9.9036478
5026.6625,9.5284841
5027.9859,9.459204
5029.3095,9.7036506
5030.6333,9.7860069
5031.9572,9.7690181
5033.2813,9.4383049
5034.6056,8.9899458
5035.93,8.7193658
5037.2547,8.7886562
5038.5795,8.983438
5039.9044,9.0344302
5041.2296,9.1011099
5042.5549,9.0213855
5043.8804,8.8240153
5045.2061,8.6188032
5046.5319,8.4998667
5047.8579,8.6580557
5049.1841,8.5783374
5050.5105,8.4045026
5051.837,8.2254402
5053.1638,8.1378824
5054.4906,8.1261427
5055.8177,8.0595023
5057.1449,7.8804448
5058.4724,7.7902774
5059.7999,7.6269085
5061.1277,7.6387043
5062.4556,7.6478869
5063.7838,7.769489
5065.112,7.7917459
5066.4405,7.6911282
5067.7691,7.5016228
5069.0979,7.3879356
5070.4269,7.3343803
5071.7561,7.3304994
5073.0854,7.1043976
5074.4149,7.1162054
5075.7446,7.2535046
5077.0744,7.3594325
5078.4045,7.4183027
5079.7347,7.2235794
5081.065,7.1229749
5082.3956,6.9779272
5083.7263,6.8982402
5085.0572,6.8734564
5086.3883,6.8068437
5087.7195,6.7689903
5089.0509,6.7677395
5090.3825,6.677601
5091.7143,6.6319081
5093.0462,6.7038635
5094.3784,6.8228789
5095.7106,6.8216341
5097.0431,6.7498023
5098.3757,6.7093442
5099.7086,6.5486259
5101.0415,6.5473859
5102.3747,6.4964739
5103.708,6.6913148
5105.0416,6.5672026
5106.3752,6.3960328
5107.7091,6.2849949
5109.0431,6.2706902
5110.3773,6.2380861
5111.7117,6.2577708
5113.0463,6.2460841
5114.381,6.2971438
5115.7159,6.2410151
5117.051,6.2397895
5118.3862,6.2202645
5119.7217,6.216427
5121.0573,6.1942901
5122.393,6.2192132
5123.729,6.0428302
5125.0651,5.8167753
5126.4014,5.7946432
5127.7379,5.9189175
5129.0745,5.9804479
5130.4113,5.9818488
5131.7483,5.8839045
5133.0855,5.7493601
5134.4228,5.6566469
5135.7604,5.5404056
5137.098,5.6202438
5138.4359,5.3915866
5139.7739,5.18646
5141.1122,5.0885241
5142.4505,5.118694
5143.7891,5.4050743
5145.1278,5.5685799
5146.4667,5.4706488
5147.8058,5.2890588
5149.1451,5.0525681
5150.4845,5.0905884
5151.8241,5.0449497
5153.1639,5.0489854
5154.5039,5.0660943
5155.844,5.0204592
5157.1843,4.9931261
5158.5248,4.9762516
5159.8654,4.943692
5161.2062,4.9425063
5162.5472,4.9282498
5163.8884,5.0185697
5165.2298,4.9938581
5166.5713,4.9403895
5167.913,4.8921509
5169.2549,4.8360704
5170.5969,4.7146316
5171.9391,4.6663967
5173.2815,4.7096662
5174.6241,4.7869238
5175.9668,4.8328101
5177.3097,4.7871943
5178.6528,4.7520372
5179.9961,4.6802801
5181.3395,4.6869555
5182.6831,4.6335014
5184.0269,4.3238394
5185.3709,4.1736557
5186.715,3.9737999
5188.0593,3.90205
5189.4038,3.6446804
5190.7485,3.7899263
5192.0933,3.9900754
5193.4383,4.054278
5194.7835,3.8910308
5196.1289,3.9186345
5197.4744,3.9854551
5198.8201,4.0627344
5200.166,3.9413221
5201.512,3.8643555
5202.8582,3.7847757
5204.2046,3.7130402
5205.5512,3.7746393
5206.898,3.6689193
5208.2449,3.6782332
5209.592,3.7581365
5210.9392,3.7700672
5212.2867,3.7244827
5213.6343,3.4697491
5214.9821,3.5836442
5216.3301,3.5119196
5217.6782,3.4245099
5219.0265,3.2821994
5220.375,3.3307398
5221.7237,3.5387585
5223.0725,3.6134452
5224.4215,3.6907474
5225.7707,3.6687044
5227.1201,3.6623488
5228.4696,3.5409618
5229.8193,3.4875499
5231.1692,3.3478647
5232.5193,3.3702721
5233.8695,3.2253605
5235.2199,3.1222802
5236.5705,3.129005
5237.9212,3.2795219
5239.2722,3.3882099
5240.6233,3.3086638
5241.9745,3.2631058
5243.326,3.3325817
5244.6776,3.3863726
5246.0294,3.2780731
5247.3814,3.3240233
5248.7335,3.3412164
5250.0859,3.3270382
5251.4384,3.1769135
5252.791,3.0450907
5254.1439,3.1982364
5255.4969,3.2468081
5256.8501,3.2430935
5258.2035,3.1504912
5259.557,3.0134456
5260.9107,3.0646365
5262.2646,3.0922992
5263.6187,3.0624468
5264.9729,3.0404387
5266.3273,2.8563404
5267.6819,2.925838
5269.0367,2.8907616
5270.3916,2.9367322
5271.7467,2.9016583
5273.102,2.8639712
5274.4574,2.9596186
5275.8131,3.0029796
5277.1689,2.9103942
5278.5249,2.7968949
5279.881,2.6833968
5281.2373,2.6875469
5282.5939,2.6916983
5283.9505,2.7063084
5285.3074,2.7993511
5286.6644,2.7852054
5288.0216,2.7004727
5289.379,2.5895975
5290.7365,2.5832985
5292.0942,2.6946479
5293.4521,2.7014233
5294.8102,2.4546051
5296.1685,2.2496182
5297.5269,2.282541
5298.8855,2.3337657
5300.2442,2.3980634
5301.6032,2.3943885
5302.9623,2.4613031
5304.3216,2.5308332
5305.681,2.3990573
5307.0407,2.3614003
5308.4005,2.3211301
5309.7605,2.2991618
5311.1206,2.4575869
5312.481,2.3545752
5313.8415,2.246336
5315.2022,2.0413659
5316.563,2.0063317
5317.9241,2.0967889
5319.2853,2.0042408
5320.6466,1.9927396
5322.0082,1.9838541
5323.3699,1.9618978
5324.7318,1.8876551
5326.0939,1.7140673
5327.4562,1.7051865
5328.8186,1.7878102
5330.1812,1.8312194
5331.544,1.9635187
5332.9069,2.0958192
5334.27,2.4660295
5335.6333,2.6114043
5336.9968,2.5920744
5338.3604,2.5361445
5339.7242,2.4122419
5341.0882,2.5994516
5342.4524,2.6820873
5343.8167,2.7255086
5345.1813,2.748016
5346.546,2.5979757
5347.9108,2.6440149
5349.2759,2.6691403
5350.6411,2.6550513
5352.0065,2.7115517
5353.372,2.4909291
5354.7377,2.479458
5356.1037,2.384328
5357.4697,2.2708986
5358.836,2.1783854
5360.2024,2.1041741
5361.569,2.168526
5362.9358,2.1701341
5364.3028,2.114227
5365.6699,2.0452493
5367.0372,2.0494753
5368.4047,1.9595849
5369.7723,1.8121794
5371.1401,1.6726182
5372.5081,1.5121432
5373.8763,1.479774
5375.2447,1.4996936
5376.6132,1.6529477
5377.9819,1.7356147
5379.3508,1.5280869
5380.7198,1.3571616
5382.089,1.2071526
5383.4584,1.2558375
5384.828,1.3594256
5386.1977,1.235564
5387.5676,1.1692199
5388.9377,1.1316351
5390.308,1.2012411
5391.6784,1.2603908
5393.049,1.0371888
5394.4198,0.9211775
5395.7908,0.90451382
5397.1619,1.057786
5398.5332,1.2398175
5399.9047,1.1421117
5401.2764,0.99734826
5402.6482,0.91010237
5404.0202,0.95619101
5405.3924,1.1146992
5406.7647,1.0065418
5408.1373,0.93237267
5409.51,0.67519815
5410.8828,0.49645622
5412.2559,0.3412449
5413.6291,0.3585838
5415.0025,0.49618535
5416.3761,0.57627176
5417.7498,0.58838552
5419.1238,0.5116116
5420.4978,0.47144019
5421.8721,0.47048567
5423.2466,0.45384607
5424.6212,0.46596586
5425.996,0.55128946
5427.3709,0.50066655
5428.7461,0.35331283
5430.1214,0.2190322
5431.4969,0.21808611
5432.8725,0.24589939
5434.2484,0.21096878
5435.6244,0.34597402
5437.0006,0.36594778
5438.3769,0.30487699
5439.7535,0.10001656
5441.1302,0.088621387
5442.5071,0.13212938
5443.8841,0.12335099
5445.2614,-0.0030732508
5446.6388,-0.098123738
5448.0163,-0.041539034
5449.3941,-0.018940054
5450.772,0.029803922
5452.1501,-0.0055547415
5453.5284,0.024449534
5454.9069,-0.060575408
5456.2855,-0.056708001
5457.6643,-0.11819661
5459.0432,0.026854193
5460.4224,-0.00064056297
5461.8017,0.0058550703
5463.1812,-0.063462828
5464.5609,-0.077875305
5465.9407,0.08287908
5467.3207,0.097231696
5468.7009,0.11420215
5470.0813,0.023986531
5471.4618,-0.063611252
5472.8426,0.12068985
5474.2234,0.14551729
5475.6045,0.12067499
5476.9857,-0.12115731
5478.3672,-0.25579661
5479.7487,-0.13683767
5481.1305,-0.21133933
5482.5124,-0.12374602
5483.8945,-0.11458062
5485.2768,-0.092339869
5486.6593,-0.064983
5488.0419,-0.15265602
5489.4247,-0.073005995
5490.8077,-0.001196317
5492.1909,0.10721746
5493.5742,0.26530722
5494.9577,0.12274618
5496.3414,0.035089884
5497.7252,-0.081321791
5499.1092,-0.014724142
5500.4934,0.038804399
5501.8778,-0.0017819184
5503.2623,-0.039751069
5504.6471,-0.19275011
5506.032,-0.23071368
5507.417,-0.1902431
5508.8023,-0.094867763
5510.1877,-0.093607286
5511.5733,-0.15508912
5512.9591,-0.088463589
5514.345,-0.0061489968
5515.7311,0.042181456
5517.1174,0.014697703
5518.5039,0.065648111
5519.8905,0.08
5521.2773,0.14039898
5522.6643,0.14851305
5524.0515,0.059897742
5525.4388,-0.067930586
5526.8263,-0.078109196
5528.214,0.065963222
5529.6018,0.079319346
5530.9899,0.0064036208
5532.3781,-0.022064999
5533.7664,0.14816185
5535.155,0.19290117
5536.5437,0.13829674
5537.9326,0.13336817
5539.3217,0.20948802
5540.711,0.20979353
5542.1004,0.087225892
5543.49,-0.048410984
5544.8798,-0.053326246
5546.2697,-0.068696364
5547.6598,0.020511343
5549.0501,-0.041912277
5550.4406,-0.038973759
5551.8312,-0.24256853
5553.222,-0.22132403
5554.613,-0.18439061
5556.0042,0.032937639
5557.3955,0.17183717
5558.7871,0.067602113
5560.1787,0.083631152
5561.5706,0.07351906
5562.9626,0.2045861
5564.3549,0.14480613
5565.7472,0.037969991
5567.1398,-0.071477863
5568.5325,-0.17046554
5569.9254,-0.14657474
5571.3185,-0.05993618
5572.7118,-0.0046675092
5574.1052,0.047989443
5575.4988,0.069276508
5576.8926,-0.027080826
5578.2866,-0.20448125
5579.6807,-0.24070254
5581.075,-0.12267281
5582.4695,0.08947723
5583.8641,0.055878298
5585.2589,0.051040196
5586.6539,-0.013925964
5588.0491,0.077973282
5589.4444,0.15418891
5590.84,0.15981897
5592.2357,0.1889811
5593.6315,0.16847269
5595.0276,0.16365321
5596.4238,0.096091299
5597.8202,-0.0080692615
5599.2167,0.0080342765
5600.6135,0.016297338
5602.0104,0.092536916
5603.4075,0.12172033
5604.8048,0.0045011795
5606.2022,-0.065656489
5607.5998,-0.13842588
5608.9976,-0.098774301
5610.3955,-0.059120065
5611.7937,-0.12926709
5613.192,-0.10006505
5614.5905,-0.22772309
5615.9891,-0.20897325
5617.388,-0.21897891
5618.787,-0.17669433
5620.1861,-0.14486461
5621.5855,-0.13133288
5622.985,-0.083811561
5624.3847,-0.025830065
5625.7846,0.15040578
5627.1846,0.32925841
5628.5849,0.35386508
5629.9853,0.18239574
5631.3858,0.047530112
5632.7866,0.2002486
5634.1875,0.25362308
5635.5886,0.21549671
5636.9899,-0.050078224
5638.3913,-0.11695794
5639.7929,-0.050501915
5641.1947,0.073472861
5642.5967,0.13209057
5643.9988,0.16979566
5645.4011,0.20750316
5646.8036,0.23475555
5648.2063,0.26985349
5649.6091,0.22652247
5651.0121,0.19626576
5652.4153,0.21307028
5653.8187,0.18281838
5655.2222,0.17348393
5656.6259,0.085720521
5658.0298,0.055475859
5659.4339,0.0069329547
5660.8381,-0.0023918531
5662.2425,-0.1424332
5663.6471,-0.27201463
5665.0518,-0.27871783
5666.4568,-0.12071273
5667.8619,0.076510464
5669.2671,0.030598812
5670.6726,-0.030996703
5672.0782,-0.02723033
5673.484,0.044512309
5674.89,0.17115932
5676.2961,0.07297214
5677.7024,-0.027827008
5679.1089,-0.044963615
5680.5156,0.00064728706
5681.9225,0.095933802
5683.3295,0.065732532
5684.7367,-0.01675391
5686.144,0.015794739
5687.5516,-0.092830672
5688.9593,-0.041976549
5690.3672,-0.15321152
5691.7752,0.054510172
5693.1835,0.073998979
5694.5919,0.15623529
5696.0005,0.059513136
5697.4092,0.10658345
5698.8182,0.051694589
5700.2273,0.038637415
5701.6365,0.033424996
5703.046,-0.058060315
5704.4556,-0.19398845
5705.8654,-0.3639019
5707.2754,-0.30113399
5708.6856,-0.1468612
5710.0959,0.085844586
5711.5064,0.1041729
5712.9171,-0.073575594
5714.3279,-0.29315254
5715.7389,-0.18854486
5717.1501,-0.023804842
5718.5615,0.10172111
5719.9731,0.028555861
5721.3848,0.036437986
5722.7967,0.12013872
5724.2087,0.10710905
5725.621,0.086237857
5727.0334,-0.054893155
5728.446,-0.026087909
5729.8588,-0.091398693
5731.2717,-0.18021663
5732.6848,-0.30824896
5734.0981,-0.24281593
5735.5116,0.057912508
5736.9252,0.24099519
5738.339,0.27244518
5739.753,0.14441934
5741.1672,0.08175428
5742.5815,-0.0044388946
5743.996,0.045316941
5745.4107,-0.0095010889
5746.8255,-0.027716514
5748.2406,-0.087760706
5749.6558,-0.069372227
5751.0711,-0.10065565
5752.4867,-0.069192684
5753.9024,-0.0037414881
5755.3183,0.10876983
5756.7344,0.095792248
5758.1506,0.061900933
5759.5671,0.030625294
5760.9837,0.12745553
5762.4004,0.022979872
5763.8174,-0.063193833
5765.2345,-0.09446428
5766.6518,0.0206718
5768.0693,0.15149545
5769.4869,0.039183148
5770.9047,0.14909436
5772.3227,0.12828792
5773.7409,0.026437029
5775.1592,-0.070183809
5776.5777,-0.18248962
5777.9964,-0.10917323
5779.4153,-0.009711738
5780.8343,0.19171183
5782.2535,0.20228703
5783.6729,0.10567398
5785.0925,0.040434772
5786.5122,0.19480471
5787.9321,0.3178034
5789.3522,0.31008443
5790.7725,0.21086349
5792.1929,0.15608829
5793.6135,0.28954969
5795.0343,0.37333918
5796.4552,0.51726068
5797.8763,0.53830767
5799.2976,0.56458471
5800.7191,0.43138593
5802.1408,0.40014923
5803.5626,0.5231622
5804.9846,0.69584966
5806.4068,0.8842247
5807.8291,0.93142456
5809.2516,0.91849501
5810.6743,0.67027263
5812.0972,0.4168228
5813.5202,0.44049844
5814.9434,0.50339107
5816.3668,0.51661179
5817.7904,0.43310179
5819.2141,0.3469787
5820.6381,0.42033404
5822.0621,0.31329852
5823.4864,0.47031658
5824.9108,0.56720523
5826.3355,0.57782066
5827.7602,0.53353543
5829.1852,0.54415345
5830.6103,0.70117801
5832.0356,0.60983785
5833.4611,0.44529637
5834.8868,0.29382808
5836.3126,0.35674018
5837.7386,0.29939214
5839.1648,0.35184932
5840.5911,0.42783721
5842.0177,0.53519894
5843.4444,0.47524171
5844.8712,0.46495898
5846.2983,0.62722657
5847.7255,0.62478958
5849.1529,0.51254996
5850.5805,0.35063844
5852.0082,0.4397086
5853.4361,0.47387811
5854.8642,0.29366982
5856.2925,0.13960663
5857.7209,0.024760419
5859.1496,0.223641
5860.5784,0.33363398
5862.0073,0.4017982
5863.4365,0.43336241
5864.8658,0.25839198
5866.2953,0.27950127
5867.7249,0.23525238
5869.1548,0.28512243
5870.5848,0.28793496
5872.015,0.058069053
5873.4453,0.11578614
5874.8758,0.097687532
5876.3065,0.29919806
5877.7374,0.21051382
5879.1685,0.05647139
5880.5997,0.085436797
5882.0311,0.19806363
5883.4627,0.31330615
5884.8944,0.36319048
5886.3264,0.32157284
5887.7585,0.2799565
5889.1908,0.16513885
5890.6232,0.10522445
5892.0558,0.10544207
5893.4886,0.061216549
5894.9216,0.15032565
5896.3547,0.17669096
5897.7881,0.095868021
5899.2215,0.0098176217
5900.6552,-0.037015793
5902.0891,0.05732856
5903.5231,0.078471597
5904.9573,0.034256455
5906.3916,0.068473984
5907.8262,-0.096
5909.2609,-0.010338004
5910.6958,-0.11029573
5912.1308,-0.10567709
5913.5661,-0.093214123
5915.0015,-0.1879395
5916.4371,-0.049983948
5917.8728,-0.040131773
5919.3088,-0.025049645
5920.7449,0.0057199527
5922.1811,-0.10468572
5923.6176,-0.008554259
5925.0542,-0.14510134
5926.491,-0.23197402
5927.928,-0.20119844
5929.3652,-0.0083301691
5930.8025,0.1845393
5932.24,0.23884787
5933.6777,0.20165437
5935.1155,0.23243592
5936.5535,0.12727095
5937.9917,0.092695419
5939.4301,-0.12749984
5940.8686,-0.070569714
5942.3074,-0.011024017
5943.7463,0.19754248
5945.1853,0.33418954
5946.6246,0.20678535
5948.064,0.16827107
5949.5036,0.027797049
5950.9433,-0.029015809
5952.3833,-0.13811522
5953.8234,-0.24982797
5955.2637,-0.24912138
5956.7041,-0.21181246
5958.1448,-0.26339139
5959.5856,-0.17902157
5961.0266,-0.14432393
5962.4677,0.028936847
5963.9091,0.050564667
5965.3506,-0.063754191
5966.7922,-0.052581819
5968.2341,-0.044022793
5969.6761,0.04296864
5971.1183,-0.0190585
5972.5607,-0.14644408
5974.0033,-0.11958027
5975.446,-0.14238862
5976.8889,-0.042320121
5978.332,-0.010224445
5979.7752,-0.082702898
5981.2186,0.051355631
5982.6622,0.18802957
5984.106,0.38222089
5985.5499,0.24961585
5986.9941,0.051652374
5988.4384,0.054997118
5989.8828,0.032199106
5991.3275,0.25253938
5992.7723,0.15654082
5994.2173,0.076229574
5995.6624,-0.066825741
5997.1078,-0.14452054
5998.5533,0.057524249
5999.999,-0.061998551
6001.4448,0.0067149766
6002.8909,-0.010844972
6004.3371,0.09970069
6005.7835,0.05077026
6007.23,-0.029531684
6008.6768,-0.070616908
6010.1237,0.053004785
6011.5707,0.06682359
6013.018,0.070185913
6014.4654,0.01341855
6015.913,0.04815549
6017.3608,0.085507843
6018.8088,0.081031164
6020.2569,0.11577121
6021.7052,0.066852151
6023.1537,0.1591106
6024.6023,0.081435443
6026.0511,0.097878967
6027.5001,0.059421565
6028.9493,0.22750114
6030.3986,0.28316346
6031.8482,0.20287909
6033.2979,0.052007523
6034.7477,-0.093634253
6036.1978,-0.024895909
6037.648,0.033385953
6039.0984,0.17532898
6040.5489,0.12642337
6041.9997,0.13764951
6043.4506,0.18809237
6044.9017,0.21762123
6046.3529,0.20532106
6047.8044,0.044002314
6049.256,0.050004866
6050.7078,-0.019808541
6052.1597,-0.063477124
6053.6119,-0.13096081
6055.0642,-0.12001243
6056.5166,-0.025403238
6057.9693,-0.048440418
6059.4221,-0.18650959
6060.8751,-0.2226173
6062.3283,-0.31885503
6063.7817,-0.32620319
6065.2352,-0.21067485
6066.6889,0.072174437
6068.1428,0.22169108
6069.5968,0.094084223
6071.051,0.029223152
6072.5054,-0.0094934426
6073.96,0.030222021
6075.4147,-0.016336338
6076.8697,0.012922981
6078.3248,0.03433985
6079.78,0.042685509
6081.2355,0.14776388
6082.6911,0.14042464
6084.1469,0.028510916
6085.6028,-0.11738905
6087.059,-0.14564127
6088.5153,-0.087618287
6089.9718,-0.032209003
6091.4284,0.033658484
6092.8853,0.021095285
6094.3423,0.021604667
6095.7995,0.014271597
6097.2568,0.093213724
6098.7143,0.17215654
6100.1721,0.22495624
6101.6299,0.24376971
6103.088,0.13970804
6104.5462,0.19512419
6106.0046,0.3159005
6107.4632,0.52556638
6108.9219,0.36399112
6110.3809,0.30437733
6111.84,0.2604505
6113.2992,0.29495572
6114.7587,0.37652046
6116.2183,0.3561251
6117.6781,0.47429252
6119.1381,0.54801618
6120.5982,0.52500849
6122.0585,0.55690346
6123.519,0.52343963
6124.9797,0.49259087
6126.4405,0.48265783
6127.9016,0.41259475
6129.3628,0.41050622
6130.8241,0.36920269
6132.2857,0.27299788
6133.7474,0.28921206
6135.2093,0.18255111
6136.6713,0.13602156
6138.1336,0.10779335
6139.596,0.092637725
6141.0585,0.069639647
6142.5213,-0.016102843
6143.9842,0.060246857
6145.4473,0.099995935
6146.9106,0.20771956
6148.3741,0.20041118
6149.8377,0.15388781
6151.3015,0.057691919
6152.7655,0.042542467
6154.2296,0.12674011
6155.694,0.16649399
6157.1585,0.11213091
6158.6231,0.034239099
6160.088,-0.038423263
6161.553,-0.13722873
6163.0182,-0.089628282
6164.4836,0.0024172961
6165.9491,0.17289493
6167.4148,0.23618371
6168.8807,0.32300259
6170.3468,0.4673385
6171.813,0.38683848
6173.2794,0.17823458
6174.746,0.02191895
6176.2128,0.066911193
6177.6797,0.077917194
6179.1469,-0.018265662
6180.6141,-0.06477463
6182.0816,0.063880488
6183.5492,0.16900688
6185.017,0.080669905
6186.485,-0.11224155
6187.9532,-0.19534839
6189.4215,-0.13989246
6190.89,0.048897494
6192.3587,0.036380943
6193.8276,-0.036265641
6195.2966,-0.085382127
6196.7658,0.12693998
6198.2352,0.44645232
6199.7047,0.44178233
6201.1744,0.2671784
6202.6443,0.13701959
6204.1144,0.12189415
6205.5847,0.17474325
6207.0551,0.18576297
6208.5257,0.24645658
6209.9964,0.28100708
6211.4674,0.15085239
6212.9385,0.091286618
6214.4098,0.12583918
6215.8813,0.25973883
6217.3529,0.46161303
6218.8247,0.37852059
6220.2967,0.18039616
6221.7689,0.0084162052
6223.2412,0.056044779
6224.7137,0.30236685
6226.1864,0.24803601
6227.6593,0.12834638
6229.1323,-0.017486352
6230.6055,0.0092306191
6232.0789,0.067320826
6233.5525,-0.068052334
6235.0262,-0.10146402
6236.5001,-0.11657437
6237.9742,0.072237531
6239.4484,0.27412202
6240.9229,0.30868693
6242.3975,0.35371004
6243.8722,0.2157273
6245.3472,0.25552303
6246.8223,0.02080964
6248.2976,-0.077955353
6249.7731,-0.014628156
6251.2487,0.1271311
6252.7246,0.10418516
6254.2006,-0.02594964
6255.6767,0.042609059
6257.1531,0.13731223
6258.6296,0.04900956
6260.1063,-0.10203753
6261.5831,-0.14589438
6263.0602,-0.064260359
6264.5374,0.12194951
6266.0148,0.27155877
6267.4924,0.46299877
6268.9701,0.41391658
6270.448,0.38575012
6271.9261,0.21640787
6273.4044,0.1098114
6274.8828,-0.0098562791
6276.3614,-0.038020002
6277.8402,0.04884964
6279.3191,0.036373564
6280.7983,0.1075583
6282.2776,0.1578287
6283.7571,0.25254422
6285.2367,0.26882906
6286.7165,0.14132373
6288.1965,0.10270798
6289.6767,0.18696873
6291.1571,0.23462886
6292.6376,0.2300021
6294.1183,-0.051748166
6295.5992,-0.18447813
6297.0802,-0.28322049
6298.5614,-0.070851046
6300.0428,0.10491778
6301.5244,0.26761539
6303.0061,0.20809146
6304.4881,0.22177084
6305.9701,0.12826136
6307.4524,0.0059943959
6308.9349,-0.10058561
6310.4175,-0.10258976
6311.9003,0.081027685
6313.3832,0.076410524
6314.8664,0.11362411
6316.3497,0.10377957
6317.8332,0.093935705
6319.3168,0.094550046
6320.8007,-0.0041813323
6322.2847,0.11146706
6323.7688,0.007508296
6325.2532,-0.093835403
6326.7377,-0.30759672
6328.2224,-0.22331813
6329.7073,0.041353301
6331.1924,0.17530646
6332.6776,0.15762632
6334.163,-0.0090727357
6335.6486,-0.086882221
6337.1343,-0.05227272
6338.6203,-0.075178873
6340.1064,-0.058868653
6341.5926,-0.071315918
6343.0791,-0.04454681
6344.5657,0.068497494
6346.0525,0.19461438
6347.5395,0.086966366
6349.0266,0.026377736
6350.5139,-0.065582885
6352.0014,0.038535484
6353.4891,-0.0089795744
6354.9769,-0.15845486
6356.4649,-0.1928969
6357.9531,-0.15936453
6359.4415,-0.016027685
6360.93,0.14822476
6362.4187,0.11117057
6363.9076,0.08980321
6365.3967,0.039678243
6366.8859,0.06014207
6368.3753,0.10413587
6369.8649,0.20564656
6371.3547,0.19996828
6372.8446,0.15246048
6374.3347,0.029136253
6375.825,0.049603432
6377.3154,0.077914308
6378.8061,0.064395677
6380.2969,0.019505056
6381.7878,-0.022770627
6383.279,-0.12256209
6384.7703,-0.076329308
6386.2618,-0.071926076
6387.7535,-0.10935239
6389.2453,-0.023902383
6390.7374,-0.037798261
6392.2296,0.10516912
6393.7219,-0.0080721359
6395.2145,-0.074254053
6396.7072,-0.12997794
6398.2001,-0.22753138
6399.6931,-0.092404564
6401.1864,-0.14028377
6402.6798,0.0053015884
6404.1734,0.085527985
6405.6671,0.18405555
6407.1611,0.20153788
6408.6552,0.059543594
6410.1495,-0.014476319
6411.6439,-0.070195063
6413.1386,-0.068396954
6414.6334,-0.056140814
6416.1284,-0.15368808
6417.6235,-0.16496032
6419.1189,-0.063813753
6420.6144,0.092235294
6422.11,0.29441126
6423.6059,0.10704453
6425.1019,0.10268414
6426.5981,-0.032395414
6428.0945,-0.065514384
6429.591,-0.16660741
6431.0878,-0.27031502
6432.5847,-0.1910163
6434.0817,-0.15354785
6435.579,-0.12653712
6437.0764,0.0024341951
6438.574,-0.017614302
6440.0718,-0.063806794
6441.5697,-0.10215635
6443.0678,-0.10129043
6444.5661,-0.0089214356
6446.0646,-0.0080559168
6447.5632,0.055554497
6449.0621,0.059033988
6450.561,0.18800347
6452.0602,0.39017537
6453.5595,0.32306601
6455.0591,0.16968195
6456.5587,0.12087284
6458.0586,0.23676941
6459.5586,0.45724094
6461.0588,0.4371894
6462.5592,0.24197425
6464.0598,0.036301381
6465.5605,-0.036038358
6467.0614,0.087700132
6468.5625,0.046732536
6470.0637,-0.028222191
6471.5652,-0.045660782
6473.0668,-0.060485197
6474.5686,-0.17465622
6476.0705,-0.25484052
6477.5726,-0.1755479
6479.0749,0.016162823
6480.5774,0.12944197
6482.08,-0.076233342
6483.5829,-0.23223565
6485.0859,-0.1084996
6486.589,-0.060580747
6488.0924,-0.041420267
6489.5959,-0.23663907
6491.0996,-0.13643325
6492.6034,0.016059954
6494.1075,0.071820928
6495.6117,0.088366013
6497.1161,-0.016783484
6498.6207,0.040158153
6500.1254,0.094485042
6501.6303,0.1435828
6503.1354,0.15085013
6504.6406,0.06399944
6506.1461,0.063422891
6507.6517,-0.0155854
6509.1575,-0.013548308
6510.6634,0.072148545
6512.1696,0.016668559
6513.6759,0.034390817
6515.1823,-0.07076311
6516.689,-0.034740937
6518.1958,-0.0039478904
6519.7028,-0.075115998
6521.21,-0.039094931
6522.7173,0.033527073
6524.2249,0.19242322
6525.7326,0.23628631
6527.2404,0.11544316
6528.7485,0.052115972
6530.2567,0.025389725
6531.7651,0.17121213
6533.2737,0.22553089
6534.7824,0.28246367
6536.2913,0.18514771
6537.8004,0.2603804
6539.3097,0.27286763
6540.8191,0.29319762
6542.3287,0.1305207
6543.8385,0.16915061
6545.3485,0.25483897
6546.8586,0.33529821
6548.3689,0.18830609
6549.8794,0.098829946
6551.3901,0.053797876
6552.9009,0.18131446
6554.4119,0.15719668
6555.9231,0.21412429
6557.4345,0.21353519
6558.946,0.2521614
6560.4577,0.23588529
6561.9696,0.23006632
6563.4816,0.26084829
6564.9939,0.37529002
6566.5063,0.46620197
6568.0188,0.57802858
6569.5316,0.68201169
6571.0445,0.72586371
6572.5576,0.65729706
6574.0709,0.45016795
6575.5843,0.23780971
6577.098,0.44898051
6578.6117,0.48498755
6580.1257,0.58373932
6581.6399,0.44981097
6583.1542,0.42045742
6584.6687,0.52443684
6586.1833,0.46371
6587.6982,0.42389783
6589.2132,0.48604607
6590.7284,0.59786715
6592.2437,0.87700812
6593.7593,0.82673695
6595.275,0.78953731
6596.7909,0.80462488
6598.3069,0.76481013
6599.8232,0.95244598
6601.3396,0.98844748
6602.8562,1.0218342
6604.3729,0.8434559
6605.8898,0.83239747
6607.4069,1.0121883
6608.9242,1.0952468
6610.4417,1.0658866
6611.9593,1.0286829
6613.4771,1.1248122
6614.9951,1.2078692
6616.5132,1.2177232
6618.0316,1.1988187
6619.5501,1.2609595
6621.0687,1.4146033
6622.5876,1.6336062
6624.1066,1.6408439
6625.6258,1.5069049
6627.1452,1.4095668
6628.6647,1.469091
6630.1844,1.6096607
6631.7043,1.6770274
6633.2244,1.6842629
6634.7446,1.7071844
6636.265,1.7457918
6637.7856,1.8628302
6639.3064,1.8648355
6640.8273,1.8328536
6642.3484,1.7355118
6643.8697,1.7715029
6645.3912,1.8074937
6646.9128,1.7938109
6648.4346,1.8533304
6649.9566,2.0383397
6651.4787,2.246878
6653.0011,2.5626055
6654.5236,2.687483
6656.0463,2.7339287
6657.5691,2.565995
6659.0921,2.502636
6660.6153,2.5386231
6662.1387,2.6687275
6663.6623,2.7099426
6665.186,2.8478894
6666.7099,2.8185156
6668.234,2.9669191
6669.7582,3.348002
6671.2826,3.6114375
6672.8072,3.7153955
6674.332,3.4245819
6675.8569,3.5233104
6677.382,3.6612542
6678.9073,3.8227271
6680.4328,4.0025003
6681.9584,4.0018809
6683.4843,4.165967
6685.0102,4.4372423
6686.5364,4.8784519
6688.0627,5.2046284
6689.5893,5.175249
6691.1159,5.4517516
6692.6428,5.8642016
6694.1698,6.1145596
6695.697,6.2158977
6697.2244,6.314621
6698.752,6.695697
6700.2797,7.0035699
6701.8076,7.0107888
6703.3357,7.1774846
6704.8639,7.2709773
6706.3924,7.5866919
6707.921,7.557308
6709.4497,7.535767
6710.9787,7.7495197
6712.5078,7.9737295
6714.0371,8.1325795
6715.5666,8.0482919
6717.0962,7.8908013
6718.6261,7.9189312
6720.156,8.017649
6721.6862,8.3830331
6723.2166,8.3588743
6724.7471,8.1490943
6726.2778,7.9419283
6727.8086,7.8733239
6729.3397,7.9145232
6730.8709,8.0053953
6732.4023,7.9707768
6733.9338,7.7636089
6735.4656,7.4544799
6736.9975,7.2995988
6738.5296,7.2309919
6740.0618,7.2826461
6741.5943,7.2480254
6743.1269,7.1611168
6744.6596,6.9408744
6746.1926,7.0082134
6747.7257,7.0677088
6749.259,6.8683804
6750.7925,6.6350647
6752.3262,6.4932518
6753.86,6.3174517
6755.394,6.1756381
6756.9282,6.2142164
6758.4625,6.3573694
6759.997,6.1946397
6761.5317,5.8959619
6763.0666,5.730617
6764.6017,5.7639646
6766.1369,5.6299916
6767.6723,5.7051686
6769.2078,5.5842667
6770.7436,5.5130377
6772.2795,5.1123965
6773.8156,4.8529315
6775.3519,4.7529432
6776.8883,4.6869414
6778.4249,4.7202857
6779.9617,4.735329
6781.4987,4.7111562
6783.0358,4.7183556
6784.5731,4.4196722
6786.1106,4.3667402
6787.6482,4.2745921
6789.1861,4.3497638
6790.7241,4.3308176
6792.2623,4.2438971
6793.8006,4.1988063
6795.3392,4.1615583
6796.8779,4.0746368
6798.4167,4.1785645
6799.9558,4.0864134
6801.495,4.0570071
6803.0344,4.0066853
6804.574,4.0452521
6806.1137,4.1857793
6807.6537,4.03611
6809.1938,3.959643
6810.734,4.0138946
6812.2745,4.1465771
6813.8151,4.4308933
6815.3559,4.3962549
6816.8969,4.4112893
6818.438,4.3792645
6819.9793,4.3341675
6821.5208,4.5374361
6823.0625,4.4844951
6824.6043,4.4498545
6826.1463,4.5145599
6827.6885,4.4537747
6829.2309,4.6622702
6830.7734,4.4472359
6832.3161,4.6139006
6833.859,4.5583428
6835.4021,4.3799087
6836.9453,4.3975527
6838.4887,4.3707518
6840.0323,4.6576761
6841.576,4.7903517
6843.12,4.7217197
6844.6641,4.616486
6846.2083,4.5138663
6847.7528,4.6700698
6849.2974,5.0537239
6850.8422,5.0792077
6852.3872,5.1961944
6853.9323,5.0543572
6855.4777,5.1138269
6857.0232,5.110551
6858.5688,5.081131
6860.1147,5.0151093
6861.6607,5.1634664
6863.2069,5.3641106
6864.7533,5.5725976
6866.2998,5.634679
6867.8465,5.7934921
6869.3934,5.9784486
6870.9405,6.1424897
6872.4877,6.2124128
6874.0351,6.4130544
6875.5827,6.5248068
6877.1305,6.7568203
6878.6784,7.0254347
6880.2265,7.3018919
6881.7748,7.4188716
6883.3233,7.3789881
6884.8719,7.37832
6886.4207,7.5972594
6887.9697,8.0201199
6889.5188,8.2390586
6891.0682,8.4762975
6892.6177,8.6664772
6894.1674,9.0684212
6895.7172,9.2899728
6897.2672,9.5036808
6898.8174,9.7278459
6900.3678,9.988612
6901.9184,10.024541
6903.4691,9.9663523
6905.02,10.177444
6906.571,10.587228
6908.1223,11.054529
6909.6737,11.124443
6911.2253,11.168213
6912.7771,11.444662
6914.329,11.786471
6915.8811,12.240697
6917.4334,12.083159
6918.9859,11.839345
6920.5385,11.721021
6922.0913,12.036684
6923.6443,12.284373
6925.1975,12.142519
6926.7508,11.995436
6928.3043,11.929398
6929.858,11.983621
6931.4119,11.865294
6932.9659,11.712981
6934.5201,11.691386
6936.0745,11.80051
6937.6291,11.807672
6939.1838,11.623984
6940.7387,11.385395
6942.2938,11.099745
6943.849,10.913442
6945.4044,10.87093
6946.96,10.946064
6948.5158,10.649956
6950.0718,10.186527
6951.6279,9.9897647
6953.1842,10.172087
6954.7407,10.406696
6956.2973,10.298822
6957.8541,10.15696
6959.4111,9.8347053
6960.9683,9.6431694
6962.5256,9.6424828
6964.0831,9.5868939
6965.6408,9.3038537
6967.1987,8.8195059
6968.7567,8.771759
6970.3149,8.8076719
6971.8733,8.6004471
6973.4319,8.241588
6974.9906,7.9585456
6976.5495,7.7617772
6978.1086,7.4944203
6979.6679,7.3211807
6981.2273,7.1923851
6982.7869,6.9616283
6984.3467,6.9687797
6985.9067,6.970702
6987.4668,6.9203363
6989.0271,6.6320618
6990.5876,6.330715
6992.1482,6.272505
6993.709,6.2456673
6995.27,6.2449729
6996.8312,6.152775
6998.3926,6.0710342
6999.9541,6.1173976
7001.5158,6.1140874
7003.0777,6.0192735
7004.6397,5.7885116
7006.2019,5.5316056
7007.7643,5.4916926
7009.3269,5.4491649
7010.8896,5.4955257
7012.4525,5.4242391
7014.0156,5.2405338
7015.5789,5.166632
7017.1423,5.0770437
7018.7059,5.1312458
7020.2697,4.9501534
7021.8337,4.9128515
7023.3978,4.846791
7024.9621,4.8670047
7026.5266,4.8715317
7028.0913,4.9780192
7029.6561,5.0583625
7031.2211,4.942627
7032.7863,4.6151264
7034.3517,4.4549457
7035.9172,4.3444379
7037.4829,4.3568055
7039.0488,4.3508721
7040.6148,4.308337
7042.181,4.2736446
7043.7474,4.2154225
7045.314,4.1702719
7046.8808,4.1721798
7048.4477,4.1950023
7050.0148,4.110635
7051.582,4.128228
7053.1495,3.9575854
7054.7171,3.8941319
7056.2849,3.7731617
7057.8529,3.9031716
7059.421,3.7717432
7060.9893,3.7239745
7062.5578,3.6788199
7064.1265,3.7408544
7065.6953,3.9649801
7067.2643,3.9067524
7068.8335,3.8720538
7070.4029,3.6700346
7071.9724,3.5412176
7073.5421,3.68691
7075.112,3.5999223
7076.6821,3.6096663
7078.2523,3.5514361
7079.8227,3.4539898
7081.3933,3.327785
7082.964,3.2094229
7084.535,3.3551128
7086.1061,3.5086454
7087.6774,3.513158
7089.2488,3.3608076
7090.8204,3.2476724
7092.3922,3.2443408
7093.9642,3.2410089
7095.5364,3.0965001
7097.1087,2.9885922
7098.6812,2.9591153
7100.2538,3.039442
7101.8267,3.0439513
7103.3997,2.9883296
7104.9729,3.0085244
7106.5463,2.9372157
7108.1198,2.9025078
7109.6935,2.8050545
7111.2674,2.887993
7112.8415,3.0545912
7114.4157,3.0329538
7115.9901,2.9171984
7117.5647,2.6681092
7119.1395,2.6726145
7120.7144,2.6065312
7122.2895,2.5535193
7123.8648,2.5501804
7125.4403,2.5311547
7127.0159,2.6376189
7128.5917,2.4878736
7130.1677,2.4871475
7131.7438,2.4759636
7133.3202,2.4438642
7134.8967,2.4535945
7136.4733,2.37705
7138.0502,2.4730541
7139.6272,2.5036983
7141.2044,2.3408782
7142.7818,2.2852472
7144.3593,2.1904001
7145.9371,2.2602586
7147.515,2.2098553
7149.093,1.9869025
7150.6713,2.0227729
7152.2497,1.9200809
7153.8283,2.0709833
7155.407,2.0231925
7156.986,2.1374928
7158.5651,2.322381
7160.1444,2.3242623
7161.7239,2.2032674
7163.3035,2.0927296
7164.8833,2.2070281
7166.4633,2.4729602
7168.0435,2.3075194
7169.6238,2.0845618
7171.2043,1.9949373
7172.785,2.0386457
7174.3658,2.1555563
7175.9469,2.0214862
7177.5281,2.0861085
7179.1095,2.1245867
7180.691,1.9905154
7182.2727,1.8459863
7183.8546,1.6622412
7185.4367,1.7164041
7187.019,1.807168
7188.6014,1.8404152
7190.184,1.8971914
7191.7668,1.8781503
7193.3497,1.7885206
7194.9328,1.6126159
7196.5161,1.4602404
7198.0996,1.4960997
7199.6833,1.6365339
7201.2671,1.7168369
7202.8511,1.5879893
7204.4352,1.4094681
7206.0196,1.3119922
7207.6041,1.3975226
7209.1888,1.5013532
7210.7736,1.6313273
7212.3587,1.6776408
7213.9439,1.6089213
7215.5293,1.4460838
7217.1148,1.2806315
7218.7006,1.2485122
7220.2865,1.1745625
7221.8726,1.1685862
7223.4588,1.2018253
7225.0453,1.3056522
7226.6319,1.3781062
7228.2186,1.4322592
7229.8056,1.4262811
7231.3927,1.4307602
7232.98,1.38818
7234.5675,1.4423315
7236.1551,1.5043258
7237.743,1.5192609
7239.331,1.6779865
7240.9191,1.721679
7242.5075,1.7183123
7244.096,1.5659257
7245.6847,1.5285713
7247.2736,1.5069029
7248.8626,1.477391
7250.4518,1.3877479
7252.0412,1.4026797
7253.6308,1.5326438
7255.2205,1.576333
7256.8105,1.5546623
7258.4005,1.4937756
7259.9908,1.5479212
7261.5813,1.6831122
7263.1719,1.7084989
7264.7626,1.7548003
7266.3536,1.6494673
7267.9447,1.5781208
7269.5361,1.5459897
7271.1275,1.5243157
7272.7192,1.630746
7274.311,1.7946922
7275.903,1.8514485
7277.4952,1.733041
7279.0876,1.4603848
7280.6801,1.51714
7282.2728,1.7621301
7283.8657,1.905159
7285.4587,1.9122399
7287.0519,1.6055949
7288.6453,1.4819561
7290.2389,1.4315195
7291.8327,1.5850042
7293.4266,1.8326061
7295.0207,1.8998154
7296.615,1.8650637
7298.2094,1.647305
7299.804,1.4530754
7301.3988,1.504597
7302.9938,1.7077522
7304.5889,1.8873777
7306.1842,1.8761531
7307.7797,1.7342092
7309.3754,1.6916113
7310.9712,1.6777713
7312.5672,1.7266759
7314.1634,1.8696979
7315.7598,1.8689286
7317.3563,1.7531263
7318.953,1.6451667
7320.5499,1.5816512
7322.147,1.64624
7323.7442,1.6716126
7325.3416,1.6812987
7326.9392,1.7903307
7328.5369,1.8601467
7330.1349,2.0083937
7331.733,2.0468364
7333.3312,2.0852788
7334.9297,2.1028057
7336.5283,2.0183715
7338.1271,1.9626951
7339.7261,1.8468876
7341.3252,1.8696419
7342.9246,1.7616768
7344.524,1.7007701
7346.1237,1.7575102
7347.7236,1.767191
7349.3236,1.9546493
7350.9238,1.8545255
7352.5241,1.8406758
7354.1247,1.9601591
7355.7254,2.0299688
7357.3263,2.125922
7358.9273,2.0205676
7360.5286,2.0119448
7362.13,1.9092041
7363.7316,1.6888159
7365.3333,1.5573162
7366.9353,1.4519599
7368.5374,1.5322242
7370.1397,1.5680437
7371.7421,1.6927517
7373.3448,1.8148449
7374.9476,1.7539313
7376.5505,1.7923637
7378.1537,1.5615146
7379.757,1.5921031
7381.3605,1.434456
7382.9642,1.3604686
7384.5681,1.1662194
7386.1721,1.1392901
7387.7763,1.1751055
7389.3806,1.1534042
7390.9852,1.1107875
7392.5899,1.1622881
7394.1948,1.1876445
7395.7999,1.0064646
7397.4051,0.84358498
7399.0105,0.7303782
7400.6161,0.93089654
7402.2219,1.0346825
7403.8278,1.1149387
7405.434,1.0618611
7407.0402,0.94080936
7408.6467,0.95309057
7410.2533,0.93922761
7411.8602,0.8234035
7413.4671,0.84352674
7415.0743,0.82181953
7416.6816,0.95436033
7418.2891,0.91696612
7419.8968,0.91878722
7421.5047,0.95982364
7423.1127,0.95902962
7424.7209,0.89810452
7426.3293,0.89730977
7427.9379,0.94357347
7429.5466,1.0839544
7431.1555,1.1981913
7432.7646,1.1712512
7434.3738,1.0946377
7435.9832,0.96835049
7437.5928,0.89435054
7439.2026,0.8857097
7440.8126,0.9371992
7442.4227,0.96777331
7444.033,1.032334
7445.6434,1.1204237
7447.2541,1.2006699
7448.8649,1.2469288
7450.4759,1.2644291
7452.0871,1.3133017
7453.6984,1.3386444
7455.3099,1.2254247
7456.9216,1.2403092
7458.5335,1.3989842
7460.1455,1.5602732
7461.7577,1.75032
7463.3701,1.7181442
7464.9827,1.6833537
7466.5954,1.7452948
7468.2083,1.7810918
7469.8214,1.8717903
7471.4346,1.7533382
7473.0481,1.6348856
7474.6617,1.7229687
7476.2755,1.7666069
7477.8894,1.8207023
7479.5035,1.7676078
7481.1178,1.6674541
7482.7323,1.7555353
7484.347,1.7494985
7485.9618,1.816664
7487.5768,1.7478813
7489.192,1.6058957
7490.8073,1.5998574
7492.4228,1.5153874
7494.0385,1.3420281
7495.6544,1.1895835
7497.2704,1.0528248
7498.8867,1.1853468
7500.503,1.239437
7502.1196,1.3170563
7503.7364,1.3214725
7505.3533,1.2788296
7506.9704,1.4374935
7508.5876,1.4079218
7510.2051,1.3077614
7511.8227,1.2076007
7513.4405,1.1152827
7515.0584,1.171984
7516.6765,1.0692078
7518.2949,0.87231358
7519.9133,0.70417715
7521.532,0.61185735
7523.1508,0.7286875
7524.7698,0.92394866
7526.389,0.8865297
7528.0084,0.83603849
7529.6279,0.81169069
7531.2476,1.0095648
7532.8675,1.1185496
7534.4875,0.84322026
7536.1077,0.63847883
7537.7281,0.64811612
7539.3487,0.7257269
7540.9695,0.73013469
7542.5904,0.61689505
7544.2115,0.73110602
7545.8327,0.52897676
7547.4542,0.47325236
7549.0758,0.44367137
7550.6976,0.5160508
7552.3196,0.56228608
7553.9417,0.28956673
7555.564,0.22338296
7557.1865,0.11014
7558.8092,0.051798637
7560.432,0.11110396
7562.055,-0.017826384
7563.6782,0.083308265
7565.3016,0.15829875
7566.9251,0.24113201
7568.5488,0.3605662
7570.1727,0.21594774
7571.7967,0.41904133
7573.421,0.4155986
7575.0454,0.41476988
7576.6699,0.44008458
7578.2947,0.33729434
7579.9196,0.35476516
7581.5447,0.27288921
7583.17,0.37140505
7584.7955,0.50913621
7586.4211,0.35928529
7588.0469,0.37413989
7589.6729,0.45173922
7591.299,0.49273688
7592.9253,0.52327664
7594.5518,0.42832585
7596.1785,0.49808056
7597.8053,0.50247543
7599.4323,0.5983732
7601.0595,0.77270197
7602.6869,0.78755325
7604.3144,0.63769827
7605.9422,0.52967299
7607.57,0.51315062
7609.1981,0.62211806
7610.8263,0.67618318
7612.4548,0.772078
7614.0833,0.85751492
7615.7121,0.81223253
7617.341,0.76956414
7618.9701,0.75826794
7620.5994,0.87246156
7622.2289,0.93959599
7623.8585,0.78450783
7625.4883,0.71830818
7627.1183,0.52138922
7628.7484,0.58852217
7630.3788,0.62951096
7632.0093,0.84043402
7633.6399,0.96508221
7635.2708,0.88842283
7636.9018,0.8980376
7638.533,0.93641016
7640.1644,1.0035405
7641.7959,0.84060517
7643.4277,0.72472826
7645.0596,0.78662877
7646.6916,0.90343086
7648.3239,0.99408879
7649.9563,1.1370339
7651.5889,1.2172336
7653.2216,1.0935114
7654.8546,0.81815474
7656.4877,0.67090233
7658.121,0.75110053
7659.7544,0.65352059
7661.3881,0.64744354
7663.0219,0.55770599
7664.6559,0.55947135
7666.29,0.52202064
7667.9244,0.45058264
7669.5589,0.41574558
7671.1936,0.2867905
7672.8284,0.19182198
7674.4634,0.19097074
7676.0986,0.31299494
7677.734,0.3696593
7679.3696,0.26684617
7681.0053,0.012398677
7682.6412,-0.074728921
7684.2773,-0.0076085222
7685.9135,0.10657033
7687.55,-0.019774061
7689.1866,-0.12258941
7690.8233,-0.24370578
7692.4603,-0.20011664
7694.0974,-0.24541676
7695.7347,-0.17568457
7697.3722,-0.11379588
7699.0098,-0.017920634
7700.6476,0.012594766
7702.2856,-0.032707197
7703.9238,0.050095045
7705.5621,0.041393651
7707.2006,0.084979469
7708.8393,0.11026426
7710.4782,0.18260751
7712.1172,0.36998307
7713.7564,0.43709683
7715.3958,0.43885073
7717.0354,0.3987742
7718.6751,0.31948162
7720.315,0.43888148
7721.9551,0.49292149
7723.5953,0.5757193
7725.2358,0.59838603
7726.8764,0.54000663
7728.5172,0.54437196
7730.1581,0.49383496
7731.7992,0.41192505
7733.4405,0.3378579
7735.082,0.37097992
7736.7237,0.37795779
7738.3655,0.23853006
7740.0075,0.059886267
7741.6497,0.10346433
7743.292,0.20717275
7744.9345,0.24029256
7746.5772,0.24465383
7748.2201,0.36404741
7749.8631,0.33442101
7751.5063,0.2603498
7753.1497,0.14444816
7754.7933,0.12004941
7756.437,0.13225161
7758.081,-0.015023696
7759.725,0.0076352749
7761.3693,-0.014150568
7763.0137,-0.012407369
7764.6583,-0.099553428
7766.3031,-0.11349724
7767.9481,0.034650079
7769.5932,0.07037873
7771.2385,-0.092585799
7772.884,-0.24770756
7774.5297,-0.30348328
7776.1755,-0.17625284
7777.8215,-0.093467215
7779.4677,0.0076186977
7781.114,0.10347548
7782.7606,0.032011637
7784.4073,-0.065596368
7786.0541,-0.19196291
7787.7012,-0.22682656
7789.3484,-0.11789972
7790.9958,-0.10831966
7792.6434,-0.16148507
7794.2911,-0.21203647
7795.939,-0.16062745
7797.5871,0.042767918
7799.2354,0.060542593
7800.8838,0.020801148
7802.5325,-0.00063942239
7804.1813,0.066809117
7805.8302,0.10811409
7807.4794,0.15726241
7809.1287,0.14366586
7810.7782,0.14314143
7812.4278,0.17137539
7814.0777,0.37738734
7815.7277,0.51542566
7817.3779,0.36849688
7819.0282,0.19019577
7820.6787,0.30731972
7822.3295,0.6100648
7823.9803,0.75856174
7825.6314,0.79202622
7827.2826,0.88300727
7828.934,1.0064068
7830.5856,1.1465386
7832.2374,1.2662785
7833.8893,1.3373912
7835.5414,1.4477197
7837.1937,1.5847151
7838.8461,1.742103
7840.4987,1.8806675
7842.1515,2.0568792
7843.8045,2.3209344
7845.4576,2.5112643
7847.111,2.7298297
7848.7645,2.877807
7850.4181,3.0304905
7852.072,3.0529781
7853.726,3.0629169
7855.3802,3.0195226
7857.0345,3.05456
7858.6891,3.0550877
7860.3438,3.0493411
7861.9987,3.194183
7863.6537,3.2480447
7865.309,3.3740635
7866.9644,3.5706707
7868.62,3.6935527
7870.2757,3.7223173
7871.9317,3.8091213
7873.5878,3.8253373
7875.2441,3.7427299
7876.9005,3.6820836
7878.5571,3.640261
7880.2139,3.6407916
7881.8709,3.6538714
7883.5281,3.6496966
7885.1854,3.6533651
7886.8429,3.6789946
7888.5006,3.6136439
7890.1584,3.5090778
7891.8164,3.5252962
7893.4746,3.4991619
7895.133,3.4761651
7896.7916,3.4610116
7898.4503,3.379976
7900.1092,3.360117
7901.7682,3.3606505
7903.4275,3.2780469
7905.0869,3.2534828
7906.7465,3.4155855
7908.4063,3.3863159
7910.0662,3.4935172
7911.7263,3.6195422
7913.3866,3.7659595
7915.0471,3.8794359
7916.7077,3.9631086
7918.3685,4.0295266
7920.0295,4.1430037
7921.6906,4.2094221
7923.352,4.2930957
7925.0135,4.395593
7926.6752,4.5263259
7928.337,4.682157
7929.999,4.8756354
7931.6613,4.9985257
7933.3236,5.2061222
7934.9862,5.3603856
7936.6489,5.4879825
7938.3118,5.7112659
7939.9749,5.9518044
7941.6381,6.091951
7943.3016,6.2619018
7944.9652,6.3691076
7946.6289,6.399451
7948.2929,6.4156769
7949.957,6.6028834
7951.6213,6.7587176
7953.2857,7.0839638
7954.9504,7.3543082
7956.6152,7.5870058
7958.2802,7.8244095
7959.9454,8.0618135
7961.6107,8.2066686
7963.2762,8.4315239
7964.9419,8.6940266
7966.6078,9.0569216
7968.2738,9.4606011
7969.94,9.8125162
7971.6064,10.21149
7973.273,10.602621
7974.9397,10.912184
7976.6066,11.063316
7978.2737,11.432487
7979.9409,11.862835
7981.6084,12.301026
7983.276,12.737648
7984.9437,13.480154
7986.6117,14.139522
7988.2798,14.701636
7989.9481,15.412769
7991.6166,16.153706
7993.2852,16.850723
7994.9541,17.654406
7996.6231,18.484756
7998.2922,19.203733
7999.9616,19.971339
8001.6311,20.881689
8003.3008,21.821844
8004.9707,22.785528
8006.6407,23.906076
8008.3109,25.332506
8009.9813,26.699328
8011.6519,27.88419
8013.3226,29.222777
8014.9935,30.646071
8016.6646,32.078776
8018.3359,33.726384
8020.0073,35.469678
8021.6789,37.437286
8023.3507,39.671561
8025.0227,42.007798
8026.6948,44.386387
8028.3671,47.180662
8030.0396,50.040821
8031.7122,52.996666
8033.3851,55.957216
8035.0581,58.822081
8036.7312,61.592829
8038.4046,64.289851
8040.0781,66.737461
8041.7518,69.053308
8043.4257,71.135428
8045.0997,73.026177
8046.774,74.709867
8048.4484,76.159831
8050.1229,77.242737
8051.7977,78.27231
8053.4726,79.15757
8055.1477,79.829496
8056.823,80.269266
8058.4984,80.596095
8060.174,80.866453
8061.8498,80.98936
8063.5258,81.090307
8065.2019,81.21949
8066.8782,81.400437
8068.5547,81.490405
8070.2314,81.476843
8071.9082,81.483673
8073.5852,81.579916
8075.2624,81.633806
8076.9398,81.610833
8078.6173,81.661586
8080.295,81.648025
8081.9729,81.552896
8083.6509,81.487571
8085.3292,81.513227
8087.0076,81.494962
8088.6861,81.39199
8090.3649,81.293725
8092.0438,81.102911
8093.7229,80.929352
8095.4022,80.790304
8097.0816,80.59949
8098.7613,80.220442
8100.4411,79.866492
8102.121,79.445091
8103.8012,78.794671
8105.4815,78.010917
8107.162,77.027949
8108.8426,75.627725
8110.5235,74.04711
8112.2045,72.287671
8113.8857,70.333723
8115.5671,68.422128
8117.2486,66.789748
8118.9303,64.945605
8120.6122,63.19401
8122.2943,61.732612
8123.9765,60.231998
8125.6589,58.736091
8127.3415,57.546066
8129.0242,56.585061
8130.7072,55.531507
8132.3903,54.685012
8134.0736,53.858909
8135.757,52.890062
8137.4406,51.858469
8139.1245,51.046485
8140.8084,50.295678
8142.4926,49.606047
8144.1769,48.768965
8145.8614,47.958551
8147.5461,47.341077
8149.2309,46.707918
8150.9159,45.960249
8152.6011,45.626698
8154.2865,45.374716
8155.9721,44.743126
8157.6578,44.164869
8159.3437,43.724653
8161.0297,43.262475
8162.716,42.999514
8164.4024,42.724003
8166.089,42.487709
8167.7758,42.397297
8169.4627,42.135905
8171.1498,41.606278
8172.8371,41.257043
8174.5245,40.932907
8176.2122,40.588378
8177.9,40.386595
8179.588,40.189518
8181.2761,39.989304
8182.9645,39.676149
8184.653,39.246916
8186.3417,38.905526
8188.0305,38.819823
8189.7195,38.785885
8191.4087,38.822535
8193.0981,38.879577
8194.7877,39.004071
8196.4774,39.089349
8198.1673,39.08051
8199.8574,39.189318
8201.5476,39.406361
8203.238,39.369287
8204.9286,39.238096
8206.6194,39.285729
8208.3103,39.54042
8210.0015,39.760602
8211.6928,40.181568
8213.3842,40.473908
8215.0759,40.722326
8216.7677,40.832704
8218.4597,40.885044
8220.1518,40.899737
8221.8442,41.17796
8223.5367,41.415399
8225.2294,41.484994
8226.9222,41.670669
8228.6153,41.655559
8230.3085,41.681233
8232.0019,41.71632
8233.6954,41.745133
8235.3891,41.66571
8237.0831,41.600405
8238.7771,41.350003
8240.4714,41.152934
8242.1658,40.889983
8243.8604,40.711737
8245.5552,40.723297
8247.2501,40.563875
8248.9453,40.250729
8250.6406,40.063073
8252.336,39.778163
8254.0317,39.344233
8255.7275,39.115793
8257.4235,38.862256
8259.1197,38.469111
8260.816,37.917534
8262.5125,37.562037
8264.2092,37.118696
8265.9061,36.65967
8267.6031,36.257114
8269.3004,35.871814
8270.9978,35.361023
8272.6953,34.751409
8274.3931,34.253168
8276.091,33.725123
8277.7891,33.121785
8279.4873,32.615701
8281.1857,32.192755
8282.8844,31.639613
8284.5831,31.16804
8286.2821,30.814114
8287.9812,30.256267
8289.6805,29.754891
8291.38,29.405672
8293.0797,29.11606
8294.7795,28.751155
8296.4795,28.459976
8298.1797,28.223699
8299.88,28.017226
8301.5806,27.748008
8303.2813,27.605849
8304.9821,27.477808
8306.6832,27.345061
8308.3844,27.173099
8310.0858,26.954078
8311.7874,26.863685
8313.4891,26.777998
8315.191,26.761331
8316.8931,26.727409
8318.5954,26.613487
8320.2978,26.626625
8322.0004,26.605253
8323.7032,26.397214
8325.4062,26.269176
8327.1093,26.346628
8328.8126,26.304864
8330.5161,26.302317
8332.2198,26.47075
8333.9236,26.573301
8335.6276,26.518989
8337.3318,26.528992
8339.0362,26.620563
8340.7407,26.541154
8342.4454,26.511941
8344.1503,26.656847
8345.8553,26.602536
8347.5606,26.480775
8349.266,26.475093
8350.9715,26.478823
8352.6773,26.369611
8354.3832,26.478439
8356.0893,26.602954
8357.7956,26.631783
8359.502,26.679435
8361.2087,26.807088
8362.9155,26.799838
8364.6224,26.736119
8366.3296,26.95789
8368.0369,27.074563
8369.7444,27.172412
8371.4521,27.397321
8373.1599,27.779093
8374.8679,28.019688
8376.5761,28.210088
8378.2845,28.320488
8379.993,28.452849
8381.7017,28.478543
8383.4106,28.55914
8385.1197,28.81856
8386.8289,29.005824
8388.5383,29.086421
8390.2479,29.377214
8391.9576,29.620949
8393.6676,29.811351
8395.3777,30.080184
8397.088,30.422744
8398.7984,30.780989
8400.509,31.04198
8402.2198,31.397089
8403.9308,31.915335
8405.642,32.29868
8407.3533,32.638103
8409.0648,33.193997
8410.7765,33.687146
8412.4883,34.09559
8414.2003,34.6907
8415.9125,35.365811
8417.6249,35.899745
8419.3374,36.374072
8421.0502,37.005261
8422.7631,37.659981
8424.4761,38.190778
8426.1894,38.861184
8427.9028,39.740218
8429.6164,40.558076
8431.3301,41.316325
8433.0441,42.178105
8434.7582,42.765375
8436.4725,43.416959
8438.1869,44.175209
8439.9016,44.801695
8441.6164,45.46426
8443.3314,46.253884
8445.0465,47.037234
8446.7618,47.637054
8448.4773,48.161581
8450.193,48.617088
8451.9089,49.05534
8453.6249,49.401044
8455.3411,49.593022
8457.0575,50.010883
8458.774,50.435019
8460.4908,50.623861
8462.2077,50.569566
8463.9247,50.780369
8465.642,50.744897
8467.3594,50.422368
8469.077,50.129642
8470.7948,49.896524
8472.5127,49.60223
8474.2308,49.422446
8475.9491,49.434035
8477.6676,49.503664
8479.3862,49.284665
8481.105,48.896254
8482.824,48.385491
8484.5432,47.651983
8486.2625,46.767887
8487.982,46.003007
8489.7017,45.283617
8491.4216,44.655208
8493.1416,43.962485
8494.8618,43.122312
8496.5822,42.3841
8498.3028,41.572162
8500.0235,40.570421
8501.7444,39.592209
8503.4655,38.905762
8505.1867,37.987159
8506.9082,37.123457
8508.6298,36.397796
8510.3515,35.584291
8512.0735,34.737845
8513.7956,34.200419
8515.5179,33.645739
8517.2404,33.05498
8518.963,32.6603
8520.6859,32.317385
8522.4089,31.955646
8524.132,31.557829
8525.8554,31.087856
8527.5789,30.64455
8529.3026,30.274969
8531.0264,29.94931
8532.7505,29.553063
8534.4747,29.337208
8536.1991,29.138609
8537.9236,28.869421
8539.6484,28.576705
8541.3733,28.401635
8543.0984,28.124605
8544.8236,27.915027
8546.5491,27.779174
8548.2747,27.593125
8550.0005,27.416488
8551.7264,27.205341
8553.4526,26.950273
8555.1789,26.911676
8556.9053,26.794648
8558.632,26.638405
8560.3588,26.618632
8562.0858,26.710232
8563.813,26.4834
8565.5403,26.262844
8567.2679,26.185033
8568.9956,26.046045
8570.7234,25.834901
8572.4515,25.697483
8574.1797,25.625947
8575.9081,25.518333
8577.6367,25.500131
8579.3654,25.408204
8581.0943,25.413532
8582.8234,25.522389
8584.5527,25.557521
8586.2821,25.60834
8588.0117,25.629355
8589.7415,25.592331
8591.4715,25.544327
8593.2016,25.472793
8594.9319,25.322829
8596.6624,25.197963
8598.3931,25.098195
8600.1239,24.951368
8601.8549,24.807679
8603.5861,24.822421
8605.3175,24.874811
8607.049,24.831515
8608.7807,24.844689
8610.5126,24.951982
8612.2446,24.885157
8613.9769,24.863822
8615.7093,24.853468
8617.4418,24.714487
8619.1746,24.523741
8620.9075,24.387898
8622.6406,24.269309
8624.3739,24.178956
8626.1073,24.137231
8627.841,24.161388
8629.5748,24.092997
8631.3087,24.027743
8633.0429,24.034646
8634.7772,23.909785
8636.5117,23.726884
8638.2463,23.672611
8639.9812,23.541476
8641.7162,23.437008
8643.4514,23.420383
8645.1867,23.414738
8646.9223,23.369879
8648.658,23.329725
8650.3939,23.16565
8652.1299,23.134908
8653.8662,23.071226
8655.6026,22.913426
8657.3392,22.851312
8659.0759,22.864493
8660.8129,22.752184
8662.55,22.588111
8664.2872,22.513449
8666.0247,22.451337
8667.7623,22.299813
8669.5001,22.193779
8671.2381,22.230491
8672.9762,22.292301
8674.7146,22.158033
8676.4531,22.078667
8678.1917,22.049498
8679.9306,21.908956
8681.6696,21.664885
8683.4088,21.442775
8685.1482,21.429292
8686.8877,21.467575
8688.6274,21.477622
8690.3673,21.594336
8692.1074,21.736149
8693.8476,21.713256
8695.588,21.572716
8697.3286,21.505902
8699.0694,21.392029
8700.8103,21.267176
8702.5514,21.275656
8704.2927,21.237078
8706.0342,21.159285
8707.7758,21.09404
8709.5176,21.071149
8711.2596,20.927474
8713.0018,20.791642
8714.7441,20.737379
8716.4866,20.733313
8718.2293,20.624148
8719.9721,20.504003
8721.7152,20.546996
8723.4584,20.560185
8725.2017,20.469845
8726.9453,20.451662
8728.689,20.491518
8730.4329,20.435689
8732.177,20.290448
8733.9212,20.295795
8735.6656,20.376436
8737.4102,20.30649
8739.155,20.310269
8740.8999,20.306206
8742.6451,20.132731
8744.3904,20.03455
8746.1358,19.975585
8747.8815,19.846032
8749.6273,19.868636
8751.3733,20.016731
8753.1194,19.996982
8754.8658,19.892528
8756.6123,19.857094
8758.359,19.777738
8760.1058,19.560344
8761.8529,19.476283
8763.6001,19.495752
8765.3474,19.411691
8767.095,19.398219
8768.8427,19.47259
8770.5906,19.487354
8772.3387,19.55702
8774.087,19.596882
8775.8354,19.517529
8777.584,19.543274
8779.3328,19.584705
8781.0817,19.475548
8782.8308,19.393059
8784.5801,19.334099
8786.3296,19.151217
8788.0793,18.960493
8789.8291,18.978396
8791.5791,18.979045
8793.3292,18.934204
8795.0796,18.919166
8796.8301,18.792757
8798.5808,18.672622
8800.3317,18.590135
8802.0827,18.53902
8803.8339,18.502023
8805.5853,18.537183
8807.3369,18.434305
8809.0886,18.251426
8810.8405,18.151685
8812.5926,18.103709
8814.3449,18.040047
8816.0973,17.886973
8817.8499,17.917429
8819.6027,17.911807
8821.3556,17.713243
8823.1088,17.571151
8824.8621,17.615725
8826.6155,17.558339
8828.3692,17.417816
8830.123,17.376116
8831.877,17.362653
8833.6312,17.189189
8835.3855,17.050235
8837.1401,16.944223
8838.8948,16.864878
8840.6496,16.887493
8842.4047,16.858344
8844.1599,16.78998
8845.9153,16.778086
8847.6709,16.715997
8849.4266,16.567633
8851.1825,16.530643
8852.9386,16.523456
8854.6949,16.470779
8856.4513,16.418103
8858.2079,16.407779
8859.9647,16.39275
8861.7217,16.340074
8863.4788,16.301516
8865.2361,16.353939
8866.9936,16.307538
8868.7513,16.325452
8870.5091,16.346502
8872.2671,16.350298
8874.0253,16.253703
8875.7837,16.243381
8877.5422,16.138943
8879.3009,16.105093
8881.0598,16.1434
8882.8188,16.191119
8884.578,16.136877
8886.3374,16.186165
8888.097,16.248002
8889.8568,16.253369
8891.6167,16.305795
8893.3768,16.380182
8895.1371,16.360452
8896.8975,16.326604
8898.6581,16.272364
8900.4189,16.125575
8902.1799,15.999179
8903.941,15.954352
8905.7024,15.962858
8907.4638,15.891364
8909.2255,15.915557
8910.9873,15.938182
8912.7494,15.957669
8914.5116,15.901863
8916.2739,15.968409
8918.0364,16.067897
8919.7992,16.043464
8921.562,16.108443
8923.3251,16.107539
8925.0883,16.123891
8926.8517,16.099459
8928.6153,16.126791
8930.3791,16.092947
8932.143,16.114006
8933.9071,16.116241
8935.6714,16.038477
8937.4358,16.090908
8939.2005,16.07432
8940.9653,16.111066
8942.7302,16.147812
8944.4954,16.242598
8946.2607,16.222874
8948.0262,16.226679
8949.7919,16.23676
8951.5577,16.21233
8953.3238,16.126725
8955.0899,16.092884
8956.8563,16.060612
8958.6229,15.927949
8960.3896,15.823521
8962.1565,15.810073
8963.9235,15.8829
8965.6908,15.897688
8967.4582,15.989339
8969.2258,15.999422
8970.9935,16.018917
8972.7615,15.927039
8974.5296,15.843005
8976.2979,15.707206
8978.0663,15.651408
8979.835,15.724237
8981.6038,15.674713
8983.3727,15.653425
8985.1419,15.668216
8986.9112,15.692418
8988.6807,15.573876
8990.4504,15.541608
8992.2203,15.619145
8993.9903,15.648054
8995.7605,15.633042
8997.5309,15.563129
8999.3014,15.546548
9001.0721,15.473498
9002.843,15.518095
9004.6141,15.506221
9006.3853,15.549249
9008.1568,15.513847
9009.9284,15.58668
9011.7001,15.512062
9013.4721,15.486072
9015.2442,15.522827
9017.0165,15.537621
9018.7889,15.450455
9020.5616,15.446427
9022.3344,15.514555
9024.1074,15.5419
9025.8805,15.591205
9027.6539,15.626393
9029.4274,15.60668
9031.2011,15.632456
9032.9749,15.628429
9034.749,15.781265
9036.5232,15.836847
9038.2976,15.850075
9040.0721,15.855461
9041.8468,15.904768
9043.6217,15.839566
9045.3968,15.924953
9047.1721,16.058967
9048.9475,16.145922
9050.7231,16.181113
9052.4989,16.257088
9054.2748,16.334633
9056.0509,16.390216
9057.8272,16.477173
9059.6037,16.568835
9061.3804,16.690302
9063.1572,16.744318
9064.9342,16.737158
9066.7113,16.81941
9068.4887,16.820093
9070.2662,16.806659
9072.0439,16.881068
9073.8218,17.060576
9075.5998,17.03773
9077.378,17.132532
9079.1564,17.238315
9080.935,17.297039
9082.7137,17.426352
9084.4926,17.563508
9086.2717,17.622232
9088.0509,17.798604
9089.8304,17.888702
9091.61,18.016447
9093.3898,18.167722
9095.1697,18.475859
9096.9498,18.627134
9098.7302,18.80037
9100.5106,18.987724
9102.2913,19.159392
9104.0721,19.27459
9105.8531,19.461944
9107.6343,19.644593
9109.4156,19.860184
9111.1972,20.157343
9112.9788,20.338424
9114.7607,20.585387
9116.5428,20.791567
9118.325,20.909903
9120.1074,20.985887
9121.8899,21.165401
9123.6727,21.313542
9125.4556,21.546389
9127.2387,21.881197
9129.022,22.239535
9130.8054,22.536697
9132.589,22.819741
9134.3728,23.115335
9136.1568,23.429752
9137.9409,23.717502
9139.7252,23.973881
9141.5097,24.278887
9143.2943,24.627815
9145.0792,24.805763
9146.8642,25.099789
9148.6494,25.464404
9150.4347,25.846274
9152.2202,26.250105
9154.006,26.682171
9155.7918,27.026395
9157.5779,27.502383
9159.3641,27.932882
9161.1505,28.28338
9162.9371,28.800154
9164.7238,29.414182
9166.5108,29.984289
9168.2979,30.408515
9170.0851,30.917446
9171.8726,31.39971
9173.6602,31.872564
9175.448,32.47875
9177.2359,33.288859
9179.0241,33.920144
9180.8124,34.626724
9182.6009,35.201539
9184.3896,35.729295
9186.1784,36.384111
9187.9674,37.084417
9189.7566,37.679625
9191.546,38.467774
9193.3355,39.292003
9195.1252,40.029957
9196.9151,40.794577
9198.7051,41.642336
9200.4954,42.559114
9202.2858,43.411578
9204.0764,44.165219
9205.8671,45.1369
9207.658,46.056816
9209.4492,46.93438
9211.2404,47.865277
9213.0319,48.840096
9214.8235,49.792954
9216.6153,50.700322
9218.4073,51.75671
9220.1994,52.81153
9221.9918,53.816154
9223.7842,54.856857
9225.5769,56.021481
9227.3698,56.935125
9229.1628,57.776612
9230.956,58.822022
9232.7493,59.870568
9234.5429,60.883037
9236.3366,62.002172
9238.1305,63.177779
9239.9246,64.284366
9241.7188,65.219972
9243.5132,66.147736
9245.3078,67.20099
9247.1026,68.210323
9248.8975,69.230636
9250.6926,70.36546
9252.4879,71.434401
9254.2833,72.14099
9256.079,72.927579
9257.8748,73.616913
9259.6708,74.464679
9261.4669,75.130484
9263.2632,76.003348
9265.0597,76.741311
9266.8564,77.568685
9268.6533,78.093315
9270.4503,78.616376
9272.2475,79.071986
9274.0449,79.478969
9275.8424,79.747914
9277.6401,80.045093
9279.438,80.365803
9281.2361,80.637885
9283.0344,80.913104
9284.8328,81.098913
9286.6314,81.179623
9288.4301,81.257196
9290.2291,81.372416
9292.0282,81.481363
9293.8275,81.518152
9295.6269,81.518864
9297.4266,81.594869
9299.2264,81.64264
9301.0264,81.572764
9302.8265,81.546809
9304.6269,81.500463
9306.4274,81.389803
9308.2281,81.174045
9310.0289,81.09319
9311.83,80.979393
9313.6312,80.934617
9315.4325,80.781605
9317.2341,80.606633
9319.0358,80.29519
9320.8377,79.925708
9322.6398,79.480933
9324.4421,79.023608
9326.2445,78.61648
9328.0471,78.148176
9329.8499,77.701833
9331.6528,77.208431
9333.4559,76.407578
9335.2592,75.575353
9337.0627,74.765089
9338.8663,73.810512
9340.6702,72.805738
9342.4742,72.064495
9344.2783,71.197761
9346.0827,70.166322
9347.8872,69.293314
9349.6919,68.503444
9351.4967,67.680632
9353.3018,66.740174
9355.107,65.81854
9356.9124,64.88122
9358.7179,63.8639
9360.5237,62.979913
9362.3296,62.18377
9364.1357,61.513117
9365.9419,60.73266
9367.7483,60.173381
9369.555,59.631356
9371.3617,58.985802
9373.1687,58.330836
9374.9758,57.782538
9376.7831,57.008357
9378.5906,56.394177
9380.3982,56.023134
9382.2061,55.670915
9384.0141,55.425362
9385.8222,55.131183
9387.6306,54.736611
9389.4391,54.425177
9391.2478,53.986684
9393.0567,53.568584
9394.8657,53.293229
9396.6749,52.88611
9398.4843,52.466441
9400.2939,52.208342
9402.1036,51.947106
9403.9136,51.665477
9405.7236,51.366594
9407.5339,50.975162
9409.3444,50.513143
9411.155,50.160927
9412.9658,49.937339
9414.7767,49.699633
9416.5878,49.534085
9418.3992,49.431282
9420.2106,49.408479
9422.0223,49.330775
9423.8341,49.29856
9425.6461,49.272621
9427.4583,49.343937
9429.2707,49.076429
9431.0832,48.69598
9432.8959,48.564944
9434.7088,48.440182
9436.5218,48.199342
9438.335,48.024384
9440.1484,48.014133
9441.962,47.776431
9443.7758,47.479121
9445.5897,47.374753
9447.4038,47.319012
9449.2181,47.155036
9451.0325,47.016159
9452.8471,46.84434
9454.6619,46.622326
9456.4769,46.384625
9458.292,46.259866
9460.1073,46.16648
9461.9228,46.008781
9463.7385,45.636179
9465.5543,45.357695
9467.3703,44.991369
9469.1865,44.584258
9471.0029,44.334011
9472.8194,44.223371
9474.6361,43.937045
9476.453,43.507975
9478.2701,43.108709
9480.0873,42.638854
9481.9047,42.236451
9483.7223,41.876401
9485.54,41.580665
9487.358,41.349243
9489.1761,41.098997
9490.9943,40.721693
9492.8128,40.167135
9494.6314,39.758458
9496.4502,39.258802
9498.2692,38.718362
9500.0883,38.270471
9501.9077,38.043756
9503.7272,37.759003
9505.5468,37.563661
9507.3667,37.311849
9509.1867,37.005136
9511.0069,36.64352
9512.8273,36.274062
9514.6478,35.862251
9516.4685,35.64495
9518.2894,35.295885
9520.1105,35.02682
9521.9317,34.718539
9523.7531,34.352219
9525.5747,34.061194
9527.3965,33.842326
9529.2184,33.645418
9531.0405,33.517531
9532.8628,33.414742
9534.6852,33.255482
9536.5079,33.036615
9538.3307,32.794219
9540.1537,32.606725
9541.9768,32.400407
9543.8001,32.200364
9545.6236,32.034832
9547.4473,31.949299
9549.2712,31.741414
9551.0952,31.505294
9552.9194,31.281723
9554.7438,31.138152
9556.5683,30.967915
9558.393,30.785128
9560.2179,30.622735
9562.043,30.560733
9563.8682,30.423438
9565.6937,30.228104
9567.5193,30.150417
9569.345,30.206064
9571.171,30.142495
9572.9971,30.099318
9574.8234,30.007515
9576.6498,29.859241
9578.4765,29.704692
9580.3033,29.487399
9582.1303,29.419126
9583.9574,29.374382
9585.7848,29.364148
9587.6123,29.206464
9589.44,29.106819
9591.2678,28.936586
9593.0958,28.738117
9594.924,28.666708
9596.7524,28.600005
9598.581,28.409381
9600.4097,28.309737
9602.2386,28.341858
9604.0677,28.30496
9605.8969,28.221003
9607.7264,28.253125
9609.556,28.252306
9611.3857,28.094625
9613.2157,27.932237
9615.0458,27.846713
9616.8761,27.809816
9618.7066,27.741547
9620.5372,27.630926
9622.368,27.517167
9624.199,27.461448
9626.0302,27.39318
9627.8615,27.375108
9629.693,27.465271
9631.5247,27.426808
9633.3566,27.411874
9635.1886,27.31694
9637.0208,27.152987
9638.8532,26.981191
9640.6858,26.96469
9642.5185,26.910541
9644.3514,26.881491
9646.1845,26.822637
9648.0178,26.809274
9649.8512,26.742577
9651.6848,26.738626
9653.5186,26.610753
9655.3525,26.507979
9657.1867,26.445989
9659.021,26.380862
9660.8554,26.227892
9662.6901,26.22708
9664.5249,26.194895
9666.3599,26.147023
9668.1951,26.132094
9670.0304,26.071674
9671.866,25.923412
9673.7017,25.86613
9675.5375,25.76022
9677.3736,25.552351
9679.2098,25.432324
9681.0462,25.522494
9682.8827,25.520115
9684.7195,25.459697
9686.5564,25.411829
9688.3935,25.437686
9690.2307,25.320798
9692.0682,25.185087
9693.9058,25.132513
9695.7436,25.065822
9697.5815,24.911288
9699.4197,24.770872
9701.258,24.599083
9703.0965,24.501021
9704.9351,24.489233
9706.774,24.377053
9708.613,24.21154
9710.4521,24.182497
9712.2915,24.062475
9714.131,23.928335
9715.9707,23.874195
9717.8106,23.801232
9719.6506,23.750231
9721.4909,23.675699
9723.3313,23.563521
9725.1718,23.394873
9727.0126,23.306225
9728.8535,23.16895
9730.6946,22.942263
9732.5359,22.839498
9734.3773,22.788497
9736.2189,22.624556
9738.0607,22.597086
9739.9027,22.64491
9741.7448,22.513911
9743.5872,22.321735
9745.4296,22.291128
9747.2723,22.086404
9749.1151,21.928739
9750.9582,21.891859
9752.8013,21.913018
9754.6447,21.840059
9756.4882,21.698081
9758.3319,21.623554
9760.1758,21.55844
9762.0199,21.421168
9763.8641,21.384289
9765.7085,21.35996
9767.5531,21.258767
9769.3978,21.096399
9771.2428,21.108148
9773.0879,21.085388
9774.9331,21.11753
9776.7786,21.043005
9778.6242,21.037501
9780.47,20.878271
9782.316,20.6861
9784.1621,20.5504
9786.0085,20.4147
9787.855,20.277431
9789.7016,20.268791
9791.5485,20.286817
9793.3955,20.221706
9795.2427,20.225615
9797.09,20.176191
9798.9376,20.092258
9800.7853,19.954991
9802.6332,19.877332
9804.4813,19.848301
9806.3295,19.872604
9808.1779,19.834162
9810.0265,19.787876
9811.8752,19.75414
9813.7242,19.720405
9815.5733,19.592551
9817.4226,19.478816
9819.272,19.416846
9821.1217,19.301542
9822.9715,19.244278
9824.8214,19.221524
9826.6716,19.19877
9828.5219,19.133664
9830.3724,19.125028
9832.2231,18.978353
9834.0739,18.911678
9835.925,18.868534
9837.7762,18.844212
9839.6275,18.782244
9841.4791,18.759492
9843.3308,18.658309
9845.1827,18.538303
9847.0348,18.435551
9848.887,18.34378
9850.7394,18.222206
9852.592,18.221416
9854.4448,18.118665
9856.2977,18.030033
9858.1508,17.979047
9860.0041,17.895121
9861.8576,17.771979
9863.7112,17.731975
9865.565,17.698245
9867.419,17.582947
9869.2732,17.5351
9871.1275,17.515489
9872.982,17.497447
9874.8367,17.441757
9876.6916,17.423715
9878.5466,17.38685
9880.4018,17.280965
9882.2572,17.143708
9884.1127,17.064491
9885.9685,17.01194
9887.8244,16.971939
9889.6804,16.891153
9891.5367,16.863701
9893.3931,16.751543
9895.2497,16.713111
9897.1065,16.662131
9898.9634,16.553111
9900.8205,16.541346
9902.6778,16.570366
9904.5353,16.516249
9906.393,16.482524
9908.2508,16.49429
9910.1088,16.383703
9911.9669,16.282528
9913.8253,16.186059
9915.6838,16.08959
9917.5425,16.004102
9919.4013,15.932732
9921.2604,15.922538
9923.1196,15.807247
9924.979,15.745289
9926.8385,15.69588
9928.6983,15.679413
9930.5582,15.640985
9932.4182,15.593146
9934.2785,15.524915
9936.1389,15.480213
9937.9995,15.413551
9939.8603,15.296693
9941.7213,15.28807
9943.5824,15.270036
9945.4437,15.234748
9947.3052,15.29044
9949.1668,15.252014
9951.0286,15.193197
9952.8906,15.118693
9954.7528,15.04419
9956.6152,14.877138
9958.4777,14.763419
9960.3404,14.704603
9962.2032,14.637943
9964.0663,14.569716
9965.9295,14.55639
9967.7929,14.561888
9969.6565,14.554838
9971.5202,14.627787
9973.3841,14.627012
9975.2482,14.546236
9977.1125,14.488991
9978.9769,14.359588
9980.8415,14.164304
9982.7063,14.094509
9984.5713,14.015304
9986.4364,13.987863
9988.3017,13.951011
9990.1672,13.903178
9992.0328,13.847503
9993.8987,13.835749
9995.7647,13.81929
9997.6308,13.802831
9999.4972,13.781666
10001.364,13.766776
10003.23,13.676592
10005.097,13.551899
10006.964,13.49152
10008.832,13.43114
10010.699,13.290761
10012.567,13.249206
10014.434,13.171572
10016.302,13.100214
10018.17,13.05709
10020.039,13.048477
10021.907,13.022609
10023.776,12.993604
10025.644,13.003815
10027.513,12.87285
10029.383,12.806198
10031.252,12.72543
10033.121,12.690151
10034.991,12.585854
10036.861,12.607046
10038.731,12.617259
10040.601,12.581981
10042.471,12.496508
10044.342,12.389074
10046.213,12.347523
10048.084,12.254207
10049.955,12.165597
10051.826,12.128752
10053.697,12.102888
10055.569,12.018985
10057.441,11.950768
10059.312,11.934317
10061.185,11.884924
10063.057,11.879453
10064.929,11.86457
10066.802,11.826159
10068.675,11.756375
10070.548,11.672473
10072.421,11.626219
10074.294,11.515652
10076.168,11.461555
10078.041,11.443537
10079.915,11.409832
10081.789,11.388678
10083.663,11.311052
10085.538,11.327545
10087.412,11.2609
10089.287,11.187981
10091.162,11.149573
10093.037,11.162929
10094.912,11.046089
10096.788,11.035916
10098.663,10.977116
10100.539,10.919885
10102.415,10.861085
10104.291,10.802286
10106.167,10.828193
10108.044,10.822727
10109.92,10.781183
10111.797,10.75062
10113.674,10.709077
10115.551,10.596945
10117.429,10.54599
10119.306,10.491899
10121.184,10.390748
10123.062,10.372735
10124.94,10.359429
10126.818,10.258279
10128.696,10.155561
10130.575,10.205
10132.453,10.176008
10134.332,10.114075
10136.211,10.121161
10138.091,10.067072
10139.97,9.9674923
10141.85,9.8600699
10143.729,9.7651967
10145.609,9.6922845
10147.489,9.6476078
10149.37,9.6311667
10151.25,9.6162944
10153.131,9.5543635
10155.012,9.5567465
10156.893,9.4995219
10158.774,9.4344544
10160.655,9.3301715
10162.537,9.309026
10164.418,9.2659199
10166.3,9.2557553
10168.182,9.2393163
10170.064,9.2322893
10171.947,9.156243
10173.829,9.0660792
10175.712,9.0888568
10177.595,9.0488896
10179.478,9.0010794
10181.361,9.0160146
10183.245,8.9964401
10185.128,8.8858855
10187.012,8.7972919
10188.896,8.7494828
10190.78,8.6969681
10192.664,8.6868065
10194.549,8.5652726
10196.434,8.5598174
10198.318,8.5590683
10200.203,8.4532213
10202.089,8.4022765
10203.974,8.388979
10205.859,8.2941131
10207.745,8.2196396
10209.631,8.2126173
10211.517,8.1820657
10213.403,8.1342595
10215.29,8.1460614
10217.176,8.0888439
10219.063,7.9657442
10220.95,7.913233
10222.837,7.9234671
10224.724,7.847427
10226.612,7.8357007
10228.499,7.882014
10230.387,7.8514646
10232.275,7.7362097
10234.163,7.6837
10236.051,7.6907984
10237.94,7.6304461
10239.828,7.5700939
10241.717,7.6038597
10243.606,7.5670374
10245.495,7.476882
10247.385,7.4463347
10249.274,7.4204935
10251.164,7.3852407
10253.054,7.384498
10254.944,7.3084613
10256.834,7.2245818
10258.725,7.1767809
10260.615,7.1117253
10262.506,7.0200033
10264.397,7.0459285
10266.288,7.0200893
10268.179,6.9566032
10270.071,6.9574311
10271.962,6.9096317
10273.854,6.8492835
10275.746,6.8281513
10277.638,6.766235
10279.53,6.7341228
10281.423,6.7004421
10283.315,6.6855853
10285.208,6.6534737
10287.101,6.6605781
10288.994,6.6065062
10290.888,6.613611
10292.781,6.5987553
10294.675,6.5556645
10296.569,6.5517895
10298.463,6.5494835
10300.357,6.4812953
10302.252,6.4476171
10304.146,6.4108019
10306.041,6.3379084
10307.936,6.2838388
10309.831,6.256436
10311.726,6.2117785
10313.622,6.2126115
10315.517,6.186778
10317.413,6.1797682
10319.309,6.1555038
10321.205,6.0653572
10323.101,6.075603
10324.998,6.0136922
10326.895,5.9408012
10328.791,5.9714399
10330.688,5.9063924
10332.586,5.850757
10334.483,5.8578669
10336.38,5.8147809
10338.278,5.7465971
10340.176,5.7678253
10342.074,5.7200341
10343.972,5.6832236
10345.871,5.706021
10347.769,5.6943089
10349.668,5.6543618
10351.567,5.6018658
10353.466,5.5823112
10355.365,5.4984431
10357.265,5.4522223
10359.164,5.4812959
10361.064,5.4742912
10362.964,5.432777
10364.864,5.4116551
10366.765,5.3497491
10368.665,5.2705885
10370.566,5.1961339
10372.467,5.157758
10374.368,5.1193823
10376.269,5.1327716
10378.17,5.1163571
10380.072,5.1407272
10381.974,5.1650975
10383.875,5.0933336
10385.777,5.0856595
10387.68,5.0354086
10389.582,5.0299759
10391.485,4.9696414
10393.387,4.9283548
10395.29,4.9722225
10397.193,4.9040455
10399.097,4.8582777
10401,4.8326783
10402.904,4.8048381
10404.808,4.8195752
10406.712,4.7693265
10408.616,4.7269212
10410.52,4.6946002
10412.425,4.6544362
10414.329,4.6321996
10416.234,4.5741089
10418.139,4.5529932
10420.044,4.5699729
10421.95,4.5174851
10423.855,4.5333449
10425.761,4.5267959
10427.667,4.4978382
10429.573,4.5024941
10431.479,4.4634528
10433.386,4.4266526
10435.292,4.4156229
10437.199,4.3732209
10439.106,4.3633121
10441.013,4.3309946
10442.92,4.282991
10444.828,4.2517944
10446.735,4.2217184
10448.643,4.2028471
10450.551,4.2153486
10452.459,4.1964778
10454.368,4.1742458
10456.276,4.1856275
10458.185,4.1947686
10460.094,4.1378034
10462.003,4.1323791
10463.912,4.0675712
10465.821,4.0117271
10467.731,4.0231101
10469.641,3.9594234
10471.551,3.8867732
10473.461,3.8813502
10475.371,3.8378322
10477.281,3.8088802
10479.192,3.7978556
10481.103,3.7520973
10483.014,3.7153028
10484.925,3.6930744
10486.836,3.652919
10488.747,3.6273297
10490.659,3.6163064
10492.571,3.5705495
10494.483,3.5281541
10496.395,3.4902407
10498.307,3.4736161
10500.22,3.4513894
10502.133,3.4358857
10504.045,3.3755642
10505.958,3.3454951
10507.872,3.3277511
10509.785,3.3245732
10511.699,3.310191
10513.612,3.2689183
10515.526,3.223164
10517.44,3.2233483
10519.355,3.219051
10521.269,3.2057904
10523.184,3.1432302
10525.098,3.097477
10527.013,3.0931806
10528.929,3.0373438
10530.844,2.9848686
10532.759,2.9503208
10534.675,2.897846
10536.591,2.9058756
10538.507,2.8567626
10540.423,2.7953249
10542.339,2.8033552
10544.256,2.7912177
10546.172,2.7544305
10548.089,2.7344502
10550.006,2.6931817
10551.924,2.7068154
10553.841,2.702522
10555.759,2.6690973
10557.676,2.6379137
10559.594,2.6212961
10561.512,2.620365
10563.431,2.5959048
10565.349,2.5400722
10567.268,2.5245759
10569.186,2.5102004
10571.105,2.5204749
10573.024,2.5016179
10574.944,2.4894839
10576.863,2.4739888
10578.783,2.4640961
10580.703,2.4452401
10582.623,2.410698
10584.543,2.3604698
10586.463,2.3718666
10588.384,2.3272411
10590.304,2.3352769
10592.225,2.3287471
10594.146,2.3054108
10596.068,2.3414585
10597.989,2.331568
10599.911,2.2970279
10601.832,2.2714516
10603.754,2.2167439
10605.676,2.2169383
10607.599,2.2204944
10609.521,2.150101
10611.444,2.1514166
10613.366,2.1437688
10615.289,2.1630119
10617.213,2.1833758
10619.136,2.166765
10621.059,2.171443
10622.983,2.1772417
10624.907,2.153909
10626.831,2.1429013
10628.755,2.0859556
10630.679,2.0502986
10632.604,2.0695437
10634.529,2.0618983
10636.454,2.1024324
10638.379,2.1026306
10640.304,2.0546498
10642.229,2.1097504
10644.155,2.0998652
10646.081,2.0485237
10648.006,2.0016642
10649.933,1.9604071
10651.859,1.9830158
10653.785,2.0067452
10655.712,1.9722115
10657.639,1.9668096
10659.566,1.9714921
10661.493,1.9963428
10663.42,1.9506055
10665.348,1.9082297
10667.275,1.9005881
10669.203,1.8694173
10671.131,1.8696192
10673.059,1.7992332
10674.988,1.7624608
10676.916,1.7805905
10678.845,1.7292528
10680.774,1.7003242
10682.703,1.6949252
10684.632,1.6704788
10686.562,1.7065369
10688.491,1.6641638
10690.421,1.6206705
10692.351,1.6219953
10694.281,1.5740206
10696.211,1.5327689
10698.142,1.5049627
10700.072,1.440182
10702.003,1.4134967
10703.934,1.3912934
10705.865,1.3433201
10707.797,1.3312013
10709.728,1.2731444
10711.66,1.2117263
10713.592,1.2085717
10715.524,1.1863698
10717.456,1.1372773
10719.388,1.1016305
10721.321,1.0727065
10723.253,1.0449032
10725.186,1.0540749
10727.119,0.98929728
10729.053,0.95701285
10730.986,0.91688551
10732.92,0.90364915
10734.853,0.86576314
10736.787,0.84580453
10738.721,0.78214866
10740.656,0.7554678
10742.59,0.70525775
10744.525,0.70210674
10746.46,0.64181309
10748.395,0.58712191
10750.33,0.5918147
10752.265,0.5427262
10754.201,0.50820375
10756.136,0.51289721
10758.072,0.46941161
10760.008,0.47186461
10761.944,0.46983603
10763.881,0.41738751
10765.817,0.42768431
10767.754,0.39204296
10769.691,0.3373542
10771.628,0.31627911
10773.565,0.28175887
10775.503,0.25284108
10777.44,0.22056218
10779.378,0.17483811
10781.316,0.20418429
10783.254,0.18983322
10785.192,0.1810846
10787.131,0.14096366
10789.069,0.12101101
10791.008,0.1458765
10792.947,0.12368339
10794.886,0.072358853
10796.826,0.040082152
10798.765,-0.012362396
10800.705,0.00017927171
10802.645,-0.014118777
10804.585,-0.049703304
10806.525,-0.018058905
10808.465,-0.0020987436
10810.406,-0.0051841652
10812.347,0.025345895
10814.288,0.0076987194
10816.229,0.019185233
10818.17,0.035155575
10820.111,-0.00041266233
10822.053,-0.016931245
10823.995,-0.0054365862
10825.937,-0.012987511
10827.879,0.008595254
10829.821,0.006650643
10831.764,-0.0042555172
10833.706,0.0038879779
10835.649,-0.010375454
10837.592,-0.0067096794
10839.535,-0.015366798
10841.479,-0.045310396
10843.422,-0.041638513
10845.366,-0.062614453
10847.31,-0.043252222
10849.254,-0.026128852
10851.198,-0.026894306
10853.142,-0.0074897537
10855.087,0.015278082
10857.032,0.011157101
10858.977,0.039531056
10860.922,0.023089022
10862.867,0.059309993
10864.812,0.068642146
10866.758,0.01523114
10868.704,0.0055195525
10870.65,-0.0008287515
10872.596,-0.036306769
10874.542,-0.013519542
10876.489,-0.065800404
10878.435,-0.078863641
10880.382,-0.043745667
10882.329,-0.034396061
10884.276,-0.012719587
10886.224,0.025765549
10888.171,0.014952904
10890.119,0.0086239914
10892.067,0.013501499
10894.015,0.013899154
10895.963,0.012057851
10897.911,0.001254902
10899.86,-0.015323901
10901.809,0.020759983
10903.758,0.035556975
10905.707,0.021223937
10907.656,0.0046516261
10909.605,-0.033207578
10911.555,-0.016163198
10913.505,-0.0058398837
10915.455,-0.047055563
10917.405,-0.035608555
10919.355,-0.021919028
10921.306,-0.022793704
10923.256,0.0088262399
10925.207,-0.011092809
10927.158,-0.026528443
10929.109,-0.041962454
10931.061,-0.052913049
10933.012,-0.030248576
10934.964,-0.015425617
10936.916,-0.020769102
10938.868,-0.0093042419
10940.82,-0.010162689
10942.773,0.019232588
10944.725,0.027340973
10946.678,-0.0071260504
10948.631,-0.0075571019
10950.584,-0.012468386
10952.537,0.0016695104
10954.491,-0.0043591003
10956.444,-0.0092657023
10958.398,0.010479116
10960.352,0.032466392
10962.306,0.047732538
10964.26,0.065241142
10966.215,0.0020790376
10968.17,0.010627177
10970.124,-0.020038809
10972.079,-0.040619201
10974.035,-0.024223243
10975.99,-0.051523203
10977.946,-0.031762779
10979.901,-0.016482588
10981.857,-8.0387114e-005
10983.813,0.037611889
10985.769,0.028246903
10987.726,0.0020767541
10989.682,0.010642059
10991.639,-0.021127209
10993.596,-0.0080769898
10995.553,-0.043204482
10997.511,-0.039007251
10999.468,-0.014640583
11001.426,-0.031729126
11003.383,0.024012833
11005.341,0.006927031
11007.3,0.0066493224
11009.258,0.048950015
11011.216,0.0049775689
11013.175,0.0080653169
11015.134,0.018997573
11017.093,-0.045138829
11019.052,0.0050118547
11021.011,0.0013823963
11022.971,-0.010088829
11024.931,0.0064525215
11026.891,-0.0050159622
11028.851,0.019371267
11030.811,0.005664628
11032.771,0.0087660827
11034.732,0.0017848745
11036.693,-0.017519893
11038.654,0.010235534
11040.615,0.0099811266
11042.576,0.0052462975
11044.537,0.039728525
11046.499,0.0047443367
11048.461,0.02466348
11050.423,0.038981752
11052.385,0.028651536
11054.347,0.034008964
11056.31,0.023681489
11058.273,0.02231897
11060.235,0.025439614
11062.198,0.059934178
11064.162,0.022721429
11066.125,0.022484841
11068.089,0.043538139
11070.052,0.020895328
11072.016,0.038590023
11073.98,0.033877125
11075.945,0.010117978
11077.909,0.045743955
11079.874,0.023107998
11081.838,-0.020815103
11083.803,0.019296779
11085.768,-0.0010941698
11087.734,-0.0069179214
11089.699,-0.011619854
11091.665,-0.025284002
11093.631,-0.0064537815
11095.597,0.017806929
11097.563,-0.0061102765
11099.529,-0.018821645
11101.496,0.00096133898
11103.462,-0.038638075
11105.429,-0.017731932
11107.396,-0.019233398
11109.363,-0.020733508
11111.331,0.011381183
11113.298,-0.014766076
11115.266,-0.029707499
11117.234,0.0035317064
11119.202,-0.020370591
11121.17,-0.015139879
11123.139,-0.034557673
11125.107,-0.053974111
11127.076,-0.022969026
11129.045,-0.0009261708
11131.014,0.016636247
11132.983,0.026356883
11134.953,0.034958426
11136.923,0.04019998
11138.892,0.012949892
11140.862,0.026037293
11142.833,0.023439776
11144.803,0.016692093
11146.773,0.045799939
11148.744,0.012163873
11150.715,0.039033195
11152.686,0.028928914
11154.657,0.0042599924
11156.629,-0.0058419161
11158.6,-0.045074291
11160.572,-0.066378308
11162.544,-0.059669935
11164.516,-0.094416958
11166.488,-0.056333662
11168.461,-0.035055903
11170.433,-0.029463232
11172.406,0.0063827263
11174.379,-0.0048289525
11176.352,0.0030081742
11178.325,-0.0070806836
11180.299,0.013083746
11182.272,0.024285776
11184.246,0.0097186853
11186.22,0.045572949
11188.194,0.039971816
11190.169,0.044455903
11192.143,0.064627451
11194.118,0.02315307
11196.093,0.010811525
11198.068,0.029843714
11200.043,-0.020590699
11202.019,0.010768789
11203.994,0.0017933267
11205.97,-0.0094218473
11207.946,-0.00046776951
11209.922,-0.035209986
11211.898,-0.055385192
11213.875,-0.05315025
11215.851,-0.07780488
11217.828,-0.078928914
11219.805,-0.091256245
11221.782,-0.080052979
11223.759,-0.065487185
11225.737,-0.034113484
11227.715,-0.031870251
11229.692,-0.0094577658
11231.67,0.0017514217
11233.649,0.023045827
11235.627,0.03649828
11237.605,0.033145195
11239.584,0.011866123
11241.563,0.029803922
11243.542,0.016266743
11245.521,0.031862294
11247.501,0.0306522
11249.48,0.0047933215
11251.46,0.025994344
11253.44,0.032630616
11255.42,0.029183932
11257.4,0.017895187
11259.381,-0.0012356186
11261.361,-0.017004003
11263.342,-0.0036396576
11265.323,-0.0070809584
11267.304,-0.029568802
11269.286,-0.039730638
11271.267,-0.04204826
11273.249,-0.039883014
11275.231,-0.014187278
11277.213,-0.048994668
11279.195,-0.042344398
11281.177,-0.025609018
11283.16,-0.021197491
11285.142,0.0011422836
11287.125,0.023483135
11289.108,0.022295651
11291.092,0.03567507
11293.075,0.030964395
11295.059,0.013929755
11297.042,0.009221008
11299.026,0.010115466
11301.01,0.0065290952
11302.995,0.000702792
11304.979,0.019527313
11306.964,0.0081006963
11308.949,0.015722663
11310.934,0.033429627
11312.919,0.00071738714
11314.904,-0.027512096
11316.89,-0.024368067
11318.875,-0.036909348
11320.861,-0.019197564
11322.847,-0.028375573
11324.833,-0.031950377
11326.82,-0.023199287
11328.806,-0.0032427508
11330.793,0.0010284743
11332.78,-0.038396816
11334.767,-0.01731694
11336.754,0.0037638995
11338.742,-0.012129087
11340.729,0.013435473
11342.717,-0.013660067
11344.705,0.0051837314
11346.693,0.04531701
11348.681,0.018224361
11350.67,0.034830155
11352.658,0.029027949
11354.647,0.051237912
11356.636,0.068967046
11358.625,0.035156528
11360.615,0.046164901
11362.604,0.023560792
11364.594,0.0065598885
11366.584,0.00076443039
11368.574,-0.046486646
11370.564,-0.05676197
11372.554,-0.049109158
11374.545,-0.04257583
11376.535,-0.048366469
11378.526,-0.051915247
11380.517,-0.025210961
11382.509,-0.018673778
11384.5,0.016996022
11386.492,0.033619167
11388.483,0.042400138
11390.475,0.075831933
11392.468,0.058384882
11394.46,0.055504581
11396.452,0.050384307
11398.445,0.0094106156
11400.438,0.0020512931
11402.431,-0.037800103
11404.424,-0.01938727
11406.417,-0.0020939613
11408.411,-0.010570037
11410.404,0.0089660152
11412.398,0.018418958
11414.392,0.0009820676
11416.387,0.041809407
11418.381,0.031097053
11420.375,0.022626519
11422.37,0.022000047
11424.365,0.023615394
11426.36,0.036436147
11428.355,0.059341858
11430.351,0.0071784639
11432.346,-0.022575043
11434.342,-0.01871418
11436.338,-0.037261358
11438.334,-0.030037303
11440.331,-0.040739496
11442.327,-0.06959757
11444.324,-0.032348396
11446.321,-0.037675447
11448.318,-0.041881244
11450.315,-0.015834134
11452.312,-0.029001904
11454.31,-0.029843939
11456.307,-0.00043306629
11458.305,-0.0091166261
11460.303,0.015814065
11462.301,0.035143322
11464.3,0.015257698
11466.298,0.00769781
11468.297,0.0035000725
11470.296,-0.0029377554
11472.295,-0.019458811
11474.294,-0.032617716
11476.294,-0.042414471
11478.293,-0.00066980334
11480.293,-0.0082240498
11482.293,-0.013536594
11484.293,-0.022209677
11486.293,-0.035363746
11488.294,-0.022746702
11490.295,-0.010128852
11492.295,-0.055251655
11494.296,-0.047712641
11496.298,-0.020004806
11498.299,-0.033752799
11500.3,0.039894919
11502.302,0.035112019
11504.304,0.015764046
11506.306,0.059161925
11508.308,0.053260837
11510.311,0.051842297
11512.313,0.052665406
11514.316,0.0019486535
11516.319,0.015098201
11518.322,0.030489398
11520.325,0.020111041
11522.329,0.032142401
11524.332,0.029608689
11526.336,0.032677972
11528.34,0.024543526
11530.344,0.029855213
11532.349,0.0026746562
11534.353,-0.0065779759
11536.358,0.00097686849
11538.363,-0.019478738
11540.368,0.010486578
11542.373,0.019164132
11544.378,0.017758406
11546.384,0.029798812
11548.389,0.041839972
11550.395,0.056122782
11552.401,0.071526794
11554.407,0.081329319
11556.414,0.11130067
11558.42,0.084129908
11560.427,0.088332454
11562.434,0.091415305
11564.441,0.1034625
11566.448,0.11775134
11568.456,0.10178883
11570.464,0.083586181
11572.471,0.090034146
11574.479,0.098723761
11576.487,0.08276427
11578.496,0.071287325
11580.504,0.057570238
11582.513,0.032649423
11584.522,0.043583703
11586.531,0.052277841
11588.54,0.032961528
11590.549,0.028211796
11592.559,0.0077765423
11594.569,0.0097510063
11596.578,0.047580566
11598.588,0.014822644
11600.599,0.02240161
11602.609,0.043426709
11604.62,0.049886735
11606.63,0.078756478
11608.641,0.076254426
11610.652,0.03565789
11612.664,0.08581841
11614.675,0.053066518
11616.687,0.057290171
11618.699,0.063755473
11620.711,0.050053462
11622.723,0.094615511
11624.735,0.11004666
11626.748,0.089624221
11628.76,0.11738181
11630.773,0.080154155
11632.786,0.060854426
11634.799,0.075168896
11636.813,0.032341263
11638.826,0.055620826
11640.84,0.050889939
11642.854,0.054002943
11644.868,0.12770494
11646.882,0.13418079
11648.897,0.12385068
11650.911,0.11800311
11652.926,0.069579269
11654.941,0.079419484
11656.956,0.081417317
11658.971,0.045320665
11660.987,0.05628359
11663.002,0.043717857
11665.018,0.037875568
11667.034,0.072370166
11669.05,0.054204454
11671.067,0.047243978
11673.083,0.018995739
11675.1,0.022120804
11677.117,-0.0038850299
11679.134,0.012686921
11681.151,-0.013317406
11683.168,-0.034839186
11685.186,-0.028349007
11687.203,-0.038664798
11689.221,-0.044498042
11691.239,-0.032403361
11693.258,-0.048671169
11695.276,-0.031324809
11697.295,-0.0094959318
11699.313,-0.012316191
11701.332,0.011755029
11703.352,0.010056664
11705.371,0.012840816
11707.39,0.0021803126
11709.41,-0.0039976744
11711.43,0.0055113365
11713.45,-0.0029061
11715.47,0.007724806
11717.49,0.0071519536
11719.511,-0.0023837608
11721.531,0.025056038
11723.552,0.032328493
11725.573,0.035119879
11727.595,0.045755126
11729.616,0.019416306
11731.637,0.045739274
11733.659,0.054135794
11735.681,0.042364971
11737.703,0.050762938
11739.725,0.033391321
11741.748,0.049633872
11743.77,0.060274906
11745.793,0.031700977
11747.816,0.049066147
11749.839,0.021614113
11751.863,0.0266558
11753.886,0.0384209
11755.91,-0.008076583
11757.934,0.01825579
11759.958,-0.0047108344
11761.982,-0.038881217
11764.006,-0.011426226
11766.031,-0.063522332
11768.055,-0.043909032
11770.08,-0.025415456
11772.105,-0.06630491
11774.13,-0.022039579
11776.156,-0.012507419
11778.181,-0.014179016
11780.207,0.025606692
11782.233,0.0071298187
11784.259,0.0032194949
11786.285,0.027321099
11788.312,-0.002358086
11790.338,0.017263172
11792.365,0.030162465
11794.392,0.036311796
11796.419,0.0413414
11798.446,0.038528587
11800.474,0.035716496
11802.502,0.031784677
11804.529,0.013287753
11806.557,0.0037551357
11808.586,-0.021463035
11810.614,-0.02539197
11812.642,-0.02483839
11814.671,-0.035488572
11816.7,-0.019247276
11818.729,-0.025414223
11820.758,-0.033821345
11822.788,-0.00077116361
11824.817,-0.022622222
11826.847,-0.0074977691
11828.877,-0.019263352
11830.907,-0.022064628
11832.937,0.010989159
11834.968,0.0003461876
11836.998,-0.0046938218
11839.029,0.00035092346
11841.06,-0.0013262993
11843.091,0.036212885
11845.123,0.023617145
11847.154,0.0065401662
11849.186,0.0040295665
11851.218,-0.011925858
11853.25,-0.016676247
11855.282,-0.020305635
11857.314,-0.037379848
11859.347,-0.025321855
11861.379,-0.016624654
11863.412,-0.0023246578
11865.445,0.009734995
11867.478,0.024036097
11869.512,0.028253719
11871.545,0.039194584
11873.579,0.03893152
11875.613,0.036428112
11877.647,0.015998088
11879.681,0.016857131
11881.716,0.0098735913
11883.75,-0.0094343256
11885.785,-0.018657656
11887.82,-0.0077123651
11889.855,-0.011332348
11891.891,0.0052162902
11893.926,-0.00064348226
11895.962,-0.017707183
11897.998,0.0044453554
11900.034,0.024357551
11902.07,-0.0016680758
11904.106,-0.0097659783
11906.143,-0.01002019
11908.18,-0.01587609
11910.216,0.0096411128
11912.253,-0.0040568175
11914.291,-0.011031505
11916.328,-0.034812363
11918.366,-0.00032936176
11920.403,0.019588366
11922.441,0.018218132
11924.479,0.023571141
11926.518,0.018840668
11928.556,0.004026716
11930.595,0.029549451
11932.634,0.0035321236
11934.673,-0.038170925
11936.712,-0.028332805
11938.751,-0.030819061
11940.791,-0.015377593
11942.83,-0.026826328
11944.87,0.0099047619
11946.91,0.015638282
11948.95,0.044901704
11950.991,0.036070377
11953.031,0.012673713
11955.072,0.034095466
11957.113,0.015181574
11959.154,-0.0059727247
11961.195,-0.039451464
11963.236,-0.067327472
11965.278,-0.040301031
11967.32,-0.0065514105
11969.362,-0.044509984
11971.404,0.019492716
11973.446,0.022991704
11975.489,0.034334319
11977.531,0.059122802
11979.574,0.036852951
11981.617,0.024667623
11983.66,0.049457574
11985.704,0.0047802278
11987.747,-0.016367217
11989.791,0.01626734
11991.835,0.0096867009
11993.879,0.012070136
11995.923,-0.0057140056
11997.967,-0.021256762
12000.012,0.029307414
12002.056,0.041776842
12004.101,-0.0028960985
12006.146,0.011815204
12008.192,0.014202067
12010.237,0.012107626
12012.283,0.010013675
12014.328,-0.036897713
12016.374,-0.041231582
12018.42,-0.037721823
12020.467,-0.020766197
12022.513,-0.026219045
12024.56,-0.0070215431
12026.607,-0.012473412
12028.654,0.021290895
12030.701,0.049453451
12032.748,0.082098289
12034.796,0.080009723
12036.843,0.05775358
12038.891,0.056786441
12040.939,0.052458448
12042.987,0.020119739
12045.036,0.01243138
12047.084,0.010345752
12049.133,-0.035436866
12051.182,0.0095373078
12053.231,0.011934941
12055.28,0.007610374
12057.33,0.013370331
12059.379,0.01688988
12061.429,-0.0098421813
12063.479,0.017207759
12065.529,-0.014005116
12067.579,-0.044097053
12069.63,-0.032731918
12071.681,-0.033691224
12073.731,-0.055938556
12075.782,-0.064740019
12077.834,-0.054493374
12079.885,-0.04424624
12081.936,-0.023914582
12083.988,0.004260702
12086.04,0.01787065
12088.092,0.0045903305
12090.144,0.028285291
12092.197,0.0060423655
12094.249,0.018533823
12096.302,0.015339496
12098.355,-0.0012997199
12100.408,0.026065487
12102.461,0.016456325
12104.515,0.020292961
12106.568,0.031973155
12108.622,-0.0090072943
12110.676,0.016119119
12112.73,-0.0013310781
12114.784,-0.033346681
12116.839,0.019792198
12118.893,-0.01446346
12120.948,-0.0039007704
12123.003,0.017866821
12125.058,-0.0063035418
12127.114,0.021067132
12129.169,-0.016547768
12131.225,-0.030632836
12133.281,-0.014465383
12135.337,-0.017345128
12137.393,0.014509441
12139.45,0.012750985
12141.506,0.021076983
12143.563,0.041728331
12145.62,0.028766655
12147.677,0.056141534
12149.734,0.024133079
12151.792,0.029099835
12153.849,0.044151045
12155.907,-0.0013015256
12157.965,0.061929797
12160.023,0.052332409
12162.081,0.031530959
12164.14,0.07235458
12166.199,0.047072179
12168.257,0.053162747
12170.316,0.063735529
12172.376,0.037333941
12174.435,0.022137255
12176.494,0.036072643
12178.554,0.051128899
12180.614,0.026969889
12182.674,0.056592813
12184.734,0.064927641
12186.795,0.021722274
12188.855,0.068153182
12190.916,0.064164342
12192.977,0.036646511
12195.038,0.074115094
12197.099,0.0085028662
12199.161,0.013479294
12201.222,0.028540175
12203.284,0.0010244468
12205.346,-0.0018410014
12207.408,-0.025994545
12209.471,-0.036702289
12211.533,0.0041310033
12213.596,-0.0032145556
12215.659,0.028655992
12217.722,0.028033963
12219.785,0.04309863
12221.848,0.061525061
12223.912,0.023929503
12225.975,0.012104675
12228.039,0.0047620594
12230.103,-0.010423273
12232.168,0.0035234682
12234.232,-0.039672227
12236.297,-0.0066770264
12238.361,0.00054828703
12240.426,-0.01015315
12242.491,0.0060365899
12244.557,0.0054200276
12246.622,0.010406127
12248.688,0.040042506
12250.753,0.023740931
12252.819,0.052257703
12254.886,0.057202446
12256.952,0.031895505
12259.018,0.024516152
12261.085,0.0070531819
12263.152,0.0086382479
12265.219,-0.025630611
12267.286,-0.0307674
12269.353,-0.026940187
12271.421,-0.030955695
12273.489,-0.034970785
12275.557,-0.017696944
12277.625,-0.045240612
12279.693,-0.0201228
12281.761,-0.028618016
12283.83,-0.042715055
12285.899,0.0070538679
12287.968,0.0052825918
12290.037,-0.015535887
12292.106,0.017427565
12294.175,0.0066939537
12296.245,0.0015630005
12298.315,0.026684565
12300.385,0.019313549
12302.455,0.010822502
12304.525,0.01577725
12306.596,0.014009726
12308.667,0.030169789
12310.737,0.057534751
12312.808,0.040082203
12314.88,0.042798139
12316.951,0.04663494
12319.023,0.054953951
12321.094,0.044225759
12323.166,0.0088481244
12325.238,0.013807041
12327.31,0.0053209964
12329.383,0.00019671321
12331.455,0.0242045
12333.528,0.0022743273
12335.601,0.016198914
12337.674,0.04693064
12339.748,0.035085752
12341.821,0.025482177
12343.895,0.015879019
12345.968,0.0040353819
12348.042,0.026926055
12350.117,0.029649078
12352.191,0.015565795
12354.265,0.014928307
12356.34,0.036700199
12358.415,0.046147578
12360.49,0.055595375
12362.565,0.048236865
12364.641,0.025192498
12366.716,0.030159752
12368.792,0.019441148
12370.868,0.037854614
12372.944,0.0092096734
12375.02,-0.01383261
12377.097,0.0023412107
12379.173,0.012913207
12381.25,0.031328757
12383.327,0.044142484
12385.404,0.026704526
12387.481,0.045121327
12389.559,0.045611374
12391.636,0.029295115
12393.714,0.052194959
12395.792,0.058288498
12397.87,0.036371248
12399.949,0.021177105
12402.027,0.053042202
12404.106,0.044571582
12406.185,0.036101379
12408.264,0.020908903
12410.343,0.00011460304
12412.422,0.027499992
12414.502,0.032476834
12416.582,-0.0084842824
12418.662,0.02338415
12420.742,0.010435072
12422.822,0.0064499958
12424.902,0.010308474
12426.983,-0.030650558
12429.064,0.0090630959
12431.145,-0.0083656906
12433.226,-0.030275853
12435.307,-0.0028858785
12437.389,-0.019192966
12439.47,-0.0086088807
12441.552,0.004216518
12443.634,-0.036739179
12445.716,-0.0082266721
12447.799,-0.021170331
12449.881,-0.027390884
12451.964,-0.011202056
12454.047,-0.036469394
12456.13,-0.027002422
12458.213,-0.020896377
12460.296,-0.0058263305
12462.38,0.0040814845
12464.464,-0.010660294
12466.548,-0.0052337391
12468.632,0.0069157711
12470.716,0.033631374
12472.8,0.036817831
12474.885,0.015354695
12476.97,0.018541685
12479.055,0.017247149
12481.14,0.012591534
12483.225,9.3048225e-005
12485.311,-0.048259513
12487.396,-0.052914329
12489.482,-0.06877336
12491.568,-0.029730165
12493.654,-0.019818355
12495.741,-0.036797036
12497.827,-0.0044757306
12499.914,0.013280015
12502.001,0.013108856
12504.088,0.017419755
12506.175,-0.010762076
12508.262,0.00027204564
12510.35,0.014667778
12512.438,-6.7876256e-005
12514.526,0.0042443549
12516.614,0.02872492
12518.702,0.034158132
12520.79,0.045193851
12522.879,0.05398894
12524.968,0.031411746
12527.057,0.031243782
12529.146,0.038919222
12531.235,0.019704171
12533.325,0.025139247
12535.414,0.013767867
12537.504,-0.0065668328
12539.594,0.0089530755
12541.684,0.00094383839
12543.775,-0.016028718
12545.865,0.0017328856
12547.956,0.0049289291
12550.047,-0.013163276
12552.138,-0.0077258041
12554.229,-0.022456133
12556.321,-0.010295439
12558.412,-0.0048571673
12560.504,-0.0095026634
12562.596,-0.010786549
12564.688,-0.0042270304
12566.78,-0.020076209
12568.873,-0.010154814
12570.965,-0.018160323
12573.058,-0.0015157062
12575.151,-0.015122924
12577.244,0.002642674
12579.338,0.010324504
12581.431,0.04937915
12583.525,0.050338824
12585.619,0.033371593
12587.713,0.032090903
12589.807,0.020726446
12591.901,0.017205393
12593.996,0.031611776
12596.09,-0.016726672
12598.185,0.022330104
12600.28,0.025532804
12602.376,0.024253978
12604.471,0.059950208
12606.567,0.044106089
12608.662,0.01929865
12610.758,0.052754783
12612.854,0.012261602
12614.951,0.024429752
12617.047,0.018670997
12619.144,-0.0083760067
12621.241,0.0049133902
12623.338,-0.015410392
12625.435,-0.0043613589
12627.532,-0.012359679
12629.63,0.014251667
12631.727,0.02268712
12633.825,0.02937992
12635.923,0.035201526
12638.021,0.034051722
12640.12,0.074732248
12642.218,0.050053564
12644.317,0.089863164
12646.416,0.083485666
12648.515,0.05967924
12650.614,0.049816436
12652.714,0.012938647
12654.813,0.024862868
12656.913,0.0010575078
12659.013,-0.026233425
12661.113,-0.0082081878
12663.213,-0.060770919
12665.314,-0.054945585
12667.414,-0.049119984
12669.515,-0.054623094
12671.616,-0.012758583
12673.717,-0.049325225
12675.819,-0.027503849
12677.92,-0.018754147
12680.022,-0.034405098
12682.124,0.0031032119
12684.226,0.0048818942
12686.328,0.014503933
12688.43,0.0032111595
12690.533,-0.012438693
12692.636,0.0093844404
12694.738,0.0085498417
12696.842,0.034730713
12698.945,0.030410715
12701.048,0.019119259
12703.152,0.036586192
12705.256,0.015709118
12707.36,0.03579087
12709.464,0.024500292
12711.568,0.014952853
12713.672,0.023706288
12715.777,-0.005884285
12717.882,0.015070024
12719.987,0.0177239
12722.092,0.011663398
12724.197,0.033489826
12726.303,0.025686843
12728.409,0.045770791
12730.514,0.055397442
12732.62,0.049338038
12734.727,0.072037024
12736.833,0.06336368
12738.94,0.040747201
12741.046,0.038174514
12743.153,0.020787232
12745.26,0.022572283
12747.368,0.038300909
12749.475,0.045315157
12751.583,0.057558383
12753.69,0.041915118
12755.798,0.040215429
12757.906,0.066402669
12760.015,0.056860281
12762.123,0.060390008
12764.232,0.070891633
12766.341,0.037820492
12768.45,0.019564386
12770.559,-0.010891937
12772.668,-0.028276144
12774.778,-0.027359479
12776.887,-0.029928432
12778.997,-0.030754246
12781.107,-0.046394656
12783.218,-0.060291926
12785.328,-0.044559348
12787.439,-0.036669687
12789.549,-0.030522726
12791.66,-0.021761166
12793.771,-0.021713983
12795.883,-0.015566363
12797.994,-0.026847717
12800.106,-0.0050133834
12802.217,0.0098494924
12804.329,0.0090263133
12806.441,0.027375467
12808.554,0.014352292
12810.666,0.025730207
12812.779,0.041465641
12814.892,0.017114148
12817.005,0.058122352
12819.118,0.039000056
12821.231,0.046021771
12823.345,0.043457649
12825.458,0.0086497384
12827.572,0.037458605
12829.686,0.028794924
12831.801,0.029717519
12833.915,0.038483471
12836.03,0.0045481176
12838.144,0.034229542
12840.259,0.0055233856
12842.374,-0.0057533568
12844.49,0.015214129
12846.605,0.0030663661
12848.721,0.024034291
12850.836,0.0066582094
12852.952,0.021526356
12855.069,0.038137641
12857.185,0.00071864521
12859.301,0.031273725
12861.418,0.033942314
12863.535,0.039225502
12865.652,0.054094966
12867.769,0.01144831
12869.886,0.025446754
12872.004,-0.0015131889
12874.122,-0.019758315
12876.24,0.0029553846
12878.358,-0.038818714
12880.476,-0.021333333
12882.594,-0.029864219
12884.713,-0.050595381
12886.832,-0.016424424
12888.951,-0.045869867
12891.07,-0.030870707
12893.189,-0.014128469
12895.308,-0.023529863
12897.428,0.010641886
12899.548,0.0064695663
12901.668,-0.0072886513
12903.788,-0.0044889763
12905.908,-0.0077893607
12908.029,0.0045966878
12910.149,0.013497056
12912.27,0.018040284
12914.391,0.016483453
12916.512,0.01492678
12918.634,0.0020412892
12920.755,0.010942449
12922.877,0.018100849
12924.999,0.01393043
12927.121,0.026317905
12929.243,0.029119481
12931.366,0.020592239
12933.488,0.036466027
12935.611,0.03491078
12937.734,0.049913426
12939.857,0.059687471
12941.98,0.050289562
12944.104,0.052220788
12946.227,0.042823195
12948.351,0.03865452
12950.475,0.035357462
12952.599,0.0399037
12954.724,0.028763822
12956.848,0.042024974
12958.973,0.041342929
12961.098,0.050247099
12963.223,0.060022888
12965.348,0.056726939
12967.473,0.057788447
12969.599,0.055364275
12971.724,0.042482745
12973.85,0.050516406
12975.976,0.023691838
12978.103,0.023011219
12980.229,0.0066444835
12982.356,-0.0079791739
12984.482,0.020098852
12986.609,0.0011182133
12988.737,0.001309846
12990.864,-0.0063415001
12992.991,-0.020092906
12995.119,0.017571969
12997.247,-0.0022793373
12999.375,0.038000233
13001.503,0.038192817
13003.631,0.0096273885
13005.76,0.027249482
13007.888,-0.001315629
13010.017,-0.00025095235
13012.146,0.015628698
13014.275,-0.011193019
13016.405,0.020373222
13018.534,-0.0055767183
13020.664,0.002460428
13022.794,-0.0051885418
13024.924,-0.00063691748
13027.054,0.032673035
13029.185,0.038967896
13031.315,0.044391455
13033.446,0.025414301
13035.577,0.032581097
13037.708,0.027547615
13039.839,0.0094423963
13041.971,0.03665324
13044.103,0.022905637
13046.234,0.024844466
13048.366,0.01022572
13050.499,-0.015721844
13052.631,0.01497563
13054.763,-0.0092286973
13056.896,-0.0099034548
13059.029,0.012951358
13061.162,-0.018224172
13063.295,0.0081167961
13065.429,0.0022139141
13067.562,0.011126005
13069.696,0.030495771
13071.83,0.00890709
13073.964,0.011719439
13076.098,0.010174647
13078.233,0.0060156351
13080.367,0.020157435
13082.502,-0.0057877527
13084.637,0.010097283
13086.772,-0.00016131283
13088.907,0.012238201
13091.043,0.028995172
13093.178,0.035294786
13095.314,0.046823315
13097.45,0.044408648
13099.586,0.060294794
13101.723,0.077052557
13103.859,0.080738583
13105.996,0.091396445
13108.133,0.083753812
13110.27,0.0682682
13112.407,0.052782747
13114.544,0.063441243
13116.682,0.060156542
13118.82,0.046414483
13120.958,0.025700905
13123.096,0.011959163
13125.234,0.032204508
13127.372,0.022820381
13129.511,0.014307873
13131.65,0.028453475
13133.789,0.0007691696
13135.928,0.0096863302
13138.067,0.0020459151
13140.207,-0.0055943416
13142.346,-0.011491521
13144.486,-0.036560654
13146.626,-0.015442266
13148.766,-0.011385007
13150.907,-0.016913687
13153.047,0.013287598
13155.188,-0.0096700416
13157.329,-0.0073552323
13159.47,-0.0015544668
13161.611,-0.0035967211
13163.753,-0.0073817773
13165.894,-0.025110071
13168.036,-0.0079798599
13170.178,-0.016993322
13172.32,-0.023392288
13174.462,-0.024562378
13176.605,-0.021375052
13178.747,-0.00075841431
13180.89,-0.0027996117
13183.033,0.01956018
13185.176,0.021876516
13187.319,0.012863993
13189.463,0.014309104
13191.607,0.0070397361
13193.75,0.037243252
13195.894,0.043046014
13198.039,0.03054824
13200.183,0.038094156
13202.327,0.01688202
13204.472,0.02529963
13206.617,0.026745681
13208.762,0.050849801
13210.907,0.033995433
13213.053,0.017141183
13215.198,0.017716243
13217.344,0.0060909857
13219.49,0.036295911
13221.636,0.050814679
13223.782,0.036575395
13225.929,0.04325126
13228.075,0.017683235
13230.222,0.04091707
13232.369,0.026678255
13234.516,0.020282695
13236.664,0.042645423
13238.811,0.0092348469
13240.959,0.010682777
13243.107,0.0042876863
13245.255,-0.0073360446
13247.403,-0.011987981
13249.551,-0.021868557
13251.7,-0.016062742
13253.848,-0.023328705
13255.997,-0.015779735
13258.146,-0.03263152
13260.296,-0.047740267
13262.445,-0.022761752
13264.595,-0.027412748
13266.744,0.0027947608
13268.894,-0.0044703798
13271.044,-0.0012778867
13273.195,0.014986619
13275.345,0.014693508
13277.496,0.037929927
13279.647,0.048094567
13281.798,0.053902027
13283.949,0.065809821
13286.1,0.039373507
13288.252,0.042566939
13290.403,0.041403191
13292.555,0.038496641
13294.707,0.039076046
13296.859,0.030940973
13299.012,0.036749372
13301.164,-0.00014363716
13303.317,-0.012635657
13305.47,0.00014477171
13307.623,-0.011475554
13309.776,0.0091482473
13311.93,0.010600052
13314.083,0.00072299867
13316.237,0.012632555
13318.391,-0.0077017802
13320.545,0.015536987
13322.699,0.023089597
13324.854,0.027156486
13327.008,0.056495823
13329.163,0.020475801
13331.318,0.019314283
13333.473,0.02948186
13335.629,0.016120142
13337.784,0.041974227
13339.94,0.034712962
13342.096,0.030066193
13344.252,0.038491437
13346.408,0.027744686
13348.564,0.059699576
13350.721,0.058539116
13352.878,0.025134765
13355.034,0.02310308
13357.192,0.011485455
13359.349,-0.0010035112
13361.506,0.01439435
13363.664,-0.014652116
13365.822,-0.0044827781
13367.979,-0.018714194
13370.138,-0.029459654
13372.296,-0.00011785079
13374.454,0.0022088195
13376.613,0.005407067
13378.772,0.035620682
13380.931,0.012675374
13383.09,0.042017765
13385.249,0.054802538
13387.409,0.049286776
13389.569,0.053357188
13391.728,0.039998523
13393.888,0.033611653
13396.049,0.041168256
13398.209,0.019095347
13400.37,0.03885262
13402.53,0.028980382
13404.691,-0.0026782319
13406.852,0.0083647969
13409.014,0.0063360477
13411.175,0.017379311
13413.337,0.029294152
13415.498,0.01419386
13417.66,0.022623097
13419.822,0.00578012
13421.985,-0.0014766827
13424.147,0.0017241484
13426.31,0.0040536371
13428.473,0.013354921
13430.636,-0.0043589284
13432.799,-0.0098722246
13434.962,-0.018871242
13437.126,-0.0095694885
13439.289,-0.0054963757
13441.453,-0.021466718
13443.617,-0.015650451
13445.781,-0.032492019
13447.946,-0.024932598
13450.11,-0.01388722
13452.275,-0.0071990237
13454.44,0.0090753469
13456.605,-0.0095085529
13458.77,-0.0080487623
13460.936,0.0082259606
13463.101,0.0088145264
13465.267,0.032932621
13467.433,0.021320986
13469.599,0.032367421
13471.766,0.035570835
13473.932,0.030059771
13476.099,0.03326342
13478.266,0.034724268
13480.433,0.038799612
13482.6,0.041132154
13484.767,0.041721894
13486.935,0.031854235
13489.102,0.020243775
13491.27,0.017348028
13493.438,0.0048663428
13495.607,0.00022791192
13497.775,0.0016898164
13499.943,-0.00033400047
13502.112,-0.0093293775
13504.281,-0.046211347
13506.45,-0.030805618
13508.62,-0.04764378
13510.789,-0.052281389
13512.959,-0.020317573
13515.128,-0.010140132
13517.298,-0.0051913317
13519.468,-0.006342632
13521.639,-0.00052213723
13523.809,0.026213508
13525.98,0.0079914163
13528.151,0.032470926
13530.322,0.037778399
13532.493,0.018685077
13534.664,0.024864162
13536.836,0.01099975
13539.008,0.0067214716
13541.179,-0.0036569488
13543.351,0.0016509816
13545.524,0.013930666
13547.696,-0.0042906632
13549.869,0.014089391
13552.041,0.0054542714
13554.214,-0.018867047
13556.387,-0.0065869813
13558.561,-0.013478953
13560.734,0.0049014826
13562.908,-0.0072190948
13565.082,-0.0036533215
13567.256,0.013855883
13569.43,-0.0043646834
13571.604,0.0026871574
13573.779,0.0062532357
13575.953,0.017662527
13578.128,0.01687146
13580.303,0.012479603
13582.478,0.014188032
13584.654,-0.00066120721
13586.829,0.0080190328
13589.005,-0.006830072
13591.181,0.014922198
13593.357,0.0018161462
13595.533,-0.021747354
13597.709,0.0034909549
13599.886,-0.021815331
13602.063,-0.020106299
13604.24,-0.0061967651
13606.417,-0.042831826
13608.594,-0.026307779
13610.772,-0.031570156
13612.949,-0.011560136
13615.127,-0.01507946
13617.305,-0.025570395
13619.483,0.0092546408
13621.661,0.0048640577
13623.84,0.008316679
13626.019,0.028327101
13628.197,0.015222123
13630.376,0.0064745091
13632.556,-0.0066303358
13634.735,0.0037942981
13636.915,0.0037614828
13639.094,-0.018057758
13641.274,0.00021021425
13643.454,-0.014637215
13645.634,-0.0015978668
13647.815,0.0062127902
13649.995,0.0035659979
13652.176,0.031420362
13654.357,0.035745381
13656.538,0.042684847
13658.72,0.042652701
13660.901,0.026062889
13663.083,0.036488394
13665.264,0.039070829
13667.446,0.029452896
13669.629,0.020706489
13671.811,0.011960149
13673.993,0.0049567951
13676.176,-0.0072752496
13678.359,-0.0020780333
13680.542,0.0031192499
13682.725,0.0074451405
13684.909,-0.0030437167
13687.092,0.015225663
13689.276,0.023909053
13691.46,0.0081916389
13693.644,0.002931808
13695.828,-0.0031994157
13698.012,0.0046127829
13700.197,-0.0023897664
13702.382,0.0080369453
13704.567,0.007134748
13706.752,0.0027467789
13708.937,0.024502668
13711.123,0.02621505
13713.308,0.037513557
13715.494,0.059269647
13717.68,0.027866762
13719.866,0.034808171
13722.053,0.017348776
13724.239,0.027776158
13726.426,0.031231929
13728.613,0.019001493
13730.8,0.039886593
13732.987,0.040728186
13735.174,0.03198379
13737.362,0.049383251
13739.55,0.079854675
13741.737,0.067624641
13743.926,0.051908836
13746.114,0.050136452
13748.302,0.031806401
13750.491,0.050949184
13752.68,0.052662841
13754.869,0.059605322
13757.058,0.090077282
13759.247,0.052575454
13761.436,0.07694733
13763.626,0.060360668
13765.816,0.061203267
13768.006,0.089061183
13770.196,0.055045528
13772.386,0.056759787
13774.577,0.054988275
13776.768,0.034044717
13778.959,0.047959613
13781.15,0.041831003
13783.341,0.06620355
13785.532,0.074889889
13787.724,0.067018561
13789.915,0.08790547
13792.107,0.10182077
13794.299,0.10963592
13796.492,0.11309383
13798.684,0.101737
13800.877,0.10868089
13803.07,0.11388193
13805.263,0.096425078
13807.456,0.094654571
13809.649,0.081555155
13811.842,0.068455806
13814.036,0.060585282
13816.23,0.055329205
13818.424,0.074474066
13820.618,0.080547098
13822.812,0.091848956
13825.007,0.11535132
13827.202,0.11009557
13829.397,0.12749785
13831.592,0.13357122
13833.787,0.13180152
13835.982,0.15356129
13838.178,0.15702048
13840.373,0.143922
13842.569,0.13256651
13844.766,0.10901065
13846.962,0.10724135
13849.158,0.094143143
13851.355,0.089759597
13853.552,0.10106239
13855.749,0.093193143
13857.946,0.087938339
13860.143,0.092269659
13862.341,0.10270126
13864.538,0.11923315
13866.736,0.13576511
13868.934,0.16711195
13871.132,0.1714436
13873.331,0.16880365
13875.529,0.1696496
13877.728,0.15393788
13879.927,0.16437002
13882.126,0.15911595
13884.325,0.16867677
13886.524,0.18172349
13888.724,0.14771145
13890.924,0.15204371
13893.124,0.16247625
13895.324,0.16680864
13897.524,0.184213
13899.724,0.17895947
13901.925,0.18067768
13904.126,0.17193845
13906.327,0.15012738
13908.528,0.15968894
13910.729,0.14049239
13912.931,0.1212959
13915.132,0.1169143
13917.334,0.1247332
13919.536,0.14126677
13921.738,0.12381347
13923.941,0.10984608
13926.143,0.11243649
13928.346,0.11241259
13930.549,0.14114692
13932.752,0.15158067
13934.955,0.15417135
13937.159,0.1567621
13939.362,0.1358235
13941.566,0.14102876
13943.77,0.147977
13945.974,0.14969656
13948.178,0.13572991
13950.383,0.10520559
13952.587,0.088624688
13954.792,0.072043857
13956.997,0.051977254
13959.202,0.046725533
13961.408,0.052802855
13963.613,0.050165647
13965.819,0.056243103
13968.025,0.05099165
13970.231,0.061426539
13972.437,0.046589163
13974.643,0.059638565
13976.85,0.077045332
13979.056,0.070051295
13981.263,0.066543164
13983.47,0.057806341
13985.678,0.042097908
13987.885,0.042947276
13990.093,0.035953574
13992.3,0.076890223
13994.508,0.067282275
13996.716,0.054188557
13998.925,0.062881397
14001.133,0.052402191
14003.342,0.062838085
14005.551,0.073274047
14007.76,0.10549657
14009.969,0.10460369
14012.178,0.10283941
14014.388,0.096717907
14016.597,0.091467929
14018.807,0.094932614
14021.017,0.094040069
14023.227,0.10883386
14025.438,0.10009832
14027.648,0.059118824
14029.859,0.085241797
14032.07,0.044262441
14034.281,0.06167095
14036.492,0.061650334
14038.704,0.052915187
14040.915,0.06422368
14043.127,0.044159691
14045.339,0.043267882
14047.551,0.065905552
14049.763,0.044970305
14051.976,0.06412227
14054.189,0.054516133
14056.401,0.059724877
14058.614,0.053604713
14060.827,0.043127317
14063.041,0.045721883
14065.254,0.026530024
14067.468,0.023024507
14069.682,0.028233653
14071.896,0.021242431
14074.11,0.028194631
14076.324,0.010746027
14078.539,0.021184199
14080.754,0.040337036
14082.969,0.033346149
14085.184,0.061213717
14087.399,0.042893988
14089.614,0.040260601
14091.83,0.049827716
14094.046,0.033251107
14096.262,0.046304195
14098.478,0.035827939
14100.694,0.027966128
14102.911,0.041890877
14105.127,0.022700224
14107.344,0.021810293
14109.561,0.023534807
14111.778,0.002601436
14113.996,0.0060690036
14116.213,-0.0026637975
14118.431,-0.007039233
14120.649,-0.0061858434
14122.867,-0.027118879
14125.085,-0.025393896
14127.303,-0.016697168
14129.522,-0.031639731
14131.741,-0.0056236311
14133.96,-0.010980021
14136.179,-0.0093646757
14138.398,-0.0042634328
14140.617,-0.030534681
14142.837,-0.013232885
14145.057,-0.0098743866
14147.277,-0.0047729102
14149.497,0.025600956
14151.717,-0.00067000005
14153.938,0.025346684
14156.158,0.019990878
14158.379,0.008534912
14160.6,0.060695562
14162.821,0.039653657
14165.043,0.04562706
14167.264,0.037657166
14169.486,0.016615436
14171.708,0.066161999
14173.93,0.036405788
14176.152,0.034536346
14178.374,0.043124479
14180.597,-0.013646807
14182.82,0.0080133379
14185.043,-0.0060563063
14187.266,-0.00095377885
14189.489,-0.015023306
14191.712,-0.033450074
14193.936,-0.020504234
14196.16,-0.02237315
14198.384,-0.008555734
14200.608,0.0061332004
14202.832,-0.013164735
14205.057,-0.0063188208
14207.281,-0.019516421
14209.506,0.0021444242
14211.731,-0.0049528418
14213.956,-0.0094356702
14216.182,0.022682867
14218.407,0.013842857
14220.633,0.028532317
14222.859,0.072851465
14225.085,0.071854767
14227.311,0.083930023
14229.537,0.084676362
14231.764,0.060150427
14233.991,0.06786856
14236.218,0.039856904
14238.445,0.055418291
14240.672,0.048321784
14242.9,-0.0058334883
14245.127,-0.0050867411
14247.355,-0.0069543147
14249.583,-0.025379564
14251.811,-0.0037176089
14254.039,-0.016042524
14256.268,0.0012622497
14258.497,-0.022391524
14260.725,-0.028616046
14262.954,-0.0069537988
14265.184,-0.0070779858
14267.413,0.0015124826
14269.642,0.0092315496
14271.872,0.012593377
14274.102,0.016826722
14276.332,0.018445746
14278.562,0.033136724
14280.793,0.02081251
14283.023,0.011102734
14285.254,0.032765565
14287.485,0.032641962
14289.716,0.040361554
14291.947,0.048081205
14294.179,0.042729019
14296.41,0.050448787
14298.642,0.056425694
14300.874,0.077217474
14303.106,0.10672391
14305.339,0.067385087
14307.571,0.068133469
14309.804,0.06626753
14312.037,0.050458295
14314.27,0.073864804
14316.503,0.033654814
14318.736,0.028303271
14320.97,0.022951785
14323.204,0.0080143018
14325.437,0.025320885
14327.672,0.010383518
14329.906,0.02507584
14332.14,0.017981727
14334.375,0.010887672
14336.61,0.036037685
14338.844,0.0062857955
14341.08,0.027078627
14343.315,0.011270209
14345.55,0.025962939
14347.786,0.038041348
14350.022,0.011775589
14352.258,0.028211413
14354.494,0.013274747
14356.73,0.012281495
14358.967,0.046146688
14361.203,0.02423852
14363.44,0.042417556
14365.677,0.021380964
14367.914,0.019516543
14370.152,0.025495319
14372.389,0.011430579
14374.627,0.013923633
14376.865,0.0042163086
14379.103,0.0067094787
14381.341,0.010074167
14383.58,0.0038528568
14385.818,0.0054747423
14388.057,0.0018679281
14390.296,0.013947447
14392.535,0.019055346
14394.774,0.011091409
14397.014,0.020556724
14399.254,0.0021353865
14401.493,0.0028862211
14403.733,-0.001591644
14405.974,0.010488283
14408.214,0.02082535
14410.454,-0.001081534
14412.695,-0.0020733268
14414.936,-0.0065509
14417.177,0.0029149403
14419.418,0.011509379
14421.66,-0.0051684545
14423.901,-0.0018026569
14426.143,-0.0054084784
14428.385,0.0031861941
14430.627,0.015266764
14432.869,0.0038179803
14435.111,0.028970562
14437.354,0.00096416117
14439.597,0.0052018272
14441.84,0.021639987
14444.083,0.0014768988
14446.326,0.0083291191
14448.57,-0.024905748
14450.813,-0.013696113
14453.057,0.0036137993
14455.301,-0.0069629408
14457.545,0.00424687
14459.79,-0.017658729
14462.034,-0.015163399
14464.279,-0.0093780344
14466.524,-0.019278901
14468.769,-0.0091361523
14471.014,-0.022522772
14473.259,-0.020223074
14475.505,-0.022280631
14477.751,-0.0016801923
14479.997,0.014562991
14482.243,0.0020480469
14484.489,0.026134453
14486.735,0.015362515
14488.982,0.03509171
14491.229,0.043491972
14493.476,0.033591623
14495.723,0.052449487
14497.97,0.017276894
14500.218,0.017834191
14502.465,0.033206346
14504.713,0.016334536
14506.961,0.042164294
14509.209,0.033135707
14511.458,0.031950301
14513.706,0.032507857
14515.955,0.013021884
14518.204,0.033623099
14520.453,0.04986706
14522.702,0.056525007
14524.951,0.063182997
14527.201,0.04108286
14529.451,0.050355316
14531.701,0.062242194
14533.951,0.079357873
14536.201,0.092987757
14538.451,0.1040033
14540.702,0.096718242
14542.953,0.10599096
14545.204,0.12223539
14547.455,0.14196571
14549.706,0.14688126
14551.958,0.13698203
14554.209,0.13928328
14556.461,0.15465648
14558.713,0.16131511
14560.965,0.16274504
14563.218,0.164175
14565.47,0.16996231
14567.723,0.1705209
14569.976,0.16497932
14572.229,0.18209574
14574.482,0.17916862
14576.735,0.16752695
14578.989,0.18638641
14581.243,0.20263154
14583.497,0.21364795
14585.751,0.20984959
14588.005,0.20605127
14590.26,0.20399592
14592.514,0.19322601
14594.769,0.20859994
14597.024,0.2370458
14599.279,0.21407559
14601.534,0.2303211
14603.79,0.22216579
14606.046,0.2209822
14608.301,0.26162871
14610.557,0.2735171
14612.814,0.27843386
14615.07,0.28945088
14617.326,0.27780998
14619.583,0.28969855
14621.84,0.28590088
14624.097,0.28733201
14626.354,0.28614881
14628.612,0.26056477
14630.869,0.28901129
14633.127,0.30525741
14635.385,0.29797416
14637.643,0.29679117
14639.901,0.30345136
14642.16,0.30226846
14644.418,0.31590042
14646.677,0.31384615
14648.936,0.33096403
14651.195,0.31496648
14653.455,0.30768358
14655.714,0.31782992
14657.974,0.32449045
14660.234,0.3233079
14662.494,0.31341079
14664.754,0.28869891
14667.014,0.30843152
14669.275,0.30724913
14671.536,0.30868117
14673.796,0.31098471
14676.058,0.30283078
14678.319,0.29641982
14680.58,0.28216575
14682.842,0.28969823
14685.104,0.28249515
14687.365,0.30801147
14689.628,0.28504298
14691.89,0.2713437
14694.152,0.26691363
14696.415,0.25606648
14698.678,0.26090566
14700.941,0.23579835
14703.204,0.24848075
14705.467,0.2390598
14707.731,0.22393479
14709.994,0.2294872
14712.258,0.1929719
14714.522,0.21135862
14716.786,0.20764199
14719.051,0.18610009
14721.315,0.20020885
14723.58,0.17224993
14725.845,0.18778481
14728.11,0.16838212
14730.375,0.14113633
14732.641,0.14241109
14734.906,0.13299071
14737.172,0.14139568
14739.438,0.12270621
14741.704,0.10829487
14743.97,0.12739516
14746.237,0.089454488
14748.504,0.092868587
14750.77,0.098421766
14753.037,0.092566788
14755.304,0.12307549
14757.572,0.11508156
14759.839,0.11493081
14762.107,0.10194588
14764.375,0.081830873
14766.643,0.096653516
14768.911,0.080816667
14771.179,0.098491446
14773.448,0.10333204
14775.717,0.088921349
14777.986,0.085205884
14780.255,0.059387076
14782.524,0.079914121
14784.793,0.070494686
14787.063,0.073909519
14789.333,0.095149707
14791.603,0.077887264
14793.873,0.082015238
14796.143,0.068317944
14798.414,0.060324793
14800.684,0.061600847
14802.955,0.06145092
14805.226,0.07983936
14807.497,0.049029982
14809.769,0.049593197
14812.04,0.04873043
14814.312,0.045728668
14816.584,0.053422137
14818.856,0.029743101
14821.128,0.058114018
14823.4,0.051547367
14825.673,0.042841721
14827.946,0.047683356
14830.219,0.024004536
14832.492,0.031698307
14834.765,0.035827059
14837.038,0.034964767
14839.312,0.044797705
14841.586,0.044648512
14843.86,0.049490449
14846.134,0.025811931
14848.408,0.032792992
14850.683,0.045478196
14852.957,0.045329219
14855.232,0.045893297
14857.507,0.034336207
14859.782,0.038465434
14862.058,0.042594705
14864.333,0.028185694
14866.609,0.035167101
14868.885,0.055695788
14871.161,0.055547156
14873.437,0.037573255
14875.713,0.028155548
14877.99,0.025868008
14880.267,0.051387999
14882.543,0.060508745
14884.821,0.053230248
14887.098,0.060212043
14889.375,0.065767857
14891.653,0.057776477
14893.931,0.04693309
14896.209,0.046784933
14898.487,0.062323095
14900.765,0.066453099
14903.044,0.072722185
14905.322,0.054748889
14907.601,0.061018061
14909.88,0.058731126
14912.159,0.049314109
14914.439,0.040610149
14916.718,0.039749368
14918.998,0.039601644
14921.278,0.055140237
14923.558,0.053566573
14925.838,0.049140904
14928.118,0.039011177
14930.399,0.043141743
14932.68,0.05796754
14934.961,0.049263968
14937.242,0.044838514
14939.523,0.061803477
14941.804,0.064508235
14944.086,0.072917135
14946.368,0.071343904
14948.65,0.07404879
14950.932,0.072475645
14953.214,0.073041581
14955.497,0.086441785
14957.779,0.077738645
14960.062,0.08686086
14962.345,0.098835168
14964.628,0.09940132
14966.912,0.10210655
14969.195,0.094829653
14971.479,0.099674009
14973.763,0.10523142
14976.047,0.11007586
14978.331,0.12561554
14980.616,0.11120873
14982.9,0.096088951
14985.185,0.10022055
14987.47,0.096509063
14989.755,0.094936652
14992.04,0.094790309
14994.326,0.096783048
14996.611,0.085228592
14998.897,0.084369367
15001.183,0.082084159
15003.469,0.071242846
15005.756,0.081078937
15008.042,0.10446231
15010.329,0.09504715
15012.616,0.10987446
15014.903,0.1125806
15017.19,0.11243473
15019.477,0.13581832
15021.765,0.11285614
15024.052,0.11484944
15026.34,0.12682495
15028.628,0.12525328
15030.917,0.13081177
15033.205,0.10571077
15035.494,0.1312337
15037.782,0.12324508
15040.071,0.12167362
15042.36,0.13222341
15044.65,0.10997468
15046.939,0.1397759
15049.229,0.13820461
15051.519,0.13164228
15053.809,0.1429053
15056.099,0.14632523
15058.389,0.15972738
15060.68,0.15744329
15062.97,0.1580113
15065.261,0.1443191
15067.552,0.1505913
15069.843,0.14046425
15072.135,0.14103243
15074.426,0.14516572
15076.718,0.13361278
15079.01,0.14345025
15081.302,0.12833233
15083.594,0.1331788
15085.887,0.13517327
15088.179,0.12219452
15090.472,0.12989317
15092.765,0.11334944
15095.058,0.13673445
15097.351,0.13445106
15099.645,0.14642796
15101.938,0.16268298
15104.232,0.15255658
15106.526,0.16524662
15108.82,0.16367645
15111.115,0.16852344
15113.409,0.18477868
15115.704,0.19319082
15117.999,0.2130112
15120.294,0.21643234
15122.589,0.23197473
15124.884,0.22755282
15127.18,0.22241794
15129.476,0.21942214
15131.771,0.23139964
15134.068,0.23482104
15136.364,0.22968633
15138.66,0.23310782
15140.957,0.22797319
15143.254,0.23282079
15145.551,0.21699107
15147.848,0.22397779
15150.145,0.22668647
15152.442,0.23153424
15154.74,0.26347653
15157.038,0.246221
15159.336,0.26818119
15161.634,0.27160311
15163.932,0.27288603
15166.231,0.29484636
15168.53,0.27616502
15170.828,0.29170832
15173.128,0.28158321
15175.427,0.28215334
15177.726,0.29127966
15180.026,0.27045949
15182.325,0.29741121
15184.625,0.28514729
15186.925,0.2842916
15189.226,0.30340031
15191.526,0.29541459
15193.827,0.32236652
15196.127,0.33291921
15198.428,0.33420278
15200.73,0.33833844
15203.031,0.34746524
15205.332,0.36300919
15207.634,0.36429293
15209.936,0.37341985
15212.238,0.37612971
15214.54,0.3845437
15216.842,0.37941051
15219.145,0.36643421
15221.448,0.3784134
15223.75,0.37827142
15226.053,0.39666781
15228.357,0.40936014
15230.66,0.39638407
15232.964,0.41406757
15235.267,0.41392581
15237.571,0.42091421
15239.875,0.4186335
15242.18,0.43703019
15244.484,0.44401872
15246.789,0.42034776
15249.093,0.42448433
15251.398,0.40152647
15253.704,0.39496794
15256.009,0.41122585
15258.314,0.38541607
15260.62,0.3809967
15262.926,0.37871642
15265.232,0.36502798
15267.538,0.35062657
15269.844,0.34834642
15272.151,0.34036221
15274.458,0.34521227
15276.764,0.35148839
15279.072,0.33637419
15281.379,0.30771279
15283.686,0.30971097
15285.994,0.30101401
15288.301,0.29445612
15290.609,0.29645443
15292.917,0.28989664
15295.226,0.29189503
15297.534,0.29745853
15299.843,0.27022351
15302.152,0.27935216
15304.461,0.27564663
15306.77,0.2926185
15309.079,0.28320896
15311.388,0.27736452
15313.698,0.27080711
15316.008,0.25783263
15318.318,0.26553556
15320.628,0.25541322
15322.939,0.26311624
15325.249,0.26939327
15327.56,0.24358478
15329.871,0.24629684
15332.182,0.24187881
15334.493,0.23318276
15336.804,0.22591277
15339.116,0.23361609
15341.428,0.23561535
15343.74,0.21836331
15346.052,0.22178868
15348.364,0.22022301
15350.676,0.22150943
15352.989,0.2285
15355.302,0.2297865
15357.615,0.228221
15359.928,0.23164663
15362.241,0.23079423
15364.555,0.2085515
15366.868,0.1912999
15369.182,0.20256884
15371.496,0.18745636
15373.811,0.1823261
15376.125,0.17434384
15378.439,0.16350956
15380.754,0.15909245
15383.069,0.133285
15385.384,0.12173784
15387.699,0.14085026
15390.015,0.14998056
15392.33,0.15483282
15394.646,0.15754608
15396.962,0.14243408
15399.278,0.14657346
15401.594,0.15712999
15403.911,0.15984343
15406.227,0.15685281
15408.544,0.15600128
15410.861,0.16441894
15413.178,0.15643737
15415.496,0.15344692
15417.813,0.15616062
15420.131,0.14318809
15422.449,0.15374501
15424.767,0.13435545
15427.085,0.11995702
15429.403,0.12195792
15431.722,0.10399452
15434.041,0.11740371
15436.36,0.10799654
15438.679,0.070781927
15440.998,0.076348107
15443.317,0.061949981
15445.637,0.040421773
15447.957,0.05097917
15450.277,0.042285273
15452.597,0.049990706
15454.917,0.059122208
15457.237,0.062549653
15459.558,0.062412078
15461.879,0.06298756
15464.2,0.081388396
15466.521,0.084816014
15468.842,0.0782615
15471.164,0.10735765
15473.486,0.092247076
15475.807,0.10209198
15478.129,0.095537638
15480.452,0.059036816
15482.774,0.066742811
15485.097,0.068031736
15487.419,0.047217318
15489.742,0.061340555
15492.065,0.050508398
15494.389,0.061066659
15496.712,0.069485926
15499.036,0.057940886
15501.359,0.061369152
15503.683,0.06479746
15506.007,0.078207987
15508.332,0.074506257
15510.656,0.065813483
15512.981,0.060685815
15515.306,0.056271203
15517.631,0.056134708
15519.956,0.04530307
15522.281,0.031619424
15524.607,0.040039209
15526.932,0.039902888
15529.258,0.046183721
15531.584,0.041769411
15533.91,0.043059244
15536.237,0.03294092
15538.563,0.046352052
15540.89,0.041937914
15543.217,0.03467177
15545.544,0.053074118
15547.871,0.039390948
15550.199,0.050663258
15552.526,0.039119212
15554.854,0.029001234
15557.182,0.04241271
15559.51,0.023025657
15561.839,0.040715295
15564.167,0.055552926
15566.496,0.056130351
15568.824,0.070968069
15571.153,0.051581231
15573.483,0.047167698
15575.812,0.047032283
15578.142,0.038340762
15580.471,0.051752671
15582.801,0.051617386
15585.131,0.062177331
15587.461,0.047781883
15589.792,0.029108403
15592.122,0.041807515
15594.453,0.021708097
15596.784,0.036546333
15599.115,0.057088712
15601.446,0.045545573
15603.778,0.07250515
15606.109,0.05311896
15608.441,0.043001976
15610.773,0.049284321
15613.105,0.049149598
15615.438,0.054719017
15617.77,0.041037143
15620.103,0.043041586
15622.435,0.046472098
15624.768,0.024947216
15627.102,0.025525764
15629.435,0.016835193
15631.769,0.02097889
15634.102,0.030113717
15636.436,0.029266413
15638.77,0.048383501
15641.104,0.058944483
15643.439,0.043837059
15645.773,0.06366729
15648.108,0.059255139
15650.443,0.060547131
15652.778,0.063978205
15655.113,0.054575096
15657.449,0.054441193
15659.784,0.052168296
15662.12,0.044904355
15664.456,0.025519244
15666.792,0.0096992398
15669.129,0.028103877
15671.465,0.020840109
15673.802,0.0064462586
15676.139,0.017720901
15678.476,0.018300399
15680.813,0.021731991
15683.15,0.020172538
15685.488,0.020039153
15687.825,0.008497612
15690.163,0.013355401
15692.501,0.016787209
15694.84,0.00025470967
15697.178,-0.014851721
15699.517,-0.0071417092
15701.855,-0.015117929
15704.194,-0.01311193
15706.533,-0.021088064
15708.873,-0.024073066
15711.212,-0.025632001
15713.552,-0.01221763
15715.892,-0.0045073157
15718.231,-0.0089181705
15720.572,-0.0061988573
15722.912,0.0022245989
15725.252,-0.0068058972
15727.593,-0.0051411884
15729.934,-0.0034764619
15732.275,0.0038923822
15734.616,0.011974257
15736.958,0.010786987
15739.299,0.0067476843
15741.641,0.011977562
15743.983,0.012929383
15746.325,0.020298333
15748.667,0.026954289
15751.009,0.033610263
15753.352,0.045970354
15755.695,0.048348289
15758.038,0.049300216
15760.381,0.041696011
15762.724,0.036943874
15765.067,0.041460917
15767.411,0.035282791
15769.755,0.043364931
15772.099,0.035760816
15774.443,0.021739605
15776.787,0.0184136
15779.132,0.00011434971
15781.477,-0.013193795
15783.821,-0.0072505851
15786.166,-0.0098635071
15788.512,-0.011763399
15790.857,0.0063010765
15793.203,-0.0091460168
15795.548,-0.011045855
15797.894,-0.0015374764
15800.24,-0.0041502919
15802.586,0.0010800477
15804.933,0.0034583551
15807.279,0.0051236678
15809.626,0.00037188602
15811.973,-0.005805903
15814.32,0.0037026002
15816.668,-0.02457854
15819.015,-0.012217951
15821.363,-0.0048484323
15823.71,-0.0081740826
15826.058,0.0041865594
15828.407,0.0087040819
15830.755,0.00110041
15833.103,0.0034789306
15835.452,-0.0034116933
15837.801,0.0018189127
15840.15,0.004910499
15842.499,0.017271265
15844.849,0.010380713
15847.198,0.016324402
15849.548,0.015137985
15851.898,0.010386522
15854.248,-0.0022080591
15856.598,0.0080137763
15858.949,0.01538358
15861.299,0.026318463
15863.65,0.038679389
15866.001,0.030362971
15868.352,0.023472596
15870.703,0.029416463
15873.055,0.023952149
15875.406,0.027757014
15877.758,0.027996834
15880.11,0.029662698
15882.462,0.039171716
15884.815,0.037272553
15887.167,0.031808345
15889.52,0.012796917
15891.873,0.030149144
15894.226,0.023258964
15896.579,0.017081814
15898.932,0.018034807
15901.286,0.017561793
15903.64,0.022079884
15905.994,0.038719205
15908.348,0.043950344
15910.702,0.0434774
15913.056,0.032309288
15915.411,0.059643867
15917.766,0.039206628
15920.121,0.057985092
15922.476,0.078902612
15924.831,0.063456514
15927.187,0.067974782
15929.542,0.061084869
15931.898,0.06203811
15934.254,0.055861245
15936.61,0.055388497
15938.967,0.077019154
15941.323,0.068703304
15943.68,0.071795672
15946.037,0.082018183
15948.394,0.060155149
15950.751,0.07180372
15953.108,0.068479047
15955.466,0.068719454
15957.824,0.078942053
15960.181,0.084173583
15962.54,0.082988018
15964.898,0.081089458
15967.256,0.072773804
15969.615,0.080144442
15971.974,0.077532923
15974.333,0.098450834
15976.692,0.10796056
15979.051,0.11390525
15981.411,0.12341501
15983.77,0.11082141
15986.13,0.10749698
15988.49,0.11272873
15990.85,0.10940434
15993.211,0.12960938
15995.571,0.12842406
15997.932,0.12010864
16000.293,0.12034938
16002.654,0.11631207
16005.015,0.13366515
16007.376,0.12677582
16009.738,0.14270291
16012.1,0.15221291
16014.462,0.14104556
16016.824,0.15412065
16019.186,0.13653622
16021.548,0.14961135
16023.911,0.16054746
16026.274,0.15080623
16028.637,0.15389923
16031,0.1534272
16033.363,0.1829017
16035.727,0.17030849
16038.09,0.16912349
16040.454,0.1786337
16042.818,0.18030079
16045.182,0.19765417
16047.547,0.19718226
16049.911,0.20597952
16052.276,0.2026556
16054.641,0.21787001
16057.006,0.20598997
16059.371,0.18127572
16061.737,0.19007308
16064.102,0.1846102
16066.468,0.19839868
16068.834,0.19578789
16071.2,0.20601134
16073.566,0.20268757
16075.933,0.19865081
16078.299,0.2252736
16080.666,0.21054169
16083.033,0.20365293
16085.4,0.22100661
16087.767,0.21696994
16090.135,0.22648052
16092.503,0.23670413
16094.87,0.23266751
16097.238,0.24075212
16099.607,0.24313265
16101.975,0.25620838
16104.344,0.27142317
16106.712,0.25811748
16109.081,0.2790364
16111.45,0.27428689
16113.819,0.28237163
16116.189,0.28974337
16118.558,0.27144668
16120.928,0.28594857
16123.298,0.28333819
16125.668,0.28785795
16128.039,0.28239556
16130.409,0.26909004
16132.78,0.29000914
16135.15,0.2902509
16137.521,0.29049267
16139.893,0.28859543
16142.264,0.29311531
16144.635,0.2912181
16147.007,0.28575585
16149.379,0.27031144
16151.751,0.26841428
16154.123,0.27792534
16156.495,0.25677688
16158.868,0.24846267
16161.241,0.23800943
16163.614,0.23682538
16165.987,0.24562352
16168.36,0.24372648
16170.733,0.26250683
16173.107,0.25918381
16175.481,0.25871286
16177.855,0.25325083
16180.229,0.23424159
16182.603,0.2458919
16184.978,0.24898608
16187.352,0.24637618
16189.727,0.23592316
16192.102,0.22475714
16194.477,0.21929524
16196.852,0.19386901
16199.228,0.19553727
16201.604,0.20504869
16203.979,0.21741217
16206.355,0.23191471
16208.732,0.22716593
16211.108,0.23311236
16213.485,0.23192868
16215.861,0.22931899
16218.238,0.23241341
16220.615,0.2262387
16222.993,0.24002835
16225.37,0.23100162
16227.748,0.23195708
16230.125,0.22506942
16232.503,0.21247768
16234.881,0.21699826
16237.26,0.20797162
16239.638,0.22033537
16242.017,0.22057793
16244.396,0.22295954
16246.775,0.22106309
16249.154,0.21702763
16251.533,0.23652159
16253.913,0.2289211
16256.292,0.2198946
16258.672,0.21657222
16261.052,0.20326768
16263.432,0.19994533
16265.813,0.17665865
16268.193,0.18688358
16270.574,0.17500514
16272.955,0.17310888
16275.336,0.19046399
16277.717,0.16218631
16280.099,0.16599422
16282.48,0.1733672
16284.862,0.15293271
16287.244,0.17456598
16289.626,0.18051299
16292.009,0.18788604
16294.391,0.2002502
16296.774,0.16912062
16299.156,0.18291084
16301.539,0.15106828
16303.923,0.15701539
16306.306,0.15369337
16308.689,0.14181521
16311.073,0.15988359
16313.457,0.14230137
16315.841,0.14539653
16318.225,0.15918689
16320.61,0.14303074
16322.994,0.15824716
16325.379,0.14993419
16327.764,0.17156776
16330.149,0.17466303
16332.534,0.17205421
16334.92,0.18299264
16337.305,0.17539277
16339.691,0.17634907
16342.077,0.18015743
16344.463,0.16756653
16346.849,0.16495782
16349.236,0.16947925
16351.623,0.16473153
16354.009,0.16069685
16356.396,0.14810603
16358.784,0.15761862
16361.171,0.15215797
16363.558,0.15240143
16365.946,0.15763599
16368.334,0.14433225
16370.722,0.15455794
16373.11,0.1505234
16375.499,0.16645323
16377.887,0.16527077
16380.276,0.16408833
16382.665,0.17787917
16385.054,0.16386255
16387.443,0.17337535
16389.833,0.18859227
16392.222,0.18598389
16394.612,0.18907963
16397.002,0.17934117
16399.392,0.19241912
16401.783,0.18339371
16404.173,0.18363747
16406.564,0.17176004
16408.955,0.16915179
16411.346,0.17224766
16413.737,0.15965727
16416.128,0.15918811
16418.52,0.15729294
16420.911,0.16038888
16423.303,0.16419785
16425.695,0.15160755
16428.088,0.17181584
16430.48,0.16992076
16432.872,0.18014691
16435.265,0.19179911
16437.658,0.18206094
16440.051,0.19656522
16442.445,0.18540107
16444.838,0.17494995
16447.232,0.18303717
16449.625,0.17401211
16452.019,0.18851648
16454.414,0.18733459
16456.808,0.18044862
16459.202,0.19067497
16461.597,0.17451987
16463.992,0.18260722
16466.387,0.17572132
16468.782,0.18238267
16471.177,0.19474815
16473.573,0.19570544
16475.969,0.20807095
16478.365,0.20688924
16480.761,0.20784658
16483.157,0.22449022
16485.553,0.22259555
16487.95,0.226405
16490.347,0.23948363
16492.744,0.236876
16495.141,0.22499922
16497.538,0.23023477
16499.935,0.22406213
16502.333,0.22145457
16504.731,0.21528197
16507.129,0.21338746
16509.527,0.2193361
16511.925,0.21458958
16514.324,0.2169732
16516.722,0.21293972
16519.121,0.22031446
16521.52,0.23624537
16523.919,0.23007291
16526.319,0.23245662
16528.718,0.23412733
16531.118,0.23365902
16533.518,0.22606061
16535.918,0.20420196
16538.318,0.20088166
16540.719,0.20397849
16543.119,0.18568496
16545.52,0.18806881
16547.921,0.17690544
16550.322,0.1835674
16552.723,0.18238624
16555.125,0.17977907
16557.526,0.17859794
16559.928,0.16173056
16562.33,0.17195767
16564.732,0.17719372
16567.135,0.17458664
16569.537,0.19693501
16571.94,0.1786417
16574.343,0.17532166
16576.746,0.17271465
16579.149,0.16297754
16581.552,0.1682137
16583.956,0.17344989
16586.36,0.17797308
16588.764,0.1775052
16591.168,0.16634214
16593.572,0.1715784
16595.976,0.15399827
16598.381,0.15254321
16600.786,0.15399507
16603.191,0.16570336
16605.596,0.16594861
16608.001,0.15774743
16610.407,0.15799272
16612.812,0.14556835
16615.218,0.15184686
16617.624,0.15571211
16620.03,0.15656079
16622.436,0.15197963
16624.843,0.15765489
16627.25,0.16393349
16629.657,0.14849265
16632.064,0.15658123
16634.471,0.14898357
16636.878,0.14017928
16639.286,0.16033429
16641.693,0.14851344
16644.101,0.17108176
16646.509,0.15443441
16648.918,0.13839039
16651.326,0.14828907
16653.735,0.12983182
16656.143,0.13068077
16658.552,0.12670319
16660.962,0.13358535
16663.371,0.14167417
16665.78,0.12502696
16668.19,0.13492577
16670.6,0.1218985
16673.01,0.12093762
16675.42,0.11635685
16677.83,0.11841259
16680.241,0.13917122
16682.652,0.12131749
16685.062,0.14086952
16687.473,0.14413197
16689.885,0.13593139
16692.296,0.16272329
16694.708,0.14547297
16697.119,0.16743836
16699.531,0.1640644
16701.943,0.15646723
16704.356,0.17481276
16706.768,0.16540567
16709.181,0.17651142
16711.593,0.17374087
16714.006,0.17398692
16716.419,0.18629936
16718.833,0.17266913
16721.246,0.18618824
16723.66,0.16290496
16726.074,0.16556437
16728.488,0.17063708
16730.902,0.17570981
16733.316,0.18379914
16735.731,0.1755989
16738.145,0.18006836
16740.56,0.18272788
16742.975,0.16849452
16745.391,0.17417067
16747.806,0.16717715
16750.222,0.1782832
16752.637,0.17792622
16755.053,0.18058585
16757.469,0.17962559
16759.886,0.16358239
16762.302,0.15417571
16764.719,0.16829846
16767.135,0.16794158
16769.552,0.16155155
16771.97,0.16360798
16774.387,0.17169762
16776.804,0.17677068
16779.222,0.17279399
16781.64,0.17183391
16784.058,0.18294021
16786.476,0.18439343
16788.894,0.18644999
16791.313,0.19333312
16793.732,0.19538971
16796.151,0.18779323
16798.57,0.18924655
16800.989,0.18406338
16803.408,0.18973995
16805.828,0.19843314
16808.248,0.1956633
16810.667,0.20133993
16813.088,0.19615685
16815.508,0.19640365
16817.928,0.1978571
16820.349,0.18905417
16822.77,0.19593752
16825.191,0.1998043
16827.612,0.18557155
16830.033,0.1870251
16832.455,0.18666871
16834.876,0.17967583
16837.298,0.16604647
16839.72,0.17172332
16842.142,0.15206081
16844.565,0.14748128
16846.987,0.1308354
16849.41,0.12927249
16851.833,0.13615606
16854.256,0.13278324
16856.679,0.13122039
16859.102,0.1411206
16861.526,0.13774783
16863.95,0.14463149
16866.374,0.14246539
16868.798,0.15477895
16871.222,0.15864606
16873.647,0.16190988
16876.071,0.17844672
16878.496,0.18533049
16880.921,0.18437113
16883.346,0.19608148
16885.771,0.19150225
16888.197,0.1923529
16890.623,0.19803011
16893.048,0.18983103
16895.475,0.20093814
16897.901,0.2029955
16900.327,0.20444956
16902.754,0.20107709
16905.18,0.21037433
16907.607,0.21182844
16910.034,0.21026598
16912.462,0.21956326
16914.889,0.22946389
16917.317,0.22790148
16919.744,0.23780214
16922.172,0.22899994
16924.6,0.23648736
16927.029,0.22044539
16929.457,0.21827975
16931.886,0.21913073
16934.315,0.21213858
16936.744,0.20514645
16939.173,0.19875765
16941.602,0.19478215
16944.032,0.1986498
16946.461,0.17778143
16948.891,0.18285575
16951.321,0.18310355
16953.751,0.18516131
16956.182,0.19747551
16958.612,0.20194659
16961.043,0.20883096
16963.474,0.19399588
16965.905,0.20570683
16968.336,0.22707089
16970.768,0.22369892
16973.199,0.24144311
16975.631,0.23867449
16978.063,0.24254239
16980.495,0.25244349
16982.927,0.23760856
16985.36,0.25836943
16987.792,0.25801417
16990.225,0.25524566
16992.658,0.26454353
16995.091,0.26901487
16997.525,0.26624642
16999.958,0.25804811
17002.392,0.25286642
17004.826,0.25673451
17007.26,0.24793294
17009.694,0.25964421
17012.128,0.26532232
17014.563,0.27824026
17016.998,0.27667858
17019.433,0.26667046
17021.868,0.284415
17024.303,0.27802683
17026.738,0.29154818
17029.174,0.29843304
17031.61,0.29264824
17034.046,0.30978955
17036.482,0.29736829
17038.918,0.30063332
17041.355,0.30088177
17043.791,0.29268378
17046.228,0.30499864
17048.665,0.30645378
17051.102,0.3163554
17053.539,0.32022385
17055.977,0.33133214
17058.415,0.34183712
17060.853,0.33605254
17063.291,0.36465711
17065.729,0.36188915
17068.167,0.38023734
17070.606,0.39798224
17073.045,0.39642097
17075.483,0.41476922
17077.922,0.40536485
17080.362,0.41526667
17082.801,0.42094529
17085.241,0.42541729
17087.681,0.42988931
17090.121,0.41927839
17092.561,0.43943672
17095.001,0.42641256
17097.441,0.42123156
17099.882,0.41605058
17102.323,0.4138862
17104.764,0.42921807
17107.205,0.42222719
17109.646,0.42488941
17112.088,0.41669192
17114.53,0.41875086
17116.972,0.43166955
17119.414,0.42709203
17121.856,0.44302734
17124.298,0.44267308
17126.741,0.44593874
17129.184,0.48600684
17131.626,0.49349577
17134.07,0.49676149
17136.513,0.50968032
17138.956,0.51294607
17141.4,0.51741848
17143.844,0.5249075
17146.288,0.52877663
17148.732,0.51635618
17151.176,0.53229171
17153.621,0.5331443
17156.065,0.52856704
17158.51,0.53786612
17160.955,0.51277607
17163.4,0.51121546
17165.846,0.52534114
17168.291,0.51050756
17170.737,0.51799677
17173.183,0.53634573
17175.629,0.55228144
17178.075,0.55856407
17180.521,0.57510313
17182.968,0.5783692
17185.415,0.57741207
17187.862,0.59334786
17190.309,0.60144053
17192.756,0.61134318
17195.203,0.63451885
17197.651,0.6269253
17200.099,0.63320809
17202.547,0.64431744
17204.995,0.65060027
17207.443,0.66231298
17209.892,0.6740257
17212.34,0.67789531
17214.789,0.67814502
17217.238,0.69046112
17219.687,0.71303364
17222.137,0.70785355
17224.586,0.73042611
17227.036,0.73067591
17229.486,0.74419873
17231.936,0.77340785
17234.386,0.77607098
17236.837,0.78597394
17239.287,0.79105038
17241.738,0.79130029
17244.189,0.80180663
17246.64,0.82075944
17249.091,0.84152222
17251.543,0.84720207
17253.994,0.86555161
17256.446,0.87364477
17258.898,0.88234126
17261.35,0.89465767
17263.803,0.89068452
17266.255,0.91446402
17268.708,0.90807762
17271.161,0.90108792
17273.614,0.9290907
17276.067,0.93959727
17278.52,0.96096359
17280.974,0.95216401
17283.427,0.94939763
17285.881,0.97559054
17288.335,0.97765074
17290.79,1.0050503
17293.244,1.0010774
17295.699,1.0109808
17298.153,1.0160576
17300.608,1.0223412
17303.063,1.0400877
17305.519,1.0385282
17307.974,1.035762
17310.43,1.0311858
17312.886,1.0416927
17315.342,1.0491829
17317.798,1.039177
17320.254,1.0346009
17322.711,1.0306282
17325.167,1.0489782
17327.624,1.0413856
17330.081,1.0434461
17332.538,1.0509365
17334.996,1.039724
17337.453,1.027305
17339.911,1.0323821
17342.369,1.023583
17344.827,1.0129739
17347.285,1.0156379
17349.744,1.0146819
17352.202,1.0125194
17354.661,1.0061336
17357.12,0.98828479
17359.579,0.9999986
17362.038,1.001456
17364.498,0.99627695
17366.957,1.0164373
17369.417,1.0100516
17371.877,1.0084925
17374.337,1.0141732
17376.798,1.0089942
17379.258,1.003212
17381.719,0.99561975
17384.18,1.0000939
17386.641,0.98948515
17389.102,0.99999254
17391.563,0.99059044
17394.025,0.96007222
17396.487,0.96756307
17398.949,0.95393779
17401.411,0.94996563
17403.873,0.96288639
17406.335,0.94141804
17408.798,0.94709902
17411.261,0.9521767
17413.724,0.93131172
17416.187,0.92975293
17418.65,0.92698753
17421.114,0.91577569
17423.577,0.92688664
17426.041,0.93196443
17428.505,0.91833937
17430.969,0.90471433
17433.434,0.91341208
17435.898,0.90582025
17438.363,0.90908817
17440.828,0.9051163
17443.293,0.89692121
17445.758,0.91708209
17448.223,0.90828372
17450.689,0.91215505
17453.155,0.90576999
17455.62,0.88792189
17458.087,0.88153687
17460.553,0.87213526
17463.019,0.87721332
17465.486,0.86539848
17467.953,0.85479029
17470.42,0.85624849
17472.887,0.84865693
17475.354,0.85011517
17477.822,0.84795351
17480.289,0.85484164
17482.757,0.8520767
17485.225,0.85896487
17487.693,0.86947297
17490.162,0.86429481
17492.63,0.86454653
17495.099,0.85514518
17497.568,0.85358698
17500.037,0.84599562
17502.506,0.83116445
17504.975,0.83744944
17507.445,0.81658513
17509.915,0.81382039
17512.384,0.80803907
17514.855,0.79562127
17517.325,0.79768312
17519.795,0.78164545
17522.266,0.79939361
17524.737,0.80447211
17527.208,0.8053274
17529.679,0.82428225
17532.15,0.82151766
17534.622,0.81935641
17537.093,0.824435
17539.565,0.82046383
17542.037,0.82252586
17544.509,0.82881114
17546.982,0.81941016
17549.454,0.81483575
17551.927,0.79698835
17554.4,0.7803476
17556.873,0.77396328
17559.346,0.7681823
17561.819,0.75395488
17564.293,0.74153744
17566.767,0.75325274
17569.241,0.73359551
17571.715,0.73022789
17574.189,0.71057069
17576.663,0.6903102
17579.138,0.69478577
17581.613,0.69322817
17584.088,0.70796019
17586.563,0.70036945
17589.038,0.69700196
17591.514,0.68880793
17593.989,0.69268029
17596.465,0.70379249
17598.941,0.69680515
17601.417,0.71938043
17603.894,0.71661636
17606.37,0.72109213
17608.847,0.72737787
17611.324,0.70591098
17613.801,0.70616357
17616.278,0.70822614
17618.756,0.71571859
17621.233,0.72864091
17623.711,0.73070353
17626.189,0.71285666
17628.667,0.71552264
17631.145,0.70551894
17633.624,0.69068872
17636.102,0.68068506
17638.581,0.6899876
17641.06,0.68903376
17643.539,0.70497283
17646.019,0.70522566
17648.498,0.69160218
17650.978,0.69607826
17653.458,0.69391787
17655.938,0.69417076
17658.418,0.71674645
17660.898,0.70372638
17663.379,0.71242578
17665.859,0.72172852
17668.34,0.73103127
17670.821,0.72344114
17673.303,0.72791738
17675.784,0.72877374
17678.266,0.72721684
17680.747,0.72083341
17683.229,0.71625995
17685.711,0.70565333
17688.194,0.69565004
17690.676,0.68082023
17693.159,0.66599043
17695.642,0.66624361
17698.125,0.66167026
17700.608,0.65890688
17703.091,0.66639993
17705.575,0.65338018
17708.058,0.65363345
17710.542,0.6496635
17713.026,0.65655331
17715.51,0.65861658
17717.995,0.65283674
17720.479,0.66696641
17722.964,0.67083969
17725.449,0.68074618
17727.934,0.68160291
17730.419,0.66315347
17732.905,0.67125005
17735.39,0.66607365
17737.876,0.66632713
17740.362,0.66718394
17742.848,0.65597441
17745.334,0.6580379
17747.821,0.65406822
17750.307,0.63622224
17752.794,0.64914551
17755.281,0.63733275
17757.768,0.62732996
17760.256,0.6372367
17762.743,0.62361403
17765.231,0.62567766
17767.719,0.62231145
17770.207,0.61291207
17772.695,0.61437243
17775.183,0.61462618
17777.672,0.61367331
17780.161,0.60548063
17782.65,0.62504062
17785.139,0.61262475
17787.628,0.60805204
17790.117,0.62157889
17792.607,0.6097664
17795.097,0.62751652
17797.587,0.62173724
17800.077,0.61173475
17802.567,0.62164179
17805.058,0.60620947
17807.548,0.60344686
17810.039,0.60370085
17812.53,0.59792168
17815.021,0.59938235
17817.513,0.58515676
17820.004,0.57636105
17822.496,0.58023505
17824.988,0.5623896
17827.48,0.55962713
17829.972,0.54660827
17832.464,0.54746574
17834.957,0.5441
17837.45,0.53651105
17839.942,0.54219513
17842.436,0.53279626
17844.929,0.53546378
17847.422,0.52847822
17849.916,0.52450927
17852.41,0.53079675
17854.904,0.52019134
17857.398,0.53009876
17859.892,0.52612988
17862.386,0.52759089
17864.881,0.52241541
17867.376,0.51120677
17869.871,0.51870101
17872.366,0.51473222
17874.861,0.50895349
17877.357,0.50860465
17879.853,0.52213214
17882.349,0.51937006
17884.845,0.50876486
17887.341,0.51565591
17889.837,0.51591047
17892.334,0.51676837
17894.831,0.51883293
17897.327,0.50822781
17899.825,0.5199455
17902.322,0.51416697
17904.819,0.50537186
17907.317,0.51286637
17909.815,0.50889785
17912.313,0.49165634
17914.811,0.49372104
17917.309,0.50664548
17919.808,0.50147039
17922.306,0.48362564
17924.805,0.4856904
17927.304,0.47930873
17929.803,0.48378681
17932.303,0.48524831
17934.802,0.48489988
17937.302,0.48213819
17939.802,0.47515328
17942.302,0.47178831
17944.802,0.47204327
17947.302,0.46385178
17949.803,0.46772668
17952.304,0.45651864
17954.805,0.45556703
17957.306,0.44616898
17959.807,0.44642404
17962.308,0.44848908
17964.81,0.4330579
17967.312,0.4429661
17969.814,0.44684115
17972.316,0.44045979
17974.818,0.44976474
17977.321,0.43674692
17979.823,0.44424194
17982.326,0.44389384
17984.829,0.43449599
17987.332,0.44138775
17989.836,0.45008948
17992.339,0.44008836
17994.843,0.45723658
17997.347,0.45145872
17999.851,0.44266429
18002.355,0.44593625
18004.86,0.43714186
18007.364,0.43257071
18009.869,0.44127258
18012.374,0.44635456
18014.879,0.43575028
18017.384,0.44445221
18019.89,0.44289774
18022.395,0.42927692
18024.901,0.44401209
18027.407,0.41530835
18029.913,0.42582032
18032.42,0.42185267
18034.926,0.41064521
18037.433,0.42960369
18039.94,0.42322282
18042.447,0.42709838
18044.954,0.41830427
18047.461,0.41494004
18049.969,0.42364219
18052.476,0.42631119
18054.984,0.43018683
18057.492,0.42501272
18060.001,0.4288884
18062.509,0.42009442
18065.018,0.43482986
18067.526,0.42422596
18070.035,0.41301875
18072.544,0.42111775
18075.054,0.40810063
18077.563,0.41137311
18080.073,0.41042239
18082.583,0.39800864
18085.093,0.40610772
18087.603,0.40395042
18090.113,0.39877654
18092.623,0.41170222
18095.134,0.40894165
18097.645,0.39833796
18100.156,0.42091679
18102.667,0.42961932
18105.179,0.42384223
18107.69,0.43194148
18110.202,0.43280092
18112.714,0.4276272
18115.226,0.44296632
18117.738,0.4299495
18120.251,0.42960238
18122.763,0.43770173
18125.276,0.42347832
18127.789,0.43399099
18130.302,0.4324373
18132.815,0.41157745
18135.329,0.40942048
18137.842,0.39399053
18140.356,0.39485018
18142.87,0.39329659
18145.384,0.38932973
18147.899,0.39139608
18150.413,0.3819994
18152.928,0.39371888
18155.443,0.38432223
18157.958,0.37914883
18160.473,0.38724845
18162.988,0.37423195
18165.504,0.39017474
18168.02,0.39344787
18170.535,0.39551437
18173.052,0.40059749
18175.568,0.39783749
18178.084,0.40955714
18180.601,0.3977474
18183.118,0.40222727
18185.635,0.3982607
18188.152,0.39067424
18190.669,0.40118734
18193.186,0.37610469
18195.704,0.38480788
18198.222,0.38385799
18200.74,0.36360193
18203.258,0.38437154
18205.776,0.38100843
18208.295,0.37704202
18210.814,0.37126568
18213.332,0.37453912
18215.851,0.37781259
18218.371,0.37505289
18220.89,0.39099607
18223.41,0.37978995
18225.929,0.38668339
18228.449,0.3917669
18230.969,0.3859907
18233.49,0.39167756
18236.01,0.37685162
18238.531,0.37167878
18241.051,0.38762211
18243.572,0.38124268
18246.094,0.37425994
18248.615,0.38055023
18251.136,0.36391444
18253.658,0.3617583
18256.18,0.36804864
18258.702,0.37313236
18261.224,0.37459619
18263.746,0.36640695
18266.269,0.37873054
18268.792,0.38019442
18271.314,0.37019528
18273.837,0.35778287
18276.361,0.36950322
18278.884,0.36976054
18281.408,0.37363778
18283.931,0.38234159
18286.455,0.38139232
18288.979,0.39492271
18291.504,0.39095689
18294.028,0.39724749
18296.553,0.41319121
18299.077,0.41706858
18301.602,0.41973933
18304.128,0.43507978
18306.653,0.43111406
18309.178,0.43016495
18311.704,0.43585237
18314.23,0.43007675
18316.756,0.43516088
18319.282,0.44688153
18321.808,0.45196569
18324.335,0.46247974
18326.862,0.45006771
18329.388,0.4509287
18331.915,0.43308684
18334.443,0.43032796
18336.97,0.431189
18339.498,0.4332567
18342.025,0.44075428
18344.553,0.43799546
18347.081,0.44911299
18349.61,0.43971771
18352.138,0.43454568
18354.667,0.41851394
18357.196,0.40972203
18359.725,0.42807946
18362.254,0.41385773
18364.783,0.43945501
18367.312,0.45177932
18369.842,0.44238418
18372.372,0.44927866
18374.902,0.44833001
18377.432,0.4546212
18379.963,0.45548255
18382.493,0.47685673
18385.024,0.46927166
18387.555,0.48099278
18390.086,0.4884907
18392.617,0.47064927
18395.148,0.47995718
18397.68,0.46633901
18400.212,0.46418391
18402.744,0.48435159
18405.276,0.4846098
18407.808,0.47646179
18410.34,0.47619715
18412.873,0.47488678
18415.406,0.47775944
18417.939,0.47383472
18420.472,0.4835048
18423.005,0.48585463
18425.539,0.49500187
18428.072,0.51565239
18430.606,0.52113953
18433.14,0.54231296
18435.675,0.53943413
18438.209,0.53289518
18440.743,0.55093141
18443.278,0.55118988
18445.813,0.56922615
18448.348,0.57262191
18450.883,0.5713118
18453.419,0.57000172
18455.954,0.57392041
18458.49,0.57417899
18461.026,0.57391471
18463.562,0.5746962
18466.098,0.56292868
18468.635,0.5725991
18471.171,0.56867476
18473.708,0.5741622
18476.245,0.58330979
18478.782,0.56840511
18481.32,0.59480764
18483.857,0.58879189
18486.395,0.59061929
18488.933,0.60917873
18491.471,0.60054865
18494.009,0.60133035
18496.547,0.60943234
18499.086,0.61544283
18501.625,0.61727034
18504.164,0.62275799
18506.703,0.61046789
18509.242,0.6091582
18511.781,0.61673741
18514.321,0.60967611
18516.861,0.61934687
18519.401,0.60496535
18521.941,0.61149888
18524.481,0.61228079
18527.021,0.59894508
18529.562,0.61436755
18532.103,0.60939789
18534.644,0.60808837
18537.185,0.61462201
18539.726,0.60912952
18542.268,0.62298346
18544.81,0.62585702
18547.351,0.62297896
18549.893,0.62532968
18552.436,0.62245166
18554.978,0.62532529
18557.521,0.62715319
18560.063,0.62845823
18562.606,0.64231231
18565.149,0.64048013
18567.693,0.64073947
18570.236,0.64256746
18572.78,0.65119285
18575.323,0.65197512
18577.867,0.64491427
18580.411,0.63785344
18582.956,0.64491027
18585.5,0.63575797
18588.045,0.6328802
18590.59,0.63732271
18593.135,0.63705935
18595.68,0.64307053
18598.225,0.63914707
18600.771,0.62633475
18603.316,0.62293421
18605.862,0.61378205
18608.408,0.61613318
18610.954,0.6017523
18613.501,0.59364595
18616.047,0.59913439
18618.594,0.5946882
18621.141,0.58553615
18623.688,0.59834491
18626.235,0.59180727
18628.783,0.58004089
18631.33,0.58657519
18633.878,0.57010297
18636.426,0.56565691
18638.974,0.57480563
18641.523,0.57820274
18644.071,0.57689399
18646.62,0.57192513
18649.168,0.56381902
18651.717,0.55989594
18654.267,0.56172452
18656.816,0.54472958
18659.366,0.55649283
18661.915,0.54368093
18664.465,0.54184944
18667.015,0.55256699
18669.565,0.52250025
18672.116,0.53217208
18674.666,0.52720341
18677.217,0.51073149
18679.768,0.51622037
18682.319,0.50497725
18684.87,0.50942041
18687.422,0.51072634
18689.973,0.49948327
18692.525,0.50444936
18695.077,0.50993835
18697.629,0.49451232
18700.182,0.49058958
18702.734,0.48091522
18705.287,0.4816984
18707.839,0.48927898
18710.393,0.47280729
18712.946,0.4762049
18715.499,0.4628705
18718.053,0.45319625
18720.606,0.45084227
18723.16,0.43907656
18725.714,0.45397752
18728.268,0.44900922
18730.823,0.44351807
18733.377,0.43122955
18735.932,0.41894104
18738.487,0.43175059
18741.042,0.42991964
18743.597,0.42181419
18746.153,0.42521203
18748.708,0.41867525
18751.264,0.41370711
18753.82,0.42233376
18756.376,0.42207154
18758.933,0.43017535
18761.489,0.42834454
18764.046,0.4144876
18766.603,0.41213395
18769.16,0.39775417
18771.717,0.41526984
18774.274,0.41919075
18776.832,0.4032424
18779.389,0.40873197
18781.947,0.39801241
18784.505,0.39356738
18787.064,0.40428577
18789.622,0.39095188
18792.181,0.38807553
18794.739,0.38363057
18797.298,0.37291112
18799.857,0.37735508
18802.417,0.3723873
18804.976,0.37369405
18807.536,0.3838897
18810.096,0.37107883
18812.655,0.37029413
18815.216,0.37264669
18817.776,0.36767902
18820.336,0.36846299
18822.897,0.36192673
18825.458,0.34911597
18828.019,0.36610915
18830.58,0.37055332
18833.142,0.36192562
18835.703,0.36323258
18838.265,0.35512779
18840.827,0.35016028
18843.389,0.35094441
18845.951,0.33290504
18848.513,0.33734934
18851.076,0.33604203
18853.639,0.33473473
18856.202,0.32872157
18858.765,0.32375418
18861.328,0.32401556
18863.892,0.32375409
18866.455,0.31303511
18869.019,0.3101593
18871.583,0.31878677
18874.147,0.31381948
18876.711,0.30937509
18879.276,0.30283921
18881.841,0.29944061
18884.405,0.31695705
18886.97,0.30728397
18889.536,0.31538869
18892.101,0.31512741
18894.667,0.30859164
18897.232,0.31669641
18899.798,0.31486656
18902.364,0.32087986
18904.93,0.31852717
18907.497,0.31251436
18910.063,0.3038872
18912.63,0.30728619
18915.197,0.31173095
18917.764,0.31826724
18920.332,0.31016302
18922.899,0.29735293
18925.467,0.29395463
18928.035,0.28637334
18930.602,0.28297507
18933.171,0.28062258
18935.739,0.27983872
18938.307,0.28271502
18940.876,0.27565669
18943.445,0.27591865
18946.014,0.27147473
18948.583,0.27330535
18951.153,0.27513598
18953.722,0.27592088
18956.292,0.27095417
18958.862,0.27435348
18961.432,0.27775281
18964.002,0.28481229
18966.573,0.26938813
18969.143,0.27592477
18971.714,0.28664444
18974.285,0.27958634
18976.856,0.26939101
18979.427,0.26651595
18981.999,0.26364092
18984.57,0.26338028
18987.142,0.26259678
18989.714,0.25553879
18992.286,0.25580108
18994.859,0.26286078
18997.431,0.26155447
19000.004,0.26286257
19002.577,0.2463929
19005.15,0.25763568
19007.723,0.25319219
19010.296,0.24822585
19012.87,0.25423991
19015.444,0.25711674
19018.018,0.25685633
19020.592,0.25921032
19023.166,0.2620872
19025.74,0.26130397
19028.315,0.26418089
19030.89,0.2524173
19033.465,0.247974
19036.04,0.24353071
19038.615,0.23804168
19041.191,0.25033045
19043.766,0.24274996
19046.342,0.23307798
19048.918,0.22968053
19051.494,0.22889748
19054.071,0.23491183
19056.647,0.22890006
19059.224,0.23386869
19061.801,0.22837983
19064.378,0.22759686
19066.955,0.22576816
19069.532,0.22341661
19072.11,0.22106507
19074.688,0.22446518
19077.266,0.2215908
19079.844,0.2239452
19082.422,0.23205125
19085,0.22708542
19087.579,0.22682549
19090.158,0.2239512
19092.737,0.20643641
19095.316,0.22238568
19097.895,0.21219119
19100.475,0.21245422
19103.054,0.2142859
19105.634,0.20827447
19108.214,0.21376631
19110.794,0.21350654
19113.375,0.2043579
19115.955,0.21141843
19118.536,0.21063584
19121.117,0.20723889
19123.698,0.21900535
19126.279,0.21560844
19128.86,0.21587167
19131.442,0.22502381
19134.024,0.20594067
19136.606,0.21090984
19139.188,0.21012739
19141.77,0.20463907
19144.352,0.20960829
19146.935,0.1978455
19149.518,0.19288012
19152.101,0.20569253
19154.684,0.20125006
19157.267,0.19889911
19159.851,0.20177693
19162.434,0.19576588
19165.018,0.19916662
19167.602,0.19733861
19170.186,0.193942
19172.771,0.21459769
19175.355,0.2091096
19177.94,0.21878494
19180.525,0.22689166
19183.11,0.22401801
19185.695,0.23630778
19188.281,0.23291129
19190.866,0.23160632
19193.452,0.22977849
19196.038,0.22219905
19198.624,0.22403139
19201.21,0.2159291
19203.797,0.2172386
19206.383,0.21279648
19208.97,0.21515177
19211.557,0.20443517
19214.144,0.19633298
19216.732,0.18666217
19219.319,0.18378877
19221.907,0.17464088
19224.495,0.18170215
19227.083,0.17150854
19229.671,0.16863521
19232.259,0.1636704
19234.848,0.15765985
19237.436,0.16210683
19240.025,0.16550808
19242.614,0.16681785
19245.204,0.16812763
19247.793,0.15688841
19250.383,0.16081261
19252.972,0.15898519
19255.562,0.15611203
19258.152,0.15585328
19260.743,0.1608233
19263.333,0.15533582
19265.924,0.16710326
19268.514,0.16893608
19271.105,0.16397153
19273.697,0.17103314
19276.288,0.16083987
19278.879,0.16319563
19281.471,0.16607429
19284.063,0.1595412
19286.655,0.16398852
19289.247,0.1611156
19291.84,0.16190283
19294.432,0.15902994
19297.025,0.15511132
19299.618,0.1538071
19302.211,0.15093426
19304.804,0.14806145
19307.397,0.13995989
19309.991,0.141793
19312.585,0.14153461
19315.179,0.13500174
19317.773,0.14415515
19320.367,0.13343931
19322.962,0.14573002
19325.556,0.1501776
19328.151,0.14207619
19330.746,0.1512297
19333.341,0.14312832
19335.936,0.1470531
19338.532,0.1467949
19341.128,0.15019684
19343.724,0.15464455
19346.32,0.16536679
19348.916,0.17033741
19351.512,0.1742623
19354.109,0.17714146
19356.705,0.16381148
19359.302,0.16250767
19361.899,0.1497006
19364.497,0.1468282
19367.094,0.14238718
19369.692,0.13690043
19372.289,0.13977971
19374.887,0.12906424
19377.485,0.13194355
19380.084,0.12227387
19382.682,0.12515322
19385.281,0.12175808
19387.88,0.11574857
19390.479,0.11705935
19393.078,0.11157276
19395.677,0.11131495
19398.277,0.11837741
19400.876,0.12543989
19403.476,0.12831939
19406.076,0.13642766
19408.677,0.12780392
19411.277,0.1406181
19413.877,0.14297479
19416.478,0.14114849
19419.079,0.14350522
19421.68,0.13645019
19424.281,0.14194421
19426.883,0.14011798
19429.484,0.13201726
19432.086,0.13698845
19434.688,0.12470476
19437.29,0.13019886
19439.893,0.12418971
19442.495,0.11922634
19445.098,0.12262899
19447.701,0.13073754
19450.304,0.12159121
19452.907,0.11139915
19455.51,0.10800449
19458.114,0.11349873
19460.717,0.11480999
19463.321,0.108801
19465.925,0.10802079
19468.529,0.11822099
19471.134,0.10959768
19473.738,0.12502667
19476.343,0.11222039
19478.948,0.10725726
19481.553,0.11745755
19484.158,0.11301733
19486.764,0.10073399
19489.369,0.10256832
19491.975,0.10753992
19494.581,0.10832853
19497.187,0.10231978
19499.794,0.09369666
19502.4,0.096053952
19505.007,0.10259427
19507.614,0.082990813
19510.221,0.097374303
19512.828,0.095025784
19515.435,0.092154407
19518.043,0.10130919
19520.65,0.095300596
19523.258,0.078311625
19525.866,0.097401104
19528.474,0.096621319
19531.083,0.10316181
19533.691,0.10342782
19536.3,0.10264809
19538.909,0.11703177
19541.518,0.10108868
19544.127,0.096125991
19546.737,0.10841823
19549.346,0.10973009
19551.956,0.10999621
19554.566,0.10869373
19557.176,0.10843702
19559.787,0.10242869
19562.397,0.11890404
19565.008,0.1050526
19567.619,0.10009008
19570.23,0.093036069
19572.841,0.08807358
19575.452,0.092522873
19578.064,0.086514668
19580.675,0.094624127
19583.287,0.097504846
19585.899,0.096725452
19588.512,0.086534311
19591.124,0.091506587
19593.737,0.10327627
19596.349,0.09413093
19598.962,0.098057507
19601.575,0.096232468
19604.189,0.09283882
19606.802,0.10251708
19609.416,0.09807772
19612.029,0.11559916
19614.643,0.11063695
19617.258,0.098877379
19619.872,0.10071259
19622.486,0.096273319
19625.101,0.086605303
19627.716,0.09366933
19630.331,0.088184356
19632.946,0.085836654
19635.561,0.08610335
19638.177,0.079049801
19640.793,0.072519146
19643.409,0.077491777
19646.025,0.073052661
19648.641,0.0764567
19651.257,0.06940324
19653.874,0.070715811
19656.491,0.079348662
19659.108,0.081184144
19661.725,0.074130756
19664.342,0.084855163
19666.959,0.072050176
19669.577,0.070748474
19672.195,0.068401039
19674.813,0.068145125
19677.431,0.071026483
19680.049,0.072862108
19682.668,0.078880757
19685.286,0.071827528
19687.905,0.067911572
19690.524,0.067655765
19693.144,0.061648341
19695.763,0.050935052
19698.382,0.059045311
19701.002,0.057220947
19703.622,0.039710326
19706.242,0.0551409
19708.862,0.038676066
19711.483,0.044694911
19714.103,0.051759524
19716.724,0.039477751
19719.345,0.050725406
19721.966,0.030600531
19724.587,0.040802471
19727.209,0.051527304
19729.831,0.044474377
19732.452,0.049970488
19735.074,0.053897988
19737.697,0.046322239
19740.319,0.052341279
19742.941,0.063589095
19745.564,0.053399019
19748.187,0.057849485
19750.81,0.049750949
19753.433,0.045835437
19756.057,0.052900335
19758.68,0.051076361
19761.304,0.062324301
19763.928,0.055794481
19766.552,0.051356182
19769.176,0.04953228
19771.8,0.05346003
19774.425,0.053727666
19777.05,0.051380942
19779.675,0.060014627
19782.3,0.055053559
19784.925,0.058981397
19787.551,0.060294874
19790.176,0.059516866
19792.802,0.067104888
19795.428,0.068418418
19798.054,0.059797326
19800.681,0.062156643
19803.307,0.067653234
19805.934,0.053280561
19808.561,0.059300062
19811.188,0.055384941
19813.815,0.052515589
19816.442,0.05644364
19819.07,0.048345566
19821.698,0.044953392
19824.325,0.053587379
19826.954,0.049149488
19829.582,0.05046325
19832.21,0.043933891
19834.839,0.034790172
19837.468,0.043424248
19840.097,0.03846357
19842.726,0.032457159
19845.355,0.048934426
19847.984,0.039790795
19850.614,0.039536071
19853.244,0.044510123
19855.874,0.029092035
19858.504,0.020994227
19861.134,0.031197091
19863.765,0.014733305
19866.396,0.024413328
19869.026,0.028864611
19871.658,0.017106761
19874.289,0.032015595
19876.92,0.017643402
19879.552,0.014251618
19882.183,0.024977499
19884.815,0.012173986
19887.447,0.027605786
19890.08,0.023168321
19892.712,0.02186813
19895.345,0.02631959
19897.978,0.020313552
19900.61,0.022150668
19903.244,0.027125058
19905.877,0.0226877
19908.51,0.019296112
19911.144,0.010675783
19913.778,0.0088528581
19916.412,0.010167206
19919.046,0.013050198
19921.68,-0.00027594173
19924.315,0.0031299623
19926.95,-0.013333397
19929.584,-0.012541837
19932.22,-0.0039071212
19934.855,-0.0031155252
19937.49,0.014408115
19940.126,0.0036964781
19942.761,-0.005969389
19945.397,-0.0041319703
19948.033,-0.014843554
19950.67,0.0047716784
19953.306,-0.0059398693
19955.943,-0.0020108763
19958.58,0.0040096377
19961.217,-0.003041726
19963.854,0.010299085
19966.491,0.010045142
19969.128,0.010836969
19971.766,0.0048314283
19974.404,0.00091740829
19977.042,0.00014066099
19979.68,0.00040968309
19982.319,0.00067872295
19984.957,0.00094778057
19987.596,0.0012168559
19990.235,0.0014859491
19992.874,0.00175506
19995.513,0.0020241887
