M/Z,Intensity
-7.8602611e-005,-0.39654902
2.1773576e-007,-0.3494902
9.6021472e-005,-0.059294118
0.00036601382,-0.52988235
0.00081019477,0.19952941
0.0014285643,0.39560784
0.0022211225,-2.2867451
0.0031878693,-1.824
0.0043288047,-3.4083137
0.0056439287,-3.8475294
0.0071332413,-3.651451
0.0087967426,-3.8945882
0.010634432,-3.7847843
0.012646311,-3.7819502
0.014832378,-3.9043609
0.017192634,-0.80299673
0.019727078,3.9535147
0.022435711,9.823997
0.025318532,6.1574699
0.028375542,3.2598155
0.031606741,8.2369163
0.035012128,3.2221056
0.038591704,-3.8238322
0.042345469,-2.602858
0.046273422,3.9909106
0.050375564,1.7849246
0.054651894,1.0458507
0.059102413,-0.014546524
0.063727121,-0.54136502
0.068526017,-2.087546
0.073499102,-1.0923051
0.078646375,5.9659263
0.083967837,10.020481
0.089463488,4.4282232
0.095133327,-2.5128093
0.10097736,-3.7359493
0.10699557,-3.703942
0.11318798,-3.7501207
0.11955457,-2.305858
0.12609535,-1.1750753
0.13281032,-0.29502767
0.13969948,-1.4461072
0.14676283,-0.016549197
0.15400037,2.1975679
0.16141209,3.1648716
0.16899801,2.4932049
0.17675811,2.2688425
0.1846924,2.0368823
0.19280088,2.173795
0.20108355,-0.1047333
0.20954041,-2.5634083
0.21817145,-2.1277203
0.22697669,0.41017382
0.23595611,1.669882
0.24510972,1.2357179
0.25443752,1.4841521
0.26393951,2.1642043
0.27361569,0.71901159
0.28346605,-1.3220141
0.29349061,-1.5118141
0.30368935,-1.7013686
0.31406228,-2.8945994
0.3246094,-3.013075
0.33533071,-1.7195404
0.34622621,-0.394388
0.3572959,1.0408137
0.36853977,1.7703785
0.37995783,1.9119534
0.39155009,1.6067148
0.40331653,1.6154471
0.41525716,1.9459934
0.42737197,1.8454125
0.43966098,1.8705672
0.45212418,1.6763594
0.46476156,1.3569069
0.47757313,0.48868006
0.49055889,-0.073419015
0.50371884,-0.46272369
0.51705298,-0.9615869
0.53056131,-0.66804787
0.54424382,-0.14681248
0.55810053,0.060942795
0.57213142,0.33953169
0.5863365,-0.063986977
0.60071577,0.20724954
0.61526923,0.32971183
0.62999688,0.36614499
0.64489871,0.77929412
0.65997473,0.57403162
0.67522495,0.74522422
0.69064935,0.55561701
0.70624794,-0.15165275
0.72202072,-0.34129094
0.73796769,-0.62506228
0.75408884,-0.65002557
0.77038419,-0.30637691
0.78685372,-0.95097904
0.80349744,-0.042655485
0.82031535,-0.26375919
0.83730745,-0.41429015
0.85447374,-0.015816991
0.87181421,0.46891518
0.88932888,0.33402402
0.90701773,0.62264677
0.92488077,0.6524305
0.942918,0.525336
0.96112942,0.24136325
0.97951503,0.3965907
0.99807483,0.51258697
1.0168088,0.33052853
1.035717,1.0190428
1.0547993,1.213424
1.0740559,0.93720143
1.0934866,1.2962575
1.1130916,1.5062784
1.1328707,0.9554996
1.152824,1.134117
1.1729515,1.2970327
1.1932532,1.067776
1.213729,0.97183711
1.2343791,0.78176511
1.2552033,1.0387364
1.2762018,1.2486335
1.2973744,0.97224046
1.3187212,1.2840673
1.3402422,1.1096041
1.3619374,0.89590971
1.3838068,1.035141
1.4058504,1.0723961
1.4280681,1.4312042
1.4504601,1.0056832
1.4730262,1.003676
1.4957665,0.92322205
1.518681,0.74079178
1.5417697,0.51913032
1.5650326,0.35235534
1.5884697,0.18556486
1.612081,0.081503986
1.6358664,0.25978056
1.6598261,-0.016860319
1.6839599,0.13785586
1.7082679,0.2847134
1.7327501,0.23547703
1.7574065,0.5548526
1.7822371,0.41931073
1.8072419,0.55042003
1.8324209,0.50112168
1.857774,0.38906274
1.8833013,0.38679222
1.9090029,0.32960426
1.9348786,0.4214204
1.9609285,0.13675047
1.9871526,0.18147681
2.0135509,0.18697197
2.0401234,0.10617712
2.06687,0.39399423
2.0937909,0.36022723
2.1208859,0.34997414
2.1481551,0.42598007
2.1755985,0.40000972
2.2032161,0.38971015
2.2310079,0.31664999
2.2589739,0.55729983
2.2871141,0.32734594
2.3154285,0.34051381
2.343917,0.48699952
2.3725797,0.42170503
2.4014167,0.50541466
2.4304278,0.42440291
2.4596131,0.50023842
2.4889726,0.48194078
2.5185062,0.39303942
2.5482141,0.42176962
2.5780962,0.35636668
2.6081524,0.42428158
2.6383828,0.076494713
2.6687875,0.17575118
2.6993663,0.23577646
2.7301193,-0.20617453
2.7610465,0.41852565
2.7921478,-0.14894652
2.8234234,0.21689914
2.8548732,0.025866568
2.8864971,0.20344595
2.9182952,0.26336279
2.9502676,-0.045363325
2.9824141,0.27334605
3.0147348,0.42733405
3.0472296,0.071502638
3.0798987,0.53918514
3.112742,0.27744039
3.1457594,0.43920956
3.1789511,0.38919852
3.2123169,0.62936807
3.2458569,0.62638488
3.2795711,0.13711168
3.3134595,0.86350926
3.3475221,0.45263645
3.3817589,0.54370893
3.4161698,0.90143258
3.450755,0.56894466
3.4855143,0.84820595
3.5204478,0.51568705
3.5555556,0.66158402
3.5908375,0.86236746
3.6262936,0.45921384
3.6619238,0.87957414
3.6977283,0.56266405
3.733707,0.66926787
3.7698598,0.650366
3.8061868,0.56086041
3.8426881,0.73800598
3.8793635,0.60141058
3.9162131,0.59028988
3.9532369,0.62621251
3.9904348,0.58368827
4.027807,0.71369756
4.0653534,0.50643645
4.1030739,0.40896377
4.1409686,0.57814227
4.1790376,0.331619
4.2172807,0.54782533
4.255698,0.20715343
4.2942895,0.22725034
4.3330551,0.29439059
4.371995,0.12622123
4.411109,0.18548735
4.4503973,0.095718371
4.4898597,0.037306449
4.5294963,0.10436923
4.5693071,-0.056034463
4.6092921,0.026683606
4.6494513,0.0074253983
4.6897847,-0.16086791
4.7302923,0.0080781888
4.770974,-0.19161866
4.8118299,-0.030546679
4.8528601,0.012862745
4.8940644,-0.075271015
4.9354429,0.0012932471
4.9769956,0.085692787
5.0187225,-0.088739063
5.0606235,0.019174169
5.1026988,-0.092528303
5.1449482,-0.00031706517
5.1873719,0.131102
5.2299697,-0.18454562
5.2727417,0.12724988
5.3156879,0.031194384
5.3588083,0.013562401
5.4021029,0.12925589
5.4455717,0.0018042658
5.4892146,-0.070753258
5.5330318,0.099818613
5.5770231,0.12920615
5.6211886,0.072311325
5.6655283,0.085996872
5.7100422,0.22516475
5.7547303,0.074128699
5.7995926,0.1583789
5.8446291,0.19556242
5.8898397,0.31116945
5.9352245,0.15225882
5.9807836,0.26000699
6.0265168,0.2814728
6.0724242,0.12253859
6.1185058,0.29300828
6.1647616,0.12621521
6.2111916,0.24961036
6.2577957,0.13770353
6.3045741,0.1434359
6.3515266,0.26680747
6.3986533,0.33526922
6.4459543,-0.035492573
6.4934294,0.45648287
6.5410787,0.030803392
6.5889021,0.18550821
6.6368998,0.15981301
6.6850717,0.5419531
6.7334177,-0.27591468
6.781938,0.68660183
6.8306324,0.11185559
6.879501,0.11749364
6.9285438,0.27998658
6.9777608,0.19149127
7.027152,0.30690966
7.0767174,0.053692745
7.1264569,0.44360522
7.1763707,0.32370592
7.2264586,-0.015809083
7.2767207,0.49957001
7.327157,0.11298046
7.3777675,0.14206933
7.4285522,0.28095426
7.4795111,0.059047011
7.5306442,0.35477896
7.5819514,0.0073658028
7.6334329,0.25602321
7.6850885,0.16741786
7.7369183,-0.023156136
7.7889223,0.38234044
7.8411005,-0.0043277075
7.8934529,0.21291785
7.9459795,0.15564575
7.9986802,-0.050653818
8.0515552,0.072450517
8.1046043,0.062213658
8.1578277,-0.065678119
8.2112252,0.080932048
8.2647969,0.14125985
8.3185428,-0.041557472
8.3724629,0.0030683312
8.4265572,0.094745098
8.4808256,-0.070060948
8.5352683,0.016113076
8.5898851,-0.14085048
8.6446761,-0.015461409
8.6996413,-0.039092271
8.7547808,-0.054880317
8.8100943,-8.0449017e-005
8.8655821,-0.24332012
8.9212441,-0.023815011
8.9770803,-0.070976893
9.0330906,-0.18872733
9.0892751,-0.031968286
9.1456339,-0.16540564
9.2021668,-0.1262943
9.2588739,0.022620644
9.3157552,-0.087288264
9.3728107,-0.056021023
9.4300403,-0.071812927
9.4874442,-0.1189777
9.5450222,0.12405328
9.6027745,-0.17409253
9.6607009,0.14736918
9.7188015,0.0060854747
9.7770763,-0.025394633
9.8355253,0.076458271
9.8941485,-0.017767577
9.9529458,0.084084684
10.011917,0.013387604
10.071063,0.083866673
10.130383,0.028855225
10.189877,0.052274827
10.249545,0.067850971
10.309388,0.12264248
10.369405,0.020570922
10.429596,0.15379316
10.489961,0.012505273
10.5505,0.075138633
10.611213,0.17698736
10.672101,0.082757329
10.733163,0.18460541
10.794399,0.12959043
10.855809,0.12163394
10.917393,0.23916733
10.979152,0.090033738
11.041085,0.34874296
11.103192,0.12117735
11.165473,0.25439573
11.227928,0.058202019
11.290558,0.19141976
11.353361,0.07365678
11.416339,0.13628564
11.479491,-0.09912504
11.542818,0.36350318
11.606318,0.17515068
11.669993,0.11228806
11.733841,0.16707217
11.797864,0.26891479
11.862062,-0.13904684
11.926433,0.26083435
11.990979,0.0097348225
12.055698,0.15079184
12.120592,0.01733873
12.185661,0.23682648
12.250903,0.048470763
12.316319,-0.061453899
12.38191,0.20509171
12.447675,-0.038166932
12.513614,0.095044697
12.579727,0.04002071
12.646015,0.039898362
12.712477,0.21232471
12.779112,-0.15642573
12.845923,0.14933331
12.912907,0.047248893
12.980065,-0.235228
13.047398,0.10974576
13.114905,-0.047241584
13.182586,0.0075354569
13.250441,-0.023962333
13.31847,0.11708857
13.386674,-0.055586329
13.455051,-0.1106145
13.523603,0.069651134
13.592329,-0.079495323
13.66123,-0.0090342579
13.730304,-0.06406371
13.799553,0.0063967116
13.868976,-0.095692208
13.938573,-0.025232429
14.008344,-0.017518069
14.07829,-0.13529423
14.148409,-0.07267855
14.218703,0.036995629
14.289171,-0.025879532
14.359813,-0.065225604
14.43063,0.044447611
14.50162,-0.073330476
14.572785,0.10693033
14.644124,-0.12065232
14.715637,0.059607843
14.787324,0.093068206
14.859186,-0.093093258
14.931221,0.089358744
15.003431,-0.081144415
15.075815,0.10912275
15.148374,-0.13199661
15.221106,0.026870043
15.294013,0.07591879
15.367094,-0.19661508
15.440349,0.064170407
15.513778,-0.043685546
15.587381,0.028836674
15.661159,0.007227262
15.735111,0.071878376
15.809237,-0.020347241
15.883537,-0.0027829195
15.958011,-0.016605132
16.03266,0.23622534
16.107482,-0.020762099
16.182479,-0.065998814
16.25765,0.20247598
16.332996,-0.038867139
16.408515,-0.23316542
16.484209,0.12154193
16.560077,-0.057098039
16.636119,-0.026142601
16.712335,0.020462224
16.788725,-0.097675721
16.86529,-0.15310546
16.942029,-0.090925021
17.018942,-0.060154022
17.096029,-0.14706697
17.17329,-0.21048739
17.250726,-0.22688588
17.328335,-0.070772237
17.406119,-0.22057783
17.484077,0.30408948
17.56221,-0.31637812
17.640516,-0.081980658
17.718997,0.43473286
17.797652,-0.29564933
17.876481,0.5347159
17.955484,-0.10162242
18.034662,-0.49486038
18.114013,0.39813929
18.193539,-0.10497636
18.273239,0.30167502
18.353113,-0.028965387
18.433162,0.6050632
18.513384,0.19591764
18.593781,0.44555873
18.674352,0.51477077
18.755097,0.27806357
18.836016,0.37073125
18.91711,0.17316596
18.998377,-0.43227936
19.079819,0.2171404
19.161435,-0.49818261
19.243226,-0.099817021
19.32519,-0.30540989
19.407329,-0.54241219
19.489642,-0.30886314
19.572129,-0.68711569
19.65479,-0.36736591
19.737625,-0.58882949
19.820635,-0.5436633
19.903819,-0.51422026
19.987177,-0.85344156
20.070709,-0.34564093
20.154415,-0.56728895
20.238296,0.32475164
20.32235,1.6324416
20.406579,0.25774175
20.490982,0.1457501
20.57556,11.861173
20.660311,53.953029
20.745237,24.907593
20.830337,1.9876107
20.915611,0.9656307
21.001059,2.9632216
21.086681,2.4588149
21.172478,0.58182228
21.258449,2.1793026
21.344594,1.8787067
21.430913,1.3584662
21.517406,1.5126986
21.604074,1.2198352
21.690915,2.0092879
21.777931,1.3398802
21.865121,0.84298463
21.952486,0.85585608
22.040024,0.59418084
22.127737,0.59913538
22.215624,0.29032755
22.303685,0.15403184
22.39192,0.15103258
22.480329,0.10093761
22.568913,0.027276342
22.657671,-0.2738728
22.746603,-0.39466667
22.835709,-0.29239434
22.924989,-0.82595214
23.014444,-1.0149479
23.104073,-1.4554601
23.193876,-1.7788612
23.283853,-2.0086808
23.374004,-2.4351147
23.46433,-2.8542415
23.554829,-2.9915514
23.645503,-3.223515
23.736351,-3.6913087
23.827373,-3.8066972
23.91857,-4.3069355
24.009941,-4.5332
24.101485,-4.7364711
24.193204,-5.1285135
24.285098,-5.4348174
24.377165,-5.7338142
24.469407,-5.9313862
24.561822,-6.458906
24.654412,-6.6653932
24.747176,-6.9900634
24.840115,-7.2289952
24.933227,-7.2880708
25.026514,-7.896702
25.119975,-8.035281
25.21361,-8.0410627
25.307419,-7.8983608
25.401403,-6.8777636
25.49556,-2.5478984
25.589892,14.997117
25.684398,40.14944
25.779078,6.8776967
25.873933,9.0328688
25.968961,80.144368
26.064164,80.941605
26.159541,80.530463
26.255092,79.632511
26.350818,79.149709
26.446717,78.172253
26.542791,74.668771
26.639039,76.843184
26.735461,77.605297
26.832057,77.480599
26.928828,77.355365
27.025772,77.111948
27.122891,76.703289
27.220184,76.435271
27.317652,76.056913
27.415293,75.73292
27.513109,75.188784
27.611098,73.679406
27.709262,73.055766
27.807601,70.039434
27.906113,66.112761
28.0048,60.585553
28.10366,54.006828
28.202695,49.788351
28.301904,46.236005
28.401288,43.145868
28.500845,40.047352
28.600577,36.791438
28.700483,34.844791
28.800563,32.678
28.900817,29.553811
29.001246,28.51536
29.101848,26.77049
29.202625,26.225085
29.303576,24.690908
29.404701,21.838549
29.506001,20.515065
29.607474,20.783202
29.709122,20.446881
29.810944,19.506102
29.91294,17.341259
30.01511,15.411173
30.117455,14.22565
30.219974,12.843511
30.322666,11.460837
30.425534,10.305078
30.528575,7.1487832
30.63179,5.0115599
30.73518,4.3169379
30.838744,3.0335445
30.942482,2.9731446
31.046394,1.9318165
31.15048,1.5252464
31.254741,1.26716
31.359176,0.76540031
31.463785,-0.058464027
31.568568,0.98380228
31.673525,0.95886591
31.778657,1.5843739
31.883963,2.3897381
31.989442,2.1984878
32.095097,2.4145446
32.200925,4.2379086
32.306927,4.6646581
32.413104,5.9614598
32.519455,5.1871373
32.62598,4.0323856
32.732679,3.3015068
32.839553,2.1317555
32.9466,0.11528875
33.053822,-1.0145602
33.161218,-0.26171287
33.268788,-2.1359732
33.376532,-2.2608706
33.484451,-1.5775816
33.592544,1.0354625
33.700811,3.3429676
33.809252,2.5841493
33.917867,4.837439
34.026657,8.3851897
34.13562,11.27446
34.244758,11.889564
34.35407,12.403051
34.463556,9.8894296
34.573217,6.6624263
34.683052,6.1259624
34.79306,5.032979
34.903243,1.9717115
35.013601,1.4676501
35.124132,1.5521673
35.234838,-0.025717302
35.345717,-0.74835663
35.456771,-0.91378989
35.567999,-1.259272
35.679402,-1.6671559
35.790978,-0.5688141
35.902729,1.1965377
36.014654,-0.080904517
36.126753,0.10082015
36.239026,0.81622146
36.351474,-0.26411234
36.464095,-0.38724008
36.576891,0.25075981
36.689861,-0.3344264
36.803005,-0.31534773
36.916324,0.0099566127
37.029816,-0.73890553
37.143483,-0.50703221
37.257324,-0.35324694
37.371339,-0.51284385
37.485529,-0.71131313
37.599892,-0.87806655
37.71443,-0.69153547
37.829142,-0.38701402
37.944028,-0.35665906
38.059088,-0.043607843
38.174323,-0.075412463
38.289731,-0.33449088
38.405314,-0.20123525
38.521071,-0.22466519
38.637002,0.34816049
38.753108,0.30939864
38.869387,0.14532379
38.985841,-0.19896605
39.102469,-0.57445125
39.219271,-0.52622985
39.336248,-0.28959598
39.453398,-0.95474571
39.570723,-1.031483
39.688222,-0.70804304
39.805895,-0.41579848
39.923742,-0.5782787
40.041764,-1.1170523
40.15996,-0.68309974
40.278329,-0.52347979
40.396873,-0.74799637
40.515592,-0.2821397
40.634484,-0.4592431
40.753551,-0.42440461
40.872792,-0.099192855
40.992207,-0.32282353
41.111796,-1.1171216
41.231559,-1.6221406
41.351497,-2.0967041
41.471608,-2.4937533
41.591894,-3.5034842
41.712355,-4.161191
41.832989,-4.9060894
41.953797,-5.0871989
42.07478,-5.5045195
42.195937,-6.5894238
42.317268,-7.2752452
42.438773,-7.0443366
42.560453,-3.2065019
42.682306,14.104926
42.804334,37.642887
42.926536,6.0975785
43.048912,4.6062549
43.171463,63.451269
43.294187,63.989484
43.417086,63.334625
43.540159,62.25532
43.663406,60.586862
43.786828,59.364546
43.910423,49.325626
44.034193,32.626966
44.158137,32.57837
44.282255,30.51317
44.406547,25.623524
44.531014,28.419235
44.655654,29.817951
44.780469,32.133396
44.905458,36.008709
45.030621,33.679184
45.155959,30.501682
45.28147,33.942871
45.407156,50.44981
45.533016,41.512695
45.65905,14.096231
45.785259,4.6396348
45.911641,9.0331016
46.038198,5.4883966
46.164929,3.0251274
46.291834,2.8589804
46.418913,1.2174066
46.546167,-0.12704503
46.673595,-1.0802569
46.801196,-0.70889551
46.928972,-1.0757061
47.056923,0.50950742
47.185047,0.96439216
47.313346,1.8355611
47.441819,1.4521483
47.570466,3.5631735
47.699287,6.8588326
47.828282,2.7822629
47.957452,-0.98810421
48.086795,-2.2561903
48.216313,-2.5827796
48.346006,-2.4619899
48.475872,-2.8193113
48.605912,3.8668248
48.736127,22.74936
48.866516,13.922411
48.997079,8.2095074
49.127816,17.265552
49.258728,31.067015
49.389813,34.837425
49.521073,37.996391
49.652507,44.904697
49.784115,47.178029
49.915898,47.059524
50.047854,44.117811
50.179985,42.745045
50.31229,42.988285
50.444769,37.780865
50.577423,33.067883
50.71025,30.590516
50.843252,36.129155
50.976428,36.083801
51.109778,26.838766
51.243302,22.833268
51.377001,25.761423
51.510873,24.195781
51.64492,19.799087
51.779141,17.410556
51.913536,15.877247
52.048106,14.163866
52.182849,10.246884
52.317767,8.5655165
52.452859,7.5040769
52.588125,6.1762909
52.723566,5.58608
52.85918,3.7020717
52.994969,2.2105405
53.130932,1.1663884
53.267069,-0.042149397
53.40338,-1.7209552
53.539866,-2.2386564
53.676525,-2.4423118
53.813359,-2.2456471
53.950367,-3.2010119
54.08755,-4.5798146
54.224906,-3.7232315
54.362437,-3.5489096
54.500141,-3.5548883
54.63802,-4.4470498
54.776074,-4.2646099
54.914301,-4.3958039
55.052703,-4.6680826
55.191278,-4.7128187
55.330028,-4.286875
55.468952,-4.9667219
55.608051,-6.6347125
55.747323,-5.5653565
55.88677,-4.8253207
56.026391,-4.4773501
56.166186,-4.1136015
56.306155,-4.4556437
56.446298,-4.8132804
56.586616,-4.7786687
56.727108,-3.7243575
56.867774,-3.7366213
57.008614,-2.1958522
57.149629,-2.0981288
57.290817,-1.0905098
57.43218,-0.20067293
57.573717,-0.14223322
57.715428,1.806378
57.857313,4.1628077
57.999373,4.9113697
58.141607,5.4402992
58.284014,6.3692042
58.426597,5.6823982
58.569353,3.8269402
58.712283,2.8263596
58.855388,4.4139896
58.998667,6.0800264
59.14212,5.0401563
59.285747,4.5806537
59.429548,4.1132834
59.573524,3.6380453
59.717674,3.7823905
59.861998,4.8835738
60.006496,6.2827717
60.151168,5.8780235
60.296015,4.5399173
60.441036,6.5508061
60.58623,6.3891213
60.7316,1.6391766
60.877143,-0.271577
61.02286,0.55489968
61.168752,0.91076353
61.314818,0.082289039
61.461058,-0.24424927
61.607472,0.87232508
61.754061,0.20848266
61.900823,2.2583411
62.04776,6.8885672
62.194871,8.1226901
62.342156,7.3646317
62.489616,12.473215
62.637249,42.091578
62.785057,38.21972
62.933039,10.104701
63.081195,2.6720094
63.229525,8.4785092
63.37803,5.3594942
63.526708,4.7581017
63.675561,12.893939
63.824588,16.300341
63.97379,6.9459332
64.123165,7.3562069
64.272715,14.299789
64.422439,17.455112
64.572337,21.269233
64.722409,35.012742
64.872655,39.297403
65.023076,21.095764
65.17367,13.898022
65.324439,17.586531
65.475383,13.376975
65.6265,12.743866
65.777791,42.251908
65.929257,52.763847
66.080897,20.79733
66.232711,0.26608325
66.384699,8.9583409
66.536862,6.8348876
66.689198,2.2172921
66.841709,5.8506524
66.994394,8.2369292
67.147254,2.7329854
67.300287,-0.88078696
67.453495,0.83090628
67.606876,-1.049582
67.760432,-1.3300948
67.914162,2.9070148
68.068067,6.5166489
68.222145,-1.3639378
68.376398,-5.2131765
68.530825,-3.7616684
68.685426,-3.8395804
68.840201,-4.7488731
68.995151,-2.5130761
69.150274,-3.7361108
69.305572,-5.2101342
69.461044,-5.4449502
69.616691,-4.7699705
69.772511,-5.2008814
69.928506,-1.6710162
70.084674,10.760802
70.241017,4.96516
70.397535,-2.4697055
70.554226,-1.724187
70.711092,2.2213231
70.868131,4.4334918
71.025345,4.5123188
71.182733,3.477412
71.340296,2.6307324
71.498032,1.9173778
71.655943,3.7138188
71.814028,3.2043693
71.972287,3.2047154
72.13072,4.6089749
72.289327,7.6445986
72.448109,18.154724
72.607065,30.955037
72.766195,38.539656
72.925499,40.171325
73.084977,36.501025
73.24463,30.234638
73.404457,24.438832
73.564458,17.419488
73.724633,14.745233
73.884982,14.008225
74.045506,11.341798
74.206203,8.8322243
74.367075,7.6324467
74.528121,7.8836412
74.689342,5.5544353
74.850736,6.1193388
75.012305,4.3548222
75.174048,2.3314739
75.335965,10.363019
75.498056,25.194556
75.660321,7.7437324
75.822761,-1.660041
75.985375,-0.16970513
76.148163,-0.91467157
76.311125,-0.52239137
76.474261,10.214979
76.637572,11.995478
76.801056,0.1838115
76.964715,-2.5376668
77.128548,-0.86699647
77.292556,-1.3218246
77.456737,9.8860841
77.621093,36.741043
77.785623,17.086191
77.950327,-2.5137687
78.115205,-2.4039322
78.280257,0.027464713
78.445484,0.79610823
78.610885,15.619645
78.77646,13.188272
78.942209,0.12159713
79.108132,-2.7646943
79.27423,-1.6353077
79.440502,1.9411294
79.606947,31.729323
79.773568,47.023391
79.940362,12.599803
80.10733,-0.36496921
80.274473,6.6624071
80.44179,2.9054614
80.609281,6.0034094
80.776946,40.301349
80.944786,40.630653
81.112799,5.8932824
81.280987,-5.2754693
81.449349,2.0342022
81.617885,-1.1816248
81.786596,-1.8876561
81.95548,0.818069
82.124539,-1.9350376
82.293772,-3.3626623
82.463179,-4.3589227
82.63276,-3.8257796
82.802516,-2.5710761
82.972446,-0.94775344
83.142549,-3.3322821
83.312828,-3.9677995
83.48328,-2.4386192
83.653906,-1.0427805
83.824707,-1.356754
83.995682,-1.5374024
84.166831,-1.2474708
84.338154,-2.5967631
84.509651,-2.4480245
84.681323,-0.33066667
84.853169,0.513939
85.025189,0.51908004
85.197383,-0.61328277
85.369751,-0.051776861
85.542294,1.0035978
85.71501,2.2861744
85.887901,2.1253649
86.060966,1.8309731
86.234206,1.6931951
86.407619,0.70026616
86.581207,-0.76349992
86.754969,-0.19614238
86.928905,1.9395937
87.103015,17.792728
87.277299,20.327966
87.451758,1.3413866
87.626391,-3.6689711
87.801198,-0.67173469
87.976179,0.13701753
88.151334,20.663168
88.326664,29.400834
88.502168,5.0872707
88.677845,-2.6069336
88.853698,6.8044955
89.029724,10.709793
89.205924,14.246215
89.382299,14.409838
89.558848,8.7771343
89.735571,5.9049657
89.912468,2.1933326
90.08954,1.540274
90.266785,8.1653979
90.444205,16.860861
90.621799,0.88156543
90.799567,-7.3568026
90.97751,-8.2228706
91.155626,-9.057815
91.333917,10.091305
91.512382,26.212726
91.691021,-0.99159266
91.869834,-14.980474
92.048822,-9.7147022
92.227984,-9.8844736
92.407319,0.25138853
92.586829,9.9870017
92.766514,-6.0815557
92.946372,-12.424872
93.126405,-13.544907
93.306612,-10.273035
93.486993,25.798588
93.667548,36.600956
93.848277,7.5837325
94.029181,-16.641316
94.210259,-7.9957595
94.391511,-2.7619499
94.572937,29.907171
94.754537,19.415525
94.936312,-9.3898285
95.11826,-15.387322
95.300383,-9.8396997
95.48268,-8.1587269
95.665152,3.671283
95.847797,2.9052319
96.030617,-3.5392331
96.213611,-10.767995
96.396779,-6.4908561
96.580121,35.127476
96.763637,43.577198
96.947328,43.179879
97.131193,22.296303
97.315232,3.3735285
97.499445,4.7566537
97.683832,4.9319533
97.868394,10.001388
98.053129,8.4982908
98.238039,8.5010936
98.423123,11.335286
98.608382,13.840085
98.793814,14.439018
98.979421,12.975224
99.165202,8.2251726
99.351157,7.781021
99.537286,9.1015928
99.723589,9.5280643
99.910067,9.1702395
100.09672,12.490863
100.28354,16.431113
100.47055,20.355693
100.65772,21.699899
100.84507,21.397063
101.03259,23.164833
101.22029,17.740463
101.40816,13.469052
101.5962,11.291776
101.78442,11.522361
101.97282,21.949042
102.16139,26.054171
102.35013,18.496573
102.53904,13.974286
102.72813,16.102997
102.9174,24.56898
103.10684,42.431059
103.29645,33.932371
103.48624,11.85723
103.6762,7.8605383
103.86633,14.350138
104.05664,11.569167
104.24713,9.2823311
104.43779,3.8974733
104.62862,1.547927
104.81963,-0.68395471
105.01081,-1.7001328
105.20216,9.4562556
105.39369,9.506779
105.58539,-4.5838566
105.77727,-8.5019258
105.96932,-5.243507
106.16155,-3.5536982
106.35395,-1.181519
106.54652,-5.5936362
106.73927,-8.6175007
106.93219,-8.5903673
107.12529,-4.5004714
107.31856,20.365912
107.51201,12.99702
107.70563,-7.5012146
107.89942,-13.285798
108.09339,-8.8430038
108.28753,7.7016764
108.48185,34.081577
108.67634,8.1868926
108.871,-13.660807
109.06584,-12.512502
109.26085,-6.3211342
109.45604,7.0074142
109.6514,1.5437314
109.84694,-6.3200255
110.04264,-10.928955
110.23853,-7.6242329
110.43459,28.551003
110.63082,41.973223
110.82722,18.438507
111.02381,-8.9158917
111.22056,-5.7919332
111.41749,-1.7582451
111.61459,5.8832119
111.81187,-1.1734446
112.00932,-5.4066459
112.20695,-7.5693333
112.40475,-5.8026832
112.60272,18.473697
112.80087,27.197061
112.99919,3.6929001
113.19769,-6.721139
113.39636,-1.2058406
113.5952,2.4191875
113.79422,4.8990433
113.99342,-2.3152928
114.19278,-6.2355856
114.39233,-5.7010506
114.59204,-4.5312958
114.79193,4.6226984
114.992,14.404069
115.19223,4.404974
115.39265,-3.8216467
115.59323,36.492835
115.794,40.697438
115.99493,41.411771
116.19604,40.25152
116.39732,38.432371
116.59878,38.354325
116.80041,40.095811
117.00222,41.217616
117.2042,38.315817
117.40635,23.500219
117.60868,18.755134
117.81119,22.566838
118.01386,37.688271
118.21672,22.331199
118.41974,4.2760137
118.62294,5.4207538
118.82631,11.404635
119.02986,18.753149
119.23358,11.372176
119.43748,3.6538736
119.64155,1.1982424
119.8458,6.5072428
120.05022,23.39264
120.25481,16.764237
120.45958,-1.1112996
120.66452,-5.2849491
120.86963,2.3217192
121.07492,13.308705
121.28039,6.1936565
121.48603,-6.2626431
121.69184,-7.5190169
121.89783,-3.8342885
122.10399,7.3719342
122.31032,11.34671
122.51683,-4.8903529
122.72351,-10.841629
122.93037,-7.0988994
123.1374,0.76920999
123.34461,11.468581
123.55199,-3.1184336
123.75954,-12.73301
123.96727,-10.37907
124.17518,-1.0291627
124.38325,8.901026
124.5915,-6.1492885
124.79993,-13.905596
125.00853,-11.136525
125.2173,-2.7597212
125.42625,8.7071675
125.63537,-6.1633097
125.84467,-13.284878
126.05414,-9.7477342
126.26378,-2.4381521
126.4736,9.9615151
126.6836,6.9728361
126.89376,5.2703206
127.10411,6.1167137
127.31462,8.6257409
127.52531,15.385638
127.73618,12.694443
127.94721,10.379608
128.15843,10.778387
128.36981,21.380977
128.58137,31.9913
128.79311,27.691707
129.00502,24.599847
129.2171,29.272581
129.42936,32.204028
129.64179,32.445168
129.8544,32.474432
130.06718,31.719272
130.28013,33.426745
130.49326,33.941951
130.70656,32.943321
130.92004,33.019089
131.13369,33.063374
131.34751,33.091861
131.56151,32.633963
131.77569,32.379876
131.99004,32.094305
132.20456,32.059604
132.41925,32.34636
132.63412,33.103593
132.84917,32.237186
133.06439,31.245178
133.27978,31.68051
133.49535,32.107888
133.71109,31.986135
133.927,31.503487
134.14309,28.722689
134.35936,20.357466
134.5758,15.427426
134.79241,19.022766
135.00919,24.288582
135.22615,19.617033
135.44329,10.66302
135.6606,8.7755629
135.87808,13.47623
136.09574,15.596394
136.31357,11.17527
136.53158,8.9579571
136.74976,10.434651
136.96811,20.9779
137.18664,26.721039
137.40534,24.511125
137.62422,19.563845
137.84327,17.761553
138.06249,24.374836
138.28189,23.81938
138.50147,13.397147
138.72121,5.9865672
138.94114,9.5248964
139.16123,17.063115
139.3815,13.267888
139.60195,5.5509826
139.82257,2.7594561
140.04336,14.485466
140.26433,25.536854
140.48547,24.109701
140.70678,8.0000835
140.92827,4.7844727
141.14993,22.227575
141.37177,22.439193
141.59378,10.101681
141.81597,2.9562141
142.03833,6.5871073
142.26087,12.413968
142.48358,15.87209
142.70646,10.435984
142.92952,11.901727
143.15275,24.206576
143.37615,24.856411
143.59973,25.035547
143.82349,25.151827
144.04741,22.648388
144.27152,20.913466
144.49579,21.27255
144.72024,11.341327
144.94487,4.1550917
145.16967,10.027569
145.39464,22.174444
145.61979,22.94866
145.84511,10.350216
146.07061,0.36342547
146.29628,12.360838
146.52212,21.605198
146.74814,16.041604
146.97433,0.74456566
147.2007,0.29447525
147.42724,15.20898
147.65395,21.135138
147.88084,8.9592245
148.10791,-3.6089569
148.33515,0.018829268
148.56256,8.9327789
148.79014,8.3877941
149.0179,-3.9769095
149.24584,-7.4397634
149.47395,-0.047826199
149.70223,10.512627
149.93069,2.2071858
150.15932,-8.1218806
150.38812,-8.372611
150.6171,-2.3567701
150.84626,3.6668187
151.07559,-5.8234134
151.30509,-10.66276
151.53476,-7.7139676
151.76461,-1.7456622
151.99464,-2.2480404
152.22484,-7.3622786
152.45521,-9.0570044
152.68576,-1.983198
152.91648,9.2238464
153.14738,-1.592734
153.37845,-8.6211745
153.60969,-5.5791221
153.84111,2.662835
154.0727,4.0184223
154.30447,-3.3711839
154.53641,-2.1883364
154.76852,15.363043
155.00081,18.702563
155.23328,18.732183
155.46591,17.7421
155.69872,17.606824
155.93171,17.942041
156.16487,18.481084
156.39821,18.39258
156.63171,17.692217
156.8654,18.513326
157.09925,18.063753
157.33328,17.888593
157.56749,18.121182
157.80187,17.945832
158.03642,17.723327
158.27115,17.657591
158.50605,17.576072
158.74113,17.517988
158.97638,17.248043
159.2118,17.150553
159.4474,17.139241
159.68318,17.300383
159.91912,17.06143
160.15524,17.167479
160.39154,16.904806
160.62801,16.52439
160.86465,16.041918
161.10147,15.049547
161.33846,14.90414
161.57563,14.688048
161.81297,11.381666
162.05049,7.1340111
162.28818,12.305869
162.52604,13.909004
162.76408,9.3630246
163.00229,0.040478951
163.24067,0.20803402
163.47923,11.44216
163.71797,8.2761914
163.95688,-5.4937944
164.19596,-13.216817
164.43522,-2.6889542
164.67465,0.98391118
164.91425,-8.5433188
165.15403,-15.176527
165.39398,-9.2529668
165.63411,-1.2510711
165.87441,-5.5237805
166.11489,-11.843644
166.35554,-5.991054
166.59637,8.1437937
166.83736,8.5373696
167.07854,-2.1201303
167.31988,-8.6679216
167.5614,8.1113898
167.8031,12.929908
168.04497,10.344494
168.28701,-1.903673
168.52923,-2.5283203
168.77162,8.7607486
169.01419,6.3949063
169.25693,-3.1631021
169.49985,-0.39170807
169.74293,10.560069
169.9862,10.609876
170.22963,2.9420264
170.47325,1.9722069
170.71703,11.778849
170.96099,12.126658
171.20513,10.066615
171.44943,1.8026404
171.69392,4.7229707
171.93857,9.2746643
172.1834,4.4537996
172.42841,-1.0651136
172.67359,8.7179247
172.91894,11.59115
173.16447,11.562405
173.41017,8.5924744
173.65605,9.7009659
173.9021,11.13886
174.14832,11.643411
174.39472,11.191091
174.64129,11.4368
174.88804,12.051127
175.13496,12.07721
175.38206,12.024853
175.62932,12.08229
175.87677,12.429913
176.12439,12.385371
176.37218,12.105525
176.62014,12.053121
176.86828,12.118355
177.1166,12.230639
177.36509,11.974285
177.61375,12.023805
177.86259,12.292923
178.1116,12.671836
178.36079,12.658583
178.61014,12.64532
178.85968,12.632049
179.10939,12.618768
179.35927,12.605478
179.60933,12.451002
179.85956,11.535732
180.10996,10.518493
180.36054,12.387518
180.61129,12.287907
180.86222,9.1922083
181.11332,8.7396376
181.3646,11.949803
181.61605,11.544272
181.86767,7.3897128
182.11947,6.482203
182.37144,11.794292
182.62359,12.431862
182.87591,12.394912
183.12841,12.405012
183.38108,12.391574
183.63392,12.378126
183.88694,12.364669
184.14013,12.233556
184.39349,12.337727
184.64703,12.324243
184.90075,12.310749
185.15464,12.132539
185.4087,12.12687
185.66294,12.176093
185.91735,12.013543
186.17193,11.772551
186.42669,11.774688
186.68163,11.902305
186.93673,11.692659
187.19202,11.671238
187.44747,11.712554
187.7031,11.761703
187.95891,11.371627
188.21489,11.020758
188.47104,10.826742
188.72737,10.750364
188.98387,11.372015
189.24054,11.264246
189.49739,11.06235
189.75442,11.354562
190.01162,11.395785
190.26899,11.429155
190.52654,11.533104
190.78426,11.456652
191.04215,11.591955
191.30022,11.280191
191.55846,9.9644948
191.81688,11.331143
192.07547,11.913468
192.33424,11.460489
192.59318,9.6349527
192.85229,9.8956812
193.11158,11.364244
193.37104,10.393581
193.63068,6.8346741
193.89049,9.7934048
194.15048,11.38742
194.41064,11.452015
194.67097,8.3793453
194.93148,6.4125488
195.19216,10.061429
195.45302,9.8436338
195.71405,10.417986
195.97525,11.400172
196.23663,11.550976
196.49818,11.529222
196.75991,10.707459
197.02181,11.407255
197.28389,11.65214
197.54614,11.638192
197.80856,11.624234
198.07116,11.610268
198.33393,11.596292
198.59688,11.582307
198.86,9.2467439
199.12329,11.350387
199.38676,11.540296
199.6504,11.526274
199.91422,10.320086
200.17821,10.211927
200.44238,11.484152
200.70672,11.470093
200.97123,11.408966
201.23592,11.441947
201.50078,11.42786
201.76582,11.413764
202.03103,11.399658
202.29642,11.385543
202.56198,11.371419
202.82771,11.357286
203.09362,11.343143
203.3597,11.328992
203.62595,11.314831
203.89238,11.30066
204.15899,11.255108
204.42577,11.272292
204.69272,11.258094
204.95985,11.173298
205.22715,11.229669
205.49462,11.215444
205.76227,11.201208
206.0301,10.990885
206.2981,11.015847
206.56627,11.032957
206.83461,10.540253
207.10313,8.7769522
207.37183,4.448936
207.6407,-0.46732487
207.90974,1.9967972
208.17896,-0.60575668
208.44835,-4.3769473
208.71791,-5.1285393
208.98765,-3.793866
209.25757,-5.3768491
209.52766,-6.2225866
209.79792,-4.480098
210.06836,-3.443501
210.33897,-6.2343643
210.60975,-6.7742565
210.88071,-2.7102363
211.15184,0.12240203
211.42315,-3.0841846
211.69463,-1.294702
211.96629,6.4084968
212.23812,5.8058039
212.51012,-3.2178509
212.7823,-2.0061389
213.05465,9.3938812
213.32718,10.28417
213.59988,5.4098259
213.87276,-1.6526809
214.14581,4.5476302
214.41903,6.057818
214.69243,1.0739608
214.966,1.1019411
215.23975,6.4868569
215.51367,3.6051788
215.78776,-0.39015207
216.06203,5.3165506
216.33647,10.937052
216.61109,8.5733114
216.88588,1.7704284
217.16085,4.6774221
217.43598,8.8786061
217.7113,4.7739806
217.98679,2.44982
218.26245,9.435536
218.53829,11.346815
218.8143,9.1013039
219.09048,13.193121
219.36684,13.83403
219.64337,13.894619
219.92008,11.610183
220.19696,14.180722
220.47402,14.296432
220.75125,14.294568
221.02865,14.52807
221.30623,14.643998
221.58398,14.759999
221.86191,14.82117
222.14001,13.188297
222.41828,15.108438
222.69673,15.224729
222.97536,15.341094
223.25415,14.681061
223.53313,14.781884
223.81227,15.094545
224.09159,10.528848
224.37109,10.865184
224.65076,16.040809
224.9306,16.157682
225.21061,16.274629
225.49081,16.391648
225.77117,16.50874
226.05171,16.625905
226.33242,16.743142
226.61331,16.860453
226.89437,16.977836
227.17561,17.095291
227.45702,17.21282
227.73861,17.330421
228.02036,17.448095
228.3023,17.565842
228.5844,17.683661
228.86669,17.801553
229.14914,17.919518
229.43177,14.178733
229.71457,-1.2482549
229.99755,-9.8830129
230.28071,-6.4471099
230.56403,-9.2778007
230.84753,-0.02998752
231.13121,10.613977
231.41506,2.9207591
231.69908,-7.4939545
231.98328,-0.11251692
232.26765,7.3552679
232.55219,-1.318051
232.83691,-7.4422776
233.12181,-2.742902
233.40688,-1.4242682
233.69212,-4.9840939
233.97754,-4.4184576
234.26313,0.24126822
234.54889,-0.46374001
234.83483,-2.6511293
235.12095,-0.21109583
235.40723,3.2563605
235.69369,2.2061416
235.98033,3.8774632
236.26714,8.5213057
236.55413,8.2945318
236.84128,7.5422395
237.12862,15.064429
237.41612,18.194433
237.70381,13.567547
237.99166,8.8386713
238.27969,17.607807
238.56789,18.243581
238.85627,17.83619
239.14482,13.0523
239.43355,17.044852
239.72245,15.413847
240.01153,11.265167
240.30077,17.438027
240.5902,18.371643
240.87979,17.846408
241.16957,17.744673
241.45951,18.06644
241.74963,17.96465
242.03993,17.674596
242.33039,17.729612
242.62104,17.894404
242.91185,17.721913
243.20284,17.714099
243.49401,17.902336
243.78535,17.85525
244.07686,17.643431
244.36855,17.439426
244.66041,17.666766
244.95245,17.407803
245.24466,8.8664588
245.53704,16.913322
245.8296,17.524863
246.12233,16.975591
246.41524,7.3674681
246.70832,16.14363
247.00158,17.249176
247.295,16.072341
247.58861,11.868027
247.88239,17.122508
248.17634,17.145588
248.47046,17.027464
248.76476,16.862253
249.05924,17.002896
249.35389,16.955276
249.64871,16.907627
249.94371,16.85995
250.23888,16.812245
250.53422,16.764512
250.82974,16.716751
251.12544,16.574844
251.42131,16.605458
251.71735,16.487024
252.01356,11.623464
252.30996,3.4422286
252.60652,-4.1272701
252.90326,-5.7360127
253.20017,-0.28595994
253.49726,-0.7104451
253.79452,-2.4212329
254.09196,0.024813842
254.38957,0.43161677
254.68735,-2.4714124
254.98531,-0.80192065
255.28344,5.6910723
255.58175,5.8075666
255.88023,2.002464
256.17888,3.6247843
256.47771,5.5372725
256.77672,3.073262
257.0759,5.7935371
257.37525,12.247117
257.67477,9.994787
257.97447,3.3738012
258.27435,9.2625911
258.5744,12.390568
258.87462,5.7459687
259.17502,3.8229095
259.47559,13.539038
259.77633,13.474746
260.07725,5.4417981
260.37835,3.3303909
260.67961,10.042485
260.98106,6.2290607
261.28267,1.999922
261.58446,6.3589905
261.88643,6.4748935
262.18857,3.9084155
262.49088,9.8124975
262.79337,14.304787
263.09603,13.989205
263.39886,14.050065
263.70187,14.322662
264.00506,14.281505
264.30842,14.075614
264.61195,14.136362
264.91565,14.212768
265.21954,13.967577
265.52359,13.996868
265.82782,14.292797
266.13222,14.227914
266.4368,13.935551
266.74155,13.980416
267.04648,14.09584
267.35158,14.046531
267.65685,13.824644
267.9623,13.83018
268.26792,12.635688
268.57372,-4.3000088
268.87969,-13.078871
269.18584,-4.422467
269.49216,-12.950405
269.79865,-14.396018
270.10532,-8.3593067
270.41216,-10.126545
270.71917,-9.5487131
271.02637,1.9310513
271.33373,4.4931405
271.64127,-2.5369554
271.94898,-0.31217743
272.25687,9.3321802
272.56493,8.0823921
272.87316,2.5110071
273.18157,8.8297901
273.49016,8.4583489
273.79892,-1.8582185
274.10785,-2.7316768
274.41696,3.8379739
274.72624,1.1605377
275.03569,-0.3796717
275.34532,1.9938162
275.65512,-0.91115543
275.9651,-3.3847827
276.27525,5.1219541
276.58558,10.938467
276.89608,6.809853
277.20675,-1.6560437
277.5176,0.8584236
277.82862,-1.5996863
278.13982,-5.7757158
278.45119,-3.2144836
278.76273,-3.6806956
279.07445,-6.4057243
279.38635,-3.1072167
279.69841,1.4305134
280.01066,-1.3964555
280.32307,-2.1998882
280.63566,0.92609768
280.94843,0.39718845
281.26137,0.92710958
281.57448,6.9080179
281.88777,10.065404
282.20123,6.689463
282.51486,6.968431
282.82867,9.3572098
283.14265,7.7303092
283.45681,10.197533
283.77114,12.123587
284.08565,11.83004
284.40033,11.81101
284.71519,12.301791
285.03021,12.259245
285.34542,12.012784
285.6608,12.06437
285.97635,12.46106
286.29207,12.293051
286.60797,12.070147
286.92405,12.427642
287.24029,12.455733
287.55672,9.9740257
287.87331,12.080561
288.19008,12.320436
288.50703,9.2583576
288.82415,8.5413839
289.14144,10.498927
289.45891,8.9662804
289.77655,10.186582
290.09437,11.995126
290.41236,11.286029
290.73052,9.7220379
291.04886,11.460014
291.36737,11.707801
291.68606,10.849712
292.00492,12.124964
292.32395,12.52179
292.64316,12.299016
292.96255,12.774288
293.2821,12.724077
293.60184,12.36799
293.92174,12.984459
294.24182,12.997013
294.56208,13.009574
294.88251,13.022142
295.20311,12.760207
295.52389,12.357102
295.84484,12.526553
296.16596,12.484246
296.48726,12.371358
296.80874,12.399653
297.13038,12.506387
297.45221,12.456264
297.7742,12.366933
298.09637,10.959961
298.41872,12.447114
298.74124,12.224469
299.06393,11.460655
299.3868,12.37528
299.70984,12.011479
300.03305,11.569255
300.35644,12.640762
300.68001,12.457375
301.00375,12.258307
301.32766,12.623953
301.65174,12.848429
301.97601,12.665069
302.30044,12.560147
302.62505,12.972879
302.94983,12.922872
303.27479,12.739539
303.59992,13.22288
303.92523,13.345443
304.25071,12.448405
304.57636,12.155295
304.90219,12.889644
305.22819,12.329881
305.55437,12.734831
305.88072,12.904494
306.20725,12.674164
306.53395,12.34188
306.86082,12.90372
307.18787,13.183214
307.51509,13.101931
307.84249,12.91085
308.17006,12.986443
308.4978,12.967925
308.82572,13.051375
309.15381,13.174048
309.48208,13.210452
309.81052,13.191962
310.13914,13.212694
310.46793,13.35108
310.79689,13.363983
311.12603,13.290618
311.45534,13.366279
311.78483,13.387045
312.11449,13.399975
312.44432,13.491343
312.77433,13.684679
313.10452,13.650571
313.43487,13.530195
313.7654,13.590218
314.09611,13.673777
314.42699,13.702441
314.75804,13.8017
315.08927,13.814691
315.42068,13.82769
315.75225,13.840695
316.084,13.853707
316.41593,13.576529
316.74803,12.718967
317.0803,8.0418029
317.41275,-5.8353539
317.74537,-13.045837
318.07817,-12.907294
318.41114,-12.151722
318.74428,-10.423603
319.0776,-12.413134
319.41109,-12.630119
319.74476,-10.737303
320.0786,-11.518999
320.41262,-9.1948156
320.74681,-7.1451447
321.08117,-9.4170451
321.41571,-5.955615
321.75042,2.3058125
322.08531,-1.2053119
322.42037,-4.4183997
322.7556,2.4861568
323.09101,1.3907106
323.42659,-2.8655227
323.76235,2.8468688
324.09828,4.2141595
324.43439,0.93046707
324.77067,3.6859876
325.10712,2.363074
325.44375,1.7225107
325.78055,12.807435
326.11753,13.806082
326.45468,12.875314
326.792,13.717093
327.1295,13.790241
327.46718,13.784956
327.80502,13.779667
328.14305,13.774376
328.48124,13.769083
328.81961,13.763786
329.15816,13.758487
329.49687,13.753185
329.83577,13.74788
330.17483,13.742573
330.51407,13.635302
330.85349,12.351558
331.19308,13.020752
331.53284,9.5095512
331.87278,7.1356028
332.21289,13.616554
332.55318,9.9876976
332.89364,-1.5941022
333.23427,3.03586
333.57508,0.99915276
333.91607,-2.9199101
334.25722,1.4355341
334.59855,2.0654853
334.94006,3.4326888
335.28174,12.933223
335.62359,13.555323
335.96562,12.961734
336.30782,13.607358
336.6502,13.641214
336.99275,13.635852
337.33548,13.630488
337.67837,13.62512
338.02145,13.61975
338.36469,13.614377
338.70812,13.609002
339.05171,13.603623
339.39548,13.598242
339.73943,13.592859
340.08354,13.587472
340.42784,13.582083
340.7723,13.576691
341.11694,12.951688
341.46176,5.5580558
341.80675,8.2428518
342.15191,4.0570568
342.49725,13.157534
342.84276,13.528596
343.18845,4.4800476
343.53431,-2.4430132
343.88034,-0.15039042
344.22655,-5.3714959
344.57293,-1.3847609
344.91949,2.0686379
345.26622,-2.8230639
345.61313,-0.76574894
345.96021,4.585681
346.30746,3.6155395
346.65489,3.4767679
347.00249,5.6517191
347.35027,8.595295
347.69822,12.832986
348.04634,12.882439
348.39464,12.88483
348.74311,12.479375
349.09176,12.850388
349.44058,10.068458
349.78958,3.4904458
350.13875,6.5281176
350.48809,4.7030414
350.83761,4.4858057
351.1873,9.0607242
351.53717,10.733679
351.88721,12.508592
352.23742,12.50311
352.58781,12.387822
352.93838,12.452923
353.28911,12.753315
353.64003,12.708606
353.99111,12.569777
354.34237,12.650554
354.69381,12.747013
355.04541,12.898372
355.3972,13.041886
355.74915,13.14618
356.10128,13.124982
356.45359,12.993977
356.80607,13.004146
357.15872,13.249607
357.51155,13.165652
357.86455,13.105225
358.21773,13.115383
358.57108,13.05495
358.9246,13.018044
359.2783,12.722311
359.63217,10.065792
359.98622,-1.2338678
360.34044,-7.7649026
360.69484,-6.3508421
361.04941,-12.70149
361.40415,-8.1765749
361.75907,3.6345876
362.11416,-4.0601594
362.46943,-11.433365
362.82487,-8.8850294
363.18048,-12.587701
363.53627,-13.702165
363.89224,-11.248029
364.24837,-11.437057
364.60468,-6.1829751
364.96117,-2.9446067
365.31783,-3.329795
365.67466,1.2496953
366.03167,2.4487663
366.38885,9.6634963
366.74621,12.117415
367.10374,12.116404
367.46145,11.338895
367.81933,11.918222
368.17738,11.909287
368.53561,5.1787551
368.89401,8.7932944
369.25259,5.4352574
369.61134,-1.2404539
369.97026,2.4994939
370.32936,1.3688262
370.68863,4.0263666
371.04808,10.911331
371.4077,7.6707773
371.76749,2.5713732
372.12746,5.1268438
372.48761,5.6273852
372.84793,11.414174
373.20842,11.357798
373.56908,10.971983
373.92992,10.931239
374.29094,10.859095
374.65213,10.755552
375.01349,10.69904
375.37503,10.501324
375.73674,10.436914
376.09862,10.388164
376.46068,10.409974
376.82292,10.541561
377.18533,10.414297
377.54791,10.177203
377.91067,8.6616491
378.2736,5.5225389
378.6367,4.1951663
378.99998,9.0952173
379.36343,10.112888
379.72706,9.9070025
380.09086,4.2971679
380.45484,6.5147571
380.81899,4.9989856
381.18331,8.8322066
381.54781,9.732067
381.91248,9.8162139
382.27733,9.9395492
382.64235,9.8824651
383.00755,9.7077067
383.37292,9.7211564
383.73846,9.6247749
384.10418,9.3636603
384.47007,9.3848714
384.83613,9.4217415
385.20237,9.3017216
385.56879,9.2287333
385.93538,9.2576786
386.30214,9.0120868
386.66908,8.9703894
387.03619,8.5365078
387.40347,2.6359323
387.77093,-1.8607488
388.13857,-5.7692219
388.50638,-9.9679183
388.87436,-5.5313478
389.24251,-7.4085301
389.61084,-6.3602494
389.97935,-1.8453292
390.34803,-3.5108285
390.71688,3.0275665
391.08591,7.9031893
391.45511,6.7630985
391.82449,7.5210196
392.19404,7.729894
392.56376,7.875996
392.93366,7.7083452
393.30373,7.5720398
393.67398,7.4906091
394.0444,7.5032688
394.41499,7.3276659
394.78576,7.3010555
395.1567,7.0077511
395.52782,6.800694
395.89911,6.9151782
396.27058,6.8727725
396.64222,6.9244572
397.01403,6.8506245
397.38602,6.8473527
397.75819,7.0479753
398.13052,7.0054334
398.50303,6.8687466
398.87572,6.9124247
399.24858,6.7756834
399.62161,6.6232286
399.99482,6.5570211
400.3682,6.6554922
400.74176,6.4166812
401.11549,6.5150978
401.48939,6.6919186
401.86347,6.6491043
402.23772,6.7003804
402.61215,6.6888841
402.98675,6.5361841
403.36153,6.5481628
403.73648,6.4503103
404.1116,6.3524306
404.4869,6.2858962
404.86237,6.0467855
405.23802,6.1292162
405.61384,6.1488746
405.98983,5.9724273
406.366,6.0626194
406.74235,5.9567059
407.11886,5.8011962
407.49556,4.5241185
407.87242,-5.9686449
408.24946,-7.8417997
408.62668,-9.8247579
409.00406,-9.0704606
409.38163,-10.778908
409.75936,-8.2599032
410.13727,-5.2938392
410.51536,-9.6218923
410.89362,-10.844062
411.27205,-10.01133
411.65066,-10.119773
412.02944,-4.7144906
412.4084,-4.1405797
412.78753,-0.75098199
413.16683,4.0033223
413.54631,-2.0110003
413.92596,-6.8174792
414.30579,-4.8318005
414.68579,-5.3794545
415.06597,0.97485284
415.44632,5.3056314
415.82684,4.1226851
416.20754,3.8417003
416.58841,5.6783631
416.96946,6.1503207
417.35068,6.1516906
417.73207,6.1530612
418.11364,6.1544324
418.49538,6.1558042
418.8773,6.1571767
419.25939,6.1507066
419.64166,6.018747
420.0241,6.004435
420.40671,5.723457
420.7895,5.7405189
421.17246,5.8830716
421.5556,5.8373896
421.93891,5.9250416
422.32239,5.9107334
422.70605,5.904269
423.08989,6.1644718
423.47389,6.0717341
423.85808,5.9633108
424.24243,6.0744959
424.62696,5.801368
425.01167,5.7635348
425.39654,5.8041335
425.7816,5.7976741
426.16682,5.8696467
426.55222,5.8945611
426.9378,5.9979075
427.32355,6.187529
427.70947,5.0987198
428.09557,-0.11557902
428.48184,-7.831838
428.86829,-9.8539787
429.25491,-12.527099
429.6417,-10.345317
430.02867,-7.9596126
430.41582,-12.915084
430.80313,-13.988202
431.19062,-12.582888
431.57829,-13.208946
431.96613,-10.744807
432.35414,-11.817923
432.74233,-11.949861
433.13069,-8.1445437
433.51923,-6.7313827
433.90794,-1.2005741
434.29682,1.122392
434.68588,2.2296725
435.07512,6.0898947
435.46452,6.2167843
435.85411,6.2035458
436.24386,6.1903014
436.63379,6.177051
437.0239,6.1637948
437.41417,6.1505326
437.80463,6.1372645
438.19525,6.1239904
438.58605,6.1107105
438.97703,6.0974246
439.36818,6.0841329
439.7595,6.0708352
440.151,6.0575315
440.54267,5.9814769
440.93452,5.9132595
441.32654,5.837193
441.71873,5.7689637
442.1111,5.724258
442.50364,5.66386
442.89636,4.6544365
443.28925,-0.89616935
443.68232,-0.76050663
444.07556,-1.6287714
444.46897,2.3892324
444.86256,1.4817401
445.25632,-0.66497379
445.65026,2.7334044
446.04437,4.2729532
446.43865,5.4046529
446.83311,5.3128173
447.22774,5.3386228
447.62255,5.1918734
448.01753,5.2411965
448.41269,5.4081607
448.80802,5.3711975
449.20352,5.373444
449.5992,5.3756846
449.99505,5.3779192
450.39108,5.5056382
450.78728,5.4764885
451.18365,5.3218427
451.5802,5.1122889
451.97693,5.2242979
452.37382,3.4774775
452.77089,-1.5399371
453.16814,-2.5024557
453.56556,-3.2139998
453.96315,0.9920973
454.36092,-2.2841645
454.75887,-4.6741577
455.15698,-2.3190588
455.55527,-4.4448086
455.95374,0.088254681
456.35238,1.5075821
456.75119,0.10336971
457.15018,2.6128724
457.54934,-1.9678314
457.94868,-3.4505064
458.34819,-1.7175055
458.74787,-2.502162
459.14773,0.50140627
459.54776,-1.9460162
459.94797,-4.1659981
460.34835,-1.2801081
460.74891,1.1508696
461.14964,5.1347781
461.55054,5.1343624
461.95162,4.8594265
462.35287,4.741343
462.7543,4.6389353
463.1559,4.6541643
463.55767,4.7791868
463.95962,4.6845911
464.36174,4.4880241
464.76404,4.5188978
465.16651,4.5105453
465.56916,4.5570844
465.97198,4.59577
466.37497,4.2109158
466.77814,3.9986001
467.18148,4.0686271
467.585,4.0680553
467.98869,4.2243359
468.39256,4.2864885
468.79659,4.4113757
469.20081,4.332331
469.6052,4.1905308
470.00976,4.2134261
470.41449,4.2363109
470.8194,4.2356559
471.22449,4.2506769
471.62975,4.2029423
472.03518,4.2179424
472.44079,4.2799909
472.84657,4.2400682
473.25252,4.4668018
473.65865,4.3248976
474.06496,-2.2797622
474.47143,-7.8491383
474.87809,-8.3047992
475.28491,-9.7800784
475.69191,-7.6562874
476.09909,-1.8226998
476.50644,-3.1342178
476.91396,-3.9673118
477.32166,-3.2474721
477.72953,-3.9472476
478.13757,-0.71761886
478.54579,0.72376717
478.95419,3.7259301
479.36275,3.7084777
479.7715,2.5851355
480.18041,4.0421781
480.5895,3.8364681
480.99877,3.8032997
481.40821,4.0838493
481.81782,3.823215
482.22761,3.8684556
482.63757,3.8901594
483.04771,3.927542
483.45802,3.894329
483.8685,3.7826771
484.27916,3.914155
484.68999,3.8966059
485.101,3.9261082
485.51218,3.9085442
485.92353,3.8909728
486.33506,3.8733939
486.74677,3.8558076
487.15864,3.046057
487.5707,2.7225735
487.98292,3.5990825
488.39532,3.6598978
488.8079,3.6109017
489.22064,3.4599374
489.63357,3.4109265
490.04666,3.4795551
490.45994,3.4619019
490.87338,3.5540451
491.287,3.5050044
491.70079,3.4088974
492.11476,3.4225869
492.5289,3.326465
492.94322,3.3871985
493.35771,3.3224343
493.77238,3.3360941
494.18722,3.1458248
494.60223,2.9320187
495.01742,3.0789894
495.43278,3.2102665
495.84831,3.223889
496.26402,3.3080924
496.67991,3.3295432
497.09596,3.1627512
497.5122,2.1959519
497.9286,0.38208622
498.34518,-0.41217902
498.76194,-2.0691968
499.17887,-2.1732808
499.59597,-2.7558037
500.01325,0.90480327
500.4307,0.86344201
500.84833,-1.9465541
501.26613,-1.3604793
501.6841,-1.4018629
502.10225,0.71360882
502.52057,0.029073098
502.93907,-2.192725
503.35774,-0.48511871
503.77659,-0.73046107
504.1956,1.6830127
504.6148,2.1827535
505.03417,2.8471927
505.45371,3.0567225
505.87342,3.038794
506.29331,3.0208579
506.71338,3.0029145
507.13362,2.9849636
507.55403,2.9670052
507.97462,2.9490395
508.39538,2.9310662
508.81631,2.9130856
509.23742,2.8950975
509.65871,2.6261215
510.08017,2.5924323
510.5018,2.5352061
510.92361,2.4779726
511.34559,2.6246532
511.76774,2.7164243
512.19007,2.6513253
512.61257,2.648964
513.03525,2.5681638
513.4581,2.5579444
513.88113,2.4536
514.30433,2.3884637
514.7277,1.7429279
515.15125,-0.22026238
515.57497,-2.3167935
515.99887,-4.640783
516.42294,-7.1451721
516.84719,-3.3750588
517.2716,-3.9114361
517.6962,-3.6556577
518.12097,-3.3606649
518.54591,-1.9519478
518.97102,1.7312778
519.39631,0.44979628
519.82178,0.12517625
520.24742,0.45153537
520.67323,1.7661285
521.09922,2.5317008
521.52538,2.4345268
521.95171,2.5334299
522.37822,2.530371
522.80491,2.5273109
523.23176,2.5164064
523.6588,2.5211869
524.086,2.518123
524.51338,2.5150578
524.94094,2.5119914
525.36867,2.5089238
525.79657,2.5058549
526.22465,2.5027848
526.6529,2.4997134
527.08132,2.4966408
527.50992,2.4935669
527.9387,2.4904917
528.36765,2.4874153
528.79677,2.4843377
529.22606,2.4812588
529.65553,2.4781787
530.08518,2.4750973
530.515,2.4720147
530.94499,2.4689308
531.37516,2.4658457
531.8055,2.447073
532.23602,2.4282991
532.66671,2.4565828
533.09757,2.4534927
533.52861,2.4504013
533.95982,2.2904459
534.39121,2.2638226
534.82277,2.2685707
535.25451,2.3282194
535.68641,2.2466904
536.1185,2.212219
536.55076,2.3424522
536.98319,2.3628802
537.41579,2.3127188
537.84857,2.2154973
538.28153,2.2359216
538.71466,1.8198253
539.14796,-0.32960768
539.58144,-3.6398283
540.01509,-2.7226012
540.44891,-5.1936127
540.88291,-5.7509021
541.31709,-6.6297634
541.75144,-3.8066672
542.18596,-1.9247509
542.62065,-2.9212692
543.05552,-0.2472026
543.49057,0.96019401
543.92579,2.1754304
544.36118,2.2063498
544.79675,2.1980502
545.23249,2.2446492
545.66841,2.2755586
546.1045,2.267249
546.54076,2.2589361
546.9772,2.2506199
547.41381,2.2423004
547.8506,2.2339775
548.28756,2.2256513
548.72469,2.2173218
549.162,2.208989
549.59949,2.2006529
550.03714,2.1923134
550.47498,2.1839706
550.91298,2.1756245
551.35116,2.1672751
551.78952,2.0883342
552.22804,1.9623311
552.66675,2.1186776
553.10562,2.1338443
553.54468,2.0784195
553.9839,2.0151482
554.4233,2.0381481
554.86287,2.0846741
555.30262,1.9429614
555.74254,1.9581082
556.18264,2.0752125
556.62291,2.0668233
557.06335,2.0349013
557.50397,1.9637603
557.94477,1.8612435
558.38573,1.2567625
558.82688,0.67580766
559.26819,0.55759458
559.70968,2.0080056
560.15134,1.9368447
560.59318,1.8578374
561.03519,1.9513757
561.47738,1.7468716
561.91974,1.8560895
562.36228,1.9574611
562.80499,1.9490254
563.24787,1.8699981
563.69093,1.8144969
564.13416,1.5942865
564.57756,1.6015238
565.02114,1.8440519
565.4649,1.8983414
565.90883,1.8741962
566.35293,1.8814202
566.79721,1.8729546
567.24166,1.8644857
567.68628,1.8560135
568.13108,1.8475379
568.57606,1.8390591
569.0212,1.8305769
569.46652,1.8220914
569.91202,1.8136026
570.35769,1.8051104
570.80354,1.796615
571.24955,1.7881162
571.69575,1.7796141
572.14211,1.7711087
572.58866,1.7626
573.03537,1.7540879
573.48226,1.7455726
573.92932,1.7370539
574.37656,1.7285319
574.82397,1.7200065
575.27156,1.7114779
575.71932,1.7029459
576.16726,1.6316655
576.61536,1.685872
577.06365,1.5204674
577.5121,1.4570202
577.96074,1.4798442
578.40954,1.4399197
578.85852,1.517639
579.30768,1.5404531
579.757,1.5867932
580.20651,1.5233261
580.65618,1.5539733
581.10603,1.5218721
581.55606,1.5760421
582.00626,1.4419734
582.45663,1.3628034
582.90718,1.275787
583.3579,1.1103359
583.8088,1.0782147
584.25987,0.67746285
584.71111,-0.36642961
585.16253,-0.43777638
585.61412,0.20459903
586.06589,0.73716719
586.51783,0.11679086
586.96995,0.88464651
587.42224,1.3152439
587.8747,1.4713282
588.32734,1.4627033
588.78015,1.4540751
589.23313,1.4454436
589.6863,1.4368087
590.13963,1.4281705
590.59314,1.419529
591.04682,1.4108842
591.50068,1.4022361
591.95471,1.3935846
592.40892,1.3849299
592.86329,1.3762718
593.31785,1.3676104
593.77258,1.3589456
594.22748,1.3502776
594.68256,1.3416062
595.13781,1.3329315
595.59323,1.3242535
596.04883,1.3155722
596.5046,1.3068875
596.96055,1.2981996
597.41667,1.2895083
597.87297,1.2808137
598.32944,1.2721158
598.78608,1.2634145
599.2429,1.25471
599.69989,1.2460021
600.15706,1.2372909
600.6144,1.2285764
601.07192,1.2198585
601.52961,1.2111374
601.98747,1.2024129
602.44551,1.1936851
602.90372,1.184954
603.3621,1.1762196
603.82066,1.1282661
604.2794,1.1038388
604.73831,1.1107807
605.19739,1.0628173
605.65665,1.0932819
606.11608,1.1237433
606.57568,1.1149856
607.03546,1.1062246
607.49542,1.0974603
607.95554,1.0886927
608.41585,1.0407061
608.87632,1.0711475
609.33697,1.0623699
609.7978,1.053589
610.2588,0.88009893
610.71997,0.8948408
611.18132,0.93310877
611.64284,0.947844
612.10453,0.96257592
612.5664,0.91455942
613.02845,0.9920298
613.49067,0.98322234
613.95306,0.97441157
614.41563,0.96559748
614.87837,0.95678007
615.34128,0.94795934
615.80437,0.9391353
616.26763,0.93030793
616.73107,0.92147724
617.19468,0.91264324
617.65847,0.90380591
618.12243,0.89496527
618.58656,0.88612131
619.05087,0.87727402
619.51535,0.86842342
619.98001,0.8595695
620.44484,0.85071226
620.90985,0.84185171
621.37503,0.83298783
621.84038,0.82412063
622.30591,0.81525012
622.77161,0.80637628
623.23749,0.70338148
623.70354,0.78077552
624.16976,0.66993094
624.63616,0.72378893
625.10273,0.76195732
625.56948,0.75306357
626.0364,0.7441665
626.5035,0.73526611
626.97077,0.72636241
627.43821,0.71745538
627.90583,0.70854504
628.37362,0.69963137
628.84159,0.64365557
629.30973,0.65826467
629.77804,0.67287046
630.24653,0.66394352
630.71519,0.65501326
631.18403,0.64607969
631.65304,0.63714279
632.12223,0.62820257
632.59159,0.61925903
633.06112,0.61031218
633.53083,0.601362
634.00071,0.59240851
634.47077,0.5834517
634.941,0.57449156
635.41141,0.56552811
635.88199,0.55656134
636.35274,0.54759125
636.82367,0.53861785
637.29477,0.52964112
637.76604,0.52066107
638.23749,0.51167771
638.70912,0.50269102
639.18092,0.49370102
639.65289,0.48470769
640.12504,0.47571105
640.59736,0.46671109
641.06985,0.4341784
641.54252,0.38595611
642.01537,0.43969129
642.48838,0.43067805
642.96158,0.4216615
643.43494,0.41264162
643.90848,0.40361842
644.3822,0.39459191
644.85609,0.38556208
645.33015,0.37652892
645.80439,0.36749245
646.2788,0.35845266
646.75338,0.34940955
647.22814,0.34036312
647.70308,0.33131337
648.17819,0.32226031
648.65347,0.31320392
649.12892,0.30414422
649.60456,0.29508119
650.08036,0.28601485
650.55634,0.27694518
651.03249,0.2678722
651.50882,0.2587959
651.98532,0.17128491
652.462,0.24063334
652.93885,0.11390002
653.41587,0.15186927
653.89307,0.21336461
654.37044,0.20426839
654.84799,0.19516886
655.32571,0.186066
655.80361,0.16127356
656.28168,0.16785034
656.75992,0.15873753
657.23834,0.1496214
657.71693,0.14050195
658.19569,0.13137918
658.67463,0.12225309
659.15375,0.11312368
659.63304,0.10399096
660.1125,0.09485491
660.59214,0.085715545
661.07195,0.076572862
661.55193,0.067426859
662.03209,0.058277537
662.51243,0.049124896
662.99294,0.039968936
663.47362,0.030809657
663.95447,0.021647059
664.43551,-0.17444876
664.91671,-0.17446616
665.39809,0.021594869
665.87964,0.005891185
666.36137,-0.072557603
666.84327,-0.017673064
667.32535,0.021525194
667.8076,0.021507759
668.29002,0.021490319
668.77262,0.021472872
669.25539,0.021455418
669.73834,0.021437959
670.22146,0.021420493
670.70475,0.02140302
671.18822,0.021385542
671.67187,0.021368057
672.15568,0.021350566
672.63968,0.021333068
673.12384,0.021315565
673.60818,0.021298055
674.0927,0.021280538
674.57738,0.021263016
675.06225,0.021245487
675.54728,0.021227952
676.0325,0.02121041
676.51788,0.021192862
677.00344,0.021175308
677.48917,0.021157748
677.97508,0.021140181
678.46116,0.021122608
678.94742,0.021105029
679.43385,0.021087443
679.92045,0.021069851
680.40723,0.021052253
680.89419,-0.010337901
681.38131,-0.04172806
681.86861,0.020999421
682.35609,0.020981797
682.84374,0.020964167
683.33156,0.020946531
683.81956,0.020928889
684.30773,0.020911241
684.79608,0.020893586
685.2846,0.020875925
685.7733,0.020858257
686.26217,0.020840583
686.75121,0.020822903
687.24043,0.020805217
687.72982,0.020787524
688.21938,0.020769825
688.70912,0.02075212
689.19904,0.020734409
689.68913,0.020716691
690.17939,0.020698967
690.66983,0.020681236
691.16044,0.020663499
691.65122,0.020645756
692.14218,0.020628007
692.63331,0.020610251
693.12462,0.020592489
693.6161,0.020574721
694.10776,0.020556947
694.59959,0.020539166
695.09159,0.020521379
695.58377,0.020503585
696.07613,0.020485786
696.56865,0.02046798
697.06135,0.020450167
697.55423,0.020432349
698.04728,0.020414524
698.5405,0.020396693
699.0339,0.020378855
699.52747,0.020361011
700.02122,0.020343161
700.51514,0.020325305
701.00923,0.020307442
701.5035,0.020289573
701.99795,0.020271698
702.49256,0.020253816
702.98736,0.020235928
703.48232,0.020218034
703.97746,0.020200134
704.47277,0.020182227
704.96826,0.020164314
705.46393,0.020146395
705.95976,0.020128469
706.45577,0.020110537
706.95196,0.020092599
707.44832,0.020074654
707.94485,0.020056703
708.44156,0.020038746
708.93844,0.020020783
709.4355,0.020002813
709.93273,0.019984837
710.43013,0.019966855
710.92771,0.019948866
711.42546,0.019930871
711.92339,0.01991287
712.42149,0.019894862
712.91976,0.019876848
713.41821,0.019858828
713.91684,0.019840802
714.41563,0.019822769
714.91461,0.01980473
715.41375,0.019786685
715.91307,0.019768633
716.41257,0.019750575
716.91224,0.019732511
717.41208,0.019714441
717.9121,0.019696364
718.41229,0.019678281
718.91265,0.019660191
719.41319,0.019642096
719.91391,0.019623994
720.4148,0.019605886
720.91586,0.019587771
721.41709,0.01956965
721.9185,0.019551523
722.42009,0.019533389
722.92185,0.01951525
723.42378,0.019497104
723.92589,0.019478951
724.42817,0.019460793
724.93063,0.019442628
725.43326,0.019424456
725.93606,0.019406279
726.43904,0.019388095
726.94219,0.019369905
727.44552,0.019351708
727.94902,0.019333506
728.45269,0.019315297
728.95654,0.019297081
729.46057,0.01927886
729.96476,0.019260632
730.46914,0.019242397
730.97368,0.019224157
731.4784,0.01920591
731.9833,0.019187657
732.48837,0.019169398
732.99361,0.019151132
733.49902,0.01913286
734.00462,0.019114582
734.51038,0.019096297
735.01632,0.019078006
735.52243,0.019059709
736.02872,0.019041405
736.53518,0.019023096
737.04182,0.019004779
737.54863,0.018986457
738.05562,0.018968128
738.56277,0.018949793
739.07011,0.018931452
739.57762,0.018913105
740.0853,0.018894751
740.59315,0.01887639
741.10118,0.018858024
741.60939,0.018839651
742.11776,0.018821272
742.62632,0.018802887
743.13504,0.018784495
743.64394,0.018766097
744.15302,0.018747693
744.66227,0.018729282
745.17169,0.018710866
745.68129,0.018692442
746.19106,0.018674013
746.70101,0.018655577
747.21113,0.018637135
747.72142,0.018618687
748.23189,0.018600232
748.74253,0.018581771
749.25335,0.018563304
749.76434,0.01854483
750.2755,0.018526351
750.78684,0.018507865
751.29836,0.018489372
751.81005,0.018470873
752.32191,0.018452368
752.83394,0.018433857
753.34615,0.018415339
753.85854,0.018396816
754.3711,0.018378285
754.88383,0.018359749
755.39674,0.018341206
755.90982,0.018322657
756.42307,0.018304102
756.9365,0.01828554
757.45011,0.018266972
757.96388,0.018248398
758.47784,0.018229817
758.99196,0.01821123
759.50626,0.018192637
760.02074,-0.0053553742
760.53539,-0.00537398
761.05021,0.0024505452
761.56521,-0.013254348
762.08038,0.018099577
762.59573,0.018080946
763.11125,0.018062308
763.62694,0.018043665
764.14281,0.018025015
764.65885,0.018006359
765.17507,0.017987696
765.69146,0.017969028
766.20802,0.017950353
766.72476,0.017931671
767.24168,0.017912984
767.75876,0.01789429
768.27602,0.01787559
768.79346,0.017856883
769.31107,0.01783817
769.82886,0.017819451
770.34681,0.017800726
770.86495,0.017781994
771.38325,0.017763256
771.90173,0.017744512
772.42039,0.017725761
772.93922,0.017707004
773.45822,0.017688241
773.9774,0.017669471
774.49675,0.017650696
775.01628,0.017631913
775.53598,0.017613125
776.05585,0.01759433
776.5759,0.017575529
777.09613,0.017556722
777.61652,0.017537909
778.13709,0.017519089
778.65784,0.017500262
779.17876,0.01748143
779.69985,0.017462591
780.22112,0.017443746
780.74256,0.017424895
781.26418,0.017406037
781.78597,0.017387173
782.30794,0.017368303
782.83008,0.0016631519
783.35239,0.017330544
783.87488,0.017311654
784.39754,0.017292759
784.92037,0.017273857
785.44338,0.017254949
785.96657,0.017236035
786.48993,0.017217114
787.01346,0.017198187
787.53717,0.017179254
788.06105,0.017160314
788.5851,0.017141369
789.10933,0.017122417
789.63373,0.017103458
790.15831,0.017084493
790.68306,0.017065522
791.20799,0.017046545
791.73309,0.017027561
792.25836,0.017008572
792.78381,0.016989575
793.30944,0.016970573
793.83523,0.016951564
794.3612,0.016932549
794.88735,-0.069360982
795.41367,0.0168945
795.94016,0.016875466
796.46683,0.016856426
796.99367,0.016837379
797.52069,0.016818326
798.04788,0.016799267
798.57525,0.016780201
799.10278,0.01676113
799.6305,0.016742052
800.15838,0.016722967
800.68645,0.016703877
801.21468,0.01668478
801.74309,0.016665676
802.27168,0.016646567
802.80043,0.016627451
803.32937,0.016700942
803.85847,-0.0067549545
804.38775,-0.13217161
804.91721,-0.12425491
805.44684,-0.014377401
805.97664,0.01706876
806.50662,0.017142397
807.03677,0.017216057
807.5671,0.017289742
808.0976,0.017363451
808.62827,0.017437184
809.15912,-0.053077294
809.69014,0.017584722
810.22134,0.017658528
810.75271,0.017732358
811.28426,0.017806212
811.81597,0.01788009
812.34787,0.017953993
812.87994,0.01802792
813.41218,0.018101871
813.94459,0.018175846
814.47718,0.018249845
815.00995,0.018323868
815.54289,0.018397916
816.076,0.018471988
816.60929,0.018546084
817.14275,0.018620204
817.67638,0.018694349
818.21019,0.018768518
818.74418,0.018842711
819.27834,0.018916928
819.81267,0.018991169
820.34718,0.019065435
820.88186,0.019139724
821.41671,0.019214038
821.95174,0.019288376
822.48694,0.019362739
823.02232,0.019437125
823.55787,0.019511536
824.0936,0.019585971
824.6295,0.01966043
825.16557,0.019734913
825.70182,0.019809421
826.23824,0.019883953
826.77484,0.019958509
827.31161,0.020033089
827.84856,0.020107693
828.38567,0.020182322
828.92297,0.020256975
829.46044,0.020331651
829.99808,0.020406353
830.53589,0.020481078
831.07388,0.020555828
831.61205,0.020630601
832.15039,0.020705399
832.6889,0.020780221
833.22759,0.020855068
833.76645,0.020929938
834.30548,0.021004833
834.84469,0.021079752
835.38408,0.021154695
835.92363,0.021229663
836.46337,0.021304654
837.00327,0.02137967
837.54335,0.02145471
838.08361,0.021529774
838.62404,0.021604863
839.16464,0.0059937009
839.70542,-0.040989986
840.24637,0.021830273
840.78749,0.021905458
841.32879,0.021980668
841.87027,0.022055901
842.41192,0.022131159
842.95374,0.022206441
843.49574,0.022281747
844.03791,0.022357078
844.58025,0.022432433
845.12277,0.022507811
845.66546,0.022583214
846.20833,0.022658642
846.75137,0.022734093
847.29459,0.022809569
847.83798,0.022885068
848.38154,0.022960593
848.92528,0.023036141
849.46919,0.023111713
850.01328,0.02318731
850.55754,0.0075766562
851.10198,-0.062935934
851.64659,0.023414245
852.19137,0.023489938
852.73633,0.015722519
853.28146,0.015798261
853.82677,0.023717164
854.37225,0.023792954
854.9179,-0.023190055
855.46373,0.023944607
856.00973,0.02402047
856.55591,0.024096357
857.10226,0.024172269
857.64879,0.024248204
858.19549,0.024324164
858.74236,0.024400148
859.28941,0.024476156
859.83663,0.024552188
860.38403,0.024628245
860.9316,0.024704325
861.47934,0.02478043
862.02726,0.024856559
862.57535,0.024932712
863.12362,0.02500889
863.67206,0.025085092
864.22068,0.025161318
864.76947,-0.03750753
865.31843,0.025313842
865.86757,0.02539014
866.41688,0.025466463
866.96637,0.02554281
867.51603,0.025619181
868.06587,0.025695577
868.61588,0.025771996
869.16606,0.02584844
869.71642,0.025924908
870.26695,0.0260014
870.81765,0.026077916
871.36853,0.026154457
871.91959,0.026231021
872.47082,0.02630761
873.02222,-0.20106676
873.5738,0.026460861
874.12555,0.026537522
874.67747,-0.012601478
875.22957,-0.075269866
875.78185,0.026767652
876.3343,0.026844411
876.88692,0.019078056
877.43971,-0.035747098
877.99268,-0.0042977182
878.54583,-0.09833851
879.09915,-0.04335967
879.65264,0.027305469
880.20631,0.027382397
880.76015,0.027459349
881.31416,0.027536325
881.86835,0.027613325
882.42272,0.02769035
882.97726,0.027767398
883.53197,0.027844471
884.08686,-0.019137255
884.64192,-0.12863843
885.19715,-0.018531664
885.75256,0.028830098
886.30814,0.029133131
886.8639,0.029436259
887.41983,0.029739482
887.97594,0.0300428
888.53222,-0.032398885
889.08867,-0.063467925
889.6453,0.030953325
890.2021,0.031257023
890.75908,0.031560816
891.31623,0.031864704
891.87356,0.032168687
892.43106,0.032472766
892.98873,0.032776939
893.54658,0.033081207
894.1046,0.03338557
894.6628,0.033690029
895.22117,0.033994582
895.77971,0.026456093
896.33843,0.018917699
896.89732,0.019222537
897.45639,0.01952747
898.01563,0.035518773
898.57505,-0.081823163
899.13463,-0.11289049
899.6944,0.020748153
900.25434,-0.13580918
900.81445,-0.17471937
901.37474,0.037350938
901.9352,0.037656631
902.49583,0.03796242
903.05664,0.022582028
903.61762,0.038574281
904.17878,0.038880355
904.74011,0.039186523
905.30162,0.039492786
905.8633,0.039799145
906.42515,0.040105598
906.98718,0.040412147
907.54938,0.04071879
908.11176,0.041025528
908.67431,0.041332362
909.23703,0.04163929
909.79993,0.041946314
910.36301,0.042253432
910.92625,0.042560646
911.48968,0.042867954
912.05327,0.043175358
912.61704,0.043482856
913.18099,0.043790449
913.74511,0.044098138
914.3094,0.044405922
914.87386,0.0447138
915.43851,0.045021774
916.00332,0.045329842
916.56831,0.045638006
917.13347,0.045946264
917.69881,0.046254618
918.26432,0.046563066
918.83001,0.04687161
919.39587,0.047180248
919.96191,0.047488982
920.52811,0.047797811
921.0945,0.048106734
921.66105,0.032729478
922.22779,0.048724866
922.79469,0.049034075
923.36177,0.049343379
923.92902,0.049652777
924.49645,0.049962271
925.06406,-0.10659089
925.63183,-0.059222378
926.19978,0.050891322
926.76791,0.051201196
927.33621,0.051511164
927.90468,0.0047624046
928.47333,0.052131387
929.04215,0.052441641
929.61114,0.052751989
930.18031,0.053062433
930.74966,0.053372972
931.31918,0.053683606
931.88887,0.053994334
932.45874,0.054305158
933.02878,0.054616077
933.59899,0.054927091
934.16938,0.055238199
934.73995,0.055549403
935.31068,0.055860702
935.88159,0.056172096
936.45268,0.056483585
937.02394,0.056795168
937.59538,0.057106847
938.16698,0.057418621
938.73877,0.05773049
939.31072,0.058042454
939.88286,0.058354513
940.45516,0.058666667
941.02764,-0.0034755083
941.60029,0.036343284
942.17312,0.060475986
942.74612,0.053236322
943.3193,-0.055963942
943.89265,-0.11026206
944.46618,-0.21161882
945.03987,-0.32866168
945.61375,-0.29668474
946.18779,0.064704152
946.76202,0.06530891
947.33641,0.01101189
947.91098,-0.098186907
948.48573,-0.026993364
949.06064,0.059886637
949.63574,0.068335449
950.211,0.068941308
950.78644,0.069547349
951.36206,0.070153574
951.93785,0.070759983
952.51381,0.071366575
953.08995,0.071973351
953.66626,0.07258031
954.24275,0.073187452
954.81941,0.073794778
955.39624,0.074402287
955.97325,0.07500998
956.55043,0.020715895
957.12779,-0.064950555
957.70532,-0.064342312
958.28303,0.046070037
958.8609,0.038835509
959.43896,0.0080717539
960.01719,0.024367005
960.59559,-0.061298344
961.17416,-0.045002726
961.75291,0.041881311
962.33184,0.081706708
962.91094,0.082316603
963.49021,0.08292668
964.06966,0.044321255
964.64928,0.013559151
965.22907,0.084758014
965.80904,0.085368825
966.38919,0.08597982
966.96951,0.086590999
967.55,0.08720236
968.13067,0.087813906
968.71151,0.088425634
969.29252,0.089037546
969.87371,0.089649642
970.45507,0.090261921
971.03661,0.090874384
971.61832,0.09148703
972.20021,0.068570447
972.78227,0.014281499
973.3645,-0.008634716
973.94691,-0.00017819901
974.52949,-0.070152871
975.11225,-0.061695987
975.69518,0.080094414
976.27829,0.096394802
976.86156,0.097009099
977.44502,0.097623579
978.02865,0.098238243
978.61245,0.098853091
979.19642,0.099468121
979.78057,0.10008334
980.3649,0.10069873
980.9494,0.10131431
981.53407,0.10193008
982.11892,0.10254603
982.70394,0.10316216
983.28913,0.10377847
983.8745,0.10439497
984.46005,0.10501165
985.04576,-0.004175402
985.63166,0.035657333
986.21772,0.1068628
986.80396,0.036891981
987.39038,-0.18209826
987.97697,-0.024617735
988.56373,0.10933356
989.15067,0.10995171
989.73778,0.079197498
990.32506,0.11118856
990.91252,0.11180726
991.50016,0.018308499
992.08797,0.073829527
992.67595,0.06660564
993.2641,0.035852524
993.85244,-0.010586682
994.44094,0.091993903
995.02962,0.053398201
995.61847,0.014802682
996.2075,0.078168131
996.7967,0.11800435
997.38608,0.11862507
997.97563,0.11924597
998.56535,0.11986706
999.15525,0.12048832
999.74532,0.12110978
1000.3356,0.12173141
1000.926,0.12235323
1001.5166,0.12297523
1002.1074,0.12359742
1002.6983,0.12421979
1003.2894,0.12484234
1003.8807,0.12546507
1004.4722,0.12608799
1005.0638,0.1267111
1005.6556,0.12733438
1006.2476,0.041683341
1006.8398,0.057993269
1007.4321,0.058617106
1008.0246,0.11414309
1008.6173,0.13045356
1009.2102,0.13107795
1009.8032,0.13170252
1010.3964,0.13232728
1010.9898,0.05452084
1011.5834,0.13357733
1012.1771,0.13420264
1012.771,0.10345558
1013.3651,0.041336149
1013.9593,0.002746317
1014.5538,0.11317628
1015.1484,0.13733191
1015.7431,0.13795831
1016.3381,0.13074177
1016.9332,0.13921167
1017.5285,0.13983863
1018.124,0.14046577
1018.7196,0.14109309
1019.3154,0.1417206
1019.9114,0.14234829
1020.5076,0.14297616
1021.1039,0.14360421
1021.7005,0.14423245
1022.2972,0.14486088
1022.894,0.14548948
1023.4911,0.14611827
1024.0883,0.084002147
1024.6857,0.061101892
1025.2832,0.12447633
1025.881,0.12510585
1026.4789,0.11004929
1027.077,0.024404666
1027.6752,0.15052494
1028.2737,0.15115519
1028.8723,0.15178563
1029.471,0.15241626
1030.07,0.15304707
1030.6691,0.090932959
1031.2684,0.15430923
1031.8679,0.15494059
1032.4676,0.15557213
1033.0674,0.15620386
1033.6674,0.047031843
1034.2676,0.14178158
1034.8679,0.15025699
1035.4684,0.15873259
1036.0691,0.14367896
1036.67,0.15999806
1037.2711,0.16063107
1037.8723,0.16126426
1038.4737,0.16189764
1039.0752,0.1625312
1039.677,0.16316494
1040.2789,0.15595573
1040.881,0.15658984
1041.4833,0.16506727
1042.0857,0.16570174
1042.6883,0.1663364
1043.2911,0.16697125
1043.8941,0.16760628
1044.4972,0.16824149
1045.1005,0.16887688
1045.704,0.16951246
1046.3077,0.17014822
1046.9115,0.17078416
1047.5155,0.17142029
1048.1197,0.1720566
1048.724,0.1726931
1049.3286,0.17332977
1049.9333,0.17396664
1050.5382,0.17460368
1051.1432,0.1517115
1051.7484,-0.082945208
1052.3538,-0.36466055
1052.9594,-0.30912081
1053.5652,-0.033973048
1054.1711,-0.42549176
1054.7772,-0.6915201
1055.3835,-0.34578355
1055.9899,-0.23534093
1056.5965,-0.022937347
1057.2033,0.087505637
1057.8103,0.04108606
1058.4174,0.057411765
1059.0247,0.18413119
1059.6322,0.18536078
1060.2399,0.18659072
1060.8477,0.18782101
1061.4558,0.14983597
1062.0639,0.1589101
1062.6723,0.191514
1063.2808,0.1927457
1063.8896,0.19397776
1064.4984,0.19521016
1065.1075,0.19644292
1065.7167,0.19767603
1066.3261,0.1989095
1066.9357,0.20014331
1067.5455,0.20137748
1068.1554,0.12418063
1068.7655,0.070513547
1069.3758,0.10312132
1069.9862,0.072984354
1070.5969,0.13696538
1071.2077,0.067613434
1071.8186,0.021791247
1072.4298,0.0073419629
1073.0411,0.10269695
1073.6526,0.21373857
1074.2643,0.21497662
1074.8761,0.21621502
1075.4882,0.21745377
1076.1004,0.16379091
1076.7127,0.19640292
1077.3253,0.22117214
1077.938,0.073392699
1078.5509,0.098162626
1079.1639,0.020972122
1079.7772,-0.095433716
1080.3906,-0.023603907
1081.0042,0.040383116
1081.6179,-0.099551076
1082.2319,-0.090465307
1082.846,0.16960121
1083.4603,0.17084454
1084.0747,0.22699019
1084.6894,0.2203911
1085.3042,0.23732176
1085.9192,0.23856651
1086.5343,0.23981161
1087.1496,0.24105706
1087.7651,0.24230286
1088.3808,0.24354902
1088.9967,0.24479553
1089.6127,0.24604239
1090.2289,0.24728961
1090.8453,0.24853717
1091.4618,0.24978509
1092.0786,0.25103336
1092.6954,0.25228199
1093.3125,0.25353097
1093.9298,0.15281951
1094.5472,-0.0027935506
1095.1648,-0.01722979
1095.7826,-0.6669598
1096.4005,-0.70492474
1097.0186,-0.62524228
1097.6369,-0.20046142
1098.2554,-0.32469982
1098.874,-0.048937864
1099.4928,0.09349111
1100.1118,0.18101848
1100.731,0.017565801
1101.3503,0.13646642
1101.9698,0.27105367
1102.5895,0.25662166
1103.2094,0.27356255
1103.8294,0.27481752
1104.4496,0.27607284
1105.07,0.27732852
1105.6905,0.27858455
1106.3113,0.27984093
1106.9322,0.28109766
1107.5532,0.28235475
1108.1745,0.28361219
1108.7959,0.28486998
1109.4175,0.28612812
1110.0393,0.27954348
1110.6613,0.24942978
1111.2834,0.28990467
1111.9057,0.26763481
1112.5281,0.29242413
1113.1508,0.12897851
1113.7736,0.27925873
1114.3966,0.24130401
1115.0198,0.11707513
1115.6431,0.11049366
1116.2666,0.088226269
1116.8903,0.1443906
1117.5142,0.10643765
1118.1382,0.16260269
1118.7624,0.069748471
1119.3868,0.23571814
1120.0114,0.2840411
1120.6361,0.28530559
1121.261,0.27872729
1121.8861,0.12312974
1122.5114,-0.024624315
1123.1368,-0.14100547
1123.7624,-0.13973922
1124.3882,0.18309601
1125.0142,0.16083356
1125.6403,0.24837538
1126.2666,0.10062343
1126.8931,0.32149929
1127.5197,0.32276766
1128.1466,0.32403638
1128.7736,0.32530545
1129.4007,0.32657488
1130.0281,0.32784466
1130.6556,0.32911479
1131.2833,0.33038527
1131.9112,0.33165611
1132.5392,0.3329273
1133.1674,0.33419884
1133.7958,0.33547073
1134.4244,0.33674298
1135.0531,0.33801558
1135.6821,0.33928853
1136.3111,0.34056183
1136.9404,0.34183549
1137.5698,0.2803644
1138.1995,0.09340347
1138.8293,-0.17198848
1139.4592,-0.43738008
1140.0893,-0.27139878
1140.7197,-0.011299478
1141.3501,0.13899625
1141.9808,0.19517469
1142.6116,0.00037309052
1143.2426,-0.014036002
1143.8738,-0.044131016
1144.5052,0.12969589
1145.1367,0.14666041
1145.7684,0.23421351
1146.4003,0.25902187
1147.0323,0.21324234
1147.6646,0.21452199
1148.297,0.23148827
1148.9295,0.28767058
1149.5623,0.36738266
1150.1952,0.36866372
1150.8283,0.36994514
1151.4616,0.26926612
1152.095,0.21564628
1152.7286,0.37379149
1153.3624,0.37507432
1153.9964,0.37635749
1154.6306,0.27568024
1155.2649,0.24559157
1155.8994,0.38020913
1156.534,0.26384666
1157.1689,0.38277866
1157.8039,0.22720121
1158.4391,0.21280057
1159.0744,0.32389049
1159.71,0.3800788
1160.3457,-0.050007045
1160.9816,-0.29970038
1161.6176,0.1800184
1162.2538,0.10287478
1162.8903,0.072790346
1163.5268,0.011333712
1164.1636,-0.31678924
1164.8005,-0.34687261
1165.4376,0.15637769
1166.0749,-0.014881453
1166.7124,0.0020950482
1167.35,0.16809151
1167.9878,0.26350009
1168.6258,0.22557569
1169.2639,0.1170634
1169.9022,0.01639461
1170.5407,0.11964774
1171.1794,0.30917573
1171.8182,0.37321387
1172.4573,0.40587982
1173.0965,0.28952652
1173.7358,0.41631082
1174.3754,0.41760527
1175.0151,0.22282165
1175.655,0.012352111
1176.295,0.076392725
1176.9353,0.0071003579
1177.5757,0.016239716
1178.2163,-0.037365671
1178.857,0.0031469408
1179.498,0.13777755
1180.1391,-0.15896403
1180.7804,-0.25962683
1181.4218,0.078926405
1182.0635,-0.24134353
1182.7053,-0.14592684
1183.3472,-0.14462745
1183.9894,-0.076728025
1184.6317,-0.12647426
1185.2742,-0.31739557
1185.9169,0.056390406
1186.5598,0.10076601
1187.2028,-0.18426875
1187.846,-0.061458971
1188.4894,0.35939142
1189.1329,0.48220399
1189.7766,0.4246258
1190.4205,0.17881372
1191.0646,0.12123833
1191.7088,0.016605513
1192.3533,0.25707213
1192.9979,0.33283427
1193.6426,0.33016643
1194.2876,-0.080343142
1194.9327,0.018952602
1195.578,0.024132096
1196.2234,0.17048946
1196.8691,0.28547567
1197.5149,0.54948289
1198.1609,0.42917778
1198.807,0.12063878
1199.4534,0.26700313
1200.0999,0.46042771
1200.7466,0.43424584
1201.3934,0.32963399
1202.0405,0.31129806
1202.6877,0.30864979
1203.335,0.14129705
1203.9826,-0.17507391
1204.6303,-0.2247768
1205.2782,0.17258053
1205.9263,-0.057511727
1206.5746,-0.4601516
1207.223,-0.031417529
1207.8716,0.22476892
1208.5204,0.17507442
1209.1693,0.27440092
1209.8184,0.2011798
1210.4677,0.30835224
1211.1172,0.40768294
1211.7668,0.47564248
1212.4167,0.41811323
1213.0667,0.43901675
1213.7168,0.60894127
1214.3672,0.68474955
1215.0177,0.52526511
1215.6684,0.53833108
1216.3192,0.54355532
1216.9703,0.41544761
1217.6215,0.31087072
1218.2729,0.16707955
1218.9244,0.42328977
1219.5762,0.28734452
1220.2281,-0.12310913
1220.8802,0.38408568
1221.5324,0.62461522
1222.1849,0.47298929
1222.8375,0.36842358
1223.4902,0.23248673
1224.1432,0.1671395
1224.7963,0.50179368
1225.4496,0.5305669
1226.1031,0.77894936
1226.7568,0.55674499
1227.4106,0.40513025
1228.0646,0.35547769
1228.7188,0.33719908
1229.3731,0.31107872
1230.0276,0.52025389
1230.6823,0.17256771
1231.3372,0.16998096
1231.9922,-0.46005537
1232.6475,-0.35283539
1233.3029,-0.18286892
1233.9584,0.20670679
1234.6142,-0.16450042
1235.2701,-0.29256897
1235.9262,-0.067694947
1236.5824,0.031690277
1237.2389,0.091861214
1237.8955,0.65399433
1238.5523,0.53377591
1239.2092,0.83708829
1239.8664,0.66197071
1240.5237,0.22803099
1241.1812,0.44507306
1241.8388,0.6150577
1242.4967,0.60465159
1243.1547,0.25699197
1243.8128,0.22305924
1244.4712,0.4401083
1245.1297,0.18657053
1245.7884,-0.04343644
1246.4473,-0.16363809
1247.1064,-0.072073629
1247.7656,-0.27070385
1248.425,-0.35168562
1249.0846,-0.59737187
1249.7443,-0.12148809
1250.4042,0.11910296
1251.0643,0.23420522
1251.7246,0.37283829
1252.385,0.2683355
1253.0457,0.35991254
1253.7064,0.58482432
1254.3674,0.53522768
1255.0286,0.70524029
1255.6899,0.67917587
1256.3514,0.81781872
1257.013,0.72116886
1257.6749,0.64020666
1258.3369,0.77101058
1258.9991,0.84691393
1259.6614,0.74242652
1260.324,0.78696011
1260.9867,0.90208334
1261.6496,0.85250209
1262.3126,0.49703988
1262.9758,0.4004026
1263.6392,0.75082554
1264.3028,0.68556361
1264.9666,0.55755797
1265.6305,0.67269099
1266.2946,0.74860972
1266.9589,0.95786318
1267.6233,0.79064745
1268.288,0.53715861
1268.9528,0.68367117
1269.6177,0.40665571
1270.2829,0.24728871
1270.9482,0.28400154
1271.6137,0.38346087
1272.2794,0.65547061
1272.9452,0.59806999
1273.6112,0.2740041
1274.2774,0.12248862
1274.9438,0.2768569
1275.6103,0.38416775
1276.2771,0.56206824
1276.9439,0.73997012
1277.611,0.72179497
1278.2783,0.6565624
1278.9457,0.66191946
1279.6132,0.55747399
1280.281,0.77459855
1280.9489,0.79564608
1281.6171,0.86375383
1282.2853,0.7671571
1282.9538,0.86664019
1283.6224,0.95828155
1284.2912,1.0107086
1284.9602,1.2513724
1285.6294,1.0920375
1286.2987,0.97976291
1286.9682,0.98513675
1287.6379,0.85717865
1288.3077,0.94098665
1288.9778,1.1267568
1289.648,1.1791951
1290.3183,0.85516416
1290.9889,0.71152677
1291.6596,0.23847902
1292.3305,-0.13260654
1293.0016,-0.32329855
1293.6728,-0.70222446
1294.3442,-1.2772274
1295.0158,-0.84830738
1295.6876,-0.24683693
1296.3595,-0.70418862
1297.0316,-0.89487224
1297.7039,-0.26202506
1298.3764,0.1747451
1299.049,0.021985804
1299.7218,0.10452778
1300.3948,0.57139064
1301.068,0.19120184
1301.7413,-0.43211707
1302.4148,0.37202216
1303.0885,0.67420776
1303.7624,0.69404758
1304.4364,0.80016906
1305.1106,0.72590555
1305.785,0.79282565
1306.4595,0.63230194
1307.1343,1.0286481
1307.8092,0.97794264
1308.4843,1.36646
1309.1595,1.3079257
1309.8349,1.2101829
1310.5105,1.1438197
1311.1863,1.3676598
1311.8622,1.3248404
1312.5384,1.3918321
1313.2147,1.4745172
1313.8911,1.306229
1314.5678,1.0830461
1315.2446,1.2206546
1315.9216,0.4955252
1316.5988,0.85275588
1317.2761,0.0099937173
1317.9536,-0.087663251
1318.6313,0.57547125
1319.3092,0.7523384
1319.9872,1.17235
1320.6654,1.0825647
1321.3438,1.2202377
1322.0224,1.7343884
1322.7011,1.8093305
1323.38,1.7117308
1324.0591,1.4729617
1324.7384,1.6028273
1325.4178,1.6856412
1326.0974,2.0194427
1326.7772,2.1571728
1327.4571,2.1223612
1328.1372,2.2287331
1328.8176,2.1625632
1329.498,2.1826749
1330.1787,2.328284
1330.8595,2.2935081
1331.5405,2.1410923
1332.2217,2.2710366
1332.903,2.2754978
1333.5845,2.2172211
1334.2662,2.3393437
1334.9481,2.2810814
1335.6302,2.1365516
1336.3124,2.046931
1336.9948,2.0357489
1337.6773,1.3579073
1338.3601,1.2526219
1339.043,1.7355789
1339.7261,2.3910921
1340.4093,2.1524948
1341.0928,1.9688066
1341.7764,2.1145374
1342.4602,2.3387066
1343.1441,2.5550399
1343.8283,2.5909882
1344.5126,2.6818456
1345.1971,2.6236906
1345.8817,2.7224054
1346.5666,2.8917157
1347.2516,2.998288
1347.9367,2.9166321
1348.6221,2.9683168
1349.3076,3.1454988
1349.9933,3.0011193
1350.6792,2.9822372
1351.3652,3.2064995
1352.0515,3.3288082
1352.7379,3.2079868
1353.4244,3.3381529
1354.1112,3.3193066
1354.7981,3.167134
1355.4852,3.2424197
1356.1725,3.3098693
1356.8599,2.8988947
1357.5475,2.7624371
1358.2353,3.1906926
1358.9233,2.9287591
1359.6114,2.4158523
1360.2998,2.5539331
1360.9882,2.6214329
1361.6769,2.5634496
1362.3657,2.5133166
1363.0548,2.6749554
1363.7439,3.2366014
1364.4333,3.076686
1365.1228,2.9559933
1365.8125,3.2509941
1366.5024,3.1773747
1367.1925,3.2763113
1367.8827,3.367412
1368.5731,3.8271474
1369.2637,3.6045369
1369.9545,3.5936983
1370.6454,3.7554158
1371.3365,3.9249837
1372.0278,3.9298528
1372.7192,3.7308076
1373.4108,3.6729459
1374.1026,3.7876404
1374.7946,3.7611656
1375.4868,3.9699921
1376.1791,3.7709826
1376.8716,3.611196
1377.5642,3.9220047
1378.2571,4.028899
1378.9501,3.822075
1379.6433,3.4191797
1380.3367,3.3613896
1381.0302,3.5624302
1381.7239,3.7948505
1382.4178,3.9410034
1383.1119,4.0165753
1383.8061,4.1078406
1384.5005,4.1755836
1385.1951,3.9531377
1385.8899,3.95815
1386.5848,4.2298361
1387.2799,4.2897646
1387.9752,4.334014
1388.6706,4.1116039
1389.3663,4.2499852
1390.0621,4.3726875
1390.7581,4.2836322
1391.4542,4.4377213
1392.1505,4.5290725
1392.847,4.5890582
1393.5437,4.6490511
1394.2406,4.8972865
1394.9376,4.97298
1395.6348,4.9231905
1396.3322,4.7557611
1397.0297,4.8157898
1397.7274,4.7581786
1398.4253,4.7868491
1399.1234,4.9331737
1399.8216,4.820682
1400.5201,4.9434916
1401.2187,5.0349358
1401.9174,4.9773676
1402.6164,5.0609829
1403.3155,5.1053898
1404.0148,5.16549
1404.7142,5.2255974
1405.4139,5.1602218
1406.1137,5.1183828
1406.8137,5.084394
1407.5138,5.1523732
1408.2142,5.1811438
1408.9147,5.2491373
1409.6153,5.3014517
1410.3162,5.2910281
1411.0172,5.3825725
1411.7184,5.0976535
1412.4198,5.3147023
1413.1214,5.2023466
1413.8231,5.0272529
1414.525,5.2600096
1415.2271,5.2496361
1415.9293,5.2471129
1416.6318,5.2916557
1417.3344,5.4303233
1418.0371,5.3180177
1418.7401,5.2998368
1419.4432,5.5091141
1420.1465,5.4438888
1420.85,5.4884745
1421.5536,5.509538
1422.2574,5.5149223
1422.9614,5.6536472
1423.6656,5.8080655
1424.3699,5.4605301
1425.0744,5.2933941
1425.7791,5.1341083
1426.484,5.0218886
1427.189,5.0586956
1427.8942,4.9621764
1428.5996,5.0068408
1429.3052,5.6868065
1430.0109,5.6059951
1430.7168,5.5408771
1431.4229,5.2640015
1432.1292,5.7949763
1432.8356,5.9102719
1433.5422,6.0569472
1434.249,6.1487277
1434.9559,6.2405154
1435.6631,6.0656436
1436.3704,6.0554848
1437.0778,6.3198429
1437.7855,6.2391102
1438.4933,6.1662278
1439.2013,6.3286466
1439.9095,6.342053
1440.6178,6.2927215
1441.3263,6.1728088
1442.035,6.0842759
1442.7439,5.933005
1443.4529,5.7503688
1444.1622,6.0147985
1444.8716,6.4204118
1445.5811,5.72015
1446.2909,6.1493071
1447.0008,6.5863144
1447.7109,6.4350937
1448.4211,6.738782
1449.1316,6.7758108
1449.8422,6.6481409
1450.553,6.622439
1451.2639,6.7614501
1451.9751,6.9083114
1452.6864,6.4355721
1453.3978,6.8648007
1454.1095,7.0744287
1454.8213,6.7115148
1455.5333,7.2897845
1456.2455,7.2876692
1456.9579,6.9169336
1457.6704,7.1893424
1458.3831,6.8970525
1459.096,6.5498678
1459.809,7.104651
1460.5222,7.0398335
1461.2356,7.131886
1461.9492,7.0121809
1462.663,7.1042476
1463.3769,6.764949
1464.091,7.0766379
1464.8052,6.7765693
1465.5197,6.0843509
1466.2343,6.3568456
1466.9491,6.8489553
1467.6641,6.7998957
1468.3792,6.5547648
1469.0945,6.0116018
1469.81,6.0096225
1470.5257,5.5527483
1471.2415,6.2958813
1471.9575,6.3880411
1472.6737,6.590012
1473.3901,6.9017939
1474.1066,6.986132
1474.8233,6.7018498
1475.5402,6.7077709
1476.2572,6.7607579
1476.9745,7.0490462
1477.6919,6.8275378
1478.4095,6.9589776
1479.1272,6.8316011
1479.8451,7.1277612
1480.5632,7.1258892
1481.2815,7.5161812
1482,7.6868725
1482.7186,7.8340416
1483.4374,7.5969041
1484.1564,7.6264405
1484.8755,7.8050036
1485.5948,7.5678875
1486.3143,7.2131316
1487.034,7.3368142
1487.7538,7.005602
1488.4739,7.4273381
1489.194,7.5824148
1489.9144,7.251224
1490.6349,7.3435699
1491.3557,7.3574915
1492.0765,7.3635771
1492.7976,7.6128072
1493.5188,7.2816522
1494.2403,7.5465828
1494.9618,8.1409324
1495.6836,8.3901911
1496.4055,8.2865157
1497.1276,8.3004946
1497.8499,8.4635002
1498.5724,8.2186698
1499.295,8.4758074
1500.0178,8.7564816
1500.7408,8.3783394
1501.4639,8.384518
1502.1873,8.8377627
1502.9108,8.9459164
1503.6345,8.8579989
1504.3583,9.1230297
1505.0823,9.0429697
1505.8065,9.0491913
1506.5309,9.1495377
1507.2554,9.1714598
1507.9802,9.2090754
1508.7051,9.3408159
1509.4301,8.9784458
1510.1554,8.6082397
1510.8808,8.8968644
1511.6064,8.5658883
1512.3321,8.2819782
1513.0581,8.3353302
1513.7842,8.6867286
1514.5105,8.4891145
1515.2369,7.7581742
1515.9636,8.0390058
1516.6904,8.288472
1517.4174,9.032063
1518.1445,8.7011513
1518.8719,9.0839723
1519.5994,9.2315063
1520.3271,9.0496357
1521.0549,9.1971841
1521.7829,9.1094455
1522.5111,8.9354395
1523.2395,9.0437936
1523.9681,8.987449
1524.6968,9.1742488
1525.4257,9.4159577
1526.1548,9.2812032
1526.884,9.209201
1527.6135,9.2705392
1528.3431,9.3946297
1529.0728,9.4324528
1529.8028,9.0781263
1530.5329,8.9669441
1531.2632,9.1773377
1531.9937,8.9642091
1532.7243,8.9863817
1533.4551,8.6477772
1534.1861,8.7876112
1534.9173,8.5352955
1535.6486,8.8241635
1536.3801,8.7051954
1537.1118,7.9901561
1537.8437,8.0359082
1538.5757,8.7640205
1539.3079,8.5431203
1540.0403,9.2320311
1540.7729,9.2385962
1541.5056,9.5667371
1542.2385,10.216454
1542.9716,9.6897069
1543.7048,8.8178693
1544.4383,9.1460387
1545.1719,8.9800977
1545.9057,9.6455364
1546.6396,9.9658843
1547.3737,9.3372196
1548.108,9.7987582
1548.8425,10.338735
1549.5772,10.314014
1550.312,9.9520444
1551.047,9.8332195
1551.7822,9.4791076
1552.5175,9.4701009
1553.253,8.927768
1553.9887,8.7070109
1554.7246,8.5176335
1555.4606,8.4223809
1556.1968,9.0330179
1556.9332,8.9299365
1557.6698,8.6778426
1558.4065,8.2139912
1559.1434,7.867794
1559.8805,8.3059177
1560.6178,8.4616956
1561.3552,7.5821865
1562.0928,7.9654297
1562.8306,9.1094643
1563.5686,8.9123297
1564.3067,8.9269669
1565.045,9.1455328
1565.7835,8.7366549
1566.5222,8.4846469
1567.261,9.0483324
1568,9.6041818
1568.7392,9.8855286
1569.4785,10.488451
1570.2181,10.910989
1570.9578,11.34922
1571.6976,11.058046
1572.4377,10.876684
1573.1779,10.765917
1573.9183,11.157117
1574.6589,11.069894
1575.3996,10.88856
1576.1405,10.746449
1576.8816,10.086698
1577.6229,10.328915
1578.3643,10.131924
1579.106,10.256508
1579.8478,10.271295
1580.5897,9.9723645
1581.3319,9.3832447
1582.0742,9.7666811
1582.8167,9.4363992
1583.5593,9.3649479
1584.3022,9.3484058
1585.0452,9.6926551
1585.7883,9.887892
1586.5317,10.200783
1587.2752,10.725446
1588.0189,11.38345
1588.7628,11.178715
1589.5069,10.362223
1590.2511,10.80064
1590.9955,10.760633
1591.7401,10.171613
1592.4848,10.013973
1593.2298,10.42889
1593.9749,10.820284
1594.7201,11.376391
1595.4656,10.214858
1596.2112,10.206274
1596.957,9.7114217
1597.703,9.4283417
1598.4491,10.164877
1599.1955,10.681811
1599.9419,10.861498
1600.6886,9.770603
1601.4355,9.4326569
1602.1825,9.7927571
1602.9297,10.31757
1603.677,11.093371
1604.4246,11.014277
1605.1723,11.013622
1605.9202,10.683561
1606.6682,10.298607
1607.4165,10.023463
1608.1649,9.7483261
1608.9135,9.8575103
1609.6622,9.9588585
1610.4112,9.4249198
1611.1603,9.0870666
1611.9095,9.5256912
1612.659,9.3760877
1613.4086,10.253942
1614.1584,9.9710197
1614.9084,10.637124
1615.6586,10.926765
1616.4089,10.526217
1617.1594,9.7021461
1617.9101,9.7251417
1618.6609,10.171674
1619.4119,9.4417425
1620.1631,9.4647595
1620.9145,9.2603327
1621.666,9.1108151
1622.4178,9.3064026
1623.1697,9.9725855
1623.9217,10.379952
1624.674,10.112816
1625.4264,9.2103929
1626.179,10.645232
1626.9317,10.315372
1627.6847,10.095323
1628.4378,10.361556
1629.1911,10.76113
1629.9445,10.878358
1630.6982,10.611279
1631.452,11.034403
1632.206,12.155574
1632.9601,12.366948
1633.7145,12.115584
1634.469,11.903443
1635.2237,11.824642
1635.9785,11.957613
1636.7335,11.36118
1637.4887,10.466715
1638.2441,10.623237
1638.9997,11.407217
1639.7554,11.03042
1640.5113,10.394807
1641.2674,10.143514
1642.0236,10.79419
1642.78,9.5154609
1643.5366,9.099484
1644.2934,9.7266516
1645.0504,9.8283362
1645.8075,8.6045377
1646.5648,8.8238836
1647.3222,8.5020602
1648.0799,7.4508322
1648.8377,7.7172584
1649.5957,9.6385938
1650.3538,10.156015
1651.1122,9.6773643
1651.8707,9.3242113
1652.6294,9.0965557
1653.3882,8.8610641
1654.1473,9.566756
1654.9065,9.519514
1655.6659,9.7703184
1656.4254,10.068189
1657.1852,10.248419
1657.9451,9.9659116
1658.7052,9.0010583
1659.4654,9.0793494
1660.2258,8.9694123
1660.9864,8.1536001
1661.7472,8.2319127
1662.5082,7.4710167
1663.2693,7.9650299
1664.0306,8.7492463
1664.7921,7.6668032
1665.5537,7.313779
1666.3155,8.0195854
1667.0775,8.1685363
1667.8397,8.0194552
1668.6021,7.7527341
1669.3646,7.3919026
1670.1273,8.0663723
1670.8901,8.9996727
1671.6532,9.5721959
1672.4164,10.136883
1673.1798,8.9760874
1673.9434,9.5094164
1674.7071,10.28589
1675.471,10.529037
1676.2351,11.564348
1676.9994,12.583981
1677.7638,12.725189
1678.5284,13.486011
1679.2932,13.909587
1680.0581,13.344934
1680.8233,12.223425
1681.5886,11.91761
1682.3541,12.725528
1683.1197,12.137374
1683.8855,10.333541
1684.6515,10.678735
1685.4177,11.839622
1686.1841,10.929929
1686.9506,10.184948
1687.7173,9.1968371
1688.4842,8.6087335
1689.2512,8.6873036
1690.0184,8.7580378
1690.7858,8.7189753
1691.5534,8.7897238
1692.3212,8.4526363
1693.0891,9.0724188
1693.8572,9.9196593
1694.6254,11.284554
1695.3939,12.123966
1696.1625,13.42613
1696.9313,13.457713
1697.7002,12.752048
1698.4694,11.826782
1699.2387,11.952504
1700.0082,11.450783
1700.7778,11.568676
1701.5477,10.980694
1702.3177,9.9927191
1703.0879,10.079261
1703.8582,9.0050262
1704.6288,8.6523669
1705.3995,8.1585384
1706.1704,7.6725601
1706.9414,7.131687
1707.7126,7.6574878
1708.484,7.689178
1709.2556,6.6934244
1710.0274,6.9133643
1710.7993,7.2431153
1711.5714,8.0513047
1712.3437,9.0869523
1713.1161,8.4206463
1713.8887,7.2837592
1714.6615,8.7272714
1715.4345,9.5747124
1716.2076,10.312357
1716.981,9.0186353
1717.7545,7.7955095
1718.5281,8.9880771
1719.302,9.106142
1720.076,8.8399004
1720.8502,8.9579797
1721.6245,9.1231249
1722.3991,9.4216106
1723.1738,9.7828486
1723.9487,10.504878
1724.7237,11.14064
1725.499,11.015625
1726.2744,10.161205
1727.05,9.6675772
1727.8257,9.7386621
1728.6017,9.5038717
1729.3778,8.7043826
1730.154,8.3284301
1730.9305,8.8309161
1731.7071,8.627527
1732.4839,8.3064979
1733.2609,7.3344956
1734.0381,8.0487749
1734.8154,7.8061987
1735.5929,6.4969629
1736.3706,6.4661657
1737.1484,7.4549834
1737.9264,6.8673378
1738.7046,6.6875424
1739.483,6.4685385
1740.2615,6.8456202
1741.0403,6.7129051
1741.8191,6.8390207
1742.5982,7.1769082
1743.3775,7.1148028
1744.1569,7.0605478
1744.9365,7.0925743
1745.7162,8.0108826
1746.4962,7.7762568
1747.2763,7.8553637
1748.0566,7.2129091
1748.837,7.9430107
1749.6177,8.5711586
1750.3985,8.8228432
1751.1795,7.4117897
1751.9606,6.7850572
1752.7419,6.5740181
1753.5234,7.3982802
1754.3051,6.4107849
1755.087,5.3448652
1755.869,5.5024822
1756.6512,5.1738318
1757.4336,4.9785219
1758.2161,4.9792976
1758.9989,6.3447863
1759.7818,6.3220469
1760.5648,6.48755
1761.3481,6.8491386
1762.1315,7.1715187
1762.9151,7.2193961
1763.6989,7.5496337
1764.4828,7.8485058
1765.2669,7.4336596
1766.0512,8.1717618
1766.8357,8.1569299
1767.6203,7.3577915
1768.4052,7.1625817
1769.1901,8.5830654
1769.9753,8.8584583
1770.7606,7.9495445
1771.5462,7.0327948
1772.3318,6.9866405
1773.1177,7.4659835
1773.9037,6.1963141
1774.6899,6.3227302
1775.4763,7.4766045
1776.2629,7.5873487
1777.0496,7.5647667
1777.8365,7.2990546
1778.6236,7.0647223
1779.4109,6.8382402
1780.1983,6.2901966
1780.9859,6.071572
1781.7737,5.9549153
1782.5616,6.3323834
1783.3497,6.1608391
1784.138,6.0128313
1784.9265,5.3079679
1785.7152,3.9756607
1786.504,4.4394391
1787.293,5.5777345
1788.0822,5.5474095
1788.8715,6.3955231
1789.661,6.0750164
1790.4507,6.5858894
1791.2406,7.065397
1792.0306,6.870402
1792.8208,6.5342376
1793.6112,6.5980804
1794.4018,6.7874206
1795.1925,5.9336306
1795.9834,5.8014165
1796.7745,5.8417585
1797.5658,6.0389704
1798.3572,5.6244248
1799.1488,4.6687098
1799.9406,5.8384922
1800.7326,3.6435759
1801.5247,4.5153334
1802.317,5.7165098
1803.1095,4.9569091
1803.9021,4.7149625
1804.695,5.1632192
1805.488,6.521287
1806.2811,6.0126953
1807.0745,5.8413656
1807.868,6.1484745
1808.6617,5.4046101
1809.4556,6.6450666
1810.2496,7.9325891
1811.0439,8.1456089
1811.8383,8.7429497
1812.6328,8.8383367
1813.4276,9.0749075
1814.2225,10.119328
1815.0176,9.9559135
1815.8128,9.8944665
1816.6083,9.5271442
1817.4039,9.034339
1818.1997,9.3336977
1818.9957,8.3154166
1819.7918,7.9794955
1820.5881,7.722013
1821.3846,7.3939494
1822.1813,7.7482459
1822.9781,7.6241182
1823.7751,7.7117623
1824.5723,7.1170606
1825.3696,5.5498171
1826.1672,5.1512082
1826.9649,4.8937829
1827.7628,5.0520511
1828.5608,5.6416989
1829.359,4.1450794
1830.1574,4.7661142
1830.956,5.2381364
1831.7548,6.463107
1832.5537,5.8449475
1833.3528,4.8973834
1834.1521,4.9459049
1834.9515,5.7944335
1835.7511,6.1253222
1836.5509,6.7777868
1837.3509,5.6812388
1838.151,4.6552863
1838.9514,4.6489487
1839.7519,4.964187
1840.5525,3.8127657
1841.3534,3.9633123
1842.1544,3.6119054
1842.9556,3.2056036
1843.7569,3.8110737
1844.5585,3.7812568
1845.3602,2.9985059
1846.1621,2.490272
1846.9641,3.7467511
1847.7664,3.6306884
1848.5688,3.3028681
1849.3713,4.3476039
1850.1741,5.0472489
1850.977,5.2919991
1851.7801,4.940678
1852.5834,4.6913248
1853.3869,6.39492
1854.1905,8.4593067
1854.9943,8.7746809
1855.7983,7.3959446
1856.6024,7.1152546
1857.4068,7.3835915
1858.2113,7.1735041
1859.0159,7.8418553
1859.8208,8.1102136
1860.6258,6.6452457
1861.431,6.4430301
1862.2364,6.1780765
1863.0419,4.0307772
1863.8476,3.9540732
1864.6535,4.5518862
1865.4596,4.4673535
1866.2658,4.7279259
1867.0722,6.0787015
1867.8788,6.7000726
1868.6856,5.6038037
1869.4925,6.2251891
1870.2996,6.5406992
1871.1069,7.052295
1871.9144,8.4737018
1872.722,9.3225668
1873.5298,10.438106
1874.3378,11.067377
1875.146,11.822146
1875.9543,10.89849
1876.7628,10.351313
1877.5715,9.2315931
1878.3803,8.9432532
1879.1894,8.4196264
1879.9986,7.2058107
1880.8079,4.9723942
1881.6175,5.3350634
1882.4272,5.5879358
1883.2371,4.5466977
1884.0472,3.8348785
1884.8574,4.9583606
1885.6679,4.5681244
1886.4785,3.2524051
1887.2892,2.9327715
1888.1002,3.1151057
1888.9113,3.0307805
1889.7226,3.3229329
1890.534,3.1131318
1891.3457,3.8366711
1892.1575,4.2778647
1892.9695,4.3190654
1893.7816,4.8073321
1894.594,5.868155
1895.4065,5.6034948
1896.2192,5.4408026
1897.032,5.6545881
1897.8451,4.16642
1898.6583,3.9017885
1899.4717,3.8646151
1900.2852,3.7647037
1901.099,3.3981329
1901.9129,3.4472554
1902.7269,2.8297185
1903.5412,2.055326
1904.3556,1.8613328
1905.1702,2.0359741
1905.985,2.1478776
1906.7999,1.7186117
1907.6151,1.9952354
1908.4304,1.7071603
1909.2458,1.5288963
1910.0615,1.2408355
1910.8773,1.6665074
1911.6933,2.4765001
1912.5095,2.768853
1913.3258,2.2847424
1914.1423,2.3182861
1914.959,1.55968
1915.7759,0.76186538
1916.5929,2.0738619
1917.4102,2.2564537
1918.2275,1.9527782
1919.0451,0.99812952
1919.8628,1.8238801
1920.6808,2.1633633
1921.4988,1.6950106
1922.3171,1.0305866
1923.1355,1.354405
1923.9541,0.95666196
1924.7729,0.41774961
1925.5919,0.082765973
1926.411,-0.4404458
1927.2303,-0.17933669
1928.0498,-0.028024343
1928.8694,0.6801579
1929.6893,0.094229658
1930.5093,-0.2328679
1931.3294,0.12239463
1932.1498,-0.5811592
1932.9703,-0.30431373
1933.791,0.6454907
1934.6119,0.018836366
1935.4329,-1.3607473
1936.2542,-1.0775741
1937.0756,-0.73948711
1937.8971,0.59469014
1938.7189,1.003389
1939.5408,0.47876638
1940.3629,0.49533203
1941.1851,0.0021055794
1942.0076,-0.4597365
1942.8302,0.17647245
1943.653,0.39700694
1944.476,0.97833757
1945.2991,1.8812486
1946.1224,1.3018186
1946.9459,1.4282827
1947.7695,0.52730769
1948.5934,-0.81287121
1949.4174,0.11362837
1950.2416,1.0244535
1951.0659,0.88431006
1951.8905,0.29711961
1952.7152,0.21190176
1953.54,-0.10075524
1954.3651,0.72385447
1955.1903,-0.01230831
1956.0157,-0.019047506
1956.8413,0.98598982
1957.667,0.15574485
1958.493,0.7764921
1959.3191,0.65999625
1960.1453,0.86508086
1960.9718,1.281942
1961.7984,1.2046973
1962.6252,0.68824873
1963.4522,1.2306355
1964.2793,1.6553871
1965.1066,0.90367983
1965.9341,0.15982757
1966.7618,0.15324202
1967.5896,1.4564722
1968.4176,1.5910868
1969.2458,1.0590465
1970.0742,-0.022001581
1970.9027,-0.27166529
1971.7314,0.38064361
1972.5603,0.41335649
1973.3894,0.022551768
1974.2186,-0.20353525
1975.048,0.64489936
1975.8776,0.591385
1976.7074,0.40454913
1977.5373,0.021646641
1978.3674,0.015226563
1979.1977,-2.0147111
1980.0281,-1.134833
1980.8588,-0.41964903
1981.6896,-0.6299434
1982.5205,-0.36963771
1983.3517,0.76126803
1984.183,0.70787186
1985.0145,0.53684045
1985.8462,1.2834679
1986.678,1.7555974
1987.51,0.87871911
1988.3422,0.83322518
1989.1746,1.1955862
1990.0072,1.6050179
1990.8399,1.363481
1991.6728,0.28274018
1992.5058,0.19808966
1993.3391,-0.45909806
1994.1725,-0.31627397
1995.0061,0.44616979
1995.8398,-0.32862954
1996.6738,-0.83675038
1997.5079,-0.70172214
1998.3422,-1.1470742
1999.1766,-0.0708459
2000.0113,1.2093158
2000.8461,-0.23207924
2001.6811,-0.49699191
2002.5162,-0.016794725
2003.3515,0.89478683
2004.187,0.56716452
2005.0227,0.27092658
2005.8586,1.3550926
2006.6946,1.9451528
2007.5308,1.8685582
2008.3672,1.8076616
2009.2037,1.982071
2010.0404,1.5525707
2010.8773,1.9936704
2011.7144,1.8622329
2012.5517,0.86021893
2013.3891,1.0582168
2014.2267,0.62093243
2015.0644,0.91307161
2015.9024,0.85228144
2016.7405,0.085620732
2017.5788,-0.20259678
2018.4173,-0.37315542
2019.2559,0.052376191
2020.0947,-0.063256848
2020.9337,0.50347487
2021.7729,-0.051350213
2022.6122,0.0056012251
2023.4517,-0.2276316
2024.2914,0.15875525
2025.1313,0.14515391
2025.9713,-0.017455221
2026.8115,-0.9957388
2027.6519,0.63775414
2028.4924,1.1026314
2029.3332,0.0067362629
2030.1741,-0.31267651
2031.0152,0.050275469
2031.8564,0.80539613
2032.6978,-0.32182432
2033.5394,0.95096704
2034.3812,2.4433781
2035.2232,1.8495264
2036.0653,1.7890199
2036.9076,1.0461723
2037.7501,0.78961095
2038.5927,-0.023801286
2039.4355,-0.052887974
2040.2785,0.0043116681
2041.1217,-1.318869
2041.965,-1.3636065
2042.8085,0.37990308
2043.6522,0.73518921
2044.4961,-0.078140286
2045.3401,0.47324792
2046.1844,0.91484402
2047.0287,2.4937068
2047.8733,3.186307
2048.718,2.9848013
2049.5629,4.0617388
2050.408,5.2641783
2051.2533,7.0705512
2052.0987,8.1788967
2052.9443,7.8127442
2053.7901,8.160329
2054.6361,6.813808
2055.4822,6.6516126
2056.3285,6.6384485
2057.175,5.3390218
2058.0216,4.4788226
2058.8685,4.3323607
2059.7155,3.4721851
2060.5626,3.1139822
2061.41,1.783242
2062.2575,1.8172195
2063.1052,2.1884638
2063.9531,2.0420728
2064.8011,1.8486348
2065.6493,2.6983459
2066.4977,2.7088531
2067.3463,2.256627
2068.195,1.5926481
2069.044,1.7678966
2069.8931,2.3588433
2070.7423,3.6635272
2071.5918,3.7760661
2072.4414,3.2376365
2073.2912,2.8482382
2074.1411,3.0235577
2074.9913,2.8067321
2075.8416,2.111487
2076.6921,1.949587
2077.5427,1.6465224
2078.3935,1.9003323
2079.2446,1.4012129
2080.0957,1.396223
2080.9471,0.94418602
2081.7986,0.98627852
2082.6503,1.3028927
2083.5022,1.2822637
2084.3543,0.87733285
2085.2065,0.80182557
2086.0589,0.13025169
2086.9115,0.29790531
2087.7642,0.81851192
2088.6171,1.3312872
2089.4702,0.58132924
2090.3235,-0.19214634
2091.1769,0.34419383
2092.0306,0.89623209
2092.8844,1.5659292
2093.7383,1.4905401
2094.5925,1.9406531
2095.4468,2.4692092
2096.3013,1.7115026
2097.1559,1.4087099
2098.0108,1.6235759
2098.8658,2.2933558
2099.721,1.4886377
2100.5763,1.0290295
2101.4319,0.53021734
2102.2876,1.1216131
2103.1435,0.99145208
2103.9995,0.67306758
2104.8558,0.28410665
2105.7122,0.067706571
2106.5688,0.12582811
2107.4255,-0.012116961
2108.2824,-0.024560019
2109.1395,-0.036991256
2109.9968,-0.018038126
2110.8543,-0.47750455
2111.7119,0.37284477
2112.5697,0.72124512
2113.4277,0.55985337
2114.2858,0.5161205
2115.1441,0.088085723
2116.0026,0.27182747
2116.8613,1.365385
2117.7202,0.64718956
2118.5792,-0.28275873
2119.4384,0.37946167
2120.2977,0.35934094
2121.1573,-0.31959149
2122.017,-0.12792387
2122.8769,0.10297125
2123.737,0.18485859
2124.5972,0.16479696
2125.4576,0.12906087
2126.3182,-0.28313398
2127.179,-0.11492486
2128.0399,0.0062372611
2128.901,-0.81376527
2129.7623,-0.38669716
2130.6238,-0.014519195
2131.4854,-0.26978039
2132.3472,0.11810749
2133.2092,-0.31752222
2134.0713,0.10176185
2134.9337,-0.020118734
2135.7962,0.1952674
2136.6588,0.37929281
2137.5217,0.46136925
2138.3847,0.73169281
2139.2479,-0.088167892
2140.1113,0.26845381
2140.9748,0.88391087
2141.8386,0.62094837
2142.7025,1.0168212
2143.5665,0.49505882
2144.4308,0.59881503
2145.2952,0.21630815
2146.1598,-0.40148142
2147.0246,-0.40749485
2147.8895,-0.52330078
2148.7546,-0.62340901
2149.6199,-0.9117411
2150.4854,-0.58045392
2151.351,-0.092292573
2152.2168,-0.4041198
2153.0828,-0.83358265
2153.949,-0.9100929
2154.8153,-0.59443486
2155.6818,0.26241107
2156.5485,-0.33955509
2157.4154,-0.26700002
2158.2824,0.39380176
2159.1496,1.0467718
2160.017,0.60171413
2160.8845,0.45470706
2161.7523,-0.05307289
2162.6202,-0.098096318
2163.4882,0.013754426
2164.3565,0.23542052
2165.2249,0.13552941
2166.0935,-0.80951818
2166.9623,-0.87612416
2167.8312,-0.17409246
2168.7004,0.11226321
2169.5697,-0.29941011
2170.4391,-0.12283791
2171.3088,0.39884257
2172.1786,-0.052015732
2173.0486,-0.49502067
2173.9188,0.15218071
2174.7891,0.038608009
2175.6596,-0.12201328
2176.5303,-0.35321258
2177.4012,0.32540228
2178.2722,0.91775287
2179.1434,0.60030977
2180.0148,0.51032788
2180.8864,0.72623858
2181.7581,0.11078696
2182.63,0.35809068
2183.5021,0.42501247
2184.3744,0.68802292
2185.2468,0.79418087
2186.1194,0.58662356
2186.9922,0.81044903
2187.8651,0.36761807
2188.7383,1.2738169
2189.6116,0.94081037
2190.4851,0.89016698
2191.3587,1.2238475
2192.2325,-0.10520677
2193.1065,0.22065113
2193.9807,0.021029056
2194.8551,0.55867212
2195.7296,0.60220777
2196.6043,-0.4601287
2197.4791,-0.024415714
2198.3542,-0.067123871
2199.2294,-0.30590023
2200.1048,0.52200032
2200.9804,0.016577765
2201.8561,0.091557602
2202.732,0.26850846
2203.6081,0.037626407
2204.4844,0.59891145
2205.3608,0.39942242
2206.2374,0.77249264
2207.1142,0.47106329
2207.9912,0.98533045
2208.8683,0.12705882
2209.7456,-0.87704972
2210.6231,-0.39879601
2211.5008,-0.061709462
2212.3786,-0.43049596
2213.2566,-1.19143
2214.1348,-0.61902144
2215.0131,-0.16425061
2215.8917,-0.50162734
2216.7704,-0.49389672
2217.6493,0.51776477
2218.5283,-0.086250706
2219.4075,0.031311752
2220.2869,-0.078567463
2221.1665,-0.19628051
2222.0463,-0.8081019
2222.9262,-0.29050221
2223.8063,0.28200874
2224.6865,-0.055274927
2225.567,-0.63568654
2226.4476,-0.16510845
2227.3284,-0.34550145
2228.2094,0.070193283
2229.0905,0.085897327
2229.9718,0.038865579
2230.8533,0.67419608
2231.735,1.0276535
2232.6168,0.63602065
2233.4988,-0.64972195
2234.381,0.041013879
2235.2634,0.080777169
2236.1459,0.44996007
2237.0286,0.17601357
2237.9115,-0.56067017
2238.7946,-0.24636568
2239.6778,-0.42617099
2240.5612,-0.30792922
2241.4448,0.6338498
2242.3285,0.72073471
2243.2125,-0.094333313
2244.0966,1.1690379
2244.9808,1.6010444
2245.8653,1.248745
2246.7499,1.9395907
2247.6347,2.7324051
2248.5197,4.1997371
2249.4048,4.639626
2250.2902,4.6559933
2251.1757,4.2253097
2252.0613,3.6926731
2252.9472,3.6698483
2253.8332,2.8470313
2254.7194,1.8516732
2255.6058,0.96612683
2256.4923,0.51196086
2257.379,1.0068224
2258.2659,1.462476
2259.153,0.49068654
2260.0402,0.83655198
2260.9276,0.46085664
2261.8152,0.24203189
2262.703,0.46243068
2263.5909,0.0083275167
2264.479,0.4797224
2265.3673,0.40994866
2266.2558,0.0029278657
2267.1444,1.2037581
2268.0332,0.49871375
2268.9222,0.56230474
2269.8113,0.91609967
2270.7007,0.77578479
2271.5902,0.15704639
2272.4798,0.73831584
2273.3697,1.31175
2274.2597,1.257741
2275.1499,1.6507987
2276.0403,1.0634721
2276.9308,0.0369377
2277.8216,0.84570523
2278.7125,1.732912
2279.6035,0.72208737
2280.4948,0.48774119
2281.3862,1.3200695
2282.2778,2.1602489
2283.1695,0.82004388
2284.0615,-0.049565019
2284.9536,0.42985354
2285.8459,1.3328094
2286.7384,1.4985181
2287.631,1.334823
2288.5238,1.1946651
2289.4168,1.5251033
2290.31,2.0986866
2291.2033,1.8958072
2292.0968,1.2929356
2292.9905,2.0783072
2293.8843,1.459765
2294.7784,1.4529954
2295.6726,1.0305474
2296.567,0.74928369
2297.4615,0.65626313
2298.3562,0.10834846
2299.2511,0.44671615
2300.1462,0.11842502
2301.0415,-0.35103473
2301.9369,0.050101602
2302.8325,0.42771638
2303.7283,0.64063312
2304.6242,1.1594401
2305.5203,0.66649015
2306.4166,-0.038216623
2307.3131,0.057084458
2308.2098,0.88964829
2309.1066,-0.026799636
2310.0036,0.5547995
2310.9007,0.52464179
2311.7981,1.23959
2312.6956,1.0368989
2313.5933,0.34794123
2314.4911,0.51389334
2315.3892,0.93867683
2316.2874,0.75954661
2317.1858,0.65101247
2318.0843,0.78562343
2318.9831,0.98298734
2319.882,1.345065
2320.7811,0.27185636
2321.6803,0.50061637
2322.5798,1.0509529
2323.4794,0.85619916
2324.3791,1.2418455
2325.2791,0.34122511
2326.1792,0.44453417
2327.0795,-0.34626657
2327.98,0.38450918
2328.8807,1.1388222
2329.7815,0.98333911
2330.6825,0.42786389
2331.5837,2.0449455
2332.485,2.2659566
2333.3865,2.2359951
2334.2882,2.2452572
2335.1901,2.1133506
2336.0921,2.0049814
2336.9944,2.4613258
2337.8967,1.77258
2338.7993,1.821097
2339.7021,2.3951121
2340.605,2.3259977
2341.5081,1.9353226
2342.4113,1.2858318
2343.3148,2.079486
2344.2184,1.6260894
2345.1222,1.2981907
2346.0261,0.93892737
2346.9303,1.560064
2347.8346,1.5537576
2348.739,1.1004001
2349.6437,1.4313643
2350.5485,1.4172382
2351.4535,1.5129239
2352.3587,1.6870489
2353.2641,1.7278483
2354.1696,0.82747917
2355.0753,1.5584904
2355.9812,1.6620585
2356.8872,1.7264188
2357.7935,1.508434
2358.6999,1.4159472
2359.6064,2.0685663
2360.5132,1.0113893
2361.4201,0.15814178
2362.3272,0.010784444
2363.2345,1.1340232
2364.1419,0.57883841
2365.0495,-0.062613025
2365.9573,1.0214336
2366.8653,1.0074488
2367.7734,0.53856996
2368.6817,0.40695384
2369.5902,0.70671812
2370.4989,0.84178437
2371.4077,0.99254474
2372.3167,0.89233258
2373.2259,0.7372263
2374.1353,0.23702983
2375.0448,0.50546866
2375.9545,1.0170526
2376.8644,1.5443307
2377.7745,1.640244
2378.6847,0.77930248
2379.5951,0.67130997
2380.5057,0.77509002
2381.4164,0.62789752
2382.3274,0.90424229
2383.2385,1.2511831
2384.1498,0.68048479
2385.0612,0.37646094
2385.9728,0.2920528
2386.8846,0.89000544
2387.7966,1.2212993
2388.7087,1.2310323
2389.6211,1.6250869
2390.5336,0.18385529
2391.4462,0.45243542
2392.3591,0.46219987
2393.2721,0.70726628
2394.1853,1.2817523
2395.0987,1.0091874
2396.0122,0.63466948
2396.9259,1.43663
2397.8398,0.69350041
2398.7539,0.98567275
2399.6681,-0.58097059
2400.5825,0.12690372
2401.4971,0.39557019
2402.4119,-0.018108427
2403.3268,0.42312277
2404.2419,0.18200887
2405.1572,-0.19243051
2406.0726,0.052745797
2406.9883,0.26655741
2407.9041,0.2137102
2408.8201,-0.92932523
2409.7362,-0.16647046
2410.6525,0.16501961
2411.569,0.624083
2412.4857,-0.49331745
2413.4026,-0.57541703
2414.3196,-0.38300004
2415.2368,0.09961977
2416.1542,0.080285553
2417.0717,-0.14296348
2417.9894,-0.028950856
2418.9073,0.16349989
2419.8254,0.081447593
2420.7436,0.21900989
2421.6621,-0.027734788
2422.5807,0.9490567
2423.4994,0.82781573
2424.4184,0.71442465
2425.3375,1.1343737
2426.2568,0.82491764
2427.1762,0.84488016
2428.0959,1.0923004
2429.0157,1.4573745
2429.9357,0.95186703
2430.8558,0.57185656
2431.7762,0.50557833
2432.6967,0.8706794
2433.6173,0.84363036
2434.5382,1.4126665
2435.4592,0.66406235
2436.3804,0.4095826
2437.3018,1.0413841
2438.2234,1.4065257
2439.1451,1.4187329
2440.067,2.0191821
2440.9891,2.1647361
2441.9113,0.89068902
2442.8338,0.29900163
2443.7564,0.48379159
2444.6791,0.72349026
2445.6021,0.68084274
2446.5252,0.92055492
2447.4485,0.61909738
2448.372,0.15294072
2449.2956,0.41620257
2450.2194,0.23241235
2451.1434,-0.33568484
2452.0676,0.0060286415
2452.9919,0.71637633
2453.9164,0.30516214
2454.8411,0.62336648
2455.766,0.13373443
2456.691,0.3107758
2457.6162,0.17409843
2458.5416,-0.15080748
2459.4672,0.81056788
2460.3929,-0.34569707
2461.3188,-0.003916055
2462.2449,-0.0072263215
2463.1712,0.31888193
2464.0976,0.55087929
2465.0242,-0.19750876
2465.951,-0.012556715
2466.8779,-0.023676351
2467.8051,-0.52106374
2468.7324,0.43253601
2469.6598,-0.19817121
2470.5875,0.33975578
2471.5153,0.14827775
2472.4433,-0.04319352
2473.3715,0.54965569
2474.2998,0.38957047
2475.2284,0.27655083
2476.157,0.5949105
2477.0859,0.66229652
2478.015,-0.0075656023
2478.9442,0.42061824
2479.8736,0.62135786
2480.8031,0.12406502
2481.7329,-0.24773087
2482.6628,0.21969567
2483.5929,0.23222701
2484.5231,0.056529809
2485.4536,0.17103544
2486.3842,0.097312529
2487.315,0.2196748
2488.2459,0.71851442
2489.1771,1.0918706
2490.1084,0.21033156
2491.0399,-0.21629876
2491.9715,0.50217572
2492.9033,0.38928439
2493.8354,0.20581159
2494.7675,0.21058083
2495.6999,0.17614114
2496.6324,0.11033566
2497.5651,0.1857134
2498.498,0.5356077
2499.431,0.61884208
2500.3643,0.2550244
2501.2977,0.20493895
2502.2312,0.21760536
2503.165,0.10478833
2504.0989,0.10962511
2505.033,0.38897845
2505.9673,-0.36695558
2506.9017,-1.1777848
2507.8363,-0.78076416
2508.7711,-0.14844263
2509.7061,0.58584643
2510.6412,0.69269127
2511.5765,0.47797423
2512.512,0.18483258
2513.4477,0.49561925
2514.3835,0.6024911
2515.3195,0.90544813
2516.2557,0.27507859
2517.1921,0.34275502
2518.1286,0.32416369
2519.0653,-0.10226403
2520.0022,-0.27770459
2520.9393,0.39392042
2521.8765,0.82241492
2522.8139,-0.058887737
2523.7515,-0.27351698
2524.6892,-0.25284535
2525.6272,0.52861735
2526.5653,0.56498877
2527.5035,0.020974775
2528.442,0.12794793
2529.3806,-0.79252314
2530.3194,0.075247833
2531.2584,0.83322164
2532.1975,-0.27546446
2533.1369,-0.31747715
2534.0763,0.27581104
2535.016,0.33577264
2535.9559,0.20750571
2536.8959,0.54199062
2537.8361,0.40589406
2538.7764,-0.043921242
2539.717,0.1572506
2540.6577,0.44470371
2541.5986,0.44981063
2542.5396,0.40002234
2543.4809,0.48357414
2544.4223,-0.17012221
2545.3639,0.27422741
2546.3056,0.5538779
2547.2476,0.75510378
2548.1897,-0.047585166
2549.132,-0.4816399
2550.0744,-0.30392318
2551.017,0.39929049
2551.9598,-0.0033714411
2552.9028,0.11946358
2553.846,0.36779555
2554.7893,0.36515388
2555.7328,0.18212681
2556.6765,0.17165551
2557.6203,-0.019201189
2558.5644,0.080144941
2559.5086,0.24224292
2560.4529,-0.05839744
2561.3975,0.23704738
2562.3422,0.37563621
2563.2871,-0.011258399
2564.2322,0.1195008
2565.1774,-0.04777246
2566.1228,-0.09739191
2567.0684,0.30005422
2568.0142,0.48574239
2568.9601,-0.1756215
2569.9062,-0.1546257
2570.8525,0.13304352
2571.799,-0.18320208
2572.7456,0.24565712
2573.6924,-0.21175144
2574.6394,0.013199699
2575.5866,-0.11478359
2576.5339,0.070965369
2577.4814,0.57828971
2578.4291,0.48954237
2579.377,0.18903707
2580.325,0.021871869
2581.2732,-0.17665913
2582.2216,0.35422839
2583.1701,0.022377558
2584.1188,0.13759231
2585.0677,0.11163734
2586.0168,0.36019893
2586.9661,0.37347316
2587.9155,-0.13873606
2588.8651,0.24317912
2589.8149,0.0054932188
2590.7648,-0.53806829
2591.7149,0.30661226
2592.6652,0.16306426
2593.6157,0.14501321
2594.5663,0.86422382
2595.5172,0.31285294
2596.4681,0.3889398
2597.4193,0.89640596
2598.3707,0.48623182
2599.3222,0.07606443
2600.2739,0.13649203
2601.2257,-0.08542656
2602.1778,-0.048514866
2603.13,0.55310946
2604.0823,-0.11584769
2605.0349,-0.45538632
2605.9876,-0.15962408
2606.9405,-0.16973745
2607.8936,-0.14062837
2608.8469,-0.22131646
2609.8003,-0.1137625
2610.7539,0.71536684
2611.7077,0.34450293
2612.6617,-0.35576599
2613.6158,0.096913022
2614.5701,-0.42295023
2615.5246,-0.15064987
2616.4792,0.27067685
2617.434,0.34691229
2618.389,-0.27488474
2619.3442,0.099403421
2620.2995,0.76389441
2621.2551,0.19701961
2622.2108,-0.24332752
2623.1666,-0.30719998
2624.1227,-0.0024409109
2625.0789,0.0042830286
2626.0353,-0.098792871
2626.9918,-0.57833528
2627.9486,0.063695027
2628.9055,0.32141569
2629.8626,-0.24438898
2630.8198,-0.78666015
2631.7773,-0.60735862
2632.7349,-0.17707261
2633.6927,-0.005606046
2634.6506,-0.51648834
2635.6088,-0.01560185
2636.5671,-0.063730883
2637.5256,-0.096169559
2638.4842,0.10668996
2639.443,0.40367122
2640.402,0.7320291
2641.3612,0.66039107
2642.3206,0.6279728
2643.2801,0.28183313
2644.2398,0.53961911
2645.1997,0.53858564
2646.1597,-0.042835902
2647.12,-0.45954748
2648.0804,0.24531365
2649.0409,0.52664945
2650.0017,0.38445993
2650.9626,-0.032235324
2651.9237,0.15499508
2652.885,0.13046486
2653.8464,-1.0077868
2654.808,-0.80485785
2655.7698,0.24513398
2656.7318,0.5814044
2657.6939,-0.35290933
2658.6562,0.0068986677
2659.6187,0.55494604
2660.5814,0.45986024
2661.5442,0.48242559
2662.5072,0.49715187
2663.4704,0.44129401
2664.4338,0.27563631
2665.3973,0.047237586
2666.361,-0.29096097
2667.3249,-0.26837114
2668.2889,0.083634548
2669.2532,0.16113451
2670.2176,0.1209915
2671.1822,0.26908786
2672.1469,0.72307066
2673.1118,0.35352812
2674.0769,-0.1571868
2675.0422,0.092886681
2676.0077,0.29590542
2676.9733,0.37343804
2677.9391,-0.34118212
2678.905,-0.39697467
2679.8712,-0.21746902
2680.8375,-0.04580242
2681.804,-0.18001409
2682.7707,-0.071084428
2683.7375,0.0064767692
2684.7045,-0.11203638
2685.6717,-0.12858467
2686.6391,0.41957701
2687.6066,1.0853898
2688.5743,0.90414791
2689.5422,0.37781204
2690.5103,1.1848136
2691.4785,0.27417214
2692.4469,0.14784851
2693.4155,0.23329367
2694.3843,0.31089977
2695.3532,0.22380407
2696.3223,0.38769285
2697.2916,0.81825238
2698.2611,0.73901206
2699.2307,0.73820721
2700.2005,1.0119162
2701.1705,1.9366097
2702.1406,2.8691505
2703.111,2.6252247
2704.0815,3.3930677
2705.0521,4.7569932
2706.023,4.9209228
2706.994,5.4377977
2707.9652,5.6801668
2708.9366,5.0911675
2709.9081,4.5021722
2710.8798,3.9916124
2711.8517,4.2496842
2712.8238,4.8607012
2713.796,4.2638791
2714.7685,3.9180415
2715.741,2.8192669
2716.7138,2.849908
2717.6867,2.3550631
2718.6599,2.1112026
2719.6331,1.8124443
2720.6066,1.7568273
2721.5802,1.8659202
2722.5541,1.4808996
2723.528,1.2684321
2724.5022,1.1657726
2725.4765,0.65527408
2726.451,0.87419137
2727.4257,0.55193627
2728.4006,0.95125389
2729.3756,1.3662619
2730.3508,0.91068567
2731.3262,1.4119763
2732.3017,0.67405536
2733.2775,0.13221691
2734.2534,1.55901
2735.2294,1.5426699
2736.2057,0.09888293
2737.1821,-0.50568429
2738.1587,-0.3494631
2739.1355,-0.10696333
2740.1124,0.58259935
2741.0895,0.77804846
2742.0668,0.53428597
2743.0443,0.65131188
2744.0219,1.0428517
2744.9998,0.65792496
2745.9778,0.39849253
2746.9559,0.60965241
2747.9343,0.65611049
2748.9128,0.34963148
2749.8915,0.6627644
2750.8703,1.1955092
2751.8494,0.25374835
2752.8286,0.39434449
2753.808,0.62121923
2754.7875,0.25201961
2755.7672,-0.10148964
2756.7472,0.22735812
2757.7272,1.0581708
2758.7075,0.99486982
2759.6879,0.4531416
2760.6685,0.61729981
2761.6493,0.58538367
2762.6302,0.36523632
2763.6114,0.25489698
2764.5927,0.71711074
2765.5741,1.0930541
2766.5558,0.74743285
2767.5376,0.11946278
2768.5196,0.40914384
2769.5018,0.99686821
2770.4841,0.96498881
2771.4667,0.27428997
2772.4493,0.4228109
2773.4322,0.67329669
2774.4153,0.78261009
2775.3985,0.59388836
2776.3819,-0.36345673
2777.3654,-0.034523238
2778.3492,0.37284571
2779.3331,0.67041482
2780.3172,0.5444586
2781.3014,0.010663328
2782.2859,0.19844076
2783.2705,-0.013777719
2784.2553,0.44067455
2785.2402,0.11081717
2786.2254,-0.41511455
2787.2107,0.23542839
2788.1961,-0.11010301
2789.1818,0.030644176
2790.1676,0.70472878
2791.1536,0.35920962
2792.1398,-0.15885447
2793.1262,-0.28475762
2794.1127,0.3658139
2795.0994,0.31050715
2796.0863,0.36500841
2797.0733,1.2587294
2798.0605,0.37990552
2799.0479,0.20696804
2800.0355,1.1556033
2801.0232,1.27287
2802.0112,0.94308206
2802.9993,-0.014152815
2803.9875,0.33842031
2804.976,0.37727204
2805.9646,0.83965725
2806.9534,0.70596812
2807.9423,0.25071444
2808.9315,-0.086888097
2809.9208,0.35198404
2810.9103,0.014389664
2811.8999,0.41405428
2812.8898,0.2098014
2813.8798,0.48398398
2814.87,0.49934711
2815.8603,0.2558908
2816.8509,-0.191483
2817.8416,-0.4035586
2818.8324,-0.34896345
2819.8235,-0.1845603
2820.8147,-0.27113346
2821.8061,-0.50672214
2822.7977,-0.028581248
2823.7895,0.30838725
2824.7814,0.45712454
2825.7735,0.25292474
2826.7658,-0.061074904
2827.7582,0.3543413
2828.7508,0.16584002
2829.7436,-0.038343458
2830.7366,0.43198695
2831.7297,0.61212537
2832.7231,1.3961894
2833.7166,1.5214341
2834.7102,1.5290357
2835.7041,1.3562493
2836.6981,1.2618983
2837.6923,1.5989239
2838.6866,1.7163458
2839.6812,2.4925953
2840.6759,2.2100254
2841.6708,1.8098125
2842.6658,1.6370546
2843.6611,2.389791
2844.6565,1.8641002
2845.6521,1.6756683
2846.6478,1.4088091
2847.6437,1.3223462
2848.6399,1.9260834
2849.6361,2.0278639
2850.6326,1.3296486
2851.6292,1.015751
2852.626,0.53715158
2853.623,0.62326216
2854.6202,0.92898467
2855.6175,0.64647596
2856.615,0.84240271
2857.6127,0.55205903
2858.6105,0.48132728
2859.6085,0.1360898
2860.6067,0.010464252
2861.6051,-0.53084349
2862.6036,-0.09959813
2863.6024,-0.11540751
2864.6012,-0.32729124
2865.6003,-0.38230814
2866.5996,0.38620845
2867.599,-0.280565
2868.5986,-0.38262848
2869.5983,0.80942977
2870.5983,0.91129603
2871.5984,0.18179382
2872.5987,0.49543294
2873.5991,0.50319379
2874.5998,0.98154697
2875.6006,0.36970814
2876.6016,-0.0068324827
2877.6027,0.16565058
2878.604,0.024412241
2879.6055,0.70670739
2880.6072,0.69096741
2881.6091,0.7144472
2882.6111,0.65165656
2883.6133,-0.28956137
2884.6157,0.30647968
2885.6182,-0.085710476
2886.621,0.14171129
2887.6239,0.18090185
2888.6269,0.58872394
2889.6302,0.13380501
2890.6336,-0.50934513
2891.6372,-0.085824517
2892.641,-0.23484884
2893.6449,0.086719147
2894.649,0.14946769
2895.6533,0.51025953
2896.6578,0.17301624
2897.6624,-0.47010532
2898.6673,0.03187524
2899.6723,-0.085747961
2900.6774,0.3613388
2901.6828,0.59666494
2902.6883,0.055524576
2903.694,-0.47776857
2904.6998,-0.24243018
2905.7058,-0.085519086
2906.7121,-0.18742744
2907.7184,0.21262908
2908.725,0.23621909
2909.7317,0.32255828
2910.7386,-0.64207884
2911.7457,-0.57141776
2912.753,-0.069380044
2913.7604,0.040504888
2914.768,-0.34372375
2915.7758,0.27597327
2916.7837,0.19763516
2917.7919,0.0094972038
2918.8002,0.11940255
2919.8086,0.56656688
2920.8173,0.21373529
2921.8261,-0.39007261
2922.8351,0.017888275
2923.8443,0.69251991
2924.8536,0.08872426
2925.8631,-0.044479074
2926.8728,0.28506677
2927.8827,0.2146167
2928.8927,0.3951511
2929.9029,-0.24783983
2930.9133,0.18368313
2931.9239,-0.012240805
2932.9346,0.1212511
2933.9455,0.36455102
2934.9566,0.11373736
2935.9679,0.82763367
2936.9793,0.25525956
2937.9909,-0.089659493
2939.0027,0.020327497
2940.0147,-0.61477947
2941.0268,0.052078431
2942.0391,-0.23054841
2943.0516,-0.30140655
2944.0643,-0.53696656
2945.0771,-0.52938532
2946.0901,-0.31787851
2947.1033,0.21520093
2948.1166,0.12083339
2949.1301,0.1833326
2950.1438,-0.060046547
2951.1577,0.14363713
2952.1718,0.43359933
2953.186,-0.5234933
2954.2004,-0.39038585
2955.2149,0.056451092
2956.2297,0.29152733
2957.2446,0.34621541
2958.2597,-0.3363474
2959.275,0.094819272
2960.2904,0.59657818
2961.306,-0.023227531
2962.3218,0.47853938
2963.3378,-0.086356367
2964.3539,-0.13360106
2965.3702,0.030922961
2966.3867,-0.38494118
2967.4034,0.45256064
2968.4202,0.34104658
2969.4372,0.033457831
2970.4544,0.11802968
2971.4718,-0.20523787
2972.4893,-0.62261933
2973.507,-0.004702929
2974.5249,-0.65737103
2975.5429,0.038984216
2976.5612,0.38240202
2977.5796,-0.38790192
2978.5981,-0.14643743
2979.6169,0.040128848
2980.6358,0.48552239
2981.6549,0.005429473
2982.6742,0.035144216
2983.6936,0.32368623
2984.7133,0.36125158
2985.7331,-0.32274795
2986.753,-1.0067438
2987.7732,-0.38093189
2988.7935,0.56645234
2989.814,0.5020756
2990.8346,0.20240848
2991.8555,-0.37960784
2992.8765,0.42231844
2993.8977,-0.1639889
2994.9191,0.034019143
2995.9406,0.098695524
2996.9623,-0.47192055
2997.9842,-0.1484173
2999.0062,-0.24059867
3000.0285,-0.73277836
3001.0509,-0.26025051
3002.0735,-0.24262295
3003.0962,0.33186902
3004.1192,-0.0034412702
3005.1423,0.3122305
3006.1655,0.46319806
3007.189,-0.27995036
3008.2126,0.11415778
3009.2364,0.69650289
3010.2604,0.73767319
3011.2846,0.25335497
3012.3089,0.051391349
3013.3334,0.37491959
3014.3581,0.98864558
3015.3829,0.94354971
3016.4079,0.56904374
3017.4331,0.71218649
3018.4585,0.5572917
3019.484,0.35533975
3020.5098,0.035742402
3021.5356,0.55536241
3022.5617,0.96518017
3023.588,0.4102937
3024.6144,0.38089911
3025.641,0.93189833
3026.6677,1.1613306
3027.6947,0.64566649
3028.7218,0.05941581
3029.7491,0.66532366
3030.7765,1.0594685
3031.8042,0.5359679
3032.832,0.17717487
3033.8599,0.48505017
3034.8881,0.95763302
3035.9164,1.0302175
3036.9449,0.79692138
3037.9736,0.49303864
3039.0025,0.385236
3040.0315,0.10488601
3041.0607,0.44414553
3042.0901,0.75987731
3043.1196,0.32266957
3044.1494,0.37958115
3045.1793,0.3737493
3046.2093,-0.1183554
3047.2396,0.24444353
3048.27,0.54449903
3049.3006,0.20141894
3050.3314,-0.008326143
3051.3623,-0.52395192
3052.3934,-0.012125045
3053.4247,0.02911526
3054.4562,0.22721998
3055.4878,0.041012633
3056.5196,-0.67068324
3057.5516,-0.47257352
3058.5838,0.70593002
3059.6161,0.32365091
3060.6486,-0.15274418
3061.6813,-0.22129446
3062.7142,-0.3369019
3063.7472,-0.12309591
3064.7804,-0.17595492
3065.8138,0.13197205
3066.8474,-0.038530685
3067.8811,0.38704668
3068.915,0.36556689
3069.9491,0.19506915
3070.9833,0.3853574
3072.0178,0.38741201
3073.0524,0.067899673
3074.0871,0.3601537
3075.1221,0.96613489
3076.1572,1.1329021
3077.1925,0.51535717
3078.228,0.50173551
3079.2636,1.1155665
3080.2995,1.2901835
3081.3355,0.75107662
3082.3716,0.2668734
3083.408,0.79443655
3084.4445,1.2043543
3085.4812,1.5515286
3086.518,1.2712536
3087.5551,0.74784306
3088.5923,1.1656106
3089.6297,0.98730142
3090.6672,1.0050723
3091.705,1.2659821
3092.7429,1.4406191
3093.781,1.803493
3094.8192,2.0408784
3095.8577,1.8233635
3096.8963,1.4646738
3097.9351,2.3922603
3098.974,2.8806328
3100.0132,2.914105
3101.0525,3.7162062
3102.0919,3.1692896
3103.1316,3.0615903
3104.1714,3.6911476
3105.2114,4.8226673
3106.2516,5.7424239
3107.2919,6.1837509
3108.3325,6.47606
3109.3732,7.7879785
3110.414,8.5038203
3111.4551,9.5961343
3112.4963,8.68845
3113.5377,9.6944929
3114.5793,10.449557
3115.621,12.334035
3116.6629,14.461651
3117.705,14.306916
3118.7473,15.328654
3119.7897,15.550393
3120.8324,15.466251
3121.8751,16.401719
3122.9181,15.125424
3123.9612,14.829523
3125.0046,15.364996
3126.048,16.041647
3127.0917,14.216339
3128.1355,13.630248
3129.1795,13.404944
3130.2237,12.442386
3131.2681,11.338653
3132.3126,11.521196
3133.3573,10.637075
3134.4022,9.2666804
3135.4472,8.6335425
3136.4925,8.3768769
3137.5379,7.8457032
3138.5835,7.5733547
3139.6292,6.9010079
3140.6751,6.0404274
3141.7212,5.5171035
3142.7675,5.5820165
3143.8139,5.8273234
3144.8606,5.4138084
3145.9074,4.5610794
3146.9543,4.2416854
3148.0015,4.1105284
3149.0488,4.4421181
3150.0963,3.7933173
3151.1439,3.6543221
3152.1918,3.6721914
3153.2398,3.3763368
3154.288,2.7118564
3155.3364,3.0434561
3156.3849,2.8966261
3157.4336,3.2125429
3158.4825,2.6029711
3159.5315,2.2522246
3160.5808,2.3877542
3161.6302,2.7036776
3162.6798,2.517642
3163.7295,2.2531766
3164.7795,2.7494972
3165.8296,2.8301332
3166.8798,2.5892022
3167.9303,2.2698415
3168.9809,2.5779335
3170.0317,1.9762232
3171.0827,1.7196127
3172.1339,3.0630038
3173.1852,2.9318867
3174.2367,2.5654772
3175.2883,2.002991
3176.3402,2.2091338
3177.3922,2.3760626
3178.4444,2.4880912
3179.4968,2.3961998
3180.5493,2.5709768
3181.602,2.2202653
3182.6549,2.3715161
3183.708,2.0600236
3184.7612,1.8818661
3185.8147,2.3076318
3186.8682,2.0510462
3187.922,1.778776
3188.9759,1.7731742
3190.03,1.6499269
3191.0843,1.5031519
3192.1388,2.0857904
3193.1934,2.2292148
3194.2482,1.9726409
3195.3032,1.5199902
3196.3584,1.9379295
3197.4137,1.8695959
3198.4692,1.3149894
3199.5249,1.2231297
3200.5807,1.8136246
3201.6368,1.9492192
3202.693,1.3554038
3203.7493,1.1772762
3204.8059,1.5167974
3205.8626,1.7622026
3206.9195,1.0978056
3207.9766,0.37066511
3209.0338,1.0709773
3210.0913,1.3948205
3211.1489,1.1147439
3212.2066,0.85819831
3213.2646,0.61734067
3214.3227,0.54119059
3215.381,1.3356304
3216.4394,1.5496797
3217.4981,1.0107896
3218.5569,1.1699403
3219.6159,1.7683083
3220.675,2.2098153
3221.7344,1.2003435
3222.7939,1.5634225
3223.8536,1.5265031
3224.9134,1.7719383
3225.9735,1.0997281
3227.0337,0.92163724
3228.0941,0.97884216
3229.1546,0.91055854
3230.2153,1.0305119
3231.2762,1.1347806
3232.3373,1.0978746
3233.3986,0.59822507
3234.46,0.83583215
3235.5216,0.64991148
3236.5834,-0.10855655
3237.6453,0.17611435
3238.7075,0.49215946
3239.7698,0.1885984
3240.8322,0.14386253
3241.8949,0.29520676
3242.9577,0.30537619
3244.0207,0.59790023
3245.0839,0.71003377
3246.1472,0.82216898
3247.2107,0.58920782
3248.2744,0.56801303
3249.3383,0.87623168
3250.4023,0.10994218
3251.4665,0.69267396
3252.5309,0.97736819
3253.5955,0.17186801
3254.6602,0.80166362
3255.7251,0.57655893
3256.7902,0.48478924
3257.8555,0.67537415
3258.9209,0.9208627
3259.9865,0.75066664
3261.0523,0.71380557
3262.1182,0.58282853
3263.1844,1.071461
3264.2507,0.13264415
3265.3172,-0.10028868
3266.3838,0.39619193
3267.4506,-0.22105129
3268.5176,0.33033461
3269.5848,0.12093786
3270.6522,-0.064927812
3271.7197,-0.2272624
3272.7874,-0.028811015
3273.8553,0.23238714
3274.9233,-0.15739343
3275.9915,-0.15501548
3277.0599,0.4277563
3278.1285,0.085039556
3279.1972,0.071736239
3280.2662,0.066277726
3281.3352,0.26474245
3282.4045,0.14164021
3283.4739,-0.23244075
3284.5436,0.46014662
3285.6133,0.3841082
3286.6833,0.59826753
3287.7534,1.4163501
3288.8238,1.4030618
3289.8942,1.8446771
3290.9649,1.7921764
3292.0357,2.5788931
3293.1067,3.2950232
3294.1779,3.0621354
3295.2493,3.8567002
3296.3208,4.1963647
3297.3925,3.4850505
3298.4644,2.2796204
3299.5364,2.5957605
3300.6087,2.8256277
3301.6811,2.616281
3302.7536,2.9559555
3303.8264,2.7152396
3304.8993,1.3215841
3305.9724,1.7240087
3307.0457,1.2636899
3308.1191,1.5720002
3309.1928,1.0018808
3310.2666,0.41607682
3311.3405,0.74792155
3312.4147,0.091532642
3313.489,0.91749835
3314.5635,1.2885638
3315.6381,1.0713955
3316.713,0.73658193
3317.788,0.55078959
3318.8632,1.0081362
3319.9385,1.041955
3321.0141,0.43263827
3322.0898,0.74881339
3323.1657,1.1826372
3324.2417,0.8713647
3325.318,0.77185854
3326.3944,0.46843248
3327.471,0.60422377
3328.5477,0.77923241
3329.6246,0.39737998
3330.7017,-0.42368647
3331.779,0.37877815
3332.8565,0.66359739
3333.9341,1.0425359
3335.0119,0.40971144
3336.0899,0.23963371
3337.168,0.14014589
3338.2463,0.44065973
3339.3248,1.1568615
3340.4035,0.38286888
3341.4824,0.032407334
3342.5614,0.50547686
3343.6406,0.85305786
3344.7199,0.85554249
3345.7995,0.52861701
3346.8792,0.46051674
3347.9591,0.94928087
3349.0392,0.7478506
3350.1194,0.52289258
3351.1998,0.66656367
3352.2804,0.79455016
3353.3612,0.15391087
3354.4421,0.48582226
3355.5232,1.1549902
3356.6045,0.96141475
3357.686,0.57960565
3358.7676,1.499759
3359.8494,1.9571689
3360.9314,1.6145805
3362.0135,1.4445428
3363.0959,1.6666636
3364.1784,2.2025115
3365.261,3.5618906
3366.3439,3.5800948
3367.4269,3.2532027
3368.5101,3.7419985
3369.5935,4.1131489
3370.677,3.5274382
3371.7608,2.8946704
3372.8447,3.1324925
3373.9287,2.6016888
3375.013,2.8630436
3376.0974,2.6538118
3377.182,2.4837975
3378.2668,3.3333926
3379.3517,2.6614207
3380.4368,2.4365094
3381.5221,2.7370899
3382.6076,3.1710054
3383.6932,3.7382559
3384.779,3.0976649
3385.865,2.6923698
3386.9512,2.0831547
3388.0375,2.5876668
3389.124,2.5745334
3390.2107,2.6790489
3391.2976,2.101213
3392.3846,1.8057317
3393.4718,1.5180953
3394.5592,1.4500684
3395.6467,1.5310627
3396.7345,1.0316665
3397.8224,0.48521321
3398.9105,0.44072235
3399.9987,0.81191943
3401.0871,1.1360593
3402.1757,1.6641225
3403.2645,1.4157167
3404.3535,0.17907735
3405.4426,0.4953808
3406.5319,0.701882
3407.6213,0.80642408
3408.711,0.35410508
3409.8008,0.30963088
3410.8908,0.22594266
3411.981,0.82460906
3413.0713,0.35661045
3414.1618,0.5395939
3415.2525,1.0833633
3416.3434,0.85066384
3417.4344,-0.017328098
3418.5256,-0.14806347
3419.617,0.15257537
3420.7086,0.44537275
3421.8003,0.36954434
3422.8922,0.23097249
3423.9843,0.6571082
3425.0766,0.2048142
3426.169,0.12899246
3427.2616,0.53944689
3428.3544,1.0361775
3429.4474,0.5289882
3430.5405,0.88454567
3431.6338,0.40088913
3432.7273,-0.20825595
3433.8209,0.6492673
3434.9147,0.50287066
3436.0087,1.0545149
3437.1029,1.5747882
3438.1973,0.76172994
3439.2918,0.23886937
3440.3865,0.24150066
3441.4814,1.1460944
3442.5764,0.30951335
3443.6716,0.618032
3444.767,1.2245915
3445.8626,1.1174272
3446.9583,0.93183324
3448.0542,1.154084
3449.1503,1.1410424
3450.2466,1.559375
3451.343,1.1620229
3452.4397,0.38820197
3453.5364,1.0261474
3454.6334,2.1582121
3455.7305,2.058906
3456.8278,1.4576407
3457.9253,1.2642202
3459.023,2.0825661
3460.1208,2.8303255
3461.2188,2.8486747
3462.317,3.0787903
3463.4154,2.704986
3464.5139,3.4292226
3465.6126,4.8750295
3466.7115,4.7129949
3467.8105,4.7627267
3468.9098,5.032068
3470.0092,5.6935678
3471.1087,5.4452654
3472.2085,6.302847
3473.3084,5.7329792
3474.4085,5.3278191
3475.5088,5.9030527
3476.6092,5.7645625
3477.7098,5.1868583
3478.8106,5.0797441
3479.9116,5.1922393
3481.0127,5.7596381
3482.114,5.6682151
3483.2155,5.2944408
3484.3172,5.9167466
3485.419,4.8370933
3486.5211,4.808422
3487.6232,4.5758309
3488.7256,5.3393198
3489.8281,4.7851634
3490.9308,4.0663027
3492.0337,4.8141104
3493.1368,3.977606
3494.24,3.0077699
3495.3434,2.6418571
3496.447,3.4681028
3497.5508,3.251213
3498.6547,2.877462
3499.7588,2.5350853
3500.8631,2.5378082
3501.9675,2.3366113
3503.0722,2.2687493
3504.177,2.2793204
3505.2819,2.0075403
3506.3871,2.1592912
3507.4924,1.5894751
3508.5979,2.0314254
3509.7036,2.0812206
3510.8094,1.8172918
3511.9154,1.906306
3513.0216,1.6894394
3514.128,2.123555
3515.2345,1.4988486
3516.3412,1.3682616
3517.4481,1.6925782
3518.5552,1.3110141
3519.6624,1.8000399
3520.7699,1.5910281
3521.8774,1.1467239
3522.9852,1.5259508
3524.0931,0.89341467
3525.2012,0.45695862
3526.3095,0.74991599
3527.418,1.0036593
3528.5266,0.8417181
3529.6354,0.95428831
3530.7444,0.94921314
3531.8536,1.0853161
3532.9629,1.1508325
3534.0724,1.3810564
3535.1821,1.2897134
3536.2919,0.93954855
3537.4019,0.42467946
3538.5121,1.2117728
3539.6225,1.6537698
3540.7331,1.4369449
3541.8438,1.3377688
3542.9547,0.73663349
3544.0658,1.0296175
3545.177,1.0637797
3546.2884,0.41559062
3547.4,0.9674032
3548.5118,0.6486292
3549.6237,1.0671118
3550.7358,0.61500778
3551.8481,0.27270937
3552.9606,1.2559028
3554.0732,0.79596069
3555.186,0.43798101
3556.299,0.37019907
3557.4122,0.73379135
3558.5255,0.72875784
3559.639,-0.1625485
3560.7527,0.0049703431
3561.8666,0.18817713
3562.9806,0.80275814
3564.0948,0.71930159
3565.2092,0.12604279
3566.3238,0.90533468
3567.4385,-0.0094894154
3568.5534,0.87960973
3569.6685,1.2432203
3570.7837,0.53232281
3571.8991,0.9037799
3573.0147,1.0242583
3574.1305,1.2153265
3575.2465,0.57502389
3576.3626,0.56217391
3577.4789,1.3806982
3578.5954,0.89726328
3579.712,1.7785359
3580.8288,1.8049083
3581.9458,1.5018706
3583.063,1.5204032
3584.1803,1.1310943
3585.2978,1.3378655
3586.4155,1.6230697
3587.5334,1.5631776
3588.6514,1.7777969
3589.7696,1.5061434
3590.888,2.1050798
3592.0066,2.1628414
3593.1253,1.726487
3594.2442,1.8940559
3595.3633,1.4890774
3596.4826,1.4605711
3597.602,1.118341
3598.7216,1.5055244
3599.8414,1.4299643
3600.9613,1.5112687
3602.0815,0.5023786
3603.2018,0.72486274
3604.3223,0.94734855
3605.4429,1.397287
3606.5637,1.494286
3607.6847,0.74422774
3608.8059,-0.013671939
3609.9273,0.22450848
3611.0488,0.25092586
3612.1705,0.62244294
3613.2923,1.1665107
3614.4144,0.83214878
3615.5366,0.37229831
3616.659,0.76735147
3617.7816,0.91142591
3618.9043,0.6319726
3620.0272,-0.14943982
3621.1503,0.36326706
3622.2736,0.075975619
3623.397,-0.19562788
3624.5206,0.47394675
3625.6444,0.10038579
3626.7684,0.27584611
3627.8925,0.14542575
3629.0168,0.17186979
3630.1413,0.3238057
3631.266,0.48358641
3632.3908,0.039447222
3633.5158,-0.53802363
3634.641,0.068820901
3635.7663,0.10311808
3636.8919,-0.097877185
3638.0176,-0.024360983
3639.1434,0.55111767
3640.2695,0.075617598
3641.3957,-0.0077239443
3642.5221,0.53638716
3643.6487,0.66481366
3644.7754,0.26775162
3645.9024,0.082455964
3647.0295,0.35206393
3648.1567,-0.14695389
3649.2842,0.091284865
3650.4118,0.023642931
3651.5396,0.81874776
3652.6675,0.43738367
3653.7957,0.048178107
3654.924,0.32564088
3656.0525,-0.087090762
3657.1812,0.50410083
3658.31,0.53058821
3659.439,0.0394302
3660.5682,0.24631307
3661.6976,0.17084466
3662.8271,-0.13207305
3663.9568,0.49050109
3665.0867,0.44641023
3666.2167,0.16702693
3667.347,0.35823352
3668.4774,0.33767708
3669.608,0.050455634
3670.7387,0.28872605
3671.8696,0.0015079426
3673.0007,-0.058257521
3674.132,0.39962574
3675.2635,-0.30327364
3676.3951,-0.45715175
3677.5269,0.54975612
3678.6589,0.027253888
3679.791,-0.10308981
3680.9233,0.27637208
3682.0558,0.0048552429
3683.1885,-0.17254228
3684.3213,0.13633638
3685.4544,0.3197265
3686.5876,0.25998104
3687.7209,0.15317842
3688.8545,0.27382844
3689.9882,0.11997033
3691.1221,0.37395703
3692.2561,0.40833755
3693.3904,0.04271973
3694.5248,0.53200554
3695.6594,0.0016851764
3696.7941,-0.27765313
3697.9291,-0.0079701611
3699.0642,0.26955761
3700.1995,0.53140078
3701.3349,0.087363255
3702.4705,0.0433274
3703.6063,-0.24384404
3704.7423,-0.013366761
3705.8785,-0.27700546
3707.0148,-0.47005425
3708.1513,-0.13761119
3709.288,-0.46398998
3710.4248,0.18218191
3711.5619,0.11462997
3712.6991,-0.015665391
3713.8364,0.30894287
3714.974,-0.26840798
3716.1117,0.36208597
3717.2496,0.69454237
3718.3877,0.43876514
3719.5259,0.30847978
3720.6643,-0.072784314
3721.8029,0.33737309
3722.9417,-0.35050716
3724.0806,-0.80309175
3725.2197,-0.11057674
3726.359,-0.069040567
3727.4985,0.27837951
3728.6381,0.39835016
3729.778,0.11047923
3730.9179,-0.15386074
3732.0581,-0.43388542
3733.1984,-0.078614438
3734.3389,-0.16255759
3735.4796,-0.058263885
3736.6205,0.19505098
3737.7615,-0.57908359
3738.9027,0.31737164
3740.0441,0.25696567
3741.1856,0.17303185
3742.3274,0.29302115
3743.4693,0.060070823
3744.6114,0.23496519
3745.7536,0.19809641
3746.896,0.44358212
3748.0386,0.68122624
3749.1814,0.40122487
3750.3244,0.38004857
3751.4675,0.2882856
3752.6108,0.1180928
3753.7542,0.40280352
3754.8979,0.26398638
3756.0417,0.69771982
3757.1857,0.7079254
3758.3299,0.34950508
3759.4742,0.42245886
3760.6187,0.27580636
3761.7634,0.082096585
3762.9083,-0.0410234
3764.0533,0.19664248
3765.1985,0.38725109
3766.3439,-0.2142956
3767.4895,0.39984553
3768.6352,0.080654884
3769.7811,-0.018926366
3770.9272,0.47757237
3772.0734,0.087798149
3773.2199,0.011750973
3774.3665,-0.40154955
3775.5133,0.32240638
3776.6602,0.43459916
3777.8073,-0.025755526
3778.9546,0.094283499
3780.1021,0.28491231
3781.2498,-0.19112399
3782.3976,0.038723622
3783.5456,-0.068682118
3784.6938,0.004305853
3785.8421,0.085138515
3786.9906,-0.47716452
3788.1393,0.066416344
3789.2882,-0.15078555
3790.4372,-0.1405349
3791.5865,0.010893762
3792.7359,0.036833787
3793.8854,0.2588538
3795.0352,-0.13873248
3796.1851,0.075447499
3797.3352,0.16413884
3798.4854,-0.17854082
3799.6359,0.090545785
3800.7865,0.045908453
3801.9373,-0.053629287
3803.0882,-0.082577237
3804.2394,-0.11152363
3805.3907,0.20462956
3806.5421,0.17568627
3807.6938,-0.14848686
3808.8456,-0.41775725
3809.9976,0.29336532
3811.1498,0.23586122
3812.3022,-0.26085777
3813.4547,0.10516914
3814.6074,-0.046450228
3815.7603,-0.26865704
3816.9133,-0.20851011
3818.0666,-0.27385259
3819.22,-0.08821388
3820.3735,0.1993864
3821.5273,0.055614931
3822.6812,-0.21364595
3823.8353,-0.059376618
3824.9896,0.2831288
3826.144,-0.22926696
3827.2986,0.058338079
3828.4534,0.3224145
3829.6084,0.17864857
3830.7635,0.14468736
3831.9188,0.51072694
3833.0743,-0.11146798
3834.23,-0.0042503488
3835.3858,0.23630141
3836.5418,0.26508926
3837.698,0.33309358
3838.8544,0.26776537
3840.0109,0.21812422
3841.1676,0.29397406
3842.3245,0.063942341
3843.4816,0.32802906
3844.6388,0.22348912
3845.7962,0.62091076
3846.9538,0.34382338
3848.1115,-0.18424359
3849.2695,0.19749415
3850.4276,-0.54233595
3851.5858,-0.082165252
3852.7443,-0.045523175
3853.9029,-0.29907638
3855.0617,0.49835159
3856.2207,0.23695683
3857.3798,0.0069354105
3858.5391,-0.19955581
3859.6986,0.080228281
3860.8583,-0.094888801
3862.0182,-0.07392666
3863.1782,-0.17061078
3864.3384,-0.19670588
3865.4987,-0.17786884
3866.6593,0.57822357
3867.82,0.25980666
3868.9809,-0.050766651
3870.1419,0.093562476
3871.3032,0.30063717
3872.4646,-0.01777785
3873.6262,-0.32834926
3874.7879,0.22382489
3875.9499,-0.10243185
3877.112,-0.16202145
3878.2743,0.099958043
3879.4367,0.032526249
3880.5993,0.33372238
3881.7621,0.30550722
3882.9251,0.60670429
3884.0883,0.17849007
3885.2516,-0.21835112
3886.4151,-0.15244674
3887.5788,-0.40026738
3888.7426,-0.012793433
3889.9067,0.17860256
3891.0709,0.056273533
3892.2352,0.25551361
3893.3998,0.41553847
3894.5645,0.081446156
3895.7294,-0.001665291
3896.8945,0.33875315
3898.0597,0.16936814
3899.2251,-0.070604638
3900.3907,0.17569757
3901.5565,-0.087803669
3902.7224,-0.014049533
3903.8885,0.13813645
3905.0548,0.12561702
3906.2213,-0.028078406
3907.3879,-0.55040081
3908.5547,-0.34331098
3909.7217,-0.018573611
3910.8889,0.14930148
3912.0562,0.23090254
3913.2237,-0.14239789
3914.3914,0.0097923463
3915.5593,-0.23801694
3916.7273,-0.47013948
3917.8955,-0.34932038
3919.0639,-0.2285008
3920.2324,-0.43709251
3921.4012,-0.1515661
3922.5701,0.055529412
3923.7391,0.46136607
3924.9084,-0.0033858116
3926.0778,-0.0053928914
3927.2474,0.94161934
3928.4172,0.20235676
3929.5871,0.3728978
3930.7572,-0.044796749
3931.9275,-0.14876611
3933.098,0.029617176
3934.2686,-0.30180376
3935.4395,-0.28812696
3936.6105,0.31378484
3937.7816,0.55491203
3938.953,0.95290166
3940.1245,1.0920675
3941.2962,0.87044865
3942.468,1.1351041
3943.6401,1.1958376
3944.8123,1.209512
3945.9847,1.1055391
3947.1572,1.9348991
3948.33,1.9407295
3949.5029,1.7661674
3950.6759,1.7563109
3951.8492,1.7464541
3953.0226,1.391499
3954.1962,1.0522299
3955.37,1.3639408
3956.544,0.6168279
3957.7181,0.95206765
3958.8924,1.56966
3960.0669,0.60293842
3961.2415,0.74209884
3962.4163,1.1008668
3963.5913,1.4674776
3964.7665,0.93212733
3965.9419,0.66344342
3967.1174,0.81044548
3968.2931,1.0201923
3969.4689,1.4887624
3970.645,1.0789009
3971.8212,1.1631566
3972.9976,1.1611376
3974.1742,1.08853
3975.3509,1.1884712
3976.5278,0.88056888
3977.7049,0.93345061
3978.8822,0.39025361
3980.0596,0.54509552
3981.2372,1.092094
3982.415,1.5763471
3983.593,1.2056979
3984.7711,1.0938719
3985.9494,1.5938104
3987.1279,1.6310035
3988.3065,0.97800015
3989.4854,0.85048673
3990.6644,1.8602279
3991.8435,1.62291
3993.0229,1.683631
3994.2024,1.6972928
3995.3821,1.8521308
3996.562,1.6775568
3997.7421,2.2010217
3998.9223,2.5754666
4000.1027,2.644029
4001.2832,1.7557282
4002.464,2.3654664
4003.6449,2.1987337
4004.826,1.8829811
4006.0073,2.4535028
4007.1887,2.7573574
4008.3703,2.7945451
4009.5521,2.2827129
4010.7341,2.7591156
4011.9162,2.6708122
4013.0985,2.4021163
4014.281,3.2863613
4015.4637,3.6137433
4016.6465,3.1175956
4017.8295,3.2645848
4019.0127,4.1409854
4020.1961,4.8213074
4021.3796,4.3722173
4022.5633,4.4329308
4023.7472,4.5720754
4024.9313,5.3072981
4026.1155,5.7523244
4027.2999,6.4169583
4028.4845,7.4031605
4029.6692,7.3619114
4030.8542,8.4343875
4032.0393,9.4519614
4033.2245,9.8499271
4034.41,12.043971
4035.5956,13.367426
4036.7814,15.208528
4037.9674,17.151591
4039.1535,19.706418
4040.3398,24.292617
4041.5263,28.518032
4042.713,33.025799
4043.8998,35.972782
4045.0869,39.813882
4046.2741,45.631452
4047.4614,49.205885
4048.649,50.686199
4049.8367,53.915533
4051.0246,55.050749
4052.2126,54.366357
4053.4009,54.638828
4054.5893,56.103455
4055.7779,56.31318
4056.9666,54.224865
4058.1555,52.332628
4059.3447,49.240391
4060.5339,45.457958
4061.7234,41.777485
4062.913,39.485247
4064.1028,36.212617
4065.2928,33.841947
4066.483,31.988924
4067.6733,30.245705
4068.8638,28.337779
4070.0545,26.069069
4071.2453,25.133692
4072.4363,24.394393
4073.6275,22.400191
4074.8189,21.111872
4076.0104,20.451004
4077.2022,18.786213
4078.3941,18.925344
4079.5861,18.05271
4080.7784,17.580075
4081.9708,17.115284
4083.1634,16.99559
4084.3561,16.883739
4085.5491,15.838554
4086.7422,15.42082
4087.9355,15.010929
4089.1289,14.436331
4090.3226,14.081342
4091.5164,14.291057
4092.7104,13.739989
4093.9045,12.969312
4095.0989,12.543732
4096.2934,12.36129
4097.4881,13.308259
4098.6829,12.639542
4099.8779,11.398275
4101.0731,12.282498
4102.2685,10.782407
4103.4641,11.588199
4104.6598,11.366539
4105.8557,11.113506
4107.0518,10.695767
4108.248,10.489792
4109.4445,9.9073463
4110.6411,9.8111749
4111.8378,10.420886
4113.0348,10.763929
4114.2319,10.55011
4115.4292,10.955898
4116.6267,10.67149
4117.8243,10.104729
4119.0221,10.188947
4120.2201,10.869244
4121.4183,11.259345
4122.6166,11.171013
4123.8151,11.584643
4125.0138,12.257095
4126.2127,12.733469
4127.4117,12.786313
4128.6109,13.066608
4129.8103,13.495922
4131.0099,13.682098
4132.2096,13.515333
4133.4095,14.266215
4134.6096,13.80141
4135.8098,13.360135
4137.0103,13.428663
4138.2109,13.834445
4139.4116,14.302973
4140.6126,13.29699
4141.8137,13.451791
4143.015,13.324239
4144.2165,13.581
4145.4181,12.057369
4146.62,11.874915
4147.822,12.453244
4149.0241,12.294318
4150.2265,11.766764
4151.429,11.270582
4152.6317,11.276361
4153.8346,11.697826
4155.0376,11.609487
4156.2408,10.987814
4157.4442,10.758298
4158.6478,10.967997
4159.8515,11.091421
4161.0554,11.136414
4162.2595,11.448072
4163.4638,11.210711
4164.6682,10.055703
4165.8728,10.312459
4167.0776,9.9809797
4168.2826,10.708323
4169.4877,9.9925295
4170.693,9.025755
4171.8985,9.6589801
4173.1041,9.6176952
4174.31,9.7097432
4175.516,9.1037518
4176.7222,9.0467797
4177.9285,9.0133367
4179.135,8.7524424
4180.3417,9.0797831
4181.5486,8.8267314
4182.7557,8.4638754
4183.9629,8.8069015
4185.1703,7.8558096
4186.3778,8.2380508
4187.5856,8.5497034
4188.7935,7.9280224
4190.0016,7.7377137
4191.2099,7.7591694
4192.4183,8.141409
4193.6269,8.2961974
4194.8357,8.1451032
4196.0447,7.8057733
4197.2538,7.4429138
4198.4631,7.825152
4199.6726,8.5368016
4200.8823,7.6249216
4202.0921,7.8267667
4203.3021,7.9501801
4204.5123,8.2147698
4205.7227,8.1656336
4206.9332,8.3282619
4208.1439,8.5693212
4209.3548,8.8652822
4210.5659,8.1259487
4211.7771,7.6846542
4212.9885,8.4982614
4214.2001,8.7236329
4215.4118,8.8548865
4216.6237,9.2214339
4217.8358,9.1487654
4219.0481,9.2957044
4220.2606,9.670094
4221.4732,9.566052
4222.686,9.9796568
4223.899,9.9462024
4225.1121,10.924512
4226.3254,10.836156
4227.5389,10.739955
4228.7526,11.388853
4229.9664,11.629906
4231.1804,11.99645
4232.3946,12.417896
4233.609,14.306008
4234.8235,15.127453
4236.0382,16.458701
4237.2531,17.593871
4238.4682,19.52904
4239.6834,20.585778
4240.8988,21.148398
4242.1144,22.675724
4243.3302,24.085402
4244.5461,24.593119
4245.7622,24.151816
4246.9785,23.208552
4248.195,25.410386
4249.4116,26.506337
4250.6284,26.292484
4251.8454,26.894316
4253.0625,25.213796
4254.2798,24.482295
4255.4973,24.401774
4256.715,22.940861
4257.9329,23.330927
4259.1509,21.909229
4260.3691,22.354197
4261.5875,20.869753
4262.806,19.126485
4264.0247,18.034197
4265.2436,17.734066
4266.4627,17.755503
4267.6819,17.439685
4268.9013,16.08073
4270.1209,15.364911
4271.3407,15.253014
4272.5606,15.603861
4273.7807,15.021375
4275.001,13.583986
4276.2215,13.676009
4277.4421,13.932738
4278.6629,13.271819
4279.8839,12.58737
4281.1051,12.506843
4282.3264,11.963571
4283.5479,11.718337
4284.7696,10.91624
4285.9915,10.812182
4287.2135,10.47283
4288.4357,11.011909
4289.6581,11.417654
4290.8806,10.952811
4292.1033,10.527183
4293.3262,9.4897896
4294.5493,9.8720042
4295.7726,10.269905
4296.996,9.985452
4298.2196,10.022568
4299.4434,9.604781
4300.6673,9.5007196
4301.8914,9.8437167
4303.1157,8.7514193
4304.3402,8.8434354
4305.5648,8.8334905
4306.7896,9.1529569
4308.0146,8.7743839
4309.2398,8.4428694
4310.4651,8.7701781
4311.6906,8.5327806
4312.9163,8.5071476
4314.1422,8.4815142
4315.3682,8.9892139
4316.5944,8.7753447
4317.8208,8.7026516
4319.0474,8.9123112
4320.2741,9.3651077
4321.501,9.0022176
4322.7281,8.623641
4323.9553,9.499966
4325.1828,8.8704084
4326.4104,8.7741839
4327.6382,8.395606
4328.8661,8.424871
4330.0942,8.9560966
4331.3225,8.8206551
4332.551,8.1283506
4333.7797,8.4399674
4335.0085,8.704525
4336.2375,7.8553568
4337.4666,8.0650119
4338.696,8.5021177
4339.9255,8.0372624
4341.1552,7.4312303
4342.3851,8.3467665
4343.6151,8.6505378
4344.8453,8.169995
4346.0757,7.5404323
4347.3063,7.9069477
4348.537,7.9911099
4349.7679,7.74586
4350.999,7.8221785
4352.2303,7.5612418
4353.4617,7.6532459
4354.6933,7.9648576
4355.9251,7.3431356
4357.1571,7.2390604
4358.3892,7.0173379
4359.6215,7.0387523
4360.854,7.491539
4362.0866,7.2149136
4363.3195,7.4402486
4364.5525,7.1165638
4365.7856,7.0752316
4367.019,7.8652717
4368.2525,7.2906056
4369.4862,7.1943705
4370.7201,7.4275469
4371.9541,7.370527
4373.1884,7.3997812
4374.4228,7.1937411
4375.6573,7.5131908
4376.8921,7.0091109
4378.127,6.983462
4379.3621,6.628401
4380.5974,6.7517711
4381.8328,7.2986703
4383.0684,6.8494908
4384.3042,6.4787424
4385.5402,6.8923074
4386.7763,6.0823427
4388.0126,5.9861031
4389.2491,6.5643731
4390.4858,6.6171526
4391.7226,6.2934612
4392.9596,5.7580048
4394.1968,6.6578422
4395.4342,7.2831695
4396.6717,6.9281043
4397.9094,6.5416663
4399.1473,6.5630712
4400.3853,6.3021228
4401.6236,7.4764682
4402.862,6.5096369
4404.1005,5.4094719
4405.3393,6.0426399
4406.5782,6.1032587
4407.8173,6.0227006
4409.0566,6.1146913
4410.296,5.7517797
4411.5357,6.424162
4412.7754,6.3514459
4414.0154,6.2159844
4415.2556,6.4099344
4416.4959,5.9293742
4417.7364,6.146853
4418.977,5.7368805
4420.2179,5.8994568
4421.4589,6.767915
4422.7001,6.0991181
4423.9415,5.7989484
4425.183,5.3576018
4426.4247,5.6142942
4427.6666,5.7298098
4428.9086,5.5629722
4430.1509,5.8431931
4431.3933,4.7508647
4432.6359,5.7369673
4433.8786,5.1230697
4435.1216,4.7758384
4436.3647,5.3697833
4437.6079,5.2735318
4438.8514,5.5615937
4440.095,4.9084789
4441.3388,4.3886971
4442.5828,5.2649934
4443.827,4.8785444
4445.0713,5.0097421
4446.3158,4.2781944
4447.5605,4.7309601
4448.8053,5.1209805
4450.0503,4.3894319
4451.2955,4.9363143
4452.5409,5.3733926
4453.7864,4.6653725
4455.0322,4.7259796
4456.2781,5.0061942
4457.5241,5.2785654
4458.7704,5.190152
4460.0168,5.0389931
4461.2634,5.1858732
4462.5101,5.0817726
4463.7571,5.0247306
4465.0042,4.9990607
4466.2515,5.1459396
4467.4989,5.1830143
4468.7466,4.8436181
4469.9944,5.0846137
4471.2423,5.7020797
4472.4905,5.4097414
4473.7388,4.8977949
4474.9873,5.3113384
4476.236,5.4817443
4477.4849,5.6443068
4478.7339,5.579418
4479.9831,5.4831563
4481.2325,6.2339532
4482.482,5.8161223
4483.7318,5.272801
4484.9817,5.6628126
4486.2317,6.6567456
4487.482,6.270286
4488.7324,6.1504929
4489.983,6.862072
4491.2338,6.1148272
4492.4847,6.2852293
4493.7358,6.2987683
4494.9871,6.5711305
4496.2386,5.9807473
4497.4902,5.9315403
4498.742,5.9607643
4499.994,5.7154783
4501.2462,6.7956822
4502.4985,6.8876504
4503.751,5.7639321
4505.0037,6.1617821
4506.2566,6.1204162
4507.5096,6.0712067
4508.7628,6.3827814
4510.0162,6.3178851
4511.2698,6.7000473
4512.5235,5.5841701
4513.7774,5.9977043
4515.0315,6.4269244
4516.2857,5.6483012
4517.5402,5.2226188
4518.7948,5.4949753
4520.0496,5.6261551
4521.3045,5.6945895
4522.5596,6.359102
4523.8149,6.2236142
4525.0704,5.4842045
4526.326,5.4193043
4527.5819,5.2445999
4528.8379,5.7914639
4530.094,5.9461707
4531.3504,5.8263674
4532.6069,6.1614657
4533.8636,6.0259755
4535.1205,6.4159752
4536.3775,5.6922491
4537.6347,6.0979345
4538.8921,6.1898941
4540.1497,6.1642063
4541.4074,6.7345967
4542.6653,6.4814574
4543.9234,6.7145922
4545.1817,6.390864
4546.4401,6.7259591
4547.6987,6.8649754
4548.9575,7.3961483
4550.2164,7.0959484
4551.4756,6.7565324
4552.7349,6.2445671
4553.9944,6.9326016
4555.254,7.4324004
4556.5138,7.7282774
4557.7738,7.6241541
4559.034,7.2847363
4560.2944,7.4080634
4561.5549,7.5706058
4562.8156,7.7566774
4564.0765,7.6525526
4565.3375,7.352349
4566.5987,7.8443021
4567.8601,7.7715489
4569.1217,7.9968346
4570.3834,8.5123162
4571.6454,7.8748562
4572.9075,8.0138666
4574.1697,8.0509158
4575.4322,7.8997295
4576.6948,8.7054056
4577.9576,8.8810161
4579.2205,8.9808092
4580.4837,8.9995563
4581.747,9.2300679
4583.0105,9.4030627
4584.2741,9.4505671
4585.538,9.3542804
4586.802,9.5900194
4588.0661,9.9878497
4589.3305,10.315091
4590.595,10.529915
4591.8597,11.066306
4593.1246,11.56871
4594.3897,11.872422
4595.6549,11.783975
4596.9203,12.019712
4598.1859,12.527344
4599.4516,13.048047
4600.7176,13.464175
4601.9837,13.778342
4603.2499,14.231071
4604.5164,14.717786
4605.783,14.932606
4607.0498,14.982719
4608.3168,15.260283
4609.5839,16.123468
4610.8512,16.970966
4612.1187,17.321732
4613.3864,17.57838
4614.6542,18.452021
4615.9222,19.375335
4617.1904,20.238517
4618.4588,21.20889
4619.7273,22.116516
4620.996,23.018914
4622.2649,23.829808
4623.534,25.155735
4624.8032,26.398001
4626.0726,27.608894
4627.3422,28.456388
4628.612,29.8163
4629.8819,30.849415
4631.152,31.806712
4632.4223,32.818911
4633.6927,34.168364
4634.9634,35.71651
4636.2342,37.194068
4637.5051,38.242867
4638.7763,39.440685
4640.0476,40.418896
4641.3191,42.513445
4642.5908,44.861589
4643.8626,47.065943
4645.1346,49.121276
4646.4068,51.398831
4647.6792,53.838477
4648.9518,56.278123
4650.2245,58.600122
4651.4974,60.537806
4652.7704,62.261112
4654.0437,63.56873
4655.3171,65.46197
4656.5907,67.402267
4657.8644,69.551715
4659.1384,71.238418
4660.4125,72.05976
4661.6868,72.528161
4662.9612,72.973033
4664.2359,73.579996
4665.5107,74.147742
4666.7857,74.354704
4668.0608,74.383888
4669.3361,74.368628
4670.6116,74.523301
4671.8873,74.664903
4673.1632,74.748987
4674.4392,74.817386
4675.7154,74.849182
4676.9918,74.784246
4678.2683,74.667023
4679.5451,74.408622
4680.822,74.103163
4682.099,73.782017
4683.3763,73.531459
4684.6537,73.32273
4685.9313,72.849949
4687.2091,72.471286
4688.487,71.943602
4689.7651,70.9035
4691.0434,69.510456
4692.3219,68.025909
4693.6005,66.669466
4694.8793,65.582304
4696.1583,64.20756
4697.4375,62.665495
4698.7168,61.003169
4699.9963,58.966986
4701.276,57.082437
4702.5559,54.946907
4703.8359,53.851899
4705.1161,53.559506
4706.3965,52.987374
4707.6771,52.033542
4708.9578,50.807815
4710.2387,49.867054
4711.5198,48.301457
4712.801,47.075728
4714.0825,46.289215
4715.3641,45.894859
4716.6458,45.042986
4717.9278,43.749282
4719.2099,43.130088
4720.4922,42.505665
4721.7747,42.155752
4723.0573,41.343093
4724.3401,40.870303
4725.6231,40.470715
4726.9063,40.261977
4728.1897,39.81533
4729.4732,39.384369
4730.7569,39.353407
4732.0407,39.427021
4733.3248,38.998673
4734.609,38.42392
4735.8934,38.128905
4737.1779,38.335851
4738.4627,38.124496
4739.7476,37.63863
4741.0327,37.461261
4742.3179,37.357095
4743.6034,37.629398
4744.889,37.616734
4746.1747,37.504724
4747.4607,37.078987
4748.7468,36.731682
4750.0331,36.627513
4751.3196,36.695893
4752.6063,36.651855
4753.8931,36.691477
4755.1801,36.566392
4756.4673,36.2583
4757.7546,35.947594
4759.0421,35.676103
4760.3298,35.574547
4761.6177,35.493905
4762.9058,35.078623
4764.194,34.697327
4765.4824,34.425834
4766.7709,34.096825
4768.0597,33.537751
4769.3486,32.832271
4770.6377,32.181692
4771.927,31.64876
4773.2164,31.267462
4774.506,31.220805
4775.7958,31.323166
4777.0858,30.994155
4778.3759,30.620699
4779.6662,30.438092
4780.9567,30.399276
4782.2474,30.148695
4783.5382,29.688963
4784.8292,29.080211
4786.1204,28.808714
4787.4117,28.641792
4788.7033,28.553301
4789.995,28.35762
4791.2869,28.371089
4792.5789,28.544034
4793.8711,28.272536
4795.1635,27.804958
4796.4561,27.468099
4797.7489,27.329933
4799.0418,27.074119
4800.3349,26.734644
4801.6282,26.674909
4802.9216,26.382492
4804.2152,26.322756
4805.509,26.124457
4806.803,26.300014
4808.0971,26.154002
4809.3914,25.785767
4810.6859,25.367859
4811.9806,24.87152
4813.2754,24.586944
4814.5705,24.08799
4815.8656,23.719754
4817.161,23.605112
4818.4565,23.466941
4819.7523,23.409815
4821.0481,23.091251
4822.3442,23.1387
4823.6404,23.165233
4824.9368,23.322486
4826.2334,23.545097
4827.5302,23.736335
4828.8271,23.273979
4830.1242,22.657373
4831.4215,22.372794
4832.7189,22.477757
4834.0166,22.457229
4835.3144,22.107289
4836.6123,22.256695
4837.9105,22.311984
4839.2088,22.280997
4840.5073,22.174193
4841.806,22.307912
4843.1048,22.522676
4844.4038,22.716525
4845.703,22.596648
4847.0024,22.406183
4848.302,22.257547
4849.6017,22.302376
4850.9016,22.148511
4852.2016,21.772423
4853.5019,21.534897
4854.8023,21.464692
4856.1029,21.389257
4857.4036,21.248462
4858.7046,21.254073
4860.0057,21.327656
4861.307,21.521502
4862.6084,21.482667
4863.9101,21.25821
4865.2119,20.69127
4866.5138,20.302107
4867.816,20.45935
4869.1183,20.37084
4870.4208,20.104552
4871.7235,19.469637
4873.0264,19.404655
4874.3294,19.538367
4875.6326,19.290379
4876.936,18.987488
4878.2395,18.864989
4879.5432,18.980399
4880.8471,18.839599
4882.1512,18.405988
4883.4555,18.142312
4884.7599,18.236805
4886.0645,18.265938
4887.3692,18.020562
4888.6742,17.584335
4889.9793,17.359873
4891.2846,17.370705
4892.5901,17.371078
4893.8957,17.31655
4895.2015,17.228034
4896.5075,17.372198
4897.8137,17.31244
4899.12,17.226538
4900.4265,16.866125
4901.7332,16.558
4903.04,16.31262
4904.3471,16.312991
4905.6543,16.431009
4906.9617,16.24053
4908.2692,15.953319
4909.577,15.815126
4910.8849,16.090006
4912.1929,16.17665
4913.5012,16.098587
4914.8096,16.119871
4916.1182,16.216972
4917.427,16.350673
4918.7359,16.191564
4920.0451,15.760559
4921.3544,15.402756
4922.6638,15.071097
4923.9735,15.142052
4925.2833,15.260065
4926.5933,15.464353
4927.9035,15.446418
4929.2138,15.24809
4930.5243,15.138652
4931.835,15.238363
4933.1459,15.345917
4934.4569,15.314909
4935.7681,15.00939
4937.0795,14.693414
4938.3911,14.529071
4939.7028,14.288912
4941.0147,14.127183
4942.3268,13.850421
4943.6391,14.088692
4944.9515,14.238073
4946.2641,14.332552
4947.5769,14.327685
4948.8898,14.226085
4950.203,14.059126
4951.5163,13.612427
4952.8298,13.576186
4954.1434,13.733408
4955.4572,13.867101
4956.7712,13.804715
4958.0854,13.666512
4959.3998,13.758374
4960.7143,13.834549
4962.029,13.983927
4963.3438,14.044415
4964.6589,14.050001
4965.9741,13.833365
4967.2895,13.525225
4968.6051,13.290287
4969.9208,13.180839
4971.2367,13.024333
4972.5528,12.716191
4973.8691,12.583213
4975.1855,12.531281
4976.5021,12.505492
4977.8189,12.403885
4979.1359,12.33888
4980.453,12.451652
4981.7703,12.574881
4983.0878,12.653666
4984.4055,12.693234
4985.7233,12.489665
4987.0413,12.385442
4988.3595,12.343964
4989.6779,12.320787
4990.9964,12.263622
4992.3151,12.397306
4993.634,12.646023
4994.953,12.567942
4996.2722,12.327769
4997.5916,12.492825
4998.9112,12.623894
5000.231,12.548426
5001.5509,12.384069
5002.871,12.389647
5004.1913,12.251433
5005.5117,11.734134
5006.8323,11.439057
5008.1531,11.721757
5009.4741,11.84498
5010.7952,11.845327
5012.1165,11.52672
5013.438,11.545367
5014.7597,11.577085
5016.0815,11.548673
5017.4036,11.39477
5018.7257,11.30884
5020.0481,11.267355
5021.3706,11.212798
5022.6933,11.082423
5024.0162,10.952048
5025.3393,10.910561
5026.6625,11.195872
5027.9859,11.428895
5029.3095,11.468453
5030.6333,11.466181
5031.9572,11.348876
5033.2813,11.27863
5034.6056,10.897272
5035.93,10.926371
5037.2547,10.924098
5038.5795,10.989798
5039.9044,10.744387
5041.2296,10.655838
5042.5549,10.823498
5043.8804,10.842138
5045.2061,10.813719
5046.5319,10.550006
5047.8579,10.563416
5049.1841,10.665715
5050.5105,10.506576
5051.837,10.297763
5053.1638,9.9242443
5054.4906,9.88798
5055.8177,9.9353756
5057.1449,10.168392
5058.4724,10.268074
5059.7999,10.012201
5061.1277,9.6909679
5062.4556,9.3854208
5063.7838,9.4354289
5065.112,9.5847832
5066.4405,9.7759672
5067.7691,9.7972163
5069.0979,9.6694455
5070.4269,9.4789293
5071.7561,9.3956023
5073.0854,9.3358044
5074.4149,9.3701239
5075.7446,9.4149006
5077.0744,9.2348404
5078.4045,9.1645838
5079.7347,8.9348498
5081.065,9.1208018
5082.3956,9.0505443
5083.7263,9.0953192
5085.0572,9.0799631
5086.3883,8.9678747
5087.7195,8.8296422
5089.0509,8.6914093
5090.3825,8.7832416
5091.7143,8.9456617
5093.0462,8.9773627
5094.3784,9.1476254
5095.7106,9.0982799
5097.0431,8.9914179
5098.3757,8.8871699
5099.7086,8.979
5101.0415,9.1440325
5102.3747,8.9822673
5103.708,8.7420704
5105.0416,8.5593895
5106.3752,8.5492574
5107.7091,8.5548112
5109.0431,8.5917373
5110.3773,8.6783363
5111.7117,8.9008827
5113.0463,8.945651
5114.381,8.8230988
5115.7159,8.6142718
5117.051,8.4812614
5118.3862,8.3639371
5119.7217,8.2989
5121.0573,8.0769998
5122.393,8.1165373
5123.729,8.0881006
5125.0651,8.020448
5126.4014,7.9658669
5127.7379,8.0341614
5129.0745,8.4057235
5130.4113,8.471403
5131.7483,8.0978665
5133.0855,7.7766172
5134.4228,7.4579821
5135.7604,7.3772551
5137.098,7.0586194
5138.4359,7.0772383
5139.7739,7.2187326
5141.1122,7.3837561
5142.4505,7.3082564
5143.7891,7.2562859
5145.1278,7.1755568
5146.4667,7.050383
5147.8058,6.8075619
5149.1451,6.7555901
5150.4845,6.8212651
5151.8241,6.7457633
5153.1639,6.6859475
5154.5039,6.5999877
5155.844,6.7127203
5157.1843,6.7051912
5158.5248,6.6898186
5159.8654,6.8705242
5161.2062,6.9597262
5162.5472,6.8397776
5163.8884,6.5394365
5165.2298,6.3802716
5166.5713,6.4067273
5167.913,6.3129213
5169.2549,6.349834
5170.5969,6.4207332
5171.9391,6.4654884
5173.2815,6.3507661
5174.6241,6.1497691
5175.9668,6.2441966
5177.3097,6.2523492
5178.6528,6.318018
5179.9961,6.2242092
5181.3395,6.0754983
5182.6831,5.9450877
5184.0269,5.8695787
5185.3709,5.7600825
5186.715,5.7969913
5188.0593,5.8391285
5189.4038,5.9962981
5190.7485,5.9495458
5192.0933,5.7642311
5193.4383,5.5867593
5194.7835,5.477261
5196.1289,5.4305076
5197.4744,5.4177407
5198.8201,5.2742546
5200.166,5.1987421
5201.512,5.2565626
5202.8582,5.3771279
5204.2046,5.3356014
5205.5512,5.2522445
5206.898,5.3022206
5208.2449,5.4280135
5209.592,5.511976
5210.9392,5.4469186
5212.2867,5.1883968
5213.6343,5.1076525
5214.9821,5.0974962
5216.3301,5.228516
5217.6782,5.0536532
5219.0265,4.857875
5220.375,4.7980442
5221.7237,4.8114158
5223.0725,4.837859
5224.4215,4.6786809
5225.7707,4.7887836
5227.1201,4.9328729
5228.4696,5.0272888
5229.8193,4.8759527
5231.1692,4.7037012
5232.5193,4.659554
5233.8695,4.5369752
5235.2199,4.4248536
5236.5705,4.4748232
5237.9212,4.556165
5239.2722,4.6479641
5240.6233,4.6796321
5241.9745,4.7897312
5243.326,4.8867581
5244.6776,4.8870527
5246.0294,4.7723143
5247.3814,4.6889482
5248.7335,4.642183
5250.0859,4.7418228
5251.4384,4.7264296
5252.791,4.7711669
5254.1439,4.5936816
5255.4969,4.588745
5256.8501,4.5498213
5258.2035,4.5840998
5259.557,4.3961558
5260.9107,4.1506951
5262.2646,3.9235349
5263.6187,3.77742
5264.9729,3.7672526
5266.3273,3.9034901
5267.6819,4.0109692
5269.0367,3.9929577
5270.3916,3.878214
5271.7467,3.8288294
5273.102,3.7402288
5274.4574,3.6045691
5275.8131,3.5081248
5277.1689,3.458739
5278.5249,3.5374575
5279.881,3.5482018
5281.2373,3.7079655
5282.5939,3.6428922
5283.9505,3.677165
5285.3074,3.5990193
5286.6644,3.5810039
5288.0216,3.5969752
5289.379,3.5240574
5290.7365,3.5478712
5292.0942,3.3651488
5293.4521,3.1588967
5294.8102,2.9997031
5296.1685,2.9241693
5297.5269,3.1283738
5298.8855,3.2410747
5300.2442,3.2910302
5301.6032,3.3096129
5302.9623,3.2053195
5304.3216,3.0905683
5305.681,2.8790847
5307.0407,2.6989734
5308.4005,2.5999075
5309.7605,2.5479002
5311.1206,2.4932781
5312.481,2.5275447
5313.8415,2.4833796
5315.2022,2.6954233
5316.563,2.8970093
5317.9241,2.8005557
5319.2853,2.7250168
5320.6466,2.6390202
5322.0082,2.8301474
5323.3699,2.9166992
5324.7318,2.778414
5326.0939,2.7786907
5327.4562,2.8364834
5328.8186,3.0354522
5330.1812,2.9102378
5331.544,2.6020165
5332.9069,2.4218995
5334.27,2.4979913
5335.6333,2.5949979
5336.9968,2.6737036
5338.3604,2.4988141
5339.7242,2.6115061
5341.0882,2.5856357
5342.4524,2.6878695
5343.8167,2.6227828
5345.1813,2.6021402
5346.546,2.6233274
5347.9108,2.7151026
5349.2759,2.7859624
5350.6411,2.7234885
5352.0065,2.5851974
5353.372,2.5018079
5354.7377,2.5543659
5356.1037,2.5180347
5357.4697,2.4006574
5358.836,2.3643255
5360.2024,2.380281
5361.569,2.5713995
5362.9358,2.7651322
5364.3028,2.8124593
5365.6699,2.700309
5367.0372,2.4208381
5368.4047,2.1361381
5369.7723,1.8618954
5371.1401,1.7628158
5372.5081,1.7343241
5373.8763,1.8522374
5375.2447,1.8472745
5376.6132,1.8501545
5377.9819,1.8687204
5379.3508,1.8506847
5380.7198,2.1333024
5382.089,2.1414099
5383.4584,1.9821969
5384.828,1.6765783
5386.1977,1.5827242
5387.5676,1.9829874
5388.9377,1.870832
5390.308,1.6828593
5391.6784,1.272664
5393.049,1.2833836
5394.4198,1.4588087
5395.7908,1.3257367
5397.1619,1.2005076
5398.5332,1.0752782
5399.9047,1.1853427
5401.2764,1.3816813
5402.6482,1.2956667
5404.0202,1.2279525
5405.3924,1.1105647
5406.7647,0.9278172
5408.1373,0.99604976
5409.51,0.99630818
5410.8828,1.0331676
5412.2559,0.99159535
5413.6291,0.85329077
5415.0025,0.87184865
5416.3761,0.75707289
5417.7498,0.73641447
5419.1238,0.76542896
5420.4978,0.78398564
5421.8721,0.81561391
5423.2466,0.68515038
5424.6212,0.63311792
5425.996,0.65690216
5427.3709,0.58395407
5428.7461,0.56590765
5430.1214,0.38315504
5431.4969,0.37817991
5432.8725,0.18758357
5434.2484,0.091104578
5435.6244,0.093971691
5437.0006,0.16219798
5438.3769,0.25133901
5439.7535,0.21237516
5441.1302,0.13942408
5442.5071,-0.022416186
5443.8841,-0.077067207
5445.2614,-0.10034598
5446.6388,0.028008939
5448.0163,0.11976225
5449.3941,0.12262637
5450.772,0.1124183
5452.1501,0.085428128
5453.5284,0.14210128
5454.9069,0.27720901
5456.2855,0.34957483
5457.6643,0.27030987
5459.0432,0.073401042
5460.4224,0.12224705
5461.8017,0.18155377
5463.1812,0.19380486
5464.5609,-0.068450653
5465.9407,-0.26011473
5467.3207,-0.34197169
5468.7009,-0.31402154
5470.0813,-0.15012047
5471.4618,-0.16922274
5472.8426,-0.11773358
5474.2234,-0.13421507
5475.6045,-0.11670644
5476.9857,0.075968783
5478.3672,0.19283021
5479.7487,0.30969484
5481.1305,0.12590907
5482.5124,0.012714732
5483.8945,0.10605954
5485.2768,0.17587813
5486.6593,0.13328162
5488.0419,-0.0034293345
5489.4247,-0.07216324
5490.8077,-0.072920091
5492.1909,-0.071059366
5493.5742,-0.14501244
5494.9577,-0.028112637
5496.3414,-0.05238611
5497.7252,-0.00083939197
5499.1092,-0.0094201955
5500.4934,0.09180612
5501.8778,0.25316635
5503.2623,0.30734024
5504.6471,0.10007942
5506.032,-0.041818734
5507.417,-0.16279865
5508.8023,-0.16612832
5510.1877,-0.13285347
5511.5733,-0.18323556
5512.9591,-0.050607922
5514.345,-0.15849996
5515.7311,-0.075539123
5517.1174,-0.050091431
5518.5039,0.032875799
5519.8905,0.10800309
5521.2773,0.065486518
5522.6643,0.21382282
5524.0515,0.17915578
5525.4388,0.089589976
5526.8263,-0.031345177
5528.214,-0.037244453
5529.6018,0.071892147
5530.9899,-0.038575897
5532.3781,0.01043638
5533.7664,0.046379959
5535.155,0.082326736
5536.5437,0.11827671
5537.9326,0.065340993
5539.3217,0.19280063
5540.711,0.20261641
5542.1004,0.19413473
5543.49,0.23010069
5544.8798,0.16672344
5546.2697,0.16348011
5547.6598,0.045207301
5549.0501,0.049813504
5550.4406,0.12501114
5551.8312,0.066878639
5553.222,-0.030466349
5554.613,-0.13565128
5556.0042,-0.1414866
5557.3955,-0.21267821
5558.7871,-0.286481
5560.1787,-0.25309104
5561.5706,-0.086364559
5562.9626,0.10389453
5564.3549,0.074548982
5565.7472,0.039977869
5567.1398,0.15442956
5568.5325,0.1878387
5569.9254,0.13497653
5571.3185,-0.16101971
5572.7118,-0.22694738
5574.1052,-0.19875421
5575.4988,-0.084283332
5576.8926,0.074635187
5578.2866,0.11068109
5579.6807,0.081370708
5581.075,-0.055126017
5582.4695,-0.10795941
5583.8641,-0.092815756
5585.2589,-0.054139489
5586.6539,-0.24029663
5588.0491,-0.26435906
5589.4444,-0.21783007
5590.84,-0.089684047
5592.2357,-0.00075142558
5593.6315,0.028052766
5595.0276,0.08038866
5596.4238,0.11965495
5597.8202,0.072649014
5599.2167,0.012573475
5600.6135,0.062304147
5602.0104,0.12772338
5603.4075,0.21667432
5604.8048,0.06510467
5606.2022,0.015498095
5607.5998,-0.049792466
5608.9976,0.054853904
5610.3955,0.05231302
5611.7937,-0.1097027
5613.192,-0.20635665
5614.5905,-0.24287759
5615.9891,0.060473034
5617.388,0.11023118
5618.787,0.17829227
5620.1861,0.27249944
5621.5855,0.23076118
5622.985,0.23085528
5624.3847,0.042716379
5625.7846,-0.053916967
5627.1846,0.022000995
5628.5849,0.087463731
5629.9853,0.26273268
5631.3858,0.098134633
5632.7866,-0.029859816
5634.1875,-0.053276811
5635.5886,0.038341162
5636.9899,0.1325758
5638.3913,0.088250645
5639.7929,-0.02927484
5641.1947,-0.14156928
5642.5967,-0.25386142
5643.9988,-0.19883102
5645.4011,-0.14379833
5646.8036,-0.13582217
5648.2063,-0.023268558
5649.6091,0.057914794
5651.0121,0.16262985
5652.4153,0.032053072
5653.8187,0.013896887
5655.2222,0.18397829
5656.6259,0.35929073
5658.0298,0.29146821
5659.4339,0.1844323
5660.8381,0.085241808
5662.2425,0.17951766
5663.6471,0.10124678
5665.0518,0.16676904
5666.4568,0.13033281
5667.8619,0.18540213
5669.2671,0.21694434
5670.6726,0.14391366
5672.0782,0.10487221
5673.484,-0.075343426
5674.89,-0.088236511
5676.2961,-0.09328417
5677.7024,0.032389416
5679.1089,0.15806529
5680.5156,0.11119444
5681.9225,0.053868354
5683.3295,-0.08450119
5684.7367,0.030726326
5686.144,0.20608685
5687.5516,0.23765882
5688.9593,0.26923307
5690.3672,0.057672358
5691.7752,0.029120472
5693.1835,-0.11707618
5694.5919,-0.1064078
5696.0005,0.058511231
5697.4092,0.053497915
5698.8182,-0.029944485
5700.2273,-0.079397666
5701.6365,-0.13407732
5703.046,-0.1233952
5704.4556,-0.22774348
5705.8654,-0.091566584
5707.2754,-0.02336126
5708.6856,0.070990145
5710.0959,0.10259874
5711.5064,0.097608319
5712.9171,-0.0067262188
5714.3279,-0.16334605
5715.7389,-0.1814015
5717.1501,-0.17069649
5718.5615,0.0099454538
5719.9731,0.093857658
5721.3848,0.073196988
5722.7967,-0.036350282
5724.2087,-0.0099475495
5725.621,0.058287538
5727.0334,0.0088778555
5728.446,-0.071902086
5729.8588,-0.09254902
5731.2717,-0.02220617
5732.6848,0.011536953
5734.0981,-0.0043915447
5735.5116,-0.10397859
5736.9252,-0.20356406
5738.339,-0.17242899
5739.753,-0.073318482
5741.1672,0.083309946
5742.5815,0.19288113
5743.996,0.18480684
5745.4107,0.087845241
5746.8255,0.061473458
5748.2406,0.037717635
5749.6558,0.15252549
5751.0711,0.084328381
5752.4867,0.19129626
5753.9024,0.18846179
5755.3183,0.26667466
5756.7344,0.21155578
5758.1506,0.098922133
5759.5671,-0.018938686
5760.9837,0.054051749
5762.4004,0.15841631
5763.8174,0.24709619
5765.2345,0.13447045
5766.6518,0.053218844
5768.0693,0.042557055
5769.4869,0.02143933
5770.9047,0.055225148
5772.3227,0.07855503
5773.7409,-0.036675597
5775.1592,0.0049581012
5776.5777,0.075351551
5777.9964,0.24247861
5779.4153,0.23705823
5780.8343,0.12183551
5782.2535,0.13210456
5783.6729,0.12668892
5785.0925,0.18401997
5786.5122,0.17337873
5787.9321,0.02417699
5789.3522,0.026610815
5790.7725,0.12054949
5792.1929,0.12560086
5793.6135,0.16464073
5795.0343,0.14093709
5796.4552,0.37605856
5797.8763,0.39941691
5799.2976,0.43323435
5800.7191,0.4016939
5802.1408,0.4355145
5803.5626,0.48502296
5804.9846,0.47701667
5806.4068,0.48992698
5807.8291,0.44793692
5809.2516,0.47915105
5810.6743,0.44500729
5812.0972,0.46053831
5813.5202,0.49175719
5814.9434,0.42624562
5816.3668,0.50975524
5817.7904,0.66908343
5819.2141,0.64540667
5820.6381,0.51454195
5822.0621,0.22420169
5823.4864,0.23190222
5824.9108,0.26051937
5826.3355,0.31266751
5827.7602,0.37788913
5829.1852,0.37513847
5830.6103,0.39330443
5832.0356,0.57617785
5833.4611,0.66754958
5834.8868,0.52885754
5836.3126,0.26990563
5837.7386,0.17304682
5839.1648,0.35069938
5840.5911,0.35841889
5842.0177,0.23803541
5843.4444,0.13856854
5844.8712,0.10446272
5846.2983,0.22199248
5847.7255,0.19573297
5849.1529,0.15901752
5850.5805,0.1536762
5852.0082,0.23983973
5853.4361,0.31816171
5854.8642,0.20040683
5856.2925,0.10356857
5857.7209,0.0041175128
5859.1496,0.069373918
5860.5784,0.16339007
5862.0073,0.13714637
5863.4365,0.03770164
5864.8658,-0.10880034
5866.2953,0.027052211
5867.7249,0.079246208
5869.1548,0.039938519
5870.5848,0.034619339
5872.015,-0.075273424
5873.4453,0.055358271
5874.8758,-0.038845054
5876.3065,0.039502221
5877.7374,0.076021013
5879.1685,0.14129956
5880.5997,0.23795223
5882.0311,0.1202274
5883.4627,0.018190423
5884.8944,0.13314849
5886.3264,0.11216043
5887.7585,0.1225465
5889.1908,0.023130232
5890.6232,0.098878941
5892.0558,0.25567498
5893.4886,0.28698241
5894.9216,0.31829142
5896.3547,0.15352358
5897.7881,0.10901875
5899.2215,0.088044925
5900.6552,0.074915815
5902.0891,0.043487631
5903.5231,-0.037612173
5904.9573,-0.1187104
5906.3916,-0.18412076
5907.8262,-0.07698053
5909.2609,0.14780834
5910.6958,0.28109553
5912.1308,0.31242351
5913.5661,0.17381844
5915.0015,0.10580318
5916.4371,0.074390809
5917.8728,0.2207578
5919.3088,0.21810676
5920.7449,0.15532658
5922.1811,0.082090473
5923.6176,0.089901695
5925.0542,0.045426916
5926.491,-0.069634516
5927.928,-0.10626299
5929.3652,-0.027857212
5930.8025,0.11590963
5932.24,0.18124668
5933.6777,0.1106376
5935.1155,0.12107585
5936.5535,0.053084308
5937.9917,-0.0096768928
5939.4301,-0.046292721
5940.8686,0.024282574
5942.3074,0.037343111
5943.7463,-0.020183007
5945.1853,-0.17355906
5946.6246,-0.091639632
5948.064,-0.022790725
5949.5036,0.08788962
5950.9433,0.062623623
5952.3833,-0.043686754
5953.8234,-0.076793145
5955.2637,-0.078525616
5956.7041,0.024318448
5958.1448,-0.03492762
5959.5856,-0.047113493
5961.0266,-0.10374244
5962.4677,-0.08455302
5963.9091,-0.11242105
5965.3506,-0.0069543814
5966.7922,0.17955941
5968.2341,0.33731641
5969.6761,0.22317935
5971.1183,0.18224628
5972.5607,0.036739416
5974.0033,0.12652804
5975.446,0.030697123
5976.8889,0.047285877
5978.332,-0.058999815
5979.7752,-0.14175472
5981.2186,-0.15130565
5982.6622,-0.19222775
5984.106,-0.167789
5985.5499,-0.062303128
5986.9941,-0.0038747093
5988.4384,0.11991456
5989.8828,0.15220193
5991.3275,0.28645146
5992.7723,0.37364353
5994.2173,0.23077162
5995.6624,0.064371662
5997.1078,-0.1543145
5998.5533,-0.17692086
5999.999,-0.01390494
6001.4448,0.16741301
6002.8909,0.27552972
6004.3371,0.28430139
6005.7835,0.060394696
6007.23,0.11099918
6008.6768,0.080559278
6010.1237,0.25142794
6011.5707,0.15824568
6013.018,0.023234737
6014.4654,0.047702284
6015.913,-0.076848406
6017.3608,-0.062835632
6018.8088,-0.24489992
6020.2569,-0.26225695
6021.7052,-0.088762939
6023.1537,0.082118065
6024.6023,0.20332724
6026.0511,-0.057161563
6027.5001,-0.18954442
6028.9493,-0.11538996
6030.3986,-0.072606669
6031.8482,0.014622433
6033.2979,0.015578396
6034.7477,0.011306973
6036.1978,-0.00080621588
6037.648,-0.18546705
6039.0984,-0.13744678
6040.5489,-0.16001337
6041.9997,-0.064931533
6043.4506,-0.043050937
6044.9017,-0.15973106
6046.3529,-0.069873866
6047.8044,0.067043524
6049.256,0.15951784
6050.7078,0.16049026
6052.1597,0.10656209
6053.6119,0.092999772
6055.0642,-0.0016071037
6056.5166,-0.036082065
6057.9693,-0.04179766
6059.4221,-0.1050284
6060.8751,-0.13949977
6062.3283,-0.17919871
6063.7817,0.0033257694
6065.2352,0.044674975
6066.6889,0.21412995
6068.1428,0.20319397
6069.5968,0.14781473
6071.051,0.037534735
6072.5054,-0.03875714
6073.96,0.02874303
6075.4147,0.036113677
6076.8697,0.0042698336
6078.3248,0.029943525
6079.78,0.071304687
6081.2355,0.0682226
6082.6911,-0.034204697
6084.1469,-0.092186353
6085.6028,0.03806848
6087.059,0.063749345
6088.5153,0.063287615
6089.9718,-0.12540821
6091.4284,-0.25397213
6092.8853,-0.24658713
6094.3423,-0.20259964
6095.7995,-0.10370898
6097.2568,-0.044032821
6098.7143,0.03394519
6100.1721,0.15636884
6101.6299,0.17944728
6103.088,0.11886679
6104.5462,0.055673114
6106.0046,0.18333031
6107.4632,0.31360307
6108.9219,0.34714501
6110.3809,0.32055742
6111.84,0.33318672
6113.2992,0.26477146
6114.7587,0.12838353
6116.2183,0.13317328
6117.6781,0.25038252
6119.1381,0.30223348
6120.5982,0.2834974
6122.0585,0.1915599
6123.519,0.073479804
6124.9797,0.11487803
6126.4405,0.17719248
6127.9016,0.15846238
6129.3628,0.043001446
6130.8241,0.15760707
6132.2857,0.39770408
6133.7474,0.3868219
6135.2093,0.14587555
6136.6713,-0.11337025
6138.1336,-0.24189591
6139.596,-0.16388442
6141.0585,0.023932185
6142.5213,0.08625979
6143.9842,0.020484015
6145.4473,-0.050519322
6146.9106,0.1085439
6148.3741,0.23362138
6149.8377,0.23843862
6151.3015,0.19619824
6152.7655,0.10167147
6154.2296,0.090806022
6155.694,-0.022019011
6157.1585,-0.18713043
6158.6231,-0.17707726
6160.088,-0.12257844
6161.553,-0.01579085
6163.0182,-0.20224837
6164.4836,-0.28151552
6165.9491,-0.21960537
6167.4148,-0.1054068
6168.8807,-0.030423083
6170.3468,-0.08092873
6171.813,0.0071285476
6173.2794,-0.0041597473
6174.746,0.12311488
6176.2128,0.059540672
6177.6797,0.084856183
6179.1469,-0.0022457736
6180.6141,-0.065817485
6182.0816,0.017016865
6183.5492,0.10508081
6185.017,0.12517172
6186.485,-0.019442408
6187.9532,0.0084933132
6189.4215,0.12531876
6190.89,0.1715568
6192.3587,-0.046256617
6193.8276,-0.24053979
6195.2966,-0.28580252
6196.7658,-0.14282912
6198.2352,0.018445769
6199.7047,0.11174763
6201.1744,0.12139019
6202.6443,0.12841921
6204.1144,0.17205037
6205.5847,0.14509413
6207.0551,0.2200995
6208.5257,0.30033446
6209.9964,0.50606046
6211.4674,0.56799643
6212.9385,0.45215547
6214.4098,0.29448527
6215.8813,0.18126034
6217.3529,0.31117351
6218.8247,0.33389796
6220.2967,0.30956443
6221.7689,0.40549316
6223.2412,0.55893907
6224.7137,0.6391832
6226.1864,0.49982031
6227.6593,0.40490271
6229.1323,0.40933234
6230.6055,0.50003732
6232.0789,0.53322678
6233.5525,0.52197264
6235.0262,0.4139873
6236.5001,0.40534921
6237.9742,0.514359
6239.4484,0.62859838
6240.9229,0.65133533
6242.3975,0.62178553
6243.8722,0.58439343
6245.3472,0.48687144
6246.8223,0.52268362
6248.2976,0.4748365
6249.7731,0.5158791
6251.2487,0.35822972
6252.7246,0.40450275
6254.2006,0.61548249
6255.6767,0.76633234
6257.1531,0.72894774
6258.6296,0.67064893
6260.1063,0.62280847
6261.5831,0.62202767
6263.0602,0.53235881
6264.5374,0.48452086
6266.0148,0.53080138
6267.4924,0.46205005
6268.9701,0.54493355
6270.448,0.43435382
6271.9261,0.43880761
6273.4044,0.36221648
6274.8828,0.37451507
6276.3614,0.32929816
6277.8402,0.35989907
6279.3191,0.44017402
6280.7983,0.5073779
6282.2776,0.577197
6283.7571,0.44570974
6285.2367,0.42402723
6286.7165,0.2846985
6288.1965,0.40419413
6289.6767,0.36421347
6291.1571,0.25103103
6292.6376,0.13523504
6294.1183,0.14754446
6295.5992,0.091880855
6297.0802,0.036218085
6298.5614,0.035458108
6300.0428,0.2177055
6301.5244,0.39211059
6303.0061,0.37043808
6304.4881,0.32785137
6305.9701,0.21467726
6307.4524,0.20085038
6308.9349,0.15826617
6310.4175,0.15751286
6311.9003,0.1410741
6313.3832,0.21352507
6314.8664,0.25460432
6316.3497,0.14927918
6317.8332,0.085784933
6319.3168,0.082422239
6320.8007,0.21239371
6322.2847,0.22471896
6323.7688,0.13508425
6325.2532,0.068979792
6326.7377,0.018562439
6328.2224,-0.013553427
6329.7073,-0.0012240157
6331.1924,-0.046410111
6332.6776,0.031280443
6334.163,0.11942935
6335.6486,0.19712157
6337.1343,0.1650107
6338.6203,0.14597256
6340.1064,0.23151041
6341.5926,0.17587263
6343.0791,0.010431763
6344.5657,-0.22559651
6346.0525,-0.21587231
6347.5395,-0.20091853
6349.0266,-0.073545609
6350.5139,-0.053361399
6352.0014,0.032183121
6353.4891,0.0053101736
6354.9769,0.080398843
6356.4649,0.040455666
6357.9531,0.016199597
6359.4415,0.012859393
6360.93,-0.011395011
6362.4187,0.13167168
6363.9076,0.089118288
6365.3967,0.067480762
6366.8859,0.0092427624
6368.3753,-0.072523816
6369.8649,0.073161418
6371.3547,0.043684087
6372.8446,0.06910955
6374.3347,-0.044026246
6375.825,-0.15454683
6377.3154,-0.11081821
6378.8061,-0.18212145
6380.2969,-0.070417309
6381.7878,-0.081588156
6383.279,0.0039738562
6384.7703,0.0094327918
6386.2618,-0.013865805
6387.7535,0.062182641
6389.2453,0.0075127708
6390.7374,0.073104976
6392.2296,0.031508276
6393.7219,-0.046689093
6395.2145,-0.038611315
6396.7072,-0.067134207
6398.2001,0.089964454
6399.6931,0.066671596
6401.1864,0.14534016
6402.6798,0.19786557
6404.1734,0.16673149
6405.6671,0.067624186
6407.1611,-0.088998817
6408.6552,-0.073072163
6410.1495,-0.049301735
6411.6439,-0.035988185
6413.1386,0.00085541435
6414.6334,0.037699651
6416.1284,-0.0065012259
6417.6235,-0.15004787
6419.1189,-0.24653505
6420.6144,-0.10772748
6422.11,0.059838896
6423.6059,0.11237323
6425.1019,0.12569252
6426.5981,0.021365389
6428.0945,0.045143469
6429.591,-0.12977062
6431.0878,-0.082461857
6432.5847,-0.090054413
6434.0817,0.06967393
6435.579,0.13267088
6437.0764,0.085864554
6438.574,-0.0053855823
6440.0718,-0.11232136
6441.5697,-0.020563681
6443.0678,0.037207703
6444.5661,0.21524116
6446.0646,0.23118376
6447.5632,0.32555836
6449.0621,0.22124079
6450.561,0.21104151
6452.0602,0.1590128
6453.5595,0.16188668
6455.0591,0.17521872
6456.5587,0.22776709
6458.0586,0.30645988
6459.5586,0.21783305
6461.0588,0.15535065
6462.5592,0.090254504
6464.0598,0.087904096
6465.5605,0.0018941943
6467.0614,-0.031827488
6468.5625,0.052098527
6470.0637,0.031450015
6471.5652,0.010802141
6473.0668,-0.0020019575
6474.5686,0.11591354
6476.0705,0.05082313
6477.5726,-0.053482324
6479.0749,-0.029682565
6480.5774,-0.076470404
6482.08,-0.14678702
6483.5829,-0.32952129
6485.0859,-0.30310461
6486.589,-0.16949774
6488.0924,-0.10386409
6489.5959,0.068959743
6491.0996,0.058777674
6492.6034,0.082583171
6494.1075,0.051487345
6495.6117,0.051764706
6497.1161,0.20982824
6498.6207,0.15874158
6500.1254,0.14425638
6501.6303,0.0016667322
6503.1354,-0.012818198
6504.6406,0.022370214
6506.1461,-0.013029471
6507.6517,0.014316081
6509.1575,-0.00016829287
6510.6634,0.050706949
6512.1696,0.0048503043
6513.6759,-0.01747679
6515.1823,-0.016274333
6516.689,0.024143949
6518.1958,-0.013869003
6519.7028,-0.06756809
6521.21,-0.040221286
6522.7173,-0.039018134
6524.2249,0.040616529
6525.7326,0.031362443
6527.2404,0.19988627
6528.7485,0.13050175
6530.2567,0.079418011
6531.7651,0.033563174
6533.2737,0.08705488
6534.7824,0.10133104
6536.2913,-0.041255407
6537.8004,-0.037436485
6539.3097,-0.038846183
6540.8191,0.056476284
6542.3287,0.047223727
6543.8385,0.024899414
6545.3485,0.033947788
6546.8586,-0.022363175
6548.3689,-0.052530209
6549.8794,-0.12975593
6551.3901,-0.13639327
6552.9009,-0.12995858
6554.4119,-0.09476558
6555.9231,-0.12493192
6557.4345,-0.13156871
6558.946,-0.023172675
6560.4577,0.13751108
6561.9696,0.23283549
6563.4816,0.12946723
6564.9939,0.041785389
6566.5063,0.0037768865
6568.0188,0.11740251
6569.5316,0.10815246
6571.0445,-0.003058244
6572.5576,-0.14302697
6574.0709,-0.01371452
6575.5843,0.17050003
6577.098,0.22661015
6578.6117,0.12324328
6580.1257,0.26039943
6581.6399,0.29298056
6583.1542,0.27065986
6584.6687,0.088862173
6586.1833,0.10314306
6587.6982,0.13572474
6589.2132,0.23105166
6590.7284,0.24794734
6592.2437,0.34850329
6593.7593,0.31311167
6595.275,0.24634764
6596.7909,0.19004126
6598.3069,0.2749115
6599.8232,0.39899756
6601.3396,0.31393343
6602.8562,0.18181062
6604.3729,0.091518009
6605.8898,0.063970638
6607.4069,-0.00279228
6608.9242,-0.059097543
6610.4417,0.12250583
6611.9593,0.17077601
6613.4771,0.24257574
6614.9951,0.33267626
6616.5132,0.43846319
6618.0316,0.55732216
6619.5501,0.44611591
6621.0687,0.43425621
6622.5876,0.42239664
6624.1066,0.43145225
6625.6258,0.46142302
6627.1452,0.39727629
6628.6647,0.42986172
6630.1844,0.48597671
6631.7043,0.50287614
6633.2244,0.44918748
6634.7446,0.39549896
6636.265,0.42024196
6637.7856,0.5181877
6639.3064,0.563846
6640.8273,0.56506
6642.3484,0.7074506
6643.8697,0.74003743
6645.3912,0.84321263
6646.9128,0.61436182
6648.4346,0.51623011
6649.9566,0.54097435
6651.4787,0.56833311
6653.0011,0.70288155
6654.5236,0.75115562
6656.0463,0.77328604
6657.5691,0.84247543
6659.0921,0.6920571
6660.6153,0.72203108
6662.1387,0.7389333
6663.6623,0.81858075
6665.186,0.89822834
6666.7099,0.82101333
6668.234,0.95033441
6669.7582,1.0299824
6671.2826,1.0285848
6672.8072,0.97751415
6674.332,0.92644362
6675.8569,1.0766804
6677.382,1.1511004
6678.9073,1.3274812
6680.4328,1.3966727
6681.9584,1.4449493
6683.4843,1.5324417
6685.0102,1.5022872
6686.5364,1.5401066
6688.0627,1.6406714
6689.5893,1.8144388
6691.1159,1.9908208
6692.6428,2.1384448
6694.1698,2.4429316
6695.697,2.736961
6697.2244,2.8924286
6698.752,2.9720792
6700.2797,3.0987888
6701.8076,3.2673286
6703.3357,3.4646268
6704.8639,3.5547355
6706.3924,3.7102038
6707.921,3.7427965
6709.4497,3.8721213
6710.9787,3.8288973
6712.5078,3.7569152
6714.0371,3.7607502
6715.5666,3.8534743
6717.0962,3.9069829
6718.6261,3.9369621
6720.156,4.0767454
6721.6862,4.1433263
6723.2166,4.194221
6724.7471,4.0490374
6726.2778,4.0450304
6727.8086,3.9259909
6729.3397,3.893226
6730.8709,3.9624221
6732.4023,3.9819451
6733.9338,3.8942787
6735.4656,3.8301418
6736.9975,3.8156783
6738.5296,3.8064437
6740.0618,3.5645294
6741.5943,3.3905892
6743.1269,3.305538
6744.6596,3.4165654
6746.1926,3.4465472
6747.7257,3.4739147
6749.259,3.4385372
6750.7925,3.4554475
6752.3262,3.3364102
6753.86,3.2853469
6755.394,3.1663099
6756.9282,3.0368155
6758.4625,2.9256219
6759.997,2.9190036
6761.5317,2.8836273
6763.0666,2.7672054
6764.6017,2.7370581
6766.1369,2.6703096
6767.6723,2.6114044
6769.2078,2.3956366
6770.7436,2.3681043
6772.2795,2.2386113
6773.8156,2.2136936
6775.3519,2.1208022
6776.8883,2.1638586
6778.4249,2.1546276
6779.9617,2.1244817
6781.4987,2.0472771
6783.0358,1.8811838
6784.5731,1.8876396
6786.1106,1.862723
6787.6482,1.7829046
6789.1861,1.797204
6790.7241,1.7435297
6792.2623,1.7813587
6793.8006,1.7381422
6795.3392,1.6243375
6796.8779,1.5837357
6798.4167,1.5797352
6799.9558,1.6620094
6801.495,1.6187936
6803.0344,1.431787
6804.574,1.4565453
6806.1137,1.4603887
6807.6537,1.4616178
6809.1938,1.4706903
6810.734,1.5581942
6812.2745,1.6718421
6813.8151,1.7959476
6815.3559,1.8939095
6816.8969,1.9186689
6818.438,1.7996376
6819.9793,1.7093646
6821.5208,1.6086342
6823.0625,1.6412373
6824.6043,1.6189385
6826.1463,1.8057903
6827.6885,1.9455833
6829.2309,2.0487752
6830.7734,1.9977189
6832.3161,1.8394731
6833.859,1.8616197
6835.4021,2.0144853
6836.9453,2.146436
6838.4887,2.1528967
6840.0323,1.9136059
6841.576,1.7422891
6843.12,1.7121489
6844.6641,1.7682834
6846.2083,1.9289931
6847.7528,2.0531017
6849.2974,2.1092366
6850.8422,2.0529533
6852.3872,1.9862126
6853.9323,2.0789492
6855.4777,2.1847578
6857.0232,2.2539653
6858.5688,2.2918003
6860.1147,2.2851911
6861.6607,2.3021114
6863.2069,2.2902736
6864.7533,2.278436
6866.2998,2.2848992
6867.8465,2.2312318
6869.3934,2.3893293
6870.9405,2.4297798
6872.4877,2.5303612
6874.0351,2.4557794
6875.5827,2.5746617
6877.1305,2.6229559
6878.6784,2.7679823
6880.2265,2.8920938
6881.7748,3.0031336
6883.3233,3.0095983
6884.8719,3.0265207
6886.4207,3.2839661
6887.9697,3.4708233
6889.5188,3.6498376
6891.0682,3.7190482
6892.6177,3.913749
6894.1674,3.8836134
6895.7172,3.9789681
6897.2672,4.2050419
6898.8174,4.7160832
6900.3678,4.9473861
6901.9184,5.1943753
6903.4691,5.2949595
6905.02,5.4399883
6906.571,5.4699845
6908.1223,5.7483469
6909.6737,6.1103695
6911.2253,6.3573596
6912.7771,6.2618662
6914.329,6.2395755
6915.8811,6.2538863
6917.4334,6.4119881
6918.9859,6.5727044
6920.5385,6.652375
6922.0913,6.664072
6923.6443,6.709756
6925.1975,6.9410611
6926.7508,7.080863
6928.3043,7.0219723
6929.858,6.7957615
6931.4119,6.7525573
6932.9659,6.8139284
6934.5201,6.9432736
6936.0745,7.1170633
6937.6291,7.0294152
6939.1838,6.8032052
6940.7387,6.4802633
6942.2938,6.4684327
6943.849,6.4879747
6945.4044,6.2617652
6946.96,5.9623533
6948.5158,5.6446409
6950.0718,5.7478436
6951.6279,5.8484321
6953.1842,6.0692821
6954.7407,6.0469951
6956.2973,5.7763422
6957.8541,5.6154933
6959.4111,5.4389583
6960.9683,5.466345
6962.5256,5.2924247
6964.0831,5.0792888
6965.6408,4.8975256
6967.1987,4.8726252
6968.7567,4.7222349
6970.3149,4.747008
6971.8733,4.6044611
6973.4319,4.488058
6974.9906,4.3585833
6976.5495,4.1715923
6978.1086,4.1466929
6979.6679,4.0172186
6981.2273,3.9426463
6982.7869,3.9621918
6984.3467,3.8719335
6985.9067,3.8365774
6987.4668,3.6992606
6989.0271,3.4652119
6990.5876,3.4141698
6992.1482,3.2585528
6993.709,3.2127398
6995.27,3.0492799
6996.8312,2.9276502
6998.3926,2.884452
6999.9541,2.786352
7001.5158,2.8425005
7003.0777,2.8515903
7004.6397,2.9678698
7006.2019,2.9246723
7007.7643,2.7089259
7009.3269,2.6003692
7010.8896,2.5833159
7012.4525,2.7231255
7014.0156,2.6459418
7015.5789,2.6315033
7017.1423,2.6562806
7018.7059,2.6209274
7020.2697,2.6535481
7021.8337,2.7306135
7023.3978,2.7972214
7024.9621,2.6285354
7026.5266,2.2925292
7028.0913,2.2702487
7029.6561,2.3447004
7031.2211,2.4008515
7032.7863,2.25831
7034.3517,2.23603
7035.9172,2.2947959
7037.4829,2.3770914
7039.0488,2.2606942
7040.6148,2.3063887
7042.181,2.2710375
7043.7474,2.1833989
7045.314,2.148048
7046.8808,2.1780568
7048.4477,2.2211375
7050.0148,2.1518001
7051.582,2.2340969
7053.1495,2.3242369
7054.7171,2.3071875
7056.2849,2.1672624
7057.8529,2.1240695
7059.421,2.0861055
7060.9893,1.9801678
7062.5578,2.0650798
7064.1265,2.1552208
7065.6953,2.2741201
7067.2643,2.079294
7068.8335,2.0361021
7070.4029,2.0687273
7071.9724,2.1065814
7073.5421,2.0816905
7075.112,2.1692181
7076.6821,2.2384452
7078.2523,2.174339
7079.8227,2.0657886
7081.3933,2.0565847
7082.964,2.1571849
7084.535,2.0643211
7086.1061,2.0002157
7087.6774,1.9047378
7089.2488,1.9190641
7090.8204,1.964763
7092.3922,1.9607888
7093.9642,1.8914553
7095.5364,1.7306187
7097.1087,1.6691286
7098.6812,1.8011027
7100.2538,1.9278482
7101.8267,1.8271428
7103.3997,1.598333
7104.9729,1.4322685
7106.5463,1.4465962
7108.1198,1.4975254
7109.6935,1.543226
7111.2674,1.5000378
7112.8415,1.396719
7114.4157,1.3849037
7115.9901,1.2998858
7117.5647,1.3168289
7119.1395,1.3180859
7120.7144,1.39516
7122.2895,1.3650447
7123.8648,1.3218576
7125.4403,1.4825922
7127.0159,1.6407126
7128.5917,1.7021012
7130.1677,1.5334244
7131.7438,1.4222642
7133.3202,1.4339799
7134.8967,1.5371991
7136.4733,1.4835556
7138.0502,1.3096508
7139.6272,1.3161384
7141.2044,1.3356979
7142.7818,1.509506
7144.3593,1.4009612
7145.9371,1.3577761
7147.515,1.3119768
7149.093,1.2635632
7150.6713,1.3510974
7152.2497,1.2451677
7153.8283,1.3483885
7155.407,1.2842892
7156.986,1.2306476
7158.5651,1.1717773
7160.1444,1.1861097
7161.7239,1.2344293
7163.3035,1.3716378
7164.8833,1.3075393
7166.4633,1.2852711
7168.0435,1.2028722
7169.6238,1.0969441
7171.2043,1.121735
7172.785,1.0341078
7174.3658,1.0615134
7175.9469,1.060161
7177.5281,0.99867803
7179.1095,1.005169
7180.691,1.0247321
7182.2727,1.1305697
7183.8546,1.2416363
7185.4367,1.0964939
7187.019,0.89906403
7188.6014,0.88986959
7190.184,0.92773411
7191.7668,1.0701739
7193.3497,0.97993416
7194.9328,1.0700867
7196.5161,1.0452067
7198.0996,0.99156861
7199.6833,0.90655815
7201.2671,0.87383541
7202.8511,0.9927468
7204.4352,1.0123119
7206.0196,1.0554066
7207.6041,0.92595238
7209.1888,0.89061595
7210.7736,0.87358032
7212.3587,0.90098928
7213.9439,1.0382023
7215.5293,0.98979453
7217.1148,0.97798821
7218.7006,0.77533236
7220.2865,0.63280737
7221.8726,0.56348513
7223.4588,0.54645061
7225.0453,0.80131165
7226.6319,0.80780682
7228.2186,0.83521717
7229.8056,0.78681066
7231.3927,0.77239121
7232.98,0.84424642
7234.5675,0.76708215
7236.1551,0.82848012
7237.743,0.85850567
7239.331,0.82840065
7240.9191,0.74600818
7242.5075,0.54074004
7244.096,0.45834785
7245.6847,0.47791659
7247.2736,0.53931553
7248.8626,0.74450545
7250.4518,0.74315957
7252.0412,0.73919945
7253.6308,0.54961856
7255.2205,0.65807702
7256.8105,0.70901927
7258.4005,0.65015775
7259.9908,0.52855126
7261.5813,0.50106257
7263.1719,0.52063283
7264.7626,0.45915748
7266.3536,0.42382606
7267.9447,0.6996059
7269.5361,0.90479763
7271.1275,0.88253852
7272.7192,0.74786126
7274.311,0.66024295
7275.903,0.69811498
7277.4952,0.67062768
7279.0876,0.50457842
7280.6801,0.37774498
7282.2728,0.33980057
7283.8657,0.4770197
7285.4587,0.62992525
7287.0519,0.56583747
7288.6453,0.55142303
7290.2389,0.45073422
7291.8327,0.4938364
7293.4266,0.53170996
7295.0207,0.62971437
7296.615,0.65451632
7298.2094,0.58781513
7299.804,0.50804219
7301.3988,0.56683148
7302.9938,0.61254901
7304.5889,0.50140393
7306.1842,0.29614135
7307.7797,0.22421224
7309.3754,0.31176039
7310.9712,0.45682502
7312.5672,0.52345842
7314.1634,0.56656255
7315.7598,0.62273871
7317.3563,0.58218298
7318.953,0.55992804
7320.5499,0.41741181
7322.147,0.3768565
7323.7442,0.42257584
7325.3416,0.49705349
7326.9392,0.51662931
7328.5369,0.51529024
7330.1349,0.55839576
7331.733,0.67993279
7333.3312,0.64460721
7334.9297,0.57006608
7336.5283,0.5321264
7338.1271,0.65366399
7339.7261,0.61311021
7341.3252,0.62222977
7342.9246,0.58429064
7344.524,0.64831244
7346.1237,0.63390301
7347.7236,0.48877476
7349.3236,0.48482312
7350.9238,0.5462311
7352.5241,0.63639738
7354.1247,0.62983178
7355.7254,0.57359312
7357.3263,0.64807355
7358.9273,0.69379594
7360.5286,0.63755769
7362.13,0.59962024
7363.7316,0.63227116
7365.3333,0.67015098
7366.9353,0.61914204
7368.5374,0.55767573
7370.1397,0.5537259
7371.7421,0.6255932
7373.3448,0.65824495
7374.9476,0.63599488
7376.5505,0.57975803
7378.1537,0.53136445
7379.757,0.59277493
7381.3605,0.61235548
7382.9642,0.49860284
7384.5681,0.40837975
7386.1721,0.52469274
7387.7763,0.63577712
7389.3806,0.54032569
7390.9852,0.34029923
7392.5899,0.27622063
7394.1948,0.28795916
7395.7999,0.19250828
7397.4051,0.11274382
7399.0105,0.019907601
7400.6161,0.057790476
7402.2219,0.10090225
7403.8278,0.23028867
7405.434,0.33091706
7407.0402,0.28252598
7408.6467,0.23152066
7410.2533,0.052410908
7411.8602,-0.0038228904
7413.4671,0.0837343
7415.0743,0.11638967
7416.6816,0.22224779
7418.2891,0.12418448
7419.8968,0.09148079
7421.5047,0.22348312
7423.1127,0.20908036
7424.7209,0.33585421
7426.3293,0.25347787
7427.9379,0.23646115
7429.5466,0.24558836
7431.1555,0.17628433
7432.7646,0.18018306
7434.3738,0.069049246
7435.9832,0.038961323
7437.5928,0.11083432
7439.2026,0.18532184
7440.8126,0.22320819
7442.4227,0.18789207
7444.033,0.17871988
7445.6434,0.18784847
7447.2541,0.223121
7448.8649,0.26362243
7450.4759,0.27536582
7452.0871,0.29233811
7453.6984,0.31715368
7455.3099,0.36811318
7456.9216,0.45305974
7458.5335,0.41774501
7460.1455,0.33537159
7461.7577,0.19548197
7463.3701,0.20722648
7464.9827,0.3340038
7466.5954,0.48692506
7468.2083,0.40193796
7469.8214,0.33786603
7471.4346,0.28425175
7473.0481,0.46070297
7474.6617,0.46983408
7476.2755,0.518181
7477.8894,0.48548231
7479.5035,0.55735893
7481.1178,0.48283046
7482.7323,0.38215833
7484.347,0.42004844
7485.9618,0.41087986
7487.5768,0.3912539
7489.192,0.31672612
7490.8073,0.44873443
7492.4228,0.64348797
7494.0385,0.63432009
7495.6544,0.4186164
7497.2704,0.38853376
7498.8867,0.35583688
7500.503,0.43032968
7502.1196,0.36626053
7503.7364,0.40938106
7505.3533,0.45250173
7506.9704,0.41980555
7508.5876,0.4498546
7510.2051,0.46421752
7511.8227,0.39492045
7513.4405,0.39098299
7515.0584,0.35567312
7516.6765,0.43801045
7518.2949,0.30335446
7519.9133,0.12686854
7521.532,0.031428506
7523.1508,0.019648745
7524.7698,0.16211749
7526.389,0.20001121
7528.0084,0.22483317
7529.6279,0.24181214
7531.2476,0.23526183
7532.8675,0.25746983
7534.4875,0.094057057
7536.1077,0.014304553
7537.7281,-0.083748467
7539.3487,0.12669539
7540.9695,0.22994983
7542.5904,0.2730737
7544.2115,0.18025
7545.8327,0.06128264
7547.4542,0.049504965
7549.0758,-0.017174532
7550.6976,0.033793169
7552.3196,0.019401532
7553.9417,-0.031591274
7555.564,-0.030296358
7557.1865,-0.062988232
7558.8092,0.045496504
7560.432,0.020648045
7562.055,0.048087308
7563.6782,0.031082265
7565.3016,-0.0016089139
7566.9251,-0.026456816
7568.5488,-0.006860135
7570.1727,0.12254061
7571.7967,0.18658201
7573.421,0.15650591
7575.0454,0.17610314
7576.6699,0.25583124
7578.2947,0.31464444
7579.9196,0.31855582
7581.5447,0.33553924
7583.17,0.31069272
7584.7955,0.21002936
7586.4211,0.17733999
7588.0469,0.24399716
7589.6729,0.22437996
7591.299,0.18123349
7592.9253,0.0099825847
7594.5518,0.16030044
7596.1785,0.19820014
7597.8053,0.33021763
7599.4323,0.24524179
7601.0595,0.18902426
7602.6869,0.23999641
7604.3144,0.29619745
7605.9422,0.36547053
7607.57,0.39814245
7609.1981,0.33408247
7610.8263,0.3249246
7612.4548,0.43079955
7614.0833,0.55758966
7615.7121,0.59549103
7617.341,0.49744482
7618.9701,0.45168634
7620.5994,0.46867309
7622.2289,0.43598678
7623.8585,0.54970583
7625.4883,0.59022241
7627.1183,0.62028161
7628.7484,0.57713834
7630.3788,0.44510632
7632.0093,0.49608097
7633.6399,0.41895119
7635.2708,0.4725405
7636.9018,0.49998616
7638.533,0.46730123
7640.1644,0.50781907
7641.7959,0.44376187
7643.4277,0.53395319
7645.0596,0.65813156
7646.6916,0.60976106
7648.3239,0.65289397
7649.9563,0.58099433
7651.5889,0.64504255
7653.2216,0.70647653
7654.8546,0.66333548
7656.4877,0.67509653
7658.121,0.68685772
7659.7544,0.83195239
7661.3881,0.8881583
7663.0219,0.68292644
7664.6559,0.59534178
7666.29,0.51037164
7667.9244,0.62409445
7669.5589,0.58879779
7671.1936,0.46199801
7672.8284,0.37702842
7674.4634,0.36264721
7676.0986,0.45022693
7677.734,0.49859109
7679.3696,0.40839331
7681.0053,0.29466625
7682.6412,0.12603737
7684.2773,0.13257203
7685.9135,0.26198264
7687.55,0.36263522
7689.1866,0.24106572
7690.8233,0.11949636
7692.4603,-0.0099160008
7694.0974,0.14825348
7695.7347,0.29596558
7697.3722,0.36524645
7699.0098,0.24890654
7700.6476,0.1038086
7702.2856,0.099887269
7703.9238,0.1064236
7705.5621,0.17570516
7707.2006,0.22407183
7708.8393,0.16786347
7710.4782,-0.003377424
7712.1172,-0.14586001
7713.7564,-0.11056468
7715.3958,0.011005298
7717.0354,0.15087607
7718.6751,0.26198881
7720.315,0.20578143
7721.9551,0.15480294
7723.5953,0.061994532
7725.2358,0.12082025
7726.8764,0.13781604
7728.5172,0.20709954
7730.1581,0.23193875
7731.7992,0.20971927
7733.4405,0.25547378
7735.082,0.26462713
7736.7237,0.23979369
7738.3655,0.1757447
7740.0075,0.11953898
7741.6497,0.13130727
7743.292,0.07510183
7744.9345,0.13392921
7746.5772,0.13785477
7748.2201,0.086878515
7749.8631,0.014987361
7751.5063,-0.083047445
7753.1497,-0.14186642
7754.7933,-0.14055455
7756.437,-0.17584384
7758.081,0.00063171671
7759.725,0.0019440115
7761.3693,0.13658978
7763.0137,-0.011117256
7764.6583,-0.05163461
7766.3031,-0.052936138
7767.9481,-0.038551252
7769.5932,-0.058153156
7771.2385,-0.15095754
7772.884,-0.14964413
7774.5297,-0.16140248
7776.1755,-0.068585524
7777.8215,-0.077729216
7779.4677,-0.011055776
7781.114,-0.02019919
7782.7606,0.038631391
7784.4073,-0.062015013
7786.0541,-0.086844284
7787.7012,-0.093372763
7789.3484,-0.063299796
7790.9958,0.079191611
7792.6434,0.09880734
7794.2911,0.021691182
7795.939,-0.086797386
7797.5871,-0.091962648
7799.2354,0.049277326
7800.8838,-0.0081755044
7802.5325,-0.063013949
7804.1813,-0.065564805
7805.8302,-0.086416308
7807.4794,-0.0053070198
7809.1287,0.039200968
7810.7782,0.16998347
7812.4278,0.1229882
7814.0777,0.094293598
7815.7277,0.078670894
7817.3779,0.14147957
7819.0282,0.27226211
7820.6787,0.33768517
7822.3295,0.38480759
7823.9803,0.2724529
7825.6314,0.23068644
7827.2826,0.33532522
7828.934,0.44048688
7830.5856,0.56447208
7832.2374,0.60688866
7833.8893,0.60852093
7835.5414,0.60858458
7837.1937,0.52864824
7838.8461,0.51616289
7840.4987,0.6213246
7842.1515,0.75629023
7843.8045,0.88341274
7845.4576,1.0419078
7847.111,1.1298146
7848.7645,1.1581136
7850.4181,1.1942558
7852.072,1.2241234
7853.726,1.2445793
7855.3802,1.3497411
7857.0345,1.4141185
7858.6891,1.453398
7860.3438,1.6228735
7861.9987,1.6496039
7863.6537,1.6371187
7865.309,1.656006
7866.9644,1.6497952
7868.62,1.5635845
7870.2757,1.5495306
7871.9317,1.5637121
7873.5878,1.55907
7875.2441,1.5434475
7876.9005,1.5231192
7878.5571,1.4839673
7880.2139,1.4903057
7881.8709,1.4872323
7883.5281,1.4904334
7885.1854,1.5453992
7886.8429,1.5925219
7888.5006,1.5125857
7890.1584,1.5126496
7891.8164,1.5487919
7893.4746,1.4531695
7895.133,1.3763707
7896.7916,1.3921208
7898.4503,1.407871
7900.1092,1.3420526
7901.7682,1.3625087
7903.4275,1.3562981
7905.0869,1.3218522
7906.7465,1.2293671
7908.4063,1.2059017
7910.0662,1.2373382
7911.7263,1.3550492
7913.3866,1.4178582
7915.0471,1.4979222
7916.7077,1.5638685
7918.3685,1.545109
7920.0295,1.545173
7921.6906,1.5656291
7923.352,1.600203
7925.0135,1.6190905
7926.6752,1.6975859
7928.337,1.7462774
7929.999,1.7259492
7931.6613,1.7918956
7933.3236,1.8813715
7934.9862,1.8704551
7936.6489,1.9348329
7938.3118,2.0117597
7939.9749,2.0541767
7941.6381,2.1012996
7943.3016,2.2111676
7944.9652,2.1829964
7946.6289,2.2222762
7948.2929,2.2772423
7949.957,2.3071103
7951.6213,2.4718803
7953.2857,2.6570425
7954.9504,2.8092635
7956.6152,2.887759
7958.2802,2.9740977
7959.9454,2.939652
7961.6107,2.9475593
7963.2762,3.0166431
7964.9419,3.0982759
7966.6078,3.220693
7968.2738,3.3446788
7969.94,3.4906253
7971.6064,3.5816699
7973.273,3.6868321
7974.9397,3.7637591
7976.6066,3.8689214
7978.2737,4.0132993
7979.9409,4.2188538
7981.6084,4.3036239
7983.276,4.4621195
7984.9437,4.63787
7986.6117,4.8198951
7988.2798,5.0725084
7989.9481,5.323553
7991.6166,5.5291075
7993.2852,5.7942698
7994.9541,6.0657067
7996.6231,6.213222
7998.2922,6.5348549
7999.9616,6.8455074
8001.6311,7.0934149
8003.3008,7.4417145
8004.9707,7.8088377
8006.6407,8.1241961
8008.3109,8.4442605
8009.9813,8.8976582
8011.6519,9.2192912
8013.3226,9.6099438
8014.9935,10.149616
8016.6646,10.802229
8018.3359,11.50347
8020.0073,12.130986
8021.6789,12.865168
8023.3507,13.520918
8025.0227,14.195493
8026.6948,14.95791
8028.3671,16.023072
8030.0396,17.152549
8031.7122,18.437319
8033.3851,19.77856
8035.0581,21.105683
8036.7312,22.432806
8038.4046,23.83993
8040.0781,25.325484
8041.7518,27.010255
8043.4257,28.795417
8045.0997,30.552345
8046.774,32.252801
8048.4484,33.967375
8050.1229,35.493715
8051.7977,37.065544
8053.4726,38.56051
8055.1477,40.397438
8056.823,42.295541
8058.4984,44.148155
8060.174,45.654102
8061.8498,47.211813
8063.5258,48.629917
8065.2019,49.702923
8066.8782,50.725733
8068.5547,51.710895
8070.2314,52.648999
8071.9082,53.03024
8073.5852,53.351873
8075.2624,53.466448
8076.9398,53.497885
8078.6173,53.488538
8080.295,53.615661
8081.9729,53.716118
8083.6509,53.716183
8085.3292,53.659777
8087.0076,53.322587
8088.6861,52.739122
8090.3649,51.976834
8092.0438,51.10631
8093.7229,50.515002
8095.4022,49.726047
8097.0816,48.772386
8098.7613,47.723039
8100.4411,46.639183
8102.121,45.092581
8103.8012,43.652645
8105.4815,42.322514
8107.162,41.026892
8108.8426,39.57284
8110.5235,38.151728
8112.2045,36.835714
8113.8857,35.557348
8115.5671,34.329177
8117.2486,33.375516
8118.9303,32.519111
8120.6122,31.562313
8122.2943,30.71375
8123.9765,29.924795
8125.6589,29.240938
8127.3415,28.46767
8129.0242,27.838715
8130.7072,27.299172
8132.3903,26.761198
8134.0736,26.26087
8135.757,25.790347
8137.4406,25.316686
8139.1245,24.855575
8140.8084,24.532502
8142.4926,24.085509
8144.1769,23.785966
8145.8614,23.538187
8147.5461,23.31237
8149.2309,22.956356
8150.9159,22.598774
8152.6011,22.297663
8154.2865,22.034198
8155.9721,21.540146
8157.6578,21.260995
8159.3437,21.182628
8161.0297,21.021125
8162.716,20.817268
8164.4024,20.748313
8166.089,20.553869
8167.7758,20.279424
8169.4627,20.078704
8171.1498,19.88426
8172.8371,19.689815
8174.5245,19.636547
8176.2122,19.509553
8177.9,19.417069
8179.588,19.344977
8181.2761,19.166218
8182.9645,18.965499
8184.653,18.901251
8186.3417,18.926414
8188.0305,18.976675
8189.7195,19.077132
8191.4087,19.089746
8193.0981,19.129027
8194.7877,19.174582
8196.4774,19.179353
8198.1673,19.25785
8199.8574,19.308111
8201.5476,19.469745
8203.238,19.44628
8204.9286,19.513796
8206.6194,19.64092
8208.3103,19.863731
8210.0015,19.935953
8211.6928,20.100724
8213.3842,20.180789
8215.0759,20.26556
8216.7677,20.392684
8218.4597,20.544906
8220.1518,20.673599
8221.8442,20.767781
8223.5367,20.733337
8225.2294,20.717716
8226.9222,20.706801
8228.6153,20.692748
8230.3085,20.727323
8232.0019,20.848173
8233.6954,20.896865
8235.3891,21.017715
8237.0831,21.077388
8238.7771,21.086865
8240.4714,21.014774
8242.1658,20.828172
8243.8604,20.560002
8245.5552,20.373401
8247.2501,20.172682
8248.9453,20.048826
8250.6406,20.070852
8252.336,20.014446
8254.0317,19.942355
8255.7275,19.873401
8257.4235,19.78876
8259.1197,19.578629
8260.816,19.312028
8262.5125,19.014054
8264.2092,18.777257
8265.9061,18.560852
8267.6031,18.261309
8269.3004,18.043335
8270.9978,17.847322
8272.6953,17.47876
8274.3931,17.191767
8276.091,16.956538
8277.7891,16.749545
8279.4873,16.512747
8281.1857,16.426538
8282.8844,16.227388
8284.5831,16.101963
8286.2821,15.934186
8287.9812,15.735035
8289.6805,15.535885
8291.38,15.344578
8293.0797,15.181506
8294.7795,14.952552
8296.4795,14.808304
8298.1797,14.806801
8299.88,14.799023
8301.5806,14.741049
8303.2813,14.777193
8304.9821,14.701965
8306.6832,14.582815
8308.3844,14.499743
8310.0858,14.473142
8311.7874,14.477913
8313.4891,14.393273
8315.191,14.493731
8316.8931,14.4436
8318.5954,14.280529
8320.2978,14.178633
8322.0004,14.228895
8323.7032,14.073667
8325.4062,14.090987
8327.1093,14.141249
8328.8126,14.059746
8330.5161,14.039419
8332.2198,13.93125
8333.9236,13.79955
8335.6276,13.772949
8337.3318,13.826348
8339.0362,13.788767
8340.7407,13.87197
8342.4454,13.98184
8344.1503,13.977199
8345.8553,13.873736
8347.5606,13.782821
8349.266,13.706024
8350.9715,13.62609
8352.6773,13.532038
8354.3832,13.511711
8356.0893,13.55413
8357.7956,13.543215
8359.502,13.571516
8361.2087,13.736288
8362.9155,13.855569
8364.6224,13.858772
8366.3296,13.967073
8368.0369,13.960865
8369.7444,13.851127
8371.4521,13.896683
8373.1599,14.011258
8374.8679,13.994069
8376.5761,14.061586
8378.2845,14.21224
8379.993,14.185639
8381.7017,14.220215
8383.4106,14.380281
8385.1197,14.488582
8386.8289,14.50904
8388.5383,14.612635
8390.2479,14.746034
8391.9576,14.744531
8393.6676,14.680284
8395.3777,14.735251
8397.088,14.885906
8398.7984,14.931462
8400.509,14.956626
8402.2198,15.055515
8403.9308,15.192052
8405.642,15.290941
8407.3533,15.441595
8409.0648,15.582838
8410.7765,15.760158
8412.4883,15.846499
8414.2003,16.061467
8415.9125,16.337611
8417.6249,16.649834
8419.3374,16.98088
8421.0502,17.36526
8422.7631,17.602189
8424.4761,17.803039
8426.1894,18.091733
8427.9028,18.460426
8429.6164,18.85108
8431.3301,19.241735
8433.0441,19.659056
8434.7582,20.128141
8436.4725,20.653697
8438.1869,21.086705
8439.9016,21.530692
8441.6164,22.042131
8443.3314,22.482981
8445.0465,22.83442
8446.7618,23.254878
8448.4773,23.822787
8450.193,24.232265
8451.9089,24.712331
8453.6249,25.197103
8455.3411,25.595601
8457.0575,25.893706
8458.774,26.345537
8460.4908,26.496191
8462.2077,26.632728
8463.9247,26.874363
8465.642,26.981096
8467.3594,27.020378
8469.077,27.119267
8470.7948,27.188353
8472.5127,27.287243
8474.2308,27.295152
8475.9491,27.154042
8477.6676,27.260775
8479.3862,27.271821
8481.105,27.060123
8482.824,26.865679
8484.5432,26.718295
8486.2625,26.487773
8487.982,26.233721
8489.7017,25.959278
8491.4216,25.615814
8493.1416,25.248822
8494.8618,24.7783
8496.5822,24.398758
8498.3028,24.066276
8500.0235,23.755754
8501.7444,23.456212
8503.4655,23.151965
8505.1867,22.73007
8506.9082,22.309744
8508.6298,22.011772
8510.3515,21.589877
8512.0735,21.100532
8513.7956,20.684912
8515.5179,20.344586
8517.2404,19.925829
8518.963,19.63413
8520.6859,19.456942
8522.4089,19.257793
8524.132,19.003741
8525.8554,18.723023
8527.5789,18.465835
8529.3026,18.156882
8531.0264,17.791458
8532.7505,17.463681
8534.4747,17.222179
8536.1991,16.935187
8537.9236,16.679567
8539.6484,16.599633
8541.3733,16.551072
8543.0984,16.381727
8544.8236,16.207676
8546.5491,16.091664
8548.2747,15.898789
8550.0005,15.658856
8551.7264,15.516177
8553.4526,15.475459
8555.1789,15.361016
8556.9053,15.339122
8558.632,15.251345
8560.3588,15.271804
8562.0858,15.204419
8563.813,15.118211
8565.5403,14.981807
8567.2679,14.873639
8568.9956,14.734097
8570.7234,14.603968
8572.4515,14.531878
8574.1797,14.494297
8575.9081,14.527305
8577.6367,14.565018
8579.3654,14.577634
8581.0943,14.551034
8582.8234,14.558944
8584.5527,14.544893
8586.2821,14.474371
8588.0117,14.42581
8589.7415,14.43372
8591.4715,14.352218
8593.2016,14.278559
8594.9319,14.215881
8596.6624,14.219085
8598.3931,14.157975
8600.1239,14.107846
8601.8549,14.123599
8603.5861,14.151901
8605.3175,14.200595
8607.049,14.188112
8608.7807,14.131709
8610.5126,14.02354
8612.2446,13.902822
8613.9769,13.807203
8615.7093,13.793152
8617.4418,13.827728
8619.1746,13.787011
8620.9075,13.871784
8622.6406,13.867144
8624.3739,13.893878
8626.1073,13.87669
8627.841,13.926953
8629.5748,13.916039
8631.3087,13.927086
8633.0429,13.809506
8634.7772,13.773494
8636.5117,13.771993
8638.2463,13.662256
8639.9812,13.565067
8641.7162,13.632585
8643.4514,13.563633
8645.1867,13.477425
8646.9223,13.421021
8648.658,13.336382
8650.3939,13.25488
8652.1299,13.121614
8653.8662,13.032269
8655.6026,13.046454
8657.3392,12.888089
8659.0759,12.908548
8660.8129,12.932145
8662.55,12.852211
8664.2872,12.78169
8666.0247,12.791169
8667.7623,12.673589
8669.5001,12.560715
8671.2381,12.56235
8672.9762,12.521633
8674.7146,12.573464
8676.4531,12.565688
8678.1917,12.568893
8679.9306,12.581509
8681.6696,12.559615
8683.4088,12.437329
8685.1482,12.349553
8686.8877,12.313541
8688.6274,12.318314
8690.3673,12.261911
8692.1074,12.268252
8693.8476,12.236947
8695.588,12.244857
8697.3286,12.16963
8699.0694,12.127344
8700.8103,12.193293
8702.5514,12.202772
8704.2927,12.132251
8706.0342,12.000553
8707.7758,11.89866
8709.5176,11.741864
8711.2596,11.67448
8713.0018,11.652587
8714.7441,11.611869
8716.4866,11.552329
8718.2293,11.572788
8719.9721,11.52109
8721.7152,11.497628
8723.4584,11.535342
8725.2017,11.538547
8726.9453,11.491555
8728.689,11.410054
8730.4329,11.364631
8732.177,11.320776
8733.9212,11.342804
8735.6656,11.231499
8737.4102,11.179802
8739.155,11.129673
8740.8999,11.114054
8742.6451,11.04667
8744.3904,11.024776
8746.1358,10.987196
8747.8815,10.929225
8749.6273,10.846155
8751.3733,10.833673
8753.1194,10.846289
8754.8658,10.877729
8756.6123,10.924855
8758.359,10.921785
8760.1058,10.906166
8761.8529,10.947018
8763.6001,10.868654
8765.3474,10.826368
8767.095,10.831141
8768.8427,10.82964
8770.5906,10.749707
8772.3387,10.807814
8774.087,10.759254
8775.8354,10.709125
8777.584,10.660565
8779.3328,10.593181
8781.0817,10.550896
8782.8308,10.619983
8784.5801,10.610638
8786.3296,10.585608
8788.0793,10.645283
8789.8291,10.615547
8791.5791,10.496398
8793.3292,10.425877
8795.0796,10.399278
8796.8301,10.346012
8798.5808,10.325688
8800.3317,10.358696
8802.0827,10.424646
8803.8339,10.498439
8805.5853,10.424781
8807.3369,10.365241
8809.0886,10.239818
8810.8405,10.119101
8812.5926,9.9826981
8814.3449,9.9702165
8816.0973,9.920088
8817.8499,9.9295673
8819.6027,9.9484583
8821.3556,9.8936239
8823.1088,9.8685934
8824.8621,9.9204257
8826.6155,9.8922579
8828.3692,9.8609529
8830.123,9.8939617
8831.877,9.8924606
8833.6312,9.8015478
8835.3855,9.6996546
8837.1401,9.6087418
8838.8948,9.4770447
8840.6496,9.3704457
8842.4047,9.2669839
8844.1599,9.2513652
8845.9153,9.2812368
8847.6709,9.2624809
8849.4266,9.2578426
8851.1825,9.2939887
8852.9386,9.2595466
8854.6949,9.2188299
8856.4513,9.2126231
8858.2079,9.123279
8859.9647,9.1107977
8861.7217,9.1234144
8863.4788,9.0952468
8865.2361,9.0702164
8866.9936,9.0812646
8868.7513,9.0358421
8870.5091,9.0421843
8872.2671,9.0265658
8874.0253,9.032908
8875.7837,9.0016032
8877.5422,9.0424553
8879.3009,9.0440917
8881.0598,9.0174928
8882.8188,8.9563841
8884.578,8.9988048
8886.3374,9.0286765
8888.097,9.0397247
8889.8568,9.058616
8891.6167,9.0900563
8893.3768,9.1340457
8895.1371,9.0792116
8896.8975,9.0353578
8898.6581,8.941308
8900.4189,8.9900033
8902.1799,8.9979143
8903.941,8.9697468
8905.7024,8.9776578
8907.4638,9.0373336
8909.2255,8.9919112
8910.9873,8.8555085
8912.7494,8.8257725
8914.5116,8.8666247
8916.2739,8.8431632
8918.0364,8.8291134
8919.7992,8.8589853
8921.562,8.893563
8923.3251,8.8967682
8925.0883,8.9219341
8926.8517,8.9941589
8928.6153,9.0632465
8930.3791,9.0742948
8932.143,8.9645589
8933.9071,8.930117
8935.6714,8.9568517
8937.4358,9.0620177
8939.2005,9.0652229
8940.9653,9.1547027
8942.7302,9.1422217
8944.4954,9.1375838
8946.2607,9.1109851
8948.0262,9.115759
8949.7919,9.1440624
8951.5577,9.2602088
8953.3238,9.2540024
8955.0899,9.2274037
8956.8563,9.2070796
8958.6229,9.2981281
8960.3896,9.3107452
8962.1565,9.2088525
8963.9235,9.2151951
8965.6908,9.2654592
8967.4582,9.1902332
8969.2258,9.1824582
8970.9935,9.1982125
8972.7615,9.171614
8974.5296,9.2328586
8976.2979,9.2376326
8978.0663,9.2361321
8979.835,9.3052198
8981.6038,9.305288
8983.3727,9.2128071
8985.1419,9.1015027
8986.9112,9.059218
8988.6807,9.026345
8990.4504,8.9871974
8992.2203,8.9888343
8993.9903,9.0704711
8995.7605,9.1003432
8997.5309,9.1302153
8999.3014,9.1804796
9001.0721,9.2150576
9002.843,9.1335572
9004.6141,9.1289196
9006.3853,9.0725173
9008.1568,9.0255267
9009.9284,9.0114773
9011.7001,9.0382122
9013.4721,9.0084766
9015.2442,8.9803095
9017.0165,8.9646915
9018.7889,8.9271128
9020.5616,8.9899262
9022.3344,8.9225435
9024.1074,8.9132
9025.8805,8.9258174
9027.6539,9.0137288
9029.4274,9.0420324
9031.2011,9.1879831
9032.9749,9.2413848
9034.749,9.246159
9036.5232,9.2728941
9038.2976,9.2149232
9040.0721,9.1349916
9041.8468,9.1836874
9043.6217,9.2857166
9045.3968,9.2277457
9047.1721,9.2623239
9048.9475,9.3345492
9050.7231,9.3220686
9052.4989,9.3911566
9054.2748,9.4727937
9056.0509,9.5309013
9057.8272,9.5435188
9059.6037,9.5953519
9061.3804,9.5891459
9063.1572,9.6096065
9064.9342,9.6551651
9066.7113,9.7022924
9068.4887,9.7274589
9070.2662,9.7996843
9072.0439,9.9268116
9073.8218,10.019429
9075.5998,10.13087
9077.378,10.248586
9079.1564,10.243948
9080.935,10.203233
9082.7137,10.195458
9084.4926,10.164154
9086.2717,10.194026
9088.0509,10.26782
9089.8304,10.343183
9091.61,10.373056
9093.3898,10.490771
9095.1697,10.567703
9096.9498,10.66032
9098.7302,10.62431
9100.5106,10.701242
9102.2913,10.695036
9104.0721,10.717065
9105.8531,10.790859
9107.6343,10.983869
9109.4156,11.074918
9111.1972,11.140869
9112.9788,11.267997
9114.7607,11.351202
9116.5428,11.472055
9118.325,11.51134
9120.1074,11.723173
9121.8899,11.823634
9123.6727,11.87233
9125.4556,11.862987
9127.2387,11.975997
9129.022,11.983909
9130.8054,12.067115
9132.589,12.209929
9134.3728,12.368429
9136.1568,12.567713
9137.9409,12.75288
9139.7252,12.931772
9141.5097,13.052625
9143.2943,13.135831
9145.0792,13.262959
9146.8642,13.423028
9148.6494,13.557998
9150.4347,13.697675
9152.2202,13.973822
9154.006,14.232714
9155.7918,14.425724
9157.5779,14.654813
9159.3641,14.971744
9161.1505,15.116127
9162.9371,15.218157
9164.7238,15.431559
9166.5108,15.654373
9168.2979,15.806598
9170.0851,16.048236
9171.8726,16.383991
9173.6602,16.61308
9175.448,16.733933
9177.2359,17.032041
9179.0241,17.389757
9180.8124,17.631394
9182.6009,17.871463
9184.3896,18.238591
9186.1784,18.517876
9187.9674,18.779905
9189.7566,19.081151
9191.546,19.500043
9193.3355,19.940896
9195.1252,20.356652
9196.9151,20.885348
9198.7051,21.28228
9200.4954,21.671368
9202.2858,22.073006
9204.0764,22.34131
9205.8671,22.733536
9207.658,23.290468
9209.4492,23.825439
9211.2404,24.393351
9213.0319,25.047538
9214.8235,25.521332
9216.6153,25.996695
9218.4073,26.443823
9220.1994,26.928598
9221.9918,27.444745
9223.7842,27.968736
9225.5769,28.560178
9227.3698,29.27711
9229.1628,29.892081
9230.956,30.602738
9232.7493,31.351042
9234.5429,32.119739
9236.3366,32.788043
9238.1305,33.418701
9239.9246,34.196809
9241.7188,35.037662
9243.5132,35.669888
9245.3078,36.309958
9247.1026,37.09434
9248.8975,37.848919
9250.6926,38.6584
9252.4879,39.660822
9254.2833,40.873441
9256.079,42.009196
9257.8748,43.027304
9259.6708,43.965413
9261.4669,44.872149
9263.2632,45.851041
9265.0597,46.941307
9266.8564,48.070788
9268.6533,49.366543
9270.4503,50.44426
9272.2475,51.510995
9274.0449,52.576163
9275.8424,53.741722
9277.6401,54.792772
9279.438,56.166959
9281.2361,57.290165
9283.0344,58.436901
9284.8328,59.635402
9286.6314,60.717824
9288.4301,61.599462
9290.2291,62.633257
9292.0282,63.530581
9293.8275,64.443592
9295.6269,65.430328
9297.4266,66.362162
9299.2264,67.308113
9301.0264,68.313673
9302.8265,68.941193
9304.6269,69.386753
9306.4274,69.722508
9308.2281,69.970421
9310.0289,70.165
9311.83,70.394089
9313.6312,70.55259
9315.4325,70.759718
9317.2341,70.750376
9319.0358,70.668876
9320.8377,70.637573
9322.6398,70.552937
9324.4421,70.466732
9326.2445,70.397782
9328.0471,70.146871
9329.8499,69.921058
9331.6528,69.397206
9333.4559,69.02551
9335.2592,68.553423
9337.0627,68.078198
9338.8663,67.474346
9340.6702,66.995984
9342.4742,66.138015
9344.2783,65.229849
9346.0827,64.332664
9347.8872,63.225282
9349.6919,62.122607
9351.4967,61.319539
9353.3018,60.485099
9355.107,59.542423
9356.9124,58.609159
9358.7179,57.672758
9360.5237,56.734789
9362.3296,55.762309
9364.1357,54.833751
9365.9419,53.95539
9367.7483,53.232322
9369.555,52.393176
9371.3617,51.467755
9373.1687,50.382335
9374.9758,49.458483
9376.7831,48.743258
9378.5906,48.03274
9380.3982,47.301829
9382.2061,46.942683
9384.0141,46.610203
9385.8222,45.910665
9387.6306,45.12799
9389.4391,44.655903
9391.2478,44.125776
9393.0567,43.558003
9394.8657,43.05768
9396.6749,42.789515
9398.4843,42.482133
9400.2939,42.121419
9402.1036,41.677567
9403.9136,41.371754
9405.7236,40.793001
9407.5339,40.281698
9409.3444,39.85667
9411.155,39.412818
9412.9658,39.096025
9414.7767,38.99884
9416.5878,38.685184
9418.3992,38.456234
9420.2106,38.217872
9422.0223,37.874413
9423.8341,37.606247
9425.6461,37.479258
9427.4583,37.244034
9429.2707,37.068418
9431.0832,36.911625
9432.8959,36.599538
9434.7088,36.329804
9436.5218,36.063207
9438.335,35.920532
9440.1484,35.741778
9441.962,35.616358
9443.7758,35.512898
9445.5897,35.415713
9447.4038,35.230685
9449.2181,35.069186
9451.0325,35.041021
9452.8471,34.876385
9454.6619,34.63018
9456.4769,34.404368
9458.292,34.189536
9460.1073,33.79588
9461.9228,33.613989
9463.7385,33.67053
9465.5543,33.634521
9467.3703,33.449493
9469.1865,33.446426
9471.0029,33.484143
9472.8194,33.344605
9474.6361,33.063891
9476.453,32.980824
9478.2701,32.811482
9480.0873,32.522924
9481.9047,32.317504
9483.7223,32.257966
9485.54,32.182742
9487.358,32.030656
9489.1761,31.947588
9490.9943,31.767266
9492.8128,31.58067
9494.6314,31.34074
9496.4502,31.232574
9498.2692,30.959703
9500.0883,30.589577
9501.9077,30.30102
9503.7272,30.103443
9505.5468,29.847827
9507.3667,29.71927
9509.1867,29.645614
9511.0069,29.608037
9512.8273,29.415166
9514.6478,29.112491
9516.4685,28.798836
9518.2894,28.50871
9520.1105,28.113486
9521.9317,27.82336
9523.7531,27.643038
9525.5747,27.351344
9527.3965,27.03612
9529.2184,26.871484
9531.0405,26.642535
9532.8628,26.38535
9534.6852,26.223851
9536.5079,26.142353
9538.3307,25.973012
9540.1537,25.858572
9541.9768,25.74727
9543.8001,25.585771
9545.6236,25.471332
9547.4473,25.303559
9549.2712,25.09657
9551.0952,24.930366
9552.9194,24.753181
9554.7438,24.497565
9556.5683,24.293714
9558.393,24.111824
9560.2179,23.884443
9562.043,23.791964
9563.8682,23.691642
9565.6937,23.553674
9567.5193,23.40943
9569.345,23.338912
9571.171,23.204081
9572.9971,23.180622
9574.8234,23.110104
9576.6498,23.028605
9578.4765,22.975343
9580.3033,22.93306
9582.1303,22.768424
9583.9574,22.701044
9585.7848,22.650918
9587.6123,22.48942
9589.44,22.324785
9591.2678,22.189953
9593.0958,22.019043
9594.924,21.903035
9596.7524,21.84036
9598.581,21.752588
9600.4097,21.663246
9602.2386,21.693121
9604.0677,21.666525
9605.8969,21.633654
9607.7264,21.514509
9609.556,21.418893
9611.3857,21.204061
9613.2157,21.095897
9615.0458,20.992438
9616.8761,20.934469
9618.7066,20.818461
9620.5372,20.85461
9622.368,20.810759
9624.199,20.682202
9626.0302,20.636782
9627.8615,20.613324
9629.693,20.50359
9631.5247,20.381308
9633.3566,20.375104
9635.1886,20.306155
9637.0208,20.2325
9638.8532,20.188649
9640.6858,20.205975
9642.5185,20.162124
9644.3514,20.079057
9646.1845,20.138735
9648.0178,20.085473
9649.8512,19.982014
9651.6848,19.851889
9653.5186,19.933528
9655.3525,19.81752
9657.1867,19.684257
9659.021,19.605897
9660.8554,19.654595
9662.6901,19.593489
9664.5249,19.530815
9666.3599,19.535591
9668.1951,19.532525
9670.0304,19.405537
9671.866,19.19698
9673.7017,19.030776
9675.5375,18.971239
9677.3736,18.916408
9679.2098,18.809812
9681.0462,18.695373
9682.8827,18.706424
9684.7195,18.640612
9686.5564,18.513624
9688.3935,18.438401
9690.2307,18.418079
9692.0682,18.353837
9693.9058,18.27077
9695.7436,18.209664
9697.5815,18.142284
9699.4197,18.056081
9701.258,17.949485
9703.0965,17.86485
9704.9351,17.835117
9706.774,17.824207
9708.613,17.767807
9710.4521,17.645525
9712.2915,17.567165
9714.131,17.400961
9715.9707,17.215934
9717.8106,17.19875
9719.6506,17.203527
9721.4909,17.145558
9723.3313,17.148767
9725.1718,17.170798
9727.0126,17.081457
9728.8535,16.960744
9730.6946,16.872972
9732.5359,16.788337
9734.3773,16.673898
9736.2189,16.55789
9738.0607,16.504628
9739.9027,16.515679
9741.7448,16.349476
9743.5872,16.280527
9745.4296,16.272755
9747.2723,16.252434
9749.1151,16.125446
9750.9582,16.196105
9752.8013,16.166372
9754.6447,16.139777
9756.4882,16.066122
9758.3319,16.05835
9760.1758,15.989402
9762.0199,15.918885
9763.8641,15.849936
9765.7085,15.74334
9767.5531,15.588117
9769.3978,15.50662
9771.2428,15.459632
9773.0879,15.343625
9774.9331,15.389186
9776.7786,15.393963
9778.6242,15.325014
9780.47,15.248223
9782.316,15.256137
9784.1621,15.209149
9786.0085,15.159024
9787.855,15.174782
9789.7016,15.176422
9791.5485,15.090218
9793.3955,15.007152
9795.2427,15.007223
9797.09,14.938275
9798.9376,14.949326
9800.7853,14.977633
9802.6332,14.896135
9804.4813,14.808364
9806.3295,14.810003
9808.1779,14.700271
9810.0265,14.593675
9811.8752,14.570217
9813.7242,14.570288
9815.5733,14.449575
9817.4226,14.39945
9819.272,14.377561
9821.1217,14.374495
9822.9715,14.321233
9824.8214,14.2915
9826.6716,14.260199
9828.5219,14.195956
9830.3724,14.134851
9832.2231,14.067472
9834.0739,14.039308
9835.925,13.998595
9837.7762,13.92494
9839.6275,13.896776
9841.4791,13.785475
9843.3308,13.72437
9845.1827,13.602089
9847.0348,13.572356
9848.887,13.563016
9850.7394,13.611714
9852.592,13.560021
9854.4448,13.566367
9856.2977,13.480164
9858.1508,13.401804
9860.0041,13.288934
9861.8576,13.252927
9863.7112,13.234175
9865.565,13.201305
9867.419,13.108828
9869.2732,13.069683
9871.1275,12.955245
9872.982,12.867473
9874.8367,12.859702
9876.6916,12.822126
9878.5466,12.841021
9880.4018,12.875602
9882.2572,12.881948
9884.1127,12.894569
9885.9685,12.899346
9887.8244,12.820986
9889.6804,12.748901
9891.5367,12.654855
9893.3931,12.576495
9895.2497,12.52637
9897.1065,12.531148
9898.9634,12.468474
9900.8205,12.446585
9902.6778,12.429402
9904.5353,12.38712
9906.393,12.29778
9908.2508,12.272754
9910.1088,12.230472
9911.9669,12.134858
9913.8253,12.101988
9915.6838,12.073824
9917.5425,12.028406
9919.4013,11.973575
9921.2604,11.909333
9923.1196,11.868621
9924.979,11.829477
9926.8385,11.757391
9928.6983,11.744914
9930.5582,11.735574
9932.4182,11.666626
9934.2785,11.591403
9936.1389,11.556965
9937.9995,11.546057
9939.8603,11.604168
9941.7213,11.635612
9943.5824,11.610585
9945.4437,11.714187
9947.3052,11.720533
9949.1668,11.598252
9951.0286,11.552833
9952.8906,11.593689
9954.7528,11.487094
9956.6152,11.330303
9958.4777,11.289591
9960.3404,11.231623
9962.2032,11.112479
9964.0663,11.027845
9965.9295,11.03576
9967.7929,11.032695
9969.6565,10.951198
9971.5202,10.924603
9973.3841,10.894871
9975.2482,10.879256
9977.1125,10.838544
9978.9769,10.846459
9980.8415,10.855943
9982.7063,10.750916
9984.5713,10.744714
9986.4364,10.696158
9988.3017,10.587995
9990.1672,10.511204
9992.0328,10.581864
9993.8987,10.525465
9995.7647,10.41887
9997.6308,10.395413
9999.4972,10.306073
10001.364,10.259086
10003.23,10.221511
10005.097,10.210603
10006.964,10.196557
10008.832,10.180942
10010.699,10.122975
10012.567,10.006969
10014.434,9.9646877
10016.302,9.9537793
10018.17,9.8879689
10020.039,9.8127468
10021.907,9.7688972
10023.776,9.7470084
10025.644,9.6482569
10027.513,9.6200936
10029.383,9.6076166
10031.252,9.60612
10033.121,9.5654077
10034.991,9.5184209
10036.861,9.4918263
10038.731,9.4652316
10040.601,9.4354998
10042.471,9.3900816
10044.342,9.3791733
10046.213,9.4074807
10048.084,9.3526508
10049.955,9.2868405
10051.826,9.2806381
10053.697,9.277573
10055.569,9.239998
10057.441,9.2118348
10059.312,9.2072011
10061.185,9.1774693
10063.057,9.1100904
10064.929,9.0332998
10066.802,8.9596465
10068.675,8.970699
10070.548,8.9001829
10072.421,8.8782943
10074.294,8.8344449
10076.168,8.8439289
10078.041,8.7498834
10079.915,8.6479948
10081.789,8.6292435
10083.663,8.5932373
10085.538,8.5917408
10087.412,8.579264
10089.287,8.618552
10091.162,8.628036
10093.037,8.6139906
10094.912,8.567004
10096.788,8.5309978
10098.663,8.5514622
10100.539,8.422907
10102.415,8.4088617
10104.291,8.341483
10106.167,8.2929278
10108.044,8.2004511
10109.92,8.2224842
10111.797,8.1394192
10113.674,8.1018445
10115.551,8.0940737
10117.429,8.0690479
10119.306,8.0142183
10121.184,8.0315456
10123.062,8.014363
10124.94,8.0112981
10126.818,8.0333312
10128.696,8.031835
10130.575,7.9942603
10132.453,7.9143327
10134.332,7.8500913
10136.211,7.8219284
10138.091,7.7529812
10139.97,7.7216811
10141.85,7.7374398
10143.729,7.7092769
10145.609,7.6575846
10147.489,7.6404022
10149.37,7.5322393
10151.25,7.5166255
10153.131,7.4790509
10155.012,7.4650057
10156.893,7.4493919
10158.774,7.4682879
10160.655,7.4244388
10162.537,7.4103937
10164.418,7.3037995
10166.3,7.2599504
10168.182,7.2521798
10170.064,7.1722523
10171.947,7.1315405
10173.829,7.0829856
10175.712,7.0171758
10177.595,6.963915
10179.478,6.9639875
10181.361,6.9656287
10183.245,6.9641327
10185.128,6.9845974
10187.012,6.9329053
10188.896,6.8906249
10190.78,6.8248151
10192.664,6.8123387
10194.549,6.7559407
10196.434,6.7513075
10198.318,6.6776546
10200.203,6.6651782
10202.089,6.6197606
10203.974,6.5602254
10205.859,6.5650039
10207.745,6.5650766
10209.631,6.5227963
10211.517,6.4946337
10213.403,6.4900005
10215.29,6.4445829
10217.176,6.4524988
10219.063,6.4102185
10220.95,6.3506834
10222.837,6.3162463
10224.724,6.3225935
10226.612,6.3399211
10228.499,6.3745036
10230.387,6.4106548
10232.275,6.3903354
10234.163,6.3417807
10236.051,6.2665593
10237.94,6.1819262
10239.828,6.1678813
10241.717,6.1663854
10243.606,6.108419
10245.495,6.0928055
10247.385,6.0426822
10249.274,5.9564805
10251.164,5.8891023
10253.054,5.8719202
10254.944,5.821797
10256.834,5.812458
10258.725,5.8439034
10260.615,5.7843684
10262.506,5.7671864
10264.397,5.7437298
10266.288,5.6983125
10268.179,5.6466206
10270.071,5.6874778
10271.962,5.6922566
10273.854,5.6468392
10275.746,5.6500494
10277.638,5.6532595
10279.53,5.5466658
10281.423,5.5043858
10283.315,5.4966155
10285.208,5.435512
10287.101,5.405781
10288.994,5.3917363
10290.888,5.3149465
10292.781,5.29149
10294.675,5.3213669
10296.569,5.2728124
10298.463,5.2666109
10300.357,5.2462917
10302.252,5.1726392
10304.146,5.1083985
10306.041,5.0739617
10307.936,5.0756033
10309.831,5.034892
10311.726,5.0365336
10313.622,5.0005282
10315.517,4.9629542
10317.413,4.9253802
10319.309,4.909767
10321.205,4.8800361
10323.101,4.8377562
10324.998,4.754692
10326.895,4.7233926
10328.791,4.6528774
10330.688,4.6670681
10332.586,4.6357687
10334.483,4.6625084
10336.38,4.6484639
10338.278,4.7018703
10340.176,4.7129239
10342.074,4.7082911
10343.972,4.6644427
10345.871,4.6582413
10347.769,4.6426282
10349.668,4.5689758
10351.567,4.5549313
10353.466,4.5644163
10355.365,4.4546855
10357.265,4.3935822
10359.164,4.4093417
10361.064,4.3670619
10362.964,4.346743
10364.864,4.3593652
10366.765,4.3343404
10368.665,4.2465705
10370.566,4.2513496
10372.467,4.2153444
10374.368,4.2201235
10376.269,4.1809811
10378.17,4.1857602
10380.072,4.137206
10381.974,4.0855146
10383.875,4.0293414
10385.777,4.0148488
10387.68,4.0238857
10389.582,3.991466
10391.485,3.9848166
10393.387,3.9579991
10395.29,3.9379044
10397.193,3.9749525
10399.097,3.9369306
10401,3.924679
10402.904,3.8832958
10404.808,3.8654419
10406.712,3.8991287
10408.616,3.8779136
10410.52,3.8152418
10412.425,3.7693768
10414.329,3.7044642
10416.234,3.728067
10418.139,3.6934065
10420.044,3.6307348
10421.95,3.6487354
10423.855,3.6689769
10425.761,3.6701708
10427.667,3.6534375
10429.573,3.6109339
10431.479,3.607646
10433.386,3.594274
10435.292,3.5472887
10437.199,3.5372781
10439.106,3.5351107
10441.013,3.5374251
10442.92,3.5184509
10444.828,3.4804292
10446.735,3.4726595
10448.643,3.4615285
10450.551,3.4167841
10452.459,3.4078941
10454.368,3.3799564
10456.276,3.3497778
10458.185,3.3195992
10460.094,3.3017456
10462.003,3.3029396
10463.912,3.2884473
10465.821,3.2795573
10467.731,3.2583424
10469.641,3.2528137
10471.551,3.2932234
10473.461,3.2854539
10475.371,3.2373482
10477.281,3.2385422
10479.192,3.1792321
10481.103,3.1781853
10483.014,3.1748975
10484.925,3.1167079
10486.836,3.0663613
10488.747,3.0361829
10490.659,2.9835955
10492.571,2.9578988
10494.483,2.924359
10496.395,2.8840966
10498.307,2.868484
10500.22,2.84951
10502.133,2.8394997
10504.045,2.8149235
10505.958,2.7825042
10507.872,2.7691326
10509.785,2.7748085
10511.699,2.7390279
10513.612,2.7155722
10515.526,2.6865143
10517.44,2.6350474
10519.355,2.6283985
10521.269,2.5970997
10523.184,2.5422715
10525.098,2.5457066
10527.013,2.5076852
10528.929,2.4999158
10530.844,2.5100736
10532.759,2.46645
10534.675,2.4665238
10536.591,2.4385864
10538.507,2.3792764
10540.423,2.4028797
10542.339,2.3783036
10544.256,2.3626912
10546.172,2.3773309
10548.089,2.3449117
10550.006,2.336022
10551.924,2.3428186
10553.841,2.3047972
10555.759,2.2757394
10557.676,2.2634884
10559.594,2.2288284
10561.512,2.2176978
10563.431,2.2088081
10565.349,2.2324114
10567.268,2.2235218
10569.186,2.2179934
10571.105,2.172129
10573.024,2.1654802
10574.944,2.127459
10576.863,2.092799
10578.783,2.0424528
10580.703,2.0033111
10582.623,1.9820965
10584.543,2.0068204
10586.463,1.983365
10588.384,1.9767163
10590.304,1.9790311
10592.225,1.9600575
10594.146,1.9466862
10596.068,1.9198694
10597.989,1.8684028
10599.911,1.8527906
10601.832,1.8181307
10603.754,1.8047594
10605.676,1.7902676
10607.599,1.7791372
10609.521,1.7579228
10611.444,1.7501537
10613.366,1.7423846
10615.289,1.7290134
10617.213,1.7044376
10619.136,1.6664164
10621.059,1.6541656
10622.983,1.6676851
10624.907,1.639748
10626.831,1.5950042
10628.755,1.5715489
10630.679,1.5727435
10632.604,1.5784199
10634.529,1.5650487
10636.454,1.5337503
10638.379,1.5562334
10640.304,1.5966437
10642.229,1.5967179
10644.155,1.5430106
10646.081,1.5240372
10648.006,1.4916184
10649.933,1.505138
10651.859,1.4906464
10653.785,1.4481435
10655.712,1.4448564
10657.639,1.4594965
10659.566,1.4494867
10661.493,1.502222
10663.42,1.4821282
10665.348,1.4945274
10667.275,1.5506241
10669.203,1.5529392
10671.131,1.5205205
10673.059,1.5138721
10674.988,1.4736103
10676.916,1.4714437
10678.845,1.4076524
10680.774,1.3472225
10682.703,1.3170448
10684.632,1.3227213
10686.562,1.2992663
10688.491,1.2657272
10690.421,1.2243449
10692.351,1.218817
10694.281,1.1751939
10696.211,1.1719069
10698.142,1.1630177
10700.072,1.142924
10702.003,1.1340348
10703.934,1.0993753
10705.865,1.0848839
10707.797,1.0849583
10709.728,1.0547806
10711.66,1.0156394
10713.592,0.9877026
10715.524,0.94632045
10717.456,0.96768341
10719.388,0.96439652
10721.321,0.92637573
10723.253,0.89843899
10725.186,0.84025015
10727.119,0.8279997
10729.053,0.82919463
10730.986,0.79565567
10732.92,0.76883941
10734.853,0.78572064
10736.787,0.73873632
10738.721,0.71640187
10740.656,0.68958564
10742.59,0.65940807
10744.525,0.61578512
10746.46,0.58896891
10748.395,0.51733478
10750.33,0.51516844
10752.265,0.5454951
10754.201,0.5254016
10756.136,0.48962184
10758.072,0.47849194
10760.008,0.47296429
10761.944,0.45735261
10763.881,0.41372973
10765.817,0.37122731
10767.754,0.33656803
10769.691,0.32991997
10771.628,0.2672495
10773.565,0.20457904
10775.503,0.1889674
10777.44,0.20248743
10779.378,0.18911671
10781.316,0.18022779
10783.254,0.18478425
10785.192,0.18934072
10787.131,0.18269271
10789.069,0.17156292
10791.008,0.14026507
10792.947,0.11456947
10794.886,0.072067146
10796.826,0.00603542
10798.765,0.011712385
10800.705,-0.037512605
10802.645,-0.040514851
10804.585,-0.032311174
10806.525,-0.038671883
10808.465,-0.023742636
10810.406,-0.03234136
10812.347,-0.025252368
10814.288,-0.0013552135
10816.229,-0.030117682
10818.17,-0.04655378
10820.111,-0.058506644
10822.053,-0.031242382
10823.995,-0.00061533369
10825.937,-0.049538666
10827.879,-0.037956355
10829.821,-0.01628857
10831.764,0.0053806555
10833.706,0.033774011
10835.649,0.015109984
10837.592,-0.0057934988
10839.535,0.025965524
10841.479,0.020751197
10843.422,0.022261
10845.366,0.014808659
10847.31,0.011839551
10849.254,0.0077514354
10851.198,0.029435069
10853.142,0.043277006
10855.087,0.042554558
10857.032,0.031749516
10858.977,0.039993535
10860.922,0.041516305
10862.867,0.047522309
10864.812,0.054650202
10866.758,0.023684297
10868.704,0.011767452
10870.65,0.033465494
10872.596,0.047321839
10874.542,0.021963938
10876.489,-0.012356107
10878.435,0.0026250083
10880.382,0.025450702
10882.329,0.034832458
10884.276,0.037492966
10886.224,-0.0069039091
10888.171,0.037216063
10890.119,0.070132994
10892.067,0.048149405
10894.015,0.020565016
10895.963,0.014270583
10897.911,-0.0021064426
10899.86,0.021192581
10901.809,-0.014890867
10903.758,-0.019600485
10905.707,-0.045597337
10907.656,-0.053665736
10909.605,-0.069575991
10911.555,-0.05747376
10913.505,-0.065538315
10915.455,-0.031024558
10917.405,-0.040206998
10919.355,-0.03482233
10921.306,-0.018231899
10923.256,0.031973259
10925.207,0.029518633
10927.158,0.070762769
10929.109,0.06046757
10931.061,0.071462167
10933.012,0.094782976
10934.964,0.071046243
10936.916,0.058515273
10938.868,0.050467378
10940.82,0.025614041
10942.773,0.044459465
10944.725,0.00168152
10946.678,0.026131748
10948.631,0.069630876
10950.584,0.060470221
10952.537,0.059153985
10954.491,0.0085393105
10956.444,-0.015183326
10958.398,0.038406243
10960.352,-0.013325035
10962.306,0.0032923071
10964.26,-0.0069798255
10966.215,0.015242321
10968.17,0.034104404
10970.124,0.0047884966
10972.079,-0.014442095
10974.035,-0.0067806497
10975.99,-0.047297194
10977.946,-0.047476323
10979.901,-0.087990304
10981.857,-0.048951183
10983.813,-0.033440193
10985.769,-0.041457333
10987.726,-0.025943779
10989.682,-0.022753874
10991.639,-0.00051506888
10993.596,0.0037978472
10995.553,-0.013176471
10997.511,-0.0088027388
10999.468,-0.034680021
11001.426,-0.030304114
11003.383,0.0020840837
11005.341,0.0075826126
11007.3,0.0310094
11009.258,0.03202831
11011.216,0.039770997
11013.175,0.078887321
11015.134,0.058620978
11017.093,0.029392137
11019.052,0.011368864
11021.011,0.026960125
11022.971,0.022384405
11024.931,0.024532462
11026.891,0.023320262
11028.851,0.037795423
11030.811,0.061235257
11032.771,0.061146767
11034.732,0.040891296
11036.693,0.02848005
11038.654,-0.0063390723
11040.615,-0.010905007
11042.576,-0.041240162
11044.537,-0.051406162
11046.499,-0.073038207
11048.461,-0.078982914
11050.423,-0.087167452
11052.385,-0.063978378
11054.347,-0.043029137
11056.31,0.0014505807
11058.273,0.015679261
11060.235,-0.0070657844
11062.198,-0.0029190098
11064.162,0.029240033
11066.125,0.025545799
11068.089,0.047622936
11070.052,0.02488321
11072.016,0.0021445479
11073.98,0.033188462
11075.945,0.047426718
11077.909,0.047100211
11079.874,0.038931631
11081.838,0.0016324627
11083.803,0.0046704923
11085.768,-0.010217585
11087.734,0.0040270543
11089.699,-0.025424722
11091.665,-0.040309607
11093.631,-0.033904913
11095.597,-0.014053777
11097.563,-0.025574127
11099.529,-0.030370723
11101.496,-0.053093426
11103.462,-0.065731032
11105.429,-0.034670095
11107.396,0.012078181
11109.363,0.012889145
11111.331,0.022664759
11113.298,0.043645918
11115.266,0.052303211
11117.234,0.063202465
11119.202,0.053934715
11121.17,0.0088136876
11123.139,-0.026222242
11125.107,-0.043329938
11127.076,-0.050352535
11129.045,-0.061855862
11131.014,-0.056551402
11132.983,-0.077016186
11134.953,-0.059384668
11136.923,-0.048474775
11138.892,-0.0185162
11140.862,0.0024798546
11142.833,0.04364504
11144.803,0.071365911
11146.773,0.07219709
11148.744,0.057343058
11150.715,0.077223984
11152.686,0.084781043
11154.657,0.075532444
11156.629,0.051719082
11158.6,0.034629474
11160.572,0.04779303
11162.544,0.072162132
11164.516,0.038268992
11166.488,0.0054973649
11168.461,0.013062936
11170.433,-0.00065894467
11172.406,-0.0020548313
11174.379,-0.023617721
11176.352,-0.036215962
11178.325,0.010570615
11180.299,0.031587948
11182.272,0.043642759
11184.246,0.05793953
11186.22,0.027419438
11188.194,0.024911615
11190.169,0.021284407
11192.143,-0.014834734
11194.118,-0.0025735854
11196.093,-0.046333863
11198.068,-0.01502313
11200.043,0.025252171
11202.019,0.026312769
11203.994,0.021772108
11205.97,-0.0062969816
11207.946,-0.03324464
11209.922,-0.026577871
11211.898,-0.058005357
11213.875,-0.056938863
11215.851,-0.052510042
11217.828,-0.018948585
11219.805,0.0022889241
11221.782,-0.0044837883
11223.759,-0.0022919326
11225.737,-0.03371254
11227.715,-0.024796029
11229.692,-0.010276295
11231.67,-0.031609921
11233.649,-0.0092450839
11235.627,-0.017131365
11237.605,-0.027257561
11239.584,-0.0060102241
11241.563,-0.027338936
11243.542,-0.047965745
11245.521,-0.037219158
11247.501,-0.067928307
11249.48,-0.028048373
11251.46,0.00062792612
11253.44,0.0024143162
11255.42,0.051260377
11257.4,0.055289358
11259.381,0.02570574
11261.361,0.071192998
11263.342,0.019202112
11265.323,0.046763893
11267.304,0.05079711
11269.286,0.025699521
11271.267,0.057745636
11273.249,0.071865428
11275.231,0.085986067
11277.213,0.12139607
11279.195,0.082857338
11281.177,0.086896485
11283.16,0.066286619
11285.142,0.05800253
11287.125,0.047478392
11289.108,-0.0089832735
11291.092,-0.013903476
11293.075,-0.043472691
11295.059,-0.024861788
11297.042,-0.016334071
11299.026,-0.061587019
11301.01,-0.036250885
11302.995,-0.035563763
11304.979,0.00097854698
11306.964,0.031919464
11308.949,0.011320611
11310.934,0.013131569
11312.919,0.042954579
11314.904,0.018996924
11316.89,0.018569528
11318.875,-0.002025089
11320.861,-0.0046916875
11322.847,-0.0062369906
11324.833,-0.0055405502
11326.82,-0.018288641
11328.806,-0.010867817
11330.793,0.016721921
11332.78,-0.017312143
11334.767,-0.03902043
11336.754,-0.038318907
11338.742,-0.033134743
11340.729,-0.0077816656
11342.717,0.0030064331
11344.705,0.0025908971
11346.693,0.018982931
11348.681,0.04882119
11350.67,0.068576263
11352.658,0.062561875
11354.647,0.094643572
11356.636,0.069583259
11358.625,0.052366931
11360.615,0.083330722
11362.604,0.067236536
11364.594,0.065709023
11366.584,0.056339221
11368.574,0.034645336
11370.564,0.063372466
11372.554,0.039439379
11374.545,0.012145794
11376.535,0.022948295
11378.526,-0.0077049398
11380.517,-0.0069847783
11382.509,-0.03091363
11384.5,-0.038034911
11386.492,-0.0048192108
11388.483,0.010470166
11390.475,0.0011105295
11392.468,-0.0037664668
11394.46,-0.01872665
11396.452,-0.015758814
11398.445,-0.034078647
11400.438,-0.049036288
11402.431,-0.041584119
11404.424,-0.044215136
11406.417,-0.0020273782
11408.411,0.017752263
11410.404,0.029689614
11412.398,0.024821089
11414.392,0.042362376
11416.387,0.031893305
11418.381,0.049436285
11420.375,0.038968909
11422.37,0.020659242
11424.365,0.025879834
11426.36,0.03334217
11428.355,0.010553252
11430.351,0.0045719037
11432.346,0.0041936437
11434.342,-0.0073882509
11436.338,0.028089525
11438.334,0.0041843951
11440.331,0.0038095238
11442.327,-0.0024378409
11444.324,-0.0075640317
11446.321,-0.026134875
11448.318,-0.035741407
11450.315,-0.043106317
11452.312,-0.043747812
11454.31,-0.048870373
11456.307,-0.028221901
11458.305,-0.043427045
11460.303,-0.031740707
11462.301,-0.021174092
11464.3,-0.024052128
11466.298,0.0022022134
11468.297,-0.010758405
11470.296,0.0020520097
11472.295,0.014863151
11474.294,0.018711432
11476.294,0.0023923717
11478.293,0.011844345
11480.293,0.0022494257
11482.293,-0.033115076
11484.293,-0.031504062
11486.293,-0.034374116
11488.294,-0.028279858
11490.295,0.0080672269
11492.295,-0.027768437
11494.296,-0.056880728
11496.298,0.0002821755
11498.299,-0.00193799
11500.3,-0.0075188157
11502.302,-0.0063762678
11504.304,-0.024280655
11506.306,-0.019775393
11508.308,0.026187135
11510.311,0.054223177
11512.313,0.032960184
11514.316,0.06996118
11516.319,0.059904037
11518.322,0.063292957
11520.325,0.07340525
11522.329,0.031977611
11524.332,0.017441413
11526.336,0.01523083
11528.34,0.0029368975
11530.344,0.015293509
11532.349,0.0052418419
11534.353,0.0063953408
11536.358,-0.0036549577
11538.363,-0.0036205382
11540.368,-0.002464986
11542.373,-0.014097856
11544.378,-0.010043808
11546.384,-0.039602561
11548.389,-0.027704088
11550.395,-0.037093486
11552.401,-0.043120895
11554.407,-0.015534214
11556.414,-0.046210195
11558.42,-0.047753879
11560.427,-0.014563025
11562.434,-0.027309903
11564.441,0.0058822393
11566.448,0.0032206836
11568.456,-0.014006054
11570.464,0.022549364
11572.471,-0.021566842
11574.479,-0.0040577535
11576.487,-0.010077433
11578.496,0.016396528
11580.504,0.033907549
11582.513,0.0099626306
11584.522,0.037558973
11586.531,0.048349236
11588.54,0.021044906
11590.549,0.050884077
11592.559,0.03254462
11594.569,0.026530737
11596.578,0.067576322
11598.588,0.046997902
11600.599,0.052190433
11602.609,0.042817783
11604.62,0.039048017
11606.63,0.0016654498
11608.641,-0.0021030276
11610.652,-0.010352654
11612.664,-0.028685669
11614.675,0.013486161
11616.687,0.016442949
11618.699,0.016039037
11620.711,0.034683387
11622.723,0.033160315
11624.735,0.058528643
11626.748,0.042441033
11628.76,0.010667792
11630.773,0.0024246069
11632.786,-0.055117654
11634.799,-0.031987002
11636.813,-0.051432736
11638.826,-0.074239171
11640.84,-0.055588379
11642.854,-0.030214254
11644.868,-0.023887104
11646.882,0.033981307
11648.897,0.023503023
11650.911,0.021988968
11652.926,0.047366314
11654.941,0.043612651
11656.956,0.032016495
11658.971,0.060757117
11660.987,0.040198664
11663.002,0.034206681
11665.018,0.028215343
11667.034,0.0076588219
11669.05,0.018475494
11671.067,-0.0099228757
11673.083,-0.024875223
11675.1,-0.038706479
11677.117,-0.017803196
11679.134,0.008702971
11681.151,-0.005126352
11683.168,0.0012130363
11685.186,-0.0047718612
11687.203,0.026218675
11689.221,0.0605712
11691.239,0.03329972
11693.258,0.041821802
11695.276,0.022333319
11697.295,-0.0016363189
11699.313,0.034898884
11701.332,-0.012598887
11703.352,-0.038807505
11705.371,-0.01795666
11707.39,-0.034079966
11709.41,-0.00090291327
11711.43,-0.0069409081
11713.45,-0.02194185
11715.47,-0.023496774
11717.49,-0.0093647854
11719.511,-0.017641121
11721.531,-0.023675922
11723.552,-0.047637255
11725.573,-0.014455092
11727.595,-0.011524391
11729.616,0.020538602
11731.637,0.03579551
11733.659,0.019680509
11735.681,0.0080479388
11737.703,0.015463627
11739.725,0.036325331
11741.748,0.020212885
11743.77,0.013644202
11745.793,0.00035342175
11747.816,0.0072313011
11749.839,0.035398288
11751.863,0.016507044
11753.886,-0.00014271202
11755.91,0.0033761917
11757.934,-0.021115517
11759.958,-0.0086318433
11761.982,-0.027520126
11764.006,-0.043046473
11766.031,-0.049608642
11768.055,-0.059531563
11770.08,-0.030238205
11772.105,0.010260226
11774.13,0.012664012
11776.156,0.026272871
11778.181,0.034280082
11780.207,0.091587605
11782.233,0.073825693
11784.259,0.059425717
11786.285,0.041664988
11788.312,-0.0018654557
11790.338,0.040879202
11792.365,0.027602043
11794.392,0.015445925
11796.419,0.030181155
11798.446,0.0079421874
11800.474,0.022678602
11802.502,0.028452023
11804.529,-0.0072305458
11806.557,0.013109886
11808.586,-0.0091261202
11810.614,-0.0044707781
11812.642,0.0046669489
11814.671,0.0014803382
11816.7,0.031907765
11818.729,0.023120098
11820.758,0.02217616
11822.788,0.027955504
11824.817,0.012446924
11826.847,0.036154623
11828.877,-0.00512308
11830.907,-0.012786746
11832.937,-0.0092453372
11834.968,-0.026991852
11836.998,0.0034414972
11839.029,0.013707371
11841.06,-0.0096396076
11843.091,0.0039887955
11845.123,0.013589133
11847.154,0.027671799
11849.186,0.026068725
11851.218,-0.0024245706
11853.25,-0.053326295
11855.282,-0.031398352
11857.314,-0.0072289777
11859.347,-0.052526856
11861.379,-0.028356412
11863.412,-0.035557981
11865.445,-0.023711397
11867.478,0.036314994
11869.512,0.0033447205
11871.545,0.0084702206
11873.579,0.02928253
11875.613,-0.028335998
11877.647,-0.0086430662
11879.681,-0.032647079
11881.716,-0.044325626
11883.75,-0.0033425745
11885.785,-0.017260948
11887.82,-0.0031675828
11889.855,0.037817074
11891.891,0.031743442
11893.926,0.030152139
11895.962,0.039765851
11897.998,0.022489343
11900.034,0.037706367
11902.07,0.032755858
11904.106,0.037889919
11906.143,0.048626755
11908.18,0.048159644
11910.216,0.032006794
11912.253,0.010252238
11914.291,0.020991214
11916.328,0.022767139
11918.366,0.026784496
11920.403,0.0095138731
11922.441,-0.0021539744
11924.479,0.032117089
11926.518,0.023811656
11928.556,-0.0057817577
11930.595,0.0072023948
11932.634,-0.017908156
11934.673,-0.017247863
11936.712,0.012544617
11938.751,-0.026009707
11940.791,-0.0096615346
11942.83,0.0044462761
11944.87,-0.013938375
11946.91,-0.019663228
11948.95,-0.029869405
11950.991,-0.041195563
11953.031,-0.017787359
11955.072,-0.013426306
11957.113,-0.019148819
11959.154,-0.027111761
11961.195,-0.0025812373
11963.236,0.0062634796
11965.278,0.029674491
11967.32,0.020592973
11969.362,0.056329849
11971.404,0.081983161
11973.446,0.090830217
11975.489,0.086232363
11977.531,0.06146691
11979.574,0.044545061
11981.617,0.029864578
11983.66,-0.0083448502
11985.704,-0.043192466
11987.747,-0.027619445
11989.791,-0.038936713
11991.835,0.016973378
11993.879,0.017981976
11995.923,0.036918212
11997.967,0.055854917
12000.012,0.032215059
12002.056,0.029864184
12004.101,0.026393328
12006.146,-0.00060647119
12008.192,-0.0029559427
12010.237,-0.025473013
12012.283,-0.032303342
12014.328,-0.0032788607
12016.374,-0.023553631
12018.42,-0.029262108
12020.467,-0.038331461
12022.513,-0.044039002
12024.56,-0.020614422
12026.607,-0.016236994
12028.654,-0.011859097
12030.701,0.0082055414
12032.748,0.0081025809
12034.796,0.029288604
12036.843,0.040391061
12038.891,0.029085022
12040.939,0.0054545213
12042.987,-0.0047301334
12045.036,-0.03956418
12047.084,-0.041904762
12049.133,-0.038666071
12051.182,-0.048872388
12053.231,-0.034428474
12055.28,-0.027827327
12057.33,-0.015623569
12059.379,0.018989524
12061.429,0.024471335
12063.479,0.025471723
12065.529,0.035436068
12067.579,0.0061850972
12069.63,0.021752424
12071.681,0.002586228
12073.731,-0.013218253
12075.782,-0.0021316068
12077.834,-0.019055795
12079.885,-0.019172889
12081.936,0.0064806951
12083.988,0.026532409
12086.04,0.037620908
12088.092,0.038625744
12090.144,0.055317226
12092.197,0.041756977
12094.249,0.043883373
12096.302,0.035926106
12098.355,-0.0078851315
12100.408,0.020012685
12102.461,0.0042133926
12104.515,-0.012705977
12106.568,-0.013938702
12108.622,-0.024134641
12110.676,0.0060059248
12112.73,0.037267309
12114.784,0.046120101
12116.839,0.076261778
12118.893,0.066067692
12120.948,0.079403388
12123.003,0.070330492
12125.058,0.036608106
12127.114,0.028656398
12129.169,0.0027778906
12131.225,-0.02085935
12133.281,-0.014244119
12135.337,-0.014351207
12137.393,-0.020060165
12139.45,-0.035852785
12141.506,-0.046042795
12143.563,-0.045027952
12145.62,-0.022724223
12147.677,-0.025069983
12149.734,-0.029656269
12151.792,-0.0095923241
12153.849,-0.010816524
12155.907,0.01036861
12157.965,-0.0043002272
12160.023,-0.012246004
12162.081,0.041433239
12164.14,0.042451788
12166.199,0.052434293
12168.257,0.089307926
12170.316,0.071279968
12172.376,0.079022689
12174.435,0.073320402
12176.494,0.035125489
12178.554,0.073121423
12180.614,0.055095318
12182.674,0.040430929
12184.734,0.045934977
12186.795,0.039114466
12188.855,0.042378359
12190.916,0.040040382
12192.977,0.008571123
12195.038,0.019679265
12197.099,0.031908227
12199.161,0.016126354
12201.222,0.012669782
12203.284,0.024899855
12205.346,0.018082679
12207.408,0.043758872
12209.471,0.040303782
12211.533,0.031246822
12213.596,0.0423583
12215.659,0.038904323
12217.722,0.052257438
12219.785,0.058888235
12221.848,0.037508199
12223.912,0.020610325
12225.975,0.0070741672
12228.039,0.024910929
12230.103,0.029302683
12232.168,0.01352674
12234.232,0.011196546
12236.297,0.013348515
12238.361,0.026705337
12240.426,0.022135359
12242.491,0.034372474
12244.557,0.057814441
12246.622,0.029716163
12248.688,0.044195286
12250.753,0.032904472
12252.819,0.041782095
12254.886,0.059623675
12256.952,0.010238734
12259.018,0.001190299
12261.085,0.01903299
12263.152,-0.01690546
12265.219,-0.00354382
12267.286,-0.0081089803
12269.353,-0.016035114
12271.421,0.020857049
12273.489,0.011811208
12275.557,0.020692909
12277.625,0.031815876
12279.693,0.026132491
12281.761,0.021569925
12283.83,0.015887282
12285.899,0.0079641129
12287.968,0.003402659
12290.037,-3.7976192e-005
12292.106,0.030135205
12294.175,0.019972622
12296.245,0.028858028
12298.315,0.04110515
12300.385,0.052232194
12302.455,0.051034679
12304.525,0.027428571
12306.596,-0.0042886393
12308.667,-0.004632953
12310.737,-0.013940504
12312.808,-0.031090844
12314.88,-0.062806663
12316.951,-0.051945102
12319.023,-0.042203642
12321.094,-0.033582282
12323.166,-0.021599229
12325.238,-0.037627033
12327.31,-0.031245525
12329.383,-0.011418291
12331.455,-0.019601914
12333.528,-0.0076171207
12335.601,-0.0079569097
12337.674,0.0051490275
12339.748,0.007050831
12341.821,0.01679612
12343.895,-0.00034899975
12345.968,-0.0018074967
12348.042,0.011300181
12350.117,-0.0036029982
12352.191,0.0027826863
12354.265,0.017011856
12356.34,0.0021097213
12358.415,0.039868999
12360.49,0.050737868
12362.565,0.026873192
12364.641,0.052308584
12366.716,0.020601467
12368.792,0.020267247
12370.868,0.042342338
12372.944,-0.01065225
12375.02,-0.0020218409
12377.097,-0.0079569097
12379.173,-0.026216561
12381.25,-0.0086215215
12383.327,-0.016796443
12385.404,-0.02833236
12387.481,-0.016338518
12389.559,-0.026753291
12391.636,-0.01027696
12393.714,-0.0038843145
12395.792,-0.00085266548
12397.87,-0.0034229093
12399.949,0.0063321249
12402.027,0.018328404
12404.106,-0.002167967
12406.185,0.0143108
12408.264,-0.0039439776
12410.343,-0.011381625
12412.422,0.0091922475
12414.502,-0.0083288024
12416.582,-0.016885951
12418.662,-0.0052747175
12420.742,-0.012710787
12422.822,0.0033828706
12424.902,0.0037905694
12426.983,0.0041985838
12429.064,0.0090887064
12431.145,0.034147212
12433.226,0.034556173
12435.307,0.017038279
12437.389,0.016327423
12439.47,0.030182709
12441.552,0.016027106
12443.634,0.036605712
12445.716,0.020209844
12447.799,0.015018773
12449.881,0.034477878
12451.964,0.022564749
12454.047,0.028579107
12456.13,0.028991539
12458.213,0.0081157714
12460.296,0.0096492831
12462.38,0.0022195249
12464.464,-0.0040894695
12466.548,-0.0036754593
12468.632,-0.052560853
12470.716,-0.038700834
12472.8,-0.039406325
12474.885,-0.043472845
12476.97,0.0062424626
12479.055,-6.4322828e-005
12481.14,0.0048336891
12483.225,0.036622773
12485.311,0.034798727
12487.396,0.040818134
12489.482,-0.0069436565
12491.568,-0.017730341
12493.654,-0.058768811
12495.741,-0.042664108
12497.827,-0.046727157
12499.914,-0.08216244
12502.001,-0.061574998
12504.088,-0.034264551
12506.175,-0.057373956
12508.262,-0.0054130186
12510.35,-0.026280897
12512.438,-0.010173669
12514.526,0.0034904215
12516.614,-0.0097359451
12518.702,0.031939948
12520.79,0.014232386
12522.879,0.0088500524
12524.968,0.034840567
12527.057,0.038422416
12529.146,0.06329308
12531.235,0.054550596
12533.325,0.03460393
12535.414,0.054993697
12537.504,0.064179281
12539.594,0.026306339
12541.684,0.013083557
12543.775,0.030113174
12545.865,0.029215919
12547.956,0.040643892
12550.047,0.008374685
12552.138,0.0074783258
12554.229,0.015545851
12556.321,-0.0099997712
12558.412,-0.029942853
12560.504,-0.025235777
12562.596,-0.010444368
12564.688,0.0032268908
12566.78,0.00077588696
12568.873,0.011770524
12570.965,0.011560941
12573.058,0.0091107242
12575.151,-0.015748194
12577.244,-0.03388416
12579.338,-0.013924626
12581.431,-0.039903206
12583.525,-0.030027181
12585.619,-0.013428204
12587.713,-0.020358377
12589.807,0.0018433649
12591.901,0.00051595745
12593.996,0.0025501569
12596.09,0.023632238
12598.185,0.023426066
12600.28,0.019858811
12602.376,0.015171371
12604.471,0.010484193
12606.567,0.0091586223
12608.662,0.0078333137
12610.758,-0.0091780071
12612.854,-0.014984584
12614.951,-0.016309105
12617.047,-0.020994709
12619.144,-0.0066931095
12621.241,-0.019282009
12623.338,-0.048677374
12625.435,-0.02989321
12627.532,-0.021192822
12629.63,0.0060574653
12631.727,0.0065417478
12633.825,0.018355264
12635.923,0.014482762
12638.021,0.0071246794
12640.12,0.018067507
12642.218,-0.00061903683
12644.317,-0.004490509
12646.416,0.0029672522
12648.515,-0.023561657
12650.614,0.0030687317
12652.714,-0.016487986
12654.813,-0.02471547
12656.913,-0.018999341
12659.013,-0.019383174
12661.113,-0.0049519337
12663.213,-0.0096925497
12665.314,-0.030990643
12667.414,-0.024401768
12669.515,-0.036984749
12671.616,-0.014167028
12673.717,-0.012264109
12675.819,0.002710936
12677.92,0.0063572345
12680.022,0.011746682
12682.124,0.01800782
12684.226,0.024269187
12686.328,0.049702898
12688.43,0.023720717
12690.533,0.025625476
12692.636,0.024916086
12694.738,0.022464007
12696.842,0.028726755
12698.945,0.017560538
12701.048,0.027309585
12703.152,0.031830103
12705.256,0.01020706
12707.36,0.029542853
12709.464,0.011406109
12711.568,0.021156306
12713.672,0.015220457
12715.777,0.016256517
12717.882,0.015549887
12719.987,0.0061288898
12722.092,0.0080370989
12724.197,-0.0031263574
12726.303,0.017954425
12728.409,0.020734784
12730.514,0.014800776
12732.62,0.015838675
12734.727,0.0038049089
12736.833,0.017915164
12738.94,0.0015245592
12741.046,-0.0087655974
12743.153,-0.014698226
12745.26,-0.048517334
12747.368,-0.016976735
12749.475,-0.024651593
12751.583,-0.027097462
12753.69,-0.011242448
12755.798,-0.031117051
12757.906,-0.015261577
12760.015,-0.0063775505
12762.123,0.0042496255
12764.232,0.030563306
12766.341,-0.0076108008
12768.45,0.0082458234
12770.559,0.0023161852
12772.668,0.010330132
12774.778,0.030544745
12776.887,0.0037007639
12778.997,0.01520124
12781.107,0.0066583724
12783.218,0.0050874127
12785.328,0.046218208
12787.439,0.017632458
12789.549,0.016933648
12791.66,0.0075204708
12793.771,0.0076935805
12795.883,0.029653413
12797.994,0.015012167
12800.106,0.037843919
12802.217,0.0075168595
12804.329,-0.027167269
12806.441,2.2471587e-005
12808.554,-0.012003244
12810.666,0.0082152782
12812.779,-0.00032413909
12814.892,-0.014963544
12817.005,0.012227346
12819.118,0.0010742396
12821.231,0.015193694
12823.345,0.013627105
12825.458,0.003346148
12827.572,0.05319614
12829.686,0.021129151
12831.801,0.046578732
12833.915,0.064185406
12836.03,0.02340451
12838.144,0.038397264
12840.259,0.032475216
12842.374,0.036139454
12844.49,0.053747278
12846.605,0.0051243947
12848.721,0.027089977
12850.836,-0.0093320108
12852.952,-0.0047951627
12855.069,0.019785488
12857.185,-0.01402143
12859.301,0.0027165439
12861.418,0.0020255538
12863.535,-0.0004081256
12865.652,0.037245571
12867.769,0.013025859
12869.886,0.028022064
12872.004,0.014260328
12874.122,0.0031132018
12876.24,0.025081774
12878.358,0.020035325
12880.476,0.023703704
12882.594,0.0094322569
12884.713,-0.007453381
12886.832,-0.0016808788
12888.951,-0.0046227856
12891.07,-0.022379319
12893.189,-0.028806689
12895.308,-0.018676136
12897.428,-0.041660864
12899.548,-0.021943879
12901.668,-0.023141738
12903.788,-0.027825248
12905.908,-0.025536893
12908.029,-0.040677543
12910.149,0.010412931
12912.27,0.024902286
12914.391,0.011505119
12916.512,0.043424044
12918.634,0.017826817
12920.755,0.029702545
12922.877,0.025020726
12924.999,0.021210556
12927.121,0.037444146
12929.243,-0.0090671736
12931.366,-0.00067634448
12933.488,-0.001871384
12935.611,-0.010909373
12937.734,0.0061966173
12939.857,-0.01939873
12941.98,-0.00054944433
12944.104,0.00087083519
12946.227,-0.010780593
12948.351,0.0063263373
12950.475,-0.01839661
12952.599,-0.0030322234
12954.724,-0.01206852
12956.848,-0.01936171
12958.973,-0.0066111383
12961.098,-0.017389791
12963.223,-0.011610521
12965.348,-0.018031498
12967.473,0.003434422
12969.599,0.029257829
12971.724,0.0097655197
12973.85,0.01380281
12975.976,0.0021540142
12978.103,0.0018343822
12980.229,0.031144568
12982.356,0.032568231
12984.482,0.047935438
12986.609,0.024958606
12988.737,0.0089020214
12990.864,0.021603791
12992.991,0.0099048725
12995.119,0.013020953
12997.247,0.020494515
12999.375,-0.027805159
13001.503,-0.028174366
13003.631,-0.024186091
13005.76,-0.030655148
13007.888,-0.036252562
13010.017,-0.047950011
13012.146,-0.032632024
13014.275,-0.0077277978
13016.405,-0.013324477
13018.534,0.0019940607
13020.664,-0.0062166299
13022.794,-0.027499032
13024.924,-0.013922863
13027.054,-0.0064467274
13029.185,0.0088727289
13031.315,0.0093775542
13033.446,-0.026718744
13035.577,-0.00094122009
13037.708,-0.0013073032
13039.839,0.0087843137
13041.971,0.012652905
13044.103,0.00083539453
13046.234,0.0047043328
13048.366,-0.0027555313
13050.499,-0.0084723023
13052.631,0.018055109
13054.763,-0.0068334277
13056.896,-0.00034924181
13059.029,0.00090635963
13061.162,0.0082623526
13063.295,0.023461657
13065.429,0.015131723
13067.562,0.010287801
13069.696,0.028973465
13071.83,0.019772592
13073.964,0.038458604
13076.098,0.038844135
13078.233,0.021800646
13080.367,0.041358639
13082.502,0.018215279
13084.637,0.015987127
13086.772,0.032059801
13088.907,-0.0032834726
13091.043,-0.015968621
13093.178,-0.034753813
13095.314,-0.047489644
13097.45,-0.027981298
13099.586,-0.047688468
13101.723,-0.023822483
13103.859,-0.013028225
13105.996,-0.040578024
13108.133,-0.0001537966
13110.27,0.0027978332
13112.407,-0.0047078838
13114.544,-0.0078561328
13116.682,-0.014490051
13118.82,0.0093772896
13120.958,-0.0024850477
13123.096,-0.003889699
13125.234,0.0077777145
13127.372,-0.024127687
13129.511,0.0067121789
13131.65,0.0026938267
13133.789,0.029176733
13135.928,0.02603018
13138.067,0.0089404408
13140.207,0.027580719
13142.346,0.022691755
13144.486,0.037846533
13146.626,0.028600609
13148.766,0.010640258
13150.907,0.048453498
13153.047,0.022650348
13155.188,0.052620789
13157.329,0.034661117
13159.47,0.030644969
13161.611,0.031857748
13163.753,0.0016981484
13165.894,0.040384034
13168.036,0.023296669
13170.178,0.0079523925
13172.32,0.023980835
13174.462,-0.020121272
13176.605,0.012465243
13178.747,-0.01769317
13180.89,-0.019093243
13183.033,0.0056506436
13185.176,-0.024507261
13187.319,0.0019798848
13189.463,-0.013362866
13191.607,-0.01911939
13193.75,0.0021395062
13195.894,-0.011459816
13198.039,0.017642556
13200.183,0.0031721133
13202.327,-0.0075794792
13204.472,0.0060699174
13206.617,-0.0081672786
13208.762,0.020297168
13210.907,-0.00091146997
13213.053,0.0075096392
13215.198,0.0063448094
13217.344,-0.025320992
13219.49,0.018830318
13221.636,0.0011081067
13223.782,0.0043010461
13225.929,0.010108482
13228.075,-0.021556731
13230.222,0.01388057
13232.369,-0.019527327
13234.516,-0.0058762826
13236.664,0.012132178
13238.811,-0.025632665
13240.959,0.015905443
13243.107,0.0016702473
13245.255,0.0039929038
13247.403,0.0054442183
13249.551,-0.014019382
13251.7,0.017933257
13253.848,-0.012859084
13255.997,-7.8322874e-005
13258.146,0.014445475
13260.296,-0.0050175366
13262.445,0.012120876
13264.595,0.0013726964
13266.744,0.015896965
13268.894,0.025192594
13271.044,0.011830388
13273.195,0.015897494
13275.345,-0.0018217749
13277.496,0.0083457841
13279.647,0.017642001
13281.798,0.017352279
13283.949,0.021419973
13286.1,0.0089300509
13288.252,0.022584037
13290.403,0.01096581
13292.555,0.02984879
13294.707,0.041760209
13296.859,0.024913577
13299.012,0.035082313
13301.164,0.013878617
13303.317,0.039733863
13305.47,0.052517331
13307.623,0.02608523
13309.776,0.062398345
13311.93,0.034223561
13314.083,0.041778741
13316.237,0.062405935
13318.391,0.019416688
13320.545,0.054858932
13322.699,0.018841599
13324.854,-0.0014893428
13327.008,0.047896609
13329.163,0.010136709
13331.318,0.0508083
13333.473,0.05749308
13335.629,0.02844813
13337.784,0.065634234
13339.94,0.03571806
13342.096,0.056346666
13344.252,0.070003712
13346.408,0.036602052
13348.564,0.069431446
13350.721,0.031672723
13352.878,0.025286667
13355.034,0.037201382
13357.192,0.028201182
13359.349,0.047959269
13361.506,0.027630329
13363.664,0.039545514
13365.822,0.04361768
13367.979,0.025032012
13370.138,0.045662148
13372.296,0.057577804
13374.454,0.067750659
13376.613,0.077052172
13378.772,0.081996503
13380.931,0.09391263
13383.09,0.09101406
13385.249,0.094215826
13387.409,0.093060411
13389.569,0.10061971
13391.728,0.086392635
13393.888,0.070422758
13396.049,0.067524894
13398.209,0.047197954
13400.37,0.047786164
13402.53,0.038788435
13404.691,0.020204767
13406.852,0.039093984
13409.014,0.020510552
13411.175,0.02109935
13413.337,0.037374541
13415.498,0.028377519
13417.66,0.037681267
13419.822,0.02694156
13421.985,0.037988464
13424.147,0.040320888
13426.31,0.015638179
13428.473,0.04237171
13430.636,0.023789455
13432.799,0.0078216957
13434.962,-0.0072744857
13437.126,-0.023242009
13439.289,-0.032237737
13441.453,-0.054305243
13443.617,-0.044128623
13445.781,-0.029594586
13447.946,-0.04730444
13450.11,-0.031027249
13452.275,-0.01387848
13454.44,-0.00021543259
13456.605,0.0047331358
13458.77,0.04454021
13460.936,0.056460691
13463.101,0.037008741
13465.267,0.04282924
13467.433,0.032092122
13469.599,0.020483662
13471.766,0.021075756
13473.932,0.022539427
13476.099,0.035332192
13478.266,-0.007648346
13480.433,-0.01228454
13482.6,0.0057373363
13484.767,-0.010227598
13486.935,0.012151812
13489.102,0.021459444
13491.27,0.0072377818
13493.438,0.0034737538
13495.607,0.011910279
13497.775,0.02644714
13499.943,0.030526603
13502.112,0.044192239
13504.281,0.050014856
13506.45,0.035794018
13508.62,0.021573298
13510.789,0.016938751
13512.959,0.028862057
13515.128,0.0085414718
13517.298,0.016107714
13519.468,0.0062448807
13521.639,-0.007103674
13523.809,0.0030773007
13525.98,0.00018649764
13528.151,0.016467926
13530.322,0.034492391
13532.493,0.016787126
13534.664,0.037426205
13536.836,0.041507668
13539.008,0.047332168
13541.179,0.056642625
13543.351,0.026737512
13545.524,0.036919664
13547.696,0.040130256
13549.869,0.036369287
13552.041,0.055266389
13554.214,0.031462083
13556.387,0.042516283
13558.561,0.055313519
13560.734,0.046324381
13562.908,0.060864773
13565.082,0.046647112
13567.256,0.031558109
13569.43,0.031284039
13571.604,0.027524247
13573.779,0.03422209
13575.953,0.026976695
13578.128,0.018859958
13580.303,0.022072315
13582.478,0.02354187
13584.654,0.019782785
13586.829,0.033453011
13589.005,0.03405146
13591.181,0.018963751
13593.357,0.019562435
13595.533,0.0062178818
13597.709,0.032089132
13599.886,0.011773136
13602.063,0.016729589
13604.24,0.034758056
13606.417,0.016185332
13608.594,0.026370897
13610.772,0.010412788
13612.949,0.0040408532
13615.127,0.014226771
13617.305,-0.01567434
13619.483,-0.012459865
13621.661,-0.018831329
13623.84,-0.022588296
13626.019,-0.010658871
13628.197,-0.020515821
13630.376,-0.003357402
13632.556,0.0068294568
13634.735,-0.00041276063
13636.915,0.0089028738
13639.094,0.040876578
13641.274,0.038863472
13643.454,0.037721943
13645.634,0.030480314
13647.815,0.0075525281
13649.995,0.026454925
13652.176,0.012241972
13654.357,0.021558548
13656.538,0.036103999
13658.72,0.016662641
13660.901,0.011164755
13663.083,0.0065384464
13665.264,0.014112691
13667.446,0.020815594
13669.629,0.0031177433
13671.811,0.011563801
13673.993,0.01042392
13676.176,-0.0029162796
13678.359,0.0055301311
13680.542,0.019205418
13682.725,0.024166225
13684.909,0.02912715
13687.092,0.043674249
13689.276,0.029463296
13691.46,0.053596688
13693.644,0.046357648
13695.828,0.047833322
13698.012,0.049309114
13700.197,0.031612911
13702.382,0.035703318
13704.567,0.021493189
13706.752,0.010769016
13708.937,0.041003567
13711.123,0.02679379
13713.308,0.023041648
13715.494,0.015803785
13717.68,-0.0088631544
13719.866,0.0091715489
13722.053,0.0045484179
13724.239,0.014740219
13726.426,0.029289437
13728.613,0.001137247
13730.8,0.0017433448
13732.987,-0.0098508754
13735.174,-0.022316438
13737.362,0.0035623444
13739.55,-0.0054171437
13741.737,0.012618736
13743.926,0.0014079758
13746.114,-0.0037024882
13748.302,0.0060019414
13750.491,-0.010437341
13752.68,0.0010101656
13754.869,0.0072289928
13757.058,-0.0048527548
13759.247,-0.0038625282
13761.436,-0.022044336
13763.626,-0.021053952
13765.816,-0.025292247
13768.006,-0.0086154308
13770.196,0.0028327061
13772.386,0.016895301
13774.577,0.019628998
13776.768,0.015391097
13778.959,0.037297065
13781.15,0.030444943
13783.341,0.030564576
13785.532,0.040270345
13787.724,0.044747435
13789.915,0.031795409
13792.107,0.031915358
13794.299,0.052950418
13796.492,0.035641331
13798.684,0.015717943
13800.877,0.027167183
13803.07,0.026416066
13805.263,0.030022326
13807.456,0.016199471
13809.649,0.01632005
13811.842,0.018183627
13814.036,0.0061039279
13816.23,0.021039558
13818.424,0.017674613
13820.618,0.025638724
13822.812,0.044931889
13825.007,0.036338422
13827.202,0.027745035
13829.397,0.040066758
13831.592,0.041059585
13833.787,0.051638547
13835.982,0.050888612
13838.178,0.071053788
13840.373,0.060717953
13842.569,0.039924682
13844.766,0.048761118
13846.962,0.054111795
13849.158,0.068177147
13851.355,0.056098787
13853.552,0.034434449
13855.749,0.057214635
13857.946,0.037293374
13860.143,0.049616201
13862.341,0.071525163
13864.538,0.070776252
13866.736,0.073513259
13868.934,0.041391956
13871.132,0.050229338
13873.331,0.05732388
13875.529,0.044374927
13877.728,0.058441303
13879.927,0.03939229
13882.126,0.041258389
13884.325,0.019595154
13886.524,0.025818708
13888.724,0.03552818
13890.924,0.030422916
13893.124,0.02706065
13895.324,0.020212624
13897.524,0.0037786206
13899.724,0.015231406
13901.925,0.017098213
13904.126,0.014607801
13906.327,0.014731847
13908.528,0.023570568
13910.729,0.014108714
13912.931,0.023819053
13915.132,0.023071954
13917.334,0.036268289
13919.536,0.034649888
13921.738,0.012116533
13923.941,0.016598507
13926.143,0.016723262
13928.346,-0.0031954777
13930.549,0.0387595
13932.752,0.027555515
13934.955,0.047724158
13937.159,0.053949524
13939.362,0.025316582
13941.566,0.04809984
13943.77,0.049096684
13945.974,0.04312193
13948.178,0.08072024
13950.383,0.034658497
13952.587,0.046113173
13954.792,0.030552678
13956.997,0.019349559
13959.202,0.049105125
13961.408,0.034416326
13963.613,0.06242913
13965.819,0.064298222
13968.025,0.044380901
13970.231,0.065422264
13972.437,0.025461527
13974.643,0.043888669
13976.85,0.052729832
13979.056,0.041527502
13981.263,0.043397146
13983.47,0.0060511819
13985.678,0.01663558
13987.885,-0.0032810322
13990.093,0.0038176848
13992.3,0.030960054
13994.508,-0.0037711372
13996.716,0.00071343712
13998.925,-0.025302999
14001.133,-0.0042605331
14003.342,0.019396391
14005.551,-0.0013910508
14007.76,0.040566684
14009.969,0.02152232
14012.178,0.019035768
14014.388,0.046178924
14016.597,0.026263336
14018.807,0.046434973
14021.017,0.03436268
14023.227,0.017933167
14025.438,0.018932926
14027.648,0.0025035711
14029.859,0.0043749481
14032.07,-0.0050825722
14034.281,-0.011054175
14036.492,-0.0091825615
14038.704,0.0022751873
14040.915,0.00066111943
14043.127,0.010376106
14045.339,0.034034527
14047.551,0.030677776
14049.763,0.023835266
14051.976,0.048365382
14054.189,0.022350916
14056.401,0.025094698
14058.614,0.02348126
14060.827,0.014024764
14063.041,0.0080541859
14065.254,-0.017959887
14067.468,-0.027416146
14069.682,-0.026414811
14071.896,-0.031513615
14074.11,-0.00088249196
14076.324,0.0044763783
14078.539,0.028135981
14080.754,0.023908952
14082.969,0.034496817
14085.184,0.04769914
14087.399,0.048701105
14089.614,0.074104021
14091.83,0.069877387
14094.046,0.061293532
14096.262,0.056195595
14098.478,0.039768761
14100.694,0.064300611
14102.911,0.048745394
14105.127,0.041033393
14107.344,0.054236504
14109.561,0.036067144
14111.778,0.049270412
14113.996,0.049401864
14116.213,0.029489821
14118.431,0.027007051
14120.649,-0.0016194313
14122.867,0.0011267144
14125.085,0.018687754
14127.303,0.01271946
14129.522,0.0076227049
14131.741,-0.0044456491
14133.96,-0.015642465
14136.179,0.0027904284
14138.398,0.0029227465
14140.617,0.0074124419
14142.837,0.00057324002
14145.057,0.0033201736
14147.277,0.0034528069
14149.497,0.006199898
14151.717,0.016790205
14153.938,0.03086643
14156.158,0.024027701
14158.379,0.016317591
14160.6,0.0086075594
14162.821,0.014840962
14165.043,0.00015941082
14167.264,-0.0014501662
14169.486,0.0039120131
14171.708,-0.018612439
14173.93,-0.028064917
14176.152,-0.017473743
14178.374,-0.019082926
14180.597,-0.0058772158
14182.82,-0.00051456381
14185.043,0.0057196267
14187.266,0.0058536781
14189.489,-0.0027267886
14191.712,0.011350775
14193.936,0.003641926
14196.16,0.0090050507
14198.384,0.024825771
14200.608,0.017988617
14202.832,0.011151543
14205.057,0.0043145467
14207.281,0.0053207668
14209.506,-0.0023875311
14211.731,-0.01183867
14213.956,0.003111142
14216.182,-0.0054683794
14218.407,-0.015790741
14220.633,-0.021755726
14222.859,-0.015520196
14225.085,-0.0040558293
14227.311,-0.0056632791
14229.537,0.0084156244
14231.764,0.024237526
14233.991,0.011301337
14236.218,0.026251936
14238.445,0.030745098
14240.672,0.028923507
14242.9,0.043659712
14245.127,0.011337155
14247.355,-0.00094176675
14249.583,-0.0018916504
14251.811,-0.015041908
14254.039,0.0014375265
14256.268,-0.015198446
14258.497,-0.030091436
14260.725,-0.015354735
14262.954,-0.032861981
14265.184,-0.014639318
14267.413,-0.0094884874
14269.642,0.0052484615
14271.872,0.0025562785
14274.102,0.0050929157
14276.332,0.0076296148
14278.562,0.0040661581
14280.793,0.014446119
14283.023,0.018725923
14285.254,0.032591846
14287.485,0.054300969
14289.716,0.046380524
14291.947,0.061118093
14294.179,0.047969013
14296.41,0.071421303
14298.642,0.082673219
14300.874,0.076496003
14303.106,0.07031885
14305.339,0.055427161
14307.571,0.061450567
14309.804,0.048301922
14312.037,0.046482314
14314.27,0.063834882
14316.503,0.035871608
14318.736,0.045381163
14320.97,0.043561804
14323.204,0.038256668
14325.437,0.073910199
14327.672,0.045947235
14329.906,0.067657536
14332.14,0.060609728
14334.375,0.046590305
14336.61,0.070915171
14338.844,0.050795654
14341.08,0.050719772
14343.315,0.071558985
14345.55,0.040982138
14347.786,0.063564394
14350.022,0.044316647
14352.258,0.047726914
14354.494,0.05723746
14356.73,0.044961577
14358.967,0.063186845
14361.203,0.06659736
14363.44,0.05867896
14365.677,0.062089599
14367.914,0.062885921
14370.152,0.067168144
14372.389,0.071450428
14374.627,0.054817742
14376.865,0.054742853
14379.103,0.050310726
14381.341,0.053721799
14383.58,0.071076289
14385.818,0.050958074
14388.057,0.03694014
14390.296,0.035994162
14392.535,0.018490512
14394.774,0.050660127
14397.014,0.03577098
14399.254,0.040925469
14401.493,0.035622503
14403.733,0.014633324
14405.974,0.033731354
14408.214,0.024942735
14410.454,0.035326292
14412.695,0.039609692
14414.936,0.013392066
14417.177,0.033361865
14419.418,0.014987499
14421.66,0.017528229
14423.901,0.026169238
14426.143,0.0069235987
14428.385,0.032122466
14430.627,0.018105709
14432.869,0.01716091
14435.111,0.042359963
14437.354,0.027471932
14439.597,0.053542569
14441.84,0.049983639
14444.083,0.034224335
14446.326,0.061166617
14448.57,0.042793058
14450.813,0.048820432
14453.057,0.041775973
14455.301,0.023402599
14457.545,0.045987894
14459.79,0.032843402
14462.034,0.037128167
14464.279,0.064942406
14466.524,0.043954963
14468.769,0.054340132
14471.014,0.04381033
14473.259,0.050709783
14475.505,0.048894702
14477.751,0.016578594
14479.997,0.024349693
14482.243,0.010334362
14484.489,-0.0045523663
14486.735,0.011062056
14488.982,0.0014042101
14491.229,0.029219193
14493.476,0.022175849
14495.723,0.010775269
14497.97,0.030747301
14500.218,0.021089764
14502.465,0.034090242
14504.713,0.032275967
14506.961,0.032204673
14509.209,0.028647603
14511.458,0.019861836
14513.706,0.031119704
14515.955,0.049349312
14518.204,0.051892707
14520.453,0.050950326
14522.702,0.037807571
14524.951,0.044708451
14527.201,0.033308739
14529.451,0.028009307
14531.701,0.017481179
14533.951,0.037454202
14536.201,0.025183279
14538.451,0.014655337
14540.702,0.037242925
14542.953,0.044144301
14545.204,0.040588222
14547.455,0.044003883
14549.706,0.040447929
14551.958,0.050835392
14554.209,0.02200723
14556.461,0.029780437
14558.713,0.035810788
14560.965,0.023540546
14563.218,0.027828101
14565.47,0.008586306
14567.723,0.018102743
14569.976,0.018904645
14572.229,0.0083776329
14574.482,0.051881184
14576.735,0.038739917
14578.989,0.05871418
14581.243,0.054287634
14583.497,0.060318666
14585.751,0.085521874
14588.005,0.072380916
14590.26,0.094969869
14592.514,0.094029472
14594.769,0.071302644
14597.024,0.081691346
14599.279,0.056350264
14601.534,0.056281574
14603.79,0.041398131
14606.046,0.038715187
14608.301,0.054332958
14610.557,0.050778677
14612.814,0.067268032
14615.07,0.069814093
14617.326,0.071488757
14619.583,0.084492459
14621.84,0.080067028
14624.097,0.10091399
14626.354,0.10607474
14628.612,0.099035119
14630.869,0.11203913
14633.127,0.095413575
14635.385,0.077916621
14637.643,0.090049359
14639.901,0.082138586
14642.16,0.071613496
14644.418,0.076774743
14646.677,0.066249777
14648.936,0.078382825
14651.195,0.072215281
14653.455,0.078248236
14655.714,0.10606774
14657.974,0.09118579
14660.234,0.09721893
14662.494,0.11806695
14664.754,0.1092854
14667.014,0.11880456
14669.275,0.10740876
14671.536,0.1177995
14673.796,0.11424696
14676.058,0.10110842
14678.319,0.11149936
14680.58,0.10968992
14682.842,0.1043947
14685.104,0.092444764
14687.365,0.092536878
14689.628,0.086924954
14691.89,0.098425391
14694.152,0.088535516
14696.415,0.10360114
14698.678,0.092998376
14700.941,0.081682662
14703.204,0.085340272
14705.467,0.086145894
14707.731,0.089090616
14709.994,0.090609374
14712.258,0.072163845
14714.522,0.076534778
14716.786,0.065219498
14719.051,0.058182355
14721.315,0.068257573
14723.58,0.064072604
14725.845,0.075573971
14728.11,0.059980926
14730.375,0.053657106
14732.641,0.070149746
14734.906,0.068104124
14737.172,0.076040739
14739.438,0.080412354
14741.704,0.083358005
14743.97,0.080599619
14746.237,0.047894771
14748.504,0.059396758
14750.77,0.044517346
14753.037,0.061723557
14755.304,0.07322573
14757.572,0.056920479
14759.839,0.050597464
14762.107,0.046413549
14764.375,0.034386559
14766.643,0.03376783
14768.911,0.026019038
14771.179,0.029678508
14773.448,0.034764065
14775.717,0.049118846
14777.986,0.041370303
14780.255,0.029343746
14782.524,0.050115826
14784.793,0.048071568
14787.063,0.043175323
14789.333,0.056817463
14791.603,0.047643267
14793.873,0.054868419
14796.143,0.049972422
14798.414,0.042224436
14800.684,0.04802375
14802.955,0.036710826
14805.226,0.048927375
14807.497,0.026919388
14809.769,0.020597738
14812.04,0.044222673
14814.312,0.0079546225
14816.584,0.012328345
14818.856,0.0095720049
14821.128,0.013232839
14823.4,0.02402386
14825.673,0.0048684187
14827.946,0.013520526
14830.219,0.0043473836
14832.492,-0.00054762202
14834.765,0.010956721
14837.038,-0.0053463599
14839.312,0.0075841324
14841.586,0.0012633498
14843.86,0.0070638414
14846.134,0.0078733076
14848.408,-0.00058632643
14850.683,0.009492426
14852.957,-0.0011061214
14855.232,-0.008852557
14857.507,-0.011607843
14859.782,-0.01396628
14862.058,-0.012759616
14864.333,-0.00014471462
14866.609,0.0067661245
14868.885,-0.0048613229
14871.161,-8.9445626e-005
14873.437,-0.0081517551
14875.713,-0.012648964
14877.99,-0.0043119114
14880.267,-0.0038179578
14882.543,0.0045191709
14884.821,0.0043001876
14887.098,0.0026552171
14889.375,-0.00041574047
14891.653,0.0079215393
14893.931,0.016258857
14896.209,0.0060578879
14898.487,0.010830219
14900.765,0.017028612
14903.044,0.021801019
14905.322,0.032990575
14907.601,0.040615107
14909.88,0.02613629
14912.159,0.030195835
14914.439,0.02926433
14916.718,0.020489727
14918.998,0.030253485
14921.278,0.040730293
14923.558,0.04835509
14925.838,0.038867625
14928.118,0.032232247
14930.399,0.039144144
14932.68,0.029656792
14934.961,0.041559853
14937.242,0.047045838
14939.523,0.032567513
14941.804,0.037340561
14944.086,0.022149299
14946.368,0.030487485
14948.65,0.025991485
14950.932,0.023634561
14953.214,0.027694786
14955.497,0.021772874
14957.779,0.02440715
14960.062,0.032745564
14962.345,0.028249791
14964.628,0.041579367
14966.912,0.036370657
14969.195,0.040431147
14971.479,0.028092388
14973.763,0.020031741
14976.047,0.035500544
14978.331,0.048117334
14980.616,0.036491739
14982.9,0.031283293
14985.185,0.022509823
14987.47,0.023718565
14989.755,0.032770483
14992.04,0.026136163
14994.326,0.038040206
14996.611,0.041388137
14998.897,0.030475856
15001.183,0.026693738
15003.469,0.012929482
15005.756,0.025546727
15008.042,0.033885934
15010.329,0.026538904
15012.616,0.030600112
15014.903,0.026818221
15017.19,0.033018542
15019.477,0.03636685
15021.765,0.027593985
15024.052,0.048767681
15026.34,0.046412003
15028.628,0.042630339
15030.917,0.059526073
15033.205,0.050753397
15035.494,0.081196444
15037.782,0.068145769
15040.071,0.058660193
15042.36,0.069852017
15044.65,0.058227479
15046.939,0.075123479
15049.229,0.071342154
15051.519,0.072551954
15053.809,0.083030955
15056.099,0.057146357
15058.389,0.069051458
15060.68,0.049584047
15062.97,0.060776211
15065.261,0.079098538
15067.552,0.078169566
15069.843,0.084370756
15072.135,0.071320647
15074.426,0.072530825
15076.718,0.074454054
15079.01,0.07352527
15081.302,0.084004724
15083.594,0.079510954
15085.887,0.084999396
15088.179,0.084070764
15090.472,0.081003132
15092.765,0.068666375
15095.058,0.050625557
15097.351,0.066809375
15099.645,0.072298044
15101.938,0.082777838
15104.232,0.07899742
15106.526,0.067373903
15108.82,0.082844898
15111.115,0.071934469
15113.409,0.075284327
15115.704,0.084338323
15117.999,0.089114282
15120.294,0.11314162
15122.589,0.11150054
15124.884,0.12198071
15127.18,0.10394042
15129.476,0.12012477
15131.771,0.12490095
15134.068,0.11755596
15136.364,0.13587946
15138.66,0.1370907
15140.957,0.13758896
15143.254,0.12168797
15145.551,0.13002945
15147.848,0.12767577
15150.145,0.10892285
15152.442,0.11940347
15154.74,0.12489305
15157.038,0.1325217
15159.336,0.14371545
15161.634,0.13565791
15163.932,0.14114763
15166.231,0.15020246
15168.53,0.16068335
15170.828,0.1497739
15173.128,0.15027269
15175.427,0.16217972
15177.726,0.17123474
15180.026,0.16032544
15182.325,0.15440727
15184.625,0.15348023
15186.925,0.14898816
15189.226,0.15946939
15191.526,0.14071714
15193.827,0.15832857
15196.127,0.16524486
15198.428,0.15718791
15200.73,0.16766933
15203.031,0.14606523
15205.332,0.14442551
15207.634,0.14848993
15209.936,0.14257221
15212.238,0.16945311
15214.54,0.15141426
15216.842,0.15262678
15219.145,0.14813524
15221.448,0.13865265
15223.75,0.14628239
15226.053,0.13751289
15228.357,0.15868995
15230.66,0.16774584
15232.964,0.1846449
15235.267,0.19370086
15237.571,0.17566238
15239.875,0.19541361
15242.18,0.19662654
15244.484,0.19712651
15246.789,0.20760868
15249.093,0.19670052
15251.398,0.20789578
15253.704,0.20055276
15256.009,0.19677483
15258.314,0.19370996
15260.62,0.16568969
15262.926,0.18971937
15265.232,0.18095051
15267.538,0.18216386
15269.844,0.19478545
15272.151,0.18316465
15274.458,0.20077741
15276.764,0.2012779
15279.072,0.19393529
15281.379,0.19300983
15283.686,0.19279742
15285.994,0.21041037
15288.301,0.1909467
15290.609,0.18289127
15292.917,0.19123516
15295.226,0.17818872
15297.534,0.18225461
15299.843,0.18632054
15302.152,0.1725612
15304.461,0.17805323
15306.77,0.17926723
15309.079,0.16764704
15311.388,0.16387002
15313.698,0.157954
15316.008,0.16059417
15318.318,0.14968715
15320.628,0.14947534
15322.939,0.14712454
15325.249,0.14905185
15327.56,0.14812715
15329.871,0.14506345
15332.182,0.14413882
15334.493,0.14321423
15336.804,0.13587257
15339.116,0.14350421
15341.428,0.14329274
15343.74,0.13523818
15346.052,0.13645282
15348.364,0.13980653
15350.676,0.11891786
15352.989,0.12084562
15355.302,0.1213474
15357.615,0.10616294
15359.928,0.10381274
15362.241,0.10930572
15364.555,0.09697342
15366.868,0.091771285
15369.182,0.10154245
15371.496,0.092062317
15373.811,0.090425358
15376.125,0.10518772
15378.439,0.092142641
15380.754,0.094070858
15383.069,0.095999113
15385.384,0.086519206
15387.699,0.081317412
15390.015,0.088236868
15392.33,0.081609124
15394.646,0.082824555
15396.962,0.088318099
15399.278,0.089533606
15401.594,0.072210826
15403.911,0.080556534
15406.227,0.069650942
15408.544,0.07371865
15410.861,0.089194595
15413.178,0.090410329
15415.496,0.073800789
15417.813,0.094267935
15420.131,0.08336257
15422.449,0.075309292
15424.767,0.074386177
15427.085,0.063480926
15429.403,0.066835961
15431.722,0.081599235
15434.041,0.082102296
15436.36,0.08117937
15438.679,0.082395519
15440.998,0.086463756
15443.317,0.064863582
15445.637,0.051106583
15447.957,0.070148195
15450.277,0.071364534
15452.597,0.089693209
15454.917,0.091622636
15457.237,0.083569925
15459.558,0.088351477
15461.879,0.085289929
15464.2,0.088645532
15466.521,0.097705272
15468.842,0.10319999
15471.164,0.11582487
15473.486,0.1006423
15475.807,0.091876874
15478.129,0.087389566
15480.452,0.075772171
15482.774,0.067006864
15485.097,0.061806657
15487.419,0.06587565
15489.742,0.069231668
15492.065,0.070448687
15494.389,0.063109593
15496.712,0.07359585
15499.036,0.069108882
15501.359,0.064621952
15503.683,0.069404222
15506.007,0.072760505
15508.332,0.082533937
15510.656,0.070917034
15512.981,0.056448118
15515.306,0.052674427
15517.631,0.043909687
15519.956,0.051544271
15522.281,0.035649481
15524.607,0.041145104
15526.932,0.048066789
15529.258,0.04001525
15531.584,0.038380861
15533.91,0.030329398
15536.237,0.035112197
15538.563,0.032764909
15540.89,0.036834771
15543.217,0.033061534
15545.544,0.017880135
15547.871,0.024089148
15550.199,0.012472886
15552.526,0.012264862
15554.854,0.0084918141
15557.182,0.0054318159
15559.51,0.010928005
15561.839,0.0050160329
15564.167,0.021920498
15566.496,0.013869563
15568.824,0.031487116
15571.153,0.042687594
15573.483,0.037488823
15575.812,0.047976364
15578.142,0.042064656
15580.471,0.049700223
15582.801,0.056622816
15585.131,0.055702308
15587.461,0.059772926
15589.792,0.045305258
15592.122,0.030124614
15594.453,0.0028227966
15596.784,0.0097456156
15599.115,0.0095383476
15601.446,0.0036270176
15603.778,0.018393087
15606.109,0.006777733
15608.441,-0.001272521
15610.773,0.0020854623
15613.105,-0.00097362881
15615.438,0.00808853
15617.77,0.020002776
15620.103,0.039047185
15622.435,0.044544395
15624.768,0.045050555
15627.102,0.053399891
15629.435,0.039645877
15631.769,0.04585625
15634.102,0.048501599
15636.436,0.046155898
15638.77,0.050227348
15641.104,0.03861256
15643.439,0.034840948
15645.773,0.029643349
15648.108,0.020880725
15650.443,0.02423935
15652.778,0.017615839
15655.113,0.013844416
15657.449,0.0043689305
15659.784,0.0063016825
15662.12,0.0011043476
15664.456,-0.0005278872
15666.792,0.0063960656
15669.129,0.0061899313
15671.465,0.0052708224
15673.802,-0.017038623
15676.139,-0.0051234318
15678.476,0.0053657723
15680.813,-0.0069613851
15683.15,0.024205256
15685.488,0.0068870873
15687.825,0.0038292055
15690.163,0.014318599
15692.501,0.00484368
15694.84,0.0060639864
15697.178,0.010136381
15699.517,0.031321112
15701.855,0.02327237
15704.194,0.0059545027
15706.533,0.017870185
15708.873,0.0098215562
15711.212,0.013894177
15713.552,0.016540811
15715.892,0.0070662702
15718.231,0.016130092
15720.572,0.029472026
15722.912,0.015719524
15725.252,0.011236222
15727.593,0.00746597
15729.934,0.0079738308
15732.275,0.0099077544
15734.616,0.0075636409
15736.958,0.013775715
15739.299,0.017848789
15741.641,0.019069852
15743.983,0.006030702
15746.325,0.00154774
15748.667,0.014890128
15751.009,0.015398329
15753.352,0.027314767
15755.695,0.034953168
15758.038,0.026192321
15760.381,0.016005485
15762.724,0.0086707381
15765.067,0.012031216
15767.411,0.016817756
15769.755,0.024456384
15772.099,0.022825888
15774.443,0.0055091546
15776.787,0.0053047588
15779.132,-0.0063077989
15781.477,-0.011503206
15783.821,0.0089698729
15786.166,0.0037745409
15788.512,0.025673721
15790.857,0.0069312274
15793.203,0.0024490212
15795.548,0.010088065
15797.894,0.0048929219
15800.24,0.027505303
15802.586,0.0087629987
15804.933,0.017115206
15807.279,0.013346239
15809.626,-0.0032569146
15811.973,0.0086604686
15814.32,-0.0072295971
15816.668,0.014670036
15819.015,0.015179333
15821.363,0.0064195057
15823.71,0.018337078
15826.058,0.0010211762
15828.407,0.019355936
15830.755,0.00489216
15833.103,0.0011236088
15835.452,0.013754382
15837.801,-0.0042743429
15840.15,-0.0066167558
15842.499,-0.013315294
15844.849,-0.015022713
15847.198,-0.0067479245
15849.548,-0.016298416
15851.898,-0.013014652
15854.248,-0.014721943
15856.598,-0.020707276
15858.949,-0.0017371409
15861.299,-0.014852535
15863.65,0.001265614
15866.001,0.016670783
15868.352,0.0071205468
15870.703,0.020386742
15873.055,0.020105732
15875.406,0.0041384802
15877.758,0.012413684
15880.11,0.0099937331
15882.462,0.021121051
15884.815,0.021553214
15887.167,0.025550471
15889.52,0.033825835
15891.873,0.029980019
15894.226,0.036116409
15896.579,0.03868777
15898.932,0.038407112
15901.286,0.063081923
15903.64,0.053532167
15905.994,0.05752968
15908.348,0.0601012
15910.702,0.043421416
15913.056,0.04884505
15915.411,0.038582441
15917.766,0.036876015
15920.121,0.034456608
15922.476,0.020629033
15924.831,0.01820969
15927.187,0.0022431415
15929.542,0.011232062
15931.898,0.016655952
15934.254,0.0092456497
15936.61,0.016808641
15938.967,0.0058333404
15941.323,-0.0065679534
15943.68,0.0024211591
15946.037,-0.014258146
15948.394,-0.013825119
15950.751,-0.01339206
15953.108,-0.014384994
15955.466,-0.016803921
15957.824,-0.029204991
15960.181,-0.021929801
15962.54,-0.024636776
15964.898,-0.011657465
15967.256,-0.0029562179
15969.615,-0.0099412349
15971.974,0.0087422081
15974.333,0.0060352874
15976.692,0.0054674149
15979.051,0.01559474
15981.411,0.015026889
15983.77,0.028006286
15986.13,0.016030256
15988.49,0.0061932753
15990.85,0.013468604
15993.211,0.0050576696
15995.571,-0.0047792794
15997.932,0.0032090942
16000.293,0.011197479
16002.654,0.026315998
16005.015,0.022896205
16007.376,0.023754496
16009.738,0.021047736
16012.1,0.02190605
16014.462,0.04201571
16016.824,0.034317895
16019.186,0.047297453
16021.548,0.053146896
16023.911,0.043310076
16026.274,0.037038328
16028.637,0.017932367
16031,0.021642816
16033.363,0.022501226
16035.727,0.020507596
16038.09,0.034913264
16040.454,0.030067606
16042.818,0.030213046
16045.182,0.023941384
16047.547,0.016956721
16049.911,0.026371355
16052.276,0.030081901
16054.641,0.044487644
16057.006,0.052476285
16059.371,0.047630713
16061.737,0.062749501
16064.102,0.057190938
16066.468,0.059475522
16068.834,0.058195055
16071.2,0.065470748
16073.566,0.078450552
16075.933,0.075744093
16078.299,0.081593793
16080.666,0.07460928
16083.033,0.054790553
16085.4,0.07062246
16087.767,0.050803754
16090.135,0.053801459
16092.503,0.066068336
16094.87,0.055518824
16097.238,0.053525473
16099.607,0.050106108
16101.975,0.043121691
16104.344,0.046832472
16106.712,0.048404227
16109.081,0.072792391
16111.45,0.059390905
16113.819,0.058823654
16116.189,0.053978339
16118.558,0.039863872
16120.928,0.048565815
16123.298,0.056554757
16125.668,0.053848522
16128.039,0.067541585
16130.409,0.049149097
16132.78,0.042877832
16135.15,0.03731959
16137.521,0.025344247
16139.893,0.042602426
16142.264,0.042748316
16144.635,0.040755179
16147.007,0.040188078
16149.379,0.018943626
16151.751,0.029784746
16154.123,0.033495752
16156.495,0.034354719
16158.868,0.032361647
16161.241,0.026803523
16163.614,0.041922771
16165.987,0.052050943
16168.36,0.042214777
16170.733,0.06089912
16173.107,0.066036237
16175.481,0.074738426
16177.855,0.077736527
16180.229,0.055779202
16182.603,0.065194436
16184.978,0.069618594
16187.352,0.068338663
16189.727,0.065632718
16192.102,0.035119296
16194.477,0.047386634
16196.852,0.024003359
16199.228,0.031992643
16201.604,0.044260014
16203.979,0.037276058
16206.355,0.048830437
16208.732,0.047550602
16211.108,0.05839199
16213.485,0.055686152
16215.861,0.061536474
16218.238,0.073803919
16220.615,0.0817933
16222.993,0.081939554
16225.37,0.072103645
16227.748,0.073675946
16230.125,0.075248257
16232.503,0.07396853
16234.881,0.0662717
16237.26,0.060713919
16239.638,0.057295186
16242.017,0.064571651
16244.396,0.063291977
16246.775,0.051317127
16249.154,0.060019649
16251.533,0.060166032
16253.913,0.048191214
16256.292,0.039781468
16258.672,0.043492946
16261.052,0.04292636
16263.432,0.050915933
16265.813,0.053914431
16268.193,0.043365702
16270.574,0.044938195
16272.955,0.0351025
16275.336,0.048796227
16277.717,0.048942728
16280.099,0.048376228
16282.48,0.056365887
16284.862,0.044391208
16287.244,0.044537752
16289.626,0.037554182
16292.009,0.034848697
16294.391,0.029291173
16296.774,0.025872698
16299.156,0.044557619
16301.539,0.019035778
16303.923,0.022747459
16306.306,0.018616014
16308.689,0.0087804797
16311.073,0.028178468
16313.457,0.017629942
16315.841,0.032036864
16318.225,0.038600659
16320.61,0.051581578
16322.994,0.060997445
16325.379,0.051161985
16327.764,0.070560048
16330.149,0.050742436
16332.534,0.074418595
16334.92,0.072426315
16337.305,0.049043673
16339.691,0.089119151
16342.077,0.052902305
16344.463,0.051623081
16346.849,0.049630855
16349.236,0.028387303
16351.623,0.037803299
16354.009,0.032959055
16356.396,0.056635321
16358.784,0.043947962
16361.171,0.051937975
16363.558,0.065632099
16365.946,0.036545485
16368.334,0.056656743
16370.722,0.052525587
16373.11,0.046255404
16375.499,0.062088619
16377.887,0.05938352
16380.276,0.03885312
16382.665,0.021887793
16385.054,0.023460801
16387.443,0.015764658
16389.833,0.021615762
16392.222,0.021049765
16394.612,0.021909803
16397.002,0.026334915
16399.392,0.0172128
16401.783,0.015220821
16404.173,0.021785002
16406.564,0.036192332
16408.955,0.037052434
16411.346,0.029356398
16413.737,0.036633635
16416.128,0.036067745
16418.52,0.031936803
16420.911,0.019962735
16423.303,0.010840727
16425.695,0.015265968
16428.088,0.017552181
16430.48,0.014134306
16432.872,0.014281503
16435.265,0.034393061
16437.658,0.03454028
16440.051,0.022566297
16442.445,0.022713538
16444.838,0.020721751
16447.232,0.012312863
16449.625,0.038841598
16452.019,0.043979968
16454.414,0.044127262
16456.808,0.035005405
16459.202,0.037291757
16461.597,0.016048709
16463.992,0.0055008589
16466.387,0.0092132688
16468.782,-0.002760585
16471.177,0.015925108
16473.573,0.038175875
16475.969,0.011941804
16478.365,0.0085241424
16480.761,0.0058195043
16483.157,0.0095319893
16485.553,0.0075403851
16487.95,0.016243979
16490.347,0.032077708
16492.744,0.043633373
16495.141,0.037363737
16497.538,0.024676999
16499.935,0.011990272
16502.333,0.012850793
16504.731,0.012998312
16507.129,0.015997892
16509.527,0.025414594
16511.925,0.019858046
16514.324,0.030700795
16516.722,0.025144268
16519.121,0.026717876
16521.52,0.033995595
16523.919,0.044838386
16526.319,0.065663364
16528.718,0.066524002
16531.118,0.069523689
16533.518,0.059689162
16535.918,0.052706696
16538.318,0.058558465
16540.719,0.048010957
16543.119,0.05172371
16545.52,0.029768024
16547.921,0.044888998
16550.322,0.037906596
16552.723,0.02094203
16555.125,0.031071949
16557.526,0.025515604
16559.928,0.037784581
16562.33,0.029376208
16564.732,0.027384957
16567.135,0.021828655
16569.537,0.019124414
16571.94,0.032106457
16574.343,0.011576925
16576.746,0.0095857284
16579.149,0.0090205672
16581.552,-0.00081374558
16583.956,0.0064642519
16586.36,0.0051861103
16588.764,0.013177142
16591.168,0.015464084
16593.572,0.012759949
16595.976,0.0079167884
16598.381,0.010752234
16600.786,0.0072802721
16603.191,0.028544369
16605.596,0.033518884
16608.001,0.034873501
16610.407,0.041657992
16612.812,0.044219266
16615.218,0.036524141
16617.624,0.034862209
16620.03,0.038630152
16622.436,0.049637924
16624.843,0.058835753
16627.25,0.051140681
16629.657,0.059131895
16632.064,0.058073345
16634.471,0.048568351
16636.878,0.057162915
16639.286,0.04826126
16641.693,0.045392799
16644.101,0.043730985
16646.509,0.040862545
16648.918,0.040407389
16651.326,0.032712424
16653.735,0.02501747
16656.143,0.024562346
16658.552,0.024107233
16660.962,0.012792402
16663.371,0.014750583
16665.78,0.0052457277
16668.19,0.0047906572
16670.6,0.0079555069
16673.01,0.0050871848
16675.42,0.0094586925
16677.83,0.011416938
16680.241,0.023028286
16682.652,0.023176598
16685.062,0.023928239
16687.473,0.020456663
16689.885,0.025431553
16692.296,0.035233
16694.708,0.02693491
16697.119,0.040356288
16699.531,0.030851583
16701.943,0.037033163
16704.356,0.0480413
16706.768,0.033710081
16709.181,0.039891694
16711.593,0.02435386
16714.006,0.016055856
16716.419,0.025254092
16718.833,0.027212519
16721.246,0.040634004
16723.66,0.036559271
16726.074,0.048170822
16728.488,0.045302747
16730.902,0.023731816
16733.316,0.0353434
16735.731,0.018599037
16738.145,0.027797369
16740.56,0.028549257
16742.975,0.03111111
16745.391,0.046342656
16747.806,0.026581756
16750.222,0.033366868
16752.637,0.019639171
16755.053,0.017374532
16757.469,0.023556359
16759.886,0.0092253757
16762.302,0.027473589
16764.719,0.01917581
16767.135,0.028977589
16769.552,0.022489786
16771.97,0.021431858
16774.387,0.025200487
16776.804,0.016902761
16779.222,0.037564323
16781.64,0.025646709
16784.058,0.028812062
16786.476,0.033184063
16788.894,0.027299664
16791.313,0.03710155
16793.732,0.033027128
16796.151,0.037399171
16798.57,0.039357952
16800.989,0.037696835
16803.408,0.036035728
16805.828,0.027134813
16808.248,0.021853818
16810.667,0.0099363326
16813.088,0.012498496
16815.508,0.018077262
16817.928,0.014606265
16820.349,0.0069120503
16822.77,0.0088709386
16825.191,0.015656384
16827.612,0.010978793
16830.033,0.0069045307
16832.455,0.017913236
16834.876,0.013838995
16837.298,0.022434449
16839.72,0.021980139
16842.142,0.032385568
16844.565,0.012021778
16846.987,0.011567501
16849.41,0.020163007
16851.833,0.020915388
16854.256,0.031924189
16856.679,0.029056682
16859.102,0.021965957
16861.526,0.023321699
16863.95,0.015024359
16866.374,0.0055203934
16868.798,0.0074794854
16871.222,0.013058498
16873.647,0.0029512459
16876.071,0.024819872
16878.496,0.020142506
16880.921,0.0064153774
16883.346,0.017424307
16885.771,-0.0023359826
16888.197,-0.0033933962
16890.623,0.0094255208
16893.048,0.0059548556
16895.475,-0.007772209
16897.901,0.0020301488
16900.327,-0.0056637119
16902.754,-0.0037044699
16905.18,0.0024780105
16907.607,-0.0046124998
16910.034,-0.0080830899
16912.462,-0.0085370781
16914.889,5.8718276e-005
16917.317,0.014687708
16919.744,0.0088038876
16922.172,0.0077466241
16924.6,0.0030694617
16927.029,0.019508449
16929.457,0.033534174
16931.886,0.028857044
16934.315,0.035642971
16936.744,0.034585772
16939.173,0.035338538
16941.602,0.039711224
16944.032,0.049513786
16946.461,0.028547127
16948.891,0.028696618
16951.321,0.038499212
16953.751,0.02959895
16956.182,0.043021475
16958.612,0.035327871
16961.043,0.020997778
16963.474,0.028387152
16965.905,0.021900217
16968.336,0.016619929
16970.768,0.027025927
16973.199,0.026572207
16975.631,0.020085315
16978.063,0.031697981
16980.495,0.030037656
16982.927,0.014501023
16985.36,0.026717039
16987.792,0.019023564
16990.225,0.02158651
16992.658,0.035009196
16995.091,0.013439433
16997.525,0.020225639
16999.958,0.023391946
17002.392,0.0060454435
17004.826,0.025501365
17007.26,0.017807976
17009.694,0.010717915
17012.128,0.0090577301
17014.563,0.025497103
17016.998,0.02021703
17019.433,0.015540285
17021.868,0.022326598
17024.303,0.011616693
17026.738,0.038915848
17029.174,0.036049101
17031.61,0.028959138
17034.046,0.039365414
17036.482,0.012969287
17038.918,0.022772267
17041.355,0.030161984
17043.791,0.030915211
17046.228,0.033478403
17048.665,0.031818379
17051.102,0.039208139
17053.539,0.044184637
17055.977,0.041921326
17058.415,0.03483148
17060.853,0.031964873
17063.291,0.033924822
17065.729,0.042521283
17068.167,0.046894526
17070.606,0.045234598
17073.045,0.03693818
17075.483,0.029245091
17077.922,0.034221696
17080.362,0.028941901
17082.801,0.028488663
17085.241,0.01958898
17087.681,0.019135764
17090.121,0.034368833
17092.561,0.034518956
17095.001,0.038288999
17097.441,0.026976097
17099.882,0.026522934
17102.323,0.031499646
17104.764,0.042509551
17107.205,0.044469693
17109.646,0.039190027
17112.088,0.041150191
17114.53,0.04492032
17116.972,0.044467232
17119.414,0.046427428
17121.856,0.034511314
17124.298,0.039488123
17126.741,0.04506826
17129.184,0.058491546
17131.626,0.068294932
17134.07,0.068445238
17136.513,0.067992235
17138.956,0.075985699
17141.4,0.069499536
17143.844,0.075079749
17146.288,0.072816834
17148.732,0.078397068
17151.176,0.076737494
17153.621,0.08895425
17156.065,0.098757744
17158.51,0.090461701
17160.955,0.096041988
17163.4,0.083522739
17165.846,0.087293093
17168.291,0.092873412
17170.737,0.080354195
17173.183,0.089554446
17175.629,0.09091157
17178.075,0.099508524
17180.521,0.10207231
17182.968,0.11187592
17185.415,0.11142313
17187.862,0.10493717
17190.309,0.10689768
17192.756,0.094981874
17195.203,0.10116563
17197.651,0.097696304
17200.099,0.096036944
17202.547,0.10523732
17204.995,0.10599126
17207.443,0.11036511
17209.892,0.10749916
17212.34,0.098600032
17214.789,0.10659383
17217.238,0.10191795
17219.687,0.10206863
17222.137,0.11850892
17224.586,0.11262644
17227.036,0.12544683
17229.486,0.12982078
17231.936,0.11850847
17234.386,0.13555213
17236.837,0.14052943
17239.287,0.14369678
17241.738,0.15048406
17244.189,0.1620979
17246.64,0.16224869
17249.091,0.16843269
17251.543,0.17341005
17253.994,0.17175093
17256.446,0.19724114
17258.898,0.18653226
17261.35,0.19512958
17263.803,0.21579327
17266.255,0.20810102
17268.708,0.22574814
17271.161,0.22046918
17273.614,0.22243005
17276.067,0.21896107
17278.52,0.23178169
17280.974,0.24218905
17283.427,0.24475328
17285.881,0.26481375
17288.335,0.25953487
17290.79,0.28321527
17293.244,0.28517623
17295.699,0.28231065
17298.153,0.29090813
17300.608,0.26813307
17303.063,0.28155712
17305.519,0.29015463
17307.974,0.3005621
17310.43,0.29950654
17312.886,0.28517799
17315.342,0.29498218
17317.798,0.28729016
17320.254,0.28080478
17322.711,0.27673268
17325.167,0.27145396
17327.624,0.27160511
17330.081,0.27235959
17332.538,0.27975058
17334.996,0.28352167
17337.453,0.27944964
17339.911,0.28744398
17342.369,0.2875952
17344.827,0.29860616
17347.285,0.29875739
17349.744,0.28623896
17352.202,0.30207649
17354.661,0.28835144
17357.12,0.29393259
17359.579,0.31640665
17362.038,0.31112809
17364.498,0.32877563
17366.957,0.31927386
17369.417,0.30977211
17371.877,0.31897322
17374.337,0.29800844
17376.798,0.30057308
17379.258,0.28926141
17381.719,0.30328912
17384.18,0.30706043
17386.641,0.30660852
17389.102,0.31641303
17391.563,0.28941514
17394.025,0.29137653
17396.487,0.28308153
17398.949,0.27418322
17401.411,0.30329397
17403.873,0.27388286
17406.335,0.29273722
17408.798,0.29349204
17411.261,0.28459379
17413.724,0.28655527
17416.187,0.26257408
17418.65,0.27660194
17421.114,0.26529046
17423.577,0.26664866
17426.041,0.26559361
17428.505,0.25186888
17430.969,0.26831007
17433.434,0.24553559
17435.898,0.26620004
17438.363,0.25549194
17440.828,0.24056063
17443.293,0.26363838
17445.758,0.239054
17448.223,0.24825545
17450.689,0.240564
17453.155,0.25097211
17455.62,0.24629727
17458.087,0.24524235
17460.553,0.26470027
17463.019,0.24071928
17465.486,0.25052412
17467.953,0.24102279
17470.42,0.24660443
17472.887,0.24916949
17475.354,0.2300151
17477.822,0.25007641
17480.289,0.25565809
17482.757,0.26304974
17485.225,0.24932525
17487.693,0.25551028
17490.162,0.25143892
17492.63,0.24495428
17495.099,0.25777585
17497.568,0.25189456
17500.037,0.25144314
17502.506,0.24133864
17504.975,0.24209389
17507.445,0.2416425
17509.915,0.24481104
17512.384,0.22686345
17514.855,0.23546187
17517.325,0.22777071
17519.795,0.22973265
17522.266,0.24677756
17524.737,0.22521011
17527.208,0.24647827
17529.679,0.24602698
17532.15,0.24255912
17534.622,0.25900076
17537.093,0.26035946
17539.565,0.2792144
17542.037,0.26488684
17544.509,0.27831194
17546.982,0.27001759
17549.454,0.27197966
17551.927,0.27635502
17554.4,0.2547877
17556.873,0.26459294
17559.346,0.26353846
17561.819,0.24800436
17564.293,0.25660299
17566.767,0.25011868
17569.241,0.24785761
17571.715,0.23534014
17574.189,0.24092223
17576.663,0.24529769
17579.138,0.2442433
17581.613,0.2558586
17584.088,0.25058101
17586.563,0.25616315
17589.038,0.26295194
17591.514,0.24078146
17593.989,0.24998354
17596.465,0.24711927
17598.941,0.24365169
17601.417,0.26130026
17603.894,0.24878293
17606.37,0.24471207
17608.847,0.24064121
17611.324,0.22631396
17613.801,0.23068958
17616.278,0.23144531
17618.756,0.22375459
17621.233,0.21727051
17623.711,0.21802627
17626.189,0.21576544
17628.667,0.2159179
17631.145,0.21908696
17633.624,0.20355317
17636.102,0.21396207
17638.581,0.22014776
17641.06,0.21607704
17643.539,0.21984948
17646.019,0.20853896
17648.498,0.21050146
17650.978,0.21367061
17653.458,0.22709618
17655.938,0.21276912
17658.418,0.22981462
17660.898,0.23117385
17663.379,0.22046673
17665.859,0.2320824
17668.34,0.22499521
17670.821,0.22273458
17673.303,0.23616023
17675.784,0.23027971
17678.266,0.24189543
17680.747,0.2348083
17683.229,0.24461409
17685.711,0.24054356
17688.194,0.26000246
17690.676,0.24507224
17693.159,0.24522497
17695.642,0.2447744
17698.125,0.23467075
17700.608,0.24628657
17703.091,0.2379929
17705.575,0.23452578
17708.058,0.23347194
17710.542,0.22940153
17713.026,0.23317426
17715.51,0.23393041
17717.995,0.22805008
17720.479,0.23121952
17722.964,0.23680225
17725.449,0.23514518
17727.934,0.24253788
17730.419,0.23062442
17732.905,0.23620719
17735.39,0.24540989
17737.876,0.23711636
17740.362,0.24873235
17742.848,0.24828198
17745.334,0.24541836
17747.821,0.23833151
17750.307,0.2354679
17752.794,0.23441426
17755.281,0.22069095
17757.768,0.22325724
17760.256,0.22401358
17762.743,0.24105953
17765.231,0.22552631
17767.719,0.22145614
17770.207,0.23246894
17772.695,0.22477888
17775.183,0.22493197
17777.672,0.22870498
17780.161,0.22342823
17782.65,0.23926763
17785.139,0.22675108
17787.628,0.23836727
17790.117,0.23912375
17792.607,0.2320371
17795.097,0.23158695
17797.587,0.23777333
17800.077,0.24938957
17802.567,0.23325319
17805.058,0.24124955
17807.548,0.24079946
17810.039,0.22164652
17812.53,0.24291591
17815.021,0.21953976
17817.513,0.22331294
17820.004,0.23130936
17822.496,0.20371002
17824.988,0.21049983
17827.48,0.19677682
17829.972,0.19572351
17832.464,0.2007034
17834.957,0.19482356
17837.45,0.20342338
17839.942,0.20116348
17842.436,0.20976331
17844.929,0.20629679
17847.422,0.20343361
17849.916,0.20781025
17852.41,0.19408735
17854.904,0.21958015
17857.398,0.21913028
17859.892,0.22833351
17862.386,0.23090025
17864.881,0.2135575
17867.376,0.2209508
17869.871,0.20059148
17872.366,0.19229854
17874.861,0.20089851
17877.357,0.18777904
17879.853,0.19818899
17882.349,0.20377241
17884.845,0.19427288
17887.341,0.18658332
17889.837,0.18492695
17892.334,0.1706009
17894.831,0.17618437
17897.327,0.16427163
17899.825,0.17347503
17902.322,0.17543862
17904.819,0.17197236
17907.317,0.17453929
17909.815,0.16021332
17912.313,0.16821014
17914.811,0.16172733
17917.309,0.1606744
17919.808,0.17289448
17922.306,0.16761834
17924.805,0.18285503
17927.304,0.16249595
17929.803,0.16988953
17932.303,0.16159684
17934.802,0.16054398
17937.302,0.16612763
17939.802,0.15904161
17942.302,0.16884851
17944.802,0.15753929
17947.302,0.14984998
17949.803,0.14819387
17952.304,0.14593445
17954.805,0.13522858
17957.306,0.12814264
17959.807,0.13493302
17962.308,0.13750019
17964.81,0.13644746
17967.312,0.14203124
17969.814,0.14278849
17972.316,0.13509929
17974.818,0.12982337
17977.321,0.13299392
17979.823,0.13918108
17982.326,0.14778151
17984.829,0.13948905
17987.332,0.15050278
17989.836,0.15246675
17992.339,0.15624068
17994.843,0.15398144
17997.347,0.15835872
17999.851,0.15187627
18002.355,0.14298057
18004.86,0.15942424
18007.364,0.15294182
18009.869,0.15068265
18012.374,0.15686994
18014.879,0.15461079
18017.384,0.14993837
18019.89,0.14586929
18022.395,0.15386658
18024.901,0.14979751
18027.407,0.14814173
18029.913,0.13984946
18032.42,0.13698707
18034.926,0.15282755
18037.433,0.14332867
18039.94,0.16037581
18042.447,0.15087696
18044.954,0.13715489
18047.461,0.14756556
18049.969,0.14530655
18052.476,0.15571725
18054.984,0.14501181
18057.492,0.14697607
18060.001,0.15497352
18062.509,0.15452452
18065.018,0.15648881
18067.526,0.14940334
18070.035,0.14352451
18072.544,0.1442822
18075.054,0.15891621
18077.563,0.16812037
18080.073,0.16465486
18082.583,0.16360264
18085.093,0.15350065
18087.603,0.15727499
18090.113,0.14958629
18092.623,0.14974075
18095.134,0.14446534
18097.645,0.15004968
18100.156,0.14899753
18102.667,0.1449288
18105.179,0.14387667
18107.69,0.13015487
18110.202,0.12246626
18112.714,0.10814116
18115.226,0.11251893
18117.738,0.12715313
18120.251,0.11222475
18122.763,0.11720587
18125.276,0.1052941
18127.789,0.10665534
18130.302,0.09715686
18132.815,0.096708166
18135.329,0.1101358
18137.842,0.098827401
18140.356,0.10682519
18142.87,0.10155
18145.384,0.10170467
18147.899,0.10246268
18150.413,0.090551015
18152.928,0.10096214
18155.443,0.10172017
18157.958,0.11092468
18160.473,0.12012919
18162.988,0.1287304
18165.504,0.12647189
18168.02,0.12481671
18170.535,0.12074827
18173.052,0.12029975
18175.568,0.13433087
18178.084,0.13931224
18180.601,0.14369029
18183.118,0.14082854
18185.635,0.14098339
18188.152,0.13993161
18190.669,0.13344998
18193.186,0.13119159
18195.704,0.13496639
18198.222,0.14598102
18200.74,0.14070607
18203.258,0.15654727
18205.776,0.14765243
18208.295,0.13694765
18210.814,0.14313579
18213.332,0.13122439
18215.851,0.1392225
18218.371,0.13153436
18220.89,0.13591258
18223.41,0.13124105
18225.929,0.12174297
18228.449,0.13094778
18230.969,0.11360659
18233.49,0.12100146
18236.01,0.11874325
18238.531,0.12191492
18241.051,0.13594632
18243.572,0.13308483
18246.094,0.13504989
18248.615,0.13641164
18251.136,0.14501323
18253.658,0.146375
18256.18,0.15075338
18258.702,0.15875168
18261.224,0.14925375
18263.746,0.15242553
18266.269,0.14353095
18268.792,0.13946292
18271.314,0.14987454
18273.837,0.13675677
18276.361,0.13510205
18278.884,0.1455137
18281.408,0.13601587
18283.931,0.13798109
18286.455,0.12486337
18288.979,0.13044852
18291.504,0.13241377
18294.028,0.12412263
18296.553,0.13453436
18299.077,0.13770628
18301.602,0.13484503
18304.128,0.13319043
18306.653,0.13334579
18309.178,0.1347078
18311.704,0.12943332
18314.23,0.13743186
18316.756,0.13698394
18319.282,0.14860241
18321.808,0.15056779
18324.335,0.1531365
18326.862,0.14665545
18329.388,0.1498275
18331.915,0.15058629
18334.443,0.16280814
18336.97,0.16839349
18339.498,0.1619125
18342.025,0.17232442
18344.553,0.17308326
18347.081,0.17384212
18349.61,0.1818408
18352.138,0.17958308
18354.667,0.1815486
18357.196,0.17687764
18359.725,0.18668632
18362.254,0.17658551
18364.783,0.17734443
18367.312,0.17508678
18369.842,0.15412627
18372.372,0.1669516
18374.902,0.16047075
18377.432,0.16243637
18379.963,0.16319536
18382.493,0.15550791
18385.024,0.1785897
18387.555,0.1654724
18390.086,0.16683476
18392.617,0.1675938
18395.148,0.16593959
18397.68,0.19083139
18400.212,0.17892078
18402.744,0.18752301
18405.276,0.19371197
18407.808,0.19463197
18410.34,0.20367666
18412.873,0.20696973
18415.406,0.21392294
18417.939,0.21198727
18420.472,0.20063985
18423.005,0.20916172
18425.539,0.20513458
18428.072,0.21470222
18430.606,0.21381236
18433.14,0.20821662
18435.675,0.21935292
18438.209,0.22892061
18440.743,0.23012229
18443.278,0.23341549
18445.813,0.22886556
18448.348,0.21908688
18450.883,0.22238011
18453.419,0.21887597
18455.954,0.22635222
18458.49,0.23487424
18461.026,0.22927863
18463.562,0.25244119
18466.098,0.24789135
18468.635,0.25745916
18471.171,0.26336686
18473.708,0.25515691
18476.245,0.26001888
18478.782,0.25965209
18481.32,0.26294545
18483.857,0.2667617
18486.395,0.26900932
18488.933,0.26498245
18491.471,0.26095559
18494.009,0.26163462
18496.547,0.25447053
18499.086,0.25776396
18501.625,0.25373714
18504.164,0.25023321
18506.703,0.24934367
18509.242,0.24322538
18511.781,0.24704174
18514.321,0.24719799
18516.861,0.24473986
18519.401,0.25169351
18521.941,0.25812429
18524.481,0.25984921
18527.021,0.25529962
18529.562,0.25650168
18532.103,0.25456649
18534.644,0.2552457
18537.185,0.27317981
18539.726,0.2660159
18542.268,0.28290429
18544.81,0.2909038
18547.351,0.28217129
18549.893,0.29539958
18552.436,0.29555598
18554.978,0.30721566
18557.521,0.3157381
18560.063,0.31380303
18562.606,0.33226013
18565.149,0.34130547
18567.693,0.3466907
18570.236,0.36253345
18572.78,0.35850694
18575.323,0.34402291
18577.867,0.34627093
18580.411,0.33858431
18582.956,0.34240097
18585.5,0.34621764
18588.045,0.34323694
18590.59,0.34809939
18593.135,0.34355008
18595.68,0.34161516
18598.225,0.336543
18600.771,0.32833359
18603.316,0.32692158
18605.862,0.32969259
18608.408,0.32462047
18610.954,0.32111699
18613.501,0.33486842
18616.047,0.33659372
18618.594,0.34041053
18621.141,0.34370448
18623.688,0.33392654
18626.235,0.33722051
18628.783,0.3274426
18631.33,0.31766469
18633.878,0.31625281
18636.426,0.31850107
18638.974,0.31238333
18641.523,0.3104486
18644.071,0.31321977
18646.62,0.30135042
18649.168,0.3088275
18651.717,0.30166406
18654.267,0.28718036
18656.816,0.28786008
18659.366,0.27128491
18661.915,0.28869668
18664.465,0.27996466
18667.015,0.28639606
18669.565,0.29439609
18672.116,0.28200398
18674.666,0.2884354
18677.217,0.28022632
18679.768,0.28247476
18682.319,0.27374282
18684.87,0.27912854
18687.422,0.28503715
18689.973,0.28414838
18692.525,0.30156027
18695.077,0.29544276
18697.629,0.30553442
18700.182,0.30203131
18702.734,0.29591384
18705.287,0.2934565
18707.839,0.2883848
18710.393,0.28906475
18712.946,0.28242444
18715.499,0.28624166
18718.053,0.28744451
18720.606,0.29178463
18723.16,0.29246462
18725.714,0.28425574
18728.268,0.28859589
18730.823,0.27097527
18733.377,0.26172066
18735.932,0.26344647
18738.487,0.2473945
18741.042,0.25853209
18743.597,0.24457165
18746.153,0.24211449
18748.708,0.25482074
18751.264,0.23563157
18753.82,0.24990647
18756.376,0.23856046
18758.933,0.22146283
18761.489,0.22057436
18764.046,0.21916302
18766.603,0.2177517
18769.16,0.23411816
18771.717,0.23584412
18774.274,0.23181844
18776.832,0.23720455
18779.389,0.22585864
18781.947,0.24065653
18784.505,0.2345394
18787.064,0.22371639
18789.622,0.23851432
18792.181,0.2219397
18794.739,0.23203176
18797.298,0.23532645
18799.857,0.23548389
18802.417,0.23564134
18804.976,0.2295243
18807.536,0.22863602
18810.096,0.23768239
18812.655,0.21744773
18815.216,0.21551374
18817.776,0.21776276
18820.336,0.21687454
18822.897,0.21703207
18825.458,0.21457524
18828.019,0.21107267
18830.58,0.20809299
18833.142,0.20145319
18835.703,0.20317941
18838.265,0.19758538
18840.827,0.19774299
18843.389,0.18901173
18845.951,0.18655498
18848.513,0.18043812
18851.076,0.18687029
18853.639,0.18493645
18856.202,0.181434
18858.765,0.18002306
18861.328,0.18070363
18863.892,0.17458683
18866.455,0.17683606
18869.019,0.17803954
18871.583,0.17872016
18874.147,0.17521778
18876.711,0.17798993
18879.276,0.17135032
18881.841,0.16732509
18884.405,0.16643714
18886.97,0.15509168
18889.536,0.16309263
18892.101,0.16847922
18894.667,0.15713379
18897.232,0.15833739
18899.798,0.15588087
18902.364,0.15499299
18904.93,0.15619663
18907.497,0.14746563
18910.063,0.15023791
18912.63,0.15876184
18915.197,0.15891976
18917.764,0.16273783
18920.332,0.16603303
18922.899,0.15573347
18925.467,0.1611202
18928.035,0.15657229
18930.602,0.15359303
18933.171,0.16786868
18935.739,0.15338616
18938.307,0.15825007
18940.876,0.15527084
18943.445,0.15386026
18946.014,0.15820132
18948.583,0.14581036
18951.153,0.14649131
18953.722,0.13723763
18956.292,0.13059835
18958.862,0.14069109
18961.432,0.1366662
18964.002,0.13734721
18966.573,0.13959685
18969.143,0.13400337
18971.714,0.13311578
18974.285,0.12856806
18976.856,0.13238638
18979.427,0.13986483
18981.999,0.12224526
18984.57,0.12449497
18987.142,0.12883621
18989.714,0.12010555
18992.286,0.11974092
18994.859,0.12042206
18997.431,0.11012281
19000.004,0.11184971
19002.577,0.11462238
19005.15,0.11164343
19007.723,0.11232461
19010.296,0.10725418
19012.87,0.11787002
19015.444,0.1107081
19018.018,0.10197757
19020.592,0.11625358
19023.166,0.10856882
19025.74,0.11029583
19028.315,0.10522547
19030.89,0.10747538
19033.465,0.11495406
19036.04,0.11145236
19038.615,0.11317942
19041.191,0.11176925
19043.766,0.1056532
19046.342,0.10372016
19048.918,0.10649303
19051.494,0.10351426
19054.071,0.11203878
19056.647,0.12004043
19059.224,0.1191532
19061.801,0.12924638
19064.378,0.12626767
19066.955,0.14054388
19069.532,0.14122532
19072.11,0.13354076
19074.688,0.13579085
19077.266,0.13751808
19079.844,0.13140218
19082.422,0.12999218
19085,0.13747107
19087.579,0.12978657
19090.158,0.12680797
19092.737,0.12016925
19095.316,0.11980505
19097.895,0.11525785
19100.475,0.1012989
19103.054,0.11400663
19105.634,0.099524825
19108.214,0.096023423
19110.794,0.10245667
19113.375,0.098432415
19115.955,0.1001598
19118.536,0.10031857
19121.117,0.10832049
19123.698,0.1037734
19126.279,0.10445508
19128.86,0.11036553
19131.442,0.10163547
19134.024,0.10702306
19136.606,0.11293354
19139.188,0.11361528
19141.77,0.10802251
19144.352,0.10922714
19146.935,0.1099089
19149.518,0.10902205
19152.101,0.10447508
19154.684,0.10567975
19157.267,0.10636156
19159.851,0.10547475
19162.434,0.10301933
19165.018,0.10683842
19167.602,0.10124576
19170.186,0.10611063
19172.771,0.10836113
19175.355,0.096493995
19177.94,0.10815628
19180.525,0.10308655
19183.11,0.1095201
19185.695,0.11543078
19188.281,0.10094932
19190.866,0.11208879
19193.452,0.10858774
19196.038,0.1050867
19198.624,0.11204319
19201.21,0.11324805
19203.797,0.1087013
19206.383,0.11147481
19208.97,0.10013069
19211.557,0.096106841
19214.144,0.1051549
19216.732,0.10113107
19219.319,0.10599614
19221.907,0.10040371
19224.495,0.10004004
19227.083,0.10019926
19229.671,0.09983562
19232.259,0.096334733
19234.848,0.10119987
19237.436,0.088287238
19240.025,0.084263506
19242.614,0.086514295
19245.204,0.081444833
19247.793,0.095198912
19250.383,0.089606596
19252.972,0.079831284
19255.562,0.086788009
19258.152,0.086947359
19260.743,0.086583844
19263.333,0.088834719
19265.924,0.092654232
19268.514,0.091244997
19271.105,0.088267146
19273.697,0.08842656
19276.288,0.092768992
19278.879,0.0913598
19281.471,0.095702253
19284.063,0.094293083
19286.655,0.093406799
19289.247,0.10140942
19291.84,0.094248643
19294.432,0.095453895
19297.025,0.079927131
19299.618,0.07799515
19302.211,0.070311545
19304.804,0.071516839
19307.397,0.074813648
19309.991,0.082293474
19312.585,0.07983867
19315.179,0.071109367
19317.773,0.07545197
19320.367,0.07770308
19322.962,0.081522829
19325.556,0.077499451
19328.151,0.07399896
19330.746,0.086184754
19333.341,0.073272519
19335.936,0.081798204
19338.532,0.088232396
19341.128,0.08577771
19343.724,0.09012042
19346.32,0.088188631
19348.916,0.082073847
19351.512,0.082756458
19354.109,0.092327969
19356.705,0.091964851
19359.302,0.092124619
19361.899,0.08444126
19364.497,0.095058566
19367.094,0.082669347
19369.692,0.073940269
19372.289,0.087171986
19374.887,0.076874302
19377.485,0.072851138
19380.084,0.08451426
19382.682,0.077876739
19385.281,0.07855949
19387.88,0.077150748
19390.479,0.075742017
19393.078,0.065967284
19395.677,0.064558575
19398.277,0.05896687
19400.876,0.057035306
19403.476,0.053535125
19406.076,0.056832341
19408.677,0.062743947
19411.277,0.049309158
19413.877,0.05208353
19416.478,0.052243534
19419.079,0.032011391
19421.68,0.040014554
19424.281,0.026056943
19426.883,0.031968623
19429.484,0.040494694
19432.086,0.040131886
19434.688,0.043952096
19437.29,0.039929179
19439.893,0.046363789
19442.495,0.034497756
19445.098,0.033612126
19447.701,0.036386637
19450.304,0.033932401
19452.907,0.046118699
19455.51,0.042618733
19458.114,0.04382466
19460.717,0.04346197
19463.321,0.043099291
19465.925,0.046396753
19468.529,0.034530827
19471.134,0.037828311
19473.738,0.043740184
19476.343,0.035534422
19478.948,0.045629323
19481.553,0.044743843
19484.158,0.04438125
19486.764,0.049247425
19489.369,0.043133219
19491.975,0.041202031
19494.581,0.044499611
19497.187,0.045705698
19499.794,0.0490033
19502.4,0.054915291
19505.007,0.050369777
19507.614,0.055236038
19510.221,0.049121918
19512.828,0.039347678
19515.435,0.055194363
19518.043,0.041760014
19520.65,0.059698224
19523.258,0.054629909
19525.866,0.050607357
19528.474,0.058610958
19531.083,0.050928296
19533.691,0.061546299
19536.3,0.069027057
19538.909,0.067096061
19541.518,0.057844815
19544.127,0.059051095
19546.737,0.052937125
19549.346,0.067215322
19551.956,0.074696145
19554.566,0.063353449
19557.176,0.071880044
19559.787,0.058968742
19562.397,0.065926731
19565.008,0.062950091
19567.619,0.064156468
19570.23,0.064317104
19572.841,0.045131346
19575.452,0.051043637
19578.064,0.027674894
19580.675,0.038293089
19583.287,0.037408027
19585.899,0.026588335
19588.512,0.030932053
19591.124,0.013314997
19593.737,0.018704487
19596.349,0.018865231
19598.962,0.0054312133
19601.575,0.0087292328
19604.189,0.0041841258
19606.802,0.0048677877
19609.416,0.0092115911
19612.029,0.0088495228
19614.643,0.0095332168
19617.258,0.015968556
19619.872,0.016652271
19622.486,0.018381749
19625.101,0.016451107
19627.716,0.015043351
19630.331,0.016772861
19632.946,0.021639637
19635.561,0.025983547
19638.177,0.027713089
19640.793,0.0346714
19643.409,0.030126454
19646.025,0.039699166
19648.641,0.038814372
19651.257,0.033223706
19653.874,0.034953312
19656.491,0.034591426
19659.108,0.042072688
19661.725,0.028638928
19664.342,0.039257466
19666.959,0.032098237
19669.577,0.027030522
19672.195,0.02928308
19674.813,0.018463752
19677.431,0.030128096
19680.049,0.023491796
19682.668,0.026790148
19685.286,0.018062367
19687.905,0.018223485
19690.524,0.022044745
19693.144,0.011748368
19695.763,0.018706904
19698.382,0.015207935
19701.002,0.018506361
19703.622,0.015530289
19706.242,0.014122855
19708.862,0.020035693
19711.483,0.01235377
19714.103,0.010946368
19716.724,0.0095389771
19719.345,0.001334211
19721.966,0.0046327235
19724.587,0.0074083709
19727.209,0.00024938851
19729.831,0.012959698
19732.452,0.0089379918
19735.074,0.0085764272
19737.697,0.0040318668
19740.319,0.0078533301
19742.941,0.016380687
19745.564,0.01288191
19748.187,0.017749157
19750.81,0.0074530162
19753.433,0.011274533
19756.057,0.013527433
19758.68,0.012120213
19761.304,0.014896011
19763.928,0.011397309
19766.552,0.017310383
19769.176,0.012765951
19771.8,0.019724798
19774.425,0.01988627
19777.05,0.023707883
19779.675,0.017594867
19782.3,0.021416502
19784.925,0.022623768
19787.551,0.015987908
19790.176,0.032358595
19792.802,0.023108377
19795.428,0.014903922
19798.054,0.028660261
19800.681,0.023593082
19803.307,0.020617417
19805.934,0.018687514
19808.561,0.01832625
19811.188,0.0075074796
19813.815,0.005577609
19816.442,0.0067850041
19819.07,0.0053780308
19821.698,0.0055396956
19824.325,0.0036098679
19826.954,0.0027258025
19829.582,0.0086391335
19832.21,0.0088008412
19834.839,0.016282821
19837.468,0.0065099097
19840.097,0.011377532
19842.726,0.016245165
19845.355,0.014315423
19847.984,0.012908567
19850.614,0.012024599
19853.244,0.01741515
19855.874,0.009733817
19858.504,0.0083270044
19861.134,0.0063973268
19863.765,0.0076049147
19866.396,0.014041272
19869.026,-0.0025288969
19871.658,0.0012931023
19874.289,0.0030236089
19876.92,0.00057111974
19879.552,-0.0044957378
19882.183,-0.01269984
19884.815,-0.0094006626
19887.447,0.00069591065
19890.08,0.0019036058
19892.712,-0.00054881914
19895.345,-0.0024783575
19897.978,0.0055267554
19900.61,0.0035972384
19903.244,9.9104779e-005
19905.877,0.0091500014
19908.51,0.017155157
19911.144,0.017840062
19913.778,0.013819096
19916.412,0.013981146
19919.046,0.011005953
19921.68,0.021102665
19924.315,0.021787624
19926.95,0.012015077
19929.584,0.020020318
19932.22,0.01809093
19934.855,0.018253056
19937.49,0.01736944
19940.126,0.0070740711
19942.761,0.011419235
19945.397,7.8136024e-005
19948.033,-0.0060341945
19950.67,-0.00064324642
19953.306,-0.010415686
19955.943,-0.0039789651
19958.58,0.00088913937
19961.217,-0.013066275
19963.854,-0.013949783
19966.491,-0.012218901
19969.128,-0.01414814
19971.766,-0.01450874
19974.404,-0.015915081
19977.042,-0.011046901
19979.68,-0.010884593
19982.319,-0.010722275
19984.957,-0.010559946
19987.596,-0.010397606
19990.235,-0.010235255
19992.874,-0.010072894
19995.513,-0.0099105214
