M/Z,Intensity
-7.8602611e-005,-0.31215686
2.1773576e-007,-0.35137255
9.6021472e-005,-0.037647059
0.00036601382,-0.50823529
0.00081019477,0.040784314
0.0014285643,0.51921569
0.0022211225,-2.0141176
0.0031878693,-2.3121569
0.0043288047,-3.1670588
0.0056439287,-3.4964706
0.0071332413,-3.6847059
0.0087967426,-3.692549
0.010634432,-3.52
0.012646311,-3.8153583
0.014832378,-3.6398963
0.017192634,-0.43675119
0.019727078,4.4607437
0.022435711,9.2721962
0.025318532,6.5074101
0.028375542,3.8761896
0.031606741,7.582456
0.035012128,2.5046409
0.038591704,-3.6945108
0.042345469,-3.0934304
0.046273422,3.2882744
0.050375564,2.0388386
0.054651894,1.0327723
0.059102413,0.96027134
0.063727121,0.38604174
0.068526017,-1.1134459
0.073499102,-0.032309344
0.078646375,5.8020005
0.083967837,9.4875229
0.089463488,3.1026892
0.095133327,-3.1328928
0.10097736,-3.6035369
0.10699557,-3.6033606
0.11318798,-3.5637364
0.11955457,-1.5630959
0.12609535,0.17895323
0.13281032,0.74476388
0.13969948,-0.50095806
0.14676283,0.34766975
0.15400037,1.6435885
0.16141209,2.4299354
0.16899801,1.247887
0.17675811,1.2739139
0.1846924,1.6374277
0.19280088,1.8521541
0.20108355,0.78083807
0.20954041,-1.6000498
0.21817145,-0.81992119
0.22697669,1.1369101
0.23595611,2.1606402
0.24510972,1.3100925
0.25443752,0.54605151
0.26393951,1.4449877
0.27361569,-0.22054986
0.28346605,-1.7995808
0.29349061,-1.4960267
0.30368935,-1.223613
0.31406228,-2.080379
0.3246094,-2.1682855
0.33533071,-0.7892931
0.34622621,0.095813716
0.3572959,0.59683892
0.36853977,1.4667237
0.37995783,0.99566409
0.39155009,1.0267974
0.40331653,1.3718883
0.41525716,1.7172113
0.42737197,2.2823743
0.43966098,2.3065929
0.45212418,2.2682985
0.46476156,1.8772951
0.47757313,0.76495514
0.49055889,0.12343553
0.50371884,-0.76883236
0.51705298,-1.3863583
0.53056131,-1.1487502
0.54424382,-0.58149825
0.55810053,0.056574069
0.57213142,0.34978046
0.5863365,0.48635623
0.60071577,0.72512489
0.61526923,0.79941977
0.62999688,0.95237814
0.64489871,0.57223529
0.65997473,0.69618899
0.67522495,0.45149748
0.69064935,-0.19321179
0.70624794,-0.4379388
0.72202072,-0.69052671
0.73796769,-0.6137206
0.75408884,-0.62320676
0.77038419,-0.34251459
0.78685372,-0.20301665
0.80349744,-0.44785018
0.82031535,0.1622005
0.83730745,-0.31011952
0.85447374,-0.20206514
0.87181421,0.52557934
0.88932888,0.71202959
0.90701773,0.32591307
0.92488077,1.0299749
0.942918,0.91048952
0.96112942,0.5164766
0.97951503,0.39695574
0.99807483,1.2342799
1.0168088,0.88727251
1.035717,0.99514937
1.0547993,1.2598712
1.0740559,0.63045767
1.0934866,0.79318323
1.1130916,0.97942045
1.1328707,1.0950517
1.152824,1.5636063
1.1729515,1.4595942
1.1932532,1.104584
1.213729,1.1338697
1.2343791,0.73960821
1.2552033,0.97277998
1.2762018,1.0176987
1.2973744,0.92926635
1.3187212,1.1074829
1.3402422,0.83862288
1.3619374,0.93837256
1.3838068,1.1008496
1.4058504,1.2084069
1.4280681,1.7237896
1.4504601,1.3607231
1.4730262,1.4917566
1.4957665,1.0737527
1.518681,0.67141733
1.5417697,0.57494655
1.5650326,-0.0078164925
1.5884697,0.22508899
1.612081,0.16778064
1.6358664,0.1026114
1.6598261,0.30409107
1.6839599,0.27025888
1.7082679,0.47954618
1.7327501,0.23391377
1.7574065,0.49806754
1.7822371,0.37004668
1.8072419,0.2890669
1.8324209,0.45120661
1.857774,0.07215211
1.8833013,0.44602103
1.9090029,0.26300945
1.9348786,0.36233306
1.9609285,0.49301146
1.9871526,0.16877016
2.0135509,0.49549149
2.0401234,0.29670487
2.06687,0.44299854
2.0937909,0.58143132
2.1208859,0.32768948
2.1481551,0.58373381
2.1755985,0.33779961
2.2032161,0.2722398
2.2310079,0.47332892
2.2589739,0.19596891
2.2871141,0.47545388
2.3154285,0.34707797
2.343917,0.49319412
2.3725797,0.53733172
2.4014167,0.33047118
2.4304278,0.58633798
2.4596131,0.34806939
2.4889726,0.38429284
2.5185062,0.38128286
2.5482141,0.32335316
2.5780962,0.37520963
2.6081524,0.22312678
2.6383828,0.44749677
2.6687875,0.3345941
2.6993663,-0.076365537
2.7301193,0.20285315
2.7610465,-0.11402435
2.7921478,-0.10935097
2.8234234,0.13059878
2.8548732,-0.13143002
2.8864971,0.36730775
2.9182952,0.10524345
2.9502676,2.4144818e-005
2.9824141,0.56929689
3.0147348,0.26796365
3.0472296,0.31955383
3.0798987,0.527989
3.112742,0.51679857
3.1457594,0.30166883
3.1789511,0.47083506
3.2123169,0.62429726
3.2458569,0.32283974
3.2795711,0.60175663
3.3134595,0.69242048
3.3475221,0.68894892
3.3817589,0.63055765
3.4161698,1.0270506
3.450755,0.64705519
3.4855143,0.5337087
3.5204478,0.97720721
3.5555556,0.58931541
3.5908375,0.6955235
3.6262936,0.71543934
3.6619238,0.64906291
3.6977283,0.92776677
3.733707,0.63390385
3.7698598,0.7635526
3.8061868,0.65788947
3.8426881,0.62279683
3.8793635,0.81513741
3.9162131,0.70157789
3.9532369,0.58015748
3.9904348,0.6469546
4.027807,0.58040065
4.0653534,0.45892698
4.1030739,0.54135712
4.1409686,0.50612246
4.1790376,0.2512622
4.2172807,0.41991359
4.255698,0.2434492
4.2942895,0.34931999
4.3330551,0.21987891
4.371995,-0.011540699
4.411109,0.16486507
4.4503973,0.090272697
4.4898597,0.07056453
4.5294963,-0.011906487
4.5693071,0.046781213
4.6092921,0.12898057
4.6494513,-0.11040645
4.6897847,-0.06745828
4.7302923,0.014687821
4.770974,-0.14632109
4.8118299,-0.0014653919
4.8528601,-0.10760784
4.8940644,-0.046465173
4.9354429,0.038200135
4.9769956,-0.10459231
5.0187225,-0.051313102
5.0606235,-0.052942626
5.1026988,-0.031049513
5.1449482,0.12417016
5.1873719,-0.081401257
5.2299697,0.22282448
5.2727417,-0.10040755
5.3156879,0.14105954
5.3588083,0.076637496
5.4021029,-0.042693281
5.4455717,0.12032211
5.4892146,0.00097778447
5.5330318,0.10123453
5.5770231,0.068151165
5.6211886,0.18408064
5.6655283,0.041179802
5.7100422,0.16493886
5.7547303,0.1318284
5.7995926,0.19282881
5.8446291,0.13617539
5.8898397,0.23637794
5.9352245,0.21108352
5.9807836,0.22499802
6.0265168,0.22321946
6.0724242,0.21359099
6.1185058,0.27454399
6.1647616,0.15509805
6.2111916,0.22388063
6.2577957,0.21422507
6.3045741,0.10260194
6.3515266,0.5713642
6.3986533,-0.25399796
6.4459543,0.61475076
6.4934294,0.071727987
6.5410787,0.15614943
6.5889021,0.48370134
6.6368998,-0.020126061
6.6850717,0.37800054
6.7334177,0.25847332
6.781938,0.13893932
6.8306324,0.45077109
6.879501,0.25279217
6.9285438,0.21166922
6.9777608,0.32740223
7.027152,0.19214809
7.0767174,0.4647303
7.1264569,-0.01563543
7.1763707,0.50791363
7.2264586,0.066750034
7.2767207,0.33146202
7.327157,0.33734369
7.3777675,0.16282644
7.4285522,0.25496908
7.4795111,0.17455593
7.5306442,0.25099875
7.5819514,0.15488577
7.6334329,0.19994249
7.6850885,0.15871793
7.7369183,0.015525804
7.7889223,0.25664063
7.8411005,0.097748688
7.8934529,0.064340165
7.9459795,0.28190526
7.9986802,-0.026026616
8.0515552,0.16015238
8.1046043,-0.077204807
8.1578277,0.10896064
8.2112252,0.0049232381
8.2647969,-0.036375842
8.3185428,0.071337912
8.3724629,0.022182147
8.4265572,-0.019137255
8.4808256,0.012043087
8.5352683,-0.082267383
8.5898851,0.01949996
8.6446761,-0.05912547
8.6996413,-0.0044181833
8.7547808,-0.043829161
8.8100943,-0.22441723
8.8655821,0.065582327
8.9212441,-0.16990893
8.9770803,-0.060302771
9.0330906,-0.15461879
9.0892751,-0.06070014
9.1456339,-0.11580171
9.2021668,-0.092472526
9.2588739,-0.029928271
9.3157552,-0.037972869
9.3728107,-0.077390633
9.4300403,-0.12465215
9.4874442,-0.11701233
9.5450222,0.078862177
9.6027745,-0.10173453
9.6607009,0.13335443
9.7188015,0.054717278
9.7770763,0.062354019
9.8355253,0.038617594
9.8941485,0.014880552
9.9529458,-0.032386518
10.011917,0.17916932
10.071063,-0.017118589
10.130383,0.10031837
10.189877,0.13932334
10.249545,0.10773946
10.309388,-0.010119545
10.369405,0.11515809
10.429596,-0.01838843
10.489961,0.051986006
10.5505,0.16157551
10.611213,0.075085967
10.672101,0.20820365
10.733163,0.082497187
10.794399,0.21561364
10.855809,0.19186672
10.917393,0.16027606
10.979152,0.23848869
11.041085,0.14415169
11.103192,0.27726506
11.165473,0.018220944
11.227928,0.51211739
11.290558,-0.084182863
11.353361,0.080300583
11.416339,0.53497949
11.479491,0.15828523
11.542818,-0.061546899
11.606318,0.47156153
11.669993,0.03996346
11.733841,-0.023007777
11.797864,0.21990272
11.862062,0.41575378
11.926433,-0.2354546
11.990979,-0.016075362
12.055698,0.76800914
12.120592,-0.3067305
12.185661,0.13225473
12.250903,0.38300404
12.316319,0.069046864
12.38191,-0.2370678
12.447675,0.15485614
12.513614,0.43697554
12.579727,-0.35541548
12.646015,0.083565431
12.712477,0.53038886
12.779112,-0.54435695
12.845923,0.19266132
12.912907,0.16105153
12.980065,-0.12153927
13.047398,0.11351637
13.114905,-0.15338939
13.182586,0.2463709
13.250441,-0.14602629
13.31847,-0.04430645
13.386674,0.041726498
13.455051,-0.099692151
13.523603,0.033398386
13.592329,-0.1080215
13.66123,0.0015383954
13.730304,-0.014392526
13.799553,0.0010484857
13.868976,-0.038413081
13.938573,-0.11709095
14.008344,-0.10949493
14.07829,-0.031311286
14.148409,-0.10999101
14.218703,0.08583846
14.289171,-0.094803279
14.359813,0.085338679
14.43063,0.022342766
14.50162,-0.040653765
14.572785,0.053211832
14.644124,0.052959166
14.715637,-0.096313725
14.787324,0.055354597
14.859186,0.010931866
14.931221,0.076300435
15.003431,-0.054422049
15.075815,-0.004764998
15.148374,-0.025708804
15.221106,-0.07803778
15.294013,0.057855916
15.367094,-0.065086538
15.440349,-0.039022007
15.513778,0.12820637
15.587381,-0.112421
15.661159,0.11752723
15.735111,0.049423629
15.809237,-0.15202593
15.883537,0.18768836
15.958011,-0.068688397
16.03266,0.035706534
16.107482,0.1949908
16.182479,-0.077110096
16.25765,0.1605803
16.332996,-0.18997721
16.408515,-0.038586566
16.484209,0.089262048
16.560077,-0.128
16.636119,0.084176673
16.712335,-0.080152232
16.788725,-0.024908282
16.86529,-0.032444418
16.942029,-0.22825084
17.018942,0.070025402
17.096029,-0.17290982
17.17329,-0.16489964
17.250726,-0.023591107
17.328335,-0.21957247
17.406119,-0.031275096
17.484077,-0.13320879
17.56221,0.015802921
17.640516,-0.14894585
17.718997,-0.16471
17.797652,0.28223596
17.876481,0.14875478
17.955484,0.21131704
18.034662,0.10129528
18.114013,0.39908168
18.193539,-0.18159828
18.273239,0.27298088
18.353113,0.609878
18.433162,0.28007346
18.513384,0.31101825
18.593781,0.95369276
18.674352,0.22378325
18.755097,0.23109366
18.836016,0.69327104
18.91711,0.33972716
18.998377,-0.029537982
19.079819,0.095279531
19.161435,0.21221892
19.243226,-0.39244531
19.32519,-0.39322296
19.407329,-0.19011403
19.489642,-0.45762832
19.572129,-0.60753054
19.65479,-0.27119324
19.737625,-0.73489093
19.820635,-0.51627067
19.903819,-0.5094501
19.987177,-0.54188021
20.070709,-0.45669824
20.154415,-0.44998264
20.238296,0.56061954
20.32235,1.531971
20.406579,0.11897384
20.490982,0.43927498
20.57556,18.030129
20.660311,50.436635
20.745237,17.023498
20.830337,-0.20928212
20.915611,2.6441774
21.001059,2.5485823
21.086681,2.0215797
21.172478,0.98473821
21.258449,2.1753127
21.344594,1.6325188
21.430913,1.6387096
21.517406,1.5978066
21.604074,1.0549078
21.690915,1.6492289
21.777931,1.2003777
21.865121,0.75149158
21.952486,1.0319822
22.040024,0.58302612
22.127737,0.67521149
22.215624,0.24187168
22.303685,-0.11307175
22.39192,0.12018512
22.480329,-0.046592987
22.568913,-0.28399432
22.657671,-0.090058099
22.746603,-0.084392157
22.835709,-0.57141189
22.924989,-0.8551248
23.014444,-1.1865113
23.104073,-1.5655713
23.193876,-1.9138735
23.283853,-2.121614
23.374004,-2.5887928
23.46433,-3.0879589
23.554829,-3.1093083
23.645503,-3.5783313
23.736351,-4.102871
23.827373,-4.2750842
23.91857,-4.432226
24.009941,-4.8174334
24.101485,-5.2973733
24.193204,-5.6916533
24.285098,-5.8747834
24.377165,-6.4114694
24.469407,-6.5879859
24.561822,-7.1572739
24.654412,-7.3507061
24.747176,-7.7722041
24.840115,-8.0531403
24.933227,-8.4523382
25.026514,-8.6874451
25.119975,-8.9859118
25.21361,-8.8457775
25.307419,-8.8552776
25.401403,-7.5712748
25.49556,-1.9271024
25.589892,19.465475
25.684398,35.351555
25.779078,0.42133412
25.873933,23.29442
25.968961,77.672774
26.064164,77.532865
26.159541,77.102146
26.255092,75.361009
26.350818,75.831021
26.446717,73.421987
26.542791,73.412339
26.639039,74.758938
26.735461,74.834334
26.832057,74.728724
26.928828,74.434263
27.025772,74.092129
27.122891,73.678792
27.220184,73.398174
27.317652,72.991451
27.415293,72.513524
27.513109,72.223218
27.611098,71.31269
27.709262,70.362331
27.807601,67.081946
27.906113,61.23624
28.0048,54.864429
28.10366,51.088082
28.202695,46.691512
28.301904,43.972759
28.401288,42.829862
28.500845,40.423605
28.600577,36.769674
28.700483,33.813168
28.800563,33.577615
28.900817,32.306154
29.001246,29.48898
29.101848,28.788838
29.202625,27.146906
29.303576,25.622005
29.404701,24.888647
29.506001,23.338987
29.607474,20.486752
29.709122,18.55155
29.810944,16.364752
29.91294,15.816555
30.01511,13.495194
30.117455,13.643807
30.219974,13.580041
30.322666,12.496052
30.425534,9.7487025
30.528575,8.1693663
30.63179,6.4325525
30.73518,6.3892417
30.838744,5.9453161
30.942482,4.3556777
31.046394,3.9811109
31.15048,1.6294587
31.254741,1.7948389
31.359176,2.3282318
31.463785,1.8649315
31.568568,2.0441537
31.673525,3.2658984
31.778657,3.7733029
31.883963,3.7624456
31.989442,4.0568559
32.095097,4.2565338
32.200925,4.4948126
32.306927,4.3167905
32.413104,3.4871732
32.519455,3.6059608
32.62598,3.6983506
32.732679,0.93623317
32.839553,0.30784385
32.9466,-1.0495625
33.053822,-2.0222604
33.161218,-2.625936
33.268788,-2.7978444
33.376532,-2.6321031
33.484451,-1.4071435
33.592544,1.1672304
33.700811,4.424352
33.809252,6.9916723
33.917867,12.178995
34.026657,19.351027
34.13562,24.539139
34.244758,25.978626
34.35407,25.332234
34.463556,21.399962
34.573217,19.413183
34.683052,17.191504
34.79306,13.574142
34.903243,10.576782
35.013601,8.3719744
35.124132,7.4067768
35.234838,5.6419739
35.345717,4.1442325
35.456771,3.6429642
35.567999,3.4087574
35.679402,3.1671021
35.790978,3.1846652
35.902729,2.975172
36.014654,2.0209755
36.126753,1.6397228
36.239026,2.3176884
36.351474,1.9450683
36.464095,1.5571567
36.576891,0.80885555
36.689861,1.4884001
36.803005,1.8859865
36.916324,0.69965391
37.029816,-0.28236237
37.143483,-0.46398389
37.257324,-1.0295244
37.371339,-0.49663093
37.485529,-0.43393095
37.599892,-0.62181661
37.71443,-1.4132291
37.829142,-1.0042468
37.944028,-0.52428157
38.059088,-0.50666667
38.174323,-1.0255551
38.289731,-1.8736912
38.405314,-0.58832992
38.521071,-0.82437312
38.637002,-1.0994679
38.753108,-0.56655546
38.869387,-1.1550475
38.985841,-0.76298334
39.102469,-0.3393825
39.219271,-0.50385284
39.336248,0.18674287
39.453398,-0.45583064
39.570723,-0.58843613
39.688222,-0.6110736
39.805895,-1.1904097
39.923742,-0.38918955
40.041764,-0.95251118
40.15996,-0.77057066
40.278329,-0.66689742
40.396873,-0.25717771
40.515592,-0.49043116
40.634484,-1.0764617
40.753551,-0.42311241
40.872792,-0.33430493
40.992207,-0.27670588
41.111796,-1.069587
41.231559,-2.177257
41.351497,-2.6742258
41.471608,-3.0702974
41.591894,-3.5850794
41.712355,-4.4773956
41.832989,-5.3080301
41.953797,-5.6534536
42.07478,-6.5489603
42.195937,-7.4455303
42.317268,-8.3823796
42.438773,-7.5634296
42.560453,-1.8514255
42.682306,18.902652
42.804334,31.592922
42.926536,-2.9492449
43.048912,19.174192
43.171463,57.86127
43.294187,57.43356
43.417086,57.028316
43.540159,54.598479
43.663406,55.100912
43.786828,52.519928
43.910423,43.522195
44.034193,32.986143
44.158137,31.421577
44.282255,30.522614
44.406547,28.987293
44.531014,29.607772
44.655654,32.101697
44.780469,35.386715
44.905458,34.843219
45.030621,29.796698
45.155959,24.607938
45.28147,33.331839
45.407156,42.125266
45.533016,30.172531
45.65905,5.1442221
45.785259,5.0403404
45.911641,5.7353951
46.038198,1.0019354
46.164929,-2.7443525
46.291834,-1.6211156
46.418913,-1.1499227
46.546167,-2.8837147
46.673595,-3.7793546
46.801196,-2.9427247
46.928972,-0.92284446
47.056923,1.4489134
47.185047,3.8901961
47.313346,7.039077
47.441819,9.1137301
47.570466,12.082783
47.699287,9.2717254
47.828282,3.3158519
47.957452,1.2269271
48.086795,-0.11661771
48.216313,-2.1500766
48.346006,-2.3714887
48.475872,-1.5259522
48.605912,10.472807
48.736127,24.416947
48.866516,15.710389
48.997079,19.62372
49.127816,30.956941
49.258728,34.227699
49.389813,35.004621
49.521073,35.075943
49.652507,36.018135
49.784115,37.290021
49.915898,37.464149
50.047854,35.552286
50.179985,35.40541
50.31229,35.556855
50.444769,34.45368
50.577423,31.554709
50.71025,29.58151
50.843252,31.883103
50.976428,31.361448
51.109778,28.565566
51.243302,25.385652
51.377001,23.78249
51.510873,22.995297
51.64492,20.898582
51.779141,17.272737
51.913536,15.505997
52.048106,12.11601
52.182849,9.949835
52.317767,8.6780592
52.452859,5.7673497
52.588125,4.7941772
52.723566,3.1938356
52.85918,3.3349525
52.994969,3.4214494
53.130932,1.2180323
53.267069,-0.82824014
53.40338,-1.5408972
53.539866,-1.7983703
53.676525,-2.6751693
53.813359,-4.3438431
53.950367,-3.3457185
54.08755,0.54679566
54.224906,0.25134634
54.362437,-0.50657624
54.500141,-0.87207013
54.63802,-2.311802
54.776074,-1.7826346
54.914301,-3.0257443
55.052703,-4.5509352
55.191278,-3.8797758
55.330028,-4.5181485
55.468952,-5.6189944
55.608051,-5.1274117
55.747323,-5.1375179
55.88677,-5.4532346
56.026391,-5.0078952
56.166186,-4.5230682
56.306155,-5.0105185
56.446298,-4.6506381
56.586616,-3.2630348
56.727108,-2.7300617
56.867774,-2.7458364
57.008614,-2.9652608
57.149629,-2.1020604
57.290817,-2.2346667
57.43218,-1.5986154
57.573717,0.23729192
57.715428,1.2887414
57.857313,2.2537724
57.999373,3.5716005
58.141607,3.1794807
58.284014,3.1009423
58.426597,2.8653971
58.569353,2.0806883
58.712283,1.9311296
58.855388,3.6088779
58.998667,2.1649134
59.14212,2.4070795
59.285747,3.3471407
59.429548,2.4752932
59.573524,2.5052625
59.717674,2.5821465
59.861998,3.3098669
60.006496,3.4570511
60.151168,2.5687972
60.296015,2.300007
60.441036,4.8546023
60.58623,2.4286613
60.7316,-1.0091884
60.877143,-0.7687507
61.02286,-0.018653158
61.168752,-1.5510526
61.314818,-1.5934
61.461058,-0.83589139
61.607472,-0.14911507
61.754061,0.25516427
61.900823,3.0592996
62.04776,6.1221144
62.194871,8.3690989
62.342156,10.294371
62.489616,19.090087
62.637249,37.211149
62.785057,22.767361
62.933039,6.182253
63.081195,4.0832753
63.229525,5.5057221
63.37803,2.2613583
63.526708,3.6443014
63.675561,13.32514
63.824588,10.480344
63.97379,7.6746195
64.123165,15.86483
64.272715,25.623523
64.422439,32.033053
64.572337,36.450282
64.722409,41.298739
64.872655,39.409798
65.023076,32.430517
65.17367,30.219718
65.324439,28.769561
65.475383,24.119259
65.6265,27.515872
65.777791,41.633909
65.929257,41.414548
66.080897,22.097003
66.232711,11.312648
66.384699,16.292854
66.536862,12.049387
66.689198,8.197933
66.841709,9.9698643
66.994394,9.082828
67.147254,5.0034907
67.300287,2.7279311
67.453495,2.3581097
67.606876,1.4940267
67.760432,0.049407438
67.914162,5.796801
68.068067,5.8420898
68.222145,-2.7010007
68.376398,-7.0403137
68.530825,-4.2905687
68.685426,-4.8349537
68.840201,-4.9166061
68.995151,-3.1316042
69.150274,-5.1034776
69.305572,-6.9028144
69.461044,-6.9217715
69.616691,-7.168192
69.772511,-7.4852132
69.928506,0.033047245
70.084674,8.4218835
70.241017,-1.4873319
70.397535,-5.9612657
70.554226,-1.9332511
70.711092,-0.49348431
70.868131,-0.32431818
71.025345,-0.4924194
71.182733,-0.65268993
71.340296,-1.5502278
71.498032,-0.43993501
71.655943,-0.76494879
71.814028,-1.0586025
71.972287,-0.88168035
72.13072,0.61287637
72.289327,6.6093814
72.448109,17.633325
72.607065,25.245491
72.766195,28.94392
72.925499,28.399199
73.084977,24.46623
73.24463,20.274425
73.404457,16.129666
73.564458,8.777052
73.724633,5.7930528
73.884982,4.9815902
74.045506,3.0014877
74.206203,2.0566668
74.367075,0.71967668
74.528121,-0.54673769
74.689342,-1.381792
74.850736,-1.6756822
75.012305,-3.1225261
75.174048,-3.4948727
75.335965,6.1955135
75.498056,13.603534
75.660321,-1.184536
75.822761,-7.478501
75.985375,-6.0626745
76.148163,-8.0272526
76.311125,-5.0977255
76.474261,7.8598894
76.637572,1.633275
76.801056,-6.0442351
76.964715,-7.7138176
77.128548,-5.9401783
77.292556,-5.2017486
77.456737,14.932844
77.621093,30.31458
77.785623,5.9944401
77.950327,-5.8158116
78.115205,-2.3475473
78.280257,-3.0125319
78.445484,3.1931564
78.610885,19.634223
78.77646,7.2440022
78.942209,-4.2833892
79.108132,-0.68128436
79.27423,2.1444345
79.440502,10.138865
79.606947,38.627498
79.773568,37.390726
79.940362,9.3697239
80.10733,1.827238
80.274473,9.5318955
80.44179,6.0993827
80.609281,13.945386
80.776946,38.465983
80.944786,25.841567
81.112799,-0.81413704
81.280987,-4.3403448
81.449349,1.1845124
81.617885,0.16043448
81.786596,0.31291172
81.95548,-0.51491864
82.124539,-2.7152135
82.293772,-4.0448355
82.463179,-4.0880985
82.63276,-2.8999044
82.802516,0.87660954
82.972446,-0.13894883
83.142549,-3.3975599
83.312828,-2.7423609
83.48328,-1.5223715
83.653906,-2.3415133
83.824707,-1.3409626
83.995682,0.036143148
84.166831,-1.7474508
84.338154,-2.942725
84.509651,-1.8634048
84.681323,-0.7212549
84.853169,-0.31061617
85.025189,-0.32362326
85.197383,0.38482185
85.369751,-0.60881024
85.542294,0.24842165
85.71501,1.4271058
85.887901,-0.13158147
86.060966,0.35667372
86.234206,0.6173615
86.407619,1.8112662
86.581207,1.0991721
86.754969,0.70853028
86.928905,7.9413014
87.103015,27.315133
87.277299,16.59473
87.451758,0.7683281
87.626391,-2.203288
87.801198,0.15831282
87.976179,9.0139149
88.151334,34.928224
88.326664,30.411044
88.502168,11.258454
88.677845,14.348884
88.853698,25.219591
89.029724,27.329396
89.205924,31.282222
89.382299,30.850619
89.558848,27.744389
89.735571,23.641964
89.912468,18.198246
90.08954,16.252451
90.266785,26.95752
90.444205,24.05463
90.621799,7.6614265
90.799567,1.268107
90.97751,2.0746711
91.155626,3.6026875
91.333917,27.601176
91.512382,24.391704
91.691021,0.63309682
91.869834,-7.180529
92.048822,-1.04133
92.227984,0.023242714
92.407319,15.911228
92.586829,15.657921
92.766514,5.9064585
92.946372,-2.888258
93.126405,-4.1693653
93.306612,21.835685
93.486993,39.134737
93.667548,38.880732
93.848277,33.246217
94.029181,21.705704
94.210259,20.721938
94.391511,24.106682
94.572937,37.624643
94.754537,21.503273
94.936312,-1.3633128
95.11826,-0.010406625
95.300383,4.0090498
95.48268,9.4950564
95.665152,20.094672
95.847797,11.298093
96.030617,5.160221
96.213611,0.56733055
96.396779,11.323343
96.580121,36.33022
96.763637,36.968353
96.947328,36.022056
97.131193,27.891328
97.315232,20.309504
97.499445,14.123642
97.683832,14.714134
97.868394,18.010392
98.053129,18.592808
98.238039,19.371186
98.423123,21.396506
98.608382,20.951122
98.793814,22.019347
98.979421,20.318828
99.165202,17.794663
99.351157,16.729205
99.537286,16.973435
99.723589,16.950882
99.910067,18.826251
100.09672,20.5917
100.28354,22.780563
100.47055,22.992838
100.65772,21.808918
100.84507,23.76998
101.03259,23.989749
101.22029,18.40548
101.40816,14.875997
101.5962,16.515024
101.78442,16.781386
101.97282,23.329985
102.16139,21.666703
102.35013,20.191539
102.53904,18.308416
102.72813,18.762431
102.9174,28.949664
103.10684,32.274034
103.29645,29.104171
103.48624,19.989093
103.6762,21.422919
103.86633,20.746824
104.05664,18.541201
104.24713,13.660952
104.43779,9.2903899
104.62862,5.9001039
104.81963,4.4234269
105.01081,7.2838884
105.20216,17.501096
105.39369,6.7848543
105.58539,-3.931504
105.77727,-4.2793513
105.96932,-2.4939817
106.16155,-1.4930422
106.35395,-2.7588858
106.54652,-6.895434
106.73927,-9.0870007
106.93219,-8.5649582
107.12529,6.7961835
107.31856,22.392503
107.51201,2.7887059
107.70563,-12.169632
107.89942,-12.547642
108.09339,-7.1610108
108.28753,20.978496
108.48185,25.886566
108.67634,-0.55444821
108.871,-15.411214
109.06584,-7.8994169
109.26085,-0.50533185
109.45604,6.3318256
109.6514,-1.0271601
109.84694,-8.2685637
110.04264,-8.9061105
110.23853,-3.8496045
110.43459,24.971543
110.63082,23.690664
110.82722,-4.656946
111.02381,-12.769327
111.22056,-4.748439
111.41749,1.3821878
111.61459,5.0735341
111.81187,-1.7293021
112.00932,-8.4851442
112.20695,-8.5900709
112.40475,10.355918
112.60272,28.697921
112.80087,27.526133
112.99919,13.585653
113.19769,0.21765695
113.39636,4.4574394
113.5952,7.3324511
113.79422,3.7995549
113.99342,-1.2941905
114.19278,-6.2625105
114.39233,-4.3603072
114.59204,3.0869294
114.79193,11.263513
114.992,14.765522
115.19223,-3.3090047
115.39265,3.4242471
115.59323,27.051552
115.794,28.45134
115.99493,27.937339
116.19604,27.784057
116.39732,26.838553
116.59878,25.249847
116.80041,28.617939
117.00222,28.236947
117.2042,26.200988
117.40635,24.792415
117.60868,19.470052
117.81119,25.175074
118.01386,27.131013
118.21672,18.459435
118.41974,9.3407342
118.62294,11.1004
118.82631,13.228628
119.02986,16.486203
119.23358,9.7593992
119.43748,4.6090014
119.64155,5.7722643
119.8458,15.82958
120.05022,23.149576
120.25481,10.249899
120.45958,-3.3400384
120.66452,-1.2594526
120.86963,7.7857742
121.07492,12.634858
121.28039,2.197602
121.48603,-6.4122676
121.69184,-5.586908
121.89783,0.11681822
122.10399,14.542048
122.31032,4.2691742
122.51683,-8.9606275
122.72351,-10.68473
122.93037,-7.0364535
123.1374,6.5802793
123.34461,3.7340964
123.55199,-8.1161787
123.75954,-12.107801
123.96727,-7.2133196
124.17518,5.7672657
124.38325,3.3516019
124.5915,-10.436782
124.79993,-14.241022
125.00853,-8.8532764
125.2173,6.730377
125.42625,6.8942519
125.63537,-8.3067498
125.84467,-13.405961
126.05414,-7.2818142
126.26378,2.66177
126.4736,8.0796934
126.6836,4.7601912
126.89376,2.107185
127.10411,4.363812
127.31462,5.8830134
127.52531,8.5706716
127.73618,6.9444336
127.94721,5.2317504
128.15843,6.2169357
128.36981,13.845088
128.58137,16.892677
128.79311,13.987154
129.00502,13.873617
129.2171,14.873635
129.42936,16.281326
129.64179,17.979042
129.8544,19.700116
130.06718,18.079844
130.28013,16.380969
130.49326,17.427022
130.70656,17.139571
130.92004,17.244106
131.13369,17.215137
131.34751,16.464429
131.56151,16.21551
131.77569,15.668382
131.99004,15.732848
132.20456,16.299104
132.41925,16.261267
132.63412,15.548751
132.84917,15.181161
133.06439,16.86046
133.27978,17.057235
133.49535,16.845996
133.71109,16.634586
133.927,15.787712
134.14309,9.7249808
134.35936,2.642471
134.5758,5.1048885
134.79241,11.645567
135.00919,11.174309
135.22615,1.8322934
135.44329,-5.4393052
135.6606,-2.5385255
135.87808,3.2797307
136.09574,2.3213455
136.31357,-2.558779
136.53158,-3.9802506
136.74976,0.27653843
136.96811,8.9488431
137.18664,8.8758789
137.40534,4.5909794
137.62422,0.13336023
137.84327,2.4520409
138.06249,7.5548646
138.28189,2.2575177
138.50147,-7.785098
138.72121,-10.316531
138.94114,-3.8283044
139.16123,1.5933066
139.3815,-4.7811097
139.60195,-11.696651
139.82257,-9.7101806
140.04336,8.2920275
140.26433,10.419777
140.48547,6.3985582
140.70678,-2.516727
140.92827,2.2229409
141.14993,9.3469738
141.37177,8.0789011
141.59378,-2.9538262
141.81597,-6.1590513
142.03833,-0.16422518
142.26087,4.9130051
142.48358,4.4451887
142.70646,-0.38336089
142.92952,5.5881408
143.15275,10.712635
143.37615,11.03718
143.59973,11.816679
143.82349,10.980542
144.04741,9.7287708
144.27152,9.2535212
144.49579,8.3704796
144.72024,3.1502344
144.94487,-0.69741058
145.16967,6.8746035
145.39464,11.717257
145.61979,10.912903
145.84511,0.64193376
146.07061,-0.4289844
146.29628,9.0648546
146.52212,11.633255
146.74814,4.7193529
146.97433,-1.2454779
147.2007,3.8799386
147.42724,11.821093
147.65395,11.934847
147.88084,1.5623778
148.10791,-4.2296478
148.33515,2.3156328
148.56256,6.4139057
148.79014,1.7200731
149.0179,-4.1109632
149.24584,-2.9223405
149.47395,4.4467257
149.70223,7.7138824
149.93069,-1.7669199
150.15932,-7.2085532
150.38812,-3.6933703
150.6171,0.35509918
150.84626,-0.54549758
151.07559,-6.5520233
151.30509,-7.9782036
151.53476,-3.490705
151.76461,-0.22678254
151.99464,-4.6805538
152.22484,-8.1069207
152.45521,-5.4156872
152.68576,1.1264801
152.91648,3.5666399
153.14738,-3.8050117
153.37845,-7.3414158
153.60969,-1.4582587
153.84111,3.5621066
154.0727,-0.25679044
154.30447,-2.2169106
154.53641,4.9366481
154.76852,11.650944
155.00081,12.65539
155.23328,12.232338
155.46591,11.362181
155.69872,11.495898
155.93171,12.923687
156.16487,13.292605
156.39821,12.924222
156.63171,12.696969
156.8654,12.610845
157.09925,13.128596
157.33328,12.74434
157.56749,11.536508
157.80187,11.23059
158.03642,11.669723
158.27115,12.10881
158.50605,11.763536
158.74113,11.284883
158.97638,11.182653
159.2118,12.115671
159.4474,12.625112
159.68318,12.044311
159.91912,11.188953
160.15524,11.502177
160.39154,12.372216
160.62801,11.689267
160.86465,9.6180368
161.10147,8.9428381
161.33846,10.087201
161.57563,9.553085
161.81297,5.4973541
162.05049,6.5553021
162.28818,10.40536
162.52604,10.882823
162.76408,6.5053366
163.00229,-0.66435302
163.24067,5.2953224
163.47923,9.2157356
163.71797,3.0498275
163.95688,-5.8141664
164.19596,-4.5684031
164.43522,3.5165293
164.67465,0.21317973
164.91425,-8.431393
165.15403,-11.342679
165.39398,-4.7324431
165.63411,-2.8830381
165.87441,-7.5826994
166.11489,-8.4706427
166.35554,3.7001909
166.59637,8.3964681
166.83736,3.3358358
167.07854,-6.579745
167.31988,-0.81694118
167.5614,9.0590168
167.8031,8.6839898
168.04497,5.0148406
168.28701,-3.7366662
168.52923,3.3706459
168.77162,5.5054043
169.01419,-1.5441555
169.25693,-5.1819553
169.49985,3.6586717
169.74293,8.0679215
169.9862,4.6261864
170.22963,-1.3175142
170.47325,6.3858394
170.71703,9.1793845
170.96099,7.8474348
171.20513,3.3546962
171.44943,-0.61255685
171.69392,6.251558
171.93857,5.9627272
172.1834,-0.84375541
172.42841,-1.446321
172.67359,7.8177754
172.91894,8.9799065
173.16447,7.6479153
173.41017,2.6374881
173.65605,7.5015661
173.9021,8.8989728
174.14832,8.3120612
174.39472,7.6388704
174.64129,9.0048907
174.88804,10.096397
175.13496,10.309467
175.38206,10.146061
175.62932,10.296377
175.87677,10.289825
176.12439,10.283269
176.37218,10.276708
176.62014,10.270142
176.86828,10.263572
177.1166,10.256997
177.36509,10.250418
177.61375,10.243834
177.86259,10.237245
178.1116,10.230652
178.36079,10.224054
178.61014,10.217452
178.85968,10.210844
179.10939,10.204233
179.35927,10.197616
179.60933,9.2733485
179.85956,5.7608406
180.10996,8.7267594
180.36054,10.084831
180.61129,8.9017206
180.86222,4.7303707
181.11332,8.4727417
181.3646,9.979814
181.61605,7.5574699
181.86767,2.499827
182.11947,6.6421796
182.37144,9.2472726
182.62359,9.0445179
182.87591,9.7045037
183.12841,10.074289
183.38108,9.5970105
183.63392,9.206002
183.88694,9.387538
184.14013,9.5690693
184.39349,9.2643215
184.64703,8.5909417
184.90075,8.4508906
185.15464,8.718678
185.4087,8.5158726
185.66294,8.0385527
185.91735,7.8435812
186.17193,8.0407619
186.42669,8.4967615
186.68163,8.3566781
186.93673,8.1616882
187.19202,8.6647328
187.44747,9.7716944
187.7031,9.6237494
187.95891,8.9895253
188.21489,8.4651005
188.47104,9.5642005
188.72737,9.8554527
188.98387,9.7074847
189.24054,9.4810806
189.49739,9.1134955
189.75442,9.6400234
190.01162,9.7587036
190.26899,9.4224772
190.52654,9.1646776
190.78426,9.5107949
191.04215,9.5823978
191.30022,8.8304666
191.55846,8.4706878
191.81688,9.867767
192.07547,9.7824887
192.33424,9.3207352
192.59318,7.7923105
192.85229,9.1815281
193.11158,9.645251
193.37104,7.6305379
193.63068,5.8589574
193.89049,9.4677645
194.15048,9.6961747
194.41064,8.9049726
194.67097,5.8157266
194.93148,7.5107897
195.19216,9.4019267
195.45302,9.6695296
195.71405,9.5292848
195.97525,9.7576628
196.23663,9.7507421
196.49818,9.7438167
196.75991,9.7368868
197.02181,9.7299522
197.28389,9.7230131
197.54614,9.7160693
197.80856,9.7091209
198.07116,9.7021679
198.33393,9.6952103
198.59688,9.5392285
198.86,9.1401048
199.12329,9.6743098
199.38676,9.6673337
199.6504,9.3466275
199.91422,8.5004266
200.17821,9.6228484
200.44238,9.6393833
200.70672,9.6323842
200.97123,9.6253805
201.23592,9.4144506
201.50078,9.4231239
201.76582,9.4239494
202.03103,9.5973194
202.29642,9.268724
202.56198,8.9087514
202.82771,9.0664213
203.09362,9.3025179
203.3597,9.0444922
203.62595,8.7707757
203.89238,9.2892115
204.15899,9.5409759
204.42577,9.5339122
204.69272,9.5268439
204.95985,9.519771
205.22715,9.5126935
205.49462,9.5056113
205.76227,9.4985246
206.0301,9.4914332
206.2981,9.4843372
206.56627,9.3674327
206.83461,9.1407197
207.10313,6.3571393
207.37183,2.930417
207.6407,3.786043
207.90974,2.382841
208.17896,-0.89487554
208.44835,-2.251028
208.71791,-1.8111067
208.98765,-2.3594253
209.25757,-3.6763759
209.52766,-3.0247037
209.79792,-1.3534282
210.06836,-3.431177
210.33897,-5.1952049
210.60975,-3.7278649
210.88071,-0.41739223
211.15184,-1.27163
211.42315,-1.012147
211.69463,5.3571354
211.96629,7.9381778
212.23812,1.1701961
212.51012,-4.2224037
212.7823,3.5145009
213.05465,8.5299295
213.32718,5.678784
213.59988,-0.96050404
213.87276,-0.1487191
214.14581,3.3925702
214.41903,1.0515993
214.69243,-0.66182806
214.966,3.4836608
215.23975,3.6998304
215.51367,-0.48390723
215.78776,0.49323204
216.06203,6.5841894
216.33647,6.5968081
216.61109,2.1938331
216.88588,2.0262449
217.16085,6.5646317
217.43598,5.212915
217.7113,2.0259968
217.98679,5.2313282
218.26245,9.45636
218.53829,8.6697197
218.8143,11.420427
219.09048,12.971227
219.36684,13.118198
219.64337,10.151536
219.92008,11.388888
220.19696,13.559667
220.47402,13.707008
220.75125,13.854442
221.02865,13.986283
221.30623,14.149589
221.58398,14.297301
221.86191,10.272556
222.14001,14.043983
222.41828,14.740993
222.69673,14.889075
222.97536,12.237251
223.25415,10.126695
223.53313,13.255448
223.81227,11.137234
224.09159,9.3955838
224.37109,15.606967
224.65076,15.928247
224.9306,16.077071
225.21061,16.225987
225.49081,16.374996
225.77117,16.524098
226.05171,16.673292
226.33242,16.822579
226.61331,16.971959
226.89437,17.121431
227.17561,17.270996
227.45702,17.420653
227.73861,17.570403
228.02036,17.720246
228.3023,17.870181
228.5844,18.020209
228.86669,18.17033
229.14914,14.516621
229.43177,1.1218292
229.71457,-10.766988
229.99755,-7.2910067
230.28071,-9.1796386
230.56403,-6.9426877
230.84753,2.5727873
231.13121,1.7510999
231.41506,-6.741083
231.69908,-7.0606243
231.98328,1.5924761
232.26765,-0.53080151
232.55219,-5.6971237
232.83691,-4.7300199
233.12181,-1.3236078
233.40688,-3.3440847
233.69212,-4.0390982
233.97754,-0.94590335
234.26313,0.95510777
234.54889,-0.085084478
234.83483,0.623716
235.12095,4.3442543
235.40723,5.0843735
235.69369,5.9421129
235.98033,9.6547274
236.26714,11.061433
236.55413,9.8641895
236.84128,12.298292
237.12862,18.622564
237.41612,17.017397
237.70381,11.467105
237.99166,14.02659
238.27969,18.938989
238.56789,18.314107
238.85627,15.336256
239.14482,16.664261
239.43355,17.364788
239.72245,14.771171
240.01153,16.18537
240.30077,19.176012
240.5902,18.864667
240.87979,18.921922
241.16957,19.049739
241.45951,18.706941
241.74963,18.685684
242.03993,18.993812
242.33039,19.011718
242.62104,18.817831
242.91185,18.921957
243.20284,18.877037
243.49401,18.832089
243.78535,18.692997
244.07686,18.742114
244.36855,18.697086
244.66041,18.526541
244.95245,12.363812
245.24466,13.706938
245.53704,18.516705
245.8296,18.448013
246.12233,10.112627
246.41524,14.475254
246.70832,18.233932
247.00158,17.051408
247.295,12.535522
247.58861,16.098042
247.88239,18.07622
248.17634,17.693588
248.47046,17.797203
248.76476,18.018438
249.05924,17.97298
249.35389,17.927495
249.64871,17.881983
249.94371,17.836444
250.23888,17.790878
250.53422,17.745285
250.82974,17.699665
251.12544,17.654019
251.42131,17.608345
251.71735,16.590096
252.01356,11.163977
252.30996,5.8554776
252.60652,-0.064813178
252.90326,2.8697711
253.20017,4.918054
253.49726,3.7114081
253.79452,4.2694411
254.09196,4.58431
254.38957,2.6324853
254.68735,2.923771
254.98531,6.9248338
255.28344,9.8278304
255.58175,6.7464864
255.88023,4.8729587
256.17888,6.5131295
256.47771,5.8866069
256.77672,5.2600573
257.0759,8.5785788
257.37525,8.9088382
257.67477,4.9959335
257.97447,7.2163351
258.27435,11.013181
258.5744,6.2452931
258.87462,2.8342416
259.17502,10.238849
259.47559,13.525783
259.77633,9.1107296
260.07725,3.8799626
260.37835,7.5825021
260.67961,7.7869756
260.98106,5.7796574
261.28267,7.5605476
261.58446,8.949254
261.88643,7.6634238
262.18857,12.205018
262.49088,15.326977
262.79337,15.248909
263.09603,15.657089
263.39886,15.743673
263.70187,15.383172
264.00506,15.273624
264.30842,15.524833
264.61195,15.219153
264.91565,15.085995
265.21954,15.431242
265.52359,15.431364
265.82782,15.384399
266.13222,15.337408
266.4368,15.290391
266.74155,15.243346
267.04648,15.196274
267.35158,15.149176
267.65685,15.10205
267.9623,14.333329
268.26792,10.623405
268.57372,-5.2590955
268.87969,-18.169074
269.18584,-17.549667
269.49216,-17.393032
269.79865,-15.00113
270.10532,-11.377882
270.41216,-11.296873
270.71917,-5.8825196
271.02637,1.4141969
271.33373,-2.7949585
271.64127,-6.8001821
271.94898,0.86519302
272.25687,10.7345
272.56493,4.1881312
272.87316,-0.96214893
273.18157,5.7385617
273.49016,1.137322
273.79892,-7.4168485
274.10785,-4.0102244
274.41696,1.2081748
274.72624,-0.059690141
275.03569,0.73520039
275.34532,1.0359836
275.65512,-3.424007
275.9651,-2.4408501
276.27525,9.4991799
276.58558,12.78824
276.89608,3.7949574
277.20675,-2.8924324
277.5176,-0.64647856
277.82862,-3.6475731
278.13982,-4.9074809
278.45119,-2.3948292
278.76273,-2.4468731
279.07445,-3.3694949
279.38635,0.12358005
279.69841,2.7931359
280.01066,2.1058394
280.32307,3.5832591
280.63566,5.6410814
280.94843,5.808718
281.26137,8.0312668
281.57448,12.983238
281.88777,13.417572
282.20123,11.475446
282.51486,12.63137
282.82867,13.379461
283.14265,13.39815
283.45681,14.256066
283.77114,14.768894
284.08565,15.305262
284.40033,15.206346
284.71519,14.754499
285.03021,14.726192
285.34542,15.466522
285.6608,15.351961
285.97635,15.002117
286.29207,14.934635
286.60797,15.196576
286.92405,14.972253
287.24029,14.559705
287.55672,13.911873
287.87331,15.146404
288.19008,14.584867
288.50703,12.148831
288.82415,14.920649
289.14144,14.680712
289.45891,13.562353
289.77655,15.322437
290.09437,15.411943
290.41236,12.999499
290.73052,14.634123
291.04886,15.970719
291.36737,15.346541
291.68606,14.471393
292.00492,15.90998
292.32395,15.795637
292.64316,15.626402
292.96255,15.841492
293.2821,15.633062
293.60184,15.730525
293.92174,16.141724
294.24182,16.160777
294.56208,16.179839
294.88251,15.375383
295.20311,14.217996
295.52389,14.08807
295.84484,14.209135
296.16596,14.408642
296.48726,14.702277
296.80874,12.909648
297.13038,14.991538
297.45221,15.285204
297.7742,11.492606
298.09637,11.801979
298.41872,14.715284
298.74124,14.193305
299.06393,14.526238
299.3868,14.561143
299.70984,14.117627
300.03305,15.446669
300.35644,15.411017
300.68001,15.359688
301.00375,15.622096
301.32766,15.845298
301.65174,15.935177
301.97601,15.570165
302.30044,15.495359
302.62505,15.632328
302.94983,16.247738
303.27479,16.18865
303.59992,16.255062
303.92523,15.082268
304.25071,13.791838
304.57636,15.309262
304.90219,14.771793
305.22819,14.555904
305.55437,15.594927
305.88072,15.230039
306.20725,13.696534
306.53395,15.755196
306.86082,15.821712
307.18787,14.437258
307.51509,15.970461
307.84249,16.091909
308.17006,15.962388
308.4978,16.554446
308.82572,16.879847
309.15381,16.718984
309.48208,16.75421
309.81052,16.820819
310.13914,16.824693
310.46793,16.985441
310.79689,17.130512
311.12603,17.16579
311.45534,17.185392
311.78483,17.197161
312.11449,17.130509
312.44432,17.24426
312.77433,17.263903
313.10452,17.283557
313.43487,17.303221
313.7654,17.322896
314.09611,17.34258
314.42699,17.315217
314.75804,17.334923
315.08927,17.401697
315.42068,17.335149
315.75225,17.347043
316.084,16.94326
316.41593,15.504194
316.74803,1.6965113
317.0803,-14.519005
317.41275,-11.142353
317.74537,-8.9813779
318.07817,-12.553725
318.41114,-10.939068
318.74428,-11.206785
319.0776,-13.607855
319.41109,-12.103065
319.74476,-10.825747
320.0786,-10.991587
320.41262,-7.3299967
320.74681,-6.6017612
321.08117,-6.9402133
321.41571,-1.5767257
321.75042,-0.41718074
322.08531,-3.1713823
322.42037,3.0155715
322.7556,8.3711318
323.09101,2.3933376
323.42659,2.4076793
323.76235,8.0376862
324.09828,5.9343387
324.43439,6.1211662
324.77067,7.8766001
325.10712,5.3888757
325.44375,12.289366
325.78055,16.570227
326.11753,16.513812
326.45468,15.74365
326.792,16.526409
327.1295,16.485617
327.46718,16.444804
327.80502,16.40397
328.14305,16.363115
328.48124,16.322239
328.81961,16.281341
329.15816,16.240423
329.49687,16.199484
329.83577,16.158524
330.17483,16.117542
330.51407,15.519677
330.85349,15.847281
331.19308,15.994472
331.53284,14.714191
331.87278,15.120163
332.21289,15.5418
332.55318,8.8340049
332.89364,7.1771688
333.23427,10.312469
333.57508,6.4908845
333.91607,6.8653578
334.25722,9.3731434
334.59855,8.1318884
334.94006,14.631789
335.28174,15.500295
335.62359,15.458977
335.96562,15.401952
336.30782,15.376278
336.6502,15.334896
336.99275,15.293494
337.33548,15.25207
337.67837,15.210626
338.02145,15.16916
338.36469,15.127674
338.70812,15.086166
339.05171,15.044637
339.39548,15.003087
339.73943,14.961516
340.08354,14.919925
340.42784,14.878312
340.7723,14.836678
341.11694,8.0107088
341.46176,8.5258954
341.80675,7.0253747
342.15191,9.4385585
342.49725,14.581133
342.84276,11.245255
343.18845,2.262297
343.53431,3.3185338
343.88034,-0.072309284
344.22655,0.92114028
344.57293,7.694961
344.91949,3.9511135
345.26622,0.85038227
345.61313,3.9692378
345.96021,4.3194449
346.30746,3.9010034
346.65489,5.8197958
347.00249,7.5268024
347.35027,11.641631
347.69822,12.148596
348.04634,12.161421
348.39464,11.217364
348.74311,11.669363
349.09176,10.811537
349.44058,8.4007495
349.78958,9.5742544
350.13875,9.9006794
350.48809,9.7957108
350.83761,10.804447
351.1873,11.107279
351.53717,12.712051
351.88721,12.638371
352.23742,12.439179
352.58781,12.687026
352.93838,12.68387
353.28911,12.508145
353.64003,12.489262
353.99111,12.337024
354.34237,12.616137
354.69381,13.154053
355.04541,13.064497
355.3972,13.014136
355.74915,13.018655
356.10128,12.983938
356.45359,12.941357
356.80607,12.898754
357.15872,12.856131
357.51155,12.813486
357.86455,12.77082
358.21773,12.728134
358.57108,12.685426
358.9246,11.897599
359.2783,11.243085
359.63217,4.2748235
359.98622,-6.5287527
360.34044,-5.3088206
360.69484,-9.7751841
361.04941,-11.52
361.40415,6.2817628
361.75907,6.3266425
362.11416,-6.9775176
362.46943,-7.5130707
362.82487,-8.3231538
363.18048,-13.9411
363.53627,-11.300244
363.89224,-12.094702
364.24837,-10.151925
364.60468,-4.5464234
364.96117,-5.3958442
365.31783,-3.2962656
365.67466,-0.11435446
366.03167,0.96557561
366.38885,11.755289
366.74621,11.721453
367.10374,8.8562243
367.46145,11.183132
367.81933,11.596294
368.17738,5.4447294
368.53561,3.0421643
368.89401,5.0787946
369.25259,-2.2100856
369.61134,-0.97349597
369.97026,0.97679886
370.32936,-0.89253447
370.68863,5.9988962
371.04808,6.3491301
371.4077,1.9385593
371.76749,3.2456153
372.12746,4.1918667
372.48761,9.7577056
372.84793,10.264701
373.20842,9.7755969
373.56908,9.7570612
373.92992,9.8953678
374.29094,10.135615
374.65213,10.038587
375.01349,9.690558
375.37503,9.9072148
375.73674,10.068949
376.09862,9.9953693
376.46068,10.031573
376.82292,10.05207
377.18533,10.315684
377.54791,10.461631
377.91067,8.552655
378.2736,8.1730708
378.6367,8.1699368
378.99998,10.080508
379.36343,9.8028237
379.72706,9.2584524
380.09086,8.274845
380.45484,8.0990605
380.81899,8.6918831
381.18331,9.6689991
381.54781,9.8853105
381.91248,9.952582
382.27733,9.9100292
382.64235,9.8674561
383.00755,9.8248627
383.37292,9.782249
383.73846,9.7396149
384.10418,9.6969606
384.47007,9.6542859
384.83613,9.6115909
385.20237,9.5688756
385.56879,9.52614
385.93538,9.4833841
386.30214,9.4406078
386.66908,9.0213407
387.03619,1.221661
387.40347,-5.3937252
387.77093,-5.4679553
388.13857,-10.671617
388.50638,-6.0400057
388.87436,-4.7809634
389.24251,-7.4748826
389.61084,-3.9805868
389.97935,-3.843174
390.34803,0.13735565
390.71688,7.4433552
391.08591,7.3924717
391.45511,6.8945091
391.82449,7.7690752
392.19404,8.5416601
392.56376,6.7103032
392.93366,6.078926
393.30373,6.9926265
393.67398,6.7063066
394.0444,6.906241
394.41499,6.9100766
394.78576,6.7491861
395.1567,6.0314124
395.52782,4.1214616
395.89911,7.0507062
396.27058,6.8034598
396.64222,4.5954088
397.01403,6.7402787
397.38602,8.0537557
397.75819,8.026036
398.13052,7.83359
398.50303,8.0175943
398.87572,7.7780489
399.24858,7.4286792
399.62161,7.4400735
399.99482,6.9887025
400.3682,6.9216248
400.74176,7.0035464
401.11549,6.7246634
401.48939,7.0575248
401.86347,7.3746796
402.23772,7.2212258
402.61215,6.9736341
402.98675,7.0554338
403.36153,7.3019191
403.73648,7.4072076
404.1116,7.3634562
404.4869,7.3196845
404.86237,7.2758924
405.23802,7.2320801
405.61384,7.1882474
405.98983,6.9091003
406.366,7.1005211
406.74235,7.0566275
407.11886,6.5926054
407.49556,3.6109321
407.87242,-5.1746669
408.24946,-8.8543879
408.62668,-9.1537209
409.00406,-11.029529
409.38163,-11.179851
409.75936,-6.5772354
410.13727,-10.515801
410.51536,-13.670057
410.89362,-11.65569
411.27205,-13.092307
411.65066,-10.411282
412.02944,-6.7969275
412.4084,-4.8139497
412.78753,2.5964748
413.16683,-2.0872226
413.54631,-10.559159
413.92596,-8.7644339
414.30579,-8.6324577
414.68579,-3.4965641
415.06597,3.85109
415.44632,3.2222693
415.82684,0.5385424
416.20754,2.9057917
416.58841,6.8181348
416.96946,6.808905
417.35068,6.799671
417.73207,6.7904328
418.11364,6.7811904
418.49538,6.7405712
418.8773,5.6960263
419.25939,5.5848104
419.64166,5.4657472
420.0241,5.4251112
420.40671,5.7452552
420.7895,5.6497087
421.17246,5.7502365
421.5556,5.8037012
421.93891,6.1316715
422.32239,6.5929709
422.70605,6.6699524
423.08989,6.5743806
423.47389,6.6513536
423.85808,6.6420479
424.24243,6.632738
424.62696,6.5057768
425.01167,6.5356741
425.39654,6.6047829
425.7816,6.5954561
426.16682,6.5861251
426.55222,6.5767899
426.9378,6.5203916
427.32355,5.5855577
427.70947,3.7095432
428.09557,-6.6056913
428.48184,-12.105244
428.86829,-14.012643
429.25491,-12.116126
429.6417,-7.6392204
430.02867,-13.107417
430.41582,-16.073657
430.80313,-14.145784
431.19062,-15.770856
431.57829,-13.027305
431.96613,-11.468072
432.35414,-12.693157
432.74233,-9.8790301
433.13069,-8.8845154
433.51923,-4.7213776
433.90794,0.45352072
434.29682,0.56174815
434.68588,6.3405596
435.07512,6.3703472
435.46452,6.360915
435.85411,6.3514785
436.24386,6.3420377
436.63379,6.3325928
437.0239,6.3231437
437.41417,6.3136903
437.80463,6.3042327
438.19525,6.2947709
438.58605,6.2853048
438.97703,6.2758346
439.36818,6.2663601
439.7595,5.9745285
440.151,5.2121044
440.54267,5.1634016
440.93452,4.9186161
441.32654,4.9640225
441.71873,5.0407973
442.1111,5.0861952
442.50364,5.0060987
442.89636,0.41619415
443.28925,0.85373631
443.68232,-1.7283336
444.07556,0.44253347
444.46897,3.0761414
444.86256,-0.47849018
445.25632,2.6413838
445.65026,3.8083124
446.04437,4.9752368
446.43865,5.0205884
446.83311,5.0737788
447.22774,5.0955925
447.62255,5.7370099
448.01753,5.7980308
448.41269,5.6080671
448.80802,5.7004522
449.20352,6.0281271
449.5992,6.018543
449.99505,6.0011114
450.39108,5.999362
450.78728,5.9897651
451.18365,5.8311445
451.5802,5.8058529
451.97693,4.0393807
452.37382,-1.6957232
452.77089,-2.5053411
453.16814,-5.1345711
453.56556,0.80874372
453.96315,1.0657798
454.36092,-4.1203256
454.75887,-3.008396
455.15698,-5.2219608
455.55527,-2.2217755
455.95374,2.6842767
456.35238,0.11580376
456.75119,1.4688841
457.15018,-0.52707051
457.54934,-4.1622562
457.94868,-1.8680454
458.34819,-3.2993402
458.74787,-0.27574839
459.14773,0.68508297
459.54776,-2.52665
459.94797,0.081209425
460.34835,2.7674849
460.74891,5.0615882
461.14964,4.6262643
461.55054,4.2066114
461.95162,4.0771392
462.35287,3.9554948
462.7543,4.0220703
463.1559,3.9239246
463.55767,3.6453714
463.95962,3.5942538
464.36174,3.6921404
464.76404,3.7351098
465.16651,3.8643383
465.56916,3.7111984
465.97198,3.8796119
466.37497,3.9068336
466.77814,3.9654124
467.18148,4.3769171
467.585,4.3727201
467.98869,4.5410568
468.39256,4.7172213
468.79659,4.6816057
469.20081,4.6459747
469.6052,4.6103285
470.00976,4.5746668
470.41449,4.5389898
470.8194,4.5032975
471.22449,4.4675897
471.62975,4.4318667
472.03518,4.3961283
472.44079,4.3603745
472.84657,4.3246054
473.25252,4.2888209
473.65865,4.253021
474.06496,1.3309313
474.47143,-2.4617619
474.87809,-2.8113333
475.28491,-2.5334691
475.69191,0.62281116
476.09909,-0.16602198
476.50644,0.27650208
476.91396,3.2209716
477.32166,3.0281708
477.72953,2.8275115
478.13757,3.4660526
478.54579,3.5555587
478.95419,3.4568142
479.36275,3.4835445
479.7715,3.5416319
480.18041,3.6702923
480.5895,3.4695256
480.99877,3.6059984
481.40821,3.5699068
481.81782,3.5337999
482.22761,3.4976776
482.63757,3.46154
483.04771,3.425387
483.45802,3.3892186
483.8685,3.3530349
484.27916,3.3168359
484.68999,3.2806215
485.101,3.2443917
485.51218,3.2081466
485.92353,3.1248273
486.33506,2.6414926
486.74677,2.3934368
487.15864,2.3571302
487.5707,2.7286515
487.98292,2.9276083
488.39532,2.4755695
488.8079,2.2274368
489.22064,2.3479163
489.63357,2.389949
490.04666,2.6829467
490.45994,2.4033801
490.87338,2.2649746
491.287,2.3618478
491.70079,2.0430195
492.11476,2.0065287
492.5289,1.9308068
492.94322,1.7687951
493.35771,2.0146112
493.77238,1.9623727
494.18722,1.9258052
494.60223,2.0696144
495.01742,2.2683103
495.43278,2.3336574
495.84831,2.2970284
496.26402,2.2603841
496.67991,2.2237244
497.09596,2.1870494
497.5122,2.150359
497.9286,2.0587513
498.34518,1.041638
498.76194,-0.27352983
499.17887,-2.4828307
499.59597,-1.3666567
500.01325,-0.63481174
500.4307,-3.4010214
500.84833,-2.7790111
501.26613,-3.4981926
501.6841,-2.1154287
502.10225,-1.3287586
502.52057,-3.3656333
502.93907,-2.3907586
503.35774,-2.9296247
503.77659,-1.6410552
504.1956,0.071028317
504.6148,0.89682199
505.03417,1.4873062
505.45371,1.4503241
505.87342,1.4133266
506.29331,1.3763137
506.71338,1.3699775
507.13362,1.3636386
507.55403,1.3572971
507.97462,1.350953
508.39538,1.3446062
508.81631,1.118649
509.23742,0.7828852
509.65871,0.65104037
510.08017,0.65252624
510.5018,0.99126438
510.92361,1.0005881
511.34559,0.97853671
511.76774,1.207463
512.19007,1.1540338
512.61257,1.0457
513.03525,1.1648145
513.4581,1.2682402
513.88113,1.2618593
514.30433,1.2476326
514.7277,1.1549719
515.15125,-0.027887486
515.57497,-1.4617299
515.99887,-3.0210651
516.42294,-0.95687356
516.84719,-1.0181748
517.2716,-1.9108513
517.6962,-1.1094127
518.12097,-1.0530748
518.54591,0.76012323
518.97102,0.94194608
519.39631,0.33160944
519.82178,0.59185841
520.24742,0.56190867
520.67323,0.93979944
521.09922,0.93337386
521.52538,1.0210633
521.95171,1.0303187
522.37822,1.1336892
522.80491,1.1272531
523.23176,1.1208144
523.6588,1.114373
524.086,1.1079291
524.51338,1.1014825
524.94094,1.0950332
525.36867,1.0885814
525.79657,1.0821269
526.22465,1.0756698
526.6529,1.06921
527.08132,1.0627477
527.50992,1.0562827
527.9387,1.0498151
528.36765,1.0433448
528.79677,1.0368719
529.22606,1.0303964
529.65553,1.0239183
530.08518,1.0174375
530.515,1.0109542
530.94499,1.0044681
531.37516,0.99797951
531.8055,0.9836451
532.23602,0.98499434
532.66671,0.97849782
533.09757,0.97199867
533.52861,0.94981062
533.95982,0.88840425
534.39121,0.78777957
534.82277,0.60872089
535.25451,0.46103213
535.68641,0.36039957
536.1185,0.38525458
536.55076,0.49638147
536.98319,0.48985867
537.41579,0.42843128
537.84857,0.57092284
538.28153,0.36047059
538.71466,0.12348686
539.14796,-0.34094852
539.58144,0.4338311
540.01509,-0.093350748
540.44891,-1.1381803
540.88291,-2.5673243
541.31709,-3.4866651
541.75144,-1.637379
542.18596,-0.98809369
542.62065,0.68079882
543.05552,0.75753379
543.49057,0.87348377
543.92579,0.87178601
544.36118,0.87008756
544.79675,0.86838844
545.23249,0.86668864
545.66841,0.86498816
546.1045,0.863287
546.54076,0.86158516
546.9772,0.85988264
547.41381,0.85817944
547.8506,0.85647556
548.28756,0.85477101
548.72469,0.85306577
549.162,0.85135985
549.59949,0.84965325
550.03714,0.84794598
550.47498,0.84623802
550.91298,0.84452939
551.35116,0.84282007
551.78952,0.51169832
552.22804,0.36881117
552.66675,0.50827629
553.10562,0.60852504
553.54468,0.72445939
553.9839,0.73058913
554.4233,0.58769859
554.86287,0.72716031
555.30262,0.82740567
555.74254,0.6452974
556.18264,0.76122767
556.62291,0.79088275
557.06335,0.82053715
557.50397,0.71685754
557.94477,0.81709882
558.38573,0.69773157
558.82688,0.53130483
559.26819,0.81193622
559.70968,0.810214
560.15134,0.80849109
560.59318,0.80676751
561.03519,0.78935697
561.47738,0.8033183
561.91974,0.80159268
562.36228,0.7841801
562.80499,0.7981394
563.24787,0.76503919
563.69093,0.7946834
564.13416,0.79295438
564.57756,0.79122468
565.02114,0.7894943
565.4649,0.75639069
565.90883,0.62916876
566.35293,0.69802458
566.79721,0.78256599
567.24166,0.7573028
567.68628,0.73988207
568.13108,0.77736262
568.57606,0.77562681
569.0212,0.77389031
569.46652,0.77215314
569.91202,0.77041529
570.35769,0.76867675
570.80354,0.76693754
571.24955,0.76519765
571.69575,0.76345708
572.14211,0.76171583
572.58866,0.7599739
573.03537,0.75823129
573.48226,0.756488
573.92932,0.75474403
574.37656,0.75299938
574.82397,0.75125405
575.27156,0.74950805
575.71932,0.65364371
576.16726,0.65189634
576.61536,0.74426595
577.06365,0.70330153
577.5121,0.61527762
577.96074,0.51940989
578.40954,0.26667873
578.85852,0.37473121
579.30768,0.68670458
579.757,0.7320106
580.20651,0.73025712
580.65618,0.72850296
581.10603,0.72674812
581.55606,0.7249926
582.00626,0.7232364
582.45663,0.72147952
582.90718,0.71972196
583.3579,0.71796372
583.8088,0.7162048
584.25987,0.51836677
584.71111,0.40680258
585.16253,0.54621809
585.61412,0.68563292
586.06589,0.70740002
586.51783,0.70563703
586.96995,0.6725008
587.42224,0.702109
587.8747,0.70034396
588.32734,0.69857825
588.78015,0.69681186
589.23313,0.69504479
589.6863,0.69327704
590.13963,0.69150861
590.59314,0.6897395
591.04682,0.68796971
591.50068,0.68619924
591.95471,0.68442809
592.40892,0.68265626
592.86329,0.68088375
593.31785,0.67911056
593.77258,0.6773367
594.22748,0.67556215
594.68256,0.67378693
595.13781,0.67201102
595.59323,0.67023444
596.04883,0.66845717
596.5046,0.66667923
596.96055,0.6649006
597.41667,0.6631213
597.87297,0.66134132
598.32944,0.65956066
598.78608,0.65777932
599.2429,0.6559973
599.69989,0.6542146
600.15706,0.65243122
600.6144,0.65064716
601.07192,0.64886242
601.52961,0.647077
601.98747,0.60607522
602.44551,0.64350413
602.90372,0.64171667
603.3621,0.63992853
603.82066,0.63813972
604.2794,0.63635022
604.73831,0.63456005
605.19739,0.63276919
605.65665,0.63097766
606.11608,0.62918545
606.57568,0.56464745
607.03546,0.49226565
607.49542,0.62380473
607.95554,0.6220098
608.41585,0.53393968
608.87632,0.50077084
609.33697,0.42838563
609.7978,0.61482328
610.2588,0.61302495
610.71997,0.61122594
611.18132,0.60158312
611.64284,0.60762589
612.10453,0.60582484
612.5664,0.60402311
613.02845,0.60222071
613.49067,0.60041762
613.95306,0.59861386
614.41563,0.59680941
614.87837,0.59500429
615.34128,0.59319849
615.80437,0.591392
616.26763,0.58958484
616.73107,0.587777
617.19468,0.58596848
617.65847,0.58415928
618.12243,0.5823494
618.58656,0.58053884
619.05087,0.5787276
619.51535,0.57691568
619.98001,0.57510308
620.44484,0.5732898
620.90985,0.57147585
621.37503,0.56966121
621.84038,0.56784589
622.30591,0.5660299
622.77161,0.56421322
623.23749,0.49180763
623.70354,0.56057783
624.16976,0.55875912
624.63616,0.55693973
625.10273,0.55511965
625.56948,0.5532989
626.0364,0.55147747
626.5035,0.54965536
626.97077,0.54783257
627.43821,0.5460091
627.90583,0.54418495
628.37362,0.54236012
628.84159,0.54053461
629.30973,0.53870842
629.77804,0.53688156
630.24653,0.53505401
630.71519,0.53322578
631.18403,0.53139688
631.65304,0.52956729
632.12223,0.52773702
632.59159,0.52590608
633.06112,0.52407446
633.53083,0.52224215
634.00071,0.52040917
634.47077,0.51857551
634.941,0.51674116
635.41141,0.51490614
635.88199,0.51307044
636.35274,0.51123406
636.82367,0.509397
637.29477,0.50755926
637.76604,0.50572084
638.23749,0.50388174
638.70912,0.50204196
639.18092,0.50020151
639.65289,0.49836037
640.12504,0.49651855
640.59736,0.49467606
641.06985,0.49283288
641.54252,0.49098903
642.01537,0.48914449
642.48838,0.48729928
642.96158,0.48545338
643.43494,0.48360681
643.90848,0.48175956
644.3822,0.47991163
644.85609,0.47806301
645.33015,0.47621372
645.80439,0.47436375
646.2788,0.4725131
646.75338,0.47066177
647.22814,0.46880976
647.70308,0.40421198
648.17819,0.46510371
648.65347,0.46324966
649.12892,0.46139493
649.60456,0.45953952
650.08036,0.45768344
650.55634,0.45582667
651.03249,0.45396923
651.50882,0.4521111
651.98532,0.4502523
652.462,0.44839282
652.93885,0.44653265
653.41587,0.44467181
653.89307,0.44281029
654.37044,0.44094809
654.84799,0.4390852
655.32571,0.43722164
655.80361,0.4353574
656.28168,0.43349248
656.75992,0.43162689
657.23834,0.42976061
657.71693,0.42789365
658.19569,0.42602601
658.67463,0.42415769
659.15375,0.4222887
659.63304,0.42041902
660.1125,0.41854867
660.59214,0.41667763
661.07195,0.41480592
661.55193,0.41293352
662.03209,0.41106045
662.51243,0.40918669
662.99294,0.40731226
663.47362,0.40543715
663.95447,0.40356136
664.43551,0.40168489
664.91671,0.39980774
665.39809,0.39792991
665.87964,0.3960514
666.36137,0.39417221
666.84327,0.39229234
667.32535,0.39041179
667.8076,0.38853056
668.29002,0.38664866
668.77262,0.38476607
669.25539,0.3828828
669.73834,0.38099886
670.22146,0.37911423
670.70475,0.37722893
671.18822,0.37534294
671.67187,0.37345628
672.15568,0.37156894
672.63968,0.36968091
673.12384,0.36779221
673.60818,0.36590283
674.0927,0.36401277
674.57738,0.36212203
675.06225,0.36023061
675.54728,0.35833851
676.0325,0.35644573
676.51788,0.35455227
677.00344,0.35265813
677.48917,0.35076332
677.97508,0.34886782
678.46116,0.34697164
678.94742,0.34507479
679.43385,0.34317725
679.92045,0.34127904
680.40723,0.33938014
680.89419,0.33748057
681.38131,0.33558031
681.86861,0.33367938
682.35609,0.33177777
682.84374,0.32987548
683.33156,0.3279725
683.81956,0.32606885
684.30773,0.32416452
684.79608,0.32225951
685.2846,0.32035382
685.7733,0.31844745
686.26217,0.3165404
686.75121,0.31463268
687.24043,0.31272427
687.72982,0.31081518
688.21938,0.30890542
688.70912,0.30699497
689.19904,0.30508384
689.68913,0.30317204
690.17939,0.30125955
690.66983,0.29934639
691.16044,0.29743255
691.65122,0.29551802
692.14218,0.29360282
692.63331,0.29168694
693.12462,0.28977038
693.6161,0.28785314
694.10776,0.28593522
694.59959,0.28401662
695.09159,0.28209734
695.58377,0.28017738
696.07613,0.27825674
696.56865,0.27633542
697.06135,0.27441342
697.55423,0.27249075
698.04728,0.27056739
698.5405,0.26864335
699.0339,0.26671864
699.52747,0.26479324
700.02122,0.26286717
700.51514,0.26094041
701.00923,0.25901298
701.5035,0.25708487
701.99795,0.25515607
702.49256,0.2532266
702.98736,0.25129645
703.48232,0.24936562
703.97746,0.24743411
704.47277,0.24550192
704.96826,0.24356905
705.46393,0.2416355
705.95976,0.23970127
706.45577,0.23776636
706.95196,0.23583078
707.44832,0.23389451
707.94485,0.23195756
708.44156,0.23001994
708.93844,0.22808163
709.4355,0.22614265
709.93273,0.22420298
710.43013,0.22226264
710.92771,0.22032161
711.42546,0.21837991
711.92339,0.21643753
712.42149,0.21449447
712.91976,0.21255072
713.41821,0.2106063
713.91684,0.2086612
714.41563,0.20671542
714.91461,0.20476896
715.41375,0.20282182
715.91307,0.20087401
716.41257,0.19892551
716.91224,0.19697633
717.41208,0.19502647
717.9121,0.19307594
718.41229,0.19112472
718.91265,0.18917282
719.41319,0.18722025
719.91391,0.185267
720.4148,0.18331306
720.91586,0.18135845
721.41709,0.17940315
721.9185,0.17744718
722.42009,0.17549053
722.92185,0.1735332
723.42378,0.17157519
723.92589,0.1696165
724.42817,0.16765713
724.93063,0.16569708
725.43326,0.16373635
725.93606,0.16177494
726.43904,0.15981285
726.94219,0.15785008
727.44552,0.15588664
727.94902,0.15392251
728.45269,0.1519577
728.95654,0.14999222
729.46057,0.14802605
729.96476,0.14605921
730.46914,0.14409169
730.97368,0.14212348
731.4784,0.1401546
731.9833,0.13818504
732.48837,0.13621479
732.99361,0.13424387
733.49902,0.13227227
734.00462,0.13029999
734.51038,0.12832703
735.01632,0.12635339
735.52243,0.12437907
736.02872,0.12240407
736.53518,0.1204284
737.04182,0.11845204
737.54863,0.116475
738.05562,0.11449729
738.56277,0.11251889
739.07011,0.11053981
739.57762,0.10856006
740.0853,0.10657962
740.59315,0.10459851
741.10118,0.10261672
741.60939,0.10063424
742.11776,0.098651091
742.62632,0.096667259
743.13504,0.094682748
743.64394,0.092697557
744.15302,0.090711686
744.66227,0.088725136
745.17169,0.086737907
745.68129,0.084749998
746.19106,0.082761409
746.70101,0.080772141
747.21113,0.078782194
747.72142,0.076791567
748.23189,0.07480026
748.74253,0.072808274
749.25335,0.070815609
749.76434,0.068822264
750.2755,0.066828239
750.78684,0.064833535
751.29836,0.062838152
751.81005,0.060842089
752.32191,0.058845346
752.83394,0.056847924
753.34615,0.054849823
753.85854,0.052851042
754.3711,0.050851581
754.88383,0.048851441
755.39674,0.046850622
755.90982,0.044849123
756.42307,0.042846944
756.9365,0.040844086
757.45011,0.038840549
757.96388,0.036836332
758.47784,0.034831435
758.99196,0.0092964476
759.50626,-0.039768631
760.02074,-0.018246155
760.53539,-0.012410632
761.05021,-0.061477749
761.56521,-0.047800448
762.08038,-0.010594415
762.59573,0.018767801
763.11125,0.01675679
763.62694,0.014745098
764.14281,0.015005376
764.65885,0.015265741
765.17507,0.015526195
765.69146,0.015786736
766.20802,0.016047365
766.72476,0.016308082
767.24168,0.016568887
767.75876,0.01682978
768.27602,0.017090761
768.79346,0.017351829
769.31107,0.017612986
769.82886,0.01787423
770.34681,0.018135562
770.86495,0.018396983
771.38325,0.018658491
771.90173,0.018920087
772.42039,0.01918177
772.93922,0.019443542
773.45822,0.011862264
773.9774,0.019967349
774.49675,0.020229385
775.01628,0.020491508
775.53598,0.020753719
776.05585,0.021016018
776.5759,0.021278405
777.09613,0.02154088
777.61652,0.021803442
778.13709,0.022066093
778.65784,0.022328831
779.17876,0.022591658
779.69985,-0.00067483995
780.22112,-0.00041183785
780.74256,0.023380664
781.26418,0.023643842
781.78597,0.023907108
782.30794,-0.0072020879
782.83008,-0.014781784
783.35239,0.024697432
783.87488,0.024961049
784.39754,0.025224755
784.92037,0.025488548
785.44338,0.025752429
785.96657,0.026016397
786.48993,0.026280454
787.01346,0.026544599
787.53717,0.026808831
788.06105,0.011386877
788.5851,0.02733756
789.10933,0.027602056
789.63373,0.02786664
790.15831,0.028131312
790.68306,0.028396072
791.20799,0.02866092
791.73309,0.028925855
792.25836,0.029190879
792.78381,0.02945599
793.30944,0.029721189
793.83523,0.029986476
794.3612,0.030251851
794.88735,0.030517314
795.41367,0.030782865
795.94016,0.031048504
796.46683,0.03131423
796.99367,0.031580045
797.52069,0.031845947
798.04788,0.032111937
798.57525,0.032378015
799.10278,0.032644181
799.6305,0.032910435
800.15838,0.033176777
800.68645,0.033443207
801.21468,0.033709724
801.74309,0.033976329
802.27168,0.034243023
802.80043,0.034509804
803.32937,0.034419179
803.85847,-0.012730299
804.38775,0.002865291
804.91721,-0.012911698
805.44684,-0.013002442
805.97664,-0.099367726
806.50662,-0.10730167
807.03677,-0.060333677
807.5671,-0.060424541
808.0976,-0.068358571
808.62827,-0.05276322
809.15912,-0.0057953497
809.69014,0.033329354
810.22134,0.033238341
810.75271,0.033147298
811.28426,0.033056226
811.81597,0.032965123
812.34787,0.032873991
812.87994,0.032782829
813.41218,0.032691637
813.94459,0.032600416
814.47718,0.032509164
815.00995,0.032417883
815.54289,0.032326572
816.076,0.03223523
816.60929,0.03214386
817.14275,0.032052459
817.67638,0.031961028
818.21019,0.031869568
818.74418,0.031778077
819.27834,0.031686557
819.81267,0.031595007
820.34718,0.031503427
820.88186,0.031411818
821.41671,0.031320178
821.95174,0.031228509
822.48694,0.03113681
823.02232,0.031045081
823.55787,0.030953322
824.0936,0.030861533
824.6295,0.030769714
825.16557,0.030677866
825.70182,0.030585988
826.23824,0.03049408
826.77484,0.030402142
827.31161,0.030310174
827.84856,0.030218176
828.38567,0.030126149
828.92297,0.030034091
829.46044,0.029942004
829.99808,0.029849887
830.53589,0.02975774
831.07388,0.029665563
831.61205,0.029573357
832.15039,0.02948112
832.6889,0.029388854
833.22759,0.029296558
833.76645,0.029204232
834.30548,0.029111876
834.84469,0.029019491
835.38408,0.028927075
835.92363,0.02883463
836.46337,0.028742155
837.00327,0.02864965
837.54335,0.028557115
838.08361,0.02846455
838.62404,0.028371956
839.16464,0.028279331
839.70542,0.028186677
840.24637,0.028093993
840.78749,0.028001279
841.32879,0.027908535
841.87027,0.027815762
842.41192,0.027722958
842.95374,0.027630125
843.49574,0.027537262
844.03791,0.027444369
844.58025,0.027351446
845.12277,0.027258493
845.66546,0.027165511
846.20833,0.027072498
846.75137,0.026979456
847.29459,0.026886384
847.83798,0.026793282
848.38154,0.02670015
848.92528,0.026606989
849.46919,0.026513797
850.01328,0.026420576
850.55754,0.026327325
851.10198,0.026234044
851.64659,0.026140733
852.19137,0.026047392
852.73633,0.025954022
853.28146,0.025860621
853.82677,0.025767191
854.37225,0.025673731
854.9179,0.025580241
855.46373,0.025486722
856.00973,0.025393172
856.55591,0.025299593
857.10226,0.025205983
857.64879,0.025112344
858.19549,0.025018675
858.74236,0.024924976
859.28941,0.024831248
859.83663,0.024737489
860.38403,0.024643701
860.9316,0.024549883
861.47934,0.024456035
862.02726,0.024362157
862.57535,0.024268249
863.12362,0.024174312
863.67206,0.024080344
864.22068,0.023986347
864.76947,0.02389232
865.31843,0.023798263
865.86757,0.023704176
866.41688,0.023610059
866.96637,0.023515913
867.51603,0.023421737
868.06587,0.023327531
868.61588,0.023233295
869.16606,0.023139029
869.71642,0.023044733
870.26695,0.022950407
870.81765,0.022856052
871.36853,0.022761667
871.91959,0.022667252
872.47082,0.022572807
873.02222,0.022478332
873.5738,0.022383827
874.12555,0.022289293
874.67747,0.022194729
875.22957,0.022100135
875.78185,0.022005511
876.3343,0.021910857
876.88692,0.021816173
877.43971,0.02172146
877.99268,0.021626716
878.54583,0.021531943
879.09915,0.02143714
879.65264,0.021342307
880.20631,0.021247444
880.76015,0.021152552
881.31416,0.021057629
881.86835,0.020962677
882.42272,0.020867695
882.97726,0.020772683
883.53197,0.020677641
884.08686,0.020582569
884.64192,0.020487468
885.19715,0.020392337
885.75256,0.020297175
886.30814,0.020201984
886.8639,0.020106763
887.41983,0.020011513
887.97594,0.019916232
888.53222,0.019820922
889.08867,0.019725581
889.6453,0.019630211
890.2021,0.019534811
890.75908,0.019439382
891.31623,0.019343922
891.87356,0.019248432
892.43106,0.019152913
892.98873,0.019057364
893.54658,0.018961785
894.1046,0.018866176
894.6628,0.018770537
895.22117,0.018674869
895.77971,0.01857917
896.33843,-0.044261656
896.89732,-0.0835731
897.45639,-0.12288457
898.01563,-0.11513725
898.57505,0.01819199
899.13463,0.018187901
899.6944,0.010340673
900.25434,0.010336581
900.81445,0.018175625
901.37474,0.01817153
901.9352,0.018167435
902.49583,0.018163337
903.05664,0.018159239
903.61762,0.018155139
904.17878,0.018151039
904.74011,0.018146936
905.30162,0.018142833
905.8633,0.018138728
906.42515,0.018134622
906.98718,0.018130515
907.54938,0.018126406
908.11176,0.018122297
908.67431,0.018118186
909.23703,0.018114073
909.79993,0.01810996
910.36301,0.018105845
910.92625,0.018101728
911.48968,0.018097611
912.05327,0.018093492
912.61704,0.018089372
913.18099,0.018085251
913.74511,0.018081128
914.3094,0.018077005
914.87386,0.01807288
915.43851,0.018068753
916.00332,0.018064626
916.56831,0.018060497
917.13347,0.018056366
917.69881,0.018052235
918.26432,0.018048102
918.83001,0.018043968
919.39587,0.018039833
919.96191,0.018035696
920.52811,0.018031559
921.0945,0.01802742
921.66105,0.018023279
922.22779,0.018019138
922.79469,0.018014995
923.36177,0.018010851
923.92902,0.018006705
924.49645,0.018002558
925.06406,0.01799841
925.63183,0.017994261
926.19978,0.017990111
926.76791,0.017985959
927.33621,0.017981806
927.90468,0.017977651
928.47333,0.017973496
929.04215,0.017969339
929.61114,0.01796518
930.18031,0.017961021
930.74966,0.01795686
931.31918,0.017952698
931.88887,0.017948535
932.45874,0.01794437
933.02878,0.017940205
933.59899,0.017936038
934.16938,0.017931869
934.73995,0.0179277
935.31068,0.017923529
935.88159,0.017919356
936.45268,0.017915183
937.02394,0.017911008
937.59538,0.017906832
938.16698,0.017902655
938.73877,0.017898476
939.31072,0.017894297
939.88286,0.017890116
940.45516,0.017885933
941.02764,0.017881749
941.60029,0.017877565
942.17312,0.017873378
942.74612,0.017869191
943.3193,0.017865002
943.89265,0.017860812
944.46618,0.017856621
945.03987,0.017852428
945.61375,0.017848235
946.18779,0.017844039
946.76202,0.017839843
947.33641,-0.029223178
947.91098,0.017831446
948.48573,0.017827246
949.06064,0.017823045
949.63574,0.017818842
950.211,0.017814638
950.78644,0.017810433
951.36206,0.017806226
951.93785,0.017802018
952.51381,0.017797809
953.08995,0.017793599
953.66626,0.017789387
954.24275,0.017785174
954.81941,0.01778096
955.39624,0.017776745
955.97325,0.017772528
956.55043,0.01776831
957.12779,0.0099209534
957.70532,0.01775987
958.28303,0.017755648
958.8609,0.017751425
959.43896,0.017747201
960.01719,0.017742975
960.59559,0.017738748
961.17416,0.01773452
961.75291,0.017730291
962.33184,0.01772606
962.91094,0.017721828
963.49021,0.017717595
964.06966,0.01771336
964.64928,0.017709124
965.22907,0.017704887
965.80904,0.017700649
966.38919,0.017696409
966.96951,0.017692168
967.55,0.017687926
968.13067,0.017683682
968.71151,0.017679438
969.29252,0.017675192
969.87371,0.017670944
970.45507,0.017666696
971.03661,0.017662446
971.61832,0.017658195
972.20021,0.017653942
972.78227,0.017649689
973.3645,-0.052942801
973.94691,0.0097980404
974.52949,0.01763692
975.11225,0.017632661
975.69518,0.017628401
976.27829,0.01762414
976.86156,0.017619878
977.44502,0.017615614
978.02865,0.017611349
978.61245,0.017607082
979.19642,0.017602815
979.78057,0.017598546
980.3649,0.017594275
980.9494,0.017590004
981.53407,0.017585731
982.11892,0.017581457
982.70394,0.017577182
983.28913,0.017572905
983.8745,0.017568627
984.46005,0.017851721
985.04576,0.018134899
985.63166,0.01841816
986.21772,0.018701507
986.80396,-0.13787781
987.39038,-0.14543743
987.97697,-0.058879322
988.56373,0.0041494586
989.15067,-0.0034099115
989.73778,0.020403352
990.32506,0.020687287
990.91252,0.020971307
991.50016,0.021255411
992.08797,0.021539599
992.67595,0.021823872
993.2641,0.022108228
993.85244,0.022392669
994.44094,0.022677194
995.02962,0.022961804
995.61847,0.023246497
996.2075,0.023531275
996.7967,0.023816137
997.38608,0.024101083
997.97563,0.024386114
998.56535,0.024671228
999.15525,0.024956427
999.74532,0.02524171
1000.3356,0.025527077
1000.926,0.025812529
1001.5166,0.026098065
1002.1074,0.026383684
1002.6983,0.018826251
1003.2894,0.026955177
1003.8807,0.027241049
1004.4722,0.027527006
1005.0638,0.027813047
1005.6556,0.028099172
1006.2476,0.028385382
1006.8398,0.028671675
1007.4321,0.028958053
1008.0246,0.029244515
1008.6173,0.029531062
1009.2102,0.029817692
1009.8032,0.030104407
1010.3964,0.030391206
1010.9898,0.030678089
1011.5834,0.030965056
1012.1771,0.031252108
1012.771,0.031539244
1013.3651,0.031826463
1013.9593,0.032113768
1014.5538,0.032401156
1015.1484,0.032688629
1015.7431,0.025133048
1016.3381,0.033263827
1016.9332,0.033551552
1017.5285,-0.0053763248
1018.124,0.034127255
1018.7196,0.034415233
1019.3154,0.034703295
1019.9114,0.034991442
1020.5076,0.035279672
1021.1039,0.02772485
1021.7005,0.035856386
1022.2972,0.036144869
1022.894,0.036433437
1023.4911,0.036722088
1024.0883,0.037010824
1024.6857,0.037299644
1025.2832,0.037588549
1025.881,0.037877537
1026.4789,0.03816661
1027.077,0.038455767
1027.6752,0.038745008
1028.2737,0.039034333
1028.8723,0.039323743
1029.471,0.039613237
1030.07,0.039902815
1030.6691,0.040192477
1031.2684,0.040482223
1031.8679,0.040772054
1032.4676,0.041061969
1033.0674,-0.0057068556
1033.6674,-0.044632459
1034.2676,-0.020812879
1034.8679,0.018693059
1035.4684,0.0032971202
1036.0691,-0.019941871
1036.67,-0.0039650925
1037.2711,0.04338432
1037.8723,-0.066128929
1038.4737,-0.050151898
1039.0752,0.0050409044
1039.677,0.044547516
1040.2789,0.044838526
1040.881,0.04512962
1041.4833,0.045420798
1042.0857,0.04571206
1042.6883,0.046003407
1043.2911,0.030608563
1043.8941,0.046586352
1044.4972,0.046877952
1045.1005,0.047169635
1045.704,0.047461403
1046.3077,0.047753254
1046.9115,0.04804519
1047.5155,0.024807799
1048.1197,0.048629315
1048.724,0.048921504
1049.3286,0.049213777
1049.9333,0.049506134
1050.5382,0.049798575
1051.1432,0.050091101
1051.7484,0.026854299
1052.3538,0.050676404
1052.9594,0.050969183
1053.5652,0.051262045
1054.1711,0.051554992
1054.7772,-0.0030539382
1055.3835,0.0050823141
1055.9899,0.052434337
1056.5965,0.05272762
1057.2033,0.053020988
1057.8103,0.05331444
1058.4174,0.053607976
1059.0247,0.053901596
1059.6322,0.054195301
1060.2399,0.05448909
1060.8477,-0.031491547
1061.4558,0.05507692
1062.0639,0.055370961
1062.6723,0.039978813
1063.2808,0.055959297
1063.8896,0.056253591
1064.4984,0.056547969
1065.1075,0.03331302
1065.7167,-0.068353218
1066.3261,0.057431609
1066.9357,0.057726324
1067.5455,0.058021124
1068.1554,0.058316007
1068.7655,0.058610975
1069.3758,0.058906027
1069.9862,0.059201163
1070.5969,0.059496384
1071.2077,0.059791689
1071.8186,0.060087077
1072.4298,0.06038255
1073.0411,0.060678108
1073.6526,0.060973749
1074.2643,0.061269475
1074.8761,0.061565285
1075.4882,0.061861179
1076.1004,0.062157157
1076.7127,0.06245322
1077.3253,0.05490623
1077.938,0.008143637
1078.5509,0.00059681502
1079.1639,0.063638312
1079.7772,0.063934796
1080.3906,-0.014200009
1081.0042,-0.06096218
1081.6179,-0.13125368
1082.2319,-0.099584309
1082.846,0.0026733796
1083.4603,-0.036245318
1084.0747,-0.11437962
1084.6894,-0.090553048
1085.3042,0.03523439
1085.9192,0.066904265
1086.5343,0.067201675
1087.1496,0.067499169
1087.7651,0.067796747
1088.3808,0.06809441
1088.9967,-0.017882353
1089.6127,-0.025039762
1090.2289,0.069763807
1090.8453,0.070449923
1091.4618,0.071136233
1092.0786,0.048293325
1092.6954,0.072509434
1093.3125,0.073196325
1093.9298,0.011138313
1094.5472,-0.19209598
1095.1648,-0.11297713
1095.7826,-0.018171817
1096.4005,0.076633691
1097.0186,0.077321746
1097.6369,0.078009995
1098.2554,0.031639614
1098.874,0.079387074
1099.4928,0.080075905
1100.1118,0.080764929
1100.731,0.081454147
1101.3503,0.074300422
1101.9698,0.082833165
1102.5895,0.083522965
1103.2094,0.084212959
1103.8294,0.084903147
1104.4496,0.085593529
1105.07,0.086284104
1105.6905,0.086974874
1106.3113,0.087665837
1106.9322,0.088356994
1107.5532,0.089048345
1108.1745,0.08973989
1108.7959,0.019843394
1109.4175,-0.002994085
1110.0393,0.076129414
1110.6613,0.092508009
1111.2834,0.093200524
1111.9057,0.093893232
1112.5281,0.039684174
1113.1508,-0.077269789
1113.7736,-0.10010591
1114.3966,0.018234632
1115.0198,0.097359683
1115.6431,0.098053555
1116.2666,0.09874762
1116.8903,0.09944188
1117.5142,0.10013633
1118.1382,0.085144706
1118.7624,0.10152582
1119.3868,0.10222086
1120.0114,0.10291609
1120.6361,0.10361151
1121.261,0.088620852
1121.8861,0.10500294
1122.5114,0.10569894
1123.1368,0.098552003
1123.7624,0.10709153
1124.3882,0.10778812
1125.0142,0.10064176
1125.6403,0.10918187
1126.2666,0.10987904
1126.8931,0.1105764
1127.5197,0.11127396
1128.1466,0.11197171
1128.7736,0.11266965
1129.4007,0.11336779
1130.0281,0.11406612
1130.6556,0.11476465
1131.2833,0.11546337
1131.9112,0.11616228
1132.5392,0.11686139
1133.1674,0.11756069
1133.7958,0.11826018
1134.4244,0.11895987
1135.0531,0.11965975
1135.6821,0.081144144
1136.3111,0.1210601
1136.9404,0.12176056
1137.5698,0.12246122
1138.1995,0.12316207
1138.8293,0.12386312
1139.4592,0.12456436
1140.0893,0.046834422
1140.7197,-0.077954146
1141.3501,0.095296695
1141.9808,0.12737126
1142.6116,0.12807347
1143.2426,0.12877587
1143.8738,0.10594906
1144.5052,0.083122437
1145.1367,0.12304111
1145.7684,0.11590115
1146.4003,0.1322908
1147.0323,0.13299436
1147.6646,0.13369812
1148.297,0.13440208
1148.9295,0.13510623
1149.5623,0.13581057
1150.1952,0.13651511
1150.8283,0.13721984
1151.4616,0.13792476
1152.095,0.13862988
1152.7286,0.13933519
1153.3624,0.14004069
1153.9964,0.14074639
1154.6306,0.14145229
1155.2649,0.14215837
1155.8994,0.14286466
1156.534,0.14357113
1157.1689,0.1442778
1157.8039,0.14498466
1158.4391,0.14569172
1159.0744,0.14639897
1159.71,0.14710642
1160.3457,0.14781405
1160.9816,0.062247377
1161.6176,0.14922991
1162.2538,0.14993813
1162.8903,0.15064655
1163.5268,0.15135516
1164.1636,0.15206396
1164.8005,0.15277295
1165.4376,0.15348214
1166.0749,0.15419153
1166.7124,0.1549011
1167.35,0.15561087
1167.9878,0.15632084
1168.6258,0.157031
1169.2639,0.15774135
1169.9022,0.1584519
1170.5407,0.15916264
1171.1794,0.15987358
1171.8182,0.1605847
1172.4573,0.16129603
1173.0965,0.16200754
1173.7358,0.16271925
1174.3754,0.16343116
1175.0151,0.16414326
1175.655,0.16485555
1176.295,0.16556803
1176.9353,0.16628071
1177.5757,0.16699359
1178.2163,0.16770665
1178.857,0.050772858
1179.498,0.098545136
1180.1391,0.075729374
1180.7804,0.10781577
1181.4218,0.15558863
1182.0635,0.14845972
1182.7053,0.14917415
1183.3472,0.17341818
1183.9894,0.17413299
1184.6317,0.174848
1185.2742,0.1755632
1185.9169,0.17627859
1186.5598,0.17699418
1187.2028,0.17770996
1187.846,0.17842594
1188.4894,0.17914211
1189.1329,0.17985847
1189.7766,0.18057503
1190.4205,0.18129178
1191.0646,0.12710677
1191.7088,0.18272587
1192.3533,0.1834432
1192.9979,0.18416073
1193.6426,0.18487845
1194.2876,0.14638068
1194.9327,0.18631447
1195.578,0.18703277
1196.2234,0.18775127
1196.8691,0.18846996
1197.5149,0.18918885
1198.1609,0.18990792
1198.807,0.1906272
1199.4534,0.19134666
1200.0999,0.12932123
1200.7466,0.10651167
1201.3934,0.19350623
1202.0405,0.18638333
1202.6877,0.18710377
1203.335,0.1878244
1203.9826,0.1414864
1204.6303,0.16573682
1205.2782,0.1586149
1205.9263,0.088748069
1206.5746,0.19927359
1207.223,0.19215225
1207.8716,0.16150168
1208.5204,0.19359641
1209.1693,0.20216193
1209.8184,0.20288449
1210.4677,0.20360726
1211.1172,0.20433021
1211.7668,0.20505336
1212.4167,0.20577671
1213.0667,0.20650025
1213.7168,0.20722398
1214.3672,0.2079479
1215.0177,0.20867202
1215.6684,0.20939634
1216.3192,0.13953261
1216.9703,0.21084555
1217.6215,0.21157044
1218.2729,0.12602102
1218.9244,0.1267463
1219.5762,0.080412957
1220.2281,-0.083567254
1220.8802,0.0034331207
1221.5324,0.13749251
1222.1849,0.208807
1222.8375,0.21737658
1223.4902,0.21810323
1224.1432,0.21098692
1224.7963,0.21955709
1225.4496,0.22028431
1226.1031,0.22101173
1226.7568,0.22173934
1227.4106,0.22246714
1228.0646,0.22319514
1228.7188,0.17686451
1229.3731,0.14622034
1230.0276,0.20185088
1230.6823,0.22610907
1231.3372,0.18762235
1231.9922,0.21972406
1232.6475,0.1341789
1233.3029,0.11137904
1233.9584,0.14348133
1234.6142,0.17558382
1235.2701,0.23121591
1235.9262,0.14567172
1236.5824,0.18561793
1237.2389,0.23340747
1237.8955,0.23413837
1238.5523,0.23486947
1239.2092,0.055208609
1239.8664,0.2049597
1240.5237,0.23706394
1241.1812,0.23779581
1241.8388,0.22284161
1242.4967,0.18435818
1243.1547,0.13803182
1243.8128,0.11523506
1244.4712,0.16302673
1245.1297,0.14023035
1245.7884,0.14880672
1246.4473,0.024049954
1247.1064,0.09537181
1247.7656,0.22943896
1248.425,0.14389846
1249.0846,0.10541697
1249.7443,0.13752392
1250.4042,0.16178792
1251.0643,0.12330702
1251.7246,0.17894396
1252.385,0.25026736
1253.0457,0.25100273
1253.7064,0.25173829
1254.3674,0.25247404
1255.0286,0.25320999
1255.6899,0.22257358
1256.3514,0.18409423
1257.013,0.20051704
1257.6749,0.2090969
1258.3369,0.2490495
1258.9991,0.25762975
1259.6614,0.25836705
1260.324,0.15714377
1260.9867,0.25984224
1261.6496,0.23705072
1262.3126,0.26131821
1262.9758,0.23852707
1263.6392,0.090245934
1264.3028,0.22431793
1264.9666,0.23289992
1265.6305,0.18658015
1266.2946,0.21869194
1266.9589,0.17237256
1267.6233,0.031935717
1268.288,0.16600888
1268.9528,0.25302341
1269.6177,0.073371462
1270.2829,0.058425594
1270.9482,0.035636784
1271.6137,0.036377579
1272.2794,0.1077068
1272.9452,0.15550681
1273.6112,0.18762073
1274.2774,0.13346034
1274.9438,-0.046190048
1275.6103,-0.068977501
1276.2771,0.010196024
1276.9439,0.11289915
1277.611,0.15285738
1278.2783,0.22418835
1278.9457,0.19355873
1279.6132,0.13939989
1280.281,0.085241244
1280.9489,0.12520044
1281.6171,0.071042183
1282.2853,0.28355079
1282.9538,0.28429488
1283.6224,0.28503916
1284.2912,0.08970521
1284.9602,0.28652831
1285.6294,0.27943004
1286.2987,0.20174373
1286.9682,0.18680271
1287.6379,0.17970502
1288.3077,0.18045067
1288.9778,0.19688278
1289.648,0.22115822
1290.3183,0.11210052
1290.9889,0.034415567
1291.6596,0.2077112
1292.3305,0.10649722
1293.0016,0.11508736
1293.6728,0.076618864
1294.3442,0.1714839
1295.0158,0.15654521
1295.6876,0.031802785
1296.3595,0.095295852
1297.0316,0.15094598
1297.7039,0.16738061
1298.3764,0.21518798
1299.049,0.30221124
1299.7218,0.30296018
1300.3948,0.13900343
1301.068,0.20249785
1301.7413,0.23461992
1302.4148,0.29027159
1303.0885,0.26749209
1303.7624,0.25255592
1304.4364,0.10428661
1305.1106,0.30895866
1305.785,0.30970935
1306.4595,0.29477395
1307.1343,0.091603455
1307.8092,0.053139034
1308.4843,0.085263042
1309.1595,0.21934803
1309.8349,0.071080268
1310.5105,-0.022285338
1311.1863,-0.021533103
1311.8622,0.034121286
1312.5384,0.16036411
1313.2147,0.16896006
1313.8911,-0.034208499
1314.5678,-0.13541608
1315.2446,-0.056231308
1315.9216,-0.17312477
1316.5988,0.094295678
1317.2761,0.22053985
1317.9536,0.32325481
1318.6313,-0.12304964
1319.3092,-0.090922532
1319.9872,0.0039498702
1320.6654,0.043920506
1321.3438,-0.025912586
1322.0224,0.15523491
1322.7011,0.29716691
1323.38,0.20380499
1324.0591,0.071227574
1324.7384,0.032768
1325.4178,0.16685764
1326.0974,0.19898669
1326.7772,0.11346887
1327.4571,-0.066166394
1328.1372,-0.33991912
1328.8176,-0.13524027
1329.498,-0.11095339
1330.1787,-0.00039180263
1330.8595,0.12585625
1331.5405,-0.16358178
1332.2217,-0.013803922
1332.903,0.1292954
1333.5845,0.068473647
1334.2662,-0.078622126
1334.9481,-0.1394429
1335.6302,0.082089765
1336.3124,0.036956252
1336.9948,-0.09445128
1337.6773,0.040808346
1338.3601,-0.012166829
1339.043,0.13093692
1339.7261,-0.031841197
1340.4093,0.079890984
1341.0928,-0.10641556
1341.7764,0.099435253
1342.4602,0.10136499
1343.1441,0.11113835
1343.8283,0.29346122
1344.5126,0.31107871
1345.1971,0.21104962
1345.8817,0.22082495
1346.5666,0.26981646
1347.2516,0.2011614
1347.9367,0.19525193
1348.6221,0.18934295
1349.3076,0.29323839
1349.9933,0.38929118
1350.6792,0.3049523
1351.3652,0.39316293
1352.0515,0.39509955
1352.7379,0.39703666
1353.4244,0.37544485
1354.1112,0.23620647
1354.7981,0.2067725
1355.4852,0.08322138
1356.1725,0.17927859
1356.8599,0.36945394
1357.5475,0.17531606
1358.2353,0.12235514
1358.9233,0.085080988
1359.6114,0.1262387
1360.2998,0.096808665
1360.9882,-0.26987578
1361.6769,-0.40910875
1362.3657,-0.16402751
1363.0548,0.20654443
1363.7439,0.3339796
1364.4333,0.18690545
1365.1228,0.25159651
1365.8125,0.42609198
1366.5024,0.23980362
1367.1925,0.069202034
1367.8827,0.18879702
1368.5731,0.31623563
1369.2637,0.20053747
1369.9545,0.15542805
1370.6454,-0.046543632
1371.3365,0.018151847
1372.0278,0.012259582
1372.7192,0.045583495
1373.4108,0.13380986
1374.1026,0.25340927
1374.7946,0.14555818
1375.4868,0.10829583
1376.1791,0.11024965
1376.8716,-0.028972507
1377.5642,0.29455093
1378.2571,0.1867023
1378.9501,0.26708946
1379.6433,0.20630064
1380.3367,0.20041428
1381.0302,0.14746958
1381.7239,0.031780275
1382.4178,-0.17018305
1383.1119,-0.11332235
1383.8061,0.076872174
1384.5005,0.078831895
1385.1951,-0.013325539
1385.8899,0.043537126
1386.5848,-0.087835012
1387.2799,-0.085873325
1387.9752,-0.052538597
1388.6706,-0.058419064
1389.3663,0.084720569
1390.0621,0.27491952
1390.7581,0.13570719
1391.4542,0.23178947
1392.1505,0.24159774
1392.847,0.25924963
1393.5437,0.31611771
1394.2406,0.31808431
1394.9376,0.40632591
1395.6348,0.40045036
1396.3322,0.1200655
1397.0297,0.004387011
1397.7274,0.061258033
1398.4253,0.11028641
1399.1234,0.073040767
1399.8216,0.34167797
1400.5201,0.38286468
1401.2187,0.12601267
1401.9174,0.026023899
1402.6164,0.05936895
1403.3155,0.10055763
1404.0148,0.18880562
1404.7142,0.041759994
1405.4139,-0.034696911
1406.1137,0.02218001
1406.8137,0.10258683
1407.5138,0.018288268
1408.2142,0.29477451
1408.9147,0.39871222
1409.6153,0.41637591
1410.3162,0.48894205
1411.0172,0.13797928
1411.7184,0.23407582
1412.4198,0.11840814
1413.1214,0.23019194
1413.8231,0.22432917
1414.525,0.077290423
1415.2271,0.087114911
1415.9293,0.13615558
1416.6318,0.20872615
1417.3344,0.17933642
1418.0371,-0.061817516
1418.7401,-0.051990571
1419.4432,0.23234667
1420.1465,0.18727264
1420.85,0.18141478
1421.5536,0.09712605
1422.2574,0.138328
1422.9614,-0.0087048474
1423.6656,-0.08514897
1424.3699,-0.25571025
1425.0744,-0.15176123
1425.7791,-0.28310584
1426.484,-0.37523427
1427.189,-0.54579358
1427.8942,-0.48105829
1428.5996,-0.024165636
1429.3052,-0.20256661
1430.0109,-0.14567298
1430.7168,-0.1828965
1431.4229,0.18772361
1432.1292,0.30736382
1432.8356,0.14465158
1433.5422,0.18586139
1434.249,0.046679548
1434.9559,-0.10034495
1435.6631,-0.012074829
1436.3704,0.013450681
1437.0778,0.070349231
1437.7855,-0.060987021
1438.4933,0.097873297
1439.2013,0.27242038
1439.9095,0.0077522703
1440.6178,0.2372023
1441.3263,0.18429988
1442.035,0.1000254
1442.7439,-0.023464276
1443.4529,-0.013620125
1444.1622,0.12955785
1444.8716,0.013912789
1445.5811,0.32179763
1446.2909,0.18262414
1447.0008,0.066980554
1447.7109,0.20231785
1448.4211,0.22000858
1449.1316,0.21417039
1449.8422,0.12990132
1450.553,0.26524058
1451.2639,0.15744308
1451.9751,-0.37388334
1452.6864,-0.32481711
1453.3978,-0.16594647
1454.1095,0.25174819
1454.8213,0.52826687
1455.5333,0.48321742
1456.2455,0.46169787
1456.9579,0.40096313
1457.6704,0.29317005
1458.3831,0.23243629
1459.096,0.1873893
1459.809,0.016852597
1460.5222,0.081610507
1461.2356,0.11499636
1461.9492,0.046421919
1462.663,0.024906794
1463.3769,0.089666671
1464.091,0.22501527
1464.8052,0.093697702
1465.5197,-0.014089967
1466.2343,-0.18462224
1466.9491,-0.20613442
1467.6641,-0.61195983
1468.3792,-0.47660827
1469.0945,-0.4824327
1469.81,-0.61374683
1470.5257,-0.28231537
1471.2415,0.15107736
1471.9575,0.13741176
1472.6737,-0.025615687
1473.3901,0.17998472
1474.1066,0.35421299
1474.8233,0.33236323
1475.5402,0.10659232
1476.2572,-0.0015311333
1476.9745,0.07858112
1477.6919,0.19006633
1478.4095,0.27802254
1479.1272,0.22480268
1479.8451,0.19511265
1480.5632,0.23601125
1481.2815,-0.036815221
1482,0.1295744
1482.7186,0.15478796
1483.4374,0.30549212
1484.1564,0.29149081
1484.8755,0.28533304
1485.5948,0.1144698
1486.3143,0.22595991
1487.034,0.20411709
1487.7538,0.17443155
1488.4739,0.17611896
1489.194,0.17780678
1489.9144,0.3049852
1490.6349,0.52628168
1491.3557,0.15934328
1492.0765,-0.0036731506
1492.7976,0.045075534
1493.5188,0.18794227
1494.2403,0.048456482
1494.9618,0.1834809
1495.6836,-0.026592311
1496.4055,-0.17392002
1497.1276,0.22777229
1497.8499,0.088288543
1498.5724,-0.10609676
1499.295,0.16226344
1500.0178,0.49336915
1500.7408,0.53427919
1501.4639,0.41048375
1502.1873,0.40433578
1502.9108,0.57073724
1503.6345,0.54890381
1504.3583,0.38589432
1505.0823,0.22288524
1505.8065,0.28732755
1506.5309,0.4851036
1507.2554,0.23582123
1507.9802,0.2453628
1508.7051,-0.14509522
1509.4301,-0.24535675
1510.1554,-0.031892385
1510.8808,-0.16352565
1511.6064,-0.35006047
1512.3321,-0.17581057
1513.0581,-0.087834766
1513.7842,0.062886541
1514.5105,-0.13933292
1515.2369,0.19178136
1515.9636,0.36603331
1516.6904,0.41479546
1517.4174,0.63610705
1518.1445,0.81820335
1518.8719,0.4591236
1519.5994,0.60984817
1520.3271,0.61155354
1521.0549,0.29953383
1521.7829,0.26202434
1522.5111,0.32647604
1523.2395,0.24975167
1523.9681,0.22008654
1524.6968,0.19826495
1525.4257,0.12938494
1526.1548,-0.1591025
1526.884,-0.21229541
1527.6135,-0.22627223
1528.3431,-0.13828785
1529.0728,0.19283418
1529.8028,0.061211532
1530.5329,0.15704027
1531.2632,0.26855569
1531.9937,0.38791465
1532.7243,0.34256814
1533.4551,0.16388871
1534.1861,0.35383713
1534.9173,0.12025655
1535.6486,0.21608814
1536.3801,0.43741034
1537.1118,0.29794863
1537.8437,0.27613439
1538.5757,0.17588919
1539.3079,0.083487529
1540.0403,0.17932157
1540.7729,0.20456779
1541.5056,0.22197128
1542.2385,0.12957125
1542.9716,0.43717163
1543.7048,0.22712536
1544.4383,0.079824599
1545.1719,0.21487719
1545.9057,0.56169489
1546.6396,0.85361103
1547.3737,0.86317465
1548.108,0.81783671
1548.8425,0.85093056
1549.5772,0.7977503
1550.312,0.42300182
1551.047,-0.21056978
1551.7822,0.081349229
1552.5175,-0.026731357
1553.253,0.061266896
1553.9887,-0.28995013
1554.7246,0.080401883
1555.4606,-0.2865006
1556.1968,-0.1122262
1556.9332,-0.11834356
1557.6698,-0.10093109
1558.4065,-0.036459388
1559.1434,-0.011202966
1559.8805,-0.17418143
1560.6178,0.086369925
1561.3552,0.095941296
1562.0928,0.027081704
1562.8306,0.13077154
1563.5686,0.4070108
1564.3067,0.45579949
1565.045,0.21439251
1565.7835,0.17690751
1566.5222,0.1158935
1567.261,0.10978187
1568,0.056611815
1568.7392,0.22305001
1569.4785,0.20125333
1570.2181,0.19514332
1570.9578,0.36942588
1571.6976,0.25351277
1572.4377,0.37289419
1573.1779,0.42168778
1573.9183,0.50969746
1574.6589,0.61339383
1575.3996,0.48963963
1576.1405,0.37372897
1576.8816,0.3597795
1577.6229,0.49485005
1578.3643,0.41031316
1579.106,0.2238159
1579.8478,0.0059464942
1580.5897,0.37631279
1581.3319,0.22903244
1582.0742,0.37979171
1582.8167,0.38937492
1583.5593,0.43817423
1584.3022,-0.054202529
1585.0452,-0.11520633
1585.7883,0.32575106
1586.5317,0.374552
1587.2752,0.25080433
1588.0189,0.17411588
1588.7628,0.21507491
1589.5069,0.2481912
1590.2511,0.31268046
1590.9955,0.51834659
1591.7401,0.90440529
1592.4848,0.96889576
1593.2298,0.68044547
1593.9749,0.77630932
1594.7201,0.88001671
1595.4656,0.66999901
1596.2112,0.67174643
1596.957,0.60290603
1597.703,0.43210525
1598.4491,0.30052056
1599.1955,0.28658334
1599.9419,0.29617594
1600.6886,0.26655326
1601.4355,0.087911378
1602.1825,0.29358363
1602.9297,0.036511199
1603.677,-0.016639259
1604.4246,-0.10900499
1605.1723,0.026080658
1605.9202,-0.21530387
1606.6682,0.013900248
1607.4165,-0.054934443
1608.1649,-0.0061216675
1608.9135,0.16033858
1609.6622,0.49934825
1610.4112,0.35992695
1611.1603,0.57344724
1611.9095,0.39481108
1612.659,0.40441062
1613.4086,0.18655959
1614.1584,0.19615994
1614.9084,0.29987835
1615.6586,0.027126584
1616.4089,0.27202228
1617.1594,0.10907525
1617.9101,0.18926588
1618.6609,0.21455496
1619.4119,-0.089567316
1620.1631,0.1082716
1620.9145,0.60415014
1621.666,0.48826438
1622.4178,0.64688883
1623.1697,0.38198428
1623.9217,0.41511936
1624.674,0.45609798
1625.4264,0.3480574
1626.179,0.49884076
1626.9317,0.23393825
1627.6847,0.36903615
1628.4378,0.34727171
1629.1911,0.49021356
1629.9445,0.31943033
1630.6982,0.30551026
1631.452,0.42492392
1632.206,0.64629878
1632.9601,0.53041915
1633.7145,0.23414776
1634.469,0.64375914
1635.2237,0.52788073
1635.9785,0.45906155
1636.7335,0.80592906
1637.4887,1.0508362
1638.2441,1.1075084
1638.9997,1.1249654
1639.7554,1.1267365
1640.5113,1.0265472
1641.2674,0.80086814
1642.0236,0.64577772
1642.78,0.45931516
1643.5366,0.48461771
1644.2934,0.4314893
1645.0504,0.23718482
1645.8075,0.38013565
1646.5648,-0.080834672
1647.3222,-0.26729479
1648.0799,-0.23414665
1648.8377,-0.51472359
1649.5957,-0.36392758
1650.3538,-0.0092095917
1651.1122,-0.19566766
1651.8707,-0.076242976
1652.6294,-0.16858259
1653.3882,0.1782939
1654.1473,0.42321001
1654.9065,0.44851868
1655.6659,0.59931796
1656.4254,0.77364706
1657.1852,0.57953969
1657.9451,0.071714474
1658.7052,-0.15375015
1659.4654,0.28745953
1660.2258,-0.14975452
1660.9864,0.095392025
1661.7472,0.23074229
1662.5082,0.11511981
1663.2693,0.2583285
1664.0306,0.30742719
1664.7921,-0.16895667
1665.5537,0.39780436
1666.3155,0.61163187
1667.0775,0.82546702
1667.8397,1.0785255
1668.6021,1.2139446
1669.3646,1.3101556
1670.1273,1.1475507
1670.8901,0.83593392
1671.6532,1.1282463
1672.4164,1.2558605
1673.1798,1.0462274
1673.9434,1.1189549
1674.7071,1.0112978
1675.471,1.0291386
1676.2351,1.0156146
1676.9994,1.0020981
1677.7638,1.3493736
1678.5284,1.2731274
1679.2932,1.5576731
1680.0581,1.4971284
1680.8233,1.2718855
1681.5886,1.2113561
1682.3541,1.5273049
1683.1197,1.7413006
1683.8855,2.2298137
1684.6515,2.1222561
1685.4177,2.2421571
1686.1841,2.0797128
1686.9506,1.8153153
1687.7173,1.8568078
1688.4842,1.9296806
1689.2512,1.7280512
1690.0184,1.7460372
1690.7858,1.6071682
1691.5534,1.4526205
1692.3212,1.4706295
1693.0891,1.5200187
1693.8572,1.6635332
1694.6254,1.5168593
1695.3939,1.4172518
1696.1625,1.8431422
1696.9313,1.8376676
1697.7002,1.6910242
1698.4694,2.030663
1699.2387,2.0095252
1700.0082,1.8942773
1700.7778,2.5162919
1701.5477,2.0716476
1702.3177,2.2936775
1703.0879,2.3196367
1703.8582,2.2985447
1704.6288,2.1205976
1705.3995,2.0681483
1706.1704,2.3608047
1706.9414,2.2848413
1707.7126,2.0755522
1708.484,2.1094081
1709.2556,2.1432715
1710.0274,2.2791034
1710.7993,2.360041
1711.5714,2.7076529
1712.3437,2.859194
1713.1161,2.6578016
1713.8887,2.8564168
1714.6615,3.0864122
1715.4345,2.9164152
1716.2076,3.1464259
1716.981,3.1489933
1717.7545,3.1280389
1718.5281,2.9659157
1719.302,2.686153
1720.076,2.8848294
1720.8502,2.887435
1721.6245,2.8900482
1722.3991,3.0103162
1723.1738,3.3109839
1723.9487,3.2744044
1724.7237,2.8535188
1725.499,2.7149938
1726.2744,3.125496
1727.05,3.3948294
1727.8257,3.3896607
1728.6017,3.4472447
1729.3778,3.8577775
1730.154,4.1114552
1730.9305,4.2396504
1731.7071,4.1247159
1732.4839,3.9235146
1733.2609,3.8321249
1734.0381,3.6074095
1734.8154,3.6964272
1735.5929,3.8011388
1736.3706,3.5058581
1737.1484,3.1164673
1737.9264,3.0800254
1738.7046,3.1847676
1739.483,3.3836351
1740.2615,3.3158436
1741.0403,3.4127656
1741.8191,3.6273423
1742.5982,3.4419267
1743.3775,3.3584795
1744.1569,3.565236
1744.9365,3.654353
1745.7162,3.696419
1746.4962,4.1463357
1747.2763,3.6707698
1748.0566,3.7677606
1748.837,4.1863277
1749.6177,3.9382357
1750.3985,3.5881907
1751.1795,3.7244277
1751.9606,3.8606724
1752.7419,4.1537876
1753.5234,3.8822044
1754.3051,3.6969035
1755.087,3.6057278
1755.869,3.9537754
1756.6512,4.4037915
1757.4336,4.383227
1758.2161,4.3077682
1758.9989,4.4597679
1759.7818,4.5411872
1760.5648,4.7716336
1761.3481,4.7275779
1762.1315,4.6756867
1762.9151,4.7179208
1763.6989,4.8699665
1764.4828,4.6298629
1765.2669,4.3348651
1766.0512,4.3614435
1766.8357,4.8115589
1767.6203,4.8930546
1768.4052,4.8412246
1769.1901,4.7894022
1769.9753,4.7297443
1770.7606,5.2740156
1771.5462,4.8300593
1772.3318,4.519444
1773.1177,4.5853069
1773.9037,5.2786284
1774.6899,5.3994085
1775.4763,5.6456865
1776.2629,5.7037368
1777.0496,5.5970889
1777.8365,5.5610369
1778.6236,5.3132278
1779.4109,5.7164068
1780.1983,5.6019463
1780.9859,5.2914151
1781.7737,5.1848131
1782.5616,4.9997873
1783.3497,5.3010437
1784.138,5.4846607
1784.9265,5.4173049
1785.7152,5.1381921
1786.504,5.1022242
1787.293,5.4505776
1788.0822,5.4538407
1788.8715,5.5590721
1789.661,5.7192132
1790.4507,5.9185776
1791.2406,5.9767732
1792.0306,5.9879176
1792.8208,5.732403
1793.6112,6.1121902
1794.4018,6.2174752
1795.1925,5.9855129
1795.9834,5.7692446
1796.7745,5.9686701
1797.5658,5.8386916
1798.3572,5.724407
1799.1488,5.3042476
1799.9406,5.7076254
1800.7326,5.6247362
1801.5247,5.7771488
1802.317,6.2040789
1803.1095,6.1839578
1803.9021,5.9363934
1804.695,6.2535424
1805.488,6.5236403
1806.2811,6.5898243
1807.0745,6.4599375
1807.868,6.4006466
1808.6617,6.2864614
1809.4556,6.3997347
1810.2496,6.7247805
1811.0439,6.5635593
1811.8383,6.6062674
1812.6328,6.3666302
1813.4276,6.2995497
1814.2225,6.6873787
1815.0176,7.2634507
1815.8128,7.4395304
1816.6083,7.0430686
1817.4039,6.7485753
1818.1997,7.0736975
1818.9957,7.1478469
1819.7918,7.1435726
1820.5881,7.3902864
1821.3846,7.535047
1822.1813,7.781776
1822.9781,7.7304735
1823.7751,7.4125119
1824.5723,7.2592639
1825.3696,7.2158274
1826.1672,7.2273006
1826.9649,7.0583892
1827.7628,6.6777208
1828.5608,6.5088247
1829.359,6.6928775
1830.1574,6.6181143
1830.956,6.5825745
1831.7548,7.2450815
1832.5537,6.9899492
1833.3528,7.2603147
1834.1521,7.1542172
1834.9515,7.3461666
1835.7511,7.4753785
1836.5509,7.4242059
1837.3509,7.8200998
1838.151,7.5336484
1838.9514,7.0981851
1839.7519,7.2901803
1840.5525,7.7566931
1841.3534,7.3055664
1842.1544,7.0975845
1842.9556,6.6229437
1843.7569,6.916938
1844.5585,7.0697634
1845.3602,7.536322
1846.1621,7.2107314
1846.9641,7.2694621
1847.7664,7.8929064
1848.5688,7.6771426
1849.3713,7.1868767
1850.1741,7.4966184
1850.977,7.9240148
1851.7801,8.0533796
1852.5834,8.2376541
1853.3869,8.0219361
1854.1905,7.9552455
1854.9943,7.6297389
1855.7983,7.931691
1856.6024,8.421886
1857.4068,8.1042456
1858.2113,7.684652
1859.0159,7.610164
1859.8208,7.9278406
1860.6258,8.0886621
1861.431,8.1710598
1862.2364,7.8848378
1863.0419,8.0770548
1863.8476,8.018299
1864.6535,8.0615116
1865.4596,8.222379
1866.2658,8.7989402
1867.0722,9.1559013
1867.8788,8.9246347
1868.6856,8.9600425
1869.4925,8.7052618
1870.2996,8.3563711
1871.1069,8.4545468
1871.9144,8.4115538
1872.722,8.5724899
1873.5298,8.4510808
1874.3378,8.1257577
1875.146,8.1533835
1875.9543,8.5653306
1876.7628,8.6949324
1877.5715,8.5970909
1878.3803,7.9423943
1879.1894,8.1739799
1879.9986,8.6800829
1880.8079,7.8920759
1881.6175,7.8648608
1882.4272,8.4651044
1883.2371,8.1555517
1884.0472,8.3636537
1884.8574,7.9992143
1885.6679,7.9877238
1886.4785,7.6076134
1887.2892,7.9961382
1888.1002,8.6434941
1888.9113,8.679093
1889.7226,8.2205818
1890.534,7.628745
1891.3457,8.1114256
1892.1575,8.3823491
1892.9695,8.5983784
1893.7816,8.8693172
1894.594,8.1520284
1895.4065,8.6112178
1896.2192,9.1566894
1897.032,9.3884432
1897.8451,9.1653026
1898.6583,8.6362873
1899.4717,8.985711
1900.2852,8.9037698
1901.099,8.3041893
1901.9129,8.4497144
1902.7269,8.4383844
1903.5412,8.8584345
1904.3556,8.3294728
1905.1702,8.4044402
1905.985,8.6598075
1906.7999,8.3661627
1907.6151,7.9156629
1908.4304,8.453406
1909.2458,9.1872352
1910.0615,8.603425
1910.8773,7.9568773
1911.6933,9.1613177
1912.5095,9.9971383
1913.3258,9.6957116
1914.1423,9.6688023
1914.959,9.9085674
1915.7759,9.7561832
1916.5929,9.8312577
1917.4102,9.2239868
1918.2275,8.9853511
1919.0451,9.2173113
1919.8628,9.5433967
1920.6808,9.19498
1921.4988,8.6504925
1922.3171,9.0001303
1923.1355,8.4085992
1923.9541,8.6092327
1924.7729,8.6686973
1925.5919,8.1869932
1926.411,8.2621594
1927.2303,9.1530195
1928.0498,9.2438873
1928.8694,9.5073117
1929.6893,8.8530967
1930.5093,8.7714384
1931.3294,8.987827
1932.1498,9.0630467
1932.9703,9.0833721
1933.791,8.6880189
1934.6119,8.6534576
1935.4329,9.2071393
1936.2542,8.6863188
1937.0756,8.5262903
1937.8971,8.9466615
1938.7189,8.6611581
1939.5408,8.5168388
1940.3629,8.7333114
1941.1851,9.8909682
1942.0076,9.8015738
1942.8302,9.5945399
1943.653,9.5208471
1944.476,9.055005
1945.2991,9.0754451
1946.1224,9.2527556
1946.9459,9.1555639
1947.7695,8.8701445
1948.5934,7.9180662
1949.4174,8.2757994
1950.2416,8.8845206
1951.0659,8.8501122
1951.8905,9.0353194
1952.7152,8.5068086
1953.54,8.8253644
1954.3651,9.0811827
1955.1903,9.6742635
1956.0157,9.2320579
1956.8413,9.2290756
1957.667,9.9476695
1958.493,10.234899
1959.3191,10.224096
1960.1453,10.330948
1960.9718,10.390749
1961.7984,9.7289894
1962.6252,9.0437076
1963.4522,9.2760806
1964.2793,9.0143436
1965.1066,8.8859475
1965.9341,8.9301081
1966.7618,9.8134921
1967.5896,9.4733543
1968.4176,9.0783221
1969.2458,8.6754545
1970.0742,8.0765161
1970.9027,8.7560167
1971.7314,9.325721
1972.5603,8.4522957
1973.3894,7.8141722
1974.2186,8.1250759
1975.048,8.9301049
1975.8776,8.7625926
1976.7074,8.6499898
1977.5373,8.0275908
1978.3674,8.3228465
1979.1977,8.2337961
1980.0281,8.6074984
1980.8588,8.2596398
1981.6896,7.7392398
1982.5205,7.8619847
1983.3517,8.5180705
1984.183,8.3192621
1985.0145,9.2655593
1985.8462,8.6902956
1986.678,8.601314
1987.51,9.0770459
1988.3422,9.6233737
1989.1746,9.7226503
1990.0072,9.0297777
1990.8399,8.5486775
1991.6728,8.1930751
1992.5058,8.6845392
1993.3391,8.3054227
1994.1725,8.0125883
1995.0061,8.5354479
1995.8398,8.4779229
1996.6738,8.2556997
1997.5079,8.425641
1998.3422,8.7132371
1999.1766,8.6400564
2000.0113,7.6962952
2000.8461,8.5799926
2001.6811,8.3656584
2002.5162,7.7278024
2003.3515,8.5487776
2004.187,8.7030938
2005.0227,9.618202
2005.8586,9.9764551
2006.6946,9.7151079
2007.5308,9.4694547
2008.3672,8.7453778
2009.2037,8.7899359
2010.0404,9.1560703
2010.8773,8.8633889
2011.7144,9.8962052
2012.5517,9.6270685
2013.3891,8.5814688
2014.2267,7.9045042
2015.0644,7.1961747
2015.9024,7.4917744
2016.7405,7.2462052
2017.5788,7.3614281
2018.4173,6.4413644
2019.2559,6.1487594
2020.0947,6.8051816
2020.9337,7.0772978
2021.7729,6.9964804
2022.6122,7.6293962
2023.4517,6.9760451
2024.2914,7.5148585
2025.1313,7.7556403
2025.9713,6.8513318
2026.8115,6.9587956
2027.6519,6.7996003
2028.4924,7.0247265
2029.3332,6.9831936
2030.1741,7.3495115
2031.0152,7.5276017
2031.8564,8.0978565
2032.6978,8.0563542
2033.5394,8.4148595
2034.3812,8.8831764
2035.2232,9.5632657
2036.0653,9.6708136
2036.9076,9.260722
2037.7501,8.3016185
2038.5927,7.8523266
2039.4355,8.069709
2040.2785,7.7851382
2041.1217,8.0103791
2041.965,7.6787648
2042.8085,8.4608836
2043.6522,7.8469317
2044.4961,7.6957325
2045.3401,7.3719919
2046.1844,7.27571
2047.0287,7.4147298
2047.8733,7.7576788
2048.718,8.0222041
2049.5629,7.4475214
2050.408,8.2924541
2051.2533,8.4315122
2052.0987,9.1117543
2052.9443,8.3331806
2053.7901,8.9036341
2054.6361,8.1564482
2055.4822,8.036721
2056.3285,8.5758249
2057.175,8.5267011
2058.0216,8.4618988
2058.8685,7.7539668
2059.7155,7.2734934
2060.5626,7.8518512
2061.41,6.4772755
2062.2575,5.9654526
2063.1052,6.1673627
2063.9531,7.2084962
2064.8011,7.3476766
2065.6493,6.8672568
2066.4977,5.5162563
2067.3463,5.7025184
2068.195,6.9554549
2069.044,6.3731048
2069.8931,5.7593899
2070.7423,6.5496041
2071.5918,6.8849241
2072.4414,6.5378988
2073.2912,6.8575477
2074.1411,6.7928906
2074.9913,6.0223588
2075.8416,6.6165405
2076.6921,6.418573
2077.5427,6.1500249
2078.3935,6.1324648
2079.2446,6.7658928
2080.0957,6.6385441
2080.9471,6.3778697
2081.7986,6.2270069
2082.6503,6.3036027
2083.5022,7.2507943
2084.3543,6.6842682
2085.2065,5.8197104
2086.0589,5.8963368
2086.9115,5.8239513
2087.7642,5.6103968
2088.6171,4.7301834
2089.4702,4.6421345
2090.3235,5.4874266
2091.1769,5.4542949
2092.0306,5.0682297
2092.8844,4.8547212
2093.7383,5.9353379
2094.5925,5.9414525
2095.4468,5.790712
2096.3013,6.5419399
2097.1559,6.9010186
2098.0108,6.5306932
2098.8658,6.6388068
2099.721,6.7704575
2100.5763,5.6236844
2101.4319,5.6690759
2102.2876,5.1340828
2103.1435,5.0696856
2103.9995,5.1386294
2104.8558,4.2585612
2105.7122,4.6255595
2106.5688,5.2200164
2107.4255,5.5713438
2108.2824,6.1344434
2109.1395,5.0897076
2109.9968,4.993999
2110.8543,5.1728079
2111.7119,5.6575067
2112.5697,5.5069191
2113.4277,5.0190843
2114.2858,4.9469433
2115.1441,4.2081434
2116.0026,3.9477824
2116.8613,5.1148801
2117.7202,4.9800246
2118.5792,4.4059611
2119.4384,4.3573955
2120.2977,4.4343277
2121.1573,4.2132283
2122.017,3.9921365
2122.8769,4.547523
2123.737,2.2872309
2124.5972,3.4151817
2125.4576,4.4098068
2126.3182,4.5652238
2127.179,3.7088838
2128.0399,3.1035319
2128.901,3.7923052
2129.7623,3.4222627
2130.6238,4.0561493
2131.4854,4.3920044
2132.3472,4.1788476
2133.2092,3.032365
2134.0713,3.2976548
2134.9337,4.010011
2135.7962,2.6204142
2136.6588,1.7955308
2137.5217,3.6137924
2138.3847,3.5653949
2139.2479,2.8817109
2140.1113,2.4882307
2140.9748,1.9771111
2141.8386,2.4463912
2142.7025,3.1509732
2143.5665,3.3065431
2144.4308,2.7876109
2145.2952,2.4255491
2146.1598,3.0203577
2147.0246,2.0465465
2147.8895,2.1158802
2148.7546,2.4675745
2149.6199,1.9094724
2150.4854,1.7905938
2151.351,2.142311
2152.2168,2.564624
2153.0828,3.2379252
2153.949,1.5661359
2154.8153,1.0865111
2155.6818,1.3833646
2156.5485,0.91159823
2157.4154,1.5300356
2158.2824,2.4386767
2159.1496,2.2257568
2160.017,1.3853936
2160.8845,1.5019008
2161.7523,1.5478274
2162.6202,1.3035655
2163.4882,2.4397035
2164.3565,2.4621236
2165.2249,2.2571004
2166.0935,2.3265946
2166.9623,1.4313906
2167.8312,2.0420766
2168.7004,2.0410055
2169.5697,0.88700087
2170.4391,0.73692548
2171.3088,1.6692107
2172.1786,1.6211113
2173.0486,1.2671373
2173.9188,1.8935631
2174.7891,2.1905847
2175.6596,1.687614
2176.5303,1.6395529
2177.4012,1.9522838
2178.2722,2.0375713
2179.1434,1.236592
2180.0148,1.0003262
2180.8864,1.8464209
2181.7581,1.9238959
2182.63,0.98177067
2183.5021,1.1612217
2184.3744,1.5995039
2185.2468,1.3946565
2186.1194,0.57020895
2186.9922,0.8202788
2187.8651,1.1958465
2188.7383,2.3165199
2189.6116,1.5705342
2190.4851,0.89514448
2191.3587,0.54917413
2192.2325,0.42281927
2193.1065,0.037648521
2193.9807,0.45248542
2194.8551,-0.058160235
2195.7296,0.23904489
2196.6043,0.80292433
2197.4791,0.7942624
2198.3542,1.1463924
2199.2294,1.1534321
2200.1048,0.023224428
2200.9804,0.12439699
2201.8561,0.57067525
2202.732,0.71107879
2203.6081,0.23188213
2204.4844,0.93700685
2205.3608,-0.020605889
2206.2374,-0.18605412
2207.1142,-0.13188686
2207.9912,-0.14830019
2208.8683,0.83921569
2209.7456,0.57938559
2210.6231,-0.11964638
2211.5008,-0.78729198
2212.3786,-1.007865
2213.2566,-0.75783587
2214.1348,-0.73524395
2215.0131,0.31481277
2215.8917,0.95704016
2216.7704,-0.47130686
2217.6493,-1.1937577
2218.5283,0.044589552
2219.4075,0.35746044
2220.2869,-0.35710583
2221.1665,-0.42852104
2222.0463,-0.045020464
2222.9262,-0.069349215
2223.8063,-0.1250367
2224.6865,-0.25914174
2225.567,0.061668996
2226.4476,0.58641512
2227.3284,0.39744956
2228.2094,-0.26993355
2229.0905,-0.1059303
2229.9718,0.50514559
2230.8533,0.44172549
2231.735,-1.0337571
2232.6168,-0.44648232
2233.4988,-0.094489489
2234.381,0.21045672
2235.2634,0.39776808
2236.1459,0.66352302
2237.0286,-0.035415725
2237.9115,0.089187148
2238.7946,-0.71168797
2239.6778,-0.59490383
2240.5612,0.46306899
2241.4448,0.13281872
2242.3285,-0.0405566
2243.2125,-0.072743247
2244.0966,0.18527839
2244.9808,0.79625341
2245.8653,1.0778289
2246.7499,0.28490672
2247.6347,1.3116046
2248.5197,1.3892951
2249.4048,0.047389984
2250.2902,-0.22783628
2251.1757,0.50871436
2252.0613,0.95508113
2252.9472,1.793617
2253.8332,1.0556944
2254.7194,1.2119017
2255.6058,0.75635652
2256.4923,1.2812157
2257.379,1.6727537
2258.2659,0.46430395
2259.153,0.34606247
2260.0402,0.92587241
2260.9276,0.062557296
2261.8152,0.17180341
2262.703,0.57910094
2263.5909,0.83739107
2264.479,0.0054973257
2265.3673,-0.69305088
2266.2558,-0.30139081
2267.1444,-1.0861891
2268.0332,-0.24744581
2268.9222,1.1403293
2269.8113,0.6692931
2270.7007,-0.57820148
2271.5902,0.85666907
2272.4798,0.46410085
2273.3697,0.47154483
2274.2597,0.47900102
2275.1499,0.38450863
2276.0403,0.71355785
2276.9308,0.9406585
2277.8216,0.85404585
2278.7125,0.038033651
2279.6035,0.15536699
2280.4948,0.42957527
2281.3862,0.83712909
2282.2778,0.55449904
2283.1695,0.31109688
2284.0615,1.0559422
2284.9536,0.24785858
2285.8459,0.7574342
2286.7384,0.074865173
2287.631,0.29426913
2288.5238,0.92152843
2289.4168,0.69389797
2290.31,1.0937307
2291.2033,0.67788935
2292.0968,0.54441316
2292.9905,0.8815374
2293.8843,1.5402425
2294.7784,1.069548
2295.6726,1.2655324
2296.567,0.37133288
2297.4615,-0.34246225
2298.3562,0.081009723
2299.2511,0.74763116
2300.1462,0.22210794
2301.0415,-0.044579553
2301.9369,0.91227457
2302.8325,0.041689925
2303.7283,0.088764539
2304.6242,0.84957685
2305.5203,0.080989595
2306.4166,-0.53856585
2307.3131,0.10463602
2308.2098,0.91255597
2309.1066,0.42637047
2310.0036,0.0029422796
2310.9007,1.0697224
2311.7981,0.41102447
2312.6956,0.24645642
2313.5933,-0.23966805
2314.4911,0.48990595
2315.3892,0.25478628
2316.2874,1.1804631
2317.1858,1.5571326
2318.0843,1.1495005
2318.9831,1.2673708
2319.882,0.15388079
2320.7811,0.56197159
2321.6803,1.0877217
2322.5798,1.1115232
2323.4794,0.75102313
2324.3791,0.22582942
2325.2791,0.34378517
2326.1792,1.1676355
2327.0795,1.5836549
2327.98,0.61929427
2328.8807,0.49416159
2329.7815,0.83962934
2330.6825,1.3811877
2331.5837,1.2717779
2332.485,0.71532151
2333.3865,0.51966161
2334.2882,0.13577861
2335.1901,0.99896665
2336.0921,1.352363
2336.9944,0.76459502
2337.8967,0.67880006
2338.7993,1.2832134
2339.7021,1.3543056
2340.605,1.2214884
2341.5081,1.8337815
2342.4113,1.9127534
2343.3148,0.43879641
2344.2184,0.17269472
2345.1222,-0.50908104
2346.0261,0.60523384
2346.9303,0.74701191
2347.8346,0.49664531
2348.739,0.7247223
2349.6437,0.29398795
2350.5485,0.19267758
2351.4535,1.0325559
2352.3587,1.4253876
2353.2641,0.28881968
2354.1696,0.32089146
2355.0753,1.1216029
2355.9812,-0.061987198
2356.8872,-0.53968273
2357.7935,1.0610653
2358.6999,1.2108452
2359.6064,0.55279409
2360.5132,0.96142189
2361.4201,1.0641795
2362.3272,0.55518468
2363.2345,0.61090791
2364.1419,1.160761
2365.0495,1.349842
2365.9573,-0.20224133
2366.8653,0.15156993
2367.7734,0.37206007
2368.6817,0.45922907
2369.5902,0.67974361
2370.4989,1.2767409
2371.4077,0.62669166
2372.3167,-0.11746306
2373.2259,1.2168258
2374.1353,0.56681311
2375.0448,0.24622441
2375.9545,-0.19199914
2376.8644,0.099201267
2377.7745,1.025708
2378.6847,0.57183478
2379.5951,0.57287573
2380.5057,0.12687005
2381.4164,0.39460208
2382.3274,0.47411101
2383.2385,0.64774979
2384.1498,0.82140078
2385.0612,-0.20493603
2385.9728,0.055013872
2386.8846,0.72281912
2387.7966,1.2651464
2388.7087,0.61532897
2389.6211,-0.16780956
2390.5336,0.084358226
2391.4462,0.14830292
2392.3591,0.25931865
2393.2721,-0.17867303
2394.1853,-0.28724073
2395.0987,-0.27814918
2396.0122,0.028993798
2396.9259,0.48516858
2397.8398,0.55704185
2398.7539,-0.045582483
2399.6681,-0.67172402
2400.5825,-0.17628473
2401.4971,0.25642166
2402.4119,0.11659124
2403.3268,-0.33695246
2404.2419,0.1899082
2405.1572,0.30893792
2406.0726,-0.11319662
2406.9883,-0.15884837
2407.9041,-0.62017419
2408.8201,-0.27364467
2409.7362,0.31603431
2410.6525,0.37239216
2411.569,-0.11665997
2412.4857,-0.15080023
2413.4026,-0.45159724
2414.3196,-0.30532553
2415.2368,0.18605413
2416.1542,0.073522126
2417.0717,-0.20370585
2417.9894,-0.041708239
2418.9073,0.74775026
2419.8254,0.60388534
2420.7436,-0.15173439
2421.6621,-0.33479519
2422.5807,-0.58843431
2423.4994,-0.66951452
2424.4184,-0.47607501
2425.3375,0.28992343
2426.2568,-0.073479992
2427.1762,-0.35844214
2428.0959,-0.29829633
2429.0157,0.2089182
2429.9357,0.4965348
2430.8558,0.18023973
2431.7762,0.020817318
2432.6967,0.049640105
2433.6173,-0.19603701
2434.5382,0.07594285
2435.4592,0.87342281
2436.3804,0.031696986
2437.3018,0.037039895
2438.2234,0.73258879
2439.1451,0.9889319
2440.067,0.30410845
2440.9891,-0.10619529
2441.9113,-0.2184499
2442.8338,0.0300897
2443.7564,-0.72528236
2444.6791,0.072296666
2445.6021,0.21106207
2446.5252,-0.81879007
2447.4485,-0.47608329
2448.372,-0.094150915
2449.2956,0.43681098
2450.2194,0.018763166
2451.1434,0.032097812
2452.0676,0.31210903
2452.9919,0.32546349
2453.9164,0.23686707
2454.8411,0.91690801
2455.766,-0.50500193
2456.691,-1.0798431
2457.6162,-0.76544935
2458.5416,-0.45888972
2459.4672,0.22414948
2460.3929,-0.97515527
2461.3188,0.1079019
2462.2449,-0.079620169
2463.1712,0.28972949
2464.0976,0.75320578
2465.0242,0.11865184
2465.951,0.12724413
2466.8779,0.44957091
2467.8051,0.31700471
2468.7324,0.67856514
2469.6598,0.49895809
2470.5875,1.1272032
2471.5153,0.23388859
2472.4433,0.53273986
2473.3715,0.40807071
2474.2998,0.26772428
2475.2284,0.44895545
2476.157,0.57529365
2477.0859,1.1251702
2478.015,1.1260362
2478.9442,0.35828373
2479.8736,0.11603042
2480.8031,0.17966845
2481.7329,-0.078253167
2482.6628,0.20501068
2483.5929,-0.09995179
2484.5231,0.23823199
2485.4536,-0.090241921
2486.3842,-0.76380488
2487.315,-0.37069219
2488.2459,1.0890962
2489.1771,-0.18836142
2490.1084,-0.54816294
2491.0399,-0.0059947028
2491.9715,0.19108449
2492.9033,-0.019670478
2493.8354,-0.24610273
2494.7675,0.50002302
2495.6999,0.48537345
2496.6324,-0.054757338
2497.5651,0.43257184
2498.498,0.049321772
2499.431,0.0033355897
2500.3643,-0.34068082
2501.2977,0.099625476
2502.2312,0.63405841
2503.165,1.4586964
2504.0989,0.53432378
2505.033,-0.43709869
2505.9673,0.026781948
2506.9017,0.50635785
2507.8363,0.69574665
2508.7711,0.18710523
2509.7061,0.87062965
2510.6412,0.36984933
2511.5765,-0.18582396
2512.512,-0.043449049
2513.4477,0.70285641
2514.3835,0.8452493
2515.3195,0.84647469
2516.2557,-0.65033014
2517.1921,-0.82947893
2518.1286,-0.45959913
2519.0653,0.30244652
2520.0022,0.029207039
2520.9393,-0.43225875
2521.8765,-0.63489203
2522.8139,-0.28065357
2523.7515,-0.0048374999
2524.6892,0.3651052
2525.6272,0.36642944
2526.5653,0.46188031
2527.5035,0.53381075
2528.442,-0.053073352
2529.3806,0.12083585
2530.3194,1.322205
2531.2584,0.98632826
2532.1975,0.17987226
2533.1369,0.094993866
2534.0763,0.20620289
2535.016,0.4429111
2535.9559,0.78943222
2536.8959,-0.20521415
2537.8361,-0.17240055
2538.7764,0.39375536
2539.717,0.050116344
2540.6577,0.13785886
2541.5986,0.53149271
2542.5396,1.1290571
2543.4809,0.47957169
2544.4223,0.23009524
2545.3639,-0.4585879
2546.3056,-0.17471304
2547.2476,-0.15749587
2548.1897,0.14992638
2549.132,0.28480858
2550.0744,0.67068017
2551.017,0.013423487
2551.9598,-0.18107911
2552.9028,0.15776061
2553.846,0.22209951
2554.7893,0.39625131
2555.7328,0.31158858
2556.6765,0.077915218
2557.6203,0.32268222
2558.5644,-0.54626729
2559.5086,-0.36422742
2560.4529,-0.47237464
2561.3975,-0.10992464
2562.3422,0.017240233
2563.2871,-0.19284082
2564.2322,0.15394987
2565.1774,0.57133777
2566.1228,0.35344054
2567.0684,0.57476798
2568.0142,0.46669265
2568.9601,-0.11196194
2569.9062,0.54076501
2570.8525,0.58957938
2571.799,1.4776184
2572.7456,0.66370565
2573.6924,-0.20510009
2574.6394,-0.1405635
2575.5866,-0.036802249
2576.5339,-0.38793397
2577.4814,-0.29199788
2578.4291,0.11767268
2579.377,0.63715615
2580.325,0.28606037
2581.2732,0.37418926
2582.2216,-0.1572807
2583.1701,-0.43776129
2584.1188,0.37980633
2585.0677,-0.39477394
2586.0168,0.54045871
2586.9661,-0.092927115
2587.9155,-0.091009833
2588.8651,0.6403282
2589.8149,-0.0087169409
2590.7648,0.34616847
2591.7149,0.60694523
2592.6652,0.28733881
2593.6157,0.19519236
2594.5663,0.11089803
2595.5172,0.15994602
2596.4681,-0.41844799
2597.4193,-0.16546046
2598.3707,0.28361449
2599.3222,-0.1771055
2600.2739,-0.2142871
2601.2257,-0.16518519
2602.1778,-0.0062703849
2603.13,0.28598674
2604.0823,-0.16684518
2605.0349,-0.070648513
2605.9876,0.22947871
2606.9405,0.011967858
2607.8936,-0.29965165
2608.8469,-0.4465563
2609.8003,-0.32678529
2610.7539,-0.64622098
2611.7077,-0.16564769
2612.6617,0.38552282
2613.6158,0.30925134
2614.5701,0.10749865
2615.5246,0.40771573
2616.4792,0.33931434
2617.434,-0.050646692
2618.389,0.22606793
2619.3442,0.32239938
2620.2995,1.1795241
2621.2551,0.19352061
2622.2108,0.25850647
2623.1666,0.75487387
2624.1227,0.52183848
2625.0789,0.11626306
2626.0353,0.54206918
2626.9918,-0.0046647442
2627.9486,0.22508091
2628.9055,-0.24320367
2629.8626,-0.37422435
2630.8198,-0.12092233
2631.7773,0.12454554
2632.7349,0.69943416
2633.6927,0.19197883
2634.6506,-0.77821262
2635.6088,-0.46212057
2636.5671,0.057902031
2637.5256,-0.22206638
2638.4842,-0.18830032
2639.443,-0.083937032
2640.402,0.067494062
2641.3612,0.23462042
2642.3206,0.44097144
2643.2801,0.11399812
2644.2398,0.39879849
2645.1997,0.39341176
2646.1597,0.36275541
2647.12,-0.24044272
2648.0804,-0.20833948
2649.0409,0.035535705
2650.0017,0.24020245
2650.9626,0.052719577
2651.9237,0.2338714
2652.885,-0.37712639
2653.8464,-0.20380322
2654.808,-0.093217894
2655.7698,-0.20223317
2656.7318,-0.50731963
2657.6939,-0.27122237
2658.6562,-0.40374533
2659.6187,-0.0029276983
2660.5814,-0.1432793
2661.5442,0.23402341
2662.5072,-0.12592154
2663.4704,-0.3917416
2664.4338,-0.069319119
2665.3973,-0.091987433
2666.361,0.27750836
2667.3249,0.043089833
2668.2889,0.20083541
2669.2532,0.76643137
2670.2176,0.91203267
2671.1822,0.95567964
2672.1469,-0.39674535
2673.1118,0.10181652
2674.0769,0.36509073
2675.0422,-0.20300113
2676.0077,-0.19853752
2676.9733,-0.5234792
2677.9391,-0.51900265
2678.905,-0.4439314
2679.8712,-0.29826545
2680.8375,-0.10553421
2681.804,-0.21867886
2682.7707,-0.21416998
2683.7375,-0.48416444
2684.7045,0.28898482
2685.6717,0.56017976
2686.6391,0.19608705
2687.6066,-0.042509005
2688.5743,0.17380337
2689.5422,0.1548281
2690.5103,0.3711534
2691.4785,0.3600342
2692.4469,-0.043235407
2693.4155,0.32997204
2694.3843,0.10710753
2695.3532,0.088171046
2696.3223,0.34375083
2697.2916,0.4346312
2698.2611,1.0510082
2699.2307,-0.24633375
2700.2005,-0.40641438
2701.1705,0.24919774
2702.1406,1.2812869
2703.111,0.90161784
2704.0815,0.52195523
2705.0521,1.4128873
2706.023,1.5587279
2706.994,0.44967288
2707.9652,1.207291
2708.9366,0.91393527
2709.9081,0.91862519
2710.8798,1.4723412
2711.8517,0.95939697
2712.8238,0.49351804
2713.796,0.74921421
2714.7685,0.61275998
2715.741,0.56258673
2716.7138,0.72418465
2717.6867,0.33676943
2718.6599,0.17681165
2719.6331,0.17372309
2720.6066,-0.27641784
2721.5802,-0.052042492
2722.5541,0.22724128
2723.528,0.29476681
2724.5022,0.51131842
2725.4765,-0.048594099
2726.451,-0.26340211
2727.4257,0.070815949
2728.4006,0.23249146
2729.3756,0.15887931
2730.3508,-0.37747147
2731.3262,0.28618422
2732.3017,0.33808167
2733.2775,-0.15903402
2734.2534,0.49679793
2735.2294,0.0075383004
2736.2057,-0.50524427
2737.1821,-0.63370665
2738.1587,-0.93471159
2739.1355,-0.23178849
2740.1124,0.40055284
2741.0895,-0.19062877
2742.0668,-0.25631373
2743.0443,0.32736506
2744.0219,0.024775504
2744.9998,0.43591762
2745.9778,0.20392866
2746.9559,0.12880861
2747.9343,-0.29924643
2748.9128,0.072704705
2749.8915,0.34270123
2750.8703,-1.0971
2751.8494,-0.23885581
2752.8286,0.15664944
2753.808,1.5796118
2754.7875,0.63395298
2755.7672,-0.37444481
2756.7472,0.021085148
2757.7272,0.14995461
2758.7075,0.074908689
2759.6879,-0.27464086
2760.6685,-0.020262672
2761.6493,0.81451385
2762.6302,0.37086518
2763.6114,-0.33944398
2764.5927,0.0090765666
2765.5741,-0.11298495
2766.5558,-0.12523636
2767.5376,-0.074736506
2768.5196,-0.00070105911
2769.5018,0.12039939
2770.4841,-0.23692536
2771.4667,-0.57071452
2772.4493,-0.59077202
2773.4322,-0.15592138
2774.4153,0.34952368
2775.3985,0.078504319
2776.3819,-0.2630971
2777.3654,0.077660602
2778.3492,0.54391468
2779.3331,0.3513514
2780.3172,-0.7666959
2781.3014,-0.31610958
2782.2859,-0.13218374
2783.2705,-0.081585058
2784.2553,-0.11725471
2785.2402,-0.33331034
2786.2254,0.63495392
2787.2107,0.88165574
2788.1961,0.3205206
2789.1818,-0.13080445
2790.1676,-0.32329979
2791.1536,-0.5471615
2792.1398,-0.30827194
2793.1262,0.78552576
2794.1127,-0.050082124
2795.0994,0.5966691
2796.0863,0.72577945
2797.0733,-0.062751085
2798.0605,0.60754808
2799.0479,0.54059853
2800.0355,0.62267476
2801.0232,0.62632579
2802.0112,1.257434
2802.9993,0.98658756
2803.9875,-0.0058213102
2804.976,0.39001129
2805.9646,0.60545791
2806.9534,0.64051855
2807.9423,0.10303635
2808.9315,0.2557564
2809.9208,0.31436498
2810.9103,0.3651366
2811.8999,0.2904242
2812.8898,0.14512974
2813.8798,0.14101793
2814.87,-0.0042641777
2815.8603,0.53281283
2816.8509,0.50519014
2817.8416,0.39129911
2818.8324,0.089178966
2819.8235,-0.032542846
2820.8147,0.61436897
2821.8061,0.79069873
2822.7977,0.5121327
2823.7895,0.72769049
2824.7814,1.602078
2825.7735,1.6764717
2826.7658,2.0959696
2827.7582,1.739003
2828.7508,1.2016505
2829.7436,1.8250885
2830.7366,2.0955915
2831.7297,1.5739438
2832.7231,2.1817141
2833.7166,2.9855689
2834.7102,2.7306064
2835.7041,3.2756501
2836.6981,3.3265823
2837.6923,2.8598736
2838.6866,2.6833672
2839.6812,2.8754944
2840.6759,2.8637062
2841.6708,2.1931007
2842.6658,2.2675994
2843.6611,1.8401434
2844.6565,2.6597525
2845.6521,2.4362305
2846.6478,2.6754598
2847.6437,2.4754795
2848.6399,2.3539368
2849.6361,2.3735768
2850.6326,1.3579288
2851.6292,1.1109144
2852.626,1.7109651
2853.623,1.3933748
2854.6202,0.60520251
2855.6175,1.5817423
2856.615,0.52691564
2857.6127,0.2720952
2858.6105,0.69963387
2859.6085,0.2173748
2860.6067,0.072376813
2861.6051,0.10777715
2862.6036,0.1902425
2863.6024,0.68840029
2864.6012,0.7316623
2865.6003,0.90042068
2866.5996,0.37898916
2867.599,0.092857928
2868.5986,0.61457601
2869.5983,0.01473165
2870.5983,0.050187579
2871.5984,-0.40846796
2872.5987,-0.11417615
2873.5991,1.0428669
2874.5998,0.29403384
2875.6006,-0.29008719
2876.6016,0.43560188
2877.6027,0.1887481
2878.604,0.043861285
2879.6055,0.079372802
2880.6072,0.18547873
2881.6091,0.44061044
2882.6111,-0.19052618
2883.6133,-0.60989192
2884.6157,0.14721911
2885.6182,1.1239442
2886.621,0.1477342
2887.6239,0.23035395
2888.6269,0.76003871
2889.6302,0.85051395
2890.6336,0.61942674
2891.6372,0.41187512
2892.641,0.43178065
2893.6449,0.32620217
2894.649,0.12651221
2895.6533,0.068004905
2896.6578,0.62126848
2897.6624,0.35100882
2898.6673,0.26899063
2899.6723,0.63403744
2900.6774,0.13634533
2901.6828,-0.1495759
2902.6883,0.16058747
2903.694,0.10212958
2904.6998,-0.12102802
2905.7058,0.055820549
2906.7121,0.43659687
2907.7184,0.55855583
2908.725,-0.072420201
2909.7317,0.026021706
2910.7386,0.2734894
2911.7457,0.60723777
2912.753,0.6821688
2913.7604,0.78847855
2914.768,0.40067683
2915.7758,-0.16751087
2916.7837,0.27607231
2917.7919,0.18632833
2918.8002,0.15933563
2919.8086,0.24999616
2920.8173,-0.34953321
2921.8261,0.30584556
2922.8351,-0.074063609
2923.8443,0.26760202
2924.8536,0.0053522617
2925.8631,-0.24120505
2926.8728,-0.032854221
2927.8827,0.17550278
2928.8927,0.13288557
2929.9029,0.13733336
2930.9133,0.071199087
2931.9239,0.45997295
2932.9346,0.14287064
2933.9455,-0.80167647
2934.9566,-0.17758996
2935.9679,-0.12604629
2936.9793,-0.043123894
2937.9909,0.43980468
2939.0027,0.18548452
2940.0147,0.64489604
2941.0268,0.39843137
2942.0391,0.2946527
2943.0516,0.073232053
2944.0643,-0.59524233
2945.0771,-0.18920183
2946.0901,-0.12041114
2947.1033,0.12093366
2948.1166,-0.076932151
2949.1301,-0.28263601
2950.1438,-0.31578576
2951.1577,-0.35677357
2952.1718,-0.43697198
2953.186,-0.070106473
2954.2004,0.21833274
2955.2149,0.091090769
2956.2297,-0.49104808
2957.2446,-0.02220145
2958.2597,0.61135615
2959.275,-0.30017921
2960.2904,-0.71759183
2961.306,0.033628078
2962.3218,0.32995111
2963.3378,-0.21293645
2964.3539,-0.19895618
2965.3702,-0.19281397
2966.3867,0.11137255
2967.4034,-0.58355191
2968.4202,-0.25886397
2969.4372,0.3089658
2970.4544,-0.21339595
2971.4718,0.20542334
2972.4893,0.52228641
2973.507,0.23523247
2974.5249,0.034457611
2975.5429,0.084667708
2976.5612,-0.36707841
2977.5796,-0.010976834
2978.5981,0.54905088
2979.6169,0.11300473
2980.6358,-0.1426447
2981.6549,-0.47672094
2982.6742,0.13822699
2983.6936,0.19631675
2984.7133,-0.33382423
2985.7331,-0.24435279
2986.753,-0.5784062
2987.7732,0.45225083
2988.7935,-0.046499335
2989.814,0.23122565
2990.8346,-0.19692715
2991.8555,-0.28782048
2992.8765,0.49187899
2993.8977,0.18138694
2994.9191,0.12187985
2995.9406,0.51727929
2996.9623,0.54405584
2997.9842,0.31985657
2999.0062,0.14272068
3000.0285,-0.010881229
3001.0509,0.0080704451
3002.0735,0.7250659
3003.0962,0.68128161
3004.1192,-0.060537337
3005.1423,-0.41803799
3006.1655,0.14995612
3007.189,0.60030773
3008.2126,0.61929136
3009.2364,0.40298544
3010.2604,0.39844879
3011.2846,0.63705395
3012.3089,0.53840878
3013.3334,0.86329759
3014.3581,0.66270077
3015.3829,0.10916734
3016.4079,0.096814937
3017.4331,-0.17435643
3018.4585,0.15055521
3019.484,0.76566748
3020.5098,0.078823541
3021.5356,-0.52958446
3022.5617,-0.71445849
3023.588,0.53596616
3024.6144,0.79031695
3025.641,-0.28866103
3026.6677,-0.026457973
3027.6947,0.22006337
3028.7218,-0.0353715
3029.7491,-0.039821416
3030.7765,0.39494892
3031.8042,0.12384147
3032.832,-0.15510456
3033.8599,-0.081104841
3034.8881,-0.36788487
3035.9164,-0.042895633
3036.9449,0.2664119
3037.9736,-0.28702111
3039.0025,-0.23652798
3040.0315,-0.92328518
3041.0607,-0.33160645
3042.0901,0.0090964525
3043.1196,-0.70901961
3044.1494,0.83267444
3045.1793,0.22535229
3046.2093,0.14352373
3047.2396,0.6969927
3048.27,0.40340625
3049.3006,0.24315654
3050.3314,-0.49748193
3051.3623,-0.32046993
3052.3934,-0.1591408
3053.4247,0.37866232
3054.4562,0.20274335
3055.4878,-0.34179966
3056.5196,-0.27457456
3057.5516,-0.31714998
3058.5838,-0.26560435
3059.6161,-0.1277808
3060.6486,-0.57034601
3061.6813,0.1478765
3062.7142,0.25433771
3063.7472,0.28237096
3064.7804,-0.12096495
3065.8138,-0.33606215
3066.8474,0.24100091
3067.8811,0.43375366
3068.915,-0.43231373
3069.9491,0.26199495
3070.9833,0.14846382
3072.0178,-0.12192671
3073.0524,-0.47858842
3074.0871,0.1529885
3075.1221,0.17280404
3076.1572,0.17693665
3077.1925,-0.16402545
3078.228,0.051878539
3079.2636,0.18151135
3080.2995,0.75036318
3081.3355,-0.076860087
3082.3716,0.044939591
3083.408,0.056938682
3084.4445,0.51599993
3085.4812,0.44957432
3086.518,-0.0011616823
3087.5551,0.74026251
3088.5923,0.80718024
3089.6297,0.43488562
3090.6672,0.76847668
3091.705,0.31775735
3092.7429,0.17292372
3093.781,0.25554439
3094.8192,0.64405076
3095.8577,0.37373693
3096.8963,0.63675977
3097.9351,1.5429232
3098.974,1.2334037
3100.0132,1.1121228
3101.0525,1.7281002
3102.0919,1.4107475
3103.1316,1.3992806
3104.1714,2.6740915
3105.2114,3.3528272
3106.2516,2.3296056
3107.2919,2.1220735
3108.3325,3.7419958
3109.3732,3.1266273
3110.414,3.3112621
3111.4551,4.6174689
3112.4963,4.8805418
3113.5377,5.2298925
3114.5793,4.8419916
3115.621,4.6266431
3116.6629,5.4309058
3117.705,5.443015
3118.7473,5.3845392
3119.7897,5.8123413
3120.8324,5.7852448
3121.8751,5.2640339
3122.9181,4.1075323
3123.9612,4.8726026
3125.0046,4.5553234
3126.048,3.759616
3127.0917,3.473716
3128.1355,3.6348781
3129.1795,3.2548671
3130.2237,2.741526
3131.2681,2.1105413
3132.3126,2.1619128
3133.3573,2.3544642
3134.4022,2.6019208
3135.4472,2.3160474
3136.4925,2.1007656
3137.5379,1.7443107
3138.5835,2.0466826
3139.6292,1.3372932
3140.6751,0.54947568
3141.7212,1.447936
3142.7675,1.1934586
3143.8139,0.68800404
3144.8606,0.99039598
3145.9074,1.1437716
3146.9543,1.1402879
3148.0015,0.84661141
3149.0488,0.99215395
3150.0963,1.2945626
3151.1439,0.96952353
3152.1918,1.1307623
3153.2398,0.43710253
3154.288,0.78658331
3155.3364,0.60273409
3156.3849,-0.036013754
3157.4336,0.71347703
3158.4825,0.82767703
3159.5315,-0.03851179
3160.5808,0.78157723
3161.6302,0.75461077
3162.6798,0.27274568
3163.7295,0.42617804
3164.7795,0.70510394
3165.8296,0.58403316
3166.8798,0.61198534
3167.9303,0.30268594
3168.9809,0.29927223
3170.0317,0.12331284
3171.0827,0.049317571
3172.1339,0.32042367
3173.1852,0.011140953
3174.2367,0.22735176
3175.2883,0.21611493
3176.3402,0.70684222
3177.3922,0.60149441
3178.4444,0.7000715
3179.4968,0.24178918
3180.5493,-0.098842741
3181.602,0.88601887
3182.6549,1.0081387
3183.708,0.68320307
3184.7612,0.73474135
3185.8147,0.3941261
3186.8682,-0.11119169
3187.922,-0.3106238
3188.9759,-0.031621201
3190.03,-0.097713304
3191.0843,-0.43831188
3192.1388,0.083837984
3193.1934,-0.57047941
3194.2482,0.061481044
3195.3032,-0.051653207
3196.3584,-0.87066648
3197.4137,-0.34849994
3198.4692,0.12661111
3199.5249,0.7507451
3200.5807,0.0840688
3201.6368,-0.12770295
3202.693,0.04484161
3203.7493,-0.096336733
3204.8059,0.50758555
3205.8626,0.68013787
3206.9195,-0.11201311
3207.9766,0.021328698
3209.0338,0.17035936
3210.0913,0.62527497
3211.1489,-0.064904877
3212.2066,-0.27665077
3213.2646,0.18611574
3214.3227,-0.072683803
3215.381,0.16263689
3216.4394,-0.025569241
3217.4981,0.13916839
3218.5569,0.35096743
3219.6159,-0.16664271
3220.675,-0.0097404542
3221.7344,-0.30773758
3222.7939,-0.21357525
3223.8536,-0.056665238
3224.9134,-0.39387029
3225.9735,-0.13499432
3227.0337,-0.11925302
3228.0941,-0.1584111
3229.1546,0.17106087
3230.2153,-0.22887635
3231.2762,-0.29155608
3232.3373,0.30459031
3233.3986,0.85368046
3234.46,1.0576752
3235.5216,1.2852019
3236.5834,0.97155466
3237.6453,0.90104731
3238.7075,0.39917
3239.7698,0.97180508
3240.8322,1.4503251
3241.8949,2.0072791
3242.9577,2.0073729
3244.0207,0.43884185
3245.0839,0.023254568
3246.1472,0.63512085
3247.2107,0.51757796
3248.2744,0.47062588
3249.3383,-0.40769615
3250.4023,-0.45464306
3251.4665,0.33762832
3252.5309,0.36911796
3253.5955,-0.11703687
3254.6602,-0.3051499
3255.7251,-0.759927
3256.7902,-0.79901525
3257.8555,0.16582066
3258.9209,-0.030125162
3259.9865,0.040598272
3261.0523,-0.42200904
3262.1182,-0.31990789
3263.1844,-0.60211787
3264.2507,-0.47648213
3265.3172,0.0099405083
3266.3838,-0.3114774
3267.4506,-0.21720645
3268.5176,-0.42881527
3269.5848,-0.72669601
3270.6522,-0.36575064
3271.7197,-0.29499876
3272.7874,-0.69483252
3273.8553,-0.58485978
3274.9233,0.22315476
3275.9915,0.082152283
3277.0599,-0.80394565
3278.1285,-0.44298217
3279.1972,0.18465056
3280.2662,-0.31712589
3281.3352,-0.65419387
3282.4045,-0.44223965
3283.4739,-0.10479265
3284.5436,-0.049696009
3285.6133,0.48383459
3286.6833,0.82913249
3287.7534,0.75874669
3288.8238,1.0726772
3289.8942,1.2846495
3290.9649,0.900546
3292.0357,1.2066411
3293.1067,1.46568
3294.1779,1.2698196
3295.2493,1.4112166
3296.3208,1.4741848
3297.3925,2.0469595
3298.4644,1.1765996
3299.5364,0.6278109
3300.6087,1.2554954
3301.6811,0.1576922
3302.7536,0.33047987
3303.8264,0.7934662
3304.8993,1.2956708
3305.9724,0.77827015
3307.0457,0.19812699
3308.1191,0.82582955
3309.1928,0.45745626
3310.2666,-0.35013012
3311.3405,0.22267824
3312.4147,0.46607742
3313.489,0.45849879
3314.5635,0.70974628
3315.6381,0.72570224
3316.713,0.13773921
3317.788,0.60075916
3318.8632,1.2049582
3319.9385,0.5307284
3321.0141,0.64865807
3322.0898,0.092080527
3323.1657,0.60217224
3324.2417,0.52403124
3325.318,0.29687321
3326.3944,0.75207072
3327.471,-0.16527821
3328.5477,0.062473492
3329.6246,0.19611013
3330.7017,0.77680818
3331.779,0.55750881
3332.8565,0.54997674
3333.9341,0.43264333
3335.0119,0.12707721
3336.0899,-0.14711377
3337.168,0.22967822
3338.2463,0.55157084
3339.3248,-0.16182807
3340.4035,0.018893258
3341.4824,0.15255834
3342.5614,0.74112798
3343.6406,0.82773941
3344.7199,0.0045495128
3345.7995,-0.21471623
3346.8792,-0.23005782
3347.9591,-0.017945847
3349.0392,0.68828636
3350.1194,0.24157998
3351.1998,0.13997423
3352.2804,0.14033184
3353.3612,0.67402538
3354.4421,1.4116431
3355.5232,1.0120084
3356.6045,0.85551366
3357.686,1.2245117
3358.7676,1.6248848
3359.8494,1.5625154
3360.9314,2.151129
3362.0135,2.6299413
3363.0959,2.4107169
3364.1784,3.0307108
3365.261,3.0075701
3366.3439,2.8824711
3367.4269,2.7103159
3368.5101,2.8597319
3369.5935,2.0993466
3370.677,2.3428854
3371.7608,2.8609367
3372.8447,2.9711473
3373.9287,2.2107724
3375.013,2.3209882
3376.0974,2.0625792
3377.182,2.1492708
3378.2668,2.181063
3379.3517,2.3226618
3380.4368,2.4407337
3381.5221,2.3862592
3382.6076,1.6494343
3383.6932,1.7204552
3384.779,1.6895178
3385.865,2.2781909
3386.9512,1.6668666
3388.0375,1.0320154
3389.124,0.40500997
3390.2107,0.9936934
3391.2976,1.4961049
3392.3846,1.2298915
3393.4718,1.3009357
3394.5592,0.65825689
3395.6467,0.18812972
3396.7345,0.68271102
3397.8224,0.58905961
3398.9105,0.69933236
3399.9987,0.34686259
3401.0871,-0.28795753
3402.1757,0.15957788
3403.2645,0.48946881
3404.3535,0.27818586
3405.4426,0.38847412
3406.5319,0.33405909
3407.6213,0.40513684
3408.711,0.076217172
3409.8008,0.037496172
3410.8908,-0.54239871
3411.981,-0.62033023
3413.0713,0.1331134
3414.1618,-0.078146279
3415.2525,-0.32861905
3416.3434,0.0091460515
3417.4344,-0.18641959
3418.5256,0.096448727
3419.617,0.081280415
3420.7086,0.52885979
3421.8003,0.21565743
3422.8922,-0.034797239
3423.9843,-0.09701403
3425.0766,0.25645804
3426.169,0.26483466
3427.2616,-0.28364888
3428.3544,0.014928984
3429.4474,0.23507807
3430.5405,0.0003277729
3431.6338,-0.030498365
3432.7273,0.28377612
3433.8209,-0.0058683724
3434.9147,-0.60923577
3436.0087,0.0030856907
3437.1029,0.37227248
3438.1973,0.13754029
3439.2918,-0.13640499
3440.3865,0.17004446
3441.4814,1.0647318
3442.5764,0.53981387
3443.6716,0.22666324
3444.767,0.43900539
3445.8626,0.47880111
3446.9583,1.0989916
3448.0542,1.3034983
3449.1503,0.67663516
3450.2466,0.84977455
3451.343,1.5797793
3452.4397,1.6666493
3453.5364,0.74960042
3454.6334,0.55412271
3455.7305,1.8802162
3456.8278,2.4219986
3457.9253,2.4696659
3459.023,2.9094926
3460.1208,2.9650083
3461.2188,3.851899
3462.317,3.7976159
3463.4154,4.6923549
3464.5139,4.3008221
3465.6126,4.4426251
3466.7115,3.9726661
3467.8105,4.8831017
3468.9098,5.1425596
3470.0092,4.5706475
3471.1087,5.1673655
3472.2085,4.7209487
3473.3084,4.0862993
3474.4085,4.3300838
3475.5088,4.2444592
3476.6092,4.7470724
3477.7098,3.6653745
3478.8106,3.8542674
3479.9116,3.4000257
3481.0127,3.9026492
3482.114,3.9660597
3483.2155,3.5667277
3484.3172,3.8262218
3485.419,4.1563067
3486.5211,3.7883549
3487.6232,3.8674646
3488.7256,2.864224
3489.8281,2.3472604
3490.9308,2.3950053
3492.0337,2.3486351
3493.1368,2.615993
3494.24,2.3029613
3495.3434,2.2095401
3496.447,1.7553371
3497.5508,2.5952544
3498.6547,2.3292919
3499.7588,1.9378418
3500.8631,2.2052178
3501.9675,2.4961258
3503.0722,2.2380168
3504.177,2.2779496
3505.2819,1.9649438
3506.3871,1.8166465
3507.4924,2.1546262
3508.5979,2.3592753
3509.7036,1.8737308
3510.8094,2.3215222
3511.9154,1.6085319
3513.0216,1.2406423
3514.128,1.6727552
3515.2345,1.0146747
3516.3412,1.6271849
3517.4481,1.2593056
3518.5552,1.2835857
3519.6624,1.4019861
3520.7699,1.1831342
3521.8774,0.87016715
3522.9852,0.50230077
3524.0931,0.78541737
3525.2012,1.1783405
3526.3095,1.1163642
3527.418,0.44262581
3528.5266,0.52967432
3529.6354,1.0010391
3530.7444,1.3077007
3531.8536,0.5869138
3532.9629,0.33671776
3534.0724,0.95711253
3535.1821,0.36966675
3536.2919,0.68418435
3537.4019,0.4026261
3538.5121,0.12107043
3539.6225,0.47481147
3540.7331,1.110908
3541.8438,0.59406602
3542.9547,0.27330501
3544.0658,0.83097796
3545.177,1.0278692
3546.2884,0.58946888
3547.4,0.94322803
3548.5118,0.92051917
3549.6237,0.56840113
3550.7358,1.0555014
3551.8481,0.67201595
3552.9606,0.61010175
3554.0732,1.2619156
3555.186,0.77647719
3556.299,0.85574722
3557.4122,1.0683532
3558.5255,0.77900092
3559.639,0.82690616
3560.7527,0.78069633
3561.8666,1.244293
3562.9806,0.88436288
3564.0948,1.2303177
3565.2092,0.87039271
3566.3238,0.61243112
3567.4385,0.66035446
3568.5534,0.63769215
3569.6685,0.31699322
3570.7837,0.48257138
3571.8991,0.79717173
3573.0147,0.53138251
3574.1305,0.68128216
3575.2465,0.90177262
3576.3626,0.59677548
3577.4789,0.40942798
3578.5954,0.60639679
3579.712,0.6151329
3580.8288,0.35720492
3581.9458,0.29535797
3583.063,0.64919987
3584.1803,0.36775024
3585.2978,1.0117934
3586.4155,0.66760384
3587.5334,0.50380903
3588.6514,0.41844818
3589.7696,0.46642324
3590.888,0.56145972
3592.0066,-0.041540432
3593.1253,0.50056004
3594.2442,0.56423173
3595.3633,0.11810208
3596.4826,0.33864168
3597.602,0.28467407
3598.7216,0.54443453
3599.8414,0.427727
3600.9613,0.38945342
3602.0815,0.63353536
3603.2018,0.36781598
3604.3223,0.47072662
3605.4429,0.36187515
3606.5637,0.44126156
3607.6847,0.14417997
3608.8059,0.17651273
3609.9273,0.28727945
3611.0488,0.13138209
3612.1705,-0.21274798
3613.2923,-0.27452253
3614.4144,-0.41472586
3615.5366,0.22154399
3616.659,0.065659558
3617.7816,-0.066692876
3618.9043,-0.16767017
3620.0272,-0.13531155
3621.1503,-0.040205246
3622.2736,0.14117816
3623.397,-0.33625939
3624.5206,-0.29604728
3625.6444,0.56769682
3626.7684,0.25497292
3627.8925,0.17754572
3629.0168,-0.095957319
3630.1413,0.17956183
3631.266,0.18057377
3632.3908,0.32276476
3633.5158,-0.19386519
3634.641,-0.15362981
3635.7663,0.49837286
3636.8919,0.25626047
3638.0176,-0.23682972
3639.1434,-0.2593291
3640.2695,-0.23476706
3641.3957,0.10352305
3642.5221,0.44965889
3643.6487,0.4977581
3644.7754,0.020369695
3645.9024,0.16259172
3647.0295,0.12442418
3648.1567,0.10978863
3649.2842,0.18143018
3650.4118,-0.029278624
3651.5396,0.12864261
3652.6675,0.10617427
3653.7957,0.060179107
3654.924,0.18673555
3656.0525,-0.09454856
3657.1812,0.40848364
3658.31,-0.16299137
3659.439,-0.55407164
3660.5682,-0.035345408
3661.6976,0.35789322
3662.8271,0.31191874
3663.9568,0.65810372
3665.0867,0.52585991
3666.2167,0.52695202
3667.347,0.29275259
3668.4774,0.31737929
3669.608,0.036126212
3670.7387,-0.49610467
3671.8696,0.1638239
3673.0007,0.47081388
3674.132,-0.16337003
3675.2635,0.27695846
3676.3951,0.56826992
3677.5269,0.13017221
3678.6589,-0.14321704
3679.791,-0.1420939
3680.9233,-0.41547797
3682.0558,-0.2339575
3683.1885,-0.060277576
3684.3213,-0.32581075
3685.4544,-0.32467468
3686.5876,0.19411104
3687.7209,0.28936993
3688.8545,0.047376512
3689.9882,-0.053437853
3691.1221,-0.083661396
3692.2561,0.54494118
3693.3904,0.32373292
3694.5248,0.26723271
3695.6594,-0.0088731787
3696.7941,0.31894466
3697.9291,0.19970585
3699.0642,0.1667437
3700.1995,0.094568031
3701.3349,-0.36976234
3702.4705,-0.2772278
3703.6063,-0.20037737
3704.7423,-0.1078385
3705.8785,0.086663314
3707.0148,0.069402586
3708.1513,-0.14393441
3709.288,-0.63962218
3710.4248,0.041162792
3711.5619,0.4631264
3712.6991,0.28901375
3713.8364,0.56980521
3714.974,0.12118708
3716.1117,0.39413973
3717.2496,1.1298397
3718.3877,0.90083585
3719.5259,0.71889303
3720.6643,0.30165826
3721.8029,0.95109232
3722.9417,0.3064109
3724.0806,0.28133948
3725.2197,0.3974467
3726.359,0.63904627
3727.4985,0.3943735
3728.6381,0.31440878
3729.778,0.81483837
3730.9179,0.87605444
3732.0581,0.59217464
3733.1984,0.33182641
3734.3389,0.54206858
3735.4796,0.30525409
3736.6205,0.10765745
3737.7615,-0.22327036
3738.9027,0.49678438
3740.0441,0.15801776
3741.1856,0.0074885917
3742.3274,0.47656943
3743.4693,0.059377927
3744.6114,0.18336506
3745.7536,1.0053936
3746.896,0.60389482
3748.0386,0.72788844
3749.1814,0.52247246
3750.3244,0.23862726
3751.4675,0.33125482
3752.6108,0.50231592
3753.7542,-0.38544436
3754.8979,-0.010457367
3756.0417,0.59198277
3757.1857,-0.076163173
3758.3299,0.33804599
3759.4742,0.72088477
3760.6187,0.41352964
3761.7634,0.93754921
3762.9083,0.73215919
3764.0533,-0.077150243
3765.1985,-0.023712412
3766.3439,0.10031582
3767.4895,0.80473837
3768.6352,0.84249641
3769.7811,-0.0060178882
3770.9272,0.3925288
3772.0734,0.21852863
3773.2199,0.052373758
3774.3665,-0.21573973
3775.5133,0.46516855
3776.6602,0.56568683
3777.8073,-0.023988795
3778.9546,0.1157495
3780.1021,-0.12882376
3781.2498,-0.20084584
3782.3976,-0.084630463
3783.5456,-0.070373707
3784.6938,-0.22082067
3785.8421,-0.018324293
3786.9906,-0.11386497
3788.1393,-0.17803093
3789.2882,-0.33631238
3790.4372,-0.13380735
3791.5865,0.037327292
3792.7359,-0.30133982
3793.8854,0.026661892
3795.0352,0.23701871
3796.1851,-0.1408576
3797.3352,-0.46382979
3798.4854,-0.0024860862
3799.6359,-0.043101006
3800.7865,0.23001173
3801.9373,0.009008977
3803.0882,-0.55708965
3804.2394,-0.31534298
3805.3907,-0.30104512
3806.5421,-0.082823529
3807.6938,0.19614345
3808.8456,0.33393582
3809.9976,-0.31258367
3811.1498,0.091879087
3812.3022,0.4100692
3813.4547,0.16355528
3814.6074,0.33272951
3815.7603,0.41563108
3816.9133,0.12990706
3818.0666,-0.053854312
3819.22,-0.11996677
3820.3735,-0.037057752
3821.5273,0.28114724
3822.6812,0.45033449
3823.8353,-0.015770526
3824.9896,-0.26226583
3826.144,0.4559466
3827.2986,-0.37878028
3828.4534,-0.19389746
3829.6084,-0.40116964
3830.7635,0.081756118
3831.9188,0.2823308
3833.0743,0.082907333
3834.23,0.19721122
3835.3858,0.39779148
3836.5418,0.68464811
3837.698,0.52444778
3838.8544,-0.0043781487
3840.0109,0.25111151
3841.1676,0.028171662
3842.3245,-0.48496241
3843.4816,-0.056918145
3844.6388,0.041716213
3845.7962,-0.42435345
3846.9538,0.042912079
3848.1115,-0.038840138
3849.2695,0.4048997
3850.4276,0.68393552
3851.5858,0.67277712
3852.7443,0.11260097
3853.9029,-0.11816156
3855.0617,-0.27833398
3856.2207,0.53404447
3857.3798,0.56211106
3858.5391,0.21370892
3859.6986,0.17903413
3860.8583,-0.043874096
3862.0182,-0.070702028
3863.1782,0.004432685
3864.3384,0.21290259
3865.4987,-0.017841327
3866.6593,0.033769555
3867.82,-0.40089221
3868.9809,-0.44339525
3870.1419,-0.11726899
3871.3032,0.4519964
3872.4646,-0.053246164
3873.6262,-0.064369217
3874.7879,0.67745077
3875.9499,0.32907653
3877.112,0.18462573
3878.2743,0.17351012
3879.4367,-0.017995791
3880.5993,0.62187271
3881.7621,0.29703719
3882.9251,0.11338
3884.0883,0.00031290849
3885.2516,-0.32451703
3886.4151,-0.30424707
3887.5788,-0.64475956
3888.7426,-0.22448588
3889.9067,0.18794652
3891.0709,-0.10550156
3892.2352,-0.29698701
3893.3998,-0.27670588
3894.5645,-0.099885313
3895.7294,0.36713197
3896.8945,0.23022833
3898.0597,0.36783513
3899.2251,-0.020047628
3900.3907,-0.14910622
3901.5565,-0.050713187
3902.7224,0.031994207
3903.8885,0.41274146
3905.0548,-0.2888636
3906.2213,-0.41791899
3907.3879,-0.045012966
3908.5547,0.2024035
3909.7217,0.12825199
3910.8889,0.069787382
3912.0562,0.2387744
3913.2237,-0.086355597
3914.3914,-0.13697515
3915.5593,-0.0072019033
3916.7273,0.18531708
3917.8955,-0.10059467
3919.0639,-0.19042736
3920.2324,-0.44496528
3921.4012,0.14755626
3922.5701,-0.22462745
3923.7391,-0.36491891
3924.9084,-0.30913298
3926.0778,-0.36315201
3927.2474,0.21812205
3928.4172,-0.12609513
3929.5871,-0.22717609
3930.7572,-0.24982672
3931.9275,-0.029341122
3933.098,-0.31081735
3934.2686,0.042999505
3935.4395,0.5615212
3936.6105,0.49964971
3937.7816,0.84562032
3938.953,0.21904087
3940.1245,0.98853881
3941.2962,0.62078082
3942.468,0.049100217
3943.6401,0.15192838
3944.8123,0.050833947
3945.9847,0.32620906
3947.1572,0.12315177
3948.33,0.084799316
3949.5029,0.2503674
3950.6759,0.11005209
3951.8492,-0.06947994
3953.0226,0.088241894
3954.1962,-0.09129221
3955.37,-0.45906265
3956.544,-0.081736078
3957.7181,0.3897071
3958.8924,-0.26041939
3960.0669,-0.27525279
3961.2415,-0.42342057
3962.4163,-0.85394232
3963.5913,-0.55505335
3964.7665,-0.18557717
3965.9419,-0.059239292
3967.1174,-0.12898088
3968.2931,-0.54382154
3969.4689,-0.22140834
3970.645,-0.12644715
3971.8212,-0.2824674
3972.9976,-0.4228024
3974.1742,-0.06117766
3975.3509,0.12789703
3976.5278,0.39540205
3977.7049,0.035455051
3978.8822,0.35001682
3980.0596,0.39006775
3981.2372,-0.3385098
3982.415,-0.45358362
3983.593,-0.027480578
3984.7711,0.50058363
3985.9494,-0.36743022
3987.1279,-0.051129963
3988.3065,-0.048554814
3989.4854,0.41676581
3990.6644,0.23894957
3991.8435,0.25721213
3993.0229,0.48723978
3994.2024,0.34864037
3995.3821,0.27278643
3996.562,0.68320738
3997.7421,0.70931498
3998.9223,-0.12732213
4000.1027,0.22035486
4001.2832,0.29352244
4002.464,0.71178843
4003.6449,0.6045646
4004.826,0.64636076
4006.0073,0.80580437
4007.1887,0.34564051
4008.3703,-0.059621011
4009.5521,0.48413746
4010.7341,0.38475905
4011.9162,0.86577319
4013.0985,1.0409053
4014.281,0.57290063
4015.4637,0.61470022
4016.6465,0.67218647
4017.8295,0.43947701
4019.0127,0.7871601
4020.1961,0.51523572
4021.3796,1.7099784
4022.5633,1.6184469
4023.7472,0.89946486
4024.9313,1.37264
4026.1155,1.3124823
4027.2999,2.0523249
4028.4845,1.6941287
4029.6692,1.9790701
4030.8542,2.5698942
4032.0393,3.0273854
4033.2245,3.257426
4034.41,4.287467
4035.5956,5.5371162
4036.7814,5.9475501
4037.9674,7.2050431
4039.1535,8.6429288
4040.3398,8.7631677
4041.5263,9.8167404
4042.713,10.972274
4043.8998,12.559181
4045.0869,11.6755
4046.2741,13.309466
4047.4614,13.876766
4048.649,12.946028
4049.8367,13.881956
4051.0246,14.464943
4052.2126,14.483225
4053.4009,15.105429
4054.5893,14.574692
4055.7779,14.373368
4056.9666,13.568122
4058.1555,12.229543
4059.3447,11.126258
4060.5339,10.344543
4061.7234,10.582436
4062.913,9.494839
4064.1028,9.5680267
4065.2928,9.4451364
4066.483,9.0320504
4067.6733,7.8660236
4068.8638,6.6215658
4070.0545,6.5300496
4071.2453,6.6346121
4072.4363,6.3078025
4073.6275,5.2515816
4074.8189,5.9443806
4076.0104,6.354827
4077.2022,4.8437052
4078.3941,4.8463093
4079.5861,5.8606784
4080.7784,5.0319107
4081.9708,4.4619669
4083.1634,4.9900627
4084.3561,4.1926687
4085.5491,3.5599809
4086.7422,3.9076857
4087.9355,4.2240183
4089.1289,3.7325082
4090.3226,3.5468807
4091.5164,3.7534106
4092.7104,3.230529
4093.9045,2.8252949
4095.0989,3.4475121
4096.2934,3.3873768
4097.4881,2.7390066
4098.6829,2.5298524
4099.8779,3.371679
4101.0731,3.1938982
4102.2685,2.3572942
4103.4641,2.6187298
4104.6598,2.9585971
4105.8557,2.1533668
4107.0518,2.0618624
4108.248,2.409574
4109.4445,2.2788546
4110.6411,2.3834298
4111.8378,2.5193778
4113.0348,2.5768949
4114.2319,2.5716673
4115.4292,2.9978125
4116.6267,2.5768994
4117.8243,2.2030454
4119.0221,2.6213487
4120.2201,2.8592602
4121.4183,2.4932505
4122.6166,2.801751
4123.8151,2.7337813
4125.0138,2.4854199
4126.2127,2.9115686
4127.4117,3.5730118
4128.6109,4.0462201
4129.8103,4.2919778
4131.0099,3.7847947
4132.2096,3.4344747
4133.4095,3.0998414
4134.6096,2.9926594
4135.8098,3.3090072
4137.0103,3.5077084
4138.2109,3.5887628
4139.4116,4.2972687
4140.6126,3.5626376
4141.8137,3.4789874
4143.015,3.4737689
4144.2165,3.4999233
4145.4181,3.2123526
4146.62,2.5326254
4147.822,3.1862319
4149.0241,3.4712114
4150.2265,3.9522697
4151.429,3.3039166
4152.6317,3.3771325
4153.8346,3.2307409
4155.0376,3.1392517
4156.2408,2.8909001
4157.4442,3.0347058
4158.6478,3.4922373
4159.8515,3.2909457
4161.0554,3.1288702
4162.2595,3.0216969
4163.4638,3.251779
4164.6682,3.2151948
4165.8728,3.1315522
4167.0776,2.9224197
4168.2826,2.909366
4169.4877,2.6923912
4170.693,3.1028677
4171.8985,3.6858936
4173.1041,2.6610768
4174.31,2.9303779
4175.516,3.3094834
4176.7222,3.4611383
4177.9285,4.1461269
4179.135,4.1252335
4180.3417,3.3435562
4181.5486,4.1697225
4182.7557,4.3998106
4183.9629,3.7357815
4185.1703,4.3344979
4186.3778,4.5018421
4187.5856,3.9633043
4188.7935,3.7541787
4190.0016,4.6666221
4191.2099,4.6457325
4192.4183,4.4758237
4193.6269,4.5333663
4194.8357,4.5595367
4196.0447,5.2366879
4197.2538,5.4432512
4198.4631,5.3047169
4199.6726,6.4603005
4200.8823,6.3609826
4202.0921,6.081273
4203.3021,6.4211715
4204.5123,6.7375411
4205.7227,7.2656757
4206.9332,7.0016538
4208.1439,7.1846911
4209.3548,7.1089053
4210.5659,7.7939042
4211.7771,8.9730211
4212.9885,9.0384129
4214.2001,9.3547854
4215.4118,9.5613545
4216.6237,9.3522376
4217.8358,10.774494
4219.0481,11.428123
4220.2606,11.987634
4221.4732,11.872637
4222.686,12.581169
4223.899,14.042642
4225.1121,13.927646
4226.3254,14.58912
4227.5389,15.509419
4228.7526,16.766972
4229.9664,18.377467
4231.1804,18.560512
4232.3946,19.465126
4233.609,21.844249
4234.8235,22.160628
4236.0382,23.70838
4237.2531,24.432603
4238.4682,24.599964
4239.6834,25.928109
4240.8988,26.550372
4242.1144,27.776558
4243.3302,27.732155
4244.5461,27.915204
4245.7622,29.368841
4246.9785,30.320518
4248.195,28.346705
4249.4116,28.702304
4250.6284,29.489277
4251.8454,28.950759
4253.0625,27.337732
4254.2798,27.28549
4255.4973,27.515601
4256.715,27.071202
4257.9329,25.920922
4259.1509,24.809858
4260.3691,23.094872
4261.5875,22.940671
4262.806,21.672745
4264.0247,21.33031
4265.2436,20.532973
4266.4627,19.837597
4267.6819,19.597124
4268.9013,17.788023
4270.1209,17.461276
4271.3407,17.252176
4272.5606,16.039155
4273.7807,14.88888
4275.001,15.118997
4276.2215,15.419703
4277.4421,15.289036
4278.6629,14.687782
4279.8839,13.898293
4281.1051,13.14802
4282.3264,13.385982
4283.5479,12.667082
4284.7696,12.34034
4285.9915,12.727323
4287.2135,12.533914
4288.4357,12.285604
4289.6581,11.888275
4290.8806,11.836044
4292.1033,11.830872
4293.3262,11.331583
4294.5493,10.777393
4295.7726,10.207516
4296.996,10.696464
4298.2196,11.40502
4299.4434,11.360634
4300.6673,10.688799
4301.8914,10.369905
4303.1157,10.482383
4304.3402,10.798784
4305.5648,10.824989
4306.7896,11.008057
4308.0146,10.822498
4309.2398,10.440861
4310.4651,10.718048
4311.6906,10.963863
4312.9163,10.895953
4314.1422,10.930004
4315.3682,10.391506
4316.5944,10.488302
4317.8208,11.08706
4319.0474,11.474054
4320.2741,11.461048
4321.501,10.546081
4322.7281,10.89386
4323.9553,10.833796
4325.1828,10.797263
4326.4104,11.803866
4327.6382,11.649686
4328.8661,11.087663
4330.0942,10.078581
4331.3225,11.124402
4332.551,11.621204
4333.7797,10.368986
4335.0085,10.505004
4336.2375,10.586121
4337.4666,10.855473
4338.696,10.528747
4339.9255,10.876532
4341.1552,10.698826
4342.3851,10.128964
4343.6151,10.586553
4344.8453,9.5931628
4346.0757,9.6821255
4347.3063,9.6926572
4348.537,10.071817
4349.7679,9.1254864
4350.999,9.7399408
4352.2303,9.9857682
4353.4617,9.2904194
4354.6933,8.8931103
4355.9251,8.809527
4357.1571,8.4435911
4358.3892,8.5404007
4359.6215,7.8607402
4360.854,7.2673545
4362.0866,7.7327927
4363.3195,8.6139176
4364.5525,8.4989644
4365.7856,7.3251881
4367.019,6.9514122
4368.2525,7.0482248
4369.4862,7.4038614
4370.7201,7.7673415
4371.9541,7.0249397
4373.1884,6.1727342
4374.4228,5.9636665
4375.6573,6.2016579
4376.8921,6.0161203
4378.127,5.7756811
4379.3621,6.8136737
4380.5974,6.0006863
4381.8328,6.5524051
4383.0684,6.3903988
4384.3042,5.6244713
4385.5402,5.9487403
4386.7763,5.8886959
4388.0126,6.4561029
4389.2491,6.262726
4390.4858,5.8811142
4391.7226,5.9465615
4392.9596,5.3374994
4394.1968,5.9519672
4395.4342,6.4095725
4396.6717,5.8005116
4397.9094,5.7640001
4399.1473,5.1627831
4400.3853,5.6517625
4401.6236,5.9681933
4402.862,5.3905068
4404.1005,5.5030168
4405.3393,5.6939585
4406.5782,6.3005869
4407.8173,5.777804
4409.0566,5.6471782
4410.296,5.9871411
4411.5357,5.6369083
4412.7754,6.1886366
4414.0154,5.7599731
4415.2556,5.6920944
4416.4959,5.5300984
4417.7364,5.8308479
4418.977,5.7237546
4420.2179,4.8401911
4421.4589,5.6193731
4422.7001,5.7789476
4423.9415,4.942444
4425.183,5.4157448
4426.4247,4.7910067
4427.6666,4.8094063
4428.9086,4.6081984
4430.1509,4.8775792
4431.3933,5.1861759
4432.6359,5.1810476
4433.8786,5.0504295
4435.1216,4.6531451
4436.3647,4.7735081
4437.6079,5.2154401
4438.8514,4.8495294
4440.095,4.593423
4441.3388,4.4471208
4442.5828,4.638074
4443.827,4.1623609
4445.0713,4.4631187
4446.3158,4.6383867
4447.5605,4.9469885
4448.8053,4.7693161
4450.0503,5.1485068
4451.2955,5.2688744
4452.5409,5.3735561
4453.7864,5.2821597
4455.0322,5.2927245
4456.2781,4.9895642
4457.5241,4.6393455
4458.7704,4.6106957
4460.0168,4.3938111
4461.2634,5.0632013
4462.5101,5.6698469
4463.7571,5.4137477
4465.0042,5.965492
4466.2515,5.9525308
4467.4989,5.8140798
4468.7466,6.0991586
4469.9944,5.8430613
4471.2423,6.4418664
4472.4905,6.3426326
4473.7388,6.3453599
4474.9873,6.2382838
4476.236,6.0684629
4477.4849,6.5417797
4478.7339,6.1366654
4479.9831,6.2099829
4481.2325,6.8166342
4482.482,6.3566191
4483.7318,6.5318985
4484.9817,6.5189431
4486.2317,6.6550076
4487.482,6.3753862
4488.7324,6.5898829
4489.983,7.5337917
4491.2338,6.8541714
4492.4847,6.9196496
4493.7358,6.1302262
4494.9871,6.1094306
4496.2386,6.6219688
4497.4902,6.1854877
4498.742,6.4548894
4499.994,6.5203698
4501.2462,6.6329095
4502.4985,6.2670182
4503.751,5.830539
4505.0037,6.0920994
4506.2566,6.3458171
4507.5096,6.0975744
4508.7628,5.7630575
4510.0162,5.6952077
4511.2698,5.6822602
4512.5235,5.5595092
4513.7774,6.0485232
4515.0315,5.2277338
4516.2857,5.0971407
4517.5402,4.9743912
4518.7948,4.9849755
4520.0496,5.2700699
4521.3045,5.1002627
4522.5596,4.8990833
4523.8149,4.7135906
4525.0704,4.4575101
4526.326,5.1112338
4527.5819,4.6904482
4528.8379,4.9912315
4530.094,5.0645642
4531.3504,5.1849562
4532.6069,4.5131916
4533.8636,4.7120157
4535.1205,4.7382912
4536.3775,5.5567238
4537.6347,5.5594706
4538.8921,5.232806
4540.1497,4.2081026
4541.4074,4.1088897
4542.6653,5.1312459
4543.9234,5.3536024
4545.1817,5.042626
4546.4401,4.676748
4547.6987,4.7265567
4548.9575,5.3489147
4550.2164,5.108528
4551.4756,5.2367692
4552.7349,4.2748147
4553.9944,4.1442331
4555.254,5.0018872
4556.5138,5.0360122
4557.7738,5.4858239
4559.034,5.2846556
4560.2944,5.216821
4561.5549,5.0862417
4562.8156,5.2144863
4564.0765,5.6642999
4565.3375,5.8709766
4566.5987,5.9364772
4567.8601,5.5470763
4569.1217,5.6596365
4570.3834,5.6388638
4571.6454,6.1200522
4572.9075,5.9267312
4574.1697,5.6000773
4575.4322,6.0028355
4576.6948,6.5624568
4577.9576,6.1050851
4579.2205,5.8986941
4580.4837,6.0870747
4581.747,6.2519263
4583.0105,6.228543
4584.2741,6.1528725
4585.538,6.3673985
4586.802,6.7649314
4588.0661,7.0709613
4589.3305,7.3220897
4590.595,7.8320421
4591.8597,7.9707529
4593.1246,7.908157
4594.3897,7.746215
4595.6549,8.1019205
4596.9203,8.3190642
4598.1859,8.2329404
4599.4516,8.1755751
4600.7176,8.3561187
4601.9837,8.8190156
4603.2499,9.2557691
4604.5164,9.7526537
4605.783,9.9358132
4607.0498,9.9751822
4608.3168,10.375336
4609.5839,10.88268
4610.8512,11.193945
4612.1187,10.969263
4613.3864,11.345889
4614.6542,12.206176
4615.9222,12.849469
4617.1904,12.9542
4618.4588,13.147821
4619.7273,13.890462
4620.996,14.701077
4622.2649,14.978359
4623.534,15.179825
4624.8032,15.67933
4626.0726,16.625894
4627.3422,17.50187
4628.612,18.077194
4629.8819,18.485197
4631.152,19.039606
4632.4223,19.923427
4633.6927,20.985026
4634.9634,21.957737
4636.2342,22.875546
4637.5051,23.54499
4638.7763,24.4811
4640.0476,25.132244
4641.3191,26.180773
4642.5908,27.114271
4643.8626,28.416396
4645.1346,29.888456
4646.4068,31.13568
4647.6792,32.301859
4648.9518,33.486338
4650.2245,35.259054
4651.4974,37.052684
4652.7704,38.464616
4654.0437,39.685698
4655.3171,40.378677
4656.5907,41.304335
4657.8644,42.258752
4659.1384,43.657614
4660.4125,44.483927
4661.6868,44.959914
4662.9612,45.825443
4664.2359,46.667444
4665.5107,47.025784
4666.7857,46.738374
4668.0608,46.558153
4669.3361,46.158325
4670.6116,45.562419
4671.8873,44.85671
4673.1632,44.156229
4674.4392,43.173396
4675.7154,42.420629
4676.9918,41.754137
4678.2683,41.160847
4679.5451,39.974094
4680.822,38.826557
4682.099,37.956145
4683.3763,36.82168
4684.6537,35.606171
4685.9313,34.254714
4687.2091,33.533322
4688.487,32.770101
4689.7651,31.931064
4691.0434,30.678955
4692.3219,29.568022
4693.6005,28.297613
4694.8793,27.346159
4696.1583,26.384247
4697.4375,25.754362
4698.7168,25.119249
4699.9963,24.465835
4701.276,23.940527
4702.5559,23.572081
4703.8359,23.282067
4705.1161,22.646956
4706.3965,21.972629
4707.6771,21.473466
4708.9578,21.206983
4710.2387,21.050304
4711.5198,20.898855
4712.801,20.658517
4714.0825,20.365892
4715.3641,19.900718
4716.6458,19.710055
4717.9278,19.678868
4719.2099,19.399317
4720.4922,18.80604
4721.7747,18.12126
4723.0573,18.095304
4724.3401,18.367388
4725.6231,18.31006
4726.9063,17.876263
4728.1897,17.499982
4729.4732,17.54723
4730.7569,18.185329
4732.0407,18.303167
4733.3248,17.950417
4734.609,17.553222
4735.8934,17.42531
4737.1779,17.313083
4738.4627,17.245302
4739.7476,17.45726
4741.0327,17.831309
4742.3179,17.776601
4743.6034,17.570259
4744.889,17.366532
4746.1747,17.105289
4747.4607,16.763
4748.7468,16.645549
4750.0331,16.721562
4751.3196,17.00934
4752.6063,17.137641
4753.8931,16.91823
4755.1801,16.552415
4756.4673,16.432351
4757.7546,16.51621
4759.0421,16.372617
4760.3298,16.236869
4761.6177,16.174323
4762.9058,16.362758
4764.194,16.271455
4765.4824,16.269041
4766.7709,16.230026
4768.0597,16.240685
4769.3486,16.267031
4770.6377,16.144357
4771.927,16.123644
4773.2164,15.836265
4774.506,15.771109
4775.7958,15.583077
4777.0858,15.316615
4778.3759,15.139041
4779.6662,15.055586
4780.9567,14.927686
4782.2474,14.611552
4783.5382,14.410451
4784.8292,14.26948
4786.1204,14.115439
4787.4117,13.692116
4788.7033,13.47533
4789.995,13.342205
4791.2869,13.266596
4792.5789,13.123013
4793.8711,13.047405
4795.1635,13.042386
4796.4561,13.08704
4797.7489,12.8781
4799.0418,12.705761
4800.3349,12.562181
4801.6282,12.580693
4802.9216,12.484172
4804.2152,12.437325
4805.509,12.419237
4806.803,12.35409
4808.0971,12.037964
4809.3914,11.742752
4810.6859,11.659306
4811.9806,11.753638
4813.2754,11.712022
4814.5705,11.537074
4815.8656,11.529446
4817.161,11.817244
4818.4565,11.908963
4819.7523,12.107872
4821.0481,11.956455
4822.3442,11.974973
4823.6404,11.949047
4824.9368,11.975409
4826.2334,12.027915
4827.5302,12.00199
4828.8271,12.112013
4830.1242,12.297853
4831.4215,12.512452
4832.7189,12.810712
4834.0166,13.158645
4835.3144,13.723572
4836.6123,14.377388
4837.9105,14.824669
4839.2088,15.371296
4840.5073,15.750604
4841.806,16.088082
4843.1048,16.247782
4844.4038,16.02317
4845.703,16.203786
4847.0024,16.329501
4848.302,16.632993
4849.6017,16.554787
4850.9016,16.102725
4852.2016,15.851971
4853.5019,15.846969
4854.8023,16.040659
4856.1029,15.954612
4857.4036,15.225428
4858.7046,14.527617
4860.0057,13.978825
4861.307,13.99474
4862.6084,14.028956
4863.9101,13.895852
4865.2119,13.313076
4866.5138,12.615267
4867.816,12.165824
4869.1183,11.875859
4870.4208,11.502234
4871.7235,10.992662
4873.0264,11.011195
4874.3294,10.998355
4875.6326,10.933229
4876.936,10.577906
4878.2395,10.335003
4879.5432,10.214975
4880.8471,10.045275
4882.1512,9.8572746
4883.4555,9.6640457
4884.7599,9.5335623
4886.0645,9.5703996
4887.3692,9.6856685
4888.6742,9.5002843
4889.9793,9.2939854
4891.2846,9.1425889
4892.5901,9.2238725
4893.8957,9.3286858
4895.2015,9.2897087
4896.5075,9.0912549
4897.8137,9.0026054
4899.12,8.9845444
4900.4265,9.0606015
4901.7332,8.9065937
4903.04,8.8623901
4904.3471,8.977664
4905.6543,8.9465331
4906.9617,8.8134418
4908.2692,8.688194
4909.577,8.834842
4910.8849,8.9501178
4912.1929,8.9111456
4913.5012,8.6055072
4914.8096,8.3416992
4916.1182,8.3158001
4917.427,8.5513393
4918.7359,8.7345912
4920.0451,8.7452946
4921.3544,8.4971748
4922.6638,8.2908854
4923.9735,8.061067
4925.2833,8.0403993
4926.5933,8.1190784
4927.9035,8.1454703
4929.2138,8.064673
4930.5243,7.8688434
4931.835,7.8168051
4933.1459,7.9451593
4934.4569,7.9689387
4935.7681,7.8646139
4937.0795,7.6531
4938.3911,7.6977956
4939.7028,7.8993543
4941.0147,8.0172533
4942.3268,8.0384206
4943.6391,7.9811569
4944.9515,8.0938283
4946.2641,8.0104216
4947.5769,7.8668845
4948.8898,7.7416485
4950.203,7.7445175
4951.5163,7.817975
4952.8298,7.7084264
4954.1434,7.6537802
4955.4572,7.6749513
4956.7712,7.649064
4958.0854,7.6153339
4959.3998,7.6391206
4960.7143,7.7805547
4962.029,7.7285251
4963.3438,7.5588488
4964.6589,7.4466893
4965.9741,7.4966216
4967.2895,7.4759661
4968.6051,7.2200168
4969.9208,7.0660288
4971.2367,6.987858
4972.5528,7.1057661
4973.8691,7.1164851
4975.1855,7.006943
4976.5021,6.8607999
4977.8189,6.7852455
4979.1359,6.7776653
4980.453,6.7831574
4981.7703,6.762506
4983.0878,6.7209401
4984.4055,6.8022503
4985.7233,6.8835609
4987.0413,6.8289241
4988.3595,6.6566407
4989.6779,6.3667106
4990.9964,6.4532515
4992.3151,6.5319496
4993.634,6.6158769
4994.953,6.5350987
4996.2722,6.6896149
4997.5916,6.833674
4998.9112,6.9515897
5000.231,6.7348653
5001.5509,6.7011478
5002.871,6.7223326
5004.1913,6.6990734
5005.5117,6.5189518
5006.8323,6.2603992
5008.1531,6.1979254
5009.4741,6.2635566
5010.7952,6.3553319
5012.1165,6.4523364
5013.438,6.4604524
5014.7597,6.4032093
5016.0815,6.1917182
5017.4036,5.8730379
5018.7257,5.802724
5020.0481,5.9572471
5021.3706,6.1457575
5022.6933,5.994399
5024.0162,5.863956
5025.3393,5.8642322
5026.6625,6.0004566
5027.9859,6.2386421
5029.3095,6.2964359
5030.6333,6.2130535
5031.9572,5.9832663
5033.2813,5.7691658
5034.6056,5.8348042
5035.93,5.769724
5037.2547,5.7386312
5038.5795,5.7493687
5039.9044,5.5012832
5041.2296,5.480649
5042.5549,5.3789694
5043.8804,5.6772902
5045.2061,5.8841081
5046.5319,5.7798153
5047.8579,5.4193137
5049.1841,5.1006426
5050.5105,5.134913
5051.837,5.3182034
5053.1638,5.4282916
5054.4906,5.4782494
5055.8177,5.6536979
5057.1449,5.659212
5058.4724,5.6699553
5059.7999,5.3905029
5061.1277,5.3123581
5062.4556,5.064279
5063.7838,5.0201218
5065.112,4.9210631
5066.4405,4.9736387
5067.7691,4.9320971
5069.0979,4.9219284
5070.4269,5.000649
5071.7561,5.0113961
5073.0854,5.0090717
5074.4149,4.9387738
5075.7446,4.7743586
5077.0744,4.8739961
5078.4045,4.8586014
5079.7347,5.0863442
5081.065,4.9559175
5082.3956,4.8019618
5083.7263,4.5251306
5085.0572,4.4522214
5086.3883,4.5074171
5087.7195,4.8972537
5089.0509,4.8426463
5090.3825,4.8795425
5091.7143,4.7072888
5093.0462,4.7023557
5094.3784,4.7366387
5095.7106,4.6009874
5097.0431,4.6091274
5098.3757,4.5283788
5099.7086,4.6724672
5101.0415,4.9603469
5102.3747,4.9606452
5103.708,4.8485256
5105.0416,4.657975
5106.3752,4.5929151
5107.7091,4.7474633
5109.0431,4.8105086
5110.3773,4.891855
5111.7117,4.9418292
5113.0463,4.9891894
5114.381,5.0679225
5115.7159,4.725741
5117.051,4.5116644
5118.3862,4.3864771
5119.7217,4.5619438
5121.0573,4.6537508
5122.393,4.6174535
5123.729,4.5445553
5125.0651,4.3121804
5126.4014,4.2366686
5127.7379,4.1140983
5129.0745,4.0725742
5130.4113,4.117325
5131.7483,4.2849519
5133.0855,4.3297035
5134.4228,4.2698802
5135.7604,3.9486195
5137.098,3.8312806
5138.4359,3.7688441
5139.7739,3.782225
5141.1122,3.9916847
5142.4505,3.8743474
5143.7891,3.8249844
5145.1278,3.5769289
5146.4667,3.5275665
5147.8058,3.5461785
5149.1451,3.4759019
5150.4845,3.5703316
5151.8241,3.4895982
5153.1639,3.5421986
5154.5039,3.5555837
5155.844,3.4591652
5157.1843,3.3888909
5158.5248,3.1695974
5159.8654,3.1594546
5161.2062,3.2460442
5162.5472,3.400608
5163.8884,3.7904663
5165.2298,3.7933969
5166.5713,3.665609
5167.913,3.3966449
5169.2549,3.3316028
5170.5969,3.473097
5171.9391,3.2773367
5173.2815,3.1887663
5174.6241,3.1106538
5175.9668,3.178947
5177.3097,3.2942993
5178.6528,3.3312206
5179.9961,3.5145476
5181.3395,3.4312082
5182.6831,3.2877386
5184.0269,3.1808706
5185.3709,3.1942644
5186.715,3.382822
5188.0593,3.5530793
5189.4038,3.60569
5190.7485,3.5563402
5192.0933,3.5069909
5193.4383,3.5805177
5194.7835,3.3952214
5196.1289,3.2073111
5197.4744,3.0952181
5198.8201,3.1818184
5200.166,3.3756085
5201.512,3.3968501
5202.8582,3.3945626
5204.2046,3.2354127
5205.5512,3.2854135
5206.898,3.3824736
5208.2449,3.555351
5209.592,3.5792092
5210.9392,3.6788848
5212.2867,3.5563385
5213.6343,3.5383678
5214.9821,3.4079791
5216.3301,3.5625582
5217.6782,3.7903402
5219.0265,3.90309
5220.375,3.8955786
5221.7237,3.7364337
5223.0725,3.8622565
5224.4215,3.8259882
5225.7707,3.8681516
5227.1201,4.004433
5228.4696,4.396924
5229.8193,4.9515069
5231.1692,5.1034757
5232.5193,5.069824
5233.8695,5.0544734
5235.2199,5.1149401
5236.5705,5.3557994
5237.9212,5.4136525
5239.2722,5.5656236
5240.6233,5.8247847
5241.9745,5.7885213
5243.326,5.8202322
5244.6776,5.6401787
5246.0294,5.5986877
5247.3814,5.6408572
5248.7335,5.6699552
5250.0859,5.646766
5251.4384,5.5320739
5252.791,5.1271861
5254.1439,4.9026908
5255.4969,4.547477
5256.8501,4.4380151
5258.2035,4.440972
5259.557,4.1929489
5260.9107,4.0704163
5262.2646,3.7596488
5263.6187,3.7678359
5264.9729,3.6740627
5266.3273,3.4417277
5267.6819,3.167563
5269.0367,2.8750981
5270.3916,2.757797
5271.7467,2.8235027
5273.102,2.9048951
5274.4574,2.8790984
5275.8131,2.7225831
5277.1689,2.5477675
5278.5249,2.5716451
5279.881,2.5510786
5281.2373,2.6194014
5282.5939,2.5596201
5283.9505,2.5782704
5285.3074,2.5838493
5286.6644,2.558056
5288.0216,2.5035049
5289.379,2.420196
5290.7365,2.4205476
5292.0942,2.2875662
5293.4521,2.2382454
5294.8102,2.0765067
5296.1685,2.1892781
5297.5269,2.2000891
5298.8855,2.2684169
5300.2442,2.294915
5301.6032,2.2194526
5302.9623,2.374056
5304.3216,2.3430389
5305.681,2.4087542
5307.0407,2.1895025
5308.4005,2.0094669
5309.7605,2.0830265
5311.1206,2.1853446
5312.481,2.2693624
5313.8415,2.0945571
5315.2022,2.0661574
5316.563,2.0978888
5317.9241,2.0904049
5319.2853,2.0750782
5320.6466,2.1277258
5322.0082,2.0757986
5323.3699,2.0343293
5324.7318,1.8699845
5326.0939,1.7866859
5327.4562,1.6406426
5328.8186,1.6593055
5330.1812,1.7590146
5331.544,1.8168939
5332.9069,1.7701985
5334.27,1.8620656
5335.6333,1.9173317
5336.9968,1.8601799
5338.3604,1.7245972
5339.7242,1.6256161
5341.0882,1.6625831
5342.4524,1.6211191
5343.8167,1.5848842
5345.1813,1.5878655
5346.546,1.5856183
5347.9108,1.6905611
5349.2759,1.6334127
5350.6411,1.8167876
5352.0065,1.8537577
5353.372,1.8724274
5354.7377,1.7943656
5356.1037,1.7267616
5357.4697,1.9022952
5358.836,1.889594
5360.2024,1.8951938
5361.569,1.6864149
5362.9358,1.571754
5364.3028,1.5878124
5365.6699,1.6091
5367.0372,1.5101265
5368.4047,1.3039639
5369.7723,1.1579323
5371.1401,1.155692
5372.5081,1.1299227
5373.8763,1.1041537
5375.2447,1.070542
5376.6132,1.0238588
5377.9819,1.0451498
5379.3508,1.2023889
5380.7198,1.3753146
5382.089,1.3234042
5383.4584,1.1146313
5384.828,1.0836367
5386.1977,1.0892437
5387.5676,1.0294916
5388.9377,0.9801974
5390.308,0.99887745
5391.6784,1.0332442
5393.049,0.94734981
5394.4198,0.83008329
5395.7908,0.9193531
5397.1619,0.90927688
5398.5332,0.89397229
5399.9047,0.74272036
5401.2764,0.72480215
5402.6482,0.71472746
5404.0202,0.68896687
5405.3924,0.6579779
5406.7647,0.71849259
5408.1373,0.68750438
5409.51,0.68004597
5410.8828,0.47650951
5412.2559,0.50565317
5413.6291,0.40146387
5415.0025,0.50903966
5416.3761,0.40485113
5417.7498,0.41831003
5419.1238,0.39255363
5420.4978,0.41385643
5421.8721,0.30705504
5423.2466,0.43816253
5424.6212,0.58234229
5425.996,0.66116295
5427.3709,0.53083367
5428.7461,0.32730216
5430.1214,0.30416318
5431.4969,0.18167818
5432.8725,0.061807934
5434.2484,-0.065905065
5435.6244,0.012918263
5437.0006,0.19893152
5438.3769,0.31958567
5439.7535,0.23631864
5441.1302,0.18703891
5442.5071,0.16651774
5443.8841,0.21919956
5445.2614,0.12286216
5446.6388,0.084041472
5448.0163,0.089665611
5449.3941,0.040388171
5450.772,-0.032418301
5452.1501,-0.14138894
5453.5284,-0.07258005
5454.9069,0.0093024959
5456.2855,0.0075266687
5457.6643,0.0031382201
5459.0432,-0.12412429
5460.4224,-0.055306607
5461.8017,-0.12766364
5463.1812,-0.14250257
5464.5609,-0.099823411
5465.9407,-0.0309987
5467.3207,0.045670906
5468.7009,-0.086808057
5470.0813,-0.26111533
5471.4618,-0.12692411
5472.8426,-0.011031787
5474.2234,0.23558125
5475.6045,0.15801303
5476.9857,0.14580605
5478.3672,0.096999524
5479.7487,-0.027622242
5481.1305,-0.15224225
5482.5124,-0.25594547
5483.8945,-0.14526784
5485.2768,-0.018902185
5486.6593,0.047334511
5488.0419,-0.04590416
5489.4247,-0.0031933605
5490.8077,0.23298325
5492.1909,0.23648188
5493.5742,0.13802148
5494.9577,0.042177216
5496.3414,0.14502752
5497.7252,0.054415533
5499.1092,-0.033580319
5500.4934,0.014373299
5501.8778,0.14598881
5503.2623,0.20701783
5504.6471,0.11641463
5506.032,0.0048981574
5507.417,-0.096159045
5508.8023,-0.076953051
5510.1877,-0.047287784
5511.5733,-0.077751478
5512.9591,-0.18141603
5514.345,-0.32168013
5515.7311,-0.28416469
5517.1174,-0.092399135
5518.5039,0.15427014
5519.8905,0.15780392
5521.2773,0.09714936
5522.6643,0.0025094461
5524.0515,-0.0032400026
5525.4388,0.03284219
5526.8263,0.097684129
5528.214,-0.012635755
5529.6018,-0.078509619
5530.9899,-0.099937461
5532.3781,0.05641405
5533.7664,0.06113315
5535.155,0.086768859
5536.5437,0.18560876
5537.9326,0.32889468
5539.3217,0.35453512
5540.711,0.36710523
5542.1004,0.21497104
5543.49,0.27198876
5544.8798,0.21136099
5546.2697,0.16642107
5547.6598,0.12409711
5549.0501,0.079160345
5550.4406,0.28259117
5551.8312,0.33438958
5553.222,0.21102617
5554.613,0.0092329647
5556.0042,-0.14811422
5557.3955,-0.012649373
5558.7871,0.13588895
5560.1787,0.049134724
5561.5706,0.093101032
5562.9626,0.19719963
5564.3549,0.31175733
5565.7472,0.38187216
5567.1398,0.26898202
5568.5325,0.37308693
5569.9254,0.20268361
5571.3185,0.13947141
5572.7118,0.047502614
5574.1052,0.044424283
5575.4988,0.041347529
5576.8926,0.0068998012
5578.2866,0.082257571
5579.6807,0.060884891
5581.075,0.10225889
5582.4695,-0.034143322
5583.8641,-0.10518448
5585.2589,-0.27818484
5586.6539,-0.30216402
5588.0491,-0.32091286
5589.4444,-0.062535948
5590.84,0.083176846
5592.2357,0.17137484
5593.6315,0.14715609
5595.0276,0.14908267
5596.4238,0.17976896
5597.8202,0.032679024
5599.2167,-0.093494336
5600.6135,-0.16214981
5602.0104,-0.16021551
5603.4075,0.009040607
5604.8048,0.11555317
5606.2022,0.22729603
5607.5998,0.15864828
5608.9976,-0.043331257
5610.3955,-0.023087027
5611.7937,-0.076043866
5613.192,-0.037495891
5614.5905,-0.11397905
5615.9891,-0.10418616
5617.388,0.018026584
5618.787,0.038280085
5620.1861,-0.059111927
5621.5855,-0.13820174
5622.985,-0.00029654416
5624.3847,0.085322615
5625.7846,0.12127012
5627.1846,-0.046702404
5628.5849,-0.097026321
5629.9853,-0.016629739
5631.3858,-0.030349259
5632.7866,0.036978518
5634.1875,-0.068241179
5635.5886,-0.019210966
5636.9899,0.12132406
5638.3913,0.16774299
5639.7929,0.16710463
5641.1947,0.10895149
5642.5967,0.0612574
5643.9988,0.044937407
5645.4011,-0.052426791
5646.8036,0.093347811
5648.2063,0.15546383
5649.6091,0.14437877
5651.0121,0.073164547
5652.4153,0.080383238
5653.8187,0.27061001
5655.2222,0.28044617
5656.6259,0.31904205
5658.0298,0.32626692
5659.4339,0.36486588
5660.8381,0.28059058
5662.2425,0.20677433
5663.6471,0.21139101
5665.0518,0.15064975
5666.4568,0.13435448
5667.8619,0.16773396
5669.2671,0.19327185
5670.6726,0.25802696
5672.0782,0.32801239
5673.484,0.46597321
5674.89,0.35034081
5676.2961,0.25823936
5677.7024,0.32038783
5679.1089,0.41129601
5680.5156,0.41070246
5681.9225,0.27154838
5683.3295,0.236971
5684.7367,0.15272196
5686.144,0.22795159
5687.5516,0.42082983
5688.9593,0.47776189
5690.3672,0.46933603
5691.7752,0.25699014
5693.1835,0.2328811
5694.5919,0.1957017
5696.0005,0.14022319
5697.4092,0.16579199
5698.8182,0.17829043
5700.2273,0.19601917
5701.6365,0.04120044
5703.046,-0.048257268
5704.4556,-0.1037265
5705.8654,-0.057233408
5707.2754,0.065078226
5708.6856,0.038371797
5710.0959,0.04826822
5711.5064,-0.049023354
5712.9171,0.039307532
5714.3279,-0.023994023
5715.7389,-0.10298031
5717.1501,-0.095690538
5718.5615,-0.049183536
5719.9731,0.0025537689
5721.3848,-0.047668165
5722.7967,-0.006385286
5724.2087,0.055814171
5725.621,0.023897526
5727.0334,-0.013246332
5728.446,-0.071303677
5729.8588,-0.077071895
5731.2717,-0.073311806
5732.6848,-0.069550286
5734.0981,0.062317239
5735.5116,0.039937829
5736.9252,0.033246124
5738.339,-0.080633693
5739.753,-0.0088911646
5741.1672,0.021022729
5742.5815,0.084924981
5743.996,0.096541082
5745.4107,0.074171685
5746.8255,0.11454882
5748.2406,0.23858751
5749.6558,0.25543809
5751.0711,0.16510056
5752.4867,-0.024581947
5753.9024,-0.073086552
5755.3183,-0.02747208
5756.7344,0.036444477
5758.1506,0.071604294
5759.5671,0.0021903783
5760.9837,-0.156111
5762.4004,-0.1941495
5763.8174,-0.15636958
5765.2345,-0.032313725
5766.6518,-0.037231525
5768.0693,0.051969646
5769.4869,0.23267541
5770.9047,0.31403609
5772.3227,0.19931966
5773.7409,-0.12193139
5775.1592,-0.2575602
5776.5777,-0.31214194
5777.9964,-0.27521908
5779.4153,-0.16509229
5780.8343,0.031310332
5782.2535,0.16758356
5783.6729,0.031962689
5785.0925,-0.074898689
5786.5122,-0.05103979
5787.9321,0.040794289
5789.3522,0.043740802
5790.7725,-0.021285217
5792.1929,-0.088924292
5793.6135,-0.19054897
5795.0343,-0.19282592
5796.4552,-0.16634338
5797.8763,0.01961761
5799.2976,0.012115872
5800.7191,0.02291611
5802.1408,-0.11268756
5803.5626,-0.13064284
5804.9846,-0.025720985
5806.4068,0.011228338
5807.8291,0.15798291
5809.2516,0.14003292
5810.6743,0.24234569
5812.0972,0.12243756
5813.5202,0.09926278
5814.9434,0.1545207
5816.3668,0.30128321
5817.7904,0.33301436
5819.2141,0.26017167
5820.6381,0.16902965
5822.0621,0.10926151
5823.4864,0.10439665
5824.9108,0.12829128
5826.3355,0.32735064
5827.7602,0.33817602
5829.1852,0.29932953
5830.6103,0.17159547
5832.0356,0.049091488
5833.4611,0.080837199
5834.8868,0.018466586
5836.3126,0.050214944
5837.7386,0.11595155
5839.1648,0.267964
5840.5911,0.32847449
5842.0177,0.23735233
5843.4444,0.20113345
5844.8712,0.17798779
5846.2983,0.12869966
5847.7255,0.014053374
5849.1529,0.11640188
5850.5805,0.22136609
5852.0082,0.26881528
5853.4361,0.1018867
5854.8642,-0.091184334
5856.2925,0.00071327171
5857.7209,0.063854031
5859.1496,0.2786301
5860.5784,0.20321141
5862.0073,0.34478752
5863.4365,0.21185514
5864.8658,0.11552539
5866.2953,0.20743226
5867.7249,0.25228163
5869.1548,0.35203428
5870.5848,0.16420656
5872.015,0.10448474
5873.4453,0.17286881
5874.8758,-0.028026834
5876.3065,-0.05114338
5877.7374,-0.066415465
5879.1685,0.056875865
5880.5997,0.13833845
5882.0311,0.044638966
5883.4627,0.17054865
5884.8944,0.15005442
5886.3264,0.056358903
5887.7585,0.01756667
5889.1908,0.085965304
5890.6232,0.15436526
5892.0558,0.20446589
5893.4886,0.15522143
5894.9216,0.18702405
5896.3547,0.020135185
5897.7881,-0.0055758873
5899.2215,-0.0025274667
5900.6552,-0.062222821
5902.0891,0.055860927
5903.5231,0.0013969777
5904.9573,0.035823241
5906.3916,-0.081383159
5907.8262,-0.033882353
5909.2609,0.17692986
5910.6958,0.076632123
5912.1308,0.073067562
5913.5661,-0.20500565
5915.0015,-0.20595352
5916.4371,-0.20690024
5917.8728,-0.18170202
5919.3088,-0.11467257
5920.7449,-0.068557005
5922.1811,-0.045969697
5923.6176,0.015834451
5925.0542,-0.050464821
5926.491,0.066243596
5927.928,0.018247285
5929.3652,0.0094678145
5930.8025,0.11572218
5932.24,0.18014763
5933.6777,0.32039123
5935.1155,0.35606082
5936.5535,0.43879039
5937.9917,0.44308973
5939.4301,0.30098501
5940.8686,0.15626706
5942.3074,-0.043351701
5943.7463,-0.018132703
5945.1853,-0.0033700683
5946.6246,0.029694374
5948.064,0.13073383
5949.5036,0.048767898
5950.9433,0.12105149
5952.3833,0.1096761
5953.8234,0.12967442
5955.2637,0.14967389
5956.7041,-0.029018293
5958.1448,0.12431682
5959.5856,0.1260191
5961.0266,0.17216698
5962.4677,0.20262974
5963.9091,0.13636162
5965.3506,0.15636917
5966.7922,-0.0092430412
5968.2341,-0.046749524
5969.6761,-0.10255551
5971.1183,-0.1374453
5972.5607,-0.1148176
5974.0033,-0.24120836
5975.446,-0.17674829
5976.8889,-0.15411713
5978.332,0.06459362
5979.7752,0.10029898
5981.2186,0.020972822
5982.6622,-0.024365257
5984.106,0.037487359
5985.5499,0.19868754
5986.9941,0.26315684
5988.4384,0.17860769
5989.8828,0.12804662
5991.3275,0.040885401
5992.7723,-0.038431529
5994.2173,-0.049773449
5995.6624,-0.053271077
5997.1078,-0.098597617
5998.5533,0.039083534
5999.999,0.14539329
6001.4448,0.31967805
6002.8909,0.14363718
6004.3371,0.087858891
6005.7835,0.15495758
6007.23,0.26388748
6008.6768,0.27870089
6010.1237,0.20201219
6011.5707,0.16454033
6013.018,0.11922648
6014.4654,0.063456273
6015.913,0.039059768
6017.3608,0.022507555
6018.8088,0.081773489
6020.2569,0.099210511
6021.7052,0.17416503
6023.1537,0.15500305
6024.6023,0.19335857
6026.0511,0.08792439
6027.5001,0.13151097
6028.9493,0.088824201
6030.3986,0.1062693
6031.8482,0.13678745
6033.2979,0.12024793
6034.7477,0.15338277
6036.1978,0.068871701
6037.648,0.044492506
6039.0984,-0.045245012
6040.5489,-0.10360883
6041.9997,-0.12537018
6043.4506,-0.039940837
6044.9017,0.10039162
6046.3529,0.17275138
6047.8044,0.21635411
6049.256,0.087408989
6050.7078,0.00029508207
6052.1597,-0.011000677
6053.6119,0.035221057
6055.0642,0.063143292
6056.5166,0.059694132
6057.9693,0.098076192
6059.4221,0.17567509
6060.8751,0.11209867
6062.3283,0.024994
6063.7817,-0.085638933
6065.2352,-0.021107313
6066.6889,0.1009418
6068.1428,0.19161952
6069.5968,0.12543565
6071.051,-0.045322233
6072.5054,-0.13241883
6073.96,-0.13585414
6075.4147,-0.16281771
6076.8697,-0.18716575
6078.3248,-0.10693747
6079.78,0.10401092
6081.2355,0.18947027
6082.6911,0.14682619
6084.1469,0.044052555
6085.6028,-0.048262413
6087.059,-0.025543548
6088.5153,-0.034196078
6089.9718,-0.055204928
6091.4284,-0.1703305
6092.8853,-0.12597802
6094.3423,0.0020355205
6095.7995,0.072533646
6097.2568,0.038457534
6098.7143,0.064513069
6100.1721,0.064425739
6101.6299,0.061724957
6103.088,0.074711376
6104.5462,0.11907127
6106.0046,0.10068699
6107.4632,0.016944168
6108.9219,0.035163053
6110.3809,0.11874234
6111.84,0.089904256
6113.2992,0.13949847
6114.7587,0.16817858
6116.2183,0.24391844
6117.6781,0.21508406
6119.1381,0.22546629
6120.5982,0.31428083
6122.0585,0.27237733
6123.519,0.26184732
6124.9797,0.36112215
6126.4405,0.41856784
6127.9016,0.46555694
6129.3628,0.4210437
6130.8241,0.36345949
6132.2857,0.34247752
6133.7474,0.11757491
6135.2093,0.11750982
6136.6713,0.21417769
6138.1336,0.29777458
6139.596,0.26633973
6141.0585,0.13294501
6142.5213,0.3158911
6143.9842,0.42302111
6145.4473,0.41773375
6146.9106,0.16931007
6148.3741,0.012390578
6149.8377,-0.12361295
6151.3015,-0.18118419
6152.7655,-0.14725122
6154.2296,-0.013970929
6155.694,0.13499657
6157.1585,0.13494538
6158.6231,-0.0088957273
6160.088,-0.11874898
6161.553,-0.21030065
6163.0182,-0.14404242
6164.4836,-0.049025286
6165.9491,-0.019366901
6167.4148,-0.00016530424
6168.8807,-0.12213945
6170.3468,-0.097707638
6171.813,-0.081118235
6173.2794,-0.054070587
6174.746,0.095853606
6176.2128,0.0078700313
6177.6797,-0.022596475
6179.1469,-0.13149363
6180.6141,-0.028625343
6182.0816,0.13437439
6183.5492,0.23201537
6185.017,0.23292506
6186.485,0.10311651
6187.9532,0.098798898
6189.4215,0.17291338
6190.89,0.28624428
6192.3587,0.27408571
6193.8276,0.10767951
6195.2966,0.02493416
6196.7658,-0.026437909
6198.2352,0.10781167
6199.7047,0.20284628
6201.1744,0.18023457
6202.6443,0.15762358
6204.1144,0.13501333
6205.5847,0.20390706
6207.0551,0.29371657
6208.5257,0.32862483
6209.9964,0.23542925
6211.4674,0.15269192
6212.9385,0.16145858
6214.4098,0.27741552
6215.8813,0.30448429
6217.3529,0.1929917
6218.8247,0.18346062
6220.2967,0.17915903
6221.7689,0.32910654
6223.2412,0.35879333
6224.7137,0.34403641
6226.1864,0.34758087
6227.6593,0.28838096
6229.1323,0.25532557
6230.6055,0.23272843
6232.0789,0.2493477
6233.5525,0.29472587
6235.0262,0.40284986
6236.5001,0.48221642
6237.9742,0.50929612
6239.4484,0.3664419
6240.9229,0.27326162
6242.3975,0.2768141
6243.8722,0.32742612
6245.3472,0.4381696
6246.8223,0.39727981
6248.2976,0.27273062
6249.7731,0.25275733
6251.2487,0.26677169
6252.7246,0.41934887
6254.2006,0.36016207
6255.6767,0.27221784
6257.1531,0.20257498
6258.6296,0.17214854
6260.1063,0.33780126
6261.5831,0.2786181
6263.0602,0.21420692
6264.5374,0.081822609
6266.0148,0.056628568
6267.4924,0.19875552
6268.9701,0.25722306
6270.448,0.36797892
6271.9261,0.32187276
6273.4044,0.33328367
6274.8828,0.34992407
6276.3614,0.31689199
6277.8402,0.18974299
6279.3191,0.093967271
6280.7983,0.13413999
6282.2776,0.15078403
6283.7571,0.052396117
6285.2367,0.024597167
6286.7165,0.056929665
6288.1965,0.14155047
6289.6767,0.10068181
6291.1571,0.1696178
6292.6376,0.15489439
6294.1183,0.069583473
6295.5992,0.073162171
6297.0802,0.18393114
6298.5614,0.32084463
6300.0428,0.23553662
6301.5244,0.13454307
6303.0061,0.072765938
6304.4881,0.026675804
6305.9701,0.025030844
6307.4524,0.0050859586
6308.9349,0.013899972
6310.4175,0.048858504
6311.9003,0.049830836
6313.3832,0.095248342
6314.8664,0.096222132
6316.3497,0.031837172
6317.8332,0.022354903
6319.3168,0.070389701
6320.8007,0.17071281
6322.2847,0.176919
6323.7688,0.12560958
6325.2532,0.13181723
6326.7377,0.1380256
6328.2224,0.076260849
6329.7073,0.014496825
6331.1924,-0.052495229
6332.6776,0.019075538
6334.163,0.077575137
6335.6486,0.20143494
6337.1343,0.23640659
6338.6203,0.30798027
6340.1064,0.33772461
6341.5926,0.2158357
6343.0791,0.093947509
6344.5657,0.013890116
6346.0525,0.0096504452
6347.5395,-0.036418563
6349.0266,-0.024970502
6350.5139,0.051837764
6352.0014,0.16524807
6353.4891,0.11395321
6354.9769,-8.6007669e-005
6356.4649,0.05581014
6357.9531,0.16922336
6359.4415,0.27217978
6360.93,0.14507158
6362.4187,0.09116672
6363.9076,0.042491346
6365.3967,0.067019315
6366.8859,-0.010412772
6368.3753,-0.072157855
6369.8649,-0.047627701
6371.3547,-0.0047961644
6372.8446,0.13215375
6374.3347,0.12792792
6375.825,0.1629185
6377.3154,0.13255034
6378.8061,0.12048356
6380.2969,0.13717567
6381.7878,-0.013451743
6383.279,-0.098718954
6384.7703,-0.1244926
6386.2618,-0.15288058
6387.7535,-0.14205283
6389.2453,-0.30900281
6390.7374,-0.28510308
6392.2296,-0.13309873
6393.7219,-0.028153158
6395.2145,0.11600814
6396.7072,-0.048327247
6398.2001,-0.0061266447
6399.6931,-0.0083704439
6401.1864,0.031215865
6402.6798,-0.0050147755
6404.1734,-0.080461059
6405.6671,-0.046103378
6407.1611,0.024855653
6408.6552,0.090585969
6410.1495,0.064813061
6411.6439,-0.081221242
6413.1386,-0.080850273
6414.6334,0.0031808697
6416.1284,-0.035663761
6417.6235,-0.069279591
6419.1189,-0.18916989
6420.6144,-0.10513857
6422.11,-0.076009173
6423.6059,-0.067794764
6425.1019,0.044994852
6426.5981,0.17608516
6428.0945,0.23920166
6429.591,0.16898487
6431.0878,0.0072648572
6432.5847,-0.013278645
6434.0817,0.026308616
6435.579,0.12602664
6437.0764,0.24404536
6438.574,0.064024905
6440.0718,-0.037564132
6441.5697,-0.065950511
6443.0678,0.10958472
6444.5661,0.19361673
6446.0646,0.042354662
6447.5632,0.016582834
6449.0621,0.095386213
6450.561,0.23432035
6452.0602,0.20593428
6453.5595,0.11741752
6455.0591,0.049815848
6456.5587,0.18613578
6458.0586,0.16036426
6459.5586,0.17642284
6461.0588,0.14280827
6462.5592,0.090893081
6464.0598,0.05989297
6465.5605,-0.059995985
6467.0614,0.010964775
6468.5625,0.16035695
6470.0637,0.31236355
6471.5652,0.35718065
6473.0668,0.25559256
6474.5686,0.19060583
6476.0705,0.19359299
6477.5726,0.11553445
6479.0749,0.11067856
6480.5774,0.071835789
6482.08,0.16371201
6483.5829,0.12748371
6485.0859,0.057268517
6486.589,-0.036476042
6488.0924,-0.015187879
6489.5959,0.011329086
6491.0996,0.18948008
6492.6034,0.21076837
6494.1075,0.16931161
6495.6117,0.046809142
6497.1161,0.041953773
6498.6207,0.073699756
6500.1254,-0.027887552
6501.6303,-0.19221991
6503.1354,-0.071584914
6504.6406,0.075193921
6506.1461,0.33700548
6507.6517,0.14914388
6509.1575,0.15474637
6510.6634,0.10283257
6512.1696,0.16333711
6513.6759,0.20554104
6515.1823,0.012450898
6516.689,-0.068220901
6518.1958,-0.1436639
6519.7028,-0.033485939
6521.21,0.21786853
6522.7173,0.14504005
6524.2249,0.04083905
6525.7326,-0.15225079
6527.2404,-0.042072615
6528.7485,0.16222325
6530.2567,0.15998321
6531.7651,0.079311847
6533.2737,-0.027503268
6534.7824,0.0094175506
6536.2913,0.056795922
6537.8004,0.070187403
6539.3097,0.049591992
6540.8191,-0.012833447
6542.3287,-0.12493205
6543.8385,-0.1141548
6545.3485,-0.053704314
6546.8586,0.019818107
6548.3689,-0.09228035
6549.8794,-0.11548988
6551.3901,-0.047196108
6552.9009,0.062927768
6554.4119,0.099849066
6555.9231,0.074025303
6557.4345,0.17369177
6558.946,0.23675697
6560.4577,0.27106404
6561.9696,0.26876984
6563.4816,0.10438417
6564.9939,-0.073073363
6566.5063,-0.038766149
6568.0188,0.013841756
6569.5316,0.1161229
6571.0445,-0.06394886
6572.5576,-0.00088332875
6574.0709,0.19028681
6575.5843,0.30825438
6577.098,0.41576447
6578.6117,0.34549681
6580.1257,0.36150371
6581.6399,0.27293547
6583.1542,0.18698165
6584.6687,0.26311938
6586.1833,0.18239439
6587.6982,0.24807467
6589.2132,0.22225172
6590.7284,0.26178828
6592.2437,0.2490373
6593.7593,0.16569812
6595.275,0.09543087
6596.7909,0.014706143
6598.3069,-0.073861686
6599.8232,-0.055239934
6601.3396,-0.049690042
6602.8562,-0.010153184
6604.3729,0.15748829
6605.8898,0.20486835
6607.4069,0.25224846
6608.9242,0.14276586
6610.4417,0.25289113
6611.9593,0.32118638
6613.4771,0.40778232
6614.9951,0.46039137
6616.5132,0.34829457
6618.0316,0.31201481
6619.5501,0.30187887
6621.0687,0.50873643
6622.5876,0.5822607
6624.1066,0.55905297
6625.6258,0.61950541
6627.1452,0.74793175
6628.6647,0.8292993
6630.1844,0.80086297
6631.7043,0.68615216
6633.2244,0.63941525
6634.7446,0.55607706
6636.265,0.53025525
6637.7856,0.60116551
6639.3064,0.71652024
6640.8273,0.81095999
6642.3484,0.77206643
6643.8697,0.83774807
6645.3912,0.8354559
6646.9128,0.7913337
6648.4346,0.82041414
6649.9566,0.82335084
6651.4787,0.80275816
6653.0011,0.74033545
6654.5236,0.79294545
6656.0463,0.90307184
6657.5691,0.91385185
6659.0921,0.97691949
6660.6153,1.0582878
6662.1387,1.2520745
6663.6623,1.3543579
6665.186,1.3965107
6666.7099,1.3994478
6668.234,1.444215
6669.7582,1.5700279
6671.2826,1.6749259
6672.8072,1.7432227
6674.332,1.8481207
6675.8569,1.9268751
6677.382,2.1311196
6678.9073,2.4164099
6680.4328,2.8088899
6681.9584,3.057579
6683.4843,3.1284903
6685.0102,3.1209703
6686.5364,3.1631236
6688.0627,3.4379566
6689.5893,3.5663845
6691.1159,3.7471
6692.6428,3.8441553
6694.1698,4.0170277
6695.697,4.1768283
6697.2244,4.28957
6698.752,4.3970831
6700.2797,4.5255112
6701.8076,4.499691
6703.3357,4.6490342
6704.8639,4.7199461
6706.3924,4.7307273
6707.921,4.6578484
6709.4497,4.5222244
6710.9787,4.6297377
6712.5078,4.6666629
6714.0371,4.7820194
6715.5666,4.821559
6717.0962,4.7303797
6718.6261,4.6444291
6720.156,4.5976943
6721.6862,4.747038
6723.2166,4.9434405
6724.7471,4.9071633
6726.2778,4.7427816
6727.8086,4.7431058
6729.3397,4.9604235
6730.8709,5.1202249
6732.4023,4.8957126
6733.9338,4.6319846
6735.4656,4.3734855
6736.9975,4.3241367
6738.5296,4.240801
6740.0618,4.1992955
6741.5943,4.1813193
6743.1269,3.920206
6744.6596,3.6904652
6746.1926,3.4737964
6747.7257,3.4976505
6749.259,3.5293478
6750.7925,3.5505875
6752.3262,3.5509123
6753.86,3.4492764
6755.394,3.2509084
6756.9282,3.1440438
6758.4625,3.1940419
6759.997,3.1290074
6761.5317,2.9227965
6763.0666,2.7296575
6764.6017,2.6959956
6766.1369,2.6858632
6767.6723,2.6783452
6769.2078,2.5714809
6770.7436,2.5822636
6772.2795,2.4492556
6773.8156,2.381607
6775.3519,2.4028474
6776.8883,2.418859
6778.4249,2.4688576
6779.9617,2.4665687
6781.4987,2.4590511
6783.0358,2.4306184
6784.5731,2.3446695
6786.1106,2.3266944
6787.6482,2.2538174
6789.1861,2.1077379
6790.7241,1.9747302
6792.2623,2.0142717
6793.8006,2.0093687
6795.3392,2.2110017
6796.8779,2.2740727
6798.4167,2.3240718
6799.9558,2.2119794
6801.495,2.0397563
6803.0344,2.1106706
6804.574,1.982892
6806.1137,1.9152443
6807.6537,1.9103416
6809.1938,2.0701449
6810.734,2.15936
6812.2745,2.1073986
6813.8151,2.1652412
6815.3559,2.3511884
6816.8969,2.4247174
6818.438,2.4433444
6819.9793,2.3730826
6821.5208,2.3864809
6823.0625,2.3606636
6824.6043,2.3008594
6826.1463,2.3456304
6827.6885,2.4034734
6829.2309,2.4273294
6830.7734,2.3805972
6832.3161,2.2868063
6833.859,2.3655644
6835.4021,2.5070677
6836.9453,2.5596821
6838.4887,2.5992246
6840.0323,2.5080482
6841.576,2.6103359
6843.12,2.7256956
6844.6641,2.7600095
6846.2083,2.7917091
6847.7528,2.7685067
6849.2974,2.8655659
6850.8422,2.865893
6852.3872,2.7668738
6853.9323,2.7593579
6855.4777,2.7204695
6857.0232,2.9325615
6858.5688,3.0165489
6860.1147,3.0221051
6861.6607,3.1008638
6863.2069,3.1979233
6864.7533,3.3054403
6866.2998,3.2404084
6867.8465,3.0812588
6869.3934,3.0894295
6870.9405,3.1655741
6872.4877,3.4717842
6874.0351,3.8119811
6875.5827,4.0162304
6877.1305,4.1420484
6878.6784,4.2260364
6880.2265,4.3570832
6881.7748,4.4829012
6883.3233,4.6008762
6884.8719,4.7659101
6886.4207,5.027676
6887.9697,5.2711413
6889.5188,5.3499007
6891.0682,5.4992484
6892.6177,5.7453282
6894.1674,6.1168982
6895.7172,6.2061153
6897.2672,6.2561168
6898.8174,6.3819353
6900.3678,6.7169041
6901.9184,7.0231148
6903.4691,7.0626589
6905.02,7.1074318
6906.571,7.0136426
6908.1223,7.2440365
6909.6737,7.278352
6911.2253,7.2603799
6912.7771,7.2241072
6914.329,7.1643052
6915.8811,7.1855489
6917.4334,7.2303221
6918.9859,7.3012391
6920.5385,7.3878424
6922.0913,7.2888248
6923.6443,7.1061472
6925.1975,7.043731
6926.7508,7.1930796
6928.3043,7.4391602
6929.858,7.5989663
6931.4119,7.5339359
6932.9659,7.4532193
6934.5201,7.4064896
6936.0745,7.3022436
6937.6291,7.2424421
6939.1838,7.16434
6940.7387,7.0470222
6942.2938,6.9323188
6943.849,6.7627136
6945.4044,6.6166377
6946.96,6.6248103
6948.5158,6.468277
6950.0718,6.2803712
6951.6279,6.1342956
6953.1842,6.1607689
6954.7407,6.2081574
6956.2973,5.842474
6957.8541,5.5682938
6959.4111,5.385617
6960.9683,5.3781037
6962.5256,5.3732047
6964.0831,5.3055607
6965.6408,5.3451063
6967.1987,5.219946
6968.7567,5.0764851
6970.3149,5.0428281
6971.8733,4.8732235
6973.4319,4.7925078
6974.9906,4.4660405
6976.5495,4.4532988
6978.1086,4.3961126
6979.6679,4.3519984
6981.2273,4.2137665
6982.7869,4.0546197
6984.3467,3.9712899
6985.9067,3.84613
6987.4668,3.8438461
6989.0271,3.7866602
6990.5876,3.8340494
6992.1482,3.7454911
6993.709,3.6595471
6995.27,3.5160868
6996.8312,3.3856985
6998.3926,3.3128265
6999.9541,3.2582552
7001.5158,3.0808082
7003.0777,3.0497664
7004.6397,3.1599011
7006.2019,3.3693823
7007.7643,3.2206936
7009.3269,2.9543578
7010.8896,2.9180874
7012.4525,3.0622093
7014.0156,3.1932592
7015.5789,3.2563354
7017.1423,3.3011109
7018.7059,3.3746447
7020.2697,3.2704007
7021.8337,3.2524312
7023.3978,3.0514553
7024.9621,3.0230284
7026.5266,2.9710721
7028.0913,2.9975473
7029.6561,2.9116042
7031.2211,2.8178179
7032.7863,2.8338357
7034.3517,2.9335136
7035.9172,3.0410347
7037.4829,3.1119545
7039.0488,3.0887567
7040.6148,2.9479118
7042.181,2.9220997
7043.7474,3.0008628
7045.314,3.0377959
7046.8808,2.9623107
7048.4477,2.8842112
7050.0148,3.0283339
7051.582,3.0495808
7053.1495,2.9923964
7054.7171,2.9378264
7056.2849,2.8910996
7057.8529,2.9228042
7059.421,2.9257507
7060.9893,2.9077822
7062.5578,2.9604019
7064.1265,2.780342
7065.6953,2.7728311
7067.2643,2.736562
7068.8335,2.7839532
7070.4029,2.9123901
7071.9724,2.9048793
7073.5421,2.9365843
7075.112,2.7826684
7076.6821,2.6339813
7078.2523,2.6264707
7079.8227,2.6738621
7081.3933,2.7970705
7082.964,2.8287757
7084.535,2.8343371
7086.1061,2.8529705
7087.6774,2.8114732
7089.2488,2.7464465
7090.8204,2.7467793
7092.3922,2.7549553
7093.9642,2.7526739
7095.5364,2.6588892
7097.1087,2.5598757
7098.6812,2.4948493
7100.2538,2.4455091
7101.8267,2.4196984
7103.3997,2.3494433
7104.9729,2.3079464
7106.5463,2.2742927
7108.1198,2.3190703
7109.6935,2.3377043
7111.2674,2.2543774
7112.8415,2.2913121
7114.4157,2.4145213
7115.9901,2.4932861
7117.5647,2.4361032
7119.1395,2.2142145
7120.7144,2.2433062
7122.2895,2.238411
7123.8648,2.2936465
7125.4403,2.3279671
7127.0159,2.4381047
7128.5917,2.5064123
7130.1677,2.4962885
7131.7438,2.5332236
7133.3202,2.4734267
7134.8967,2.5077475
7136.4733,2.5133102
7138.0502,2.5345591
7139.6272,2.5192068
7141.2044,2.4437238
7142.7818,2.3525546
7144.3593,2.1986403
7145.9371,1.9845954
7147.515,2.0921191
7149.093,2.2205578
7150.6713,2.3751404
7152.2497,2.3022721
7153.8283,2.0908417
7155.407,2.0258165
7156.986,2.0967392
7158.5651,2.3088383
7160.1444,2.3666891
7161.7239,2.3696379
7163.3035,2.3516718
7164.8833,2.3180194
7166.4633,2.3366547
7168.0435,2.1879697
7169.6238,2.2536639
7171.2043,2.1886391
7172.785,2.1654444
7174.3658,1.9958446
7175.9469,1.9491206
7177.5281,2.1847495
7179.1095,2.4125354
7180.691,2.4363998
7182.2727,2.3713753
7183.8546,2.3272658
7185.4367,2.4269473
7187.019,2.4795699
7188.6014,2.5217351
7190.184,2.5978872
7191.7668,2.6112943
7193.3497,2.6299302
7194.9328,2.5152328
7196.5161,2.4920387
7198.0996,2.5106747
7199.6833,2.6365002
7201.2671,2.6342213
7202.8511,2.4933802
7204.4352,2.3054804
7206.0196,2.2378421
7207.6041,2.1963476
7209.1888,2.4319773
7210.7736,2.5996332
7212.3587,2.6417989
7213.9439,2.4042261
7215.5293,2.1483527
7217.1148,2.2245055
7218.7006,2.3032727
7220.2865,2.4003406
7221.8726,2.3300882
7223.4588,2.2519928
7225.0453,2.2183418
7226.6319,2.0487432
7228.2186,1.8007132
7229.8056,1.7513761
7231.3927,1.9321043
7232.98,2.073617
7234.5675,2.0190512
7236.1551,1.8546815
7237.743,1.980508
7239.331,2.1063345
7240.9191,2.1929453
7242.5075,2.1436085
7244.096,1.9557096
7245.6847,1.8750003
7247.2736,1.794291
7248.8626,1.7031243
7250.4518,1.7191471
7252.0412,1.7482419
7253.6308,1.8871406
7255.2205,1.9083923
7256.8105,1.7753956
7258.4005,1.7156017
7259.9908,1.7133241
7261.5813,1.8966674
7263.1719,1.9336056
7264.7626,1.7875372
7266.3536,1.6963709
7267.9447,1.6156621
7269.5361,1.6735154
7271.1275,1.532676
7272.7192,1.5539281
7274.311,1.622239
7275.903,1.6304193
7277.4952,1.5470964
7279.0876,1.4533159
7280.6801,1.4954833
7282.2728,1.5454938
7283.8657,1.5327592
7285.4587,1.6298286
7287.0519,1.7242836
7288.6453,1.8448825
7290.2389,1.8609063
7291.8327,1.8690869
7293.4266,1.8877251
7295.0207,1.903749
7296.615,1.8361127
7298.2094,1.7789341
7299.804,1.6537816
7301.3988,1.6854919
7302.9938,1.7485747
7304.5889,1.8639452
7306.1842,1.9113419
7307.7797,1.8201765
7309.3754,1.721168
7310.9712,1.7267347
7312.5672,1.7375302
7314.1634,1.8084565
7315.7598,1.9185985
7317.3563,2.0601131
7318.953,2.06568
7320.5499,1.9169985
7322.147,1.8519773
7323.7442,1.7738841
7325.3416,1.7114773
7326.9392,1.6438418
7328.5369,1.7644416
7330.1349,2.0000741
7331.733,1.9951838
7333.3312,2.1471562
7334.9297,2.0612202
7336.5283,2.1818202
7338.1271,2.2213745
7339.7261,2.2504713
7341.3252,2.195908
7342.9246,1.9243513
7344.524,1.7756704
7346.1237,1.7943098
7347.7236,1.8155636
7349.3236,1.9466214
7350.9238,1.9574178
7352.5241,1.9812861
7354.1247,1.7960042
7355.7254,1.5584347
7357.3263,1.4254404
7358.9273,1.4493088
7360.5286,1.5071643
7362.13,1.5414903
7363.7316,1.4032674
7365.3333,1.3617766
7366.9353,1.3647302
7368.5374,1.5559192
7370.1397,1.5405722
7371.7421,1.3735913
7373.3448,1.1438653
7374.9476,1.0866884
7376.5505,1.1523874
7378.1537,1.2311582
7379.757,1.281171
7381.3605,1.1821642
7382.9642,1.101458
7384.5681,1.1122552
7386.1721,1.1622681
7387.7763,1.1939804
7389.3806,1.186477
7390.9852,1.2495619
7392.5899,1.2551305
7394.1948,1.1273658
7395.7999,1.0283593
7397.4051,0.93719597
7399.0105,0.95060785
7400.6161,0.86728774
7402.2219,0.84932714
7403.8278,0.92548423
7405.434,1.0460858
7407.0402,0.99413839
7408.6467,1.0101649
7410.2533,1.002662
7411.8602,0.99254474
7413.4671,0.88308113
7415.0743,0.7945326
7416.6816,0.88637625
7418.2891,0.9599193
7419.8968,0.96548852
7421.5047,0.99197281
7423.1127,0.92433949
7424.7209,0.90376503
7426.3293,0.89364813
7427.9379,0.79464237
7429.5466,0.80805495
7431.1555,0.86852639
7432.7646,1.0571024
7434.3738,1.1228027
7435.9832,1.0525553
7437.5928,0.87250403
7439.2026,0.77349853
7440.8126,0.79475451
7442.4227,0.91012817
7444.033,1.0568744
7445.6434,1.0859736
7447.2541,1.0000402
7448.8649,0.9062637
7450.4759,0.87261794
7452.0871,0.9278611
7453.6984,0.95957489
7455.3099,0.98605996
7456.9216,1.0177738
7458.5335,0.90569687
7460.1455,0.74133237
7461.7577,0.74690255
7463.3701,0.88319172
7464.9827,0.94627832
7466.5954,0.87080286
7468.2083,0.74303985
7469.8214,0.76952525
7471.4346,0.78032441
7473.0481,0.86432623
7474.6617,0.9326418
7476.2755,1.0009574
7477.8894,1.0901881
7479.5035,1.0591574
7481.1178,1.0228979
7482.7323,1.0441549
7484.347,1.09417
7485.9618,1.1834009
7487.5768,1.0608671
7489.192,0.97754899
7490.8073,0.85762964
7492.4228,0.85012863
7494.0385,0.95504595
7495.6544,1.0495058
7497.2704,1.1413513
7498.8867,1.0815629
7500.503,1.1681797
7502.1196,1.168522
7503.7364,1.0982762
7505.3533,0.97574276
7506.9704,0.87412444
7508.5876,1.0313297
7510.2051,1.0055284
7511.8227,0.90129582
7513.4405,0.81013515
7515.0584,0.70067387
7516.6765,0.90232374
7518.2949,0.91835273
7519.9133,0.96313992
7521.532,0.86675068
7523.1508,0.75728959
7524.7698,0.78639062
7526.389,0.78150476
7528.0084,0.7557039
7529.6279,0.71944557
7531.2476,0.62828531
7532.8675,0.70967411
7534.4875,0.66295837
7536.1077,0.6868309
7537.7281,0.62181458
7539.3487,0.68751725
7540.9695,0.71400427
7542.5904,0.68297499
7544.2115,0.5709
7545.8327,0.65228909
7547.4542,0.62648868
7549.0758,0.68957719
7550.6976,0.60626051
7552.3196,0.74255171
7553.9417,0.78211092
7555.564,0.82951331
7557.1865,0.78802684
7558.8092,0.78314172
7560.432,0.86191677
7562.055,0.74984218
7563.6782,0.73188527
7565.3016,0.59628134
7566.9251,0.52080817
7568.5488,0.500237
7570.1727,0.43783579
7571.7967,0.57674182
7573.421,0.66858905
7575.0454,0.74475005
7576.6699,0.7320222
7578.2947,0.71668
7579.9196,0.80852739
7581.5447,0.91083232
7583.17,0.85627455
7584.7955,0.73112858
7586.4211,0.61644017
7588.0469,0.67168643
7589.6729,0.8053641
7591.299,0.91289802
7592.9253,0.88971301
7594.5518,0.82469799
7596.1785,0.98190522
7597.8053,1.1025112
7599.4323,1.1865159
7601.0595,1.066599
7602.6869,0.98851228
7604.3144,1.1038896
7605.9422,1.1800513
7607.57,1.193468
7609.1981,1.2225709
7610.8263,1.2830465
7612.4548,1.3879665
7614.0833,1.3909257
7615.7121,1.393885
7617.341,1.3079555
7618.9701,1.0939214
7620.5994,1.1439397
7622.2289,1.3560494
7623.8585,1.5550874
7625.4883,1.52406
7627.1183,1.5479346
7628.7484,1.6057961
7630.3788,1.7237884
7632.0093,1.7215194
7633.6399,1.8421261
7635.2708,1.8450859
7636.9018,1.9081764
7638.533,1.8327048
7640.1644,1.8042921
7641.7959,1.765422
7643.4277,1.7370094
7645.0596,1.7138255
7646.6916,1.7272431
7648.3239,1.6779155
7649.9563,1.7645357
7651.5889,1.7570383
7653.2216,1.8122861
7654.8546,1.8152463
7656.4877,1.8757228
7658.121,1.9623432
7659.7544,1.9679179
7661.3881,1.8846038
7663.0219,1.8143615
7664.6559,1.7807206
7666.29,1.6817203
7667.9244,1.4180141
7669.5589,1.2222818
7671.1936,1.2853731
7672.8284,1.4190526
7674.4634,1.3174381
7676.0986,1.1922942
7677.734,1.1769543
7679.3696,1.159
7681.0053,1.1175163
7682.6412,1.0342026
7684.2773,1.0240916
7685.9135,0.87803288
7687.55,0.8313206
7689.1866,0.91271294
7690.8233,0.97580467
7692.4603,0.98138009
7694.0974,0.96342613
7695.7347,0.92978594
7697.3722,0.87784513
7699.0098,0.76838802
7700.6476,0.7269048
7702.2856,0.69587913
7703.9238,0.68053977
7705.5621,0.5972266
7707.2006,0.54528601
7708.8393,0.52733239
7710.4782,0.72114351
7712.1172,0.78685009
7713.7564,0.74536716
7715.3958,0.6385248
7717.0354,0.57089816
7718.6751,0.61830423
7720.315,0.65002407
7721.9551,0.62161323
7723.5953,0.4833985
7725.2358,0.43668707
7726.8764,0.46579268
7728.5172,0.60208786
7730.1581,0.59197786
7731.7992,0.51127965
7733.4405,0.41228083
7735.082,0.37602714
7736.7237,0.40251859
7738.3655,0.35580746
7740.0075,0.27772382
7741.6497,0.301601
7743.292,0.36207952
7744.9345,0.37288488
7746.5772,0.40199093
7748.2201,0.37619506
7749.8631,0.32425543
7751.5063,0.31153152
7753.1497,0.16285994
7754.7933,0.19980931
7756.437,0.21061493
7758.081,0.27370816
7759.725,0.2662132
7761.3693,0.08878363
7763.0137,0.19370704
7764.6583,0.33261742
7766.3031,0.39571084
7767.9481,0.33592848
7769.5932,0.18464288
7771.2385,0.17976256
7772.884,0.088607759
7774.5297,0.034054304
7776.1755,-0.03357101
7777.8215,0.081810249
7779.4677,0.23640723
7781.114,0.34394543
7782.7606,0.28939216
7784.4073,0.093662453
7786.0541,0.052181151
7787.7012,-0.0285158
7789.3484,0.00059120818
7790.9958,-0.017360571
7792.6434,0.024818406
7794.2911,0.00948108
7795.939,-0.058143791
7797.5871,-0.12757817
7799.2354,-0.071522515
7800.8838,-0.070368971
7802.5325,-0.035228654
7804.1813,-0.078519863
7805.8302,-0.14011188
7807.4794,-0.18863216
7809.1287,-0.15610684
7810.7782,-0.10005226
7812.4278,-0.072756004
7814.0777,-0.092518728
7815.7277,-0.0024776851
7817.3779,0.014360589
7819.0282,0.0024405397
7820.6787,-0.098368553
7822.3295,-0.14427584
7823.9803,-0.18495452
7825.6314,-0.24916277
7827.2826,-0.14866529
7828.934,-0.095226792
7830.5856,-0.070023739
7832.2374,-0.010311037
7833.8893,0.018028962
7835.5414,0.041662924
7837.1937,0.068433987
7838.8461,0.066861627
7840.4987,0.02293583
7842.1515,0.073127183
7843.8045,0.077827843
7845.4576,0.060567223
7847.111,0.10918846
7848.7645,0.14839743
7850.4181,0.088782384
7852.072,0.074657033
7853.726,-0.030449206
7855.3802,-0.064967707
7857.0345,-0.024192587
7858.6891,-0.0712611
7860.3438,-0.12617325
7861.9987,-0.099517263
7863.6537,-0.036783344
7865.309,-0.093265608
7866.9644,-0.071316996
7868.62,-0.00074142894
7870.2757,0.02120619
7871.9317,-0.079199628
7873.5878,-0.11686084
7875.2441,-0.098051969
7876.9005,-0.1200279
7878.5571,-0.046318061
7880.2139,0.0069991283
7881.8709,0.090119743
7883.5281,0.1638281
7885.1854,0.19361439
7886.8429,0.15438057
7888.5006,0.16377371
7890.1584,0.16061733
7891.8164,0.12295065
7893.4746,0.11038152
7895.133,0.13545895
7896.7916,0.11975156
7898.4503,0.077377018
7900.1092,-0.040292142
7901.7682,-0.071687289
7903.4275,-0.10935744
7905.0869,-0.082714365
7906.7465,-0.076463943
7908.4063,-0.03099833
7910.0662,0.047407963
7911.7263,0.0881667
7913.3866,0.066179843
7915.0471,0.091251314
7916.7077,0.091224248
7918.3685,0.02688296
7920.0295,-0.042164706
7921.6906,-0.070682879
7923.352,-0.083514643
7925.0135,-0.046150194
7926.6752,-0.015060119
7928.337,0.08348107
7929.999,0.070649845
7931.6613,0.13625013
7933.3236,0.14537996
7934.9862,0.10117659
7936.6489,0.052267472
7938.3118,0.10375065
7939.9749,0.034449643
7941.6381,0.035737009
7943.3016,0.027612745
7944.9652,0.04772391
7946.6289,0.097639132
7948.2929,0.18520155
7949.957,0.23668567
7951.6213,0.32424835
7953.2857,0.30357588
7954.9504,0.22015844
7956.6152,0.17281957
7958.2802,0.20704946
7959.9454,0.24441674
7961.6107,0.34766651
7963.2762,0.43993602
7964.9419,0.49455861
7966.6078,0.46604407
7968.2738,0.47517673
7969.94,0.4999958
7971.6064,0.63618756
7973.273,0.64845788
7974.9397,0.64974794
7976.6066,0.6777048
7978.2737,0.73860298
7979.9409,0.74930521
7981.6084,0.83059581
7983.276,1.0028669
7984.9437,1.1186676
7986.6117,1.1779978
7988.2798,1.2608576
7989.9481,1.4503842
7991.6166,1.5630481
7993.2852,1.6757122
7994.9541,1.8181804
7996.6231,1.9684918
7998.2922,2.0780191
7999.9616,2.1844092
8001.6311,2.3143288
8003.3008,2.4160134
8004.9707,2.5773058
8006.6407,2.6868338
8008.3109,2.7963618
8009.9813,2.9403998
8011.6519,3.134634
8013.3226,3.2974958
8014.9935,3.5654558
8016.6646,3.8506708
8018.3359,4.2127487
8020.0073,4.5293365
8021.6789,4.7706303
8023.3507,5.1044733
8025.0227,5.5245909
8026.6948,5.9023558
8028.3671,6.3899247
8030.0396,7.0327878
8031.7122,7.532906
8033.3851,8.0000831
8035.0581,8.5990251
8036.7312,9.1697319
8038.4046,9.5773016
8040.0781,10.121342
8041.7518,10.798716
8043.4257,11.229815
8045.0997,11.573072
8046.774,12.190838
8048.4484,12.730174
8050.1229,13.024803
8051.7977,13.397864
8053.4726,13.802298
8055.1477,14.016928
8056.823,14.170381
8058.4984,14.438345
8060.174,14.607485
8061.8498,14.674664
8063.5258,14.804589
8065.2019,14.940788
8066.8782,14.967184
8068.5547,14.979462
8070.2314,15.035661
8071.9082,14.960096
8073.5852,14.824924
8075.2624,14.694457
8076.9398,14.642422
8078.6173,14.662544
8080.295,14.568156
8081.9729,14.536514
8083.6509,14.498597
8085.3292,14.314798
8087.0076,14.201587
8088.6861,14.206024
8090.3649,13.972029
8092.0438,13.64078
8093.7229,13.466393
8095.4022,13.180634
8097.0816,12.698796
8098.7613,12.304802
8100.4411,12.084926
8102.121,11.791324
8103.8012,11.354978
8105.4815,11.102161
8107.162,10.94503
8108.8426,10.610645
8110.5235,10.262142
8112.2045,9.9873644
8113.8857,9.7314108
8115.5671,9.3436926
8117.2486,9.0532294
8118.9303,8.844335
8120.6122,8.6401466
8122.2943,8.2994877
8123.9765,8.1752996
8125.6589,8.0966018
8127.3415,7.9394727
8129.0242,7.827834
8130.7072,7.7507052
8132.3903,7.6202433
8134.0736,7.5540952
8135.757,7.4534374
8137.4406,7.3355248
8139.1245,7.3368281
8140.8084,7.2957786
8142.4926,7.1527684
8144.1769,7.1023074
8145.8614,6.9828269
8147.5461,6.8178563
8149.2309,6.753278
8150.9159,6.646347
8152.6011,6.4531415
8154.2865,6.4230735
8155.9721,6.4228095
8157.6578,6.3441142
8159.3437,6.375223
8161.0297,6.3404496
8162.716,6.332343
8164.4024,6.2771777
8166.089,6.178091
8167.7758,6.0460632
8169.4627,6.1477611
8171.1498,6.2306356
8172.8371,6.2821376
8174.5245,6.3697182
8176.2122,6.3788676
8177.9,6.3644877
8179.588,6.2936374
8181.2761,6.2165126
8182.9645,6.1723292
8184.653,6.1736361
8186.3417,6.2251393
8188.0305,6.2044857
8189.7195,6.2152047
8191.4087,6.3623946
8193.0981,6.4578198
8194.7877,6.4418726
8196.4774,6.4463177
8198.1673,6.4256649
8199.8574,6.3610907
8201.5476,6.3325951
8203.238,6.3542956
8204.9286,6.3995257
8206.6194,6.457305
8208.3103,6.5464569
8210.0015,6.5979619
8211.6928,6.6055455
8213.3842,6.5770508
8215.0759,6.6222817
8216.7677,6.6063363
8218.4597,6.5998028
8220.1518,6.6230733
8221.8442,6.5930106
8223.5367,6.487654
8225.2294,6.468572
8226.9222,6.441647
8228.6153,6.4006044
8230.3085,6.5305424
8232.0019,6.6134218
8233.6954,6.5629679
8235.3891,6.5642788
8237.0831,6.5546095
8238.7771,6.5245482
8240.4714,6.524291
8242.1658,6.4801123
8243.8604,6.4359337
8245.5552,6.4262651
8247.2501,6.3334593
8248.9453,6.2516341
8250.6406,6.1823581
8252.336,6.1538664
8254.0317,6.1175318
8255.7275,6.002766
8257.4235,5.9570199
8259.1197,5.9708817
8260.816,5.9439594
8262.5125,5.8935078
8264.2092,5.9826642
8265.9061,5.994958
8267.6031,5.9366637
8269.3004,5.9458205
8270.9978,5.9392911
8272.6953,5.7853109
8274.3931,5.7583897
8276.091,5.7926451
8277.7891,5.7641555
8279.4873,5.8250778
8281.1857,6.0177649
8282.8844,6.0896679
8284.5831,6.0909828
8286.2821,6.0405331
8287.9812,5.9618482
8289.6805,5.9255164
8291.38,5.9425181
8293.0797,5.9814807
8294.7795,6.1098552
8296.4795,6.1801906
8298.1797,6.1689576
8299.88,6.0792933
8301.5806,6.0084526
8303.2813,5.9313376
8304.9821,5.8855953
8306.6832,5.9527942
8308.3844,6.0576404
8310.0858,6.1389573
8311.7874,6.3049802
8313.4891,6.3925719
8315.191,6.3844774
8316.8931,6.4454027
8318.5954,6.5173085
8320.2978,6.5954889
8322.0004,6.7536695
8323.7032,6.8553797
8325.4062,6.952384
8327.1093,7.0540944
8328.8126,7.0993344
8330.5161,7.1775156
8332.2198,7.2823637
8333.9236,7.3715256
8335.6276,7.5485308
8337.3318,7.6565165
8339.0362,7.6594043
8340.7407,7.7250374
8342.4454,7.8330235
8344.1503,7.9159117
8345.8553,8.0693883
8347.5606,8.2260023
8349.266,8.4139889
8350.9715,8.4984463
8352.6773,8.6487862
8354.3832,8.7097144
8356.0893,8.8506428
8357.7956,9.0229439
8359.502,9.2830882
8361.2087,9.4177425
8362.9155,9.695142
8364.6224,9.9364632
8366.3296,10.169941
8368.0369,10.445773
8369.7444,10.790624
8371.4521,11.057043
8373.1599,11.279542
8374.8679,11.464393
8376.5761,11.520617
8378.2845,11.609783
8379.993,11.763262
8381.7017,12.064192
8383.4106,12.329045
8385.1197,12.620563
8386.8289,12.951298
8388.5383,13.297719
8390.2479,13.515513
8391.9576,13.828993
8393.6676,14.211493
8395.3777,14.463797
8397.088,14.708258
8398.7984,15.076641
8400.509,15.366593
8402.2198,15.698897
8403.9308,16.100221
8405.642,16.532918
8407.3533,16.929537
8409.0648,17.357529
8410.7765,17.809049
8412.4883,18.276257
8414.2003,18.784249
8415.9125,19.339299
8417.6249,19.957095
8419.3374,20.515284
8421.0502,21.115825
8422.7631,21.65519
8424.4761,22.22279
8426.1894,22.765293
8427.9028,23.232501
8429.6164,23.693436
8431.3301,24.163782
8433.0441,24.630991
8434.7582,25.051141
8436.4725,25.56384
8438.1869,26.071834
8439.9016,26.542181
8441.6164,26.995273
8443.3314,27.515816
8445.0465,27.929692
8446.7618,28.309059
8448.4773,28.617838
8450.193,28.920342
8451.9089,29.11618
8453.6249,29.381038
8455.3411,29.627072
8457.0575,29.989185
8458.774,30.381102
8460.4908,30.661646
8462.2077,30.841799
8463.9247,30.93254
8465.642,31.009163
8467.3594,30.991669
8469.077,30.971037
8470.7948,30.903347
8472.5127,30.937618
8474.2308,30.785222
8475.9491,30.544984
8477.6676,30.301608
8479.3862,30.194703
8481.105,30.015641
8482.824,29.82403
8484.5432,29.633989
8486.2625,29.495712
8487.982,29.310376
8489.7017,29.049746
8491.4216,28.724803
8493.1416,28.315154
8494.8618,27.866289
8496.5822,27.412719
8498.3028,26.948168
8500.0235,26.456951
8501.7444,26.117891
8503.4655,25.800791
8505.1867,25.464869
8506.9082,25.058358
8508.6298,24.814985
8510.3515,24.37867
8512.0735,23.909415
8513.7956,23.455846
8515.5179,23.086983
8517.2404,22.722826
8518.963,22.424551
8520.6859,22.228238
8522.4089,21.936238
8524.132,21.622278
8525.8554,21.280082
8527.5789,21.090044
8529.3026,20.724319
8531.0264,20.375849
8532.7505,20.129341
8534.4747,19.860871
8536.1991,19.484167
8537.9236,19.206286
8539.6484,19.148013
8541.3733,18.956407
8543.0984,18.771075
8544.8236,18.679862
8546.5491,18.585511
8548.2747,18.429984
8550.0005,18.365437
8551.7264,18.363636
8553.4526,18.225364
8555.1789,17.963171
8556.9053,17.740193
8558.632,17.614471
8560.3588,17.471494
8562.0858,17.421066
8563.813,17.554167
8565.5403,17.542955
8567.2679,17.498802
8568.9956,17.398179
8570.7234,17.281869
8572.4515,17.093403
8574.1797,16.962976
8575.9081,16.961176
8577.6367,17.044083
8579.3654,17.095617
8581.0943,17.073426
8582.8234,17.153195
8584.5527,17.030612
8586.2821,16.823323
8588.0117,16.760348
8589.7415,16.766393
8591.4715,16.65636
8593.2016,16.543189
8594.9319,16.510018
8596.6624,16.403123
8598.3931,16.407599
8600.1239,16.390116
8601.8549,16.391455
8603.5861,16.325344
8605.3175,16.303155
8607.049,16.142927
8608.7807,16.054855
8610.5126,16.015411
8612.2446,15.999497
8613.9769,15.820446
8615.7093,15.791983
8617.4418,15.675677
8619.1746,15.473096
8620.9075,15.322281
8622.6406,15.345583
8624.3739,15.262219
8626.1073,15.141207
8627.841,15.14098
8629.5748,15.078009
8631.3087,14.933468
8633.0429,14.875203
8634.7772,14.774584
8636.5117,14.724162
8638.2463,14.541975
8639.9812,14.430377
8641.7162,14.301524
8643.4514,14.224436
8645.1867,14.045387
8646.9223,13.985553
8648.658,13.881799
8650.3939,13.814123
8652.1299,13.774682
8653.8662,13.616026
8655.6026,13.465213
8657.3392,13.328518
8659.0759,13.223196
8660.8129,13.077089
8662.55,12.970198
8664.2872,12.962131
8666.0247,12.894457
8667.7623,12.78286
8669.5001,12.715186
8671.2381,12.60359
8672.9762,12.444935
8674.7146,12.295692
8676.4531,12.201352
8678.1917,11.978384
8679.9306,12.006396
8681.6696,12.087742
8683.4088,12.081245
8685.1482,12.035533
8686.8877,12.083938
8688.6274,11.948814
8690.3673,11.749376
8692.1074,11.587586
8693.8476,11.411678
8695.588,11.347143
8697.3286,11.310843
8699.0694,11.258857
8700.8103,11.283734
8702.5514,11.305474
8704.2927,11.220547
8706.0342,11.10111
8707.7758,11.028733
8709.5176,10.970473
8711.2596,10.854175
8713.0018,10.725327
8714.7441,10.678048
8716.4866,10.611946
8718.2293,10.545844
8719.9721,10.551898
8721.7152,10.546973
8723.4584,10.513813
8725.2017,10.446142
8726.9453,10.356511
8728.689,10.306096
8730.4329,10.274505
8732.177,10.228796
8733.9212,10.173676
8735.6656,10.049536
8737.4102,9.9551996
8739.155,9.9204717
8740.8999,9.9045674
8742.6451,9.9341534
8744.3904,10.018642
8746.1358,9.9854827
8747.8815,9.9460495
8749.6273,9.8783812
8751.3733,9.798164
8753.1194,9.8277508
8754.8658,9.8824358
8756.6123,9.9135916
8758.359,9.9227866
8760.1058,9.964923
8761.8529,9.8784321
8763.6001,9.7762551
8765.3474,9.7070193
8767.095,9.7052347
8768.8427,9.6501168
8770.5906,9.562058
8772.3387,9.6120384
8774.087,9.6259406
8775.8354,9.6210194
8777.584,9.6270787
8779.3328,9.6080401
8781.0817,9.5027272
8782.8308,9.4648653
8784.5801,9.3532781
8786.3296,9.3169851
8788.0793,9.3057904
8789.8291,9.2365565
8791.5791,9.1641855
8793.3292,9.1231872
8795.0796,9.0617969
8796.8301,9.0615832
8798.5808,9.0880363
8800.3317,9.0501758
8802.0827,9.0468252
8803.8339,9.0042591
8805.5853,8.9946343
8807.3369,8.9065782
8809.0886,8.9267576
8810.8405,8.9500744
8812.5926,8.9216266
8814.3449,8.9527868
8816.0973,8.9494373
8817.8499,8.9617742
8819.6027,8.9803858
8821.3556,8.9770367
8823.1088,8.8419231
8824.8621,8.8275938
8826.6155,8.7709118
8828.3692,8.6608966
8830.123,8.6528423
8831.877,8.6291019
8833.6312,8.6602636
8835.3855,8.6945626
8837.1401,8.6629795
8838.8948,8.65022
8840.6496,8.6672645
8842.4047,8.5854857
8844.1599,8.461354
8845.9153,8.4423206
8847.6709,8.3950519
8849.4266,8.3838619
8851.1825,8.3820837
8852.9386,8.4383449
8854.6949,8.516567
8856.4513,8.5477304
8858.2079,8.5537959
8859.9647,8.5849596
8861.7217,8.5031823
8863.4788,8.4433658
8865.2361,8.5027652
8866.9936,8.4696157
8868.7513,8.4364664
8870.5091,8.6009642
8872.2671,8.6823249
8874.0253,8.6272152
8875.7837,8.6866154
8877.5422,8.7460157
8879.3009,8.7128671
8881.0598,8.7377579
8882.8188,8.8222567
8884.578,8.8863635
8886.3374,8.9143919
8888.097,8.8153617
8889.8568,8.7931943
8891.6167,8.8102428
8893.3768,8.82886
8895.1371,8.8208107
8896.8975,8.8802125
8898.6581,8.878438
8900.4189,8.9111734
8902.1799,8.9548894
8903.941,9.0095858
8905.7024,9.0674197
8907.4638,9.0154498
8909.2255,8.9164212
8910.9873,8.8644515
8912.7494,8.9426781
8914.5116,8.9848263
8916.2739,9.0850139
8918.0364,9.1820644
8919.7992,9.1818601
8921.562,9.1424403
8923.3251,9.1767461
8925.0883,9.1247775
8926.8517,9.0728091
8928.6153,9.1275074
8930.3791,9.1100491
8932.143,9.0094536
8933.9071,9.0923876
8935.6714,9.1784591
8937.4358,9.2174718
8939.2005,9.2251122
8940.9653,9.2594193
8942.7302,9.2592168
8944.4954,9.235485
8946.2607,9.1599886
8948.0262,9.128414
8949.7919,9.1893884
8951.5577,9.2048729
8953.3238,9.1419261
8955.0899,9.1495676
8956.8563,9.2168172
8958.6229,9.1868119
8960.3896,9.1724931
8962.1565,9.1989587
8963.9235,9.1987578
8965.6908,9.1436551
8967.4582,9.1512976
8969.2258,9.1071755
8970.9935,9.0928575
8972.7615,9.0581475
8974.5296,9.0297121
8976.2979,8.9322572
8978.0663,8.8426456
8979.835,8.8063675
8981.6038,8.8077366
8983.3727,8.744792
8985.1419,8.7069457
8986.9112,8.7036093
8988.6807,8.6892926
8990.4504,8.6059565
8992.2203,8.701444
8993.9903,8.7169317
8995.7605,8.6524195
8997.5309,8.5581035
8999.3014,8.5092778
9001.0721,8.3882954
9002.843,8.314372
9004.6141,8.386331
9006.3853,8.4786824
9008.1568,8.5129947
9009.9284,8.4829933
9011.7001,8.4326
9013.4721,8.3994617
9015.2442,8.3741666
9017.0165,8.3974992
9018.7889,8.3298515
9020.5616,8.2841647
9022.3344,8.1788702
9024.1074,8.0751445
9025.8805,7.9886738
9027.6539,8.0261248
9029.4274,8.0871053
9031.2011,8.1433801
9032.9749,8.1259296
9034.749,8.1367145
9036.5232,8.2259308
9038.2976,8.2524023
9040.0721,8.2835797
9041.8468,8.2927965
9043.6217,8.2486801
9045.3968,8.2657403
9047.1721,8.2561339
9048.9475,8.262214
9050.7231,8.2698629
9052.4989,8.2947667
9054.2748,8.2271217
9056.0509,8.2206533
9057.8272,8.1420282
9059.6037,8.1167365
9061.3804,8.0930136
9063.1572,8.0457614
9064.9342,8.080078
9066.7113,8.1912575
9068.4887,8.2459665
9070.2662,8.274009
9072.0439,8.3051888
9073.8218,8.2908786
9075.5998,8.3016666
9077.378,8.3485332
9079.1564,8.3169685
9080.935,8.3920706
9082.7137,8.5048199
9084.4926,8.5187458
9086.2717,8.5263973
9088.0509,8.6062059
9089.8304,8.642093
9091.61,8.6748429
9093.3898,8.6856323
9095.1697,8.7152452
9096.9498,8.7809368
9098.7302,8.8105501
9100.5106,8.8260458
9102.2913,8.8635025
9104.0721,8.8664495
9105.8531,8.9070437
9107.6343,8.9586184
9109.4156,9.0117619
9111.1972,9.0570624
9112.9788,9.1776571
9114.7607,9.2386441
9116.5428,9.2823764
9118.325,9.2523833
9120.1074,9.2819982
9121.8899,9.2927896
9123.6727,9.3396597
9125.4556,9.3802554
9127.2387,9.4757531
9129.022,9.601055
9130.8054,9.7138079
9132.589,9.7857767
9134.3728,9.8546083
9136.1568,10.023832
9137.9409,10.17737
9139.7252,10.345026
9141.5097,10.427975
9143.2943,10.514063
9145.0792,10.615836
9146.8642,10.54663
9148.6494,10.551149
9150.4347,10.773707
9152.2202,10.920971
9154.006,11.032157
9155.7918,11.33001
9157.5779,11.561981
9159.3641,11.69356
9161.1505,11.892589
9162.9371,12.049266
9164.7238,12.135355
9166.5108,12.299875
9168.2979,12.55067
9170.0851,12.821858
9171.8726,13.116575
9173.6602,13.428546
9175.448,13.538166
9177.2359,13.693275
9179.0241,13.823286
9180.8124,13.899965
9182.6009,14.092722
9184.3896,14.461165
9186.1784,14.688432
9187.9674,14.873346
9189.7566,15.213554
9191.546,15.492586
9193.3355,15.741814
9195.1252,15.893788
9196.9151,16.125762
9198.7051,16.31852
9200.4954,16.572454
9202.2858,16.746389
9204.0764,17.125814
9205.8671,17.494259
9207.658,17.759175
9209.4492,18.046051
9211.2404,18.336065
9213.0319,18.585295
9214.8235,18.952172
9216.6153,19.446108
9218.4073,19.900828
9220.1994,20.382215
9221.9918,20.854191
9223.7842,21.208519
9225.5769,21.559711
9227.3698,22.011295
9229.1628,22.502094
9230.956,23.050933
9232.7493,23.637419
9234.5429,24.201945
9236.3366,24.603333
9238.1305,24.982761
9239.9246,25.388855
9241.7188,25.718087
9243.5132,26.033201
9245.3078,26.567924
9247.1026,27.107352
9248.8975,27.707957
9250.6926,28.27719
9252.4879,28.95152
9254.2833,29.487812
9256.079,29.94881
9257.8748,30.339219
9259.6708,30.88806
9261.4669,31.410235
9263.2632,32.01241
9265.0597,32.583212
9266.8564,33.056759
9268.6533,33.575797
9270.4503,33.934835
9272.2475,34.094658
9274.0449,34.464676
9275.8424,34.939793
9277.6401,35.344322
9279.438,35.698655
9281.2361,36.216125
9283.0344,36.597124
9284.8328,36.979693
9286.6314,37.265007
9288.4301,37.616203
9290.2291,37.788576
9292.0282,37.962517
9293.8275,37.976459
9295.6269,37.943342
9297.4266,38.046695
9299.2264,38.165736
9301.0264,38.134188
9302.8265,38.232836
9304.6269,38.480504
9306.4274,38.386211
9308.2281,38.232311
9310.0289,38.047038
9311.83,37.836667
9313.6312,37.497669
9315.4325,37.415926
9317.2341,37.293399
9319.0358,37.286951
9320.8377,37.140894
9322.6398,36.902289
9324.4421,36.500547
9326.2445,36.090961
9328.0471,35.879023
9329.8499,35.66238
9331.6528,35.345344
9333.4559,35.102033
9335.2592,34.844606
9337.0627,34.339335
9338.8663,33.824652
9340.6702,33.327225
9342.4742,32.75921
9344.2783,32.170802
9346.0827,31.676512
9347.8872,31.201046
9349.6919,30.816561
9351.4967,30.35835
9353.3018,30.016218
9355.107,29.674086
9356.9124,29.294306
9358.7179,28.909822
9360.5237,28.655533
9362.3296,28.338499
9364.1357,27.842642
9365.9419,27.343648
9367.7483,26.908968
9369.555,26.491543
9371.3617,26.158824
9373.1687,26.02532
9374.9758,25.833778
9376.7831,25.526157
9378.5906,25.160497
9380.3982,24.739936
9382.2061,24.361727
9384.0141,24.113715
9385.8222,23.991193
9387.6306,23.793377
9389.4391,23.700659
9391.2478,23.491863
9393.0567,23.250126
9394.8657,23.078977
9396.6749,22.89371
9398.4843,22.725699
9400.2939,22.520041
9402.1036,22.319089
9403.9136,22.169901
9405.7236,22.117969
9407.5339,21.960939
9409.3444,21.95136
9411.155,21.932369
9412.9658,21.725143
9414.7767,21.582231
9416.5878,21.602457
9418.3992,21.475231
9420.2106,21.366829
9422.0223,21.296075
9423.8341,21.159438
9425.6461,20.919272
9427.4583,20.721459
9429.2707,20.624038
9431.0832,20.583088
9432.8959,20.633118
9434.7088,20.581188
9436.5218,20.555925
9438.335,20.419289
9440.1484,20.248144
9441.962,20.048763
9443.7758,19.938794
9445.5897,19.896277
9447.4038,19.850622
9449.2181,19.804967
9451.0325,19.68245
9452.8471,19.542678
9454.6619,19.43271
9456.4769,19.261566
9458.292,19.148461
9460.1073,19.073004
9461.9228,18.953625
9463.7385,18.820128
9465.5543,18.728984
9467.3703,18.58137
9469.1865,18.396109
9471.0029,18.336339
9472.8194,18.207549
9474.6361,18.072484
9476.453,17.882518
9478.2701,17.840003
9480.0873,17.756704
9481.9047,17.627914
9483.7223,17.623046
9485.54,17.644846
9487.358,17.539586
9489.1761,17.413934
9490.9943,17.286714
9492.8128,17.12969
9494.6314,16.967961
9496.4502,16.87682
9498.2692,16.694698
9500.0883,16.592577
9501.9077,16.473201
9503.7272,16.273825
9505.5468,16.002292
9507.3667,15.853112
9509.1867,15.755697
9511.0069,15.53593
9512.8273,15.408711
9514.6478,15.392865
9516.4685,15.254667
9518.2894,15.075684
9520.1105,14.993956
9521.9317,14.927915
9523.7531,14.84305
9525.5747,14.71897
9527.3965,14.576066
9529.2184,14.478653
9531.0405,14.404769
9532.8628,14.203827
9534.6852,14.169159
9536.5079,14.098413
9538.3307,13.971196
9540.1537,13.891039
9541.9768,13.872057
9543.8001,13.859351
9545.6236,13.812135
9547.4473,13.755507
9549.2712,13.656527
9551.0952,13.529311
9552.9194,13.419351
9554.7438,13.331351
9556.5683,13.299822
9558.393,13.21496
9560.2179,13.205392
9562.043,13.133079
9563.8682,13.096845
9565.6937,13.022964
9567.5193,13.041631
9569.345,12.96775
9571.171,12.865634
9572.9971,12.84195
9574.8234,12.832383
9576.6498,12.803993
9578.4765,12.736387
9580.3033,12.687605
9582.1303,12.648235
9583.9574,12.5571
9585.7848,12.489495
9587.6123,12.541105
9589.44,12.504873
9591.2678,12.487464
9593.0958,12.482604
9594.924,12.402451
9596.7524,12.344258
9598.581,12.447634
9600.4097,12.497677
9602.2386,12.539877
9604.0677,12.680901
9605.8969,12.74663
9607.7264,12.73236
9609.556,12.633384
9611.3857,12.633231
9613.2157,12.672295
9615.0458,12.639202
9616.8761,12.631207
9618.7066,12.703212
9620.5372,12.729727
9622.368,12.738987
9624.199,12.812561
9626.0302,12.900253
9627.8615,13.030298
9629.693,13.108578
9631.5247,13.179015
9633.3566,13.224355
9635.1886,13.222635
9637.0208,13.252289
9638.8532,13.415276
9640.6858,13.534341
9642.5185,13.634583
9644.3514,13.700316
9646.1845,13.733107
9648.0178,13.654526
9649.8512,13.497514
9651.6848,13.483247
9653.5186,13.542705
9655.3525,13.600595
9657.1867,13.656917
9659.021,13.736768
9660.8554,13.757012
9662.6901,13.692549
9664.5249,13.587303
9666.3599,13.514998
9668.1951,13.403477
9670.0304,13.320191
9671.866,13.268279
9673.7017,13.230484
9675.5375,13.173866
9677.3736,13.121954
9679.2098,13.187689
9681.0462,13.156169
9682.8827,13.082296
9684.7195,13.01313
9686.5564,12.98161
9688.3935,12.827738
9690.2307,12.810336
9692.0682,12.676857
9693.9058,12.579456
9695.7436,12.562054
9697.5815,12.524261
9699.4197,12.411174
9701.258,12.392205
9703.0965,12.381079
9704.9351,12.28211
9706.774,12.154906
9708.613,12.051231
9710.4521,11.963243
9712.2915,11.773294
9714.131,11.641384
9715.9707,11.495357
9717.8106,11.333644
9719.6506,11.273892
9721.4909,11.215709
9723.3313,11.074388
9725.1718,11.006793
9727.0126,11.019198
9728.8535,10.984544
9730.6946,10.943617
9732.5359,10.940336
9734.3773,10.982545
9736.2189,10.925932
9738.0607,10.863043
9739.9027,10.809567
9741.7448,10.73413
9743.5872,10.59438
9745.4296,10.562865
9747.2723,10.421546
9749.1151,10.347678
9750.9582,10.272242
9752.8013,10.24857
9754.6447,10.17784
9756.4882,10.111816
9758.3319,10.074028
9760.1758,10.081729
9762.0199,10.028255
9763.8641,9.9324273
9765.7085,9.9322862
9767.5531,9.9368512
9769.3978,9.8974947
9771.2428,9.9632364
9773.0879,9.9646646
9774.9331,9.9817791
9776.7786,9.9047761
9778.6242,9.7948321
9780.47,9.6739078
9782.316,9.6016111
9784.1621,9.552844
9786.0085,9.5652534
9787.855,9.6482512
9789.7016,9.6355629
9791.5485,9.6275806
9793.3955,9.5176377
9795.2427,9.4782831
9797.09,9.399713
9798.9376,9.3038881
9800.7853,9.3210045
9802.6332,9.3381211
9804.4813,9.2799436
9806.3295,9.3080409
9808.1779,9.3110402
9810.0265,9.2654122
9811.8752,9.2542941
9813.7242,9.2133722
9815.5733,9.0751956
9817.4226,8.996627
9819.272,8.9431565
9821.1217,8.8990979
9822.9715,8.8817062
9824.8214,8.8972557
9826.6716,8.9206485
9828.5219,8.8656101
9830.3724,8.7823365
9832.2231,8.7649454
9834.0739,8.7130447
9835.925,8.6564382
9837.7762,8.602969
9839.6275,8.6012648
9841.4791,8.5775998
9843.3308,8.5476605
9845.1827,8.4769371
9847.0348,8.5081745
9848.887,8.4405885
9850.7394,8.3933949
9852.592,8.3869856
9854.4448,8.4088119
9856.2977,8.4086774
9858.1508,8.3865823
9860.0041,8.3033109
9861.8576,8.31102
9863.7112,8.3328469
9865.565,8.2683994
9867.419,8.3106187
9869.2732,8.3402891
9871.1275,8.3244695
9872.982,8.1941402
9874.8367,8.2159679
9876.6916,8.2142663
9878.5466,8.1827609
9880.4018,8.1826283
9882.2572,8.1777898
9884.1127,8.086677
9885.9685,8.0504663
9887.8244,8.0205302
9889.6804,8.017261
9891.5367,8.0453644
9893.3931,8.0420954
9895.2497,7.9713755
9897.1065,7.9634009
9898.9634,7.8926814
9900.8205,7.8533345
9902.6778,7.8830073
9904.5353,7.8515038
9906.393,7.8466672
9908.2508,7.8575169
9910.1088,7.8448373
9911.9669,7.8494128
9913.8253,7.8759492
9915.6838,7.8460152
9917.5425,7.7564734
9919.4013,7.7281083
9921.2604,7.7875864
9923.1196,7.7231431
9924.979,7.7528176
9926.8385,7.8577863
9928.6983,7.8419708
9930.5582,7.6881163
9932.4182,7.6377913
9934.2785,7.5576625
9936.1389,7.4257692
9937.9995,7.361327
9939.8603,7.3753162
9941.7213,7.4332272
9943.5824,7.4409422
9945.4437,7.4110104
9947.3052,7.3842159
9949.1668,7.3244803
9951.0286,7.2537645
9952.8906,7.2112841
9954.7528,7.1342941
9956.6152,7.0933826
9958.4777,7.0618831
9960.3404,7.0633248
9962.2032,7.0412373
9964.0663,7.0097381
9965.9295,7.0127489
9967.7929,7.0330147
9969.6565,6.9905355
9971.5202,6.9402134
9973.3841,6.9228325
9975.2482,6.9540793
9977.1125,6.8880712
9978.9769,6.8299065
9980.8415,6.7811536
9982.7063,6.7763225
9984.5713,6.7463934
9986.4364,6.7541115
9988.3017,6.6630063
9990.1672,6.6832737
9992.0328,6.6847177
9993.8987,6.614005
9995.7647,6.5856454
9997.6308,6.6059134
9999.4972,6.5289266
10001.364,6.489587
10003.23,6.4486789
10005.097,6.3889474
10006.964,6.3370592
10008.832,6.3165436
10010.699,6.2803419
10012.567,6.2441404
10014.434,6.2016645
10016.302,6.2297769
10018.17,6.1873013
10020.039,6.0993356
10021.907,6.0960759
10023.776,6.0724241
10025.644,6.0409294
10027.513,6.0235525
10029.383,6.0077443
10031.252,5.97625
10033.121,5.9337754
10034.991,5.9085559
10036.861,5.9100032
10038.731,5.9490976
10040.601,5.9066236
10042.471,5.9566987
10044.342,5.9863818
10046.213,5.923516
10048.084,5.942219
10049.955,5.9468045
10051.826,5.8384489
10053.697,5.7991131
10055.569,5.7801695
10057.441,5.7314222
10059.312,5.695224
10061.185,5.6386338
10063.057,5.5961614
10064.929,5.5866303
10066.802,5.5472954
10068.675,5.5534508
10070.548,5.5674496
10072.421,5.5438013
10074.294,5.5405454
10076.168,5.5670936
10078.041,5.5152105
10079.915,5.4633275
10081.789,5.477327
10083.663,5.4301502
10085.538,5.3249343
10087.412,5.3154048
10089.287,5.3654833
10091.162,5.3198757
10093.037,5.2617191
10094.912,5.2678765
10096.788,5.2426614
10098.663,5.1750935
10100.539,5.1122316
10102.415,5.099566
10104.291,5.0916063
10106.167,5.061686
10108.044,5.1086286
10109.92,5.0912576
10111.797,5.1209455
10113.674,5.081614
10115.551,5.0564003
10117.429,5.0013828
10119.306,4.9934242
10121.184,5.0152697
10123.062,5.0057428
10124.94,4.9742552
10126.818,4.9161011
10128.696,4.8830452
10130.575,4.8060678
10132.453,4.7761494
10134.332,4.7697605
10136.211,4.7649404
10138.091,4.7303165
10139.97,4.6690261
10141.85,4.6391084
10143.729,4.6374261
10145.609,4.6106459
10147.489,4.6121011
10149.37,4.6135565
10151.25,4.6291296
10153.131,4.6007813
10155.012,4.56459
10156.893,4.5221243
10158.774,4.4671098
10160.655,4.4042522
10162.537,4.3257085
10164.418,4.2503022
10166.3,4.2360725
10168.182,4.2202743
10170.064,4.1166331
10171.947,4.0961293
10173.829,4.1273903
10175.712,4.1068868
10177.595,4.1020696
10179.478,4.1599977
10181.361,4.1834162
10183.245,4.1613446
10185.128,4.1612338
10187.012,4.1313193
10188.896,4.1123854
10190.78,4.0683535
10192.664,4.0556943
10194.549,4.0053882
10196.434,3.9990038
10198.318,4.0004626
10200.203,3.9972158
10202.089,3.9296553
10203.974,3.9389577
10205.859,3.9106132
10207.745,3.8179551
10209.631,3.7770618
10211.517,3.776953
10213.403,3.6984129
10215.29,3.699873
10217.176,3.7170195
10219.063,3.6682837
10220.95,3.6666069
10222.837,3.679048
10224.724,3.6883518
10226.612,3.7321657
10228.499,3.7587247
10230.387,3.7350878
10232.275,3.7318432
10234.163,3.6438929
10236.051,3.5512368
10237.94,3.5307377
10239.828,3.4835721
10241.717,3.4426811
10243.606,3.4770844
10245.495,3.4597231
10247.385,3.4156953
10249.274,3.4171578
10251.164,3.4092086
10253.054,3.3651812
10254.944,3.3258598
10256.834,3.3210483
10258.725,3.3005507
10260.615,3.3255434
10262.506,3.3238696
10264.397,3.3237646
10266.288,3.3958165
10268.179,3.3863
10270.071,3.3359993
10271.962,3.3045222
10273.854,3.2667708
10275.746,3.1772548
10277.638,3.125386
10279.53,3.1284193
10281.423,3.1314527
10283.315,3.1297804
10285.208,3.1139905
10287.101,3.1170243
10288.994,3.0855485
10290.888,3.0274061
10292.781,3.0257345
10294.675,3.0507296
10296.569,3.0725877
10298.463,3.0803282
10300.357,3.1068923
10302.252,3.0989469
10304.146,3.0659035
10306.041,3.0171739
10307.936,3.0311896
10309.831,3.0436368
10311.726,3.0247116
10313.622,2.9979434
10315.517,2.9633322
10317.413,2.9004858
10319.309,2.8690122
10321.205,2.873617
10323.101,2.8750848
10324.998,2.9204743
10326.895,2.9501776
10328.791,2.8857634
10330.688,2.860565
10332.586,2.8447786
10334.483,2.8415412
10336.38,2.800657
10338.278,2.7911455
10340.176,2.7643791
10342.074,2.7266326
10343.972,2.7453567
10345.871,2.77663
10347.769,2.8628054
10349.668,2.8925103
10351.567,2.898686
10353.466,2.8123128
10355.365,2.7243711
10357.265,2.6521158
10359.164,2.6441743
10361.064,2.5923114
10362.964,2.5624095
10364.864,2.5921155
10366.765,2.5465275
10368.665,2.5511358
10370.566,2.5573128
10372.467,2.5729017
10374.368,2.5633927
10376.269,2.5727074
10378.17,2.5553555
10380.072,2.5364352
10381.974,2.5159463
10383.875,2.5207798
10385.777,2.5144088
10387.68,2.5326879
10389.582,2.4994265
10391.485,2.5289103
10393.387,2.5606351
10395.29,2.5665898
10397.193,2.6173626
10399.097,2.6165948
10401,2.6371157
10402.904,2.653155
10404.808,2.6826397
10406.712,2.6852339
10408.616,2.6755032
10410.52,2.6893021
10412.425,2.7109443
10414.329,2.7729227
10416.234,2.8102514
10418.139,2.8162077
10420.044,2.8591389
10421.95,2.8606137
10423.855,2.9046656
10425.761,2.9375132
10427.667,2.8773637
10429.573,2.8653937
10431.479,2.848942
10433.386,2.8504175
10435.292,2.8664591
10437.199,2.8567304
10439.106,2.8470019
10441.013,2.8495985
10442.92,2.9138199
10444.828,2.9287416
10446.735,2.9391817
10448.643,2.9395379
10450.551,2.8950764
10452.459,2.8719034
10454.368,2.8857054
10456.276,2.8390033
10458.185,2.8124695
10460.094,2.7523223
10462.003,2.7313909
10463.912,2.7395914
10465.821,2.7287443
10467.731,2.714536
10469.641,2.6622327
10471.551,2.6670723
10473.461,2.6741529
10475.371,2.6554634
10477.281,2.6222082
10479.192,2.5575806
10481.103,2.5108802
10483.014,2.5022753
10484.925,2.4410094
10486.836,2.4189594
10488.747,2.3688982
10490.659,2.2852238
10492.571,2.2676559
10494.483,2.2377633
10496.395,2.2213161
10498.307,2.1858215
10500.22,2.1167136
10502.133,2.0744965
10504.045,2.0535681
10505.958,1.9911833
10507.872,1.9467258
10509.785,1.8720162
10511.699,1.8297999
10513.612,1.7976677
10515.526,1.7576925
10517.44,1.7401264
10519.355,1.7248013
10521.269,1.6893083
10523.184,1.6582972
10525.098,1.6295271
10527.013,1.6029981
10528.929,1.5876737
10530.844,1.5476996
10532.759,1.5469413
10534.675,1.5226537
10536.591,1.5017276
10538.507,1.4976084
10540.423,1.4822848
10542.339,1.4826476
10544.256,1.4852514
10546.172,1.4374352
10548.089,1.4198713
10550.006,1.3944643
10551.924,1.3847438
10553.841,1.3783847
10555.759,1.2958353
10557.676,1.2760312
10559.594,1.2775156
10561.512,1.2487481
10563.431,1.2468715
10565.349,1.1934545
10567.268,1.1702896
10569.186,1.2177131
10571.105,1.2236802
10573.024,1.2049976
10574.944,1.1896764
10576.863,1.1855599
10578.783,1.1948888
10580.703,1.1840499
10582.623,1.1709701
10584.543,1.1399634
10586.463,1.1604973
10588.384,1.1675861
10590.304,1.1377002
10592.225,1.1279825
10594.146,1.116024
10596.068,1.0872589
10597.989,1.0596144
10599.911,1.0252474
10601.832,1.0009646
10603.754,0.97556137
10605.676,0.96920595
10607.599,0.95724842
10609.521,0.94753192
10611.444,0.94453825
10613.366,0.93930381
10615.289,0.95423758
10617.213,0.96132834
10619.136,0.95609431
10621.059,0.9553422
10622.983,0.92545858
10624.907,0.90565913
10626.831,0.88473936
10628.755,0.83916987
10630.679,0.82609351
10632.604,0.79733101
10634.529,0.76184595
10636.454,0.77454031
10638.379,0.78387345
10640.304,0.78984538
10642.229,0.82046731
10644.155,0.78498293
10646.081,0.78311213
10648.006,0.77900057
10649.933,0.74239615
10651.859,0.76517561
10653.785,0.70840339
10655.712,0.69644923
10657.639,0.7494812
10659.566,0.72968417
10661.493,0.74125983
10663.42,0.70465635
10665.348,0.65124628
10667.275,0.65273831
10669.203,0.62285792
10671.131,0.60642305
10673.059,0.58102473
10674.988,0.5500243
10676.916,0.57728731
10678.845,0.55973252
10680.774,0.55786415
10682.703,0.52014157
10684.632,0.48241913
10686.562,0.46374443
10688.491,0.44170853
10690.421,0.43423859
10692.351,0.41668476
10694.281,0.39576971
10696.211,0.39950465
10698.142,0.38979436
10700.072,0.38680688
10702.003,0.37149462
10703.934,0.377471
10705.865,0.34311138
10707.797,0.33004041
10709.728,0.31696958
10711.66,0.28485126
10713.592,0.29979191
10715.524,0.29792596
10717.456,0.24227864
10719.388,0.26506282
10721.321,0.26095638
10723.253,0.22883887
10725.186,0.21128733
10727.119,0.15788157
10729.053,0.13248716
10730.986,0.11717691
10732.92,0.076096495
10734.853,0.083195482
10736.787,0.077969675
10738.721,0.04921459
10740.656,0.066398016
10742.59,0.036522753
10744.525,0.055947344
10746.46,0.058565348
10748.395,0.010763318
10750.33,0.020104281
10752.265,0.033927171
10754.201,0.032729521
10756.136,0.039376112
10758.072,-0.011119053
10760.008,0.01457736
10761.944,0.016745464
10763.881,0.0099510854
10765.817,-0.0058057769
10767.754,-0.046211397
10769.691,-0.016027679
10771.628,0.0063140034
10773.565,-0.02176338
10775.503,0.0017009554
10777.44,0.015082359
10779.378,0.039669347
10781.316,0.049691611
10783.254,0.047390047
10785.192,0.06077586
10787.131,0.084246809
10789.069,0.072984967
10791.008,0.026990333
10792.947,0.034778314
10794.886,0.033603812
10796.826,0.048116686
10798.765,0.055907974
10800.705,0.014400644
10802.645,0.052446237
10804.585,0.040072765
10806.525,0.02433905
10808.465,0.051183468
10810.406,-0.020570452
10812.347,-0.00044651799
10814.288,0.0039922433
10816.229,-0.022940442
10818.17,0.022957106
10820.111,0.019556037
10822.053,0.04080593
10823.995,0.044129754
10825.937,0.021684373
10827.879,0.051901158
10829.821,0.012651258
10831.764,0.010377251
10833.706,-0.023268204
10835.649,-0.052430763
10837.592,-0.0031608474
10839.535,-0.026718961
10841.479,-0.0076989422
10843.422,0.0057199383
10845.366,-0.029039351
10847.31,0.013513387
10849.254,-0.012280112
10851.198,0.012552911
10853.142,0.044109643
10855.087,0.0061996088
10857.032,0.0063858327
10858.977,0.00097083591
10860.922,-0.0010817961
10862.867,0.025998245
10864.812,-0.01078624
10866.758,-0.040847016
10868.704,-0.048497808
10870.65,-0.02477503
10872.596,-0.0021716809
10874.542,0.0081077589
10876.489,0.0038223926
10878.435,-0.003823298
10880.382,0.0042183062
10882.329,-0.0023048957
10884.276,-0.0099475255
10886.224,0.00033803585
10888.171,-0.016266139
10890.119,-0.0082194334
10892.067,-0.010255741
10894.015,3.3901045e-005
10895.963,0.01256546
10897.911,0.0060504202
10899.86,0.0099805868
10901.809,-0.015220047
10903.758,-0.0068063836
10905.707,-0.026403072
10907.656,-0.071769217
10909.605,-0.025257759
10911.555,-0.023563376
10913.505,-0.037554416
10915.455,-0.017931157
10917.405,-0.020716011
10919.355,0.033642845
10921.306,0.071195831
10923.256,0.040402329
10925.207,0.04658447
10927.158,0.066212841
10929.109,0.077998927
10931.061,0.055051971
10933.012,0.0119378
10934.964,0.013642409
10936.916,0.0097456287
10938.868,-0.0053547811
10940.82,-0.022695235
10942.773,-0.0030600472
10944.725,0.017696441
10946.678,0.045176471
10948.631,0.029964674
10950.584,0.037162583
10952.537,0.025313615
10954.491,-0.0011004382
10956.444,-0.038718231
10958.398,-0.057287663
10960.352,-0.078097249
10962.306,-0.073135785
10964.26,-0.10402792
10966.215,-0.084499147
10968.17,-0.049283357
10970.124,-0.055523408
10972.079,-0.04719689
10974.035,-0.06351949
10975.99,-0.0484688
10977.946,-0.023333334
10979.901,-0.048617294
10981.857,-0.042527963
10983.813,-0.008426686
10985.769,-0.016901698
10987.726,0.0015147886
10989.682,0.025534258
10991.639,0.0080978861
10993.596,0.027637046
10995.553,-0.004363668
10997.511,-0.030761399
10999.468,0.013429846
11001.426,-0.005123264
11003.383,-0.021434736
11005.341,0.014915598
11007.3,0.018773677
11009.258,0.086498044
11011.216,0.094839399
11013.175,0.068447603
11015.134,0.11488568
11017.093,0.088495367
11019.052,0.067708037
11021.011,0.076053102
11022.971,0.061989945
11024.931,0.066975149
11026.891,0.061877061
11028.851,0.04781613
11030.811,0.066248937
11032.771,0.09476652
11034.732,0.10087588
11036.693,0.091299711
11038.654,0.14222848
11040.615,0.13601514
11042.576,0.1522115
11044.537,0.16728816
11046.499,0.13418629
11048.461,0.14142129
11050.423,0.081430143
11052.385,0.066257665
11054.347,0.07573579
11056.31,0.039276282
11058.273,0.059960372
11060.235,0.048152207
11062.198,0.034103888
11064.162,0.054790204
11066.125,0.041863816
11068.089,0.073756098
11070.052,0.061951642
11072.016,0.087122718
11073.98,0.1066923
11075.945,0.11505813
11077.909,0.14919502
11079.874,0.11274441
11081.838,0.099823962
11083.803,0.10259053
11085.768,0.078467075
11087.734,0.10812588
11089.699,0.069438086
11091.665,0.072207617
11093.631,0.049207583
11095.597,0.036292323
11097.563,0.078279767
11099.529,0.025029857
11101.496,0.0042736856
11103.462,0.048504251
11105.429,0.059122113
11107.396,0.11455864
11109.363,0.14534606
11111.331,0.14140032
11113.298,0.14417801
11115.266,0.14919734
11117.234,0.12508576
11119.202,0.1166612
11121.17,0.094791995
11123.139,0.051635022
11125.107,0.035369546
11127.076,0.023586605
11129.045,0.001720372
11131.014,0.0067456374
11132.983,0.0039285074
11134.953,0.028002876
11136.923,0.013982748
11138.892,0.0022042578
11140.862,0.01507637
11142.833,0.029069672
11144.803,0.027377441
11146.773,0.00887923
11148.744,-0.032027203
11150.715,-0.021392278
11152.686,0.0015683189
11154.657,-0.019167821
11156.629,-0.0074102224
11158.6,-0.013579052
11160.572,-0.036553863
11162.544,-0.014710005
11164.516,-0.036562884
11166.488,-0.039367402
11168.461,-0.015280422
11170.433,-0.036010627
11172.406,-0.029849334
11174.379,0.00096256054
11176.352,-0.0018382481
11178.325,0.014409304
11180.299,0.0082486347
11182.272,0.032340808
11184.246,0.020579381
11186.22,0.017782282
11188.194,0.0071427875
11190.169,0.00098582751
11192.143,0.041888433
11194.118,0.034612508
11196.093,0.0015670177
11198.068,0.017821989
11200.043,0.030716357
11202.019,0.020082056
11203.994,0.050905079
11205.97,0.020104194
11207.946,0.0083516698
11209.922,0.03805647
11211.898,0.035269015
11213.875,0.01567558
11215.851,0.0072873678
11217.828,-0.032472651
11219.805,-0.0094868305
11221.782,0.0011748022
11223.759,-0.021776269
11225.737,-0.020076737
11227.715,-0.022858257
11229.692,-0.0032300716
11231.67,0.011917063
11233.649,-0.0076689536
11235.627,0.0018774241
11237.605,-0.017707109
11239.584,-0.0014365585
11241.563,-0.00085154062
11243.542,-0.01676846
11245.521,0.005410528
11247.501,-0.0116255
11249.48,-0.0084927905
11251.46,0.0058450707
11253.44,-0.014550292
11255.42,-0.0024519868
11257.4,0.029815055
11259.381,-0.0040236751
11261.361,0.0080766398
11263.342,0.023538969
11265.323,0.04460421
11267.304,0.019731745
11269.286,0.027352947
11271.267,0.018168097
11273.249,0.032513328
11275.231,0.050220574
11277.213,0.029833252
11279.195,0.018410185
11281.177,0.036119441
11283.16,0.016854578
11285.142,0.028962933
11287.125,0.045553751
11289.108,0.038615827
11291.092,0.02719678
11293.075,0.016898852
11295.059,0.013324283
11297.042,0.027677555
11299.026,0.012899844
11301.01,-0.015322575
11302.995,-0.02785805
11304.979,-0.020224787
11306.964,-0.020433992
11308.949,0.011850471
11310.934,0.032931122
11312.919,0.011435412
11314.904,0.029156059
11316.89,0.023347963
11318.875,0.0063360561
11320.861,0.028540505
11322.847,-0.0041563362
11324.833,-0.033491163
11326.82,-0.02585053
11328.806,-0.037256846
11330.793,-0.057626078
11332.78,-0.04662209
11334.767,-0.01881071
11336.754,-0.050382413
11338.742,-0.016967452
11340.729,-0.011563025
11342.717,-0.040843216
11344.705,0.011669887
11346.693,-0.009766014
11348.681,-0.021117305
11350.67,0.029156629
11352.658,0.0043611121
11354.647,0.031106787
11356.636,0.036564523
11358.625,0.028577457
11360.615,0.050843067
11362.604,0.028291327
11364.594,0.012462852
11366.584,-0.0044854957
11368.574,-0.019192371
11370.564,-0.00028522403
11372.554,-0.026195429
11374.545,-0.024093852
11376.535,-0.041039319
11378.526,-0.036695695
11380.517,-0.017785668
11382.509,-0.019043132
11384.5,-0.010215986
11386.492,0.006454873
11388.483,0.00071734455
11390.475,0.010666667
11392.468,0.037413656
11394.46,0.032788574
11396.452,0.01583904
11398.445,0.01233536
11400.438,0.02003664
11402.431,0.027738397
11404.424,0.041042872
11406.417,-0.0016745841
11408.411,-0.005175877
11410.404,-0.013158485
11412.398,-0.03122465
11414.392,-0.042567648
11416.387,-0.044946584
11418.381,-0.065252213
11420.375,-0.068750642
11422.37,-0.055441871
11424.365,-0.035409934
11426.36,-0.036666035
11428.355,-0.049126141
11430.351,-0.044779046
11432.346,-0.034829234
11434.342,-0.013674462
11436.338,-0.01268728
11438.334,0.0095888944
11440.331,-0.0062296919
11442.327,0.011353977
11444.324,-0.0046754386
11446.321,-0.035270319
11448.318,-0.014324223
11450.315,-0.022509418
11452.312,-0.029573804
11454.31,0.028348166
11456.307,0.041452569
11458.305,0.061280023
11460.303,0.11135994
11462.301,0.097574669
11464.3,0.10956007
11466.298,0.14283434
11468.297,0.12232747
11470.296,0.091736921
11472.295,0.11268735
11474.294,0.10450649
11476.294,0.13778257
11478.293,0.15089094
11480.293,0.14719296
11482.293,0.16478385
11484.293,0.20590451
11486.293,0.19212357
11488.294,0.22204048
11490.295,0.17688771
11492.295,0.19111906
11494.296,0.21319391
11496.298,0.22854643
11498.299,0.27079007
11500.3,0.29174556
11502.302,0.31606275
11504.304,0.3706324
11506.306,0.41287748
11508.308,0.43047306
11510.311,0.47608021
11512.313,0.504881
11514.316,0.51911632
11516.319,0.52438842
11518.322,0.53638357
11520.325,0.52260877
11522.329,0.5570136
11524.332,0.54660087
11526.336,0.54179074
11528.34,0.59972607
11530.344,0.62180742
11532.349,0.66517764
11534.353,0.66821209
11536.358,0.65892198
11538.363,0.7538339
11540.368,0.77479661
11542.373,0.75990533
11544.378,0.78086876
11546.384,0.80855523
11548.389,0.87097597
11550.395,0.86729062
11552.401,0.79974008
11554.407,0.77700784
11556.414,0.7834076
11558.42,0.76627832
11560.427,0.72561999
11562.434,0.71073232
11564.441,0.68352009
11566.448,0.62941746
11568.456,0.59212191
11570.464,0.55034494
11572.471,0.5500249
11574.479,0.55642792
11576.487,0.48552037
11578.496,0.45943112
11580.504,0.52858031
11582.513,0.53274388
11584.522,0.56828035
11586.531,0.50969954
11588.54,0.49481657
11590.549,0.52363144
11592.559,0.54124219
11594.569,0.51739671
11596.578,0.48794936
11598.588,0.48539313
11600.599,0.56575042
11602.609,0.53182235
11604.62,0.51021958
11606.63,0.49758076
11608.641,0.45805154
11610.652,0.48687002
11612.664,0.48319586
11614.675,0.41341562
11616.687,0.43887384
11618.699,0.43632121
11620.711,0.41023954
11622.723,0.41665122
11624.735,0.41185878
11626.748,0.35216474
11628.76,0.33728899
11630.773,0.34034077
11632.786,0.33218844
11634.799,0.34420453
11636.813,0.3405347
11638.826,0.29764955
11640.84,0.33879838
11642.854,0.36426129
11644.868,0.32473857
11646.882,0.33899772
11648.897,0.34765499
11650.911,0.3417468
11652.926,0.35600704
11654.941,0.34113598
11656.956,0.33186753
11658.971,0.37189915
11660.987,0.36375187
11663.002,0.31302791
11665.018,0.29255642
11667.034,0.28665112
11669.05,0.24713273
11671.067,0.24795084
11673.083,0.19386734
11675.1,0.18012035
11677.117,0.21567343
11679.134,0.22881791
11681.151,0.25428768
11683.168,0.26519199
11685.186,0.23351963
11687.203,0.23994286
11689.221,0.21499391
11691.239,0.19676801
11693.258,0.21775815
11695.276,0.19841253
11697.295,0.20595802
11699.313,0.21014252
11701.332,0.21208649
11703.352,0.23868069
11705.371,0.23166179
11707.39,0.20671609
11709.41,0.19745702
11711.43,0.20500504
11713.45,0.23720328
11715.47,0.2257044
11717.49,0.22765126
11719.511,0.23968251
11721.531,0.25619592
11723.552,0.29175731
11725.573,0.29482606
11727.595,0.28669069
11729.616,0.28303748
11731.637,0.30179358
11733.659,0.30710468
11735.681,0.28776627
11737.703,0.28971674
11739.725,0.26477682
11741.748,0.28465518
11743.77,0.28660673
11745.793,0.23813848
11747.816,0.23224762
11749.839,0.21179129
11751.863,0.18125129
11753.886,0.18656599
11755.91,0.14818358
11757.934,0.14005362
11759.958,0.12968313
11761.982,0.10362673
11764.006,0.10782279
11766.031,0.1209828
11768.055,0.10277062
11770.08,0.090161038
11772.105,0.12236975
11774.13,0.12208582
11776.156,0.15205435
11778.181,0.16745742
11780.207,0.14140427
11782.233,0.17585568
11784.259,0.15876684
11786.285,0.13719656
11788.312,0.1425174
11790.338,0.1198274
11792.365,0.12738986
11794.392,0.14391626
11796.419,0.11450466
11798.446,0.15904299
11800.474,0.16884779
11802.502,0.2055437
11804.529,0.22095147
11806.557,0.1993848
11808.586,0.17893895
11810.614,0.16521614
11812.642,0.15933683
11814.671,0.13553071
11816.7,0.10836361
11818.729,0.094642249
11820.758,0.074198559
11822.788,0.1019345
11824.817,0.12294812
11826.847,0.090180579
11828.877,0.1201585
11830.907,0.11652334
11832.937,0.11400899
11834.968,0.14510844
11836.998,0.10113822
11839.029,0.11543168
11841.06,0.12076191
11843.091,0.091358602
11845.123,0.093328208
11847.154,0.080732349
11849.186,0.056932369
11851.218,0.060023506
11853.25,0.037344697
11855.282,0.034834315
11857.314,0.04128788
11859.347,0.028694187
11861.379,0.041871164
11863.412,0.062891638
11865.445,0.081671577
11867.478,0.098210981
11869.512,0.13828016
11871.545,0.11224325
11873.579,0.14334957
11875.613,0.13524056
11877.647,0.080073081
11879.681,0.075326136
11881.716,0.045929692
11883.75,0.037822125
11885.785,0.071171501
11887.82,0.044017036
11889.855,0.058319516
11891.891,0.073742804
11893.926,0.05443256
11895.962,0.065374778
11897.998,0.037101671
11900.034,0.044683266
11902.07,0.025374466
11904.106,0.055365748
11906.143,0.080875597
11908.18,0.12431298
11910.216,0.14534176
11912.253,0.13499835
11914.291,0.14146202
11916.328,0.14120337
11918.366,0.12189746
11920.403,0.11715773
11922.441,0.066479996
11924.479,0.069584132
11926.518,0.078290869
11928.556,0.039939144
11930.595,0.059851086
11932.634,0.033825013
11934.673,0.058219469
11936.712,0.077012045
11938.751,0.044264366
11940.791,0.029444219
11942.83,0.025828915
11944.87,0.01773218
11946.91,0.021960735
11948.95,0.0037806876
11950.991,-0.023362584
11953.031,-0.026976083
11955.072,-0.011541601
11957.113,0.0094954818
11959.154,0.013726203
11961.195,0.0056323562
11963.236,-0.019267853
11965.278,0.0073729157
11967.32,0.001521048
11969.362,-0.00096911418
11971.404,0.0099864629
11973.446,0.0052561265
11975.489,0.021814667
11977.531,0.010362363
11979.574,3.0869151e-005
11981.617,0.013229148
11983.66,0.0028983759
11985.704,-0.0096729314
11987.747,-0.021123429
11989.791,-0.020248636
11991.835,-0.012650793
11993.879,-0.0050525892
11995.923,0.014870906
11997.967,0.019108488
12000.012,0.025587327
12002.056,0.020862045
12004.101,0.021739366
12006.146,0.079759904
12008.192,0.066072121
12010.237,0.061348283
12012.283,0.057745255
12014.328,0.033974521
12016.374,0.083033279
12018.42,0.06374506
12020.467,0.041095857
12022.513,0.038615082
12024.56,0.021568843
12026.607,0.034775065
12028.654,0.013247754
12030.701,-0.021724574
12032.748,-0.03204668
12034.796,-0.041247977
12036.843,-0.048208017
12038.891,-0.058529041
12040.939,-0.05876567
12042.987,-0.057881489
12045.036,-0.028985743
12047.084,-0.0079327731
12049.133,-0.0015681559
12051.182,0.035048913
12053.231,0.045896024
12055.28,0.055623037
12057.33,0.070952642
12059.379,0.034741982
12061.429,0.043349599
12063.479,0.021705466
12065.529,-0.0032996611
12067.579,0.0030681115
12069.63,-0.033140796
12071.681,-0.034615459
12073.731,-0.015921705
12075.782,-0.03420239
12077.834,-0.023351071
12079.885,-0.014740299
12081.936,-0.020695002
12083.988,0.0080845394
12086.04,0.0077327784
12088.092,-0.027352525
12090.144,-0.0086559661
12092.197,-0.034776983
12094.249,-0.031765997
12096.302,-0.014188834
12098.355,-0.044790592
12100.408,-0.022730935
12102.461,-0.0017913761
12104.515,-0.020067152
12106.568,0.022161624
12108.622,0.0094887894
12110.676,0.015863925
12112.73,0.054732408
12114.784,0.042060626
12116.839,0.047316365
12118.893,0.040247525
12120.948,0.035419931
12123.003,0.037315378
12125.058,0.021284004
12127.114,-0.018276431
12129.169,-0.036548
12131.225,-0.012242188
12133.281,-0.015947229
12135.337,-0.016290575
12137.393,-0.019994916
12139.45,-0.02706025
12141.506,0.029740313
12143.563,0.033880162
12145.62,0.024574983
12147.677,0.065690323
12149.734,0.045181364
12151.792,0.072852027
12153.849,0.048982425
12155.907,0.0083064499
12157.965,0.019171442
12160.023,-0.024865176
12162.081,-0.028565309
12164.14,-0.033385539
12166.199,-0.047169004
12168.257,-0.026218226
12170.316,-0.02767606
12172.376,-0.017929061
12174.435,0.02094994
12176.494,-0.016361184
12178.554,-0.016697167
12180.614,-0.012551007
12182.674,0.0084022258
12184.734,0.012549087
12186.795,0.021178091
12188.855,0.018602965
12190.916,0.029473567
12192.977,0.022417348
12195.038,0.028806859
12197.099,0.027353583
12199.161,0.053911862
12201.222,0.044616149
12203.284,0.055488855
12205.346,0.055157429
12207.408,0.053705906
12209.471,0.058977423
12211.533,0.041840327
12213.596,0.020221788
12215.659,0.026614805
12217.722,0.0027560711
12219.785,0.022595167
12221.848,0.025627891
12223.912,-0.025120547
12225.975,-0.022087122
12228.039,-0.0078488646
12230.103,-0.019380565
12232.168,-0.0029007095
12234.232,-0.016672605
12236.297,0.016614674
12238.361,0.062227234
12240.426,0.063022217
12242.491,0.04589038
12244.557,0.04892696
12246.622,0.049722995
12248.688,0.041555795
12250.753,0.038991187
12252.819,0.018499758
12254.886,0.024899436
12256.952,0.031299465
12259.018,0.033218052
12261.085,0.042980126
12263.152,0.026972243
12265.219,0.036735019
12267.286,0.046498146
12269.353,0.038334452
12271.421,0.046977831
12273.489,0.018646771
12275.557,0.011604577
12277.625,0.026971698
12279.693,0.0064848269
12281.761,0.026334441
12283.83,0.017052753
12285.899,-0.011276203
12287.968,0.020899393
12290.037,0.013859654
12292.106,0.041554158
12294.175,0.033394672
12296.245,0.036440018
12298.315,0.045087955
12300.385,0.057097587
12302.455,0.039975918
12304.525,0.036299977
12306.596,0.020299457
12308.667,0.030069596
12310.737,-0.0049778423
12312.808,-0.00080924341
12314.88,-0.01120612
12316.951,0.0075290063
12319.023,0.011698657
12321.094,0.001302832
12323.166,-0.0057312978
12325.238,0.025330161
12327.31,0.046307937
12329.383,0.050479341
12331.455,0.049048854
12333.528,0.047618718
12335.601,0.032743555
12337.674,0.049241291
12339.748,0.014198762
12341.821,-0.008518487
12343.895,-0.0088264216
12345.968,-0.020338487
12348.042,-0.0049594464
12350.117,0.0025768081
12352.191,-0.016777343
12354.265,-0.011481284
12356.34,-0.037557423
12358.415,-0.015242127
12360.49,-0.033262692
12362.565,-0.028874018
12364.641,-0.026725967
12366.716,-0.040263915
12368.792,-0.012345007
12370.868,-0.015798373
12372.944,-0.0080469835
12375.02,0.014270507
12377.097,-0.012711448
12379.173,0.014088383
12381.25,0.0072750442
12383.327,-0.015224295
12385.404,0.026142186
12387.481,-0.0041997423
12389.559,-0.0020483988
12391.636,0.00010321894
12393.714,-0.01567206
12395.792,-0.01576079
12397.87,-0.0024038672
12399.949,0.0019897443
12402.027,-0.0070617481
12404.106,0.0018142048
12406.185,-0.00051404985
12408.264,0.015085141
12410.343,0.048611776
12412.422,0.05524793
12414.502,0.050679877
12416.582,0.029305375
12418.662,0.021376525
12420.742,0.011207053
12422.822,-0.019130211
12424.902,-0.013612859
12426.983,-0.054033609
12429.064,-0.056358846
12431.145,-0.011624985
12433.226,-0.018431466
12435.307,-0.010671847
12437.389,-0.016357331
12439.47,-0.039969712
12441.552,-0.010920754
12443.634,-0.023328104
12445.716,-0.0099648719
12447.799,-0.025733018
12449.881,-0.0090078928
12451.964,0.0054766105
12454.047,-0.015892954
12456.13,0.0030738911
12458.213,0.0085956319
12460.296,-0.0094117647
12462.38,0.014617116
12464.464,0.0072736772
12466.548,0.023459879
12468.632,0.047489447
12470.716,0.025580869
12472.8,0.02832238
12474.885,0.022100535
12476.97,0.020360711
12479.055,-0.0093900877
12481.14,-0.014490798
12483.225,-0.0072663484
12485.311,-0.045980045
12487.396,-0.02530976
12489.482,-0.041614035
12491.568,-0.038870462
12493.654,-0.0069950077
12495.741,-0.0042509766
12497.827,0.028745384
12499.914,0.077428249
12502.001,0.045439074
12504.088,0.076195226
12506.175,0.047567853
12508.262,0.076083567
12510.35,0.037372619
12512.438,-0.0046994442
12514.526,-0.0019533513
12516.614,-0.0025683738
12518.702,-0.0043036154
12520.79,0.023093025
12522.879,-0.018977893
12524.968,0.010660102
12527.057,0.024612051
12529.146,0.0038303359
12531.235,0.014421399
12533.325,-0.010841651
12535.414,-0.019297749
12537.504,-0.00086286114
12539.594,0.0030064292
12541.684,-0.022255704
12543.775,0.010745697
12545.865,0.004531641
12547.956,0.040894845
12550.047,0.048126625
12552.138,0.045274601
12554.229,0.048025047
12556.321,0.054137066
12558.412,0.047924385
12560.504,0.048434622
12562.596,0.0052476084
12564.688,0.02032413
12566.78,-0.010537495
12568.873,-0.016749031
12570.965,0.00280997
12573.058,-0.042616794
12575.151,-0.045466298
12577.244,-0.02590661
12579.338,-0.05676686
12581.431,-0.0069546124
12583.525,-0.010923648
12585.619,-0.010410662
12587.713,0.015872861
12589.807,0.020868098
12591.901,0.032586253
12593.996,0.020775225
12596.09,0.0056030818
12598.185,0.0038765459
12600.28,-0.013536035
12602.376,0.00042416148
12604.471,-0.016987962
12606.567,-0.0075090993
12608.662,0.013174474
12610.758,-0.0075983064
12612.854,-0.00035965313
12614.951,0.005758781
12617.047,0.0029138589
12619.144,0.016875889
12621.241,0.018513217
12623.338,0.010066741
12625.435,0.026270355
12627.532,0.057040023
12629.63,0.042120534
12631.727,0.040522158
12633.825,0.024109197
12635.923,0.029482956
12638.021,0.0034843961
12640.12,0.013215912
12642.218,0.0177189
12644.317,-0.0065360538
12646.416,0.024111183
12648.515,0.010314204
12650.614,0.013075188
12652.714,0.01845078
12654.813,-0.0058030277
12656.913,0.0039303214
12659.013,0.00059200427
12661.113,0.0059685131
12663.213,0.017445469
12665.314,-0.00070697571
12667.414,-0.0023014571
12669.515,-0.0065100885
12671.616,0.0075821628
12673.717,0.020803184
12675.819,0.024438377
12677.92,0.030688178
12680.022,0.016894636
12682.124,0.020530516
12684.226,0.043338739
12686.328,0.046975078
12688.43,0.045382887
12690.533,0.013289836
12692.636,0.027384379
12694.738,0.035378932
12696.842,0.0285589
12698.945,0.027839315
12701.048,-0.0025096709
12703.152,-0.018043613
12705.256,-0.028348567
12707.36,-0.022095559
12709.464,0.023373366
12711.568,-0.003488636
12713.672,-0.020764352
12715.777,-0.010153128
12717.882,-0.027428386
12719.987,0.0058412482
12722.092,-0.0044618736
12724.197,0.0029148173
12726.303,-0.0036516691
12728.409,-0.030261551
12730.514,0.010231142
12732.62,0.014994164
12734.727,0.0075569292
12736.833,0.014063227
12738.94,-0.023874742
12741.046,0.010518621
12743.153,-0.0030181215
12745.26,-0.0069686294
12747.368,0.010867533
12749.475,-0.040141443
12751.583,-0.014461788
12753.69,-0.017540126
12755.798,-0.020618286
12757.906,0.01203358
12760.015,-0.038103048
12762.123,-0.02462294
12764.232,0.0028007004
12766.341,-0.03077766
12768.45,-0.0042251238
12770.559,-0.028217072
12772.668,-0.035651109
12774.778,-0.023041394
12776.887,-0.039797266
12778.997,0.0070635476
12781.107,0.014708802
12783.218,0.0075393701
12785.328,0.028256775
12787.439,0.01585884
12789.549,0.023504605
12791.66,0.042479474
12793.771,0.042282357
12795.883,0.043828286
12797.994,0.017487634
12800.106,0.012062141
12802.217,0.0031509371
12804.329,0.0055688368
12806.441,0.00014372684
12808.554,0.001690422
12810.666,-0.0019915135
12812.779,0.0021698157
12814.892,0.01504587
12817.005,0.019207454
12819.118,0.019011867
12821.231,0.00051575478
12823.345,0.0038062621
12825.458,0.034983607
12827.572,0.030431232
12829.686,0.045922558
12831.801,0.027427083
12833.915,0.031589688
12836.03,0.047952856
12838.144,0.022486086
12840.259,0.051049945
12842.374,0.045627003
12844.49,0.047175867
12846.605,0.053953616
12848.721,0.028487484
12850.836,0.05705198
12852.952,0.042915079
12855.069,0.023549548
12857.185,0.060829024
12859.301,0.043206667
12861.418,0.045628011
12863.535,0.040206344
12865.652,0.026941668
12867.769,0.045921129
12869.886,0.028299409
12872.004,0.044664746
12874.122,0.033143499
12876.24,0.02162238
12878.358,0.024916204
12880.476,-0.011005531
12882.594,0.01407504
12884.713,0.0034258908
12886.832,-0.023780865
12888.951,0.012629065
12891.07,-0.029392251
12893.189,0.0026606358
12895.308,0.0085698588
12897.428,0.015350669
12899.548,0.056118535
12901.668,0.0088690991
12903.788,0.027850728
12905.908,0.033760588
12908.029,0.0039407291
12910.149,0.039480475
12912.27,0.030575903
12914.391,0.026900217
12916.512,0.025839038
12918.634,0.017806309
12920.755,0.03068874
12922.877,0.033985242
12924.999,0.029438735
12927.121,0.035349871
12929.243,0.031675078
12931.366,0.03410063
12933.488,0.047855286
12935.611,0.046795255
12937.734,0.04922119
12939.857,0.051647253
12941.98,0.050587604
12944.104,0.073057495
12946.227,0.061540585
12948.351,0.070938836
12950.475,0.056807802
12952.599,0.051391493
12954.724,0.030289036
12956.848,0.035330498
12958.973,0.037757709
12961.098,0.017527095
12963.223,0.016468722
12965.348,0.0066958795
12967.473,0.0030233824
12969.599,0.016780207
12971.724,0.0043933678
12973.85,0.027736504
12975.976,0.018835759
12978.103,0.026492876
12980.229,0.050707854
12982.356,0.036578733
12984.482,0.055565209
12986.609,0.048408021
12988.737,0.036893662
12990.864,0.046294463
12992.991,0.034780359
12995.119,0.045924335
12997.247,0.039639245
12999.375,0.024639685
13001.503,0.034041124
13003.631,0.036471013
13005.76,0.033672271
13007.888,0.028259278
13010.017,0.0097745172
13012.146,0.023533893
13014.275,0.014635443
13016.405,0.020551936
13018.534,0.033440235
13020.664,0.023670708
13022.794,0.0034437932
13024.924,0.0076178771
13027.054,0.0091777095
13029.185,0.010737669
13031.315,9.7321143e-005
13033.446,-0.003571222
13035.577,-0.0081110973
13037.708,-0.033565878
13039.839,-0.020676304
13041.971,-0.011272442
13044.103,-0.024526404
13046.234,-0.012507907
13048.366,0.0029965559
13050.499,0.021115525
13052.631,0.020062509
13054.763,0.013780863
13056.896,0.023185618
13059.029,0.028233202
13061.162,0.046352809
13063.295,0.060115246
13065.429,0.064291753
13067.562,0.06149671
13069.696,0.049115739
13071.83,0.036734894
13073.964,0.036554613
13076.098,0.033760081
13078.233,0.021379619
13080.367,0.0037705268
13082.502,0.014919732
13084.637,0.0016681934
13086.772,0.014560573
13088.907,0.0091524267
13091.043,0.032502578
13093.178,0.035809284
13095.314,0.040859036
13097.45,0.049394755
13099.586,0.0622879
13101.723,0.064723656
13103.859,0.070645379
13105.996,0.046937599
13108.133,0.055473956
13110.27,0.03699519
13112.407,0.038560124
13114.544,0.047968323
13116.682,0.046047673
13118.82,0.034541095
13120.958,0.013448587
13123.096,0.015014159
13125.234,0.0113511
13127.372,0.012045468
13129.511,0.025811858
13131.65,0.024763561
13133.789,0.036787287
13135.928,0.025281729
13138.067,0.032948412
13140.207,0.036257923
13142.346,0.025624207
13144.486,0.034162732
13146.626,0.017429054
13148.766,0.019867616
13150.907,0.026663604
13153.047,-0.0057559664
13155.188,0.019340931
13157.329,-0.0017494088
13159.47,-0.020225242
13161.611,-0.0012281799
13163.753,-0.045847548
13165.894,-0.0050637393
13168.036,-0.014824465
13170.178,-0.013256087
13172.32,0.028399565
13174.462,-0.026676683
13176.605,0.0019073286
13178.747,0.02351979
13180.89,0.0033023131
13183.033,0.065873635
13185.176,0.014283864
13187.319,0.029796618
13189.463,0.018294248
13191.607,-0.0088942683
13193.75,0.02840536
13195.894,0.020389212
13198.039,0.019344869
13200.183,0.031372549
13202.327,0.012534397
13204.472,0.022454514
13206.617,0.0062309369
13208.762,-0.0056352434
13210.907,-0.00094359159
13213.053,-0.020652713
13215.198,-0.029904221
13217.344,-0.038284171
13219.49,-0.050149862
13221.636,-0.062886914
13223.782,-0.039894021
13225.929,-0.042173362
13228.075,-0.033123628
13230.222,-0.038017152
13232.369,-0.033324521
13234.516,-0.012074058
13236.664,-0.0065097715
13238.811,-0.0035597662
13240.959,0.016819531
13243.107,-0.0055025993
13245.255,0.00093353845
13247.403,0.0012695562
13249.551,-0.012337683
13251.7,0.0028133452
13253.848,-0.020379755
13255.997,-0.0034856114
13258.146,-0.010120782
13260.296,-0.015012935
13262.445,0.0062388013
13264.595,-0.0064962931
13266.744,-0.0018020956
13268.894,0.039493507
13271.044,0.035473303
13273.195,0.045396553
13275.345,0.021332972
13277.496,0.028642038
13279.647,0.049023097
13281.798,0.030188568
13283.949,0.058412961
13286.1,0.06223658
13288.252,0.039045046
13290.403,0.041125941
13292.555,0.05627883
13294.707,0.072303276
13296.859,0.093556579
13299.012,0.081694511
13301.164,0.087261734
13303.317,0.074528402
13305.47,0.069638306
13307.623,0.066491226
13309.776,0.084259277
13311.93,0.049739844
13314.083,0.045721599
13316.237,0.037346153
13318.391,0.01502745
13320.545,0.047610805
13322.699,0.041850032
13324.854,0.057875849
13327.008,0.082616361
13329.163,0.060298147
13331.318,0.079810097
13333.473,0.08102149
13335.629,0.083104442
13337.784,0.10348814
13339.94,0.043697654
13342.096,0.055366956
13344.252,0.035663806
13346.408,0.020318054
13348.564,0.031116189
13350.721,0.02187085
13352.878,0.014368528
13355.034,0.0042519253
13357.192,0.0019785574
13359.349,0.039792433
13361.506,0.020090067
13363.664,0.0082309366
13365.822,-0.0027566366
13367.979,0.01065676
13370.138,0.0048981403
13372.296,0.019183192
13374.454,0.030853963
13376.613,0.032067315
13378.772,0.039380982
13380.931,0.044951829
13383.09,0.072309265
13385.249,0.072651549
13387.409,0.055564737
13389.569,0.088151226
13391.728,0.068450231
13393.888,0.077507503
13396.049,0.090922172
13398.209,0.077321689
13400.37,0.095093852
13402.53,0.073650427
13404.691,0.090551326
13406.852,0.093508968
13409.014,0.070322918
13411.175,0.10203893
13413.337,0.083210369
13415.498,0.068739209
13417.66,0.087383615
13419.822,0.072912651
13421.985,0.095914552
13424.147,0.080572324
13426.31,0.087888145
13428.473,0.1074045
13430.636,0.085962349
13432.799,0.092407005
13434.962,0.067479209
13437.126,0.062595085
13439.289,0.060325438
13441.453,0.064156106
13443.617,0.086287526
13445.781,0.066588979
13447.946,0.056476586
13450.11,0.045492831
13452.275,0.04758107
13454.44,0.074941737
13456.605,0.05350076
13458.77,0.076504325
13460.936,0.050706245
13463.101,0.030137021
13465.267,0.054883799
13467.433,0.03692915
13469.599,0.066904882
13471.766,0.059407945
13473.932,0.051911106
13476.099,0.080144213
13478.266,0.061318594
13480.433,0.084323138
13482.6,0.088155667
13484.767,0.04492947
13486.935,0.040047597
13489.102,0.0064076529
13491.27,0.0041403554
13493.438,0.011459212
13495.607,-0.0021368652
13497.775,0.013025325
13499.943,-0.012770993
13502.112,-0.015037801
13504.281,0.0079678204
13506.45,0.033587919
13508.62,0.047007679
13510.789,0.037769585
13512.959,0.029403049
13515.128,0.028008288
13517.298,0.021384867
13519.468,0.0243476
13521.639,0.012495617
13523.809,0.030273361
13525.98,0.0088355169
13528.151,0.014413021
13530.322,0.013890405
13532.493,0.020339565
13534.664,0.027660282
13536.836,0.0088373069
13539.008,0.025744277
13541.179,0.040036965
13543.351,0.014242606
13545.524,0.013720676
13547.696,-0.0016159717
13549.869,0.013548568
13552.041,0.015641311
13554.214,0.0090195542
13556.387,0.026798767
13558.561,0.019305746
13560.734,0.017913042
13562.908,0.049635903
13565.082,0.052600693
13567.256,0.076480613
13569.43,0.072473921
13571.604,0.06062419
13573.779,0.067946669
13575.953,0.049996916
13578.128,0.055576672
13580.303,0.054184848
13582.478,0.026649332
13584.654,0.044429818
13586.829,0.022123255
13589.005,0.015503065
13591.181,0.021083409
13593.357,0.011849036
13595.533,0.03137293
13597.709,0.026496051
13599.886,0.032076786
13602.063,0.0359147
13604.24,0.019709139
13606.417,0.039233523
13608.594,0.058758005
13610.772,0.06433923
13612.949,0.040290923
13615.127,0.031057529
13617.305,0.036639047
13619.483,0.022177091
13621.661,0.04170216
13623.84,0.029854778
13626.019,0.011907277
13628.197,-0.0069115866
13630.376,-0.030087651
13632.556,-0.029734205
13634.735,-0.031007684
13636.915,-0.042738641
13639.094,-0.032683069
13641.274,-0.056614387
13643.454,-0.043072901
13645.634,-0.027788458
13647.815,-0.029061711
13649.995,-0.025977629
13652.176,-0.011564533
13654.357,-0.018937892
13656.538,-0.021082455
13658.72,-0.027584279
13660.901,-0.029728767
13663.083,-0.035359057
13665.264,-0.053189745
13667.446,-0.044005144
13669.629,-0.02262007
13671.811,-0.023892911
13673.993,-0.004250682
13676.176,0.0040626088
13678.359,-0.012024934
13680.542,-0.0063259476
13682.725,0.0098305931
13684.909,0.027730091
13687.092,0.021228754
13689.276,0.0051413987
13691.46,-0.0013598627
13693.644,-0.013089845
13695.828,0.0048098404
13698.012,0.03229562
13700.197,0.05106684
13702.382,0.048051605
13704.567,0.017149697
13706.752,0.031563731
13708.937,0.039877584
13711.123,0.037733959
13713.308,0.049533727
13715.494,0.019503466
13717.68,0.013002655
13719.866,0.01085918
13722.053,0.027887856
13724.239,0.063217223
13726.426,0.071531376
13728.613,0.07374535
13730.8,0.10210315
13732.987,0.096474063
13735.174,0.11611734
13737.362,0.14186088
13739.55,0.12838876
13741.737,0.13234588
13743.926,0.14588909
13746.114,0.14461753
13748.302,0.18081877
13750.491,0.17867582
13752.68,0.18786188
13754.869,0.21883448
13757.058,0.24370689
13759.247,0.28949437
13761.436,0.29258037
13763.626,0.30089516
13765.816,0.3240248
13768.006,0.34105427
13770.196,0.37987026
13772.386,0.42217213
13774.577,0.44443047
13776.768,0.4501311
13778.959,0.47761827
13781.15,0.49551942
13783.341,0.52387812
13785.532,0.5644373
13787.724,0.56490936
13789.915,0.58455358
13792.107,0.60855514
13794.299,0.62209921
13796.492,0.64871522
13798.684,0.65528769
13800.877,0.69236129
13803.07,0.69457654
13805.263,0.70289204
13807.456,0.74432306
13809.649,0.78052535
13811.842,0.80975599
13814.036,0.87123069
13816.23,0.91091893
13818.424,0.93840678
13820.618,0.94497962
13822.812,0.9864109
13825.007,1.0182561
13827.202,1.0457441
13829.397,1.0610317
13831.592,1.0536614
13833.787,1.027119
13835.982,1.0188773
13838.178,1.0123786
13840.373,1.045967
13842.569,1.0455686
13844.766,1.0381985
13846.962,1.0430288
13849.158,1.0478593
13851.355,1.0587899
13853.552,1.0409625
13855.749,1.0283638
13857.946,1.0253512
13860.143,1.0101383
13862.341,1.0219406
13864.538,1.0023704
13866.736,1.0063296
13868.934,1.0007029
13871.132,0.97328966
13873.331,0.97550611
13875.529,0.9820799
13877.728,0.99301102
13879.927,0.98999882
13882.126,0.95299974
13884.325,0.96654535
13886.524,0.93826093
13888.724,0.9047478
13890.924,0.94095148
13893.124,0.93358221
13895.324,0.91314108
13897.524,0.92581546
13899.724,0.91670338
13901.925,0.92327762
13904.126,0.88627891
13906.327,0.87193819
13908.528,0.87589816
13910.729,0.81885599
13912.931,0.82543041
13915.132,0.81893297
13917.334,0.77409135
13919.536,0.76759399
13921.738,0.74366748
13923.941,0.74065603
13926.143,0.72805857
13928.346,0.68147421
13930.549,0.70896397
13932.752,0.68939494
13934.955,0.679412
13937.159,0.68947268
13939.362,0.65596041
13941.566,0.67124991
13943.77,0.66475297
13945.974,0.64344124
13948.178,0.66047378
13950.383,0.6226044
13952.587,0.61697906
13954.792,0.61309669
13956.997,0.5734845
13959.202,0.55914467
13961.408,0.55351949
13963.613,0.5444085
13965.819,0.54052631
13968.025,0.55494481
13970.231,0.56064875
13972.437,0.58988213
13974.643,0.58687155
13976.85,0.59954728
13979.056,0.61222305
13981.263,0.59004047
13983.47,0.60358777
13985.678,0.59273424
13987.885,0.58972388
13990.093,0.59194232
13992.3,0.54100175
13994.508,0.55454924
13996.716,0.54282444
13998.925,0.53807135
14001.133,0.55510479
14003.342,0.54425156
14005.551,0.57435697
14007.76,0.55130337
14009.969,0.5395788
14012.178,0.55574096
14014.388,0.52833019
14016.597,0.53664929
14018.807,0.55804033
14021.017,0.5428301
14023.227,0.55202078
14025.438,0.52983895
14027.648,0.52770073
14029.859,0.54124882
14032.07,0.55741132
14034.281,0.57095949
14036.492,0.56359266
14038.704,0.54141105
14040.915,0.55931662
14043.127,0.56327888
14045.339,0.5646268
14047.551,0.57120351
14049.763,0.56645129
14051.976,0.5573418
14054.189,0.54910381
14056.401,0.56003797
14058.614,0.56574341
14060.827,0.55837699
14063.041,0.55188207
14065.254,0.56717368
14067.468,0.57897949
14069.682,0.55854133
14071.896,0.5511751
14074.11,0.55513788
14076.324,0.57478698
14078.539,0.57177816
14080.754,0.57312667
14082.969,0.55704603
14085.184,0.53922251
14087.399,0.53359947
14089.614,0.55586317
14091.83,0.54501143
14094.046,0.55071747
14096.262,0.53027976
14098.478,0.53075712
14100.694,0.51554824
14102.911,0.51428275
14105.127,0.52696066
14107.344,0.50216584
14109.561,0.50961506
14111.778,0.52055016
14113.996,0.50447004
14116.213,0.50581916
14118.431,0.4923535
14120.649,0.50590313
14122.867,0.5063809
14125.085,0.49117243
14127.303,0.49862196
14129.522,0.47208459
14131.741,0.46820521
14133.96,0.46868317
14136.179,0.45783219
14138.398,0.47748233
14140.617,0.45355953
14142.837,0.47146683
14145.057,0.47107352
14147.277,0.49595257
14149.497,0.51821729
14151.717,0.50388073
14153.938,0.51655946
14156.158,0.51355195
14158.379,0.51577324
14160.6,0.53455231
14162.821,0.53328783
14165.043,0.56165303
14167.264,0.54383089
14169.486,0.52775172
14171.708,0.53955929
14173.93,0.52260873
14176.152,0.51960156
14178.374,0.4956794
14180.597,0.4926723
14182.82,0.48617941
14185.043,0.448314
14187.266,0.46012184
14189.489,0.45885781
14191.712,0.46543697
14193.936,0.49554557
14196.16,0.50299625
14198.384,0.53484785
14200.608,0.50308292
14202.832,0.50704788
14205.057,0.53628521
14207.281,0.51759229
14209.506,0.5337578
14211.731,0.51070766
14213.956,0.51380135
14216.182,0.53868157
14218.407,0.51998884
14220.633,0.57972752
14222.859,0.5601634
14225.085,0.57197187
14227.311,0.61253855
14229.537,0.5790312
14231.764,0.6012973
14233.991,0.57563315
14236.218,0.57349846
14238.445,0.59227883
14240.672,0.5709721
14242.9,0.6167678
14245.127,0.587618
14247.355,0.57851182
14249.583,0.61733595
14251.811,0.61433006
14254.039,0.65664011
14256.268,0.62836196
14258.497,0.62187034
14260.725,0.63803672
14262.954,0.58100051
14265.184,0.61372469
14267.413,0.59590425
14269.642,0.59987033
14271.872,0.59076456
14274.102,0.5389573
14276.332,0.5795248
14278.562,0.54601827
14280.793,0.52209783
14283.023,0.54959356
14285.254,0.53351633
14287.485,0.55229753
14289.716,0.53012016
14291.947,0.5454156
14294.179,0.56158253
14296.41,0.52633338
14298.642,0.56341543
14300.874,0.54908138
14303.106,0.57657744
14305.339,0.57182953
14307.571,0.56010998
14309.804,0.58063448
14312.037,0.5732723
14314.27,0.60251146
14316.503,0.61693585
14318.736,0.61305963
14320.97,0.64404183
14323.204,0.62622232
14325.437,0.6354181
14327.672,0.63589932
14329.906,0.62592307
14332.14,0.62901874
14334.375,0.59464169
14336.61,0.59163722
14338.844,0.59037571
14341.08,0.5987003
14343.315,0.61225368
14345.55,0.6170925
14347.786,0.6167026
14350.022,0.62589879
14352.258,0.63683794
14354.494,0.65039151
14356.73,0.66133074
14358.967,0.66878416
14361.203,0.64922238
14363.44,0.63924668
14365.677,0.64321438
14367.914,0.65153942
14370.152,0.63110632
14372.389,0.61851639
14374.627,0.60766943
14376.865,0.60030834
14379.103,0.60689064
14381.341,0.61173006
14383.58,0.60872638
14385.818,0.59352231
14388.057,0.58790432
14390.296,0.60930163
14392.535,0.61239832
14394.774,0.61898089
14397.014,0.60987721
14399.254,0.60077358
14401.493,0.5890556
14403.733,0.56862307
14405.974,0.56213393
14408.214,0.53908709
14410.454,0.55089868
14412.695,0.55661008
14414.936,0.54663525
14417.177,0.55583257
14419.418,0.54760073
14421.66,0.55592667
14423.901,0.59388227
14426.143,0.58477909
14428.385,0.61576309
14430.627,0.60317414
14432.869,0.58971377
14435.111,0.59455409
14437.354,0.57499358
14439.597,0.60162047
14441.84,0.58728879
14444.083,0.56337109
14446.326,0.57779766
14448.57,0.55998025
14450.813,0.56307792
14453.057,0.57053292
14455.301,0.5771165
14457.545,0.59154325
14459.79,0.57285457
14462.034,0.59076724
14464.279,0.58340761
14466.524,0.58214824
14468.769,0.57827453
14471.014,0.54912852
14473.259,0.54525489
14475.505,0.53702399
14477.751,0.53925064
14479.997,0.5249196
14482.243,0.53324655
14484.489,0.54331646
14486.735,0.5446718
14488.982,0.54864156
14491.229,0.56394034
14493.476,0.56355288
14495.723,0.57275151
14497.97,0.57672142
14500.218,0.59463473
14502.465,0.60470493
14504.713,0.59734598
14506.961,0.58301539
14509.209,0.59657155
14511.458,0.58224103
14513.706,0.59666872
14515.955,0.58930996
14518.204,0.57933686
14520.453,0.56936379
14522.702,0.56026222
14524.951,0.58253323
14527.201,0.60393283
14529.451,0.62533246
14531.701,0.64237483
14533.951,0.62804469
14536.201,0.64683006
14538.451,0.63860021
14540.702,0.66522878
14542.953,0.66309923
14545.204,0.65225512
14547.455,0.66058315
14549.706,0.6262097
14551.958,0.64412387
14554.209,0.66900975
14556.461,0.67559502
14558.713,0.71791017
14560.965,0.70706632
14563.218,0.72672359
14565.47,0.71326544
14567.723,0.70416462
14569.976,0.72643639
14572.229,0.71995002
14574.482,0.71956391
14576.735,0.70872032
14578.989,0.70746283
14581.243,0.73409208
14583.497,0.71627692
14585.751,0.75946399
14588.005,0.78696481
14590.26,0.78745042
14592.514,0.81669424
14594.769,0.78580738
14597.024,0.79239332
14599.279,0.78242157
14601.534,0.75327774
14603.79,0.77555007
14606.046,0.75512091
14608.301,0.74950661
14610.557,0.75609277
14612.814,0.72782059
14615.07,0.75096457
14617.326,0.76190815
14619.583,0.76675154
14621.84,0.76723768
14624.097,0.75116612
14626.354,0.75600963
14628.612,0.75213858
14630.869,0.75785363
14633.127,0.75572558
14635.385,0.75534048
14637.643,0.73229747
14639.901,0.71622617
14642.16,0.70625513
14644.418,0.69279829
14646.677,0.66365521
14648.936,0.65194136
14651.195,0.6175696
14653.455,0.59801268
14655.714,0.59675647
14657.974,0.5972432
14660.234,0.58552954
14662.494,0.59560241
14664.754,0.5952178
14667.014,0.59831907
14669.275,0.60664913
14671.536,0.61323631
14673.796,0.61633769
14676.058,0.60898159
14678.319,0.58942509
14680.58,0.59339805
14682.842,0.5808133
14685.104,0.58034981
14687.365,0.56800281
14689.628,0.57989827
14691.89,0.54616097
14694.152,0.55591747
14696.415,0.54143158
14698.678,0.53336285
14700.941,0.55809272
14703.204,0.54289394
14705.467,0.55407665
14707.731,0.53602589
14709.994,0.53580048
14712.258,0.53129703
14714.522,0.52180253
14716.786,0.55294978
14719.051,0.52634305
14721.315,0.53538699
14723.58,0.53730084
14725.845,0.50427712
14728.11,0.51688623
14730.375,0.50240091
14732.641,0.49647177
14734.906,0.4919687
14737.172,0.49388277
14739.438,0.48581471
14741.704,0.44780016
14743.97,0.45470544
14746.237,0.44521147
14748.504,0.43571753
14750.77,0.43905786
14753.037,0.43312906
14755.304,0.42933933
14757.572,0.43125375
14759.839,0.43174217
14762.107,0.42652654
14764.375,0.42202395
14766.643,0.43178165
14768.911,0.4251401
14771.179,0.44416704
14773.448,0.43823858
14775.717,0.43801426
14777.986,0.4278078
14780.255,0.42187945
14782.524,0.42664632
14784.793,0.41073587
14787.063,0.41122475
14789.333,0.39959245
14791.603,0.39580333
14793.873,0.40484847
14796.143,0.39250327
14798.414,0.39370535
14800.684,0.39633348
14802.955,0.40038769
14805.226,0.39374674
14807.497,0.37641064
14809.769,0.383317
14812.04,0.38523232
14814.312,0.38429562
14816.584,0.37622883
14818.856,0.37172715
14821.128,0.36223441
14823.4,0.35131569
14825.673,0.35822232
14827.946,0.36013789
14830.219,0.36347953
14832.492,0.38250748
14834.765,0.37800606
14837.038,0.36708756
14839.312,0.3732814
14841.586,0.36093695
14843.86,0.37140894
14846.134,0.37047277
14848.408,0.39235303
14850.683,0.3778697
14852.957,0.34057
14855.232,0.35532025
14857.507,0.32942883
14859.782,0.32849288
14862.058,0.33967818
14864.333,0.32234302
14866.609,0.3563448
14868.885,0.32403645
14871.161,0.31882262
14873.437,0.30505267
14875.713,0.28843071
14877.99,0.32742376
14880.267,0.30295874
14882.543,0.31485739
14884.821,0.32390403
14887.098,0.30514322
14889.375,0.32488512
14891.653,0.30042029
14893.931,0.2823726
14896.209,0.29498449
14898.487,0.29191015
14900.765,0.30666115
14903.044,0.29217868
14905.322,0.2755572
14907.601,0.28032614
14909.88,0.26299173
14912.159,0.25991761
14914.439,0.26183461
14916.718,0.26802973
14918.998,0.30345839
14921.278,0.29967141
14923.558,0.31085772
14925.838,0.29209755
14928.118,0.29116273
14930.399,0.30448819
14932.68,0.30284043
14934.961,0.31046187
14937.242,0.31665733
14939.523,0.32000077
14941.804,0.31550111
14944.086,0.32383571
14946.368,0.32076215
14948.65,0.30057633
14950.932,0.3295884
14953.214,0.33507111
14955.497,0.35338807
14957.779,0.35459277
14960.062,0.34724137
14962.345,0.36769748
14964.628,0.35036397
14966.912,0.36012497
14969.195,0.34778263
14971.479,0.33829237
14973.763,0.36587879
14976.047,0.36351874
14978.331,0.36187173
14980.616,0.36806789
14982.9,0.36927301
14985.185,0.37974732
14987.47,0.35884913
14989.755,0.37146255
14992.04,0.36054661
14994.326,0.35176974
14996.611,0.36224424
14998.897,0.33564213
15001.183,0.3339955
15003.469,0.33306191
15005.756,0.31929414
15008.042,0.32976883
15010.329,0.31671415
15012.616,0.33004096
15014.903,0.33980275
15017.19,0.33316529
15019.477,0.33508402
15021.765,0.33129869
15024.052,0.33393051
15026.34,0.33798838
15028.628,0.33990726
15030.917,0.36392956
15033.205,0.35230128
15035.494,0.3670545
15037.782,0.35827834
15040.071,0.33524197
15042.36,0.35070831
15044.65,0.34335829
15046.939,0.3360083
15049.229,0.35860488
15051.519,0.33770774
15053.809,0.35246125
15056.099,0.34225937
15058.389,0.34132668
15060.68,0.36249743
15062.97,0.36940795
15065.261,0.39129178
15067.552,0.39463732
15069.843,0.39584386
15072.135,0.42628396
15074.426,0.42178647
15076.718,0.4329753
15079.01,0.4291909
15081.302,0.41542437
15083.594,0.41805716
15085.887,0.41070782
15088.179,0.40977562
15090.472,0.3995743
15092.765,0.40078122
15095.058,0.41268336
15097.351,0.40390818
15099.645,0.41224533
15101.938,0.40703528
15104.232,0.40539034
15106.526,0.41444062
15108.82,0.41493478
15111.115,0.40615983
15113.409,0.41235817
15115.704,0.42568667
15117.999,0.42618099
15120.294,0.43523149
15122.589,0.42859576
15124.884,0.41554295
15127.18,0.43885382
15129.476,0.44861748
15131.771,0.43841684
15134.068,0.45531071
15136.364,0.46650051
15138.66,0.47056023
15140.957,0.46891588
15143.254,0.47867977
15145.551,0.47774851
15147.848,0.49107754
15150.145,0.49727649
15152.442,0.48493714
15154.74,0.4875711
15157.038,0.51159546
15159.336,0.50709937
15161.634,0.51115946
15163.932,0.51094151
15166.231,0.53068795
15168.53,0.53831322
15170.828,0.52953924
15173.128,0.53359952
15175.427,0.5298167
15177.726,0.53958115
15180.026,0.54578058
15182.325,0.53843281
15184.625,0.56245763
15186.925,0.5472668
15189.226,0.55417939
15191.526,0.54112767
15193.827,0.53877118
15196.127,0.56636124
15198.428,0.57897808
15200.73,0.59516003
15203.031,0.60278586
15205.332,0.59472545
15207.634,0.59165617
15209.936,0.58430885
15212.238,0.61047315
15214.54,0.60383892
15216.842,0.60647389
15219.145,0.58843153
15221.448,0.58892754
15223.75,0.57516333
15226.053,0.57138133
15228.357,0.57187745
15230.66,0.57308662
15232.964,0.59212114
15235.267,0.56980097
15237.571,0.56744519
15239.875,0.58362777
15242.18,0.57842001
15244.484,0.62098413
15246.789,0.60864632
15249.093,0.61270784
15251.398,0.61748241
15253.704,0.59944061
15256.009,0.60065019
15258.314,0.58688655
15260.62,0.58738319
15262.926,0.58146276
15265.232,0.56413417
15267.538,0.55821381
15269.844,0.52805107
15272.151,0.51500066
15274.458,0.51692355
15276.764,0.50529925
15279.072,0.52219548
15281.379,0.51912739
15283.686,0.50108609
15285.994,0.52012147
15288.301,0.50921036
15290.609,0.49972532
15292.917,0.48738826
15295.226,0.47505124
15297.534,0.47198342
15299.843,0.44538623
15302.152,0.44374451
15304.461,0.41714739
15306.77,0.42049684
15309.079,0.43454151
15311.388,0.40509245
15313.698,0.40131188
15316.008,0.39610532
15318.318,0.40373303
15320.628,0.40993475
15322.939,0.40686734
15325.249,0.42875541
15327.56,0.41499289
15329.871,0.43046392
15332.182,0.42240558
15334.493,0.40222606
15336.804,0.42554034
15339.116,0.41605609
15341.428,0.42439718
15343.74,0.4434335
15346.052,0.43394935
15348.364,0.43587345
15350.676,0.43565854
15352.989,0.44328681
15355.302,0.43380282
15357.615,0.43430104
15359.928,0.44620749
15362.241,0.43244554
15364.555,0.42795278
15366.868,0.40634776
15369.182,0.38759483
15371.496,0.38096315
15373.811,0.39001778
15376.125,0.36912593
15378.439,0.36962449
15380.754,0.37796622
15383.069,0.3527964
15385.384,0.35543411
15387.699,0.34309859
15390.015,0.33432817
15392.33,0.3661995
15394.646,0.34958602
15396.962,0.35293693
15399.278,0.34987076
15401.594,0.34110053
15403.911,0.34017347
15406.227,0.31072596
15408.544,0.32405923
15410.861,0.32170626
15413.178,0.30723211
15415.496,0.31985248
15417.813,0.2989613
15420.131,0.3144338
15422.449,0.31564608
15424.767,0.3054502
15427.085,0.31593172
15429.403,0.29504073
15431.722,0.31978257
15434.041,0.31529094
15436.36,0.30866031
15438.679,0.31985503
15440.998,0.29468615
15443.317,0.29875082
15445.637,0.26074779
15447.957,0.26196049
15450.277,0.27101636
15452.597,0.2479867
15454.917,0.28912821
15457.237,0.2589685
15459.558,0.26160741
15461.879,0.25497719
15464.2,0.23123471
15466.521,0.25312507
15468.842,0.23437375
15471.164,0.25982925
15473.486,0.25319922
15475.807,0.24157814
15478.129,0.26632073
15480.452,0.2247532
15482.774,0.24450479
15485.097,0.23145783
15487.419,0.23053213
15489.742,0.26383106
15492.065,0.24008903
15494.389,0.25841477
15496.712,0.26034127
15499.036,0.24800755
15501.359,0.25492521
15503.683,0.22405324
15506.007,0.25164834
15508.332,0.24644489
15510.656,0.24338053
15512.981,0.24673331
15515.306,0.20374032
15517.631,0.22990958
15519.956,0.21686318
15522.281,0.21308599
15524.607,0.2299862
15526.932,0.21194883
15529.258,0.2281361
15531.584,0.20225568
15533.91,0.19348758
15536.237,0.2061099
15538.563,0.20589804
15540.89,0.23206767
15543.217,0.22258671
15545.544,0.2188099
15547.871,0.22145023
15550.199,0.20198722
15552.526,0.20462762
15554.854,0.20584204
15557.182,0.19493529
15559.51,0.20969702
15561.839,0.19166022
15564.167,0.18645768
15566.496,0.18767229
15568.824,0.16393149
15571.153,0.18724957
15573.483,0.17491705
15575.812,0.18040988
15578.142,0.19089384
15580.471,0.1764224
15582.801,0.19189752
15585.131,0.1802782
15587.461,0.18078014
15589.792,0.17415198
15592.122,0.16181977
15594.453,0.16802591
15596.784,0.14856365
15599.115,0.15690891
15601.446,0.14956793
15603.778,0.1486441
15606.109,0.15199838
15608.441,0.13966643
15610.773,0.14016874
15613.105,0.14566217
15615.438,0.14473853
15617.77,0.16235325
15620.103,0.16713378
15622.435,0.14981097
15624.768,0.14674844
15627.102,0.15010306
15629.435,0.14204952
15631.769,0.13684807
15634.102,0.13592473
15636.436,0.13143636
15638.77,0.12980008
15641.104,0.1260248
15643.439,0.12082354
15645.773,0.12417846
15648.108,0.14250668
15650.443,0.13944456
15652.778,0.1313914
15655.113,0.12547731
15657.449,0.12883242
15659.784,0.13575262
15662.12,0.1326907
15664.456,0.12962881
15666.792,0.13298406
15669.129,0.13206129
15671.465,0.1282865
15673.802,0.11809463
15676.139,0.11717196
15678.476,0.12409247
15680.813,0.11960482
15683.15,0.12224733
15685.488,0.12488988
15687.825,0.12753246
15690.163,0.13160111
15692.501,0.14137389
15694.84,0.12405224
15697.178,0.14737234
15699.517,0.15643222
15701.855,0.15693599
15704.194,0.15957884
15706.533,0.16150871
15708.873,0.17199477
15711.212,0.15467338
15713.552,0.15660336
15715.892,0.1706546
15718.231,0.14976826
15720.572,0.17023668
15722.912,0.1486374
15725.252,0.1405854
15727.593,0.14037657
15729.934,0.12733356
15732.275,0.13354192
15734.616,0.12406404
15736.958,0.13811561
15739.299,0.11295154
15741.641,0.099195696
15743.983,0.10255219
15746.325,0.094500529
15748.667,0.10498723
15751.009,0.089805511
15753.352,0.091023121
15755.695,0.10222294
15758.038,0.094171466
15760.381,0.10038028
15762.724,0.077355611
15765.067,0.10780692
15767.411,0.11330283
15769.755,0.10952962
15772.099,0.11716464
15774.443,0.11053945
15776.787,0.12031358
15779.132,0.12367064
15781.477,0.11276749
15783.821,0.11042053
15786.166,0.10379552
15788.512,0.12283901
15790.857,0.10409287
15793.203,0.10531112
15795.548,0.11152049
15797.894,0.091348439
15800.24,0.098270899
15802.586,0.1108975
15804.933,0.10213376
15807.279,0.11190838
15809.626,0.11170087
15811.973,0.1122064
15814.32,0.12126812
15816.668,0.12391277
15819.015,0.11657528
15821.363,0.10567277
15823.71,0.11473464
15826.058,0.10098015
15828.407,0.087938713
15830.755,0.098426724
15833.103,0.080394272
15835.452,0.098725495
15837.801,0.088536256
15840.15,0.074781992
15842.499,0.08241814
15844.849,0.065811901
15847.198,0.087708374
15849.548,0.077519323
15851.898,0.092285746
15854.248,0.10348714
15856.598,0.078324943
15858.949,0.09665654
15861.299,0.077198514
15863.65,0.08198295
15866.001,0.086767424
15868.352,0.08156976
15870.703,0.097762508
15873.055,0.082582744
15875.406,0.097349542
15877.758,0.079317804
15880.11,0.073407315
15882.462,0.096017363
15884.815,0.085115862
15887.167,0.09203971
15889.52,0.085416359
15891.873,0.071662921
15894.226,0.070030732
15896.579,0.069824606
15898.932,0.080313704
15901.286,0.065134391
15903.64,0.082753689
15905.994,0.072565538
15908.348,0.058812363
15910.702,0.072153699
15913.056,0.057687585
15915.411,0.068176946
15917.766,0.07438827
15920.121,0.068478419
15922.476,0.073263793
15924.831,0.055232805
15927.187,0.067148379
15929.542,0.054108553
15931.898,0.047485877
15934.254,0.056549514
15936.61,0.047787875
15938.967,0.063268699
15941.323,0.068054373
15943.68,0.06285791
15946.037,0.071208721
15948.394,0.051752083
15950.751,0.063668032
15953.108,0.061323769
15955.466,0.063970631
15957.824,0.079451755
15960.181,0.073542541
15962.54,0.081893616
15964.898,0.071706403
15967.256,0.06508429
15969.615,0.062740289
15971.974,0.073230551
15974.333,0.075877712
15976.692,0.074246837
15979.051,0.071902986
15981.411,0.058863986
15983.77,0.069354435
15986.13,0.061306598
15988.49,0.04541566
15990.85,0.065175384
15993.211,0.050710547
15995.571,0.059062146
15997.932,0.051727508
16000.293,0.047244958
16002.654,0.047753533
16005.015,0.040419008
16007.376,0.042353682
16009.738,0.030028145
16012.1,0.044084107
16014.462,0.048870944
16016.824,0.037258531
16019.186,0.044897493
16021.548,0.037563231
16023.911,0.041637206
16026.274,0.038581093
16028.637,0.032672968
16031,0.040312118
16033.363,0.031552018
16035.727,0.039904255
16038.09,0.020449043
16040.454,0.012402069
16042.818,0.010772244
16045.182,-0.0051177934
16047.547,0.0053736688
16049.911,-0.0026731559
16052.276,0.013522481
16054.641,0.033283218
16057.006,0.025236506
16059.371,0.042145268
16061.737,0.029820556
16064.102,0.026052031
16066.468,0.047238981
16068.834,0.029923294
16071.2,0.036850069
16073.566,0.038785795
16075.933,0.037156495
16078.299,0.038379283
16080.666,0.016072696
16083.033,0.011591459
16085.4,0.012101347
16087.767,0.010472235
16090.135,0.027381485
16092.503,0.022900398
16094.87,0.035531648
16097.238,0.046736911
16099.607,0.045107986
16101.975,0.042053074
16104.344,0.016894813
16106.712,0.033091313
16109.081,0.041444713
16111.45,0.027694764
16113.819,0.045317402
16116.189,0.029428491
16118.558,0.027086854
16120.928,0.024032242
16123.298,0.020977668
16125.668,0.020775181
16128.039,0.024850807
16130.409,0.038195632
16132.78,0.020167946
16135.15,0.027095734
16137.521,0.033310547
16139.893,0.025265148
16142.264,0.044314261
16144.635,0.030564837
16147.007,0.033214738
16149.379,0.028021539
16151.751,0.027819465
16154.123,0.043303703
16156.495,0.042388692
16158.868,0.05074288
16161.241,0.035567694
16163.614,0.03037472
16165.987,0.049424208
16168.36,0.030684072
16170.733,0.04545556
16173.107,0.045966836
16175.481,0.044339113
16177.855,0.044137451
16180.229,0.025397503
16182.603,0.026621942
16184.978,0.029272443
16187.352,0.044757206
16189.727,0.053824895
16192.102,0.027241997
16194.477,0.034170723
16196.852,0.02184815
16199.228,0.020933814
16201.604,0.025010602
16203.979,0.026235379
16206.355,0.027460192
16208.732,0.024406969
16211.108,0.017075708
16213.485,0.011883522
16215.861,-0.0047168256
16218.238,-0.010621949
16220.615,-0.0072578725
16222.993,-0.016014971
16225.37,0.00018340541
16227.748,-0.0064345803
16230.125,-0.010913491
16232.503,-0.0082622395
16234.881,-0.019158187
16237.26,-0.012941798
16239.638,-0.020272609
16242.017,-0.0076390327
16244.396,-0.0028485561
16246.775,-0.0080402167
16249.154,0.0081585346
16251.533,-0.01414535
16253.913,0.00062745098
16256.292,-0.015497641
16258.672,-0.0088063136
16261.052,0.0035891336
16263.432,-0.0025537235
16265.813,0.0019986267
16268.193,-0.0027181653
16270.574,0.0025472375
16272.955,0.0063866353
16275.336,0.0095130408
16277.717,0.027612728
16280.099,0.018617962
16282.48,0.042421789
16284.862,0.027009951
16287.244,0.035127544
16289.626,0.042532145
16292.009,0.035676516
16294.391,0.03523802
16296.774,0.031234481
16299.156,0.031509037
16301.539,0.031070601
16303.923,0.019936998
16306.306,0.015220527
16308.689,-0.0037561733
16311.073,-0.0049075417
16313.457,-0.0053458774
16315.841,-0.0036451557
16318.225,0.00090763599
16320.61,0.0097385226
16322.994,-0.0021079325
16325.379,0.0017319069
16327.764,-0.01367957
16330.149,-0.020534878
16332.534,-0.0024347289
16334.92,-0.010716021
16337.305,0.011662243
16339.691,-0.00018407171
16342.077,-0.0070392789
16344.463,0.0010787959
16346.849,-0.011480471
16349.236,0.0037677688
16351.623,-0.00023530826
16354.009,0.011447909
16356.396,0.020992109
16358.784,0.012711018
16361.171,0.027246345
16363.558,0.017539269
16365.946,0.029222587
16368.334,0.0095333757
16370.722,-0.0051647279
16373.11,0.0015275628
16375.499,-0.0053273634
16377.887,-6.1057455e-005
16380.276,-0.011194018
16382.665,-0.0045016474
16385.054,-0.0092174559
16387.443,-0.013220232
16389.833,-0.011518888
16392.222,-0.023364761
16394.612,0.0018660347
16397.002,0.0042804513
16399.392,0.006694888
16401.783,0.011961395
16404.173,0.0043936967
16406.564,0.0089472311
16408.955,-0.0078895889
16411.346,-0.0054750519
16413.737,-0.0044865197
16416.128,-0.025601354
16418.52,-0.0089265075
16420.911,-0.033606364
16423.303,-0.024774615
16425.695,-0.021646945
16428.088,-0.02279733
16430.48,-0.0096874449
16432.872,-0.011550802
16435.265,-0.0027657324
16437.658,-0.010379933
16440.051,-0.0037338673
16442.445,-0.0013658599
16444.838,-0.0061279606
16447.232,0.019769492
16449.625,0.018572487
16452.019,0.028783698
16454.414,0.031151789
16456.808,0.024250734
16459.202,0.033035971
16461.597,0.028273987
16463.992,0.049180469
16466.387,0.055826718
16468.782,0.063185996
16471.177,0.069832278
16473.573,0.06007929
16475.969,0.061734518
16478.365,0.057685663
16480.761,0.054349838
16483.157,0.061709216
16485.553,0.055521373
16487.95,0.063593797
16490.347,0.053840926
16492.744,0.051931208
16495.141,0.052160545
16497.538,0.026008437
16499.935,0.034793956
16502.333,0.022189118
16504.731,0.011723335
16507.129,0.015517817
16509.527,-0.0042170959
16511.925,0.0024294697
16514.324,-0.0023321477
16516.722,-0.0085197734
16519.121,-0.0011601453
16521.52,-0.0044956877
16523.919,0.028532423
16526.319,0.017353777
16528.718,0.023287446
16531.118,0.038490295
16533.518,0.030163748
16535.918,0.044653618
16538.318,0.039892167
16540.719,0.037982783
16543.119,0.044629565
16545.52,0.022755865
16547.921,0.03510678
16550.322,0.020363238
16552.723,0.017027913
16555.125,0.03009189
16557.526,0.013209361
16559.928,0.019143247
16562.33,0.015807988
16564.732,0.013898771
16567.135,0.02054572
16569.537,0.019349548
16571.94,0.030987617
16574.343,0.021948342
16576.746,0.028595357
16579.149,0.027399252
16581.552,0.013368939
16583.956,0.027859142
16586.36,0.019532962
16588.764,0.027606086
16591.168,0.029262114
16593.572,0.0095277849
16595.976,0.009044809
16598.381,0.0026383615
16600.786,0.0028684314
16603.191,0.0097350187
16605.596,0.0027253029
16608.001,0.0089886053
16610.407,0.026111653
16612.812,0.014275441
16615.218,0.015712247
16617.624,0.011115888
16620.03,0.0095361365
16622.436,0.015799539
16624.843,0.016633094
16627.25,0.026516439
16629.657,0.026746709
16632.064,0.024563722
16634.471,0.029017253
16636.878,0.020801118
16639.286,0.018014863
16641.693,0.0049722147
16644.101,0.018475586
16646.509,0.025342473
16648.918,0.021952967
16651.326,0.031836479
16653.735,0.030256961
16656.143,0.034107323
16658.552,0.036147748
16660.962,0.03094837
16663.371,0.044451875
16665.78,0.025376211
16668.19,0.037069794
16670.6,0.036697029
16673.01,0.032101053
16675.42,0.035348231
16677.83,0.03014897
16680.241,0.032189544
16682.652,0.027593635
16685.062,0.02722097
16687.473,0.035294777
16689.885,0.02285578
16692.296,0.038772758
16694.708,0.026333794
16697.119,0.046474033
16699.531,0.050324696
16701.943,0.046332238
16704.356,0.051992888
16706.768,0.037744054
16709.181,0.037974873
16711.593,0.036395755
16714.006,0.032403381
16716.419,0.044700615
16718.833,0.023815363
16721.246,0.032492722
16723.66,0.029103732
16726.074,0.017871622
16728.488,0.01991253
16730.902,0.006870498
16733.316,0.017961213
16735.731,0.022415444
16738.145,0.015406645
16740.56,0.022274182
16742.975,0.020091962
16745.391,0.025752896
16747.806,0.021760755
16750.222,0.026215086
16752.637,0.019206386
16755.053,0.017627568
16757.469,0.030528405
16759.886,0.026536347
16762.302,0.040040535
16764.719,0.036651828
16767.135,0.034469775
16769.552,0.036510966
16771.97,0.044585357
16774.387,0.050246491
16776.804,0.054097687
16779.222,0.062775445
16781.64,0.063610083
16784.058,0.078321058
16786.476,0.079759047
16788.894,0.075163871
16791.313,0.072981984
16793.732,0.061147023
16796.151,0.074048126
16798.57,0.084535972
16800.989,0.09019729
16803.408,0.084395577
16805.828,0.086437018
16808.248,0.073998838
16810.667,0.073627039
16813.088,0.084718304
16815.508,0.078916675
16817.928,0.086991382
16820.349,0.099892652
16822.77,0.10434748
16825.191,0.099752556
16827.612,0.095157647
16830.033,0.085736208
16832.455,0.080538013
16834.876,0.091629428
16837.298,0.089447858
16839.72,0.091489533
16842.142,0.092324587
16844.565,0.084713203
16846.987,0.083738336
16849.41,0.086383396
16851.833,0.079978698
16854.256,0.077797245
16856.679,0.082855627
16859.102,0.077657616
16861.526,0.080906077
16863.95,0.090187737
16866.374,0.077749957
16868.798,0.075568604
16871.222,0.076403858
16873.647,0.082065675
16876.071,0.078074417
16878.496,0.077703086
16880.921,0.074315179
16883.346,0.069720653
16885.771,0.071762644
16888.197,0.081647789
16890.623,0.092136269
16893.048,0.085128536
16895.475,0.07812082
16897.901,0.080766213
16900.327,0.074361849
16902.754,0.090280276
16905.18,0.077239444
16907.607,0.079884904
16910.034,0.08253038
16912.462,0.074316144
16914.889,0.087821382
16917.317,0.081417134
16919.744,0.079236131
16922.172,0.074038553
16924.6,0.078494084
16927.029,0.079329722
16929.457,0.080165376
16931.886,0.085827593
16934.315,0.075803553
16936.744,0.087498986
16939.173,0.083508161
16941.602,0.083137263
16944.032,0.079146471
16946.461,0.07032915
16948.891,0.066338392
16951.321,0.067777515
16953.751,0.072836564
16956.182,0.07427572
16958.612,0.081748076
16961.043,0.07474081
16963.474,0.082213198
16965.905,0.086669012
16968.336,0.073025296
16970.768,0.081704371
16973.199,0.08435028
16975.631,0.09604598
16978.063,0.10412179
16980.495,0.11099097
16982.927,0.11062036
16985.36,0.10662985
16987.792,0.1104825
16990.225,0.11674843
16992.658,0.11637788
16995.091,0.10695758
16997.525,0.11141361
16999.958,0.11888625
17002.392,0.12032572
17004.826,0.11512871
17007.26,0.10872508
17009.694,0.10171814
17012.128,0.10134773
17014.563,0.093737511
17016.998,0.10060695
17019.433,0.095410037
17021.868,0.088403188
17024.303,0.098289266
17026.738,0.10636541
17029.174,0.10418515
17031.61,0.10683146
17034.046,0.099221378
17036.482,0.10609095
17038.918,0.11356385
17041.355,0.10595382
17043.791,0.10558362
17046.228,0.11848644
17048.665,0.1090665
17051.102,0.11412622
17053.539,0.12702909
17055.977,0.12243574
17058.415,0.12146233
17060.853,0.11807565
17063.291,0.11529231
17065.729,0.13302181
17068.167,0.13084183
17070.606,0.14193486
17073.045,0.13854827
17075.483,0.14662474
17077.922,0.13961828
17080.362,0.14588483
17082.801,0.13887839
17085.241,0.13187198
17087.681,0.14598172
17090.121,0.15285165
17092.561,0.15972161
17095.001,0.15573185
17097.441,0.15174211
17099.882,0.15257893
17102.323,0.13893613
17104.764,0.15545926
17107.205,0.15931272
17109.646,0.16437284
17112.088,0.16762301
17114.53,0.16604666
17116.972,0.17533006
17119.414,0.17013383
17121.856,0.17941725
17124.298,0.19654383
17126.741,0.21367043
17129.184,0.23743355
17131.626,0.25033695
17134.07,0.26927355
17136.513,0.28881349
17138.956,0.2872373
17141.4,0.30798391
17143.844,0.32812721
17146.288,0.34223735
17148.732,0.34790105
17151.176,0.37045768
17153.621,0.37793137
17156.065,0.37032212
17158.51,0.38925889
17160.955,0.39612931
17163.4,0.40239643
17165.846,0.42072993
17168.291,0.42639376
17170.737,0.43567752
17173.183,0.45582103
17175.629,0.45002186
17178.075,0.48042181
17180.521,0.501772
17182.968,0.5062293
17185.415,0.53119944
17187.862,0.56944259
17190.309,0.5859663
17192.756,0.58559712
17195.203,0.59488105
17197.651,0.61924794
17200.099,0.65688786
17202.547,0.68909793
17204.995,0.69777861
17207.443,0.73421194
17209.892,0.75073578
17212.34,0.77992933
17214.789,0.82118926
17217.238,0.8226302
17219.687,0.81622802
17222.137,0.83154531
17224.586,0.84927589
17227.036,0.88993258
17229.486,0.90826652
17231.936,0.90608765
17234.386,0.91899175
17236.837,0.93370582
17239.287,0.94540332
17241.738,0.97640702
17244.189,0.98026142
17246.64,0.97385942
17249.091,0.99822667
17251.543,1.018974
17253.994,1.0330849
17256.446,1.0471958
17258.898,1.050447
17261.35,1.059128
17263.803,1.0708257
17266.255,1.0939864
17268.708,1.1014609
17271.161,1.1197951
17273.614,1.1164099
17276.067,1.1015616
17278.52,1.1180859
17280.974,1.130387
17283.427,1.1511346
17285.881,1.1694689
17288.335,1.1884066
17290.79,1.1964845
17293.244,1.1906862
17295.699,1.1939376
17298.153,1.1905525
17300.608,1.1853575
17303.063,1.1747327
17305.519,1.1882406
17307.974,1.2023518
17310.43,1.2116366
17312.886,1.2124748
17315.342,1.1958169
17317.798,1.1912253
17320.254,1.177584
17322.711,1.177819
17325.167,1.1780541
17327.624,1.1644128
17330.081,1.1688711
17332.538,1.174536
17334.996,1.1741678
17337.453,1.1430304
17339.911,1.1342158
17342.369,1.1006651
17344.827,1.0773708
17347.285,1.0782093
17349.744,1.0386255
17352.202,1.0292077
17354.661,1.0137566
17357.12,0.98623925
17359.579,1.0033674
17362.038,0.97524676
17364.498,0.97608538
17366.957,0.96063442
17369.417,0.96328303
17371.877,0.96653498
17374.337,0.95711725
17376.798,0.956146
17379.258,0.97508427
17381.719,0.9922126
17384.18,1.0027044
17386.641,0.99751004
17389.102,1.0128285
17391.563,0.99194781
17394.025,0.98373686
17396.487,0.97733588
17398.949,0.96791832
17401.411,0.95669083
17403.873,0.93943017
17406.335,0.93544252
17408.798,0.92843831
17411.261,0.88644165
17413.724,0.87159433
17416.187,0.84830057
17418.65,0.83707319
17421.114,0.82705247
17423.577,0.80918862
17426.041,0.81425089
17428.505,0.81086672
17430.969,0.81954892
17433.434,0.82280128
17435.898,0.82967357
17438.363,0.82990937
17440.828,0.83919497
17443.293,0.84063744
17445.758,0.85354298
17448.223,0.87791157
17450.689,0.86668441
17453.155,0.84942409
17455.62,0.86896619
17458.087,0.8649789
17460.553,0.8634049
17463.019,0.86907073
17465.486,0.85965362
17467.953,0.86592281
17470.42,0.8619356
17472.887,0.85372518
17475.354,0.86783755
17477.822,0.83911435
17480.289,0.82004425
17482.757,0.81967703
17485.225,0.82292974
17487.693,0.8171327
17490.162,0.80168258
17492.63,0.78743911
17495.099,0.77198902
17497.568,0.77101858
17500.037,0.77970126
17502.506,0.7769209
17504.975,0.77233061
17507.445,0.75446733
17509.915,0.7673733
17512.384,0.76519633
17514.855,0.76905256
17517.325,0.77713203
17519.795,0.75866552
17522.266,0.77519148
17524.737,0.78266769
17527.208,0.77445763
17529.679,0.7795206
17532.15,0.76588072
17534.622,0.76792712
17537.093,0.77781668
17539.565,0.77141667
17542.037,0.75536358
17544.509,0.76283992
17546.982,0.74437359
17549.454,0.75124664
17551.927,0.75691307
17554.4,0.74447998
17556.873,0.74350994
17559.346,0.75400297
17561.819,0.75604956
17564.293,0.75266631
17566.767,0.76134943
17569.241,0.74710648
17571.715,0.74191332
17574.189,0.76205954
17576.663,0.75505646
17579.138,0.76554962
17581.613,0.76095984
17584.088,0.75456013
17586.563,0.75600357
17589.038,0.75141384
17591.514,0.73837767
17593.989,0.72956475
17596.465,0.72980162
17598.941,0.7330551
17601.417,0.74234178
17603.894,0.75464506
17606.37,0.75307204
17608.847,0.74244926
17611.324,0.76621565
17613.801,0.76645263
17616.278,0.77151618
17618.756,0.78321625
17621.233,0.78888315
17623.711,0.79455006
17626.189,0.80082031
17628.667,0.79502422
17631.145,0.78862482
17633.624,0.77860553
17636.102,0.77703271
17638.581,0.78088977
17641.06,0.79198667
17643.539,0.78619067
17646.019,0.78461792
17648.498,0.77520205
17650.978,0.76578619
17653.458,0.77507322
17655.938,0.77651712
17658.418,0.77011791
17660.898,0.7800083
17663.379,0.77843567
17665.859,0.7883261
17668.34,0.79399331
17670.821,0.78276764
17673.303,0.78300502
17675.784,0.76755615
17678.266,0.77443007
17680.747,0.79819692
17683.229,0.7930045
17685.711,0.77634906
17688.194,0.77537991
17690.676,0.7949236
17693.159,0.78068148
17695.642,0.78152233
17698.125,0.78477648
17700.608,0.79104723
17703.091,0.8039545
17705.575,0.80539874
17708.058,0.83399231
17710.542,0.82337022
17713.026,0.82179792
17715.51,0.84616832
17717.995,0.846406
17720.479,0.84724703
17722.964,0.82636861
17725.449,0.83384616
17727.934,0.83348059
17730.419,0.821652
17732.905,0.81163337
17735.39,0.80463136
17737.876,0.81150568
17740.362,0.79666056
17742.848,0.80474155
17745.334,0.8176491
17747.821,0.80582062
17750.307,0.80424857
17752.794,0.80750308
17755.281,0.80894765
17757.768,0.81220219
17760.256,0.81787003
17762.743,0.81931465
17765.231,0.83041238
17767.719,0.83306367
17770.207,0.81761543
17772.695,0.81906012
17775.183,0.81145506
17777.672,0.79540355
17780.161,0.80589806
17782.65,0.79406981
17785.139,0.80697763
17787.628,0.79937265
17790.117,0.79538759
17792.607,0.79622909
17795.097,0.78741752
17797.587,0.7894657
17800.077,0.77341434
17802.567,0.77425591
17805.058,0.76785768
17807.548,0.76749265
17810.039,0.76652431
17812.53,0.75288631
17815.021,0.76700097
17817.513,0.75939618
17820.004,0.76989096
17822.496,0.76831939
17824.988,0.75830138
17827.48,0.7651763
17829.972,0.75214174
17832.464,0.76987642
17834.957,0.7670983
17837.45,0.76733678
17839.942,0.77240183
17842.436,0.7611773
17844.929,0.76382911
17847.422,0.74777807
17849.916,0.72991709
17852.41,0.72110591
17854.904,0.70867483
17857.398,0.71012008
17859.892,0.70734213
17862.386,0.70456419
17864.881,0.69575308
17867.376,0.68875195
17869.871,0.68838733
17872.366,0.66569996
17874.861,0.67981501
17877.357,0.67643386
17879.853,0.68270581
17882.349,0.70466405
17884.845,0.69223317
17887.341,0.70393504
17889.837,0.70236392
17892.334,0.6905364
17894.831,0.69861841
17897.327,0.68136107
17899.825,0.68521988
17902.322,0.67580571
17904.819,0.66880482
17907.317,0.66844046
17909.815,0.64273674
17912.313,0.65021555
17914.811,0.63657823
17917.309,0.63319734
17919.808,0.6509326
17922.306,0.6360887
17924.805,0.64779081
17927.304,0.63536022
17929.803,0.62232632
17932.303,0.63583844
17934.802,0.62521785
17937.302,0.64657314
17939.802,0.64801894
17942.302,0.65187804
17944.802,0.65996038
17947.302,0.64933987
17949.803,0.67491847
17952.304,0.65947145
17954.805,0.66091735
17957.306,0.66115664
17959.807,0.65174285
17962.308,0.67551158
17964.81,0.66428787
17967.312,0.67116372
17969.814,0.66536991
17972.316,0.64750975
17974.818,0.65498897
17977.321,0.65040184
17979.823,0.65426119
17982.326,0.64062432
17984.829,0.62698747
17987.332,0.63024354
17989.836,0.632293
17992.339,0.63253252
17994.843,0.62372228
17997.347,0.61189547
17999.851,0.60610186
18002.355,0.60453149
18004.86,0.59994454
18007.364,0.60742398
18009.869,0.59137402
18012.374,0.58437386
18014.879,0.59486994
18017.384,0.58243994
18019.89,0.5977626
18022.395,0.5907625
18024.901,0.59100223
18027.407,0.60089508
18029.913,0.58665521
18032.42,0.59111822
18034.926,0.59256466
18037.433,0.58194475
18039.94,0.58821777
18042.447,0.58061448
18044.954,0.57723444
18047.461,0.56299469
18049.969,0.56625118
18052.476,0.55925128
18054.984,0.55164808
18057.492,0.54283826
18060.001,0.53704505
18062.509,0.55719454
18065.018,0.55984781
18067.526,0.55707124
18070.035,0.56274114
18072.544,0.55091483
18075.054,0.56201462
18077.563,0.56828789
18080.073,0.56852799
18082.583,0.5814378
18085.093,0.5641817
18087.603,0.56683513
18090.113,0.57672839
18092.623,0.57033207
18095.134,0.56695237
18097.645,0.55753949
18100.156,0.54450673
18102.667,0.54897021
18105.179,0.54800384
18107.69,0.54221094
18110.202,0.53038488
18112.714,0.53484843
18115.226,0.52362571
18117.738,0.52084948
18120.251,0.51746994
18122.763,0.51288377
18125.276,0.51433081
18127.789,0.50552146
18130.302,0.50455526
18132.815,0.51203553
18135.329,0.49719304
18137.842,0.4932103
18140.356,0.49646739
18142.87,0.49248468
18145.384,0.4921219
18147.899,0.48813923
18150.413,0.49441298
18152.928,0.49405024
18155.443,0.49248089
18157.958,0.49030824
18160.473,0.49296215
18162.988,0.49018621
18165.504,0.48379038
18168.02,0.49368415
18170.535,0.48125517
18173.052,0.48873571
18175.568,0.49319967
18178.084,0.47473756
18180.601,0.48040819
18183.118,0.47099589
18185.635,0.4748566
18188.152,0.48716378
18190.669,0.47714821
18193.186,0.4822156
18195.704,0.48064652
18198.222,0.48269736
18200.74,0.47992167
18203.258,0.49524555
18205.776,0.48462675
18208.295,0.48245443
18210.814,0.49717504
18213.332,0.48896957
18215.851,0.50127694
18218.371,0.50513786
18220.89,0.48848599
18223.41,0.50742991
18225.929,0.49258802
18228.449,0.5024822
18230.969,0.50453325
18233.49,0.4957246
18236.01,0.50199892
18238.531,0.48595048
18241.051,0.49584474
18243.572,0.49427597
18246.094,0.49270721
18248.615,0.49536171
18251.136,0.47026358
18253.658,0.47050483
18256.18,0.45867973
18258.702,0.45590443
18261.224,0.45312914
18263.746,0.44975055
18266.269,0.44878524
18268.792,0.43997682
18271.314,0.43901156
18273.837,0.43201312
18276.361,0.4250147
18278.884,0.42525612
18281.408,0.41765442
18283.931,0.42151578
18286.455,0.42417052
18288.979,0.42622197
18291.504,0.43792651
18294.028,0.43756471
18296.553,0.43116975
18299.077,0.44347767
18301.602,0.42682632
18304.128,0.43611768
18306.653,0.43394601
18309.178,0.42272458
18311.704,0.4356359
18314.23,0.43346428
18316.756,0.43792918
18319.282,0.43515427
18321.808,0.43237938
18324.335,0.4259846
18326.862,0.41657325
18329.388,0.4234515
18331.915,0.40800699
18334.443,0.42695164
18336.97,0.42297022
18339.498,0.42019545
18342.025,0.43672687
18344.553,0.42248909
18347.081,0.42876414
18349.61,0.43926243
18352.138,0.43709106
18354.667,0.42707657
18357.196,0.42731851
18359.725,0.4354036
18362.254,0.43202566
18364.783,0.44192073
18367.312,0.43190633
18369.842,0.44542135
18372.372,0.44385343
18374.902,0.4446988
18377.432,0.45218068
18379.963,0.44397631
18382.493,0.43818523
18385.024,0.44204726
18387.555,0.45314913
18390.086,0.4539946
18392.617,0.44458367
18395.148,0.45025572
18397.68,0.45592779
18400.212,0.45436005
18402.744,0.45218901
18405.276,0.46087772
18407.808,0.46212552
18410.34,0.44668153
18412.873,0.44064932
18415.406,0.44141452
18417.939,0.44113398
18420.472,0.4356247
18423.005,0.43482131
18425.539,0.44029246
18428.072,0.44419499
18430.606,0.4402544
18433.14,0.43788246
18435.675,0.43655628
18438.209,0.43418437
18440.743,0.42187784
18443.278,0.41950596
18445.813,0.42654587
18448.348,0.43306291
18450.883,0.44533161
18453.419,0.45655457
18455.954,0.46254879
18458.49,0.48004629
18461.026,0.48081178
18463.562,0.47739429
18466.098,0.47763694
18468.635,0.47265085
18471.171,0.46923341
18473.708,0.47470487
18476.245,0.47233321
18478.782,0.47832758
18481.32,0.48379909
18483.857,0.46103532
18486.395,0.47696438
18488.933,0.46413528
18491.471,0.45862647
18494.009,0.45991506
18496.547,0.44813176
18499.086,0.44732888
18501.625,0.45175477
18504.164,0.45513493
18506.703,0.46583537
18509.242,0.46660118
18511.781,0.46632125
18514.321,0.47179298
18516.861,0.47831047
18519.401,0.48064498
18521.941,0.49343702
18524.481,0.48583692
18527.021,0.49392311
18529.562,0.48841454
18532.103,0.47872298
18534.644,0.47269158
18537.185,0.47345757
18539.726,0.46899482
18542.268,0.47394386
18544.81,0.46686677
18547.351,0.46344982
18549.893,0.46369302
18552.436,0.45086435
18554.978,0.44535595
18557.521,0.44873645
18560.063,0.44741109
18562.606,0.44242562
18565.149,0.43639441
18567.693,0.44186649
18570.236,0.44420133
18572.78,0.44967344
18575.323,0.46037432
18577.867,0.4543432
18580.411,0.44778922
18582.956,0.44489538
18585.5,0.44618457
18588.045,0.44747377
18590.59,0.44301136
18593.135,0.44743785
18595.68,0.44088396
18598.225,0.42491833
18600.771,0.42829912
18603.316,0.41965379
18605.862,0.41153134
18608.408,0.40706904
18610.954,0.40626689
18613.501,0.39500725
18616.047,0.39838814
18618.594,0.39810891
18621.141,0.40514997
18623.688,0.4064394
18626.235,0.39047395
18628.783,0.39124055
18631.33,0.39253004
18633.878,0.38336202
18636.426,0.40033782
18638.974,0.38960121
18641.523,0.39350514
18644.071,0.40002347
18646.62,0.39503855
18649.168,0.38587064
18651.717,0.37408836
18654.267,0.37171787
18656.816,0.37875915
18659.366,0.36697693
18661.915,0.36356073
18664.465,0.3721707
18667.015,0.37659767
18669.565,0.37213578
18672.116,0.37447128
18674.666,0.36216628
18677.217,0.36345607
18679.768,0.37258901
18682.319,0.35976118
18684.87,0.36837128
18687.422,0.36704675
18689.973,0.37304251
18692.525,0.37746965
18695.077,0.35784452
18697.629,0.35181418
18700.182,0.35728712
18702.734,0.34864243
18705.287,0.34679515
18707.839,0.34181063
18710.393,0.33734899
18712.946,0.34073052
18715.499,0.32633428
18718.053,0.32239558
18720.606,0.32996016
18723.16,0.32968162
18725.714,0.34038348
18728.268,0.32860171
18730.823,0.31891145
18733.377,0.3160186
18735.932,0.31940027
18738.487,0.30709569
18741.042,0.30524864
18743.597,0.31229049
18746.153,0.3099206
18748.708,0.31696248
18751.264,0.30988674
18753.82,0.32215742
18756.376,0.3088072
18758.933,0.30225438
18761.489,0.29674734
18764.046,0.28601154
18766.603,0.30089669
18769.16,0.29538969
18771.717,0.30243172
18774.274,0.30738228
18776.832,0.30658121
18779.389,0.3157148
18781.947,0.30654775
18784.505,0.30679249
18787.064,0.29867123
18789.622,0.29682449
18792.181,0.29027189
18794.739,0.29574545
18797.298,0.29076151
18799.857,0.29309785
18802.417,0.28497669
18804.976,0.28469868
18807.536,0.28964945
18810.096,0.28152834
18812.655,0.27811313
18815.216,0.26946917
18817.776,0.26291674
18820.336,0.25845582
18822.897,0.25660931
18825.458,0.25319418
18828.019,0.26075946
18830.58,0.25995874
18833.142,0.24660902
18835.703,0.25940311
18838.265,0.2444848
18840.827,0.25518741
18843.389,0.24758939
18845.951,0.24365152
18848.513,0.25383132
18851.076,0.23629871
18853.639,0.25223017
18856.202,0.25195249
18858.765,0.25115196
18861.328,0.26342334
18863.892,0.25164245
18866.455,0.24665896
18869.019,0.25370163
18871.583,0.25394693
18874.147,0.24164323
18876.711,0.24868595
18879.276,0.23533653
18881.841,0.23244464
18884.405,0.2311214
18886.97,0.22300079
18889.536,0.23579523
18892.101,0.22296877
18894.667,0.22478284
18897.232,0.21770805
18899.798,0.19860713
18902.364,0.2124474
18904.93,0.2132158
18907.497,0.20352669
18910.063,0.21004675
18912.63,0.21499821
18915.197,0.20687778
18917.764,0.21182926
18920.332,0.21468926
18922.899,0.21022901
18925.467,0.21570342
18928.035,0.21228896
18930.602,0.2177634
18933.171,0.21330322
18935.739,0.21198031
18938.307,0.2153633
18940.876,0.20828879
18943.445,0.20592018
18946.014,0.21034897
18948.583,0.21320915
18951.153,0.21345497
18953.722,0.20690342
18956.292,0.21812967
18958.862,0.20844089
18961.432,0.20868678
18964.002,0.20736405
18966.573,0.20499559
18969.143,0.20994741
18971.714,0.2028731
18974.285,0.21357658
18976.856,0.21905133
18979.427,0.21616007
18981.999,0.22163485
18984.57,0.20462598
18987.142,0.20382628
18989.714,0.18943183
18992.286,0.19281517
18994.859,0.18940114
18997.431,0.18023549
19000.004,0.18989339
19002.577,0.18281928
19005.15,0.18149682
19007.723,0.17808288
19010.296,0.18355784
19012.87,0.18118968
19015.444,0.16313526
19018.018,0.16913314
19020.592,0.16153628
19023.166,0.16648844
19025.74,0.15993736
19028.315,0.16384381
19030.89,0.16775027
19033.465,0.16224499
19036.04,0.172426
19038.615,0.15960049
19041.191,0.16716715
19043.766,0.16113906
19046.342,0.1613855
19048.918,0.16581495
19051.494,0.15769541
19054.071,0.17833405
19056.647,0.17701193
19059.224,0.17046106
19061.801,0.18743962
19064.378,0.17879728
19066.955,0.17852097
19069.532,0.18085906
19072.11,0.17796841
19074.688,0.17821503
19077.266,0.17689304
19079.844,0.1661593
19082.422,0.1763406
19085,0.16612977
19087.579,0.15487321
19090.158,0.16087156
19092.737,0.15066078
19095.316,0.14254152
19097.895,0.14853992
19100.475,0.13676056
19103.054,0.15112501
19105.634,0.14509732
19108.214,0.13802389
19110.794,0.14193087
19113.375,0.13172022
19115.955,0.14347038
19118.536,0.13639702
19121.117,0.13402956
19123.698,0.140551
19126.279,0.13347769
19128.86,0.13529329
19131.442,0.12665138
19134.024,0.13212714
19136.606,0.13498854
19139.188,0.13052969
19141.77,0.12920812
19144.352,0.13625257
19146.935,0.14277416
19149.518,0.13465525
19152.101,0.14274551
19154.684,0.133058
19157.267,0.14480842
19159.851,0.14348696
19162.434,0.14164264
19165.018,0.15966762
19167.602,0.14161419
19170.186,0.15075031
19172.771,0.15152044
19175.355,0.1475847
19177.94,0.15253787
19180.525,0.14912504
19183.11,0.14832661
19185.695,0.13707067
19188.281,0.1399324
19190.866,0.12815363
19193.452,0.13153827
19196.038,0.12864841
19198.624,0.12575858
19201.21,0.11502562
19203.797,0.099586798
19206.383,0.11708917
19208.97,0.10008175
19211.557,0.11496977
19214.144,0.10475978
19216.732,0.10762169
19219.319,0.1151895
19221.907,0.10236518
19224.495,0.12352779
19227.083,0.11174925
19229.671,0.11879426
19232.259,0.12374777
19234.848,0.11719804
19237.436,0.13156335
19240.025,0.1370398
19242.614,0.14042475
19245.204,0.1401496
19247.793,0.14144308
19250.383,0.12861894
19252.972,0.13252684
19255.562,0.13120599
19258.152,0.12308778
19260.743,0.12072122
19263.333,0.11469455
19265.924,0.10814501
19268.514,0.12041902
19271.105,0.1143924
19273.697,0.11830043
19276.288,0.11175096
19278.879,0.11304465
19281.471,0.11433835
19284.063,0.10465168
19286.655,0.11012842
19289.247,0.10357904
19291.84,0.096506797
19294.432,0.098323459
19297.025,0.097525759
19299.618,0.1113686
19302.211,0.11213956
19304.804,0.11500204
19307.397,0.10740702
19309.991,0.10033489
19312.585,0.095877163
19315.179,0.08253056
19317.773,0.081732993
19320.367,0.075183809
19322.962,0.08379804
19325.556,0.084046275
19328.151,0.084294526
19330.746,0.10441208
19333.341,0.092634216
19335.936,0.099679904
19338.532,0.088424954
19341.128,0.086581785
19343.724,0.10094778
19346.32,0.097536021
19348.916,0.10667329
19351.512,0.10744457
19354.109,0.1139675
19356.705,0.11369306
19359.302,0.1249219
19361.899,0.1136671
19364.497,0.12594173
19367.094,0.12148435
19369.692,0.11284398
19372.289,0.12511866
19374.887,0.099223418
19377.485,0.11515826
19380.084,0.10076632
19382.682,0.096831918
19385.281,0.11015243
19387.88,0.096283419
19390.479,0.097577822
19393.078,0.097303614
19395.677,0.090232038
19398.277,0.089957863
19400.876,0.09282096
19403.476,0.085749434
19406.076,0.084952433
19408.677,0.088338456
19411.277,0.074469594
19413.877,0.089881794
19416.478,0.087516233
19419.079,0.078876179
19421.68,0.090628298
19424.281,0.073099389
19426.883,0.080145659
19429.484,0.084054691
19432.086,0.083257857
19434.688,0.092918557
19437.29,0.082709992
19439.893,0.084004712
19442.495,0.073273304
19445.098,0.084502698
19447.701,0.079000082
19450.304,0.08500075
19452.907,0.08420405
19455.51,0.079747236
19458.114,0.086793706
19460.717,0.079722546
19463.321,0.084677546
19465.925,0.084403805
19468.529,0.082561453
19471.134,0.076013236
19473.738,0.083059806
19476.343,0.078080249
19478.948,0.086172605
19481.553,0.093742101
19484.158,0.084579587
19486.764,0.085351731
19489.369,0.074620624
19491.975,0.07173267
19494.581,0.076164995
19497.187,0.079028708
19499.794,0.071957798
19502.4,0.072730042
19505.007,0.071933675
19507.614,0.074797456
19510.221,0.086550142
19512.828,0.074773432
19515.435,0.079728766
19518.043,0.076318103
19520.65,0.068724451
19523.258,0.067405325
19525.866,0.073406477
19528.474,0.07627039
19531.083,0.088546085
19533.691,0.080952516
19536.3,0.07754197
19538.909,0.085634709
19541.518,0.074903935
19544.127,0.080905203
19546.737,0.085337861
19549.346,0.072515634
19551.956,0.076948325
19554.566,0.073537895
19557.176,0.066467352
19559.787,0.075605975
19562.397,0.072718472
19565.008,0.063556475
19567.619,0.062760508
19570.23,0.057258675
19572.841,0.059599997
19575.452,0.057758328
19578.064,0.04911929
19580.675,0.065578309
19583.287,0.05118767
19585.899,0.040457179
19588.512,0.052733241
19591.124,0.047231542
19593.737,0.0516645
19596.349,0.056097474
19598.962,0.052164452
19601.575,0.057120336
19604.189,0.064167739
19606.802,0.067555029
19609.416,0.056824688
19612.029,0.059689135
19614.643,0.071965363
19617.258,0.080058602
19619.872,0.072988458
19622.486,0.078990227
19625.101,0.083946261
19627.716,0.072693161
19630.331,0.075034848
19632.946,0.082605311
19635.561,0.078672522
19638.177,0.076831254
19640.793,0.07394425
19643.409,0.06269125
19646.025,0.054575522
19648.641,0.066329091
19651.257,0.062396402
19653.874,0.058986606
19656.491,0.059236957
19659.108,0.04641543
19661.725,0.049280193
19664.342,0.046916216
19666.959,0.039846372
19669.577,0.036959552
19672.195,0.033549872
19674.813,0.037460471
19677.431,0.033005073
19680.049,0.038484332
19682.668,0.046577988
19685.286,0.053103032
19687.905,0.052830707
19690.524,0.042623759
19693.144,0.035554082
19695.763,0.035804683
19698.382,0.041284059
19701.002,0.041011818
19703.622,0.039170966
19706.242,0.045173268
19708.862,0.038626567
19711.483,0.044106026
19714.103,0.028147594
19716.724,0.032581335
19719.345,0.029694831
19721.966,0.031514226
19724.587,0.028627756
19727.209,0.022081172
19729.831,0.029129375
19732.452,0.024151451
19735.074,0.020742172
19737.697,0.018901536
19740.319,0.0217668
19742.941,0.020449074
19745.564,0.022791495
19748.187,0.029839815
19750.81,0.026430636
19753.433,0.038707747
19756.057,0.041573111
19758.68,0.037641105
19761.304,0.031617613
19763.928,0.027685641
19766.552,0.037348457
19769.176,0.030279264
19771.8,0.036804858
19774.425,0.033918704
19777.05,0.035215574
19779.675,0.03651246
19782.3,0.031011977
19784.925,0.02812589
19787.551,0.026808447
19790.176,0.016602132
19792.802,0.014238971
19795.428,0.0097843227
19798.054,0.011081325
19800.681,0.014992724
19803.307,0.017335512
19805.934,0.014449558
19808.561,0.023589765
19811.188,0.020180968
19813.815,0.023569574
19816.442,0.024866694
19819.07,0.015183438
19821.698,0.015434839
19824.325,0.021960767
19826.954,0.02482658
19829.582,0.027169535
19832.21,0.034218388
19834.839,0.028718238
19837.468,0.032106994
19840.097,0.030267009
19842.726,0.037838805
19845.355,0.03390735
19847.984,0.034681793
19850.614,0.034410502
19853.244,0.029956221
19855.874,0.023410453
19858.504,0.026276466
19861.134,0.037508509
19863.765,0.02364253
19866.396,0.018142581
19869.026,0.014734151
19871.658,0.0092342348
19874.289,0.017851982
19876.92,0.0055547138
19879.552,0.0031921025
19882.183,0.00030663204
19884.815,-0.0067618283
19887.447,0.0029017542
19890.08,-0.0041666728
19892.712,-0.0070520767
19895.345,-0.011506091
19897.978,-0.01334571
19900.61,-0.018845443
19903.244,-0.014933395
19905.877,-0.011021329
19908.51,-0.013383757
19911.144,-0.015223293
19913.778,-0.023337322
19916.412,-0.017856562
19919.046,-0.015513041
19921.68,-0.010555125
19924.315,-0.002982812
19926.95,-0.018417019
19929.584,-0.0019557841
19932.22,0.0014335719
19934.855,0.0032543171
19937.49,0.0087352097
19940.126,-0.0014701556
19942.761,0.0055793977
19945.397,0.0053087063
19948.033,0.0097439139
19950.67,6.1491101e-005
19953.306,0.010248366
19955.943,0.0042261073
19958.58,0.0055241266
19961.217,0.0015934045
19963.854,-0.0044288043
19966.491,0.0036666507
19969.128,-0.0039241522
19971.766,-0.0052404286
19974.404,-0.0034194334
19977.042,-0.0021212974
19979.68,-0.0018688964
19982.319,-0.0016164787
19984.957,-0.0013640443
19987.596,-0.0011115933
19990.235,-0.00085912559
19992.874,-0.00060664123
19995.513,-0.0003541402
