M/Z,Intensity
-7.8602611e-005,-0.51231373
2.1773576e-007,-0.33192157
9.6021472e-005,-0.22996078
0.00036601382,-0.52015686
0.00081019477,-0.29270588
0.0014285643,0.43670588
0.0022211225,-2.2927059
0.0031878693,-2.5358431
0.0043288047,-3.3750588
0.0056439287,-3.7907451
0.0071332413,-3.7907451
0.0087967426,-3.7907451
0.010634432,-3.7907451
0.012646311,-3.7874532
0.014832378,-3.7760331
0.017192634,-1.246681
0.019727078,4.6319757
0.022435711,9.8050351
0.025318532,6.147007
0.028375542,3.9873031
0.031606741,8.8004332
0.035012128,2.6412993
0.038591704,-3.7450005
0.042345469,-2.2486624
0.046273422,3.946
0.050375564,1.8821238
0.054651894,1.0891208
0.059102413,-0.35457746
0.063727121,-0.65289272
0.068526017,-2.5666092
0.073499102,-1.6643545
0.078646375,6.4538716
0.083967837,10.517481
0.089463488,4.1264729
0.095133327,-2.3348382
0.10097736,-3.580178
0.10699557,-3.5389582
0.11318798,-3.4817672
0.11955457,-2.3184088
0.12609535,-1.3822163
0.13281032,-0.10064084
0.13969948,-1.9795646
0.14676283,-0.17192894
0.15400037,2.4124624
0.16141209,3.3736093
0.16899801,2.7193549
0.17675811,2.1830327
0.1846924,2.6430738
0.19280088,2.3504588
0.20108355,-0.30265545
0.20954041,-2.5554847
0.21817145,-2.1178329
0.22697669,0.32010391
0.23595611,1.401463
0.24510972,0.97722475
0.25443752,1.5179774
0.26393951,2.1766621
0.27361569,0.73367106
0.28346605,-1.3835448
0.29349061,-1.4220442
0.30368935,-1.5151606
0.31406228,-2.8472077
0.3246094,-2.8299502
0.33533071,-1.4790743
0.34622621,-0.049482012
0.3572959,0.95686586
0.36853977,1.9399693
0.37995783,1.9115931
0.39155009,1.6168353
0.40331653,1.9105977
0.41525716,2.1262138
0.42737197,2.0832913
0.43966098,1.9151637
0.45212418,1.5590858
0.46476156,1.2346655
0.47757313,0.15758897
0.49055889,-0.31528095
0.50371884,-0.79570899
0.51705298,-1.3464403
0.53056131,-0.80669044
0.54424382,-0.46273403
0.55810053,0.093272094
0.57213142,0.15544558
0.5863365,-0.087978264
0.60071577,0.46103976
0.61526923,0.74367614
0.62999688,1.0658132
0.64489871,1.3568627
0.65997473,1.4945685
0.67522495,1.3734106
0.69064935,0.74240875
0.70624794,0.22117069
0.72202072,-0.088342775
0.73796769,-0.9155434
0.75408884,-0.72317628
0.77038419,-1.260261
0.78685372,-0.95032704
0.80349744,-0.75808022
0.82031535,-0.68352056
0.83730745,-0.77370688
0.85447374,-0.16589409
0.87181421,-0.24831748
0.88932888,0.24176805
0.90701773,0.15142133
0.92488077,1.4492698
0.942918,0.65296052
0.96112942,1.0095523
0.97951503,1.366104
0.99807483,0.96183129
1.0168088,1.443793
1.035717,1.4159106
1.0547993,1.889949
1.0740559,1.5561041
1.0934866,1.1830034
1.1130916,1.7588823
1.1328707,0.75040728
1.152824,0.74581376
1.1729515,0.77255269
1.1932532,0.20317308
1.213729,0.60630239
1.2343791,0.20154847
1.2552033,0.67518581
1.2762018,0.78799874
1.2973744,0.64194805
1.3187212,1.1938965
1.3402422,0.69482439
1.3619374,1.0898299
1.3838068,0.98283444
1.4058504,0.96207344
1.4280681,1.3255861
1.4504601,1.1008233
1.4730262,1.307393
1.4957665,1.1531382
1.518681,0.84198063
1.5417697,0.67195941
1.5650326,0.32934907
1.5884697,0.34748295
1.612081,-0.034423273
1.6358664,0.022846089
1.6598261,-0.17874818
1.6839599,-0.31763745
1.7082679,0.045393962
1.7327501,-0.14063433
1.7574065,0.21447374
1.7822371,0.29503191
1.8072419,0.36770684
1.8324209,0.60504755
1.857774,0.47372072
1.8833013,0.58549103
1.9090029,0.32075066
1.9348786,0.095185874
1.9609285,0.22252216
1.9871526,0.051779135
2.0135509,0.037858753
2.0401234,0.047427681
2.06687,-0.037161138
2.0937909,0.23899426
2.1208859,0.13079582
2.1481551,0.16373376
2.1755985,0.28290611
2.2032161,0.22948933
2.2310079,0.23093442
2.2589739,0.28724137
2.2871141,0.28076312
2.3154285,0.31346045
2.343917,0.42454906
2.3725797,0.23755835
2.4014167,0.37209616
2.4304278,0.23992721
2.4596131,0.31948287
2.4889726,0.35978274
2.5185062,0.26670917
2.5482141,0.48732099
2.5780962,0.096128011
2.6081524,0.22254199
2.6383828,-0.058927277
2.6687875,-0.19926017
2.6993663,-0.049437084
2.7301193,-0.22906586
2.7610465,-0.36951906
2.7921478,-0.16491431
2.8234234,-0.16427124
2.8548732,-0.40680552
2.8864971,-0.22585049
2.9182952,-0.12336693
2.9502676,-0.24837446
2.9824141,-0.51459855
3.0147348,0.26227451
3.0472296,-0.29306305
3.0798987,-0.024863024
3.112742,0.34530596
3.1457594,0.24489489
3.1789511,0.01115866
3.2123169,0.39703845
3.2458569,0.53194602
3.2795711,0.09431275
3.3134595,0.1508053
3.3475221,0.98377662
3.3817589,0.1304816
3.4161698,0.61052809
3.450755,0.73764158
3.4855143,0.3706456
3.5204478,0.63895191
3.5555556,0.35824679
3.5908375,0.94029494
3.6262936,0.33803754
3.6619238,0.41814126
3.6977283,0.85119434
3.733707,0.20190264
3.7698598,0.58791324
3.8061868,0.5896183
3.8426881,0.28544917
3.8793635,0.55383724
3.9162131,0.30458642
3.9532369,0.52593202
3.9904348,0.32375638
4.027807,0.45100068
4.0653534,0.40570414
4.1030739,0.13296479
4.1409686,0.58180225
4.1790376,0.0031969007
4.2172807,0.240286
4.255698,0.33620681
4.2942895,-0.0070798946
4.3330551,0.24572001
4.371995,0.059312402
4.411109,0.10036395
4.4503973,0.094364852
4.4898597,0.088373929
4.5294963,0.13729314
4.5693071,-0.16672065
4.6092921,0.086136488
4.6494513,-0.1864884
4.6897847,-0.11400707
4.7302923,0.14671773
4.770974,-0.30627479
4.8118299,0.13485852
4.8528601,-0.14556863
4.8940644,-0.15497802
4.9354429,0.07874322
4.9769956,-0.1581304
5.0187225,0.052048191
5.0606235,-0.1064073
5.1026988,-0.10800666
5.1449482,0.086465791
5.1873719,-0.032793872
5.2299697,0.051861412
5.2727417,0.058078702
5.3156879,-0.069043962
5.3588083,0.10186597
5.4021029,-0.080171899
5.4455717,0.12209734
5.4892146,-0.0050518119
5.5330318,0.048184574
5.5770231,0.2190614
5.6211886,-0.017911536
5.6655283,0.20785401
5.7100422,0.22184822
5.7547303,0.12603189
5.7995926,0.24981679
5.8446291,0.21673232
5.8898397,0.1993275
5.9352245,0.2760337
5.9807836,0.21939996
6.0265168,0.31962233
6.0724242,0.14532828
6.1185058,0.22985114
6.1647616,0.30652424
6.2111916,0.053778958
6.2577957,0.24808587
6.3045741,0.18356264
6.3515266,0.27589553
6.3986533,0.16430023
6.4459543,0.38211008
6.4934294,0.097952514
6.5410787,0.096141272
6.5889021,0.33746066
6.6368998,0.068969513
6.6850717,0.11419723
6.7334177,0.21432029
6.781938,0.17326025
6.8306324,-0.0011397351
6.879501,0.3813164
6.9285438,0.24611885
6.9777608,0.095228414
7.027152,0.32080194
7.0767174,0.21695708
7.1264569,0.30918403
7.1763707,0.29944358
7.2264586,0.10930434
7.2767207,0.37406045
7.327157,0.21528052
7.3777675,0.18198417
7.4285522,0.17221061
7.4795111,0.29576376
7.5306442,0.19185931
7.5819514,0.025203137
7.6334329,0.26638348
7.6850885,0.24089054
7.7369183,0.12911647
7.7889223,0.31537499
7.8411005,0.15652885
7.8934529,0.060421186
7.9459795,0.18391475
7.9986802,0.064264429
8.0515552,0.023038863
8.1046043,0.068081186
8.1578277,0.034685515
8.2112252,0.032655772
8.2647969,0.030619408
8.3185428,0.03641956
8.3724629,0.0029974044
8.4265572,-0.03827451
8.4808256,-0.0072795961
8.5352683,-0.031187855
8.5898851,-0.12568556
8.6446761,0.0072664998
8.6996413,-0.11860618
8.7547808,-0.056244778
8.8100943,-0.040943411
8.8655821,-0.088388355
8.9212441,-0.073089413
8.9770803,-0.13622306
9.0330906,-0.13661281
9.0892751,-0.035042996
9.1456339,-0.11386655
9.2021668,-0.043671707
9.2588739,-0.028380037
9.3157552,-0.083677815
9.3728107,-0.076231707
9.4300403,-0.021727987
9.4874442,-0.045656853
9.5450222,-0.077430067
9.6027745,-0.06214567
9.6607009,-0.039019348
9.7188015,0.039007722
9.7770763,0.038602208
9.8355253,0.01466607
9.8941485,0.10837578
9.9529458,0.060907805
10.011917,0.060497443
10.071063,-0.057561191
10.130383,0.075359356
10.189877,0.20043555
10.249545,0.0039419109
10.309388,-0.0043176494
10.369405,0.30114707
10.429596,-0.020840406
10.489961,0.11207287
10.5505,0.2606712
10.611213,-0.022104221
10.672101,0.36178581
10.733163,-0.015109687
10.794399,0.21975831
10.855809,0.10952706
10.917393,0.12478479
10.979152,0.24984523
11.041085,0.26510053
11.103192,-0.0098414521
11.165473,0.26423496
11.227928,0.2951729
11.290558,0.051599831
11.353361,0.30214319
11.416339,0.24680299
11.479491,-0.090891363
11.542818,0.25376601
11.606318,0.14352021
11.669993,0.1587634
11.733841,0.20537792
11.797864,0.15003044
11.862062,-0.13276922
11.926433,0.2589397
11.990979,0.227118
12.055698,-0.14195981
12.120592,0.21052979
12.185661,0.10811622
12.250903,-0.080573073
12.316319,-0.026126323
12.38191,0.13812314
12.447675,-0.17605999
12.513614,0.20779489
12.579727,-0.0044298759
12.646015,-0.036263696
12.712477,0.14366598
12.779112,-0.084248699
12.845923,0.13489424
12.912907,-0.2263562
12.980065,0.17317647
13.047398,0.054933024
13.114905,-0.17311589
13.182586,0.061578757
13.250441,0.09235029
13.31847,-0.1043307
13.386674,-0.02650343
13.455051,0.051322297
13.523603,-0.10614764
13.592329,-0.10675637
13.66123,0.18282944
13.730304,-0.24131179
13.799553,0.032584656
13.868976,0.094714852
13.938573,-0.17256826
14.008344,0.085637282
14.07829,-0.14243323
14.148409,0.037337855
14.218703,-0.049559271
14.289171,-0.15998735
14.359813,0.15311244
14.43063,-0.082808926
14.50162,-0.012849478
14.572785,0.01789274
14.644124,-0.092543054
14.715637,0.0087843137
14.787324,0.075141411
14.859186,-0.09380589
14.931221,0.050962017
15.003431,0.0074843503
15.075815,0.050270912
15.148374,-0.095188102
15.221106,0.02600927
15.294013,0.045235577
15.367094,-0.10025428
15.440349,0.067971074
15.513778,0.008735165
15.587381,-0.011295338
15.661159,-0.015649848
15.735111,0.019201047
15.809237,-0.05576226
15.883537,0.0025974856
15.958011,0.045260675
16.03266,0.064384172
16.107482,-0.010620259
16.182479,0.039855226
16.25765,-0.0037972184
16.332996,-0.055303081
16.408515,0.097102345
16.484209,0.0063602345
16.560077,-0.16282353
16.636119,0.16872776
16.712335,-0.033067344
16.788725,-0.038797084
16.86529,0.073107169
16.942029,-0.034609485
17.018942,-0.14233921
17.096029,0.16560428
17.17329,-0.12254372
17.250726,0.1147854
17.328335,-0.11064364
17.406119,0.024698569
17.484077,-0.1380115
17.56221,-0.026224837
17.640516,-0.0085688821
17.718997,-0.08504364
17.797652,-0.075256953
17.876481,0.14628137
17.955484,-0.055722775
18.034662,0.087358049
18.114013,0.23826895
18.193539,-0.11279401
18.273239,-0.024654339
18.353113,0.23602128
18.433162,0.04178188
18.513384,0.043607843
18.593781,0.32581989
18.674352,0.14526953
18.755097,-0.14510204
18.836016,0.26254831
18.91711,-0.12981865
18.998377,-0.0045558389
19.079819,-0.19303582
19.161435,-0.083493884
19.243226,-0.20142023
19.32519,-0.23308936
19.407329,-0.17065814
19.489642,-0.13961677
19.572129,-0.40663191
19.65479,-0.32856632
19.737625,-0.1407141
19.820635,-0.34503604
19.903819,-0.533689
19.987177,0.030581913
20.070709,-0.62869388
20.154415,-0.11151639
20.238296,0.23309479
20.32235,0.41298278
20.406579,0.74187309
20.490982,-0.0037637119
20.57556,6.3407783
20.660311,24.693146
20.745237,15.720006
20.830337,5.4841043
20.915611,0.71485165
21.001059,1.3573464
21.086681,1.0508042
21.172478,-0.30673573
21.258449,1.01806
21.344594,0.25656396
21.430913,0.32642316
21.517406,0.39626506
21.604074,0.23863867
21.690915,0.47315186
21.777931,0.40176539
21.865121,0.33820476
21.952486,0.21188173
22.040024,0.32083553
22.127737,0.15526222
22.215624,0.13869122
22.303685,-0.089661783
22.39192,0.27020321
22.480329,-0.091517724
22.568913,0.033018554
22.657671,-0.022854623
22.746603,0.015372549
22.835709,0.067347431
22.924989,-0.22585811
23.014444,-0.35444015
23.104073,-0.18506536
23.193876,-0.34518471
23.283853,-0.41911194
23.374004,-0.24998429
23.46433,-0.48093903
23.554829,-0.64923105
23.645503,-0.62152702
23.736351,-0.71939558
23.827373,-0.59773867
23.91857,-0.95459551
24.009941,-0.69977003
24.101485,-0.76659557
24.193204,-1.0844839
24.285098,-0.83774868
24.377165,-1.2812919
24.469407,-0.97197642
24.561822,-1.1490178
24.654412,-1.3339847
24.747176,-1.0719751
24.840115,-1.2884793
24.933227,-1.5050659
25.026514,-1.0472251
25.119975,-1.5463294
25.21361,-1.1513984
25.307419,-1.0075302
25.401403,-0.048058082
25.49556,2.6838806
25.589892,15.235345
25.684398,33.512217
25.779078,12.659595
25.873933,15.987282
25.968961,92.436456
26.064164,94.360058
26.159541,94.314949
26.255092,94.269758
26.350818,90.483308
26.446717,86.453639
26.542791,65.490554
26.639039,59.546994
26.735461,70.568058
26.832057,76.334137
26.928828,75.833468
27.025772,78.015069
27.122891,74.925999
27.220184,70.283906
27.317652,64.771142
27.415293,62.089669
27.513109,57.015956
27.611098,50.867651
27.709262,43.566322
27.807601,38.170793
27.906113,34.296751
28.0048,30.140273
28.10366,27.881752
28.202695,24.901581
28.301904,22.070346
28.401288,21.176284
28.500845,19.239002
28.600577,18.572226
28.700483,16.815172
28.800563,16.728623
28.900817,15.6616
29.001246,14.978808
29.101848,14.492013
29.202625,13.738468
29.303576,13.588762
29.404701,13.148778
29.506001,12.457731
29.607474,11.86072
29.709122,11.600881
29.810944,10.627234
29.91294,10.210367
30.01511,9.3149872
30.117455,9.7293284
30.219974,9.6024108
30.322666,9.3656069
30.425534,8.6032305
30.528575,8.2564579
30.63179,9.0233284
30.73518,8.2920773
30.838744,8.0940772
30.942482,8.5312888
31.046394,7.4546926
31.15048,7.5466414
31.254741,7.4110568
31.359176,7.8400958
31.463785,7.8141504
31.568568,7.2626324
31.673525,7.8875026
31.778657,8.5515062
31.883963,8.6664077
31.989442,9.0949524
32.095097,8.8489048
32.200925,8.9557161
32.306927,8.8820528
32.413104,8.3926209
32.519455,8.2325183
32.62598,8.6840981
32.732679,8.5787327
32.839553,7.6340693
32.9466,6.603049
33.053822,7.0621424
33.161218,6.6191926
33.268788,6.4820428
33.376532,6.0703008
33.484451,5.8153391
33.592544,6.9563735
33.700811,8.2855608
33.809252,8.485254
33.917867,9.6652569
34.026657,11.692236
34.13562,13.005408
34.244758,13.714575
34.35407,12.243268
34.463556,10.920899
34.573217,9.7082505
34.683052,8.6523826
34.79306,6.9062363
34.903243,6.0070664
35.013601,5.3980103
35.124132,3.8398521
35.234838,2.9404351
35.345717,3.3977984
35.456771,2.9374323
35.567999,3.1044348
35.679402,2.5184138
35.790978,2.2695652
35.902729,2.5696539
36.014654,1.7873073
36.126753,2.0715449
36.239026,1.5007982
36.351474,1.2985966
36.464095,1.5825871
36.576891,0.9174756
36.689861,0.84051702
36.803005,1.1948486
36.916324,0.70203899
37.029816,0.71110777
37.143483,0.39068241
37.257324,0.63488054
37.371339,0.39272179
37.485529,-0.014225234
37.599892,-0.036940913
37.71443,0.52065318
37.829142,0.003655093
37.944028,0.16892756
38.059088,0.47529412
38.174323,-0.17294185
38.289731,0.17491661
38.405314,0.28749696
38.521071,0.01577959
38.637002,-0.012784522
38.753108,-0.049175767
38.869387,-0.23457062
38.985841,-0.10622397
39.102469,-0.40139073
39.219271,-0.17105129
39.336248,-0.074029184
39.453398,-0.18875578
39.570723,-0.35836833
39.688222,-0.30051389
39.805895,-0.1485258
39.923742,-0.3729923
40.041764,-0.29940358
40.15996,0.17420115
40.278329,-0.06590361
40.396873,-0.047168836
40.515592,-0.02057492
40.634484,0.38250559
40.753551,0.51893543
40.872792,0.012244028
40.992207,0.015372549
41.111796,-0.599158
41.231559,-0.94744861
41.351497,-0.84126397
41.471608,-1.4492315
41.591894,-1.4301748
41.712355,-1.7095841
41.832989,-2.2011847
41.953797,-2.3716435
42.07478,-2.5268426
42.195937,-2.878547
42.317268,-3.3718545
42.438773,-2.9871574
42.560453,-0.5322987
42.682306,10.384878
42.804334,28.658491
42.926536,9.057168
43.048912,7.6358099
43.171463,81.155202
43.294187,83.160441
43.417086,83.016234
43.540159,81.757875
43.663406,75.032423
43.786828,74.769289
43.910423,34.505728
44.034193,7.0574272
44.158137,10.91066
44.282255,12.065427
44.406547,8.4276105
44.531014,10.930544
44.655654,12.774227
44.780469,15.041012
44.905458,16.123057
45.030621,13.926244
45.155959,11.697632
45.28147,18.127417
45.407156,57.082265
45.533016,39.801392
45.65905,5.6808771
45.785259,-0.79300587
45.911641,3.1562138
46.038198,1.1128499
46.164929,-1.3309407
46.291834,-1.1947659
46.418913,-2.2198021
46.546167,-2.727618
46.673595,-2.1221351
46.801196,-2.0582553
46.928972,-2.2849984
47.056923,-0.50432506
47.185047,0.5465098
47.313346,1.6958989
47.441819,2.3826658
47.570466,3.9872028
47.699287,6.8232352
47.828282,2.7809593
47.957452,-0.74354668
48.086795,-1.8130277
48.216313,-1.1412093
48.346006,-1.559464
48.475872,-1.5540663
48.605912,3.6514543
48.736127,21.68847
48.866516,14.713845
48.997079,7.6687539
49.127816,14.145355
49.258728,26.637765
49.389813,31.247944
49.521073,29.983738
49.652507,44.696124
49.784115,74.051771
49.915898,70.811462
50.047854,36.457551
50.179985,23.225332
50.31229,27.083431
50.444769,21.20832
50.577423,15.67843
50.71025,14.125134
50.843252,19.489608
50.976428,19.81891
51.109778,13.081669
51.243302,11.403374
51.377001,10.635007
51.510873,8.8706833
51.64492,7.8202085
51.779141,7.5698566
51.913536,7.0451178
52.048106,4.6930511
52.182849,3.870519
52.317767,2.9069335
52.452859,2.6179807
52.588125,2.3056215
52.723566,1.4365225
52.85918,1.3910758
52.994969,1.0869286
53.130932,-0.41709565
53.267069,0.071159918
53.40338,-0.46791254
53.539866,-0.49705812
53.676525,-0.88686505
53.813359,-1.6373333
53.950367,-1.0590203
54.08755,-1.1237874
54.224906,-1.4237915
54.362437,-1.6374638
54.500141,-1.2942162
54.63802,-1.2332643
54.776074,-1.3448043
54.914301,-1.3778557
55.052703,-1.128497
55.191278,-1.5379046
55.330028,-1.3354904
55.468952,-1.2585091
55.608051,-1.3304903
55.747323,-2.2337869
55.88677,-2.4625164
56.026391,-1.9539339
56.166186,-1.9315686
56.306155,-2.6856168
56.446298,-2.3101961
56.586616,-2.0131495
56.727108,-1.3474183
56.867774,-1.7482965
57.008614,-0.83147057
57.149629,-0.51850898
57.290817,-0.51921569
57.43218,0.23771592
57.573717,0.79070187
57.715428,0.56719316
57.857313,1.8260133
57.999373,2.5593192
58.141607,2.6259343
58.284014,1.3591921
58.426597,0.76693554
58.569353,0.67661571
58.712283,1.0411738
58.855388,2.2606097
58.998667,2.0447274
59.14212,2.1033309
59.285747,1.4717142
59.429548,1.6949754
59.573524,1.5888008
59.717674,1.8512295
59.861998,2.0038303
60.006496,1.5132697
60.151168,1.2422929
60.296015,1.2301155
60.441036,2.3081101
60.58623,3.519414
60.7316,0.53461538
60.877143,-1.4070701
61.02286,-0.85466193
61.168752,-1.2277681
61.314818,-0.99697673
61.461058,-1.370131
61.607472,-0.11193684
61.754061,-0.21062949
61.900823,-0.4348364
62.04776,1.9291679
62.194871,2.9755011
62.342156,2.4453396
62.489616,6.4641736
62.637249,36.137886
62.785057,33.576279
62.933039,4.504845
63.081195,-1.6175938
63.229525,3.2952375
63.37803,1.2590252
63.526708,0.14827889
63.675561,10.668881
63.824588,15.777695
63.97379,3.97668
64.123165,2.3560335
64.272715,10.045167
64.422439,11.310747
64.572337,13.956695
64.722409,21.888893
64.872655,26.90342
65.023076,14.223806
65.17367,8.1794614
65.324439,11.162544
65.475383,7.7142297
65.6265,6.7207934
65.777791,28.543019
65.929257,48.678947
66.080897,16.226615
66.232711,-1.0257415
66.384699,4.0199176
66.536862,3.6302584
66.689198,1.569987
66.841709,2.8508679
66.994394,5.4807443
67.147254,1.6243222
67.300287,-0.81251615
67.453495,0.21728807
67.606876,-0.68234354
67.760432,-0.88396001
67.914162,1.9026347
68.068067,4.9872446
68.222145,0.040457876
68.376398,-2.3102745
68.530825,-1.8445759
68.685426,-2.6102465
68.840201,-2.2386588
68.995151,-1.6866757
69.150274,-1.9974344
69.305572,-2.6219152
69.461044,-2.2895299
69.616691,-2.0355727
69.772511,-2.2678866
69.928506,-1.6452952
70.084674,3.5655347
70.241017,1.9449955
70.397535,-0.99318748
70.554226,-1.1548965
70.711092,0.67555461
70.868131,0.82757772
71.025345,0.35999631
71.182733,0.57477117
71.340296,0.33464741
71.498032,0.77687991
71.655943,1.1249981
71.814028,0.69664904
71.972287,1.6094798
72.13072,2.0360393
72.289327,2.3292689
72.448109,7.4538743
72.607065,13.394169
72.766195,17.977605
72.925499,17.823789
73.084977,14.744486
73.24463,12.449501
73.404457,9.2996161
73.564458,6.4713037
73.724633,5.3292691
73.884982,5.1362575
74.045506,4.4805041
74.206203,3.2600481
74.367075,2.5415563
74.528121,2.6152247
74.689342,1.128112
74.850736,1.5939439
75.012305,1.0323281
75.174048,0.38444119
75.335965,3.6502831
75.498056,12.806324
75.660321,6.1819768
75.822761,-0.591387
75.985375,-0.86278671
76.148163,-0.57732033
76.311125,0.1552082
76.474261,10.73872
76.637572,14.10655
76.801056,2.078304
76.964715,-1.3617032
77.128548,0.64143024
77.292556,0.22888072
77.456737,9.2751581
77.621093,35.097909
77.785623,17.916742
77.950327,-1.5467742
78.115205,-1.8808757
78.280257,0.63208493
78.445484,-0.26671578
78.610885,9.0070359
78.77646,12.05334
78.942209,2.4878825
79.108132,-0.67757158
79.27423,0.81580123
79.440502,2.3640793
79.606947,23.653537
79.773568,46.841038
79.940362,14.193247
80.10733,-1.7957161
80.274473,2.6388532
80.44179,2.2263669
80.609281,2.1432958
80.776946,22.907287
80.944786,28.165399
81.112799,5.6117495
81.280987,-3.2007201
81.449349,0.033872505
81.617885,-0.57466883
81.786596,-1.4498735
81.95548,0.10629772
82.124539,-0.48654735
82.293772,-2.0048793
82.463179,-2.1192863
82.63276,-1.5199645
82.802516,-0.30103154
82.972446,0.50221848
83.142549,-0.67099875
83.312828,-1.6089185
83.48328,-1.0174232
83.653906,0.3897617
83.824707,-0.62657946
83.995682,-0.48997611
84.166831,-0.94160473
84.338154,-1.2520535
84.509651,-0.69975393
84.681323,-0.10039216
84.853169,0.045066769
85.025189,-0.28797289
85.197383,-0.69166799
85.369751,-0.65621461
85.542294,-0.0012206041
85.71501,0.43409835
85.887901,-0.22868912
86.060966,0.22218169
86.234206,1.4886716
86.407619,1.6335256
86.581207,1.1194889
86.754969,-0.18677187
86.928905,1.6206256
87.103015,19.53776
87.277299,26.372474
87.451758,4.2188855
87.626391,-2.3347702
87.801198,1.3232717
87.976179,1.5302659
88.151334,15.321507
88.326664,27.442092
88.502168,10.205747
88.677845,2.9771787
88.853698,7.6544251
89.029724,10.386506
89.205924,12.781265
89.382299,15.419095
89.558848,11.476464
89.735571,7.1729825
89.912468,5.8890413
90.08954,4.4638565
90.266785,9.5876241
90.444205,18.405442
90.621799,8.1800557
90.799567,2.4330334
90.97751,-0.035624724
91.155626,0.77408132
91.333917,27.262152
91.512382,58.510939
91.691021,19.58711
91.869834,-5.1250215
92.048822,0.50787789
92.227984,2.9563964
92.407319,9.4597496
92.586829,18.896369
92.766514,6.4035093
92.946372,1.0086217
93.126405,-0.3314312
93.306612,2.6029585
93.486993,38.752967
93.667548,60.267615
93.848277,18.817489
94.029181,-2.8836841
94.210259,3.2033107
94.391511,6.466709
94.572937,32.812393
94.754537,29.620755
94.936312,3.9898337
95.11826,-3.7666447
95.300383,1.4101429
95.48268,2.4064712
95.665152,7.4811637
95.847797,8.4381419
96.030617,6.7911313
96.213611,2.3362104
96.396779,3.5753399
96.580121,46.720285
96.763637,73.253397
96.947328,73.653109
97.131193,23.605696
97.315232,4.3503714
97.499445,11.118509
97.683832,9.4944234
97.868394,12.380074
98.053129,11.665657
98.238039,10.41784
98.423123,10.644466
98.608382,10.980828
98.793814,10.862221
98.979421,11.347469
99.165202,7.9581389
99.351157,6.0040362
99.537286,6.3243761
99.723589,6.2760213
99.910067,5.8746581
100.09672,6.7830317
100.28354,7.74624
100.47055,8.874087
100.65772,8.2606903
100.84507,9.9452656
101.03259,13.959185
101.22029,9.5181361
101.40816,5.3750588
101.5962,4.4789731
101.78442,5.2926241
101.97282,10.600326
102.16139,13.256979
102.35013,8.4155268
102.53904,7.0249874
102.72813,6.7481063
102.9174,11.553511
103.10684,39.998064
103.29645,34.066079
103.48624,9.710498
103.6762,3.8803397
103.86633,7.6344278
104.05664,7.4747233
104.24713,6.8992653
104.43779,2.5982499
104.62862,-0.44008764
104.81963,-1.5412375
105.01081,0.032055287
105.20216,6.8366534
105.39369,7.4764784
105.58539,-1.1151364
105.77727,-4.8205438
105.96932,-3.8436655
106.16155,-2.6550897
106.35395,-0.023443923
106.54652,-2.8899045
106.73927,-5.9446676
106.93219,-5.6426352
107.12529,-4.368121
107.31856,5.4396594
107.51201,5.2081569
107.70563,-3.6643355
107.89942,-7.3603871
108.09339,-6.154508
108.28753,3.5219295
108.48185,26.774808
108.67634,8.5609891
108.871,-7.4489377
109.06584,-7.7334043
109.26085,-4.31594
109.45604,2.4818864
109.6514,3.852232
109.84694,1.0264692
110.04264,-5.3993236
110.23853,-3.4800482
110.43459,47.349001
110.63082,67.425079
110.82722,48.410932
111.02381,-5.2620697
111.22056,-1.9468656
111.41749,4.2859556
111.61459,10.048159
111.81187,2.9475867
112.00932,-1.6196819
112.20695,-3.0575687
112.40475,-2.3307795
112.60272,12.050882
112.80087,22.173689
112.99919,3.1984281
113.19769,-5.0945104
113.39636,-1.6149297
113.5952,1.4410916
113.79422,5.7206124
113.99342,-0.31362218
114.19278,-3.3518083
114.39233,-3.4488479
114.59204,-1.8753292
114.79193,5.7060027
114.992,7.2167164
115.19223,2.4058316
115.39265,-3.8011616
115.59323,23.67809
115.794,66.25535
115.99493,67.25611
116.19604,62.060762
116.39732,15.328129
116.59878,12.681741
116.80041,17.023557
117.00222,21.969266
117.2042,7.1110229
117.40635,-1.0256814
117.60868,0.13954507
117.81119,8.755722
118.01386,32.885595
118.21672,17.140927
118.41974,-0.34494633
118.62294,-1.4779087
118.82631,4.8949813
119.02986,18.287449
119.23358,11.170083
119.43748,-1.0531949
119.64155,-4.2647384
119.8458,0.95506075
120.05022,12.088555
120.25481,8.5710398
120.45958,-2.2563096
120.66452,-6.2993753
120.86963,-2.5071768
121.07492,7.0340113
121.28039,6.5045813
121.48603,-2.7778198
121.69184,-6.068094
121.89783,-4.3623197
122.10399,2.9198952
122.31032,7.9903155
122.51683,-1.9432157
122.72351,-7.2743675
122.93037,-6.4253765
123.1374,-0.44722313
123.34461,10.126759
123.55199,-1.73088
123.75954,-9.3691609
123.96727,-8.4351422
124.17518,-1.171961
124.38325,9.298814
124.5915,-3.1561505
124.79993,-10.560384
125.00853,-10.137416
125.2173,-6.7186186
125.42625,-0.55497271
125.63537,-6.0307918
125.84467,-10.369605
126.05414,-10.308668
126.26378,-6.0126864
126.4736,3.0516736
126.6836,1.0255882
126.89376,-2.4438838
127.10411,-3.2547816
127.31462,-2.0973014
127.52531,3.5775766
127.73618,1.6522053
127.94721,-2.7910625
128.15843,-4.403207
128.36981,14.415772
128.58137,45.924697
128.79311,23.511804
129.00502,3.5614076
129.2171,8.2931144
129.42936,30.632415
129.64179,52.751858
129.8544,44.980856
130.06718,14.268428
130.28013,14.779281
130.49326,53.266354
130.70656,55.039453
130.92004,54.969165
131.13369,53.243726
131.34751,52.121958
131.56151,52.686217
131.77569,53.744343
131.99004,53.437514
132.20456,53.11475
132.41925,50.823109
132.63412,51.2371
132.84917,52.207706
133.06439,51.89963
133.27978,50.250129
133.49535,48.451359
133.71109,47.9543
133.927,47.12758
134.14309,35.77512
134.35936,22.06947
134.5758,14.183179
134.79241,13.700559
135.00919,17.76671
135.22615,6.7659454
135.44329,-0.23506892
135.6606,0.54405953
135.87808,8.4209779
136.09574,12.023137
136.31357,-0.029855089
136.53158,-4.8125083
136.74976,-1.8463913
136.96811,9.2763391
137.18664,15.575291
137.40534,5.0269343
137.62422,-0.9334362
137.84327,-1.2077816
138.06249,14.564683
138.28189,14.007486
138.50147,-5.8832941
138.72121,-11.72863
138.94114,-5.0483153
139.16123,6.9890219
139.3815,-1.0362262
139.60195,-10.496608
139.82257,-11.58036
140.04336,-3.2914032
140.26433,15.225165
140.48547,4.612481
140.70678,-10.752984
140.92827,-9.5614266
141.14993,12.712644
141.37177,20.382952
141.59378,-4.5034417
141.81597,-13.028892
142.03833,-5.2875151
142.26087,0.17166853
142.48358,4.2506199
142.70646,-2.3212493
142.92952,-3.6223703
143.15275,33.327649
143.37615,48.097436
143.59973,48.796795
143.82349,38.382588
144.04741,6.5803054
144.27152,14.268379
144.49579,21.203671
144.72024,0.48422184
144.94487,-5.8507542
145.16967,-1.2287076
145.39464,22.507224
145.61979,36.674689
145.84511,3.7050583
146.07061,-9.7663731
146.29628,5.6172573
146.52212,31.675557
146.74814,16.141861
146.97433,-6.5289312
147.2007,-6.9877984
147.42724,6.8907492
147.65395,21.247888
147.88084,5.7463633
148.10791,-7.0961781
148.33515,-5.4209124
148.56256,6.8819641
148.79014,10.251667
149.0179,-2.9118032
149.24584,-7.6437411
149.47395,-0.8931662
149.70223,13.355608
149.93069,3.6859006
150.15932,-7.4899992
150.38812,-8.4701309
150.6171,-3.6466514
150.84626,1.8039689
151.07559,-5.3574858
151.30509,-10.723172
151.53476,-9.8303458
151.76461,-6.4044961
151.99464,-6.767192
152.22484,-10.377257
152.45521,-11.446456
152.68576,-9.6689062
152.91648,-5.4053923
153.14738,-9.0951299
153.37845,-12.81655
153.60969,-12.804948
153.84111,-6.6132631
154.0727,-2.3513006
154.30447,-9.9406289
154.53641,-11.051836
154.76852,15.789588
155.00081,42.120897
155.23328,34.514642
155.46591,24.633566
155.69872,39.011003
155.93171,41.325385
156.16487,41.984555
156.39821,40.415964
156.63171,38.572552
156.8654,40.164125
157.09925,41.222053
157.33328,40.805162
157.56749,40.38796
157.80187,39.884174
158.03642,39.552626
158.27115,39.134493
158.50605,38.71605
158.74113,38.297297
158.97638,37.611567
159.2118,37.45886
159.4474,36.443098
159.68318,35.06624
159.91912,34.669465
160.15524,34.27238
160.39154,34.118121
160.62801,32.504729
160.86465,21.314556
161.10147,7.4103466
161.33846,7.9215136
161.57563,12.746096
161.81297,-0.22571084
162.05049,-7.9115532
162.28818,0.025823602
162.52604,10.409949
162.76408,2.0800385
163.00229,-7.1992019
163.24067,-5.9062035
163.47923,13.198249
163.71797,12.529843
163.95688,3.9474004
164.19596,2.5724909
164.43522,7.5737417
164.67465,10.284486
164.91425,4.5557047
165.15403,-0.62436751
165.39398,1.9285833
165.63411,7.2733808
165.87441,0.021789445
166.11489,-3.9987396
166.35554,-0.89801032
166.59637,13.33182
166.83736,8.996635
167.07854,-6.2565077
167.31988,-8.4511373
167.5614,6.6053772
167.8031,12.218685
168.04497,-4.0582731
168.28701,-12.311771
168.52923,-4.8320056
168.77162,1.3300435
169.01419,-6.5785652
169.25693,-12.118616
169.49985,-5.6116775
169.74293,15.554015
169.9862,12.970618
170.22963,-11.001083
170.47325,-12.721874
170.71703,10.357266
170.96099,14.110846
171.20513,-7.2807416
171.44943,-16.688085
171.69392,-4.8327528
171.93857,2.7323138
172.1834,-9.6713166
172.42841,-14.537762
172.67359,0.085919791
172.91894,18.984042
173.16447,16.305623
173.41017,-10.419924
173.65605,-8.0161282
173.9021,16.795441
174.14832,17.75596
174.39472,2.5595467
174.64129,14.186593
174.88804,18.51161
175.13496,19.49538
175.38206,19.796728
175.62932,18.396045
175.87677,18.88549
176.12439,19.500354
176.37218,19.401424
176.62014,19.302424
176.86828,19.203355
177.1166,19.104216
177.36509,19.005007
177.61375,18.905729
177.86259,18.790695
178.1116,18.706964
178.36079,18.607478
178.61014,18.507922
178.85968,17.090649
179.10939,17.139973
179.35927,17.157855
179.60933,10.00704
179.85956,-6.2418832
180.10996,-5.6673468
180.36054,12.342414
180.61129,7.7089681
180.86222,-6.6500375
181.11332,-10.514995
181.3646,3.6827229
181.61605,1.8333126
181.86767,-8.3142066
182.11947,-8.6108148
182.37144,5.9944681
182.62359,14.191838
182.87591,15.047963
183.12841,15.566763
183.38108,16.383532
183.63392,16.502193
183.88694,16.401176
184.14013,16.30009
184.39349,16.198934
184.64703,16.097709
184.90075,15.996414
185.15464,15.89505
185.4087,15.793616
185.66294,15.692112
185.91735,15.590539
186.17193,15.488897
186.42669,15.387185
186.68163,15.285403
186.93673,15.183552
187.19202,15.081631
187.44747,14.979641
187.7031,14.877581
187.95891,14.775452
188.21489,14.673253
188.47104,14.123925
188.72737,12.782372
188.98387,13.24467
189.24054,12.295134
189.49739,11.839646
189.75442,13.525265
190.01162,13.955913
190.26899,13.853158
190.52654,12.895431
190.78426,12.988615
191.04215,13.544475
191.30022,13.441441
191.55846,13.338338
191.81688,12.960656
192.07547,13.131924
192.33424,12.683514
192.59318,11.929152
192.85229,11.739427
193.11158,11.824142
193.37104,11.736239
193.63068,10.001207
193.89049,6.7053211
194.15048,11.503483
194.41064,11.580008
194.67097,9.295678
194.93148,3.9995141
195.19216,9.0170061
195.45302,8.6226639
195.71405,4.8557031
195.97525,8.9082806
196.23663,10.866671
196.49818,10.793619
196.75991,9.1283409
197.02181,10.427699
197.28389,11.052478
197.54614,10.947775
197.80856,10.843003
198.07116,10.604828
198.33393,10.327368
198.59688,10.245917
198.86,8.9173373
199.12329,8.1612372
199.38676,9.7266361
199.6504,9.5586321
199.91422,8.9748723
200.17821,6.7361411
200.44238,8.9130265
200.70672,8.9800385
200.97123,8.4509025
201.23592,8.5177754
201.50078,8.8747748
201.76582,8.6826851
202.03103,8.4591533
202.29642,9.0512382
202.56198,8.9452143
202.82771,8.8391209
203.09362,8.732958
203.3597,8.6267255
203.62595,8.5204235
203.89238,8.4140519
204.15899,8.3076108
204.42577,8.2011001
204.69272,8.0945199
204.95985,7.9878702
205.22715,7.8811509
205.49462,7.7743621
205.76227,7.6675037
206.0301,7.5605757
206.2981,7.4535783
206.56627,7.3465113
206.83461,7.2393747
207.10313,7.1321686
207.37183,6.8758733
207.6407,5.8665674
207.90974,5.7905252
208.17896,5.7693154
208.44835,1.5676439
208.71791,0.37766763
208.98765,2.1052688
209.25757,-0.90445441
209.52766,-5.2946394
209.79792,-3.2456782
210.06836,0.5914488
210.33897,-2.5754154
210.60975,-6.1501922
210.88071,-2.1877837
211.15184,2.4255357
211.42315,-1.1494498
211.69463,-4.449995
211.96629,1.0572333
212.23812,3.1683137
212.51012,-1.9179671
212.7823,-2.2277297
213.05465,4.9527515
213.32718,5.3803393
213.59988,4.5452296
213.87276,-1.7172833
214.14581,3.8790751
214.41903,4.9892066
214.69243,2.3895819
214.966,0.13510301
215.23975,5.2296914
215.51367,5.2419746
215.78776,0.68175643
216.06203,4.6235468
216.33647,5.7104829
216.61109,5.7072706
216.88588,4.1982237
217.16085,4.0382441
217.43598,6.0743907
217.7113,5.8988203
217.98679,1.2840819
218.26245,4.3242931
218.53829,6.1174933
218.8143,5.0166235
219.09048,1.2020759
219.36684,6.3052231
219.64337,6.608418
219.92008,5.9077391
220.19696,6.4855392
220.47402,7.3378969
220.75125,7.4138317
221.02865,6.7447161
221.30623,6.9619228
221.58398,7.6419223
221.86191,7.7180479
222.14001,6.1550056
222.41828,7.8704423
222.69673,7.946711
222.97536,8.0230275
223.25415,7.9974309
223.53313,7.4777644
223.81227,8.2522632
224.09159,6.015045
224.37109,0.46022749
224.65076,7.7133008
224.9306,8.0644611
225.21061,8.298022
225.49081,8.7120227
225.77117,8.7888163
226.05171,8.8656576
226.33242,8.9425466
226.61331,9.0194833
226.89437,9.0964678
227.17561,9.1734999
227.45702,9.2505797
227.73861,9.3277073
228.02036,9.4048826
228.3023,9.4821056
228.5844,9.5593763
228.86669,9.6366947
229.14914,9.7140608
229.43177,9.7522589
229.71457,4.1591322
229.99755,-1.5986526
230.28071,1.9298847
230.56403,-8.2278047
230.84753,4.3439653
231.13121,10.25696
231.41506,10.311178
231.69908,1.0085813
231.98328,-1.5880853
232.26765,8.1917664
232.55219,0.050097212
232.83691,-10.954269
233.12181,-2.7115294
233.40688,-0.33965996
233.69212,-8.2815332
233.97754,-8.7959726
234.26313,0.015060959
234.54889,-0.81313834
234.83483,-7.649198
235.12095,-4.2029218
235.40723,5.0237292
235.69369,0.4072259
235.98033,-5.2053731
236.26714,1.0486774
236.55413,5.3497696
236.84128,-0.28641038
237.12862,-0.78535261
237.41612,5.0686291
237.70381,0.49906429
237.99166,-2.258753
238.27969,8.3559615
238.56789,10.264776
238.85627,8.448084
239.14482,0.29411946
239.43355,7.6303338
239.72245,7.4292761
240.01153,1.0713384
240.30077,8.1329914
240.5902,10.065215
240.87979,9.8013439
241.16957,9.5452983
241.45951,9.9794316
241.74963,9.9508025
242.03993,9.6633328
242.33039,9.8934929
242.62104,9.8648123
242.91185,9.8361145
243.20284,9.8073996
243.49401,9.7786674
243.78535,9.7499181
244.07686,9.7211515
244.36855,9.6923678
244.66041,9.6635669
244.95245,9.6347488
245.24466,7.692188
245.53704,9.2084336
245.8296,9.5481913
246.12233,9.4408731
246.41524,5.5688318
246.70832,9.1006949
247.00158,9.4325408
247.295,9.0820165
247.58861,7.2726516
247.88239,8.9534655
248.17634,9.0028897
248.47046,9.0209242
248.76476,9.2585493
249.05924,9.2294905
249.35389,9.2004146
249.64871,9.1713215
249.94371,9.1422111
250.23888,9.1130836
250.53422,9.0839389
250.82974,9.0547771
251.12544,9.025598
251.42131,8.9964017
251.71735,6.7632667
252.01356,-6.4581208
252.30996,-1.9148196
252.60652,-10.728398
252.90326,-11.83219
253.20017,-4.4810976
253.49726,-6.3378651
253.79452,-10.782885
254.09196,-7.9730205
254.38957,-5.5396435
254.68735,-9.1690288
254.98531,-6.0062745
255.28344,5.1134371
255.58175,3.707662
255.88023,-4.8353645
256.17888,2.9667106
256.47771,8.3452597
256.77672,8.1944005
257.0759,6.9690351
257.37525,8.4417124
257.67477,8.3849814
257.97447,4.3125676
258.27435,8.1381965
258.5744,8.481476
258.87462,7.1071119
259.17502,4.7915749
259.47559,8.4760414
259.77633,8.544825
260.07725,8.143024
260.37835,3.6314225
260.67961,8.5002167
260.98106,6.3180339
261.28267,1.9633057
261.58446,8.0399535
261.88643,8.0852322
262.18857,4.7344361
262.49088,8.3483493
262.79337,8.6446189
263.09603,8.6820685
263.39886,8.8136392
263.70187,8.8197233
264.00506,8.8258108
264.30842,8.8319019
264.61195,8.8379964
264.91565,8.8440944
265.21954,8.850196
265.52359,8.856301
265.82782,8.8624095
266.13222,8.8685216
266.4368,8.8746371
266.74155,8.8807561
267.04648,8.8868786
267.35158,8.8930047
267.65685,8.8991342
267.9623,8.9052672
268.26792,8.9114037
268.57372,8.9175437
268.87969,4.053099
269.18584,5.4553244
269.49216,-1.9816623
269.79865,-6.6029593
270.10532,-0.1262136
270.41216,-1.4690722
270.71917,-2.8668293
271.02637,6.872672
271.33373,8.1180592
271.64127,3.6771754
271.94898,5.7068832
272.25687,8.9914966
272.56493,8.9976821
272.87316,8.3058318
273.18157,8.7120243
273.49016,8.9535144
273.79892,6.7636354
274.10785,7.091407
274.41696,8.7054566
274.72624,8.3665685
275.03569,5.800233
275.34532,7.1554695
275.65512,6.1420821
275.9651,2.9247767
276.27525,7.5113963
276.58558,9.0078233
276.89608,8.8415087
277.20675,3.1065702
277.5176,4.681439
277.82862,4.005331
278.13982,-0.85900877
278.45119,1.8688118
278.76273,1.977028
279.07445,-3.1461249
279.38635,1.5189611
279.69841,7.8703251
280.01066,4.8491435
280.32307,-1.050466
280.63566,2.4538497
280.94843,1.338561
281.26137,-1.5571164
281.57448,6.5589744
281.88777,9.0123236
282.20123,6.6107744
282.51486,2.1307973
282.82867,6.011608
283.14265,3.7277163
283.45681,5.3653967
283.77114,8.9873944
284.08565,8.6721406
284.40033,9.0000276
284.71519,9.2416436
285.03021,8.9577729
285.34542,7.9523371
285.6608,9.2606302
285.97635,9.2669661
286.29207,9.2733055
286.60797,9.091413
286.92405,9.2859947
287.24029,9.2923445
287.55672,3.7692861
287.87331,7.5795645
288.19008,9.1074935
288.50703,1.7099358
288.82415,-2.2758537
289.14144,4.6560073
289.45891,0.8192444
289.77655,-0.93124051
290.09437,3.9771016
290.41236,2.0540747
290.73052,-0.43365464
291.04886,5.5335215
291.36737,7.9007011
291.68606,5.1698451
292.00492,8.8546787
292.32395,9.3003002
292.64316,6.3969056
292.96255,6.3170439
293.2821,9.0920877
293.60184,7.9769389
293.92174,9.1049308
294.24182,9.4329262
294.56208,9.2981801
294.88251,9.1634374
295.20311,9.4522276
295.52389,9.4586684
295.84484,9.3004068
296.16596,9.4715605
296.48726,9.4780118
296.80874,9.4060352
297.13038,9.1458268
297.45221,9.4973866
297.7742,8.6646362
298.09637,-0.43477739
298.41872,4.4658125
298.74124,6.4095432
299.06393,0.4866107
299.3868,2.1872111
299.70984,4.4525209
300.03305,0.89822633
300.35644,6.3478568
300.68001,9.5621967
301.00375,9.1059519
301.32766,6.5163772
301.65174,9.581708
301.97601,9.3607677
302.30044,7.5319878
302.62505,9.4757605
302.94983,9.6077719
303.27479,9.3005712
303.59992,9.4482759
303.92523,9.6273566
304.25071,9.3201663
304.57636,6.9580776
304.90219,8.5332473
305.22819,7.7084204
305.55437,9.4953618
305.88072,9.6666204
306.20725,9.4378825
306.53395,8.9973834
306.86082,9.2862995
307.18787,9.4811015
307.51509,9.2523776
307.84249,9.3060101
308.17006,9.579254
308.4978,9.3662268
308.82572,9.2316345
309.15381,9.3244967
309.48208,9.3781467
309.81052,9.5729767
310.13914,9.7521239
310.46793,9.4763726
310.79689,9.6241543
311.12603,9.7719394
311.45534,9.7785516
311.78483,9.7851673
312.11449,9.7917864
312.44432,9.7984091
312.77433,9.8050352
313.10452,9.8116649
313.43487,9.818298
313.7654,9.8249347
314.09611,9.8315748
314.42699,9.8382185
314.75804,9.8448656
315.08927,9.8515163
315.42068,9.8581704
315.75225,9.864828
316.084,9.8714892
316.41593,9.7212911
316.74803,1.2573709
317.0803,-9.2614476
317.41275,1.6785608
317.74537,3.8264159
318.07817,-7.4531765
318.41114,-8.1504254
318.74428,-4.832
319.0776,-10.556724
319.41109,-11.246165
319.74476,-8.8689521
320.0786,-10.860378
320.41262,-7.3929927
320.74681,-3.8707171
321.08117,-7.587669
321.41571,-3.4065937
321.75042,5.6921168
322.08531,0.053560482
322.42037,-2.2987332
322.7556,6.1019024
323.09101,4.2829182
323.42659,-0.25764642
323.76235,6.8096201
324.09828,7.1709925
324.43439,2.6852941
324.77067,4.9133093
325.10712,2.4119008
325.44375,1.4712648
325.78055,9.3619894
326.11753,9.362506
326.45468,9.033599
326.792,9.0262487
327.1295,9.2541806
327.46718,9.1370026
327.80502,9.2472637
328.14305,9.1222188
328.48124,9.0755933
328.81961,9.1779756
329.15816,9.1548557
329.49687,9.131724
329.83577,9.1085804
330.17483,9.0854249
330.51407,9.0622575
330.85349,8.403784
331.19308,8.7805928
331.53284,8.1926838
331.87278,7.9184884
332.21289,8.9462419
332.55318,8.7033953
332.89364,0.02132107
333.23427,6.6411957
333.57508,4.7669409
333.91607,-2.6288945
334.25722,2.367415
334.59855,2.0617519
334.94006,5.2619593
335.28174,8.7366645
335.62359,8.7133187
335.96562,8.4232943
336.30782,8.6665913
336.6502,8.6432098
336.99275,8.4237379
337.33548,8.596411
337.67837,8.4004447
338.02145,8.3613293
338.36469,8.5261236
338.70812,8.5026707
339.05171,8.3223432
339.39548,8.4557292
339.73943,8.4322406
340.08354,8.4087401
340.42784,8.3852277
340.7723,8.3617034
341.11694,8.0715006
341.46176,5.7420701
341.80675,7.7185102
342.15191,5.9929775
342.49725,8.1340996
342.84276,8.2203079
343.18845,5.7261121
343.53431,-1.4269191
343.88034,2.4710181
344.22655,-3.1604682
344.57293,6.839406
344.91949,7.8588762
345.26622,0.22735417
345.61313,-4.0081014
345.96021,3.4662351
346.30746,-0.024146155
346.65489,-0.008656984
347.00249,1.6225066
347.35027,3.2928739
347.69822,7.8887195
348.04634,7.8649455
348.39464,7.5039046
348.74311,6.7977537
349.09176,7.7151204
349.44058,4.2716909
349.78958,-3.1560643
350.13875,2.6632275
350.48809,-1.2900416
350.83761,-3.4864599
351.1873,0.5837766
351.53717,0.17556982
351.88721,7.4457825
352.23742,7.5787284
352.58781,7.343035
352.93838,7.3504669
353.28911,7.5069065
353.64003,7.4829421
353.99111,7.4589658
354.34237,7.4349775
354.69381,7.4109774
355.04541,7.3869654
355.3972,7.3629415
355.74915,7.3389057
356.10128,7.314858
356.45359,7.2907984
356.80607,7.2667269
357.15872,7.2426435
357.51155,7.2185482
357.86455,7.1944411
358.21773,6.9193416
358.57108,7.146191
358.9246,6.9338129
359.2783,6.5724032
359.63217,6.3913738
359.98622,3.9671953
360.34044,-6.276603
360.69484,-1.7439426
361.04941,-10.489725
361.40415,-11.760467
361.75907,-2.4586641
362.11416,-6.5451001
362.46943,-6.9844812
362.82487,-2.6238662
363.18048,-8.9063924
363.53627,-7.4320597
363.89224,-2.7028291
364.24837,-6.2010533
364.60468,0.48895382
364.96117,5.006408
365.31783,3.0375837
365.67466,4.9981673
366.03167,5.0214921
366.38885,6.0173619
366.74621,6.7622474
367.10374,6.3463447
367.46145,5.9304381
367.81933,6.6988412
368.17738,6.4241032
368.53561,3.8121064
368.89401,4.2040271
369.25259,3.395944
369.61134,-3.1690058
369.97026,1.497413
370.32936,-0.54205446
370.68863,1.1125918
371.04808,6.4535086
371.4077,5.5826568
371.76749,-0.80976752
372.12746,3.5193728
372.48761,2.6641955
372.84793,6.2560731
373.20842,6.3812801
373.56908,6.2555028
373.92992,6.0826627
374.29094,6.4117795
374.65213,6.4506963
375.01349,6.6621582
375.37503,6.6540083
375.73674,6.4811486
376.09862,6.6376968
376.46068,6.6295351
376.82292,6.2292126
377.18533,6.4641804
377.54791,6.6050265
377.91067,6.1027315
378.2736,5.4827855
378.6367,5.5922473
378.99998,5.9134699
379.36343,6.1954729
379.72706,6.1323739
380.09086,4.4300554
380.45484,6.0453799
380.81899,5.2057986
381.18331,5.6995466
381.54781,6.2403496
381.91248,6.1301682
382.27733,6.0513555
382.64235,6.4744996
383.00755,6.3015614
383.37292,6.2227369
383.73846,6.4654771
384.10418,6.4180173
384.47007,6.4489849
384.83613,6.4407329
385.20237,6.0795358
385.56879,6.4006878
385.93538,6.4159534
386.30214,5.9292543
386.66908,5.5601984
387.03619,5.4891778
387.40347,4.6103101
387.77093,4.7039875
388.13857,3.0564845
388.50638,-1.3361205
388.87436,1.7771529
389.24251,-0.30957755
389.61084,2.4821194
389.97935,5.2973419
390.34803,5.06158
390.71688,4.9513044
391.08591,6.1429857
391.45511,5.7660356
391.82449,5.9459443
392.19404,6.2748687
392.56376,6.0704558
392.93366,5.7170194
393.30373,5.9047555
393.67398,6.1317034
394.0444,6.2331572
394.41499,6.2248031
394.78576,6.1537
395.1567,6.2080832
395.52782,6.121286
395.89911,5.3991907
396.27058,5.8849346
396.64222,5.4844001
397.01403,4.9662147
397.38602,5.4833194
397.75819,5.647479
398.13052,5.9606543
398.50303,6.0855903
398.87572,5.5438558
399.24858,5.5746664
399.62161,5.7388063
399.99482,5.7931385
400.3682,6.0592314
400.74176,6.0821831
401.11549,6.0737583
401.48939,6.0574865
401.86347,6.056897
402.23772,6.0484605
402.61215,6.04002
402.98675,6.0315757
403.36153,6.0231273
403.73648,6.0146751
404.1116,6.0062189
404.4869,5.9977588
404.86237,5.9892948
405.23802,5.9808269
405.61384,5.972355
405.98983,5.9638792
406.366,5.9553995
406.74235,5.9469158
407.11886,5.640389
407.49556,4.8318975
407.87242,1.2390884
408.24946,-0.18901884
408.62668,0.17110532
409.00406,4.6096569
409.38163,2.7109497
409.75936,0.89066995
410.13727,1.9801902
410.51536,-3.4793131
410.89362,-5.3623498
411.27205,-5.2767629
411.65066,-6.3754937
412.02944,-0.70560095
412.4084,0.93291532
412.78753,0.68907473
413.16683,3.7001322
413.54631,-1.6574418
413.92596,-5.4463922
414.30579,-3.9647583
414.68579,-6.0909715
415.06597,-0.86032582
415.44632,4.3938453
415.82684,3.3186008
416.20754,-0.36841244
416.58841,2.7288842
416.96946,5.7163729
417.35068,5.7077793
417.73207,5.2991818
418.11364,5.3690117
418.49538,5.5407985
418.8773,5.2655225
419.25939,5.3274975
419.64166,5.2718216
420.0241,5.1847691
420.40671,5.4741833
420.7895,5.2930053
421.17246,5.315745
421.5556,5.291422
421.93891,5.3376832
422.32239,5.5957052
422.70605,5.5870567
423.08989,5.3195806
423.47389,5.5697477
423.85808,5.5218717
424.24243,5.5288937
424.62696,5.5437549
425.01167,5.3233181
425.39654,5.5264067
425.7816,5.5177267
426.16682,5.2580624
426.55222,5.2493746
426.9378,5.2171534
427.32355,5.0045362
427.70947,5.1683856
428.09557,3.9988977
428.48184,-3.3666725
428.86829,-4.5910702
429.25491,-8.858609
429.6417,-7.9026224
430.02867,-5.4329142
430.41582,-10.335759
430.80313,-10.626843
431.19062,-10.329696
431.57829,-11.844317
431.96613,-7.8373733
432.35414,-8.3167083
432.74233,-9.1411452
433.13069,-6.6008802
433.51923,-5.8566975
433.90794,-1.06546
434.29682,0.58851875
434.68588,1.4895524
435.07512,4.727837
435.46452,4.726902
435.85411,4.7076123
436.24386,5.1432441
436.63379,4.9985032
437.0239,5.3792719
437.41417,5.2737854
437.80463,5.2702793
438.19525,5.6040474
438.58605,5.6476389
438.97703,5.6363479
439.36818,5.7348802
439.7595,5.3628437
440.151,5.4065129
440.54267,5.5835349
440.93452,5.4546939
441.32654,5.7886175
441.71873,5.691188
442.1111,5.5310327
442.50364,5.7316813
442.89636,5.2421532
443.28925,2.1722523
443.68232,3.4788415
444.07556,3.5854501
444.46897,5.8018821
444.86256,5.6183335
445.25632,2.6112749
445.65026,3.4395298
446.04437,5.114863
446.43865,6.1392353
446.83311,6.0969603
447.22774,5.8743125
447.62255,6.153645
448.01753,6.378095
448.41269,6.5398193
448.80802,6.5447003
449.20352,6.3221497
449.5992,6.3819715
449.99505,6.4261265
450.39108,6.3369675
450.78728,6.8517496
451.18365,6.5900804
451.5802,3.9049014
451.97693,5.6903299
452.37382,1.365974
452.77089,-1.2014997
453.16814,0.10555575
453.56556,-1.7246242
453.96315,2.8452152
454.36092,0.13664272
454.75887,-0.85426329
455.15698,2.2724972
455.55527,-0.98503662
455.95374,3.6084294
456.35238,4.6568168
456.75119,2.528753
457.15018,5.6085518
457.54934,1.9668014
457.94868,-1.0788511
458.34819,0.56571189
458.74787,0.28088253
459.14773,4.8117589
459.54776,2.9348115
459.94797,-0.20486151
460.34835,2.8515633
460.74891,3.649184
461.14964,7.4899615
461.55054,7.6836995
461.95162,7.367653
462.35287,7.5222142
462.7543,7.6454223
463.1559,7.8235518
463.55767,7.9154261
463.95962,7.8661435
464.36174,8.2874685
464.76404,8.1048914
465.16651,8.4086082
465.56916,8.6574425
465.97198,8.4592374
466.37497,8.7473262
466.77814,8.7922972
467.18148,8.8372876
467.585,8.8822975
467.98869,8.9273268
468.39256,8.9723755
468.79659,9.0174436
469.20081,9.0625312
469.6052,9.1076382
470.00976,9.1527647
470.41449,9.1979105
470.8194,9.2430758
471.22449,9.2882606
471.62975,9.3334647
472.03518,9.3786883
472.44079,8.835696
472.84657,9.0142918
473.25252,0.4948678
473.65865,-6.2049289
474.06496,-6.0811768
474.47143,-9.6672092
474.87809,-10.217928
475.28491,-10.635294
475.69191,-8.8004184
476.09909,-2.1185008
476.50644,-4.4013061
476.91396,-6.1900106
477.32166,-4.2846145
477.72953,-5.4537452
478.13757,-0.50524572
478.54579,-0.90578284
478.95419,-1.5102585
479.36275,0.28524888
479.7715,-0.14671169
480.18041,5.4213108
480.5895,4.7618653
480.99877,3.8906382
481.40821,7.2468451
481.81782,7.6383291
482.22761,8.6415609
482.63757,8.5545796
483.04771,8.6244441
483.45802,8.709978
483.8685,8.7798086
484.27916,8.8653085
484.68999,8.8253012
485.101,8.4793946
485.51218,8.525628
485.92353,8.2502757
486.33506,8.406279
486.74677,7.6603046
487.15864,2.8515681
487.5707,2.8898735
487.98292,6.4105149
488.39532,8.2840805
488.8079,8.0242957
489.22064,6.8782195
489.63357,7.4654597
490.04666,7.7938594
490.45994,7.8712617
490.87338,7.713353
491.287,7.6417018
491.70079,7.4837591
492.11476,7.5924661
492.5289,7.8109601
492.94322,7.5274764
493.35771,7.3537796
493.77238,7.3839874
494.18722,7.3279037
494.60223,7.5384697
495.01742,7.4039208
495.43278,7.1360215
495.84831,6.5935955
496.26402,6.5923289
496.67991,3.4851631
497.09596,3.389745
497.5122,0.21195702
497.9286,-2.5972205
498.34518,-3.3671993
498.76194,-4.4273911
499.17887,-1.5738744
499.59597,-1.9517472
500.01325,1.842912
500.4307,0.86108374
500.84833,-2.0658596
501.26613,-0.028113956
501.6841,-2.6962677
502.10225,-1.058556
502.52057,-1.0757632
502.93907,-2.5753403
503.35774,0.12114399
503.77659,-1.2372906
504.1956,1.6160225
504.6148,2.6026521
505.03417,2.7500489
505.45371,5.4935073
505.87342,4.7859683
506.29331,5.9293927
506.71338,6.1865256
507.13362,6.2789357
507.55403,6.1438779
507.97462,6.0401756
508.39538,6.3913584
508.81631,5.9582104
509.23742,5.783869
509.65871,5.9310793
510.08017,5.6469001
510.5018,5.5823117
510.92361,5.6510397
511.34559,5.9550449
511.76774,5.8041312
512.19007,5.3473181
512.61257,5.3297038
513.03525,5.3905039
513.4581,5.3493262
513.88113,5.2924453
514.30433,5.0473121
514.7277,3.1315737
515.15125,-0.76849533
515.57497,-3.617601
515.99887,-4.1451549
516.42294,-7.198216
516.84719,-4.9336471
517.2716,-6.0435431
517.6962,-5.9377449
518.12097,-4.0437034
518.54591,-4.2359284
518.97102,0.5208742
519.39631,-1.4438838
519.82178,-3.1262808
520.24742,-1.5380816
520.67323,0.057968714
521.09922,3.7167722
521.52538,2.3951915
521.95171,4.3912659
522.37822,5.1951914
522.80491,4.6814779
523.23176,5.2736547
523.6588,5.3481925
524.086,5.407052
524.51338,5.4031744
524.94094,5.5326382
525.36867,6.0856394
525.79657,5.7523741
526.22465,5.5681364
526.6529,5.4937107
527.08132,5.5761557
527.50992,5.4390008
527.9387,5.2234227
528.36765,5.666676
528.79677,5.4668001
529.22606,5.196344
529.65553,4.76119
530.08518,4.7887891
530.515,5.5065923
530.94499,4.6322466
531.37516,4.2912423
531.8055,4.0914225
532.23602,2.0014146
532.66671,4.0604343
533.09757,2.8488738
533.52861,4.7981056
533.95982,5.5395023
534.39121,5.9279658
534.82277,6.0183981
535.25451,5.8657012
535.68641,5.9483063
536.1185,5.8818999
536.55076,5.956678
536.98319,5.9922484
537.41579,5.4631209
537.84857,5.0908642
538.28153,2.5852822
538.71466,1.4522572
539.14796,-0.8493873
539.58144,-4.2804355
540.01509,-1.0761816
540.44891,-4.5229001
540.88291,-6.0872576
541.31709,-5.7692541
541.75144,-2.6277133
542.18596,0.27069832
542.62065,-1.6465683
543.05552,1.7381338
543.49057,-0.8693129
543.92579,-1.4610653
544.36118,0.23738632
544.79675,2.4142774
545.23249,4.5284313
545.66841,5.199456
546.1045,6.5371554
546.54076,6.4238824
546.9772,6.2243429
547.41381,6.3071644
547.8506,6.4135232
548.28756,6.5277332
548.72469,6.4066572
549.162,6.3797067
549.59949,6.4390388
550.03714,6.5375946
550.47498,6.6989035
550.91298,6.6327694
551.35116,6.6529178
551.78952,6.6730743
552.22804,6.6697093
552.66675,6.7839995
553.10562,7.3453564
553.54468,7.3812312
553.9839,6.9935845
554.4233,7.1706518
554.86287,7.2143937
555.30262,6.9522613
555.74254,6.7920977
556.18264,6.2554715
556.62291,4.0953239
557.06335,0.66459603
557.50397,-0.44455517
557.94477,-1.1144827
558.38573,-7.60401
558.82688,-6.132745
559.26819,-6.0810798
559.70968,0.99804431
560.15134,0.59482353
560.59318,-3.100104
561.03519,-2.7009234
561.47738,-4.5762622
561.91974,1.415056
562.36228,-0.28775303
562.80499,-0.30429713
563.24787,-1.2777136
563.69093,-4.7060416
564.13416,-2.5500654
564.57756,-1.711746
565.02114,2.9540149
565.4649,1.1727074
565.90883,0.1678608
566.35293,1.5002595
566.79721,-0.061468952
567.24166,2.3375773
567.68628,1.3405355
568.13108,4.9944645
568.57606,6.1464231
569.0212,6.3885682
569.46652,6.309135
569.91202,6.1826335
570.35769,6.1816125
570.80354,5.4433271
571.24955,4.8618948
571.69575,4.4922176
572.14211,5.8009622
572.58866,6.1449913
573.03537,6.1046971
573.48226,6.276158
573.92932,6.1887858
574.37656,6.2504236
574.82397,6.1630322
575.27156,6.177592
575.71932,6.0195931
576.16726,6.0576631
576.61536,6.0800373
577.06365,5.9376959
577.5121,6.1169136
577.96074,5.684357
578.40954,4.7655163
578.85852,4.2152934
579.30768,3.1631001
579.757,5.06776
580.20651,3.8900574
580.65618,3.9829334
581.10603,5.1032508
581.55606,5.5725782
582.00626,5.7360137
582.45663,5.5935572
582.90718,5.1295225
583.3579,3.402733
583.8088,1.7229929
584.25987,-0.99989417
584.71111,-3.048281
585.16253,-2.7045205
585.61412,-4.3999854
586.06589,-2.103303
586.51783,-2.5752576
586.96995,4.2076802
587.42224,4.6455103
587.8747,3.8284289
588.32734,3.364279
588.78015,1.096198
589.23313,2.177127
589.6863,0.01098752
590.13963,1.8291522
590.59314,1.6551505
591.04682,3.8262371
591.50068,4.2639809
591.95471,3.83897
592.40892,4.7002239
592.86329,5.3653899
593.31785,5.787409
593.77258,5.1741244
594.22748,5.2274968
594.68256,5.0926244
595.13781,4.6989188
595.59323,4.5012821
596.04883,4.6644201
596.5046,4.7648034
596.96055,4.7004712
597.41667,4.6518157
597.87297,4.681582
598.32944,4.6172211
598.78608,4.5920662
599.2429,4.755137
599.69989,4.7142767
600.15706,4.4616421
600.6144,4.4678214
601.07192,4.5994813
601.52961,4.6605433
601.98747,4.5098311
602.44551,4.2414622
602.90372,3.9417112
603.3621,0.61449956
603.82066,-0.061741251
604.2794,-2.0948544
604.73831,0.66417971
605.19739,1.0859493
605.65665,2.8410427
606.11608,3.9137735
606.57568,4.1315928
607.03546,4.208226
607.49542,3.9868104
607.95554,4.1104832
608.41585,3.5753229
608.87632,1.7617216
609.33697,-1.0401245
609.7978,-2.453745
610.2588,-2.5105123
610.71997,-4.5045441
611.18132,-1.5260365
611.64284,-3.7083228
612.10453,-2.0945402
612.5664,-1.9239045
613.02845,2.9447608
613.49067,3.7663577
613.95306,3.8350038
614.41563,4.4134443
614.87837,3.8232477
615.34128,3.2801003
615.80437,2.485963
616.26763,3.0565219
616.73107,3.611385
617.19468,3.7270228
617.65847,3.4818667
618.12243,3.5190539
618.58656,3.7209374
619.05087,3.4757525
619.51535,3.4658521
619.98001,3.6598637
620.44484,4.2068068
620.90985,3.8125639
621.37503,3.6692918
621.84038,3.3926768
622.30591,2.4415424
622.77161,0.06294736
623.23749,0.87649962
623.70354,3.0939639
624.16976,2.597693
624.63616,2.8621969
625.10273,3.0953186
625.56948,3.6343131
626.0364,3.3654548
626.5035,3.2220772
626.97077,3.1100625
627.43821,2.9666656
627.90583,3.042867
628.37362,1.9818039
628.84159,-0.76073238
629.30973,-4.9307187
629.77804,-7.5634492
630.24653,-8.0942179
630.71519,-8.2877308
631.18403,-4.8184976
631.65304,-3.435538
632.12223,-0.11532255
632.59159,-0.4107924
633.06112,2.4466799
633.53083,2.6061139
634.00071,1.6596665
634.47077,1.0191024
634.941,1.272657
635.41141,1.1889575
635.88199,1.6307493
636.35274,2.6999929
636.82367,2.6790415
637.29477,2.9639733
637.76604,2.3940041
638.23749,1.369134
638.70912,-0.62828428
639.18092,-0.79825058
639.65289,-1.030961
640.12504,-1.4440627
640.59736,-0.94735947
641.06985,-3.3604592
641.54252,-2.9264992
642.01537,-2.2650872
642.48838,0.20809041
642.96158,0.06950428
643.43494,2.840723
643.90848,2.9295898
644.3822,3.0263006
644.85609,2.9504634
645.33015,2.5765879
645.80439,2.4536938
646.2788,2.981781
646.75338,3.1883006
647.22814,2.8614877
647.70308,2.7778131
648.17819,2.9764924
648.65347,3.2065451
649.12892,3.2013047
649.60456,2.9764574
650.08036,1.9986699
650.55634,-0.2340186
651.03249,-1.8627846
651.50882,-6.1268438
651.98532,-6.6418824
652.462,-8.5700115
652.93885,-6.4040254
653.41587,-5.1478457
653.89307,-3.4524526
654.37044,-2.5256894
654.84799,2.0010714
655.32571,3.2886141
655.80361,2.4820367
656.28168,1.2205551
656.75992,1.0649533
657.23834,2.1956237
657.71693,1.8282525
658.19569,1.923624
658.67463,2.0660518
659.15375,2.9849479
659.63304,2.8685475
660.1125,3.0344976
660.59214,3.3102493
661.07195,3.0526652
661.55193,2.8499806
662.03209,2.090431
662.51243,2.1779377
662.99294,2.5399519
663.47362,2.7137284
663.95447,1.9620122
664.43551,2.1671565
664.91671,2.2703375
665.39809,2.4597907
665.87964,2.0296336
666.36137,0.54849372
666.84327,-1.1208838
667.32535,0.42542247
667.8076,0.46584403
668.29002,-2.2388348
668.77262,-3.2493985
669.25539,-3.8834939
669.73834,-0.70582703
670.22146,-0.86933903
670.70475,0.42597011
671.18822,-0.28656628
671.67187,1.1263851
672.15568,2.4138439
672.63968,3.4424768
673.12384,3.710323
673.60818,3.3350295
674.0927,2.5754199
674.57738,0.74914123
675.06225,-0.77125748
675.54728,-1.3818547
676.0325,0.28989868
676.51788,-0.7834484
677.00344,0.91182958
677.48917,2.481615
677.97508,2.8043391
678.46116,2.6878452
678.94742,2.5399763
679.43385,2.2352423
679.92045,1.2167804
680.40723,-0.30364468
680.89419,-1.3613271
681.38131,-1.0621491
681.86861,0.69584999
682.35609,2.2342389
682.84374,2.2432135
683.33156,2.1815976
683.81956,2.104293
684.30773,2.3799272
684.79608,2.0045785
685.2846,2.1625609
685.7733,2.4774035
686.26217,2.8471457
686.75121,3.0208071
687.24043,2.7003485
687.72982,2.6073384
688.21938,2.4045221
688.70912,2.0918994
689.19904,1.5204507
689.68913,1.7176271
690.17939,2.4324482
690.66983,2.4962865
691.16044,2.5130636
691.65122,2.5063089
692.14218,2.9309243
692.63331,3.2614197
693.12462,2.5566185
693.6161,2.424364
694.10776,2.2764208
694.59959,0.3323968
695.09159,-0.92927668
695.58377,0.67963568
696.07613,1.4807025
696.56865,-0.47117424
697.06135,-0.95638671
697.55423,-2.2965035
698.04728,-2.5228973
698.5405,-3.3610581
699.0339,-2.3560841
699.52747,-3.3432694
700.02122,-2.7932021
700.51514,-1.9843137
701.00923,0.51865504
701.5035,-0.19405381
701.99795,0.66971658
702.49256,0.60800542
702.98736,1.7384598
703.48232,1.9591188
703.97746,2.148414
704.47277,2.5651688
704.96826,2.5897754
705.46393,2.6771358
705.95976,2.7645048
706.45577,2.9224707
706.95196,2.7745629
707.44832,2.814899
707.94485,2.7768124
708.44156,2.2759894
708.93844,2.8810573
709.4355,3.1802516
709.93273,3.0794545
710.43013,2.4767053
710.92771,1.1131804
711.42546,0.42417395
711.92339,-0.7197258
712.42149,-0.44400905
712.91976,-0.32514639
713.41821,0.5074504
713.91684,1.3243696
714.41563,0.90992485
714.91461,0.50333191
715.41375,0.28498292
715.91307,0.99997591
716.41257,1.4247815
716.91224,1.1358702
717.41208,0.14892835
717.9121,0.70709319
718.41229,-0.29551762
718.91265,0.035213542
719.41319,-0.30855645
719.91391,0.50846653
720.4148,0.50196875
720.91586,0.89547961
721.41709,1.226254
721.9185,1.7844881
722.42009,1.7231229
722.92185,2.9872566
723.42378,3.2945363
723.92589,3.3194716
724.42817,3.0463763
724.93063,2.8595642
725.43326,2.6649177
725.93606,2.9957699
726.43904,3.2717289
726.94219,3.5241671
727.44552,3.4236728
727.94902,3.4094616
728.45269,3.787416
728.95654,3.8673397
729.46057,3.7433506
729.96476,3.6821152
730.46914,3.7385355
730.97368,3.5282978
731.4784,3.8278727
731.9833,3.9078484
732.48837,4.1368524
732.99361,3.910963
733.49902,3.7791999
734.00462,3.9219553
734.51038,3.8372684
735.01632,3.6820018
735.52243,3.4561557
736.02872,3.3636516
736.53518,3.5299796
737.04182,3.5865124
737.54863,3.7293284
738.05562,3.5976431
738.56277,3.6149862
739.07011,3.7107693
739.57762,4.096757
740.0853,4.2709888
740.59315,4.1158174
741.10118,3.976341
741.60939,4.0486379
742.11776,3.8150611
742.62632,4.1148263
743.13504,4.0773452
743.64394,4.2673238
744.15302,4.4886835
744.66227,4.5218167
745.17169,4.5392722
745.68129,4.5253638
746.19106,4.6447973
746.70101,4.505416
747.21113,4.5385924
747.72142,4.5404049
748.23189,4.6520299
748.74253,4.6381734
749.25335,4.5615805
749.76434,4.5634276
750.2755,4.7221461
750.78684,4.755383
751.29836,4.8827462
751.81005,4.8767848
752.32191,4.9414202
752.83394,4.9668486
753.34615,4.9765993
753.85854,4.9628294
754.3711,5.0588719
754.88383,4.9353153
755.39674,4.6862772
755.90982,4.3039143
756.42307,4.1568542
756.9365,4.2372538
757.45011,4.5921718
757.96388,4.35102
758.47784,4.345171
758.99196,3.6648209
759.50626,3.7217343
760.02074,3.8335583
760.53539,3.9532341
761.05021,3.6180166
761.56521,3.5965332
762.08038,4.0221173
762.59573,4.1810434
763.11125,4.4340958
763.62694,5.1185294
764.14281,5.3166971
764.65885,5.4442852
765.17507,5.3679604
765.69146,5.3622325
766.20802,5.2937682
766.72476,5.2645282
767.24168,5.2980419
767.75876,5.7001918
768.27602,5.6003895
768.79346,5.5398115
769.31107,5.5263011
769.82886,5.6461326
770.34681,5.5620511
770.86495,5.4701352
771.38325,5.5664633
771.90173,5.8039765
772.42039,5.6650277
772.93922,5.7770679
773.45822,5.6538228
773.9774,5.687449
774.49675,5.901476
775.01628,5.8253155
775.53598,5.4824971
776.05585,5.7357657
776.5759,5.9341411
777.09613,5.8031133
777.61652,5.6171922
778.13709,5.6352013
778.65784,5.8492975
779.17876,5.8202651
779.69985,5.6265355
780.22112,5.6602655
780.74256,5.6155728
781.26418,5.9630456
781.78597,6.0595466
782.30794,5.7560563
782.83008,5.8996335
783.35239,6.2471409
783.87488,6.1005393
784.39754,5.820613
784.92037,5.8857934
785.44338,5.9352962
785.96657,5.945592
786.48993,5.9558964
787.01346,6.1622878
787.53717,6.4079037
788.06105,6.5123517
788.5851,6.5697495
789.10933,6.3683324
789.63373,6.6296691
790.15831,6.5537596
790.68306,6.611192
791.20799,6.6921625
791.73309,6.7496122
792.25836,6.8776588
792.78381,6.7312043
793.30944,6.8122093
793.83523,6.8775368
794.3612,6.6840494
794.88735,6.6160608
795.41367,6.6421986
795.94016,6.7546194
796.46683,6.8827353
796.99367,6.8932127
797.52069,6.9272281
798.04788,7.063213
798.57525,7.3795987
799.10278,7.2646206
799.6305,7.1261216
800.15838,7.144494
800.68645,7.2334634
801.21468,7.24401
801.74309,7.011428
802.27168,7.0141488
802.80043,6.94629
803.32937,6.8392241
803.85847,6.3792257
804.38775,6.2564909
804.91721,6.3533726
805.44684,6.3875178
805.97664,6.4216717
806.50662,6.2675989
807.03677,6.4272603
807.5671,6.8457538
808.0976,6.8956286
808.62827,7.1964924
809.15912,7.5914825
809.69014,7.688442
810.22134,7.7383513
810.75271,7.6392497
811.28426,7.6499607
811.81597,7.8332294
812.34787,7.6792517
812.87994,7.7448906
813.41218,7.802695
813.94459,7.7585473
814.47718,7.6908788
815.00995,7.8192973
815.54289,7.798705
816.076,7.5820428
816.60929,7.3104873
817.14275,7.3997248
817.67638,7.1674024
818.21019,6.9899905
818.74418,6.9067049
819.27834,7.1371535
819.81267,7.2185911
820.34718,7.8647432
820.88186,7.9305119
821.41671,7.7374656
821.95174,8.0699182
822.48694,8.2925756
823.02232,8.4603396
823.55787,8.5261515
824.0936,8.5135406
824.6295,8.4303502
825.16557,8.3001096
825.70182,8.4992894
826.23824,8.3376936
826.77484,8.0427731
827.31161,8.2106063
827.84856,8.4647227
828.38567,8.5698281
828.92297,8.6984716
829.46044,8.5761434
829.99808,8.7126473
830.53589,8.6217089
831.07388,8.5699948
831.61205,8.6202502
832.15039,7.972475
832.6889,8.0619634
833.22759,7.4847937
833.76645,7.9978288
834.30548,7.8834215
834.84469,7.9729445
835.38408,7.2938486
835.92363,6.7951536
836.46337,7.1199966
837.00327,7.7664169
837.54335,8.0834341
838.08361,7.5612443
838.62404,7.7057297
839.16464,8.1796356
839.70542,8.5515894
840.24637,8.6725714
840.78749,8.5268954
841.32879,8.5459339
841.87027,8.6669419
842.41192,8.4193311
842.95374,8.3678073
843.49574,8.6378608
844.03791,9.3236093
844.58025,9.3897585
845.12277,9.3696419
845.66546,9.294632
846.20833,8.9529641
846.75137,8.8858146
847.29459,8.771615
847.83798,8.5633063
848.38154,8.8412808
848.92528,8.9702444
849.46919,8.9031382
850.01328,8.6634916
850.55754,8.0003242
851.10198,8.450891
851.64659,8.9798978
852.19137,9.2579329
852.73633,9.3791138
853.28146,9.2885388
853.82677,8.7901292
854.37225,8.9348655
854.9179,8.7188262
855.46373,8.6125994
856.00973,8.0122637
856.55591,8.0237013
857.10226,8.631226
857.64879,9.050524
858.19549,7.9953209
858.74236,7.6773814
859.28941,7.7280779
859.83663,7.6454498
860.38403,7.4608695
860.9316,8.6253175
861.47934,8.5034996
862.02726,8.303259
862.57535,8.0951839
863.12362,8.0047645
863.67206,8.1025891
864.22068,8.4827753
864.76947,8.400225
865.31843,8.6470951
865.86757,9.4508366
866.41688,9.6663515
866.96637,9.6857966
867.51603,9.7523092
868.06587,10.085497
868.61588,10.614772
869.16606,10.70484
869.71642,10.590995
870.26695,10.422257
870.81765,10.543723
871.36853,10.131865
871.91959,10.0808
872.47082,9.3003312
873.02222,8.9198715
873.5738,8.6021655
874.12555,7.7119191
874.67747,8.1550147
875.22957,8.7941974
875.78185,8.9392711
876.3343,8.2921966
876.88692,7.0725817
877.43971,6.7784657
877.99268,7.8255348
878.54583,7.9628086
879.09915,6.7589146
879.65264,8.0962057
880.20631,8.8060545
880.76015,8.9355198
881.31416,7.9512683
881.86835,8.8023195
882.42272,9.1592617
882.97726,10.190722
883.53197,9.4496426
884.08686,8.7164147
884.64192,9.4812347
885.19715,10.599004
885.75256,11.128548
886.30814,10.458099
886.8639,10.807268
887.41983,11.21919
887.97594,10.619356
888.53222,9.4156087
889.08867,9.1765763
889.6453,10.451278
890.2021,11.333832
890.75908,11.330119
891.31623,10.76171
891.87356,11.19723
892.43106,10.550407
892.98873,9.7153563
893.54658,9.1861971
894.1046,8.6962621
894.6628,9.0926103
895.22117,9.1438691
895.77971,9.4539601
896.33843,9.4817068
896.89732,9.3918151
897.45639,8.0235007
898.01563,7.855195
898.57505,8.5888586
899.13463,8.7421388
899.6944,7.8836629
900.25434,7.4408819
900.81445,7.366737
901.37474,7.1043655
901.9352,6.4576889
902.49583,7.0188641
903.05664,6.4349499
903.61762,6.2745738
904.17878,5.2200887
904.74011,5.1146318
905.30162,6.0836934
905.8633,7.8762931
906.42515,9.1826269
906.98718,9.2654399
907.54938,8.9325753
908.11176,9.0781507
908.67431,9.8904015
909.23703,9.5967785
909.79993,9.7815956
910.36301,10.789951
910.92625,11.390471
911.48968,11.622373
912.05327,11.909186
912.61704,11.050909
913.18099,11.094601
913.74511,11.146145
914.3094,11.534953
914.87386,11.586515
915.43851,10.563575
916.00332,9.2347621
916.56831,8.392232
917.13347,8.6948085
917.69881,8.2522957
918.26432,6.8137131
918.83001,6.7006294
919.39587,7.6071621
919.96191,6.4509585
920.52811,5.4908418
921.0945,4.711126
921.66105,3.9549483
922.22779,4.4772106
922.79469,5.658305
923.36177,7.1688199
923.92902,7.2048336
924.49645,7.0526207
925.06406,7.3553184
925.63183,8.6776325
926.19978,10.439171
926.76791,11.024248
927.33621,10.409333
927.90468,11.292466
928.47333,12.842274
929.04215,13.301895
929.61114,13.196819
930.18031,13.021163
930.74966,11.731791
931.31918,11.971838
931.88887,11.231503
932.45874,9.2676461
933.02878,8.4410531
933.59899,7.7870178
934.16938,6.3722068
934.73995,6.6123065
935.31068,7.8798658
935.88159,11.249394
936.45268,11.975795
937.02394,11.533576
937.59538,10.134503
938.16698,8.7824978
938.73877,8.0344227
939.31072,6.1255719
939.88286,5.4951612
940.45516,6.2451513
941.02764,6.0853461
941.60029,5.9177064
942.17312,5.5226244
942.74612,3.9118647
943.3193,4.5520941
943.89265,4.5884106
944.46618,4.6796377
945.03987,3.6885205
945.61375,3.8660394
946.18779,3.4082728
946.76202,3.1387502
947.33641,2.9084519
947.91098,2.7016917
948.48573,3.3263127
949.06064,3.5823149
949.63574,4.7246002
950.211,3.7100315
950.78644,2.8209616
951.36206,3.0926846
951.93785,4.3134359
952.51381,5.4008626
953.08995,5.4294743
953.66626,5.0110359
954.24275,4.2318218
954.81941,4.1349693
955.39624,3.7479294
955.97325,3.4393295
956.55043,3.2405422
957.12779,4.7594106
957.70532,4.411621
958.28303,4.7305066
958.8609,5.8650873
959.43896,5.1643824
960.01719,4.0715293
960.59559,2.8767241
961.17416,3.5721237
961.75291,3.7498848
962.33184,3.6766742
962.91094,3.4387663
963.49021,3.0047887
964.06966,3.959055
964.64928,4.348624
965.22907,4.4872214
965.80904,2.9238666
966.38919,2.7173832
966.96951,4.4246339
967.55,3.4181678
968.13067,3.3450437
968.71151,3.7660459
969.29252,3.8576449
969.87371,3.0394487
970.45507,2.5742023
971.03661,2.4226901
971.61832,3.33001
972.20021,2.543221
972.78227,2.8623229
973.3645,2.6245708
973.94691,2.9044744
974.52949,3.2471317
975.11225,2.8211702
975.69518,3.006982
976.27829,4.2908418
976.86156,3.794318
977.44502,3.9566264
978.02865,2.605218
978.61245,1.700877
979.19642,0.87497607
979.78057,1.5000642
980.3649,0.98006289
980.9494,1.871835
981.53407,4.2145961
982.11892,8.6514835
982.70394,9.1432815
983.28913,8.0743039
983.8745,6.1818055
984.46005,5.3716687
985.04576,5.0556582
985.63166,3.2337739
986.21772,2.5962121
986.80396,1.0723844
987.39038,0.8191536
987.97697,1.9071079
988.56373,1.5284042
989.15067,1.6359837
989.73778,1.5004345
990.32506,0.26685479
990.91252,-0.64514765
991.50016,-0.32576889
992.08797,-0.014224614
992.67595,0.54046557
993.2641,-0.28522776
993.85244,-0.31875557
994.44094,-0.022862972
995.02962,0.29656769
995.61847,0.6787521
996.2075,0.47270987
996.7967,0.73726453
997.38608,-0.049152561
997.97563,-0.41203159
998.56535,0.56627451
999.15525,0.9079008
999.74532,-0.091631876
1000.3356,0.61081373
1000.926,1.5877866
1001.5166,0.4236006
1002.1074,-0.77978364
1002.6983,-1.449817
1003.2894,-0.064930973
1003.8807,0.11997259
1004.4722,-0.59706712
1005.0638,-0.36506973
1005.6556,0.18067066
1006.2476,-0.34808125
1006.8398,-0.28073723
1007.4321,-0.38592473
1008.0246,-1.5891339
1008.6173,-1.6315413
1009.2102,-1.5876567
1009.8032,-1.4339507
1010.3964,-0.52728595
1010.9898,-0.54609392
1011.5834,-0.74527654
1012.1771,-1.2424809
1012.771,-0.99456968
1013.3651,0.10826099
1013.9593,0.630717
1014.5538,0.38456306
1015.1484,0.93842663
1015.7431,0.91975868
1016.3381,0.91679451
1016.9332,0.54522038
1017.5285,2.244252
1018.124,3.5119286
1018.7196,2.2227599
1019.3154,0.50223618
1019.9114,1.1032986
1020.5076,2.2141824
1021.1039,0.25057396
1021.7005,-0.2385072
1022.2972,0.30772326
1022.894,0.39906926
1023.4911,0.21592296
1024.0883,-0.24171564
1024.6857,-0.97384654
1025.2832,-2.1922345
1025.881,-1.9517813
1026.4789,-1.9936636
1027.077,-1.0316069
1027.6752,4.6285066
1028.2737,6.7513827
1028.8723,6.5448645
1029.471,5.9462069
1030.07,4.0612924
1030.6691,3.2901208
1031.2684,4.2287707
1031.8679,11.355673
1032.4676,14.49828
1033.0674,15.193845
1033.6674,13.787467
1034.2676,11.855616
1034.8679,10.629665
1035.4684,7.5292215
1036.0691,4.8601683
1036.67,2.4107404
1037.2711,1.4907417
1037.8723,1.0570351
1038.4737,0.14491459
1039.0752,-0.33581585
1039.677,-0.76946998
1040.2789,0.27140321
1040.881,0.74758801
1041.4833,1.035555
1042.0857,1.5274611
1042.6883,2.4115416
1043.2911,3.4995611
1043.8941,3.8817158
1044.4972,6.2717311
1045.1005,7.5166658
1045.704,8.3929907
1046.3077,9.669333
1046.9115,7.4633399
1047.5155,7.6495211
1048.1197,7.5690532
1048.724,9.4807597
1049.3286,8.6395425
1049.9333,9.3355976
1050.5382,15.859121
1051.1432,18.845408
1051.7484,19.149358
1052.3538,16.53568
1052.9594,12.27496
1053.5652,8.5083748
1054.1711,5.6202387
1054.7772,2.9595712
1055.3835,2.3851957
1055.9899,1.1127984
1056.5965,0.64041869
1057.2033,0.47393881
1057.8103,0.86433918
1058.4174,0.34495312
1059.0247,1.0804865
1059.6322,1.4160374
1060.2399,1.9790568
1060.8477,2.3460153
1061.4558,2.8463246
1062.0639,2.5701808
1062.6723,1.9881722
1063.2808,5.0767693
1063.8896,6.5340114
1064.4984,4.281467
1065.1075,3.0014892
1065.7167,2.6783916
1066.3261,4.7474684
1066.9357,3.7577391
1067.5455,2.5327332
1068.1554,1.1116664
1068.7655,0.11414657
1069.3758,0.32448733
1069.9862,0.23680637
1070.5969,-0.20379826
1071.2077,-1.3424246
1071.8186,-0.42613148
1072.4298,0.3333164
1073.0411,1.6496445
1073.6526,5.7973627
1074.2643,9.121569
1074.8761,8.6732437
1075.4882,5.7543478
1076.1004,5.7295869
1076.7127,4.5205299
1077.3253,2.2369805
1077.938,1.6083506
1078.5509,1.7483657
1079.1639,1.9589865
1079.7772,1.7539385
1080.3906,0.90577079
1081.0042,-0.13061472
1081.6179,-0.045414109
1082.2319,0.91039224
1082.846,0.83876512
1083.4603,-0.94264843
1084.0747,-1.0299268
1084.6894,0.89849856
1085.3042,0.12890223
1085.9192,0.83383321
1086.5343,2.644664
1087.1496,3.6006104
1087.7651,5.39579
1088.3808,6.4066733
1088.9967,7.0254173
1089.6127,7.7304533
1090.2289,7.251193
1090.8453,7.9013621
1091.4618,6.057431
1092.0786,4.3390076
1092.6954,3.8755036
1093.3125,3.8120172
1093.9298,3.050509
1094.5472,2.1478419
1095.1648,2.8451923
1095.7826,1.9660896
1096.4005,0.5066122
1097.0186,-0.50578884
1097.6369,-0.7024861
1098.2554,-1.6128913
1098.874,-1.4487693
1099.4928,-0.061100315
1100.1118,-0.21851188
1100.731,-0.68178829
1101.3503,-0.81563544
1101.9698,0.28190747
1102.5895,1.1128012
1103.2094,2.6182223
1103.8294,3.9354255
1104.4496,6.1467639
1105.07,10.444394
1105.6905,13.251846
1106.3113,13.031865
1106.9322,13.462881
1107.5532,12.866464
1108.1745,10.136731
1108.7959,10.959956
1109.4175,13.696925
1110.0393,12.779009
1110.6613,10.504248
1111.2834,7.5549945
1111.9057,5.1234057
1112.5281,2.6447755
1113.1508,1.08381
1113.7736,0.30717561
1114.3966,-0.0066961376
1115.0198,-0.70486411
1115.6431,-0.54026948
1116.2666,-0.58742206
1116.8903,-0.2502434
1117.5142,-0.90912568
1118.1382,-1.4346571
1118.7624,0.58100542
1119.3868,3.4045286
1120.0114,5.3888536
1120.6361,6.3222157
1121.261,5.5144188
1121.8861,4.9027179
1122.5114,2.7929952
1123.1368,1.2950548
1123.7624,1.2245828
1124.3882,0.83255976
1125.0142,-0.045720328
1125.6403,-0.029865266
1126.2666,0.11934063
1126.8931,-0.60986734
1127.5197,0.46486376
1128.1466,0.89647511
1128.7736,1.1398687
1129.4007,1.4146523
1130.0281,0.86592397
1130.6556,0.84270336
1131.2833,-0.23932327
1131.9112,-0.17623436
1132.5392,1.6907936
1133.1674,1.6597999
1133.7958,0.79745112
1134.4244,0.22531592
1135.0531,0.66496294
1135.6821,1.0261961
1136.3111,1.1528264
1136.9404,-0.10091121
1137.5698,-1.5271736
1138.1995,-1.5808629
1138.8293,-0.69335139
1139.4592,0.33536075
1140.0893,-0.086883295
1140.7197,-0.63459334
1141.3501,-1.2685537
1141.9808,-1.0868035
1142.6116,-1.2893429
1143.2426,-2.1271522
1143.8738,-1.7492511
1144.5052,-1.1830904
1145.1367,-1.0874937
1145.7684,-0.85069643
1146.4003,-0.51191412
1147.0323,-0.11036251
1147.6646,0.47160546
1148.297,-0.5542455
1148.9295,-0.39575854
1149.5623,0.75098793
1150.1952,1.1840331
1150.8283,1.2798476
1151.4616,0.50509804
1152.095,0.61510532
1152.7286,1.2584632
1153.3624,1.4312502
1153.9964,1.2354271
1154.6306,0.84354283
1155.2649,0.91442097
1155.8994,0.53041446
1156.534,-0.25357474
1157.1689,-0.9277427
1157.8039,-1.5313051
1158.4391,-1.3819091
1159.0744,-2.4246525
1159.71,-2.0477709
1160.3457,-1.2865582
1160.9816,-0.83905366
1161.6176,0.63591915
1162.2538,2.095223
1162.8903,1.9388579
1163.5268,0.61388262
1164.1636,-0.71107533
1164.8005,0.86594481
1165.4376,2.9841587
1166.0749,2.8278802
1166.7124,1.6912268
1167.35,3.1585122
1167.9878,3.1120895
1168.6258,1.5127429
1169.2639,0.76047246
1169.9022,0.36900363
1170.5407,1.0755913
1171.1794,0.29200026
1171.8182,-0.65627938
1172.4573,-0.53003191
1173.0965,-0.1449436
1173.7358,0.028397318
1174.3754,0.15469672
1175.0151,0.4221899
1175.655,0.39166118
1176.295,-0.78394828
1176.9353,-1.3948345
1177.5757,-1.0331545
1178.2163,-0.85969238
1178.857,-1.658762
1179.498,-0.69310844
1180.1391,-0.29214345
1180.7804,-0.32253369
1181.4218,-0.20388702
1182.0635,0.24418873
1182.7053,0.42561512
1183.3472,-0.38117647
1183.9894,-0.028676529
1184.6317,0.763056
1185.2742,-0.068723985
1185.9169,1.3583365
1186.5598,2.3226687
1187.2028,1.1458414
1187.846,0.52589371
1188.4894,-0.21168412
1189.1329,-0.60414702
1189.7766,-0.18874988
1190.4205,0.50117397
1191.0646,0.94013432
1191.7088,0.50852334
1192.3533,0.10830181
1192.9979,0.12378346
1193.6426,-0.51169839
1194.2876,0.43715039
1194.9327,-0.033591779
1195.578,-0.33176802
1196.2234,0.11517067
1196.8691,0.068008618
1197.5149,1.1581184
1198.1609,1.5502058
1198.807,1.4874082
1199.4534,1.4638431
1200.0999,1.3258
1200.7466,2.0034546
1201.3934,0.28896379
1202.0405,-0.60982938
1202.6877,-1.2105719
1203.335,-1.2858129
1203.9826,-1.4159444
1204.6303,-2.2441037
1205.2782,-2.4918594
1205.9263,-1.4454861
1206.5746,-0.7755719
1207.223,0.13749091
1207.8716,-0.32982702
1208.5204,1.1636508
1209.1693,2.1159635
1209.8184,2.4565229
1210.4677,3.3147408
1211.1172,3.8278721
1211.7668,4.7645442
1212.4167,5.0502473
1213.0667,3.8614521
1213.7168,2.4687466
1214.3672,1.9623271
1215.0177,1.2206249
1215.6684,0.9495223
1216.3192,0.38823505
1216.9703,-0.28284471
1217.6215,-1.463717
1218.2729,-1.170068
1218.9244,-1.2293489
1219.5762,-1.1945006
1220.2281,0.31486882
1220.8802,0.41248497
1221.5324,1.3650145
1222.1849,2.5293201
1222.8375,2.768147
1223.4902,4.191299
1224.1432,8.0144624
1224.7963,11.735676
1225.4496,11.362784
1226.1031,9.0134328
1226.7568,8.0131124
1227.4106,5.216725
1228.0646,4.4987804
1228.7188,3.7965335
1229.3731,1.6041019
1230.0276,0.73717191
1230.6823,0.59182196
1231.3372,-0.7143009
1231.9922,-0.25570646
1232.6475,0.046036641
1233.3029,-0.50711081
1233.9584,-1.86809
1234.6142,-1.8643519
1235.2701,-1.6096219
1235.9262,-1.0176257
1236.5824,-1.2962063
1237.2389,-0.25712844
1237.8955,-0.95137248
1238.5523,-1.4338404
1239.2092,-0.48100282
1239.8664,-0.39089891
1240.5237,-0.60666595
1241.1812,0.3932647
1241.8388,-0.12051873
1242.4967,0.016689639
1243.1547,0.75783099
1243.8128,1.4048661
1244.4712,1.275442
1245.1297,0.30681369
1245.7884,0.10682421
1246.4473,-0.57158523
1247.1064,-1.8539048
1247.7656,-2.563664
1248.425,-2.2145882
1249.0846,-1.4829452
1249.7443,-2.1865853
1250.4042,-2.749038
1251.0643,-2.4330484
1251.7246,-2.2425381
1252.385,-1.8873109
1253.0457,-0.65364136
1253.7064,1.5525881
1254.3674,3.900005
1255.0286,4.2082171
1255.6899,3.7085971
1256.3514,3.8050664
1257.013,5.0466448
1257.6749,4.4294105
1258.3369,3.4121872
1258.9991,3.2890924
1259.6614,2.7111067
1260.324,1.340975
1260.9867,0.3002661
1261.6496,0.58505829
1262.3126,-0.81641307
1262.9758,-0.50806958
1263.6392,0.012049572
1264.3028,-0.3462517
1264.9666,-0.46140478
1265.6305,1.133257
1266.2946,1.9906748
1266.9589,1.2951624
1267.6233,0.76436688
1268.288,0.28848422
1268.9528,-0.26581887
1269.6177,-0.48285611
1270.2829,-1.2332157
1270.9482,-0.2110154
1271.6137,-0.051549211
1272.2794,1.0961632
1272.9452,5.1380042
1273.6112,6.1759346
1274.2774,6.8217191
1274.9438,5.2949655
1275.6103,4.176066
1276.2771,2.2414912
1276.9439,1.0441822
1277.611,0.76453118
1278.2783,0.10057741
1278.9457,-0.98689482
1279.6132,-1.2037679
1280.281,-1.3421986
1280.9489,-1.1119909
1281.6171,-0.66216449
1282.2853,-1.5456604
1282.9538,-0.7193415
1283.6224,-0.60673711
1284.2912,0.21960372
1284.9602,1.0302692
1285.6294,3.1036907
1286.2987,3.8673193
1286.9682,3.4858608
1287.6379,1.9671583
1288.3077,1.7347413
1288.9778,1.0395901
1289.648,0.21111651
1290.3183,0.59834016
1290.9889,-0.37913113
1291.6596,-0.89384637
1292.3305,-2.0987467
1293.0016,-1.3899107
1293.6728,-0.75949505
1294.3442,-2.1290685
1295.0158,-1.5692192
1295.6876,-0.35053542
1296.3595,1.3544338
1297.0316,0.80843358
1297.7039,1.5173463
1298.3764,1.889015
1299.049,2.1744201
1299.7218,1.2284637
1300.3948,1.2864398
1301.068,0.50521111
1301.7413,0.273013
1302.4148,0.90357093
1303.0885,1.7929633
1303.7624,2.2902098
1304.4364,2.3560947
1305.1106,2.4298337
1305.785,1.6800542
1306.4595,0.608717
1307.1343,0.2197437
1307.8092,-0.84372845
1308.4843,-0.54248377
1309.1595,-0.013777166
1309.8349,0.30317568
1310.5105,0.71425711
1311.1863,1.7528005
1311.8622,2.5795901
1312.5384,2.9828612
1313.2147,3.7469276
1313.8911,2.7070834
1314.5678,0.97705403
1315.2446,1.2235062
1315.9216,0.71702815
1316.5988,0.62624731
1317.2761,-0.35864022
1317.9536,0.51530672
1318.6313,-0.38328442
1319.3092,-1.2740215
1319.9872,-0.74513973
1320.6654,-0.97703136
1321.3438,-2.3775395
1322.0224,-2.3898014
1322.7011,-1.923621
1323.38,-1.5044884
1324.0591,-2.1284822
1324.7384,-2.1171709
1325.4178,-1.2901624
1326.0974,-0.86314291
1326.7772,-0.35768112
1327.4571,0.14779161
1328.1372,0.94347136
1328.8176,1.3862209
1329.498,1.7034912
1330.1787,2.7344979
1330.8595,4.4713979
1331.5405,6.3181127
1332.2217,7.3177797
1332.903,6.8272616
1333.5845,4.6661662
1334.2662,3.7129248
1334.9481,2.218518
1335.6302,1.1084358
1336.3124,1.2062077
1336.9948,0.71575521
1337.6773,0.1625686
1338.3601,-0.42982275
1339.043,0.052306647
1339.7261,-1.1596707
1340.4093,-0.45791153
1341.0928,0.20464287
1341.7764,-0.2073016
1342.4602,-0.56433316
1343.1441,1.3139403
1343.8283,3.145166
1344.5126,3.4862065
1345.1971,2.9331403
1345.8817,1.6114575
1346.5666,1.8740995
1347.2516,1.2269485
1347.9367,1.1680437
1348.6221,0.48169889
1349.3076,1.2698748
1349.9933,2.818846
1350.6792,3.8188086
1351.3652,4.073684
1352.0515,5.0658253
1352.7379,3.9246442
1353.4244,3.1991603
1354.1112,2.3874129
1354.7981,2.0854803
1355.4852,1.1874802
1356.1725,1.7169421
1356.8599,2.2150424
1357.5475,1.8347222
1358.2353,1.8387267
1358.9233,1.0741147
1359.6114,1.4859843
1360.2998,1.8272765
1360.9882,1.6274032
1361.6769,2.6118546
1362.3657,3.1806307
1363.0548,3.1298099
1363.7439,2.2711568
1364.4333,1.2399657
1365.1228,0.1695699
1365.8125,0.01683207
1366.5024,-0.27707129
1367.1925,-0.82194409
1367.8827,0.12339013
1368.5731,-0.044990194
1369.2637,-1.0604184
1369.9545,-0.41309055
1370.6454,-1.0206537
1371.3365,-1.6674216
1372.0278,-1.7808453
1372.7192,-1.0158266
1373.4108,-0.086091076
1374.1026,0.059341658
1374.7946,-0.32070486
1375.4868,-0.85760318
1376.1791,-0.28860819
1376.8716,-0.55097481
1377.5642,-1.5819579
1378.2571,-1.0599889
1378.9501,-1.0164404
1379.6433,-1.4199397
1380.3367,-1.305781
1381.0302,-0.5092584
1381.7239,-0.3715484
1382.4178,-0.10049412
1383.1119,0.21762993
1383.8061,0.74752963
1384.5005,0.78332263
1385.1951,-0.12989304
1385.8899,-0.13329383
1386.5848,0.68684573
1387.2799,0.47170212
1387.9752,0.97029495
1388.6706,0.96693793
1389.3663,1.3243762
1390.0621,1.2896685
1390.7581,1.3569326
1391.4542,2.1457762
1392.1505,1.3111014
1392.847,1.4333002
1393.5437,0.15943161
1394.2406,0.30518177
1394.9376,1.4470213
1395.6348,1.6084796
1396.3322,2.5699489
1397.0297,2.8255468
1397.7274,3.1674301
1398.4253,2.858344
1399.1234,2.9963276
1399.8216,3.4951065
1400.5201,3.3507591
1401.2187,3.2613246
1401.9174,5.0150383
1402.6164,5.3020963
1403.3155,6.0440672
1404.0148,5.4056569
1404.7142,4.7986301
1405.4139,4.1523985
1406.1137,2.9100994
1406.8137,4.6952623
1407.5138,4.245142
1408.2142,4.1087582
1408.9147,5.0939539
1409.6153,4.7144546
1410.3162,3.6212409
1411.0172,2.7162733
1411.7184,1.8034736
1412.4198,0.70244955
1413.1214,0.056338388
1413.8231,-0.30740889
1414.525,-0.26330208
1415.2271,0.023952928
1415.9293,-0.13583994
1416.6318,-0.64856304
1417.3344,-0.37696147
1418.0371,-0.65436856
1418.7401,-0.43764706
1419.4432,0.42842002
1420.1465,1.0670428
1420.85,1.1566526
1421.5536,0.3835239
1422.2574,0.30844112
1422.9614,-1.0764389
1423.6656,-1.8181751
1424.3699,-1.6030418
1425.0744,-1.4584902
1425.7791,-1.9884417
1426.484,-1.8830924
1427.189,-0.96205017
1427.8942,-0.59786405
1428.5996,-0.24935756
1429.3052,-1.0851581
1430.0109,-0.87781481
1430.7168,-0.67830796
1431.4229,-0.4631082
1432.1292,-1.0322155
1432.8356,-0.37778674
1433.5422,0.48057024
1434.249,0.38991426
1434.9559,0.063970824
1435.6631,0.12234776
1436.3704,0.22779017
1437.0778,0.70970982
1437.7855,0.79163613
1438.4933,1.9716083
1439.2013,2.171195
1439.9095,2.9041216
1440.6178,3.4096039
1441.3263,3.0680341
1442.035,2.8284317
1442.7439,3.1378555
1443.4529,2.9217958
1444.1622,3.003782
1444.8716,3.0622454
1445.5811,1.0422841
1446.2909,1.0301726
1447.0008,-0.19761854
1447.7109,0.34714599
1448.4211,1.8487799
1449.1316,2.4955185
1449.8422,3.3540285
1450.553,3.3811726
1451.2639,2.1142057
1451.9751,1.6001866
1452.6864,0.76460554
1453.3978,0.14863897
1454.1095,0.43463985
1454.8213,0.29711796
1455.5333,0.85764193
1456.2455,0.86915296
1456.9579,0.89635691
1457.6704,-0.26074622
1458.3831,-0.32764661
1459.096,-0.7631678
1459.809,-0.69672156
1460.5222,-0.6381118
1461.2356,0.26756343
1461.9492,-0.30910762
1462.663,-0.53283085
1463.3769,-0.13693958
1464.091,-0.65868872
1464.8052,-0.41180375
1465.5197,0.21155845
1466.2343,0.0035547631
1466.9491,0.054381253
1467.6641,1.3679595
1468.3792,0.50115223
1469.0945,-0.61662878
1469.81,-0.77754038
1470.5257,-1.1345238
1471.2415,-0.8169907
1471.9575,-1.0798431
1472.6737,-0.79339218
1473.3901,-0.5696815
1474.1066,0.093249668
1474.8233,0.065989574
1475.5402,-0.52597159
1476.2572,0.67815049
1476.9745,1.5136499
1477.6919,0.83542869
1478.4095,0.7768201
1479.1272,0.27115751
1479.8451,0.181186
1480.5632,0.38141538
1481.2815,-0.27325239
1482,0.29561407
1482.7186,0.27625004
1483.4374,0.53140063
1484.1564,0.79439917
1484.8755,1.4103437
1485.5948,2.1282538
1486.3143,1.1206786
1487.034,1.3523238
1487.7538,2.791817
1488.4739,3.3999424
1489.194,3.7649354
1489.9144,2.8122862
1490.6349,2.785132
1491.3557,2.1619041
1492.0765,1.766132
1492.7976,0.92330597
1493.5188,1.013818
1494.2403,2.6337467
1494.9618,4.3791704
1495.6836,5.2383243
1496.4055,6.6386596
1497.1276,4.462529
1497.8499,2.5138543
1498.5724,1.1534196
1499.295,1.0949506
1500.0178,1.2325648
1500.7408,1.2525368
1501.4639,2.6842782
1502.1873,1.3395539
1502.9108,0.48895209
1503.6345,0.92462957
1504.3583,0.36423343
1505.0823,0.35286171
1505.8065,1.2512987
1506.5309,1.8281719
1507.2554,1.9187754
1507.9802,2.0172269
1508.7051,1.5431341
1509.4301,0.16708537
1510.1554,0.57927675
1510.8808,0.72480627
1511.6064,-0.02377705
1512.3321,-0.83510065
1513.0581,-1.6464194
1513.7842,-0.88126283
1514.5105,-0.75923867
1515.2369,-1.8450528
1515.9636,-1.5975288
1516.6904,-0.35392161
1517.4174,0.84263161
1518.1445,0.93330729
1518.8719,2.8357525
1519.5994,5.1852613
1520.3271,5.0485004
1521.0549,4.4803718
1521.7829,3.4573461
1522.5111,3.5009918
1523.2395,2.6975835
1523.9681,1.9333957
1524.6968,2.0790167
1525.4257,1.1501326
1526.1548,0.86439065
1526.884,1.0178692
1527.6135,1.2968427
1528.3431,0.7052328
1529.0728,0.058725751
1529.8028,0.92594901
1530.5329,0.85984374
1531.2632,1.9702139
1531.9937,1.1511771
1532.7243,1.2576352
1533.4551,1.748412
1534.1861,2.6784092
1534.9173,3.7417446
1535.6486,3.5737122
1536.3801,3.9625474
1537.1118,2.6572697
1537.8437,2.2931734
1538.5757,2.5722191
1539.3079,0.98460293
1540.0403,1.4518936
1540.7729,2.9544831
1541.5056,3.9315873
1542.2385,2.7126178
1542.9716,1.8309081
1543.7048,1.1609679
1544.4383,0.72632657
1545.1719,-0.79850599
1545.9057,-0.47235334
1546.6396,0.026353138
1547.3737,1.0819272
1548.108,0.91397661
1548.8425,0.39308968
1549.5772,-0.22975322
1550.312,0.15917339
1551.047,-0.040130475
1551.7822,-0.12178247
1552.5175,0.8397076
1553.253,2.460026
1553.9887,2.1038786
1554.7246,1.1908733
1555.4606,1.5484611
1556.1968,1.694289
1556.9332,1.973455
1557.6698,0.15066498
1558.4065,-0.90349272
1559.1434,-0.83607699
1559.8805,-1.2157153
1560.6178,-0.21495659
1561.3552,-0.55536956
1562.0928,0.092457578
1562.8306,-0.13029871
1563.5686,0.046949813
1564.3067,-0.15226744
1565.045,0.17401032
1565.7835,0.63362622
1566.5222,-0.60871386
1567.261,0.58032343
1568,0.64779691
1568.7392,-1.2768817
1569.4785,-0.67606524
1570.2181,0.52867757
1570.9578,-0.015594415
1571.6976,-0.13633218
1572.4377,-1.0962808
1573.1779,0.022206737
1573.9183,0.48971871
1574.6589,-0.015313534
1575.3996,0.70318845
1576.1405,1.0844403
1576.8816,0.6343245
1577.6229,0.81950759
1578.3643,0.57332294
1579.106,1.8016529
1579.8478,2.0339092
1580.5897,2.5406802
1581.3319,2.7102011
1582.0742,2.5895307
1582.8167,2.1394533
1583.5593,1.5011455
1584.3022,0.62754837
1585.0452,2.0441521
1585.7883,2.166643
1586.5317,1.9675701
1587.2752,1.7998746
1588.0189,1.6792427
1588.7628,0.71939994
1589.5069,0.53603257
1590.2511,-0.68262411
1590.9955,-0.51304069
1591.7401,0.61341029
1592.4848,0.55555236
1593.2298,0.65456199
1593.9749,1.4124
1594.7201,2.0212231
1595.4656,0.92809033
1596.2112,0.64280548
1596.957,0.39674112
1597.703,0.095779621
1598.4491,-0.064000599
1599.1955,-0.62377601
1599.9419,-1.3011937
1600.6886,-0.85703788
1601.4355,-0.24032826
1602.1825,-1.058908
1602.9297,-0.11277695
1603.677,0.39414318
1604.4246,1.4971466
1605.1723,1.8942724
1605.9202,2.1423834
1606.6682,1.5591267
1607.4165,0.68567876
1608.1649,-0.15639185
1608.9135,0.65644432
1609.6622,0.70065784
1610.4112,0.81546442
1611.1603,1.7381189
1611.9095,0.42548416
1612.659,0.10108948
1613.4086,0.97669962
1614.1584,1.5699616
1614.9084,0.78283628
1615.6586,-0.10624503
1616.4089,-0.19532153
1617.1594,-0.55105988
1617.9101,-0.42836205
1618.6609,-1.2468359
1619.4119,-0.7398147
1620.1631,-0.89945538
1620.9145,-0.20418928
1621.666,0.71068947
1622.4178,1.9549848
1623.1697,1.6698732
1623.9217,1.4239821
1624.674,2.7624095
1625.4264,2.8929986
1626.179,2.6235924
1626.9317,2.7228186
1627.6847,3.1671476
1628.4378,3.7997167
1629.1911,2.7224867
1629.9445,3.0648694
1630.6982,3.9170608
1631.452,3.0986688
1632.206,4.4293012
1632.9601,4.308958
1633.7145,2.7611686
1634.469,2.2094625
1635.2237,1.7205063
1635.9785,0.32959414
1636.7335,0.53868678
1637.4887,2.0105293
1638.2441,2.7372786
1638.9997,3.189523
1639.7554,3.3280466
1640.5113,2.5097123
1641.2674,1.6521672
1642.0236,1.6965876
1642.78,1.4743462
1643.5366,0.81289391
1644.2934,0.12007388
1645.0504,0.87823906
1645.8075,0.82072277
1646.5648,-0.4367887
1647.3222,-1.1295895
1648.0799,0.45212435
1648.8377,-0.11517661
1649.5957,-0.47070805
1650.3538,-0.096822921
1651.1122,1.3202043
1651.8707,1.3411579
1652.6294,0.35035155
1653.3882,0.1281775
1654.1473,0.70600826
1654.9065,1.3309027
1655.6659,1.0224685
1656.4254,0.86305882
1657.1852,-0.35533535
1657.9451,-0.17764632
1658.7052,-0.45485448
1659.4654,-0.64578336
1660.2258,-0.17004079
1660.9864,-0.21978365
1661.7472,0.2638116
1662.5082,-0.53886288
1663.2693,-0.54937573
1664.0306,-0.27753086
1664.7921,-1.307642
1665.5537,-1.2789248
1666.3155,-0.13647742
1667.0775,0.36283752
1667.8397,0.68960822
1668.6021,0.577168
1669.3646,0.70786981
1670.1273,1.732694
1670.8901,1.5888956
1671.6532,1.7588274
1672.4164,1.4738621
1673.1798,1.102627
1673.9434,1.3353182
1674.7071,1.0189946
1675.471,0.44385226
1676.2351,0.46479312
1676.9994,1.2151505
1677.7638,2.5302186
1678.5284,2.339409
1679.2932,2.0544866
1680.0581,1.7460396
1680.8233,1.759166
1681.5886,0.54876768
1682.3541,0.13053105
1683.1197,-0.13083807
1683.8855,1.2077976
1684.6515,2.0680066
1685.4177,1.8693969
1686.1841,2.2354979
1686.9506,2.4682703
1687.7173,1.3677141
1688.4842,0.97304509
1689.2512,1.2293612
1690.0184,1.3601919
1690.7858,1.2086745
1691.5534,0.10029904
1692.3212,-0.38062064
1693.0891,-0.077221814
1693.8572,-0.48754371
1694.6254,0.23939408
1695.3939,0.90359153
1696.1625,2.665833
1696.9313,2.2398439
1697.7002,0.77856549
1698.4694,1.2623899
1699.2387,1.8717093
1700.0082,1.5241707
1700.7778,1.1766368
1701.5477,0.93106855
1702.3177,0.7168776
1703.0879,0.83210319
1703.8582,0.23360807
1704.6288,0.042960851
1705.3995,-0.084936493
1706.1704,0.1165827
1706.9414,1.3769302
1707.7126,1.4215962
1708.484,-0.88667421
1709.2556,0.091334671
1710.0274,0.54385813
1710.7993,-0.47812345
1711.5714,-0.58245319
1712.3437,1.4700846
1713.1161,2.3383134
1713.8887,1.261449
1714.6615,2.1610599
1715.4345,3.7900874
1716.2076,3.1995118
1716.981,2.0128625
1717.7545,2.4654337
1718.5281,3.1140881
1719.302,2.7509826
1720.076,1.5957249
1720.8502,1.5934133
1721.6245,0.95581225
1722.3991,1.3299807
1723.1738,1.7119971
1723.9487,1.4744104
1724.7237,1.8799657
1725.499,1.8698396
1726.2744,1.0989339
1727.05,1.5123467
1727.8257,0.89047012
1728.6017,1.3823238
1729.3778,1.5526137
1730.154,1.3542809
1730.9305,1.8775215
1731.7071,2.0399825
1732.4839,0.78284049
1733.2609,0.1688405
1734.0381,0.11955116
1734.8154,0.031050907
1735.5929,0.12294759
1736.3706,-0.17730782
1737.1484,-0.49324473
1737.9264,-1.3032945
1738.7046,-0.96039834
1739.483,-0.67239936
1740.2615,-0.21184659
1741.0403,-0.15913218
1741.8191,-0.027981617
1742.5982,0.40121293
1743.3775,1.0657064
1744.1569,0.75765556
1744.9365,0.0025507061
1745.7162,0.41607807
1746.4962,0.57078669
1747.2763,-0.050970514
1748.0566,-0.76684059
1748.837,-1.0042745
1749.6177,-0.73189975
1750.3985,-0.99285354
1751.1795,-1.0185084
1751.9606,-1.0284723
1752.7419,-0.51294118
1753.5234,-0.67391311
1754.3051,-0.59958659
1755.087,-1.0585891
1755.869,-1.0940578
1756.6512,-0.90991441
1757.4336,0.48207648
1758.2161,0.9485815
1758.9989,1.1797967
1759.7818,0.85415354
1760.5648,1.8540049
1761.3481,1.4107233
1762.1315,0.74783819
1762.9151,1.2143692
1763.6989,1.5161986
1764.4828,0.92391474
1765.2669,0.73947832
1766.0512,0.62563447
1766.8357,0.10395181
1767.6203,-0.87262848
1768.4052,-0.99430248
1769.1901,-0.1983251
1769.9753,0.56628406
1770.7606,0.82109363
1771.5462,0.417084
1772.3318,0.82092184
1773.1177,0.79339146
1773.9037,0.93057128
1774.6899,0.96579465
1775.4763,1.2206302
1776.2629,2.7068426
1777.0496,2.9224711
1777.8365,2.8400648
1778.6236,1.1890353
1779.4109,0.37722577
1780.1983,0.30267552
1780.9859,-0.0071645184
1781.7737,-0.066019838
1782.5616,-1.1680081
1783.3497,-0.84254102
1784.138,-0.91706963
1784.9265,-0.27002528
1785.7152,0.43192535
1786.504,0.23191953
1787.293,0.48682
1788.0822,0.96917578
1788.8715,1.3809477
1789.661,1.2829199
1790.4507,0.71430831
1791.2406,0.23981866
1792.0306,0.19670588
1792.8208,0.37044081
1793.6112,0.1128069
1794.4018,0.17674534
1795.1925,0.2406875
1795.9834,-0.41693524
1796.7745,0.023484944
1797.5658,0.087438262
1798.3572,-0.57801647
1799.1488,-0.29444787
1799.9406,-0.68538535
1800.7326,-1.2567113
1801.5247,-0.72999426
1802.317,-0.43072451
1803.1095,-0.65694124
1803.9021,0.026649677
1804.695,0.53769529
1805.488,1.3154113
1806.2811,1.4735232
1807.0745,0.8394819
1807.868,0.94269925
1808.6617,1.0929791
1809.4556,0.10600786
1810.2496,0.15433441
1811.0439,0.43011566
1811.8383,0.29021436
1812.6328,-0.32027146
1813.4276,-0.31898886
1814.2225,0.92151315
1815.0176,1.9188816
1815.8128,2.4613519
1816.6083,2.3920611
1817.4039,2.6443427
1818.1997,2.7554515
1818.9957,1.5724464
1819.7918,1.5502294
1820.5881,2.4456631
1821.3846,1.8430613
1822.1813,1.0836005
1822.9781,1.9947317
1823.7751,1.556847
1824.5723,0.63269143
1825.3696,0.053637666
1826.1672,0.1020386
1826.9649,-0.23387047
1827.7628,-0.62467779
1828.5608,-0.40371668
1829.359,-1.2964773
1830.1574,-0.51080291
1830.956,-0.2819875
1831.7548,-0.27277622
1832.5537,-0.34983573
1833.3528,0.38095162
1834.1521,1.2372329
1834.9515,1.9915571
1835.7511,1.4203948
1836.5509,1.0766872
1837.3509,0.68592453
1838.151,0.052028315
1838.9514,-0.23676615
1839.7519,-0.50987062
1840.5525,-0.63395176
1841.3534,-1.3148919
1842.1544,-1.862495
1842.9556,-1.2022513
1843.7569,-0.04004305
1844.5585,-0.21900756
1845.3602,0.48046303
1846.1621,0.45052557
1846.9641,0.12255261
1847.7664,0.90046573
1848.5688,0.32936296
1849.3713,0.1582639
1850.1741,0.77932543
1850.977,1.9023515
1851.7801,2.099891
1852.5834,1.8033166
1853.3869,1.6008636
1854.1905,1.6023359
1854.9943,1.5959688
1855.7983,1.1425465
1856.6024,0.88520645
1857.4068,0.13375243
1858.2113,0.10387076
1859.0159,0.5367379
1859.8208,0.96960876
1860.6258,0.80640492
1861.431,0.43928322
1862.2364,1.9937339
1863.0419,2.1521098
1863.8476,1.7065679
1864.6535,1.9512258
1865.4596,3.2154952
1866.2658,4.3385919
1867.0722,4.4813002
1867.8788,5.3769533
1868.6856,4.4137867
1869.4925,2.6427806
1870.2996,2.8482488
1871.1069,1.8850933
1871.9144,0.68664744
1872.722,0.39016604
1873.5298,0.82310013
1874.3378,0.74623402
1875.146,1.2340775
1875.9543,0.96898354
1876.7628,0.77448153
1877.5715,0.68194402
1878.3803,1.7815671
1879.1894,2.0576645
1879.9986,2.3729813
1880.8079,2.131439
1881.6175,2.2349985
1882.4272,1.4993461
1883.2371,1.5950699
1884.0472,2.6084445
1884.8574,4.5943718
1885.6679,6.2587342
1886.4785,8.527022
1887.2892,10.434529
1888.1002,11.173412
1888.9113,10.304456
1889.7226,8.1257002
1890.534,6.4881242
1891.3457,4.7172185
1892.1575,3.714944
1892.9695,2.8773791
1893.7816,1.1535435
1894.594,1.5081429
1895.4065,1.4549029
1896.2192,0.84480384
1897.032,1.1680419
1897.8451,1.0520679
1898.6583,0.59099966
1899.4717,-0.089672726
1900.2852,-0.42524335
1901.099,-0.094143597
1901.9129,-0.076765611
1902.7269,0.66218472
1903.5412,-0.26944946
1904.3556,0.069508309
1905.1702,0.37709725
1905.985,0.77880756
1906.7999,1.0393451
1907.6151,1.3077295
1908.4304,3.0898431
1909.2458,3.4758821
1910.0615,3.65016
1910.8773,2.9224808
1911.6933,1.4889231
1912.5095,2.5887023
1913.3258,2.7080932
1914.1423,1.9098407
1914.959,1.5586507
1915.7759,0.96432722
1916.5929,0.84059568
1917.4102,-0.16156351
1918.2275,0.15392808
1919.0451,0.65765867
1919.8628,0.69864789
1920.6808,0.21415064
1921.4988,0.5924022
1922.3171,0.65693199
1923.1355,-0.29029921
1923.9541,0.16639488
1924.7729,0.67015151
1925.5919,0.73469618
1926.411,0.19532299
1927.2303,0.51869862
1928.0498,1.1401172
1928.8694,0.85173556
1929.6893,0.57904392
1930.5093,0.22792462
1931.3294,0.62975022
1932.1498,0.38844229
1932.9703,0.77458906
1933.791,0.18819052
1934.6119,-0.068792531
1935.4329,1.266385
1936.2542,0.091762328
1937.0756,0.054398278
1937.8971,0.10331246
1938.7189,0.0032107459
1939.5408,0.80507354
1940.3629,0.43046946
1941.1851,0.72253577
1942.0076,1.2655862
1942.8302,1.3772678
1943.653,0.88503153
1944.476,1.1849559
1945.2991,0.76331527
1946.1224,-0.1210667
1946.9459,0.64945702
1947.7695,-0.023152798
1948.5934,-0.013405957
1949.4174,-0.097773044
1950.2416,-0.2213521
1951.0659,0.47860198
1951.8905,0.98248134
1952.7152,0.84322717
1953.54,0.15495711
1954.3651,1.1059065
1955.1903,0.50391835
1956.0157,-0.23139938
1956.8413,-0.16671338
1957.667,0.88621162
1958.493,1.1626698
1959.3191,0.5293277
1960.1453,0.40579327
1960.9718,1.1606939
1961.7984,0.55873558
1962.6252,0.45874173
1963.4522,0.13130061
1964.2793,-0.28241129
1965.1066,1.0293707
1965.9341,1.2980192
1966.7618,1.1039263
1967.5896,1.0980724
1968.4176,0.93535947
1969.2458,0.40402282
1970.0742,0.084454597
1970.9027,0.42371362
1971.7314,0.55121166
1972.5603,-0.24677678
1973.3894,-0.048683072
1974.2186,0.14157122
1975.048,-0.17013155
1975.8776,-0.95241884
1976.7074,-1.138624
1977.5373,-0.54051167
1978.3674,-0.54631722
1979.1977,-0.50506022
1980.0281,-0.11085832
1980.8588,-0.32057428
1981.6896,-0.5067571
1982.5205,-0.19097542
1983.3517,0.21108449
1984.183,-0.422146
1985.0145,0.30148997
1985.8462,0.28787476
1986.678,0.69779269
1987.51,1.0763418
1988.3422,0.88234557
1989.1746,0.75894132
1990.0072,0.60416824
1990.8399,0.057242011
1991.6728,0.18482931
1992.5058,-0.11110909
1993.3391,-0.25018102
1994.1725,-0.43630806
1995.0061,-0.37929412
1995.8398,-0.68485433
1996.6738,-0.88845041
1997.5079,-0.34694511
1998.3422,-0.040730583
1999.1766,0.092938269
2000.0113,-0.0008405142
2000.8461,-0.40049831
2001.6811,-0.65113315
2002.5162,0.055098104
2003.3515,-0.61905946
2004.187,-0.77556662
2005.0227,0.44832173
2005.8586,0.74672322
2006.6946,-0.029381753
2007.5308,-0.17018926
2008.3672,-0.46785617
2009.2037,-0.67140208
2010.0404,-0.098474067
2010.8773,-0.21573878
2011.7144,0.39641161
2012.5517,0.13013397
2013.3891,0.31876164
2014.2267,0.24856913
2015.0644,-0.84907103
2015.9024,0.092507853
2016.7405,-0.087478551
2017.5788,-0.43216749
2018.4173,0.85451946
2019.2559,0.59611171
2020.0947,0.53378575
2020.9337,1.1067572
2021.7729,1.616987
2022.6122,3.0213377
2023.4517,3.9707898
2024.2914,4.159461
2025.1313,3.9873512
2025.9713,3.5328917
2026.8115,2.7254945
2027.6519,2.2161398
2028.4924,1.9734551
2029.3332,2.8601855
2030.1741,1.8096644
2031.0152,3.1983623
2031.8564,6.3203969
2032.6978,9.6385133
2033.5394,12.933104
2034.3812,15.741423
2035.2232,16.510529
2036.0653,16.9816
2036.9076,16.487969
2037.7501,14.010027
2038.5927,10.857578
2039.4355,7.5717998
2040.2785,6.1134757
2041.1217,4.1924098
2041.965,2.945857
2042.8085,2.2247979
2043.6522,1.4566832
2044.4961,2.1395522
2045.3401,1.8577188
2046.1844,1.7484376
2047.0287,1.8822971
2047.8733,2.1024345
2048.718,1.1304183
2049.5629,1.0211506
2050.408,1.9550234
2051.2533,1.8065467
2052.0987,1.9090537
2052.9443,1.8076425
2053.7901,1.0630974
2054.6361,1.0165948
2055.4822,1.5269583
2056.3285,2.429482
2057.175,2.7516169
2058.0216,2.9639513
2058.8685,2.7370733
2059.7155,2.1258849
2060.5626,2.0872489
2061.41,2.0721456
2062.2575,2.2139084
2063.1052,1.5713609
2063.9531,1.0699931
2064.8011,0.50588363
2065.6493,1.6986402
2066.4977,1.1580668
2067.3463,0.54690855
2068.195,0.72006733
2069.044,0.54028828
2069.8931,0.45463023
2070.7423,0.54152453
2071.5918,1.2323438
2072.4414,1.4839506
2073.2912,1.6649726
2074.1411,1.3597234
2074.9913,1.4466345
2075.8416,0.81982336
2076.6921,0.79693716
2077.5427,1.2760151
2078.3935,1.7158807
2079.2446,1.5988869
2080.0957,0.82307285
2080.9471,1.2158896
2081.7986,1.2322392
2082.6503,0.30741562
2083.5022,0.35514441
2084.3543,0.38719027
2085.2065,0.48982771
2086.0589,0.85129202
2086.9115,0.42060281
2087.7642,-0.064985009
2088.6171,0.24158738
2089.4702,0.57953565
2090.3235,0.89395786
2091.1769,0.3613246
2092.0306,-0.2497367
2092.8844,-0.17059857
2093.7383,-0.43655514
2094.5925,0.47396222
2095.4468,-0.058654323
2096.3013,1.095007
2097.1559,0.98592654
2098.0108,1.0101828
2098.8658,1.4893443
2099.721,0.83909743
2100.5763,0.36140291
2101.4319,0.82488821
2102.2876,1.2021023
2103.1435,1.5244179
2103.9995,0.52908965
2104.8558,0.23964715
2105.7122,0.067855053
2106.5688,-0.033345466
2107.4255,0.2105554
2108.2824,-1.0514227
2109.1395,-1.1447701
2109.9968,-0.43027096
2110.8543,0.29207466
2111.7119,-0.02871364
2112.5697,0.68579553
2113.4277,0.54540608
2114.2858,0.53051017
2115.1441,0.3038529
2116.0026,-0.18162456
2116.8613,0.98780329
2117.7202,0.039587428
2118.5792,-0.17921333
2119.4384,0.21375397
2120.2977,0.48123441
2121.1573,0.80362016
2122.017,-0.16810839
2122.8769,-0.096696349
2123.737,-0.59782998
2124.5972,-0.7068034
2125.4576,-0.14126368
2126.3182,0.21251469
2127.179,0.0015905159
2128.0399,-0.43678129
2128.901,-0.47514976
2129.7623,-0.08214233
2130.6238,0.10694687
2131.4854,0.34309825
2132.3472,-0.063884291
2133.2092,0.40756789
2134.0713,0.40843518
2134.9337,0.095580318
2135.7962,0.56704253
2136.6588,-0.075217403
2137.5217,0.043310321
2138.3847,0.49125316
2139.2479,-0.42550655
2140.1113,-0.34618448
2140.9748,-0.66685906
2141.8386,-0.15615775
2142.7025,0.4800371
2143.5665,-0.13082353
2144.4308,-0.019161199
2145.2952,0.08465995
2146.1598,-0.55661499
2147.0246,-0.71945659
2147.8895,-0.2626884
2148.7546,-0.033369235
2149.6199,0.12536365
2150.4854,-0.15511719
2151.351,0.76440392
2152.2168,0.13882894
2153.0828,-0.00046956402
2153.949,-0.59466808
2154.8153,-0.082982283
2155.6818,0.1620388
2156.5485,0.48549321
2157.4154,0.91091036
2158.2824,0.71672163
2159.1496,1.3695937
2160.017,2.3518794
2160.8845,2.9890691
2161.7523,4.4811627
2162.6202,7.1654151
2163.4882,10.971238
2164.3565,16.612357
2165.2249,19.759361
2166.0935,22.06715
2166.9623,23.292589
2167.8312,22.651363
2168.7004,20.567001
2169.5697,16.733622
2170.4391,13.755147
2171.3088,11.882557
2172.1786,9.8923207
2173.0486,9.0471848
2173.9188,10.029502
2174.7891,12.917703
2175.6596,16.268652
2176.5303,20.325484
2177.4012,23.911731
2178.2722,23.411705
2179.1434,22.072465
2180.0148,19.635188
2180.8864,16.986148
2181.7581,13.356718
2182.63,10.566505
2183.5021,8.1135498
2184.3744,5.6605962
2185.2468,4.9958799
2186.1194,5.3821458
2186.9922,5.9252765
2187.8651,6.1546837
2188.7383,7.8272301
2189.6116,7.366445
2190.4851,5.8546816
2191.3587,5.7703711
2192.2325,4.9880233
2193.1065,3.8135206
2193.9807,3.6350983
2194.8551,3.9664819
2195.7296,4.1253184
2196.6043,2.9429805
2197.4791,2.709664
2198.3542,4.1077221
2199.2294,4.1724488
2200.1048,3.8371774
2200.9804,5.0156335
2201.8561,6.0058563
2202.732,5.7490222
2203.6081,5.3039547
2204.4844,5.3294775
2205.3608,4.2804924
2206.2374,4.0628817
2207.1142,3.9786064
2207.9912,2.9139409
2208.8683,2.3669244
2209.7456,2.3297138
2210.6231,2.8650541
2211.5008,2.7964749
2212.3786,2.2651525
2213.2566,2.7299104
2214.1348,2.6848665
2215.0131,2.5221774
2215.8917,2.7045883
2216.7704,2.53406
2217.6493,3.2654944
2218.5283,2.8439896
2219.4075,3.0891534
2220.2869,3.6637309
2221.1665,4.4579183
2222.0463,6.1619115
2222.9262,6.9874753
2223.8063,8.9110803
2224.6865,9.7052754
2225.567,9.7073157
2226.4476,9.544652
2227.3284,9.3114021
2228.2094,8.2546247
2229.0905,8.2880453
2229.9718,7.3959777
2230.8533,6.3941081
2231.735,6.7177307
2232.6168,6.1864532
2233.4988,5.6394915
2234.381,5.7513552
2235.2634,5.1730248
2236.1459,4.6731278
2237.0286,4.3457817
2237.9115,4.3478493
2238.7946,4.5381542
2239.6778,4.3755198
2240.5612,4.7697502
2241.4448,4.3561394
2242.3285,4.1542952
2243.2125,4.2740216
2244.0966,4.39375
2244.9808,3.7840686
2245.8653,3.393997
2246.7499,3.96079
2247.6347,3.3511145
2248.5197,4.0355585
2249.4048,4.0141221
2250.2902,3.6868054
2251.1757,4.1202749
2252.0613,2.9694326
2252.9472,1.9205531
2253.8332,1.7501069
2254.7194,1.8384862
2255.6058,1.9817694
2256.4923,1.3407409
2257.379,1.3193221
2258.2659,0.78810136
2259.153,1.0960983
2260.0402,1.3021364
2260.9276,1.6493529
2261.8152,1.1965713
2262.703,1.7398702
2263.5909,1.7655239
2264.479,1.124513
2265.3673,0.90703337
2266.2558,1.1679871
2267.1444,1.2877663
2268.0332,1.2506847
2268.9222,1.6528208
2269.8113,1.2314294
2270.7007,0.92768705
2271.5902,0.50629957
2272.4798,0.46922777
2273.3697,0.88705989
2274.2597,0.99901162
2275.1499,0.77371039
2276.0403,0.54841112
2276.9308,0.64468243
2277.8216,0.929191
2278.7125,1.2293878
2279.6035,1.5139003
2280.4948,1.7670421
2281.3862,1.6280291
2282.2778,0.91646902
2283.1695,1.0441266
2284.0615,0.67766843
2284.9536,1.1661142
2285.8459,1.2780913
2286.7384,0.69203123
2287.631,0.5138162
2288.5238,1.1591325
2289.4168,1.9613136
2290.31,1.6968299
2291.2033,1.3147011
2292.0968,1.8423782
2292.9905,2.2053514
2293.8843,2.1291109
2294.7784,1.2528723
2295.6726,1.0903611
2296.567,1.963146
2297.4615,2.2006388
2298.3562,2.2185257
2299.2511,1.867787
2300.1462,2.1915602
2301.0415,2.0839627
2301.9369,2.2744064
2302.8325,2.229558
2303.7283,1.2513781
2304.6242,2.1398669
2305.5203,2.13424
2306.4166,3.3521445
2307.3131,5.2759333
2308.2098,7.3644299
2309.1066,10.111752
2310.0036,11.525743
2310.9007,11.637775
2311.7981,12.118436
2312.6956,11.414785
2313.5933,10.091529
2314.4911,8.619255
2315.3892,7.2960026
2316.2874,5.5962815
2317.1858,4.3749937
2318.0843,2.6752766
2318.9831,2.3559535
2319.882,2.2170246
2320.7811,1.3800584
2321.6803,1.6568196
2322.5798,0.85122985
2323.4794,1.1123087
2324.3791,1.3577033
2325.2791,1.1795704
2326.1792,1.3857532
2327.0795,1.2076242
2327.98,0.99812458
2328.8807,1.4552936
2329.7815,1.2379548
2330.6825,1.483363
2331.5837,2.5836752
2332.485,2.5937932
2333.3865,3.4745015
2334.2882,4.3630548
2335.1901,3.9418061
2336.0921,3.5127163
2336.9944,4.0091186
2337.8967,4.9839543
2338.7993,4.9470272
2339.7021,4.4395138
2340.605,4.708473
2341.5081,4.34214
2342.4113,3.5836521
2343.3148,3.4604602
2344.2184,3.1176625
2345.1222,2.7748667
2346.0261,2.0634455
2346.9303,1.7912418
2347.8346,1.9504127
2348.739,2.4389973
2349.6437,1.9001329
2350.5485,1.8161724
2351.4535,1.7165276
2352.3587,1.9462965
2353.2641,2.2858713
2354.1696,2.052899
2355.0753,2.2199286
2355.9812,2.6457838
2356.8872,2.6167389
2357.7935,2.2739705
2358.6999,2.441008
2359.6064,1.8080474
2360.5132,1.2221477
2361.4201,0.8793871
2362.3272,0.95231476
2363.2345,0.53896986
2364.1419,1.5922936
2365.0495,1.8691487
2365.9573,0.92247632
2366.8653,0.84639415
2367.7734,1.4918826
2368.6817,1.282471
2369.5902,1.9279633
2370.4989,1.0675752
2371.4077,1.1875812
2372.3167,0.86053042
2373.2259,1.2628933
2374.1353,1.6495719
2375.0448,1.4480171
2375.9545,1.8660721
2376.8644,1.3664821
2377.7745,1.4237567
2378.6847,1.0026019
2379.5951,1.7422334
2380.5057,1.8857884
2381.4164,1.5352277
2382.3274,2.3846689
2383.2385,2.6772494
2384.1498,2.4757142
2385.0612,2.3055535
2385.9728,2.2530418
2386.8846,1.855434
2387.7966,2.4068478
2388.7087,1.8915969
2389.6211,2.7567401
2390.5336,3.7395322
2391.4462,2.5889931
2392.3591,2.3090441
2393.2721,2.7820382
2394.1853,3.6001324
2395.0987,2.8103853
2396.0122,2.3186794
2396.9259,2.595603
2397.8398,2.7705677
2398.7539,2.8278873
2399.6681,2.1714833
2400.5825,2.181748
2401.4971,2.6155441
2402.4119,2.8689499
2403.3268,3.2949067
2404.2419,3.5012577
2405.1572,2.4370223
2406.0726,2.2276909
2406.9883,2.4889497
2407.9041,3.3933477
2408.8201,3.6075515
2409.7362,3.6805808
2410.6525,4.200671
2411.569,6.3991944
2412.4857,7.2800727
2413.4026,7.4080119
2414.3196,7.4183059
2415.2368,8.2050724
2416.1542,7.6506645
2417.0717,6.6727291
2417.9894,5.773227
2418.9073,5.0698053
2419.8254,5.0095228
2420.7436,3.9453207
2421.6621,3.6419049
2422.5807,3.2522165
2423.4994,3.8507654
2424.4184,3.9551985
2425.3375,3.8635552
2426.2568,3.0738747
2427.1762,3.994
2428.0959,3.8239312
2429.0157,3.1832761
2429.9357,3.5857602
2430.8558,4.090207
2431.7762,3.5672049
2432.6967,3.0442047
2433.6173,3.7290496
2434.5382,3.0962493
2435.4592,3.318353
2436.3804,3.0855567
2437.3018,2.5939388
2438.2234,2.4631072
2439.1451,2.755807
2440.067,2.954391
2440.9891,2.9490555
2441.9113,2.6848984
2442.8338,2.4599589
2443.7564,2.0232566
2444.6791,2.4336152
2445.6021,2.2400541
2446.5252,1.4661028
2447.4485,1.2647025
2448.372,2.2397748
2449.2956,2.9403392
2450.2194,2.6761996
2451.1434,3.2355915
2452.0676,4.4851814
2452.9919,3.4759497
2453.9164,4.0275042
2454.8411,2.9633745
2455.766,3.177678
2456.691,3.1253169
2457.6162,2.3513891
2458.5416,2.2990319
2459.4672,2.3094217
2460.3929,2.1943233
2461.3188,1.059619
2462.2449,1.5249166
2463.1712,2.7353143
2464.0976,1.553557
2465.0242,1.1247429
2465.951,1.739068
2466.8779,1.7573166
2467.8051,2.3873319
2468.7324,2.1859765
2469.6598,2.4081526
2470.5875,3.0224874
2471.5153,3.448589
2472.4433,4.478614
2473.3715,3.9478567
2474.2998,4.5935719
2475.2284,5.3647793
2476.157,4.7242239
2477.0859,5.0170039
2478.015,6.0156681
2478.9442,7.5006088
2479.8736,7.2679044
2480.8031,6.9018686
2481.7329,6.5201485
2482.6628,6.577646
2483.5929,7.1606357
2484.5231,6.6534313
2485.4536,4.8207386
2486.3842,4.6821655
2487.315,3.9553591
2488.2459,3.589339
2489.1771,3.1292031
2490.1084,3.7357359
2491.0399,3.9108981
2491.9715,3.6546897
2492.9033,3.9710323
2493.8354,2.7422788
2494.7675,2.0860762
2495.6999,3.2573266
2496.6324,2.9070104
2497.5651,2.6978725
2498.498,2.7867758
2499.431,2.4050929
2500.3643,3.0508629
2501.2977,2.8103603
2502.2312,2.9777028
2503.165,2.5803414
2504.0989,2.4182761
2505.033,2.3111147
2505.9673,1.8117983
2506.9017,2.0967977
2507.8363,1.9661127
2508.7711,1.7334689
2509.7061,1.5792585
2510.6412,2.2642656
2511.5765,2.1492748
2512.512,2.8342859
2513.4477,2.7742009
2514.3835,2.3690198
2515.3195,2.6775661
2516.2557,1.8331733
2517.1921,1.8907432
2518.1286,1.7130209
2519.0653,1.5353006
2520.0022,1.0281704
2520.9393,1.0857481
2521.8765,0.91587681
2522.8139,1.1695369
2523.7515,1.203591
2524.6892,1.0101962
2525.6272,0.26778363
2526.5653,0.40380444
2527.5035,0.50845466
2528.442,0.23663624
2529.3806,0.80403546
2530.3194,0.28124056
2531.2584,0.29178095
2532.1975,0.2395782
2533.1369,0.2501225
2534.0763,0.6057668
2535.016,0.5300405
2535.9559,0.022943605
2536.8959,0.36290749
2537.8361,0.4440498
2538.7764,0.23499799
2539.717,-0.013267549
2540.6577,0.23258651
2541.5986,0.14903076
2542.5396,0.29292795
2543.4809,0.5231016
2544.4223,0.94935564
2545.3639,1.0069842
2546.3056,0.60971272
2547.2476,0.41636479
2548.1897,-0.20051061
2549.132,0.10810615
2550.0744,0.76966604
2551.017,1.3057377
2551.9598,0.69671325
2552.9028,0.77788685
2553.846,0.43553299
2554.7893,0.95592618
2555.7328,0.84102722
2556.6765,0.42809099
2557.6203,0.73672534
2558.5644,0.11202832
2559.5086,0.70301953
2560.4529,0.67440485
2561.3975,0.61441957
2562.3422,0.96227939
2563.2871,0.55719999
2564.2322,0.48937744
2565.1774,0.7274392
2566.1228,0.50275782
2567.0684,0.4898431
2568.0142,1.0024205
2568.9601,1.0522548
2569.9062,0.090326367
2570.8525,0.3989881
2571.799,0.63706355
2572.7456,0.69474879
2573.6924,0.59557325
2574.6394,0.81012516
2575.5866,1.2913457
2576.5339,0.90197993
2577.4814,0.81065535
2578.4291,1.3938425
2579.377,1.8358552
2580.325,1.7445365
2581.2732,1.5512589
2582.2216,1.7109245
2583.1701,2.2862783
2584.1188,2.571438
2585.0677,2.9977761
2586.0168,3.3456848
2586.9661,2.524968
2587.9155,2.551312
2588.8651,2.6639325
2589.8149,2.3922412
2590.7648,2.8970224
2591.7149,1.8488644
2592.6652,1.8124731
2593.6157,2.536868
2594.5663,1.6769511
2595.5172,1.5150755
2596.4681,1.8002606
2597.4193,1.2776045
2598.3707,1.6490681
2599.3222,1.0872002
2600.2739,1.0743539
2601.2257,0.77131352
2602.1778,0.67219664
2603.13,1.2475915
2604.0823,0.61514522
2605.0349,0.68074008
2605.9876,0.96594475
2606.9405,1.0472298
2607.8936,1.254007
2608.8469,0.87255087
2609.8003,0.04403787
2610.7539,0.22729153
2611.7077,-0.10709992
2612.6617,0.20949099
2613.6158,0.60451522
2614.5701,0.0034629704
2615.5246,-0.27601869
2616.4792,0.44058003
2617.434,0.34149444
2618.389,0.30515589
2619.3442,0.13548597
2620.2995,0.64032781
2621.2551,1.3020344
2622.2108,0.56766442
2623.1666,0.68035526
2624.1227,0.77736178
2625.0789,0.27829183
2626.0353,-0.17371734
2626.9918,0.088000928
2627.9486,0.083054488
2628.9055,0.10948255
2629.8626,-0.25624429
2630.8198,-0.74745937
2631.7773,0.10250397
2632.7349,-0.38086407
2633.6927,-0.47207328
2634.6506,0.064170436
2635.6088,-0.48193683
2636.5671,-0.58098332
2637.5256,0.17487411
2638.4842,-0.39475671
2639.443,-0.83889537
2640.402,-0.23989482
2641.3612,-0.10363741
2642.3206,0.40909254
2643.2801,0.25515778
2644.2398,0.30514654
2645.1997,0.19827451
2646.1597,-0.2546205
2647.12,0.36699608
2648.0804,0.13371248
2649.0409,0.48082283
2650.0017,0.20048399
2650.9626,0.32014693
2651.9237,0.47902735
2652.885,0.13594877
2653.8464,0.26346021
2654.808,0.3203852
2655.7698,-0.50896252
2656.7318,-0.30301435
2657.6939,-0.097064384
2658.6562,-0.19699499
2659.6187,-0.72045321
2660.5814,-0.78116456
2661.5442,-0.010501561
2662.5072,0.32094753
2663.4704,0.15828077
2664.4338,-0.12203127
2665.3973,-0.5670474
2666.361,-0.21990488
2667.3249,0.58998453
2668.2889,0.050856108
2669.2532,-0.20591758
2670.2176,-0.3607287
2671.1822,0.40995217
2672.1469,0.86690933
2673.1118,0.53171142
2674.0769,0.12592706
2675.0422,0.13583076
2676.0077,0.54573625
2676.9733,0.8458396
2677.9391,0.44006239
2678.905,0.33232618
2679.8712,0.012827055
2680.8375,-0.29098401
2681.804,-0.2810678
2682.7707,0.097477649
2683.7375,-0.81024962
2684.7045,-0.86307315
2685.6717,-0.23354195
2686.6391,-0.74910699
2687.6066,-0.77839575
2688.5743,-0.18023173
2689.5422,-0.24088946
2690.5103,0.12198402
2691.4785,-0.37788582
2692.4469,-0.015008776
2693.4155,0.20669359
2694.3843,0.47545656
2695.3532,0.46186838
2696.3223,0.4718114
2697.2916,0.53665817
2698.2611,0.50738907
2699.2307,0.43890608
2700.2005,1.2096406
2701.1705,0.87449448
2702.1406,1.1511149
2703.111,1.6473449
2704.0815,1.4533807
2705.0521,2.0358888
2706.023,2.7831046
2706.994,2.7695379
2707.9652,2.7795023
2708.9366,2.4992725
2709.9081,2.3445347
2710.8798,1.5309751
2711.8517,1.9880055
2712.8238,1.9901358
2713.796,2.2275619
2714.7685,1.9238134
2715.741,1.8318314
2716.7138,2.0222041
2717.6867,1.5537551
2718.6599,1.5088372
2719.6331,1.5894114
2720.6066,0.85430104
2721.5802,0.8799768
2722.5541,0.39585042
2723.528,1.0176082
2724.5022,0.74525009
2725.4765,0.64544281
2726.451,0.60053927
2727.4257,0.069363006
2728.4006,-0.43828206
2729.3756,-0.0047488628
2730.3508,0.35035475
2731.3262,1.2152641
2732.3017,0.23703791
2733.2775,0.48234296
2734.2534,0.86098313
2735.2294,0.55727215
2736.2057,-0.068005676
2737.1821,0.091032012
2738.1587,0.40693423
2739.1355,0.65225
2740.1124,0.65443031
2741.0895,-0.24534838
2742.0668,-0.92551745
2743.0443,-0.14686119
2744.0219,-0.081928641
2744.9998,0.41437825
2745.9778,0.19696143
2746.9559,-1.1498654
2747.9343,-0.32414135
2748.9128,0.054525629
2749.8915,-0.20994286
2750.8703,-0.27833113
2751.8494,-0.1741686
2752.8286,-0.022945454
2753.808,-0.33446562
2754.7875,0.26381992
2755.7672,0.86995039
2756.7472,0.50353363
2757.7272,0.45084414
2758.7075,0.61776428
2759.6879,0.75331366
2760.6685,1.5476884
2761.6493,1.2597119
2762.6302,0.94820783
2763.6114,1.0837644
2764.5927,1.1173619
2765.5741,1.3313534
2766.5558,1.6159349
2767.5376,1.5946358
2768.5196,0.72627969
2769.5018,0.34419989
2770.4841,0.37780814
2771.4667,0.79573191
2772.4493,0.46855943
2773.4322,0.27472207
2774.4153,-0.028917431
2775.3985,-0.37177083
2776.3819,-0.0087400845
2777.3654,0.071939505
2778.3492,-0.04345755
2779.3331,0.060755026
2780.3172,0.25908704
2781.3014,-0.12297132
2782.2859,-0.27757692
2783.2705,0.29723104
2784.2553,-0.076978818
2785.2402,-0.090402578
2786.2254,0.029508782
2787.2107,0.78471605
2788.1961,1.1399251
2789.1818,0.49121437
2790.1676,0.32877994
2791.1536,0.73105318
2792.1398,0.31764193
2793.1262,0.7120756
2794.1127,0.45553067
2795.0994,0.77153655
2796.0863,0.96205401
2797.0733,0.10943601
2798.0605,0.19799627
2799.0479,0.61597008
2800.0355,0.57120058
2801.0232,0.16564855
2802.0112,0.25421596
2802.9993,0.89964789
2803.9875,1.7725326
2804.976,1.210125
2805.9646,0.63203286
2806.9534,0.86962881
2807.9423,0.91899126
2808.9315,1.0154143
2809.9208,1.4726235
2810.9103,1.7259128
2811.8999,1.4694001
2812.8898,1.6442617
2813.8798,1.7485368
2814.87,1.8841862
2815.8603,1.7923865
2816.8509,1.9829415
2817.8416,1.8440865
2818.8324,1.6032726
2819.8235,2.1546172
2820.8147,2.9647872
2821.8061,2.7161355
2822.7977,3.1498384
2823.7895,3.5364844
2824.7814,4.0015635
2825.7735,4.9450757
2826.7658,4.9238839
2827.7582,5.6791644
2828.7508,6.4893487
2829.7436,7.1191426
2830.7366,8.0940364
2831.7297,9.2493241
2832.7231,9.9418685
2833.7166,11.324611
2834.7102,11.028923
2835.7041,11.172453
2836.6981,10.900299
2837.6923,11.122264
2838.6866,10.889329
2839.6812,9.5740429
2840.6759,9.3881702
2841.6708,8.7081816
2842.6658,8.7105478
2843.6611,7.9207589
2844.6565,8.1035208
2845.6521,6.4117747
2846.6478,5.0886578
2847.6437,5.2478956
2848.6399,4.7326255
2849.6361,4.6408865
2850.6326,4.0550317
2851.6292,3.5946688
2852.626,3.7617587
2853.623,3.5837524
2854.6202,2.4802577
2855.6175,2.9297059
2856.615,2.9477834
2857.6127,2.1580195
2858.6105,1.9094339
2859.6085,2.1079088
2860.6067,2.4554052
2861.6051,1.8538838
2862.6036,2.0366779
2863.6024,2.462611
2864.6012,1.9865851
2865.6003,1.6752669
2866.5996,1.4188524
2867.599,1.6408711
2868.5986,1.7374014
2869.5983,1.4417766
2870.5983,1.2559575
2871.5984,1.6819049
2872.5987,0.80589333
2873.5991,1.2318443
2874.5998,1.8695618
2875.6006,1.9033595
2876.6016,1.3959825
2877.6027,1.3042936
2878.604,1.5577045
2879.6055,1.4738623
2880.6072,1.3821787
2881.6091,0.93755574
2882.6111,0.99489536
2883.6133,1.695374
2884.6157,1.7291878
2885.6182,1.8335916
2886.621,1.0517227
2887.6239,1.0776987
2888.6269,1.4095588
2889.6302,0.97279331
2890.6336,1.8223041
2891.6372,1.8090716
2892.641,1.2781938
2893.6449,1.7512393
2894.649,1.6360513
2895.6533,1.395375
2896.6578,1.5547004
2897.6624,1.1806943
2898.6673,1.0890429
2899.6723,1.6405305
2900.6774,1.3135886
2901.6828,1.3552759
2902.6883,1.1459846
2903.694,1.4072833
2904.6998,1.2685838
2905.7058,1.0514547
2906.7121,1.1558961
2907.7184,0.78190781
2908.725,0.29811743
2909.7317,0.22217196
2910.7386,0.5070126
2911.7457,0.33695307
2912.753,0.3943463
2913.7604,0.83605505
2914.768,0.22678519
2915.7758,0.76261516
2916.7837,1.3690351
2917.7919,0.9401628
2918.8002,0.48776284
2919.8086,0.12163917
2920.8173,-0.017031731
2921.8261,0.47175014
2922.8351,0.3722985
2923.8443,-0.072249397
2924.8536,-0.3050308
2925.8631,0.35630724
2926.8728,0.36666667
2927.8827,0.32212593
2928.8927,0.0736654
2929.9029,0.32716745
2930.9133,0.55714187
2931.9239,1.24202
2932.9346,1.6759196
2933.9455,1.600017
2934.9566,1.1633319
2935.9679,1.2207663
2936.9793,1.0429083
2937.9909,1.4454442
2939.0027,1.6832761
2940.0147,1.3250313
2941.0268,0.2295334
2942.0391,0.16148827
2943.0516,0.5954057
2944.0643,0.38618767
2945.0771,0.47501064
2946.0901,1.0344236
2947.1033,1.1859953
2948.1166,0.81992165
2949.1301,1.3871831
2950.1438,0.99758368
2951.1577,0.95308404
2952.1718,0.61839011
2953.186,0.66016856
2954.2004,0.49018408
2955.2149,0.42216218
2956.2297,0.024730303
2957.2446,0.49788845
2958.2597,0.73575426
2959.275,0.055974799
2960.2904,0.27815791
2961.306,0.17877418
2962.3218,-0.31276462
2963.3378,-0.68665458
2964.3539,-0.14289569
2965.3702,0.25968852
2966.3867,0.058352941
2967.4034,0.169302
2968.4202,-0.18249383
2969.4372,-0.079387516
2970.4544,-0.054712374
2971.4718,-0.75160566
2972.4893,-0.30340072
2973.507,0.10558874
2974.5249,-0.56777455
2975.5429,-0.38623568
2976.5612,-0.51842211
2977.5796,0.00037205354
2978.5981,-0.014166921
2979.6169,-0.044391974
2980.6358,-0.058930557
2981.6549,-0.10484149
2982.6742,-0.16643851
2983.6936,0.51706272
2984.7133,0.24370139
2985.7331,0.3154383
2986.753,0.15972442
2987.7732,0.34910878
2988.7935,0.24829726
2989.814,-0.15055328
2990.8346,0.32118461
2991.8555,-0.014920445
2992.8765,-0.013770398
2993.8977,0.55208573
2994.9191,1.000295
2995.9406,0.37399464
2996.9623,0.17122391
2997.9842,0.21943376
2999.0062,0.62058498
3000.0285,0.42565797
3001.0509,0.82680959
3002.0735,0.80443199
3003.0962,0.31930949
3004.1192,0.014579337
3005.1423,-0.12544473
3006.1655,0.76198237
3007.189,1.3513705
3008.2126,0.2466411
3009.2364,-0.034558656
3010.2604,0.40581041
3011.2846,1.1128463
3012.3089,1.051255
3013.3334,0.99750703
3014.3581,1.1241514
3015.3829,0.96059987
3016.4079,0.72646031
3017.4331,1.2060464
3018.4585,2.2738681
3019.484,2.1573761
3020.5098,3.0212766
3021.5356,3.3204713
3022.5617,4.2549604
3023.588,5.1267046
3024.6144,5.8337431
3025.641,6.783919
3026.6677,8.4635069
3027.6947,9.1627028
3028.7218,10.175624
3029.7491,10.435605
3030.7765,9.73088
3031.8042,10.830077
3032.832,10.431234
3033.8599,8.6049414
3034.8881,8.7864916
3035.9164,8.4033362
3036.9449,7.5025339
3037.9736,5.9193788
3039.0025,5.653871
3040.0315,5.9844419
3041.0607,5.805209
3042.0901,5.1004861
3043.1196,4.3408614
3044.1494,4.4518252
3045.1793,4.5471029
3046.2093,3.4345377
3047.2396,2.7219726
3048.27,3.5231333
3049.3006,2.7321373
3050.3314,2.2862395
3051.3623,2.7109301
3052.3934,1.8885621
3053.4247,1.9289394
3054.4562,1.6555914
3055.4878,1.5077339
3056.5196,2.2226216
3057.5516,1.8629996
3058.5838,1.5033779
3059.6161,1.5437564
3060.6486,2.0625665
3061.6813,1.7892199
3062.7142,0.6845009
3063.7472,1.4229194
3064.7804,1.6593773
3065.8138,0.95465891
3066.8474,0.71268583
3067.8811,0.72169333
3068.915,0.9973677
3069.9491,1.0534344
3070.9833,1.1251876
3072.0178,0.87537238
3073.0524,1.0412436
3074.0871,1.0659386
3075.1221,0.75337882
3076.1572,0.84866241
3077.1925,0.39492658
3078.228,0.44315174
3079.2636,0.28745552
3080.2995,0.28077911
3081.3355,0.53292642
3082.3716,1.0987994
3083.408,1.2254569
3084.4445,0.96780091
3085.4812,0.92190979
3086.518,1.3779796
3087.5551,1.1987556
3088.5923,0.86266898
3089.6297,1.3814845
3090.6672,1.7199081
3091.705,1.9877437
3092.7429,1.2987167
3093.781,1.2528271
3094.8192,2.0069378
3095.8577,1.4277153
3096.8963,1.0916302
3097.9351,1.5712317
3098.974,1.9410294
3100.0132,1.8245528
3101.0525,1.2139587
3102.0919,2.1798354
3103.1316,2.2986535
3104.1714,2.2449228
3105.2114,2.4892315
3106.2516,2.8511874
3107.2919,3.6602024
3108.3325,4.1790215
3109.3732,4.2037231
3110.414,4.5892092
3111.4551,4.7394015
3112.4963,5.3052802
3113.5377,6.3339041
3114.5793,6.8840969
3115.621,5.9754664
3116.6629,5.7021302
3117.705,5.0836961
3118.7473,5.8064388
3119.7897,6.0429071
3120.8324,4.8283952
3121.8751,5.5511384
3122.9181,5.0425092
3123.9612,4.8868214
3125.0046,4.6605456
3126.048,3.9715249
3127.0917,4.0511318
3128.1355,3.3307389
3129.1795,3.4574051
3130.2237,3.7174047
3131.2681,3.3028948
3132.3126,2.6217184
3133.3573,1.8542677
3134.4022,2.3103466
3135.4472,2.099759
3136.4925,1.6303481
3137.5379,1.7491726
3138.5835,0.95819348
3139.6292,1.6338812
3140.6751,0.99976518
3141.7212,0.62447289
3142.7675,0.71976903
3143.8139,0.79153596
3144.8606,0.58879328
3145.9074,0.34683511
3146.9543,0.36370066
3148.0015,0.62370367
3149.0488,0.60919707
3150.0963,0.16331811
3151.1439,0.71351778
3152.1918,0.72254118
3153.2398,0.30803537
3154.288,0.5994121
3155.3364,0.26333805
3156.3849,0.38216615
3157.4336,0.50883759
3158.4825,0.93354844
3159.5315,0.47198498
3160.5808,0.45748054
3161.6302,0.64689786
3162.6798,0.61670753
3163.7295,0.45318407
3164.7795,0.34456276
3165.8296,-0.21896031
3166.8798,-0.076600827
3167.9303,0.46575885
3168.9809,0.043412837
3170.0317,0.16224349
3171.0827,0.30460376
3172.1339,0.28225833
3173.1852,0.94226605
3174.2367,0.56697984
3175.2883,0.47404677
3176.3402,0.29483939
3177.3922,0.3666126
3178.4444,1.0893664
3179.4968,0.80819881
3180.5493,0.89565888
3181.602,0.73213876
3182.6549,0.51371686
3183.708,0.74235399
3184.7612,0.60236387
3185.8147,0.6662955
3186.8682,0.2596391
3187.922,0.27651231
3188.9759,0.70907199
3190.03,0.39653382
3191.0843,0.27223115
3192.1388,0.3440071
3193.1934,0.45499893
3194.2482,0.38559881
3195.3032,0.05737535
3196.3584,-0.27084791
3197.4137,0.091125099
3198.4692,0.22564733
3199.5249,0.74448348
3200.5807,0.99665316
3201.6368,0.28411715
3202.693,0.48138526
3203.7493,0.76492808
3204.8059,0.89160834
3205.8626,0.57122998
3206.9195,0.73712633
3207.9766,0.86380719
3209.0338,0.5199
3210.0913,0.48187537
3211.1489,-0.065952988
3212.2066,-0.26868311
3213.2646,0.53250853
3214.3227,-0.062378064
3215.381,0.11136299
3216.4394,0.22235914
3217.4981,-0.27056608
3218.5569,0.060038307
3219.6159,0.18672132
3220.675,0.28203198
3221.7344,0.00087225304
3222.7939,-0.19401277
3223.8536,0.3483573
3224.9134,-0.30142929
3225.9735,-0.36298039
3227.0337,-0.42795482
3228.0941,-0.14783158
3229.1546,-0.44810085
3230.2153,-0.018958734
3231.2762,-0.35844443
3232.3373,0.15697147
3233.3986,-0.064867905
3234.46,-0.31808019
3235.5216,-0.43795951
3236.5834,-0.33038822
3237.6453,0.78894742
3238.7075,0.78671406
3239.7698,-0.17238241
3240.8322,0.35087369
3241.8949,0.4035412
3242.9577,0.60522794
3244.0207,0.72848295
3245.0839,0.043894448
3246.1472,-0.217165
3247.2107,-0.56449933
3248.2744,0.060714991
3249.3383,0.6545564
3250.4023,1.0993778
3251.4665,-0.063644232
3252.5309,-0.72470588
3253.5955,-0.092291112
3254.6602,-0.33046505
3255.7251,0.22351741
3256.7902,0.048087626
3257.8555,-0.36263674
3258.9209,0.31683449
3259.9865,-0.28996925
3261.0523,-0.20657738
3262.1182,-0.58593109
3263.1844,-0.58097154
3264.2507,-0.23091442
3265.3172,-0.16321072
3266.3838,-0.4562918
3267.4506,-0.93760864
3268.5176,-0.29735733
3269.5848,0.20171704
3270.6522,-0.38940514
3271.7197,-0.47856701
3272.7874,0.20089811
3273.8553,0.24506863
3274.9233,0.55590535
3275.9915,1.0392906
3277.0599,1.9697342
3278.1285,2.194295
3279.1972,2.0345416
3280.2662,2.2198858
3281.3352,1.918955
3282.4045,2.2925335
3283.4739,2.007288
3284.5436,2.1534146
3285.6133,1.7191486
3286.6833,1.9593919
3287.7534,3.0466936
3288.8238,3.8751712
3289.8942,4.2565896
3290.9649,4.441929
3292.0357,4.6115817
3293.1067,6.0518222
3294.1779,6.7469642
3295.2493,6.9244586
3296.3208,7.2274428
3297.3925,7.4284657
3298.4644,6.5314489
3299.5364,6.1050199
3300.6087,5.9687865
3301.6811,5.5423565
3302.7536,4.9512202
3303.8264,3.7404756
3304.8993,3.0944363
3305.9724,2.4640829
3307.0457,2.0690232
3308.1191,1.6033747
3309.1928,1.7416473
3310.2666,1.6916842
3311.3405,1.6025049
3312.4147,1.2701879
3313.489,1.0947331
3314.5635,1.4055524
3315.6381,2.5320575
3316.713,1.8467974
3317.788,2.3536937
3318.8632,4.1390209
3319.9385,4.8341516
3321.0141,4.7841837
3322.0898,4.1459801
3323.1657,4.135227
3324.2417,4.7127087
3325.318,4.9215625
3326.3944,4.5657099
3327.471,3.8882883
3328.5477,4.3324348
3329.6246,3.6785416
3330.7017,2.4520989
3331.779,2.2217342
3332.8565,2.0776435
3333.9341,1.5962974
3335.0119,1.1384803
3336.0899,1.7473294
3337.168,1.9875506
3338.2463,2.2591438
3339.3248,2.2170111
3340.4035,2.3082112
3341.4824,2.3680383
3342.5614,2.6710022
3343.6406,2.5896519
3344.7199,2.2730071
3345.7995,2.4191068
3346.8792,2.4083433
3347.9591,1.5975794
3349.0392,1.6103444
3350.1194,1.2623246
3351.1998,1.0554808
3352.2804,0.35451889
3353.3612,0.86139965
3354.4421,0.88984857
3355.5232,0.34574799
3356.6045,0.95458812
3357.686,0.9987219
3358.7676,0.50952187
3359.8494,1.1811057
3360.9314,1.6017086
3362.0135,1.7007425
3363.0959,1.9566386
3364.1784,2.25175
3365.261,2.9860765
3366.3439,2.3243242
3367.4269,2.0547282
3368.5101,2.9929749
3369.5935,2.2292604
3370.677,2.0773101
3371.7608,1.4312416
3372.8447,0.88713353
3373.9287,1.0410642
3375.013,0.65381785
3376.0974,0.92539459
3377.182,0.40481401
3378.2668,0.67638981
3379.3517,0.63423966
3380.4368,0.6077753
3381.5221,0.25974185
3382.6076,0.25680597
3383.6932,1.1872029
3384.779,0.70583475
3385.865,0.59309353
3386.9512,1.0372146
3388.0375,0.3519234
3389.124,0.01957293
3390.2107,-0.0068956637
3391.2976,0.17055684
3392.3846,-0.16963818
3393.4718,0.20389181
3394.5592,0.27153898
3395.6467,-0.30395158
3396.7345,-0.30689359
3397.8224,-0.46669881
3398.9105,-0.26572019
3399.9987,-0.30003616
3401.0871,0.46564739
3402.1757,0.58035009
3403.2645,-0.19906533
3404.3535,-0.15495182
3405.4426,0.88523966
3406.5319,0.80386204
3407.6213,0.44013101
3408.711,1.0332622
3409.8008,1.0224714
3410.8908,1.3018763
3411.981,1.3538296
3413.0713,1.3900962
3414.1618,1.5361663
3415.2525,0.88223588
3416.3434,0.80085402
3417.4344,1.0488834
3418.5256,0.64593202
3419.617,0.63513698
3420.7086,0.89100813
3421.8003,0.12727098
3422.8922,0.20274903
3423.9843,0.066461913
3425.0766,-0.35217862
3426.169,-0.67670198
3427.2616,-0.73455914
3428.3544,-0.45516187
3429.4474,0.051685914
3430.5405,-0.029702072
3431.6338,-0.11109053
3432.7273,0.1134029
3433.8209,0.13397428
3434.9147,0.21729029
3436.0087,0.70060583
3437.1029,0.14862679
3438.1973,0.1299806
3439.2918,-0.084744489
3440.3865,-0.40927397
3441.4814,0.27011765
3442.5764,0.051138209
3443.6716,-0.12862544
3444.767,-0.37113409
3445.8626,-0.75481911
3446.9583,0.10071165
3448.0542,-0.4790516
3449.1503,0.22745976
3450.2466,0.62024572
3451.343,-0.085007425
3452.4397,-0.15496636
3453.5364,-0.14649381
3454.6334,0.72472392
3455.7305,0.96064765
3456.8278,1.1887283
3457.9253,1.3619072
3459.023,1.0095959
3460.1208,1.0651278
3461.2188,1.7167383
3462.317,2.5644274
3463.4154,2.5964302
3464.5139,2.4950998
3465.6126,3.8369068
3466.7115,3.696361
3467.8105,3.6656191
3468.9098,4.3172303
3470.0092,3.7845279
3471.1087,3.8635902
3472.2085,4.2328488
3473.3084,3.4021075
3474.4085,3.3792094
3475.5088,3.8112133
3476.6092,3.3255703
3477.7098,2.8869862
3478.8106,2.4876179
3479.9116,2.7235438
3481.0127,3.2653522
3482.114,3.0385332
3483.2155,1.8705379
3484.3172,1.8554838
3485.419,2.6404298
3486.5211,2.852827
3487.6232,1.7711065
3488.7256,1.4266411
3489.8281,1.8115875
3490.9308,1.3181027
3492.0337,1.7344218
3493.1368,2.0566235
3494.24,1.225884
3495.3434,0.76377213
3496.447,0.51342504
3497.5508,0.53758786
3498.6547,0.53822136
3499.7588,0.85258045
3500.8631,0.80615533
3501.9675,0.72835776
3503.0722,0.36820735
3504.177,0.039429588
3505.2819,0.071436239
3506.3871,0.96618809
3507.4924,0.40211651
3508.5979,-0.23254321
3509.7036,0.23083639
3510.8094,0.082451388
3511.9154,-0.24632567
3513.0216,0.052348343
3514.128,-0.33917362
3515.2345,0.10852021
3516.3412,0.71307688
3517.4481,0.85488855
3518.5552,1.0045435
3519.6624,0.83262984
3520.7699,1.2803242
3521.8774,0.78684212
3522.9852,0.58355626
3524.0931,0.8037999
3525.2012,0.88286718
3526.3095,0.66389534
3527.418,0.79002163
3528.5266,0.63379509
3529.6354,0.3207059
3530.7444,0.13310701
3531.8536,-0.070178059
3532.9629,-0.030325771
3534.0724,0.43305603
3535.1821,-0.57022874
3536.2919,-0.1617487
3537.4019,-0.17679797
3538.5121,-0.027141264
3539.6225,-0.14415112
3540.7331,-0.3709648
3541.8438,0.32771182
3542.9547,0.39893755
3544.0658,0.71330064
3545.177,0.91785991
3546.2884,0.36947811
3547.4,0.44070424
3548.5118,0.84134224
3549.6237,1.1400196
3550.7358,1.0151676
3551.8481,1.0550216
3552.9606,1.5419345
3554.0732,1.2994357
3555.186,1.394192
3556.299,1.583066
3557.4122,1.9758616
3558.5255,1.9137554
3559.639,1.4438062
3560.7527,2.1032688
3561.8666,2.8882217
3562.9806,3.2339591
3564.0948,4.3012651
3565.2092,4.8822968
3566.3238,5.2280344
3567.4385,6.2953408
3568.5534,6.8293139
3569.6685,8.4691695
3570.7837,10.32079
3571.8991,11.615548
3573.0147,12.769129
3574.1305,14.142318
3575.2465,14.37041
3576.3626,14.543599
3577.4789,15.030514
3578.5954,14.615469
3579.712,15.439639
3580.8288,15.228515
3581.9458,14.374254
3583.063,14.500386
3584.1803,13.230439
3585.2978,12.478139
3586.4155,12.580741
3587.5334,11.32648
3588.6514,11.036926
3589.7696,10.159136
3590.888,9.8774251
3592.0066,9.2663022
3593.1253,8.6630227
3594.2442,9.1420962
3595.3633,8.491758
3596.4826,7.7159297
3597.602,7.2067681
3598.7216,7.2779989
3599.8414,6.2511905
3600.9613,5.8126175
3602.0815,5.9701231
3603.2018,5.0295895
3604.3223,3.9008207
3605.4429,4.2936207
3606.5637,4.9374011
3607.6847,3.9811817
3608.8059,4.0994721
3609.9273,4.0373705
3611.0488,3.5674259
3612.1705,3.01905
3613.2923,3.3098899
3614.4144,3.2948475
3615.5366,3.7425503
3616.659,3.6412336
3617.7816,3.5556033
3618.9043,3.1327182
3620.0272,3.3137548
3621.1503,3.3928306
3622.2736,3.6601419
3623.397,3.6137278
3624.5206,2.9869216
3625.6444,2.9640371
3626.7684,3.5215448
3627.8925,4.4790527
3629.0168,3.8130312
3630.1413,3.0764216
3631.266,3.0535376
3632.3908,3.3992811
3633.5158,4.1371816
3634.641,4.3574352
3635.7663,4.3423947
3636.8919,5.0489229
3638.0176,6.0299611
3639.1434,5.7247248
3640.2695,5.9998808
3641.3957,5.7887624
3642.5221,6.314899
3643.6487,6.229271
3644.7754,6.5201137
3645.9024,6.8815447
3647.0295,6.6939562
3648.1567,6.2553874
3649.2842,6.4521128
3650.4118,5.9272697
3651.5396,6.1867405
3652.6675,5.9442505
3653.7957,5.6939175
3654.924,6.4475062
3656.0525,6.1422714
3657.1812,5.6958603
3658.31,5.8376846
3659.439,4.897156
3660.5682,4.9683922
3661.6976,5.7611972
3662.8271,4.8520415
3663.9568,4.2095525
3665.0867,3.9513774
3666.2167,4.0853592
3667.347,4.0154196
3668.4774,3.9297938
3669.608,3.553972
3670.7387,3.3977581
3671.8696,3.6729169
3673.0007,3.4304288
3674.132,3.8546074
3675.2635,2.9846684
3676.3951,2.2010041
3677.5269,2.5545948
3678.6589,3.0258326
3679.791,3.065698
3680.9233,2.9330144
3682.0558,2.9101349
3683.1885,3.0833339
3684.3213,2.7781017
3685.4544,2.4101244
3686.5876,3.1950885
3687.7209,3.1643663
3688.8545,3.0395266
3689.9882,2.5460596
3691.1221,2.2800436
3692.2561,2.6885375
3693.3904,2.3597766
3694.5248,2.6192512
3695.6594,2.9414709
3696.7941,2.6362397
3697.9291,2.0721852
3699.0642,2.0649934
3700.1995,2.3401547
3701.3349,2.4898259
3702.4705,2.8512619
3703.6063,3.0087765
3704.7423,3.676095
3705.8785,4.7747862
3707.0148,5.8028893
3708.1513,7.4427572
3709.288,8.329684
3710.4248,10.102885
3711.5619,11.75844
3712.6991,12.512034
3713.8364,13.116608
3714.974,13.0153
3716.1117,14.05909
3717.2496,15.369547
3718.3877,15.150592
3719.5259,14.335559
3720.6643,12.97935
3721.8029,12.752552
3722.9417,11.404186
3724.0806,10.440134
3725.2197,9.7505913
3726.359,8.3786961
3727.4985,8.0734676
3728.6381,7.1407883
3729.778,6.6002659
3730.9179,6.7577829
3732.0581,5.9662803
3733.1984,6.1316406
3734.3389,5.3793539
3735.4796,5.293734
3736.6205,6.7218397
3737.7615,5.6009258
3738.9027,5.3662866
3740.0441,5.9081181
3741.1856,5.9244594
3742.3274,6.8819774
3743.4693,5.6355738
3744.6114,5.1342685
3745.7536,5.6133553
3746.896,5.0022462
3748.0386,4.7754509
3749.1814,5.1839499
3750.3244,5.6708803
3751.4675,4.5656539
3752.6108,3.9623884
3753.7542,4.7708878
3754.8979,3.6499754
3756.0417,3.8388671
3757.1857,3.1493275
3758.3299,3.0401802
3759.4742,3.1741702
3760.6187,3.2846309
3761.7634,3.3245035
3762.9083,2.9643762
3764.0533,2.9571902
3765.1985,2.5186317
3766.3439,2.3075242
3767.4895,2.5277895
3768.6352,1.9088391
3769.7811,1.9173399
3770.9272,2.0278015
3772.0734,1.8245377
3773.2199,2.4918623
3774.3665,2.4140889
3775.5133,1.6539627
3776.6602,1.6232483
3777.8073,2.2827301
3778.9546,2.0951532
3780.1021,1.3585568
3781.2498,1.5317644
3782.3976,1.7049721
3783.5456,1.5722976
3784.6938,2.2945251
3785.8421,1.8402822
3786.9906,0.95466674
3788.1393,1.5121887
3789.2882,1.857946
3790.4372,1.7723309
3791.5865,1.1925982
3792.7359,0.96580684
3793.8854,1.4762705
3795.0352,1.0926165
3796.1851,1.1011195
3797.3352,1.2586423
3798.4854,1.3298906
3799.6359,1.7462371
3800.7865,0.89983855
3801.9373,0.85344011
3803.0882,0.99527708
3804.2394,1.0351534
3805.3907,1.0515003
3806.5421,0.416867
3807.6938,0.65282201
3808.8456,0.77897319
3809.9976,0.45806566
3811.1498,1.0155896
3812.3022,0.75742736
3813.4547,0.47573581
3814.6074,0.62541691
3815.7603,0.15549026
3816.9133,0.8385049
3818.0666,0.399951
3819.22,0.62022074
3820.3735,0.636569
3821.5273,0.95879972
3822.6812,0.4731874
3823.8353,0.76404577
3824.9896,0.49019836
3826.144,0.89086085
3827.2986,1.040543
3828.4534,0.76669594
3829.6084,0.64186853
3830.7635,0.48566868
3831.9188,0.619665
3833.0743,0.99679868
3834.23,1.1072658
3835.3858,1.1000859
3836.5418,1.1164356
3837.698,1.3445501
3838.8544,1.6432529
3840.0109,1.4635244
3841.1676,1.3543843
3842.3245,1.6844599
3843.4816,1.857673
3844.6388,2.3210821
3845.7962,2.5021385
3846.9538,2.5655479
3848.1115,2.2917025
3849.2695,2.0021709
3850.4276,1.7047963
3851.5858,2.1054609
3852.7443,2.1924002
3853.9029,1.5813004
3855.0617,1.5349066
3856.2207,1.2845913
3857.3798,0.83819766
3858.5391,1.0976865
3859.6986,0.99639109
3860.8583,0.32254677
3862.0182,0.42517315
3863.1782,0.70034864
3864.3384,0.94415169
3865.4987,0.72520973
3866.6593,0.31018945
3867.82,0.45203201
3868.9809,1.0017178
3870.1419,0.27297233
3871.3032,-0.079302457
3872.4646,-0.32961636
3873.6262,0.26712866
3874.7879,0.76975614
3875.9499,0.21356018
3877.112,-0.028910186
3878.2743,0.50509014
3879.4367,0.94497291
3880.5993,0.60054206
3881.7621,0.36591523
3882.9251,0.63324929
3884.0883,0.77509325
3885.2516,0.61889809
3886.4151,0.13329127
3887.5788,0.094743376
3888.7426,-0.037922068
3889.9067,-0.53137173
3891.0709,0.096747343
3892.2352,-0.2241531
3893.3998,-0.12152402
3894.5645,-0.23850269
3895.7294,-0.096657733
3896.8945,-0.095989144
3898.0597,0.053699152
3899.2251,0.18770127
3900.3907,-0.0077082685
3901.5565,-0.42272555
3902.7224,-0.12401725
3903.8885,-0.021387277
3905.0548,0.057713384
3906.2213,-0.31808782
3907.3879,-0.19192813
3908.5547,-0.36380756
3909.7217,-0.36313787
3910.8889,-0.4487426
3912.0562,-0.5735629
3913.2237,-0.25916743
3914.3914,-0.25849734
3915.5593,-0.50880754
3916.7273,-0.50813725
3917.8955,-0.044721767
3919.0639,0.097125191
3920.2324,-0.52181206
3921.4012,0.09062333
3922.5701,0.68737255
3923.7391,0.50193216
3924.9084,0.24590279
3926.0778,0.68791188
3927.2474,0.11031238
3928.4172,0.026829765
3929.5871,0.029620913
3930.7572,-0.19503967
3931.9275,0.0038284025
3933.098,0.28897023
3934.2686,0.34666033
3935.4395,-0.034866004
3936.6105,0.51694024
3937.7816,0.67658887
3938.953,1.0009426
3940.1245,0.41549171
3941.2962,0.27709886
3942.468,0.25635232
3943.6401,0.60423248
3944.8123,0.55211189
3945.9847,-0.049029058
3947.1572,0.0086527676
3948.33,-0.04347008
3949.5029,0.24166122
3950.6759,-0.21830627
3951.8492,-0.36454902
3953.0226,-0.13028067
3954.1962,0.36280989
3955.37,-0.030375378
3956.544,-0.39218941
3957.7181,-0.44027927
3958.8924,-0.71582143
3960.0669,0.083144903
3961.2415,0.2468158
3962.4163,-0.35029893
3963.5913,-0.97878753
3964.7665,-0.81512059
3965.9419,-0.49459221
3967.1174,-0.63681025
3968.2931,-0.39471588
3969.4689,-0.019289495
3970.645,-0.82817815
3971.8212,-0.4527544
3972.9976,-0.32046922
3974.1742,-0.48622457
3975.3509,0.038214846
3976.5278,-0.15891569
3977.7049,-0.073694594
3978.8822,-0.043376779
3980.0596,0.018312269
3981.2372,0.17411765
3982.415,-0.13045316
3983.593,0.26301544
3984.7711,0.27217052
3985.9494,0.23426696
3987.1279,0.0708734
3988.3065,0.48002905
3989.4854,0.44996922
3990.6644,-0.16832572
3991.8435,0.27220306
3993.0229,0.14802616
3994.2024,0.75326122
3995.3821,1.3349671
3996.562,0.12059465
3997.7421,0.36504598
3998.9223,0.81341906
4000.1027,0.48532175
4001.2832,0.15722464
4002.464,0.27618654
4003.6449,0.65397217
4004.826,0.22391485
4006.0073,0.78993616
4007.1887,0.55595767
4008.3703,-0.17213828
4009.5521,0.18996204
4010.7341,0.45794491
4011.9162,1.0553397
4013.0985,0.60175436
4014.281,1.2148359
4015.4637,1.396545
4016.6465,0.68413667
4017.8295,0.86584619
4019.0127,1.7455951
4020.1961,1.6135795
4021.3796,1.756074
4022.5633,1.977
4023.7472,2.4645928
4024.9313,2.6384603
4026.1155,2.9691908
4027.2999,2.7273725
4028.4845,3.9051622
4029.6692,3.9849129
4030.8542,3.7901539
4032.0393,4.9679442
4033.2245,5.8869112
4034.41,6.5392116
4035.5956,7.3875907
4036.7814,8.5261661
4037.9674,9.852977
4039.1535,12.317043
4040.3398,14.88307
4041.5263,16.711842
4042.713,19.144536
4043.8998,21.341936
4045.0869,23.453062
4046.2741,25.046541
4047.4614,27.16551
4048.649,27.982519
4049.8367,29.348547
4051.0246,29.726341
4052.2126,30.598252
4053.4009,30.340751
4054.5893,29.361683
4055.7779,28.829673
4056.9666,28.344722
4058.1555,27.044085
4059.3447,23.508155
4060.5339,20.921244
4061.7234,19.283353
4062.913,16.89252
4064.1028,14.972277
4065.2928,14.448112
4066.483,12.661202
4067.6733,10.576253
4068.8638,10.742284
4070.0545,10.971061
4071.2453,8.6429755
4072.4363,8.4717528
4073.6275,8.1044518
4074.8189,7.9332294
4076.0104,7.2757328
4077.2022,6.9790206
4078.3941,8.3450538
4079.5861,7.6248126
4080.7784,7.0614344
4081.9708,7.0627622
4083.1634,6.7189922
4084.3561,6.9007126
4085.5491,6.8314528
4086.7422,6.8563108
4087.9355,6.4733259
4089.1289,6.0668118
4090.3226,6.2485331
4091.5164,6.2969213
4092.7104,6.3453097
4093.9045,5.7819336
4095.0989,5.3597342
4096.2934,4.9767506
4097.4881,4.6094536
4098.6829,5.4656861
4099.8779,5.1219188
4101.0731,4.3232497
4102.2685,4.7167377
4103.4641,4.8043436
4104.6598,4.397832
4105.8557,4.4383794
4107.0518,4.2279466
4108.248,4.6920238
4109.4445,5.0227678
4110.6411,5.0397866
4111.8378,4.7979821
4113.0348,5.4424522
4114.2319,4.7771186
4115.4292,4.1196283
4116.6267,4.9523344
4117.8243,4.8124915
4119.0221,4.6491195
4120.2201,5.2622183
4121.4183,5.6870819
4122.6166,5.9080242
4123.8151,6.7328882
4125.0138,6.5538309
4126.2127,6.5316365
4127.4117,6.7604227
4128.6109,6.5029346
4129.8103,6.8493682
4131.0099,7.2899197
4132.2096,6.4912557
4133.4095,6.8690625
4134.6096,7.3331439
4135.8098,7.9227158
4137.0103,8.2456212
4138.2109,7.5018601
4139.4116,7.2757463
4140.6126,7.3398287
4141.8137,7.2313623
4143.015,6.7307393
4144.2165,6.5830576
4145.4181,6.94518
4146.62,7.1347537
4147.822,6.8772686
4149.0241,6.4237054
4150.2265,6.2838678
4151.429,7.1793245
4152.6317,7.7218403
4153.8346,7.8878857
4155.0376,7.2225587
4156.2408,6.7454672
4157.4442,7.2252386
4158.6478,7.0932455
4159.8515,6.9926252
4161.0554,7.401809
4162.2595,7.1207968
4163.4638,8.0162555
4164.6682,8.0097536
4165.8728,8.4738401
4167.0776,8.2320445
4168.2826,8.3667196
4169.4877,9.0661008
4170.693,9.0988156
4171.8985,9.2570207
4173.1041,8.842677
4174.31,10.098922
4175.516,9.8100687
4176.7222,9.9682746
4177.9285,9.3264807
4179.135,9.202334
4180.3417,10.654658
4181.5486,11.92659
4182.7557,11.159307
4183.9629,11.443004
4185.1703,11.758074
4186.3778,11.704517
4187.5856,12.592136
4188.7935,12.201325
4190.0016,12.72816
4191.2099,13.411859
4192.4183,13.475949
4193.6269,14.716511
4194.8357,14.968837
4196.0447,16.374105
4197.2538,16.59506
4198.4631,17.208171
4199.6726,17.907557
4200.8823,18.834394
4202.0921,19.502408
4203.3021,20.719442
4204.5123,22.187456
4205.7227,22.949588
4206.9332,22.974466
4208.1439,24.607186
4209.3548,24.757555
4210.5659,26.484393
4211.7771,27.889664
4212.9885,28.38513
4214.2001,29.578636
4215.4118,32.105476
4216.6237,33.51859
4217.8358,35.080724
4219.0481,36.360506
4220.2606,37.946169
4221.4732,40.574971
4222.686,42.137106
4223.899,43.660025
4225.1121,47.182945
4226.3254,49.035276
4227.5389,51.279765
4228.7526,53.53994
4229.9664,57.196193
4231.1804,61.1348
4232.3946,64.414584
4233.609,67.545348
4234.8235,69.844739
4236.0382,70.850014
4237.2531,72.68666
4238.4682,74.115465
4239.6834,75.6227
4240.8988,77.098563
4242.1144,77.162662
4243.3302,76.795389
4244.5461,76.153605
4245.7622,76.366724
4246.9785,77.356314
4248.195,77.341982
4249.4116,76.033533
4250.6284,74.858418
4251.8454,74.593106
4253.0625,73.44152
4254.2798,71.725229
4255.4973,70.542271
4256.715,67.735784
4257.9329,65.807728
4259.1509,63.001241
4260.3691,61.622206
4261.5875,58.972582
4262.806,54.699429
4264.0247,53.226276
4265.2436,50.921751
4266.4627,49.197619
4267.6819,47.865643
4268.9013,44.886609
4270.1209,43.609536
4271.3407,41.7756
4272.5606,39.839703
4273.7807,38.405768
4275.001,36.085558
4276.2215,35.1928
4277.4421,33.829453
4278.6629,32.842577
4279.8839,31.573349
4281.1051,30.398238
4282.3264,31.183912
4283.5479,30.502919
4284.7696,28.48075
4285.9915,27.572307
4287.2135,27.291314
4288.4357,27.284832
4289.6581,27.011684
4290.8806,26.581673
4292.1033,25.265387
4293.3262,24.309886
4294.5493,24.185758
4295.7726,24.069473
4296.996,23.694365
4298.2196,24.346708
4299.4434,24.002973
4300.6673,23.94159
4301.8914,23.43315
4303.1157,22.62667
4304.3402,23.631955
4305.5648,23.98626
4306.7896,24.80331
4308.0146,23.549772
4309.2398,22.186431
4310.4651,23.254462
4311.6906,23.428375
4312.9163,23.868956
4314.1422,24.238949
4315.3682,23.424628
4316.5944,22.735797
4317.8208,22.603829
4319.0474,23.154215
4320.2741,23.037934
4321.501,23.462829
4322.7281,23.354392
4323.9553,22.822425
4325.1828,21.81987
4326.4104,21.225159
4327.6382,20.818683
4328.8661,21.580835
4330.0942,21.135144
4331.3225,20.022786
4332.551,19.631997
4333.7797,18.700032
4335.0085,18.983753
4336.2375,18.757671
4337.4666,19.253157
4338.696,19.097664
4339.9255,17.538248
4341.1552,17.555304
4342.3851,17.533144
4343.6151,17.283533
4344.8453,16.492747
4346.0757,16.611764
4347.3063,15.915095
4348.537,15.798818
4349.7679,15.243326
4350.999,15.12705
4352.2303,14.728421
4353.4617,14.251361
4354.6933,14.205674
4355.9251,14.403124
4357.1571,14.851555
4358.3892,14.18626
4359.6215,13.85822
4360.854,13.82822
4362.0866,13.54724
4363.3195,13.736848
4364.5525,13.000966
4365.7856,12.892536
4367.019,13.12136
4368.2525,13.075675
4369.4862,13.359402
4370.7201,13.062736
4371.9541,11.966071
4373.1884,12.32823
4374.4228,12.753134
4375.6573,12.072156
4376.8921,12.379413
4378.127,12.686671
4379.3621,12.405693
4380.5974,12.461971
4381.8328,12.486876
4383.0684,12.017664
4384.3042,11.524922
4385.5402,11.196887
4386.7763,11.59042
4388.0126,12.180032
4389.2491,11.726507
4390.4858,11.89259
4391.7226,11.439065
4392.9596,11.165933
4394.1968,11.708487
4395.4342,11.654963
4396.6717,11.7034
4397.9094,11.610661
4399.1473,11.235569
4400.3853,10.978124
4401.6236,10.854012
4402.862,11.208333
4404.1005,10.817555
4405.3393,10.850307
4406.5782,10.96149
4407.8173,11.096204
4409.0566,11.042682
4410.296,10.71465
4411.5357,10.551325
4412.7754,10.960548
4414.0154,10.758008
4415.2556,10.226055
4416.4959,10.399985
4417.7364,10.628818
4418.977,10.034121
4420.2179,9.9806008
4421.4589,10.013355
4422.7001,10.469639
4423.9415,9.9847472
4425.183,10.009659
4426.4247,10.160062
4427.6666,9.6594837
4428.9086,10.233416
4430.1509,10.383819
4431.3933,10.149908
4432.6359,10.206194
4433.8786,10.63895
4435.1216,10.412883
4436.3647,9.5515225
4437.6079,9.8666325
4438.8514,10.166056
4440.095,10.128226
4441.3388,10.30216
4442.5828,10.123153
4443.827,10.501009
4445.0713,10.274943
4446.3158,9.8841724
4447.5605,10.74046
4448.8053,11.016356
4450.0503,10.939312
4451.2955,10.713247
4452.5409,10.942085
4453.7864,11.186609
4455.0322,11.901722
4456.2781,11.816835
4457.5241,11.36332
4458.7704,11.160787
4460.0168,11.342567
4461.2634,11.924347
4462.5101,12.121814
4463.7571,12.483987
4465.0042,12.375572
4466.2515,12.298529
4467.4989,12.660703
4468.7466,12.371896
4469.9944,11.973285
4471.2423,12.594283
4472.4905,13.042732
4473.7388,12.385298
4474.9873,12.786688
4476.236,12.552785
4477.4849,12.962019
4478.7339,12.908508
4479.9831,12.894212
4481.2325,13.287761
4482.482,13.171505
4483.7318,13.03172
4484.9817,12.609583
4486.2317,13.238426
4487.482,12.918249
4488.7324,12.59023
4489.983,12.921034
4491.2338,12.436153
4492.4847,12.64931
4493.7358,12.415409
4494.9871,12.236411
4496.2386,12.02604
4497.4902,11.596061
4498.742,11.338631
4499.994,10.594927
4501.2462,10.831616
4502.4985,11.303599
4503.751,10.504993
4505.0037,9.9652119
4506.2566,9.8332737
4507.5096,10.038591
4508.7628,10.40077
4510.0162,10.119813
4511.2698,10.027092
4512.5235,9.6363308
4513.7774,9.2220408
4515.0315,9.662653
4516.2857,9.3503242
4517.5402,9.0379957
4518.7948,8.5923339
4520.0496,9.095692
4521.3045,9.4421875
4522.5596,8.6514283
4523.8149,8.8410615
4525.0704,9.5718713
4526.326,9.6517009
4527.5819,9.6844719
4528.8379,9.3799882
4530.094,9.1225635
4531.3504,9.1945508
4532.6069,8.79595
4533.8636,8.9698984
4535.1205,8.8144353
4536.3775,8.7217174
4537.6347,8.6289998
4538.8921,8.0264784
4540.1497,8.6239572
4541.4074,8.8763382
4542.6653,9.0581311
4543.9234,8.596787
4545.1817,8.6530901
4546.4401,8.9054719
4547.6987,8.5225597
4548.9575,8.5788634
4550.2164,8.7685006
4551.4756,9.2248047
4552.7349,8.4967953
4553.9944,8.223688
4555.254,8.5780319
4556.5138,9.1833564
4557.7738,8.6200536
4559.034,8.5273392
4560.2944,9.0934486
4561.5549,8.8124994
4562.8156,8.7276287
4564.0765,9.37217
4565.3375,9.3814175
4566.5987,9.1867435
4567.8601,10.003834
4569.1217,10.23269
4570.3834,10.547821
4571.6454,11.192363
4572.9075,10.74671
4574.1697,11.046155
4575.4322,11.784815
4576.6948,11.9823
4577.9576,12.127497
4579.2205,12.024328
4580.4837,12.237499
4581.747,12.184004
4583.0105,12.38149
4584.2741,12.335838
4585.538,12.46535
4586.802,12.545189
4588.0661,12.408035
4589.3305,12.446044
4590.595,12.721962
4591.8597,13.12337
4593.1246,13.273798
4594.3897,13.011155
4595.6549,12.722368
4596.9203,12.483254
4598.1859,12.228454
4599.4516,12.316138
4600.7176,12.364606
4601.9837,12.632683
4603.2499,12.688995
4604.5164,12.747922
4605.783,12.785933
4607.0498,12.763815
4608.3168,13.031892
4609.5839,13.519578
4610.8512,13.79027
4612.1187,13.995603
4613.3864,14.31074
4614.6542,14.518688
4615.9222,14.852126
4617.1904,14.994715
4618.4588,15.330768
4619.7273,15.400154
4620.996,15.519214
4622.2649,15.891869
4623.534,16.578249
4624.8032,17.214957
4626.0726,17.773233
4627.3422,18.153732
4628.612,18.675407
4629.8819,19.084665
4631.152,19.663857
4632.4223,20.504487
4633.6927,20.932046
4634.9634,21.200127
4636.2342,21.366248
4637.5051,22.478775
4638.7763,23.439667
4640.0476,24.029318
4641.3191,24.488251
4642.5908,25.485745
4643.8626,26.79958
4645.1346,28.299035
4646.4068,29.931825
4647.6792,31.352849
4648.9518,33.079757
4650.2245,34.709932
4651.4974,36.904814
4652.7704,38.80427
4654.0437,40.803074
4655.3171,42.362662
4656.5907,43.92225
4657.8644,44.985106
4659.1384,45.8911
4660.4125,46.423238
4661.6868,46.620735
4662.9612,47.239148
4664.2359,47.590894
4665.5107,47.843294
4666.7857,47.319224
4668.0608,46.489271
4669.3361,45.816182
4670.6116,44.933942
4671.8873,44.22948
4673.1632,43.383842
4674.4392,42.263694
4675.7154,40.453351
4676.9918,38.39987
4678.2683,37.007828
4679.5451,35.963498
4680.822,34.660344
4682.099,32.873531
4683.3763,31.013516
4684.6537,29.671147
4685.9313,28.647733
4687.2091,28.105365
4688.487,27.207442
4689.7651,26.32782
4691.0434,25.241661
4692.3219,24.458771
4693.6005,23.877189
4694.8793,23.316521
4696.1583,22.596377
4697.4375,21.617409
4698.7168,20.656742
4699.9963,20.435945
4701.276,20.157631
4702.5559,19.777357
4703.8359,18.895122
4705.1161,18.15145
4706.3965,17.737189
4707.6771,17.471949
4708.9578,17.209323
4710.2387,16.970226
4711.5198,16.7076
4712.801,16.607066
4714.0825,16.741827
4715.3641,16.921032
4716.6458,16.825727
4717.9278,16.218004
4719.2099,15.667798
4720.4922,15.431317
4721.7747,15.456275
4723.0573,15.19888
4724.3401,15.069589
4725.6231,15.008273
4726.9063,15.213623
4728.1897,15.220281
4729.4732,15.224325
4730.7569,15.196996
4732.0407,15.203655
4733.3248,15.246915
4734.609,15.473181
4735.8934,15.592259
4737.1779,15.520486
4738.4627,15.281394
4739.7476,15.199165
4741.0327,15.067263
4742.3179,14.796798
4743.6034,14.549864
4744.889,14.282014
4746.1747,14.306976
4747.4607,14.018211
4748.7468,13.941212
4750.0331,13.733494
4751.3196,13.674796
4752.6063,13.759889
4753.8931,14.048904
4755.1801,14.361448
4756.4673,14.355038
4757.7546,14.173465
4759.0421,13.652023
4760.3298,13.439078
4761.6177,13.30195
4762.9058,13.238025
4764.194,13.197629
4765.4824,13.157234
4766.7709,13.425336
4768.0597,13.562719
4769.3486,13.462193
4770.6377,13.288465
4771.927,13.096437
4773.2164,13.165846
4774.506,13.30323
4775.7958,13.278523
4777.0858,13.588456
4778.3759,13.62388
4779.6662,13.860611
4780.9567,13.775773
4782.2474,13.918387
4783.5382,14.21002
4784.8292,14.302961
4786.1204,14.568451
4787.4117,14.90453
4788.7033,15.381785
4789.995,16.104792
4791.2869,16.830414
4792.5789,18.12597
4793.8711,19.42937
4795.1635,20.834731
4796.4561,22.20349
4797.7489,23.483361
4799.0418,24.614213
4800.3349,25.671862
4801.6282,26.771341
4802.9216,27.630298
4804.2152,28.219974
4805.509,28.70246
4806.803,29.40194
4808.0971,29.59946
4809.3914,29.48064
4810.6859,29.035022
4811.9806,28.827314
4813.2754,28.669279
4814.5705,28.798825
4815.8656,28.643405
4817.161,28.31805
4818.4565,27.65544
4819.7523,27.08172
4821.0481,26.181202
4822.3442,25.244083
4823.6404,24.427226
4824.9368,23.997297
4826.2334,23.407891
4827.5302,22.90476
4828.8271,22.393786
4830.1242,22.363858
4831.4215,21.962688
4832.7189,21.501388
4834.0166,20.765578
4835.3144,20.492513
4836.6123,20.556704
4837.9105,20.999979
4839.2088,21.409268
4840.5073,21.64078
4841.806,21.265755
4843.1048,20.838443
4844.4038,20.492178
4845.703,20.423036
4847.0024,20.450627
4848.302,20.410244
4849.6017,20.210384
4850.9016,19.759544
4852.2016,19.502168
4853.5019,19.216034
4854.8023,19.03709
4856.1029,18.654225
4857.4036,18.391621
4858.7046,18.037514
4860.0057,17.717394
4861.307,17.559366
4862.6084,17.325522
4863.9101,16.919128
4865.2119,16.107506
4866.5138,15.447518
4867.816,15.166615
4869.1183,15.050418
4870.4208,14.868862
4871.7235,14.506914
4873.0264,14.280914
4874.3294,14.224848
4875.6326,14.100809
4876.936,13.908797
4878.2395,13.737699
4879.5432,13.503857
4880.8471,13.280472
4882.1512,12.806107
4883.4555,12.629782
4884.7599,12.597248
4886.0645,12.729419
4887.3692,12.720415
4888.6742,12.486574
4889.9793,12.242275
4891.2846,12.076409
4892.5901,12.211196
4893.8957,12.113303
4895.2015,11.923908
4896.5075,11.614251
4897.8137,11.694137
4899.12,11.72435
4900.4265,11.804236
4901.7332,11.674972
4903.04,11.535251
4904.3471,11.583765
4905.6543,11.723783
4906.9617,11.931775
4908.2692,11.985518
4909.577,12.190896
4910.8849,12.176666
4912.1929,12.332371
4913.5012,12.393959
4914.8096,12.615024
4916.1182,12.710599
4917.427,12.861076
4918.7359,13.063841
4920.0451,13.243076
4921.3544,13.464142
4922.6638,13.876058
4923.9735,14.298431
4925.2833,14.767863
4926.5933,15.571937
4927.9035,16.731566
4929.2138,17.789234
4930.5243,18.66651
4931.835,19.203917
4933.1459,19.853743
4934.4569,20.435595
4935.7681,21.341631
4937.0795,22.31564
4938.3911,23.022983
4939.7028,23.189149
4941.0147,22.937016
4942.3268,22.805143
4943.6391,22.673271
4944.9515,22.737478
4946.2641,22.812142
4947.5769,22.842362
4948.8898,22.496112
4950.203,21.953783
4951.5163,21.385311
4952.8298,20.892656
4954.1434,20.509805
4955.4572,20.030222
4956.7712,19.221228
4958.0854,18.114195
4959.3998,17.415005
4960.7143,17.186403
4962.029,17.114665
4963.3438,16.825933
4964.6589,16.461384
4965.9741,16.028862
4967.2895,15.758431
4968.6051,15.70238
4969.9208,15.669858
4971.2367,15.388971
4972.5528,15.168214
4973.8691,15.177523
4975.1855,15.121472
4976.5021,14.908559
4977.8189,14.460353
4979.1359,14.095806
4980.453,13.830606
4981.7703,13.484361
4983.0878,13.255762
4984.4055,12.862458
4985.7233,12.618174
4987.0413,12.666701
4988.3595,12.587123
4989.6779,12.502316
4990.9964,11.99921
4992.3151,11.707868
4993.634,11.487114
4994.953,11.384008
4996.2722,11.20247
4997.5916,10.916358
4998.9112,10.627631
5000.231,10.626486
5001.5509,10.800505
5002.871,10.820276
5004.1913,10.774687
5005.5117,10.553936
5006.8323,10.558021
5008.1531,10.217008
5009.4741,10.027629
5010.7952,10.000342
5012.1165,10.020114
5013.438,9.8673372
5014.7597,9.4766521
5016.0815,9.1905424
5017.4036,9.2782891
5018.7257,9.2928333
5020.0481,9.3492078
5021.3706,9.0291119
5022.6933,8.5992123
5024.0162,8.3444763
5025.3393,8.2492176
5026.6625,8.284678
5027.9859,8.1109883
5029.3095,8.0706322
5030.6333,8.132237
5031.9572,8.0317505
5033.2813,7.8397609
5034.6056,7.616399
5035.93,7.625717
5037.2547,7.6036626
5038.5795,7.722785
5039.9044,7.8811232
5041.2296,7.8799844
5042.5549,7.7768851
5043.8804,7.5822827
5045.2061,7.4922557
5046.5319,7.4728171
5047.8579,7.3671041
5049.1841,7.4365548
5050.5105,7.2445677
5051.837,7.2800319
5053.1638,7.1926204
5054.4906,7.0738365
5055.8177,7.1485169
5057.1449,6.9068576
5058.4724,7.0730417
5059.7999,6.9202717
5061.1277,6.8746914
5062.4556,6.7611375
5063.7838,6.6841851
5065.112,6.8346838
5066.4405,6.8126337
5067.7691,6.6964662
5069.0979,6.739776
5070.4269,6.7935435
5071.7561,6.9649582
5073.0854,6.838334
5074.4149,6.7822981
5075.7446,6.7680925
5077.0744,6.7094427
5078.4045,6.705695
5079.7347,6.6287449
5081.065,6.6772852
5082.3956,6.6395512
5083.7263,6.4867847
5085.0572,6.5614693
5086.3883,6.607396
5087.7195,6.7239111
5089.0509,6.6312761
5090.3825,6.6327589
5091.7143,6.6211701
5093.0462,6.4867056
5094.3784,6.281653
5095.7106,6.2439209
5097.0431,6.2140322
5098.3757,6.2024443
5099.7086,6.062752
5101.0415,6.0799226
5102.3747,6.052649
5103.708,6.0358331
5105.0416,6.0896057
5106.3752,6.2740974
5107.7091,6.4402886
5109.0431,6.3921009
5110.3773,6.2550246
5111.7117,6.266968
5113.0463,6.3076698
5114.381,6.3065418
5115.7159,6.1171786
5117.051,5.9801032
5118.3862,5.9319169
5119.7217,5.9490903
5121.0573,5.8930612
5122.393,5.7612154
5123.729,5.6398272
5125.0651,5.544583
5126.4014,5.4310384
5127.7379,5.3567097
5129.0745,5.2980674
5130.4113,5.3518436
5131.7483,5.2722867
5133.0855,5.0933836
5134.4228,4.9275526
5135.7604,4.8296956
5137.098,4.9043878
5138.4359,4.8980345
5139.7739,4.8524657
5141.1122,4.8722565
5142.4505,4.8842044
5143.7891,4.7811198
5145.1278,4.4558132
5146.4667,4.2403107
5147.8058,4.2261156
5149.1451,4.2668227
5150.4845,4.4147194
5151.8241,4.4475837
5153.1639,4.5484221
5154.5039,4.4191953
5155.844,4.1644784
5157.1843,4.1345984
5158.5248,4.0811892
5159.8654,4.1584991
5161.2062,4.1207765
5162.5472,3.9758646
5163.8884,4.0296456
5165.2298,3.9317929
5166.5713,3.9777312
5167.913,4.0158266
5169.2549,3.8003274
5170.5969,3.6292729
5171.9391,3.3902446
5173.2815,3.3394519
5174.6241,3.416764
5175.9668,3.3189128
5177.3097,3.4485128
5178.6528,3.371577
5179.9961,3.284184
5181.3395,3.0399284
5182.6831,2.761686
5184.0269,2.7082804
5185.3709,2.7934372
5186.715,3.0799013
5188.0593,3.2068885
5189.4038,3.1247255
5190.7485,2.9772033
5192.0933,2.9760865
5193.4383,3.1056888
5194.7835,3.1882325
5196.1289,3.0433254
5197.4744,2.9297911
5198.8201,2.7587406
5200.166,2.8282132
5201.512,2.8453984
5202.8582,2.8521263
5204.2046,2.843168
5205.5512,2.8315957
5206.898,2.8330954
5208.2449,2.7823077
5209.592,2.7864221
5210.9392,2.8297525
5212.2867,2.8783118
5213.6343,2.7621654
5214.9821,2.7715094
5216.3301,2.7416379
5217.6782,2.8424856
5219.0265,2.8387582
5220.375,2.8350311
5221.7237,2.9228075
5223.0725,2.9687539
5224.4215,2.9885568
5225.7707,2.9037847
5227.1201,2.7824115
5228.4696,2.7996006
5229.8193,2.90045
5231.1692,3.1189466
5232.5193,3.2328683
5233.8695,3.124568
5235.2199,3.0790129
5236.5705,3.0413012
5237.9212,3.2022825
5239.2722,3.1253555
5240.6233,3.1294744
5241.9745,3.0107177
5243.326,3.1220266
5244.6776,3.2019631
5246.0294,3.2583704
5247.3814,3.1553007
5248.7335,3.0417737
5250.0859,2.9857633
5251.4384,2.9872694
5252.791,3.0985796
5254.1439,3.1785175
5255.4969,3.1408085
5256.8501,2.9828382
5258.2035,3.0575479
5259.557,3.085199
5260.9107,3.0291901
5262.2646,2.6960572
5263.6187,2.5851468
5264.9729,2.5082234
5266.3273,2.6038493
5267.6819,2.5582989
5269.0367,2.3323566
5270.3916,2.0436693
5271.7467,2.0321064
5273.102,2.2532235
5274.4574,2.3253211
5275.8131,2.1438242
5277.1689,2.1061182
5278.5249,2.0762557
5279.881,1.9810338
5281.2373,1.8282958
5282.5939,1.7121593
5283.9505,1.7607289
5285.3074,1.7204098
5286.6644,1.742836
5288.0216,1.6633016
5289.379,1.5733098
5290.7365,1.522534
5292.0942,1.5292746
5293.4521,1.4471266
5294.8102,1.4015801
5296.1685,1.3612625
5297.5269,1.2555857
5298.8855,1.2858568
5300.2442,1.3527293
5301.6032,1.4379027
5302.9623,1.389743
5304.3216,1.2291652
5305.681,1.3587836
5307.0407,1.3995133
5308.4005,1.5082171
5309.7605,1.3842414
5311.1206,1.2315076
5312.481,1.2460944
5313.8415,1.3443414
5315.2022,1.4765756
5316.563,1.5852805
5317.9241,1.5815674
5319.2853,1.5804688
5320.6466,1.5375403
5322.0082,1.5181415
5323.3699,1.4908997
5324.7318,1.5159457
5326.0939,1.5958938
5327.4562,1.5895677
5328.8186,1.371477
5330.1812,1.2788767
5331.544,1.327453
5332.9069,1.2923695
5334.27,1.0533645
5335.6333,0.87449051
5336.9968,0.95966896
5338.3604,1.0866777
5339.7242,1.1535559
5341.0882,1.0661859
5342.4524,0.91868536
5343.8167,0.75027001
5345.1813,0.70473067
5346.546,0.8500412
5347.9108,0.77574407
5349.2759,0.64654519
5350.6411,0.55133342
5352.0065,0.68880159
5353.372,0.65894969
5354.7377,0.59249667
5356.1037,0.64630529
5357.4697,0.78115985
5358.836,0.80098193
5360.2024,0.72407218
5361.569,0.66546327
5362.9358,0.65391338
5364.3028,0.48550094
5365.6699,0.37460503
5367.0372,0.35259821
5368.4047,0.44562426
5369.7723,0.40793155
5371.1401,0.31533707
5372.5081,0.20967089
5373.8763,0.17720752
5375.2447,0.13951559
5376.6132,0.086137572
5377.9819,-0.084887308
5379.3508,-0.28205579
5380.7198,-0.24131557
5382.089,-0.12214379
5383.4584,-0.014217625
5384.828,-0.063151449
5386.1977,-0.067638076
5387.5676,-0.0067624704
5388.9377,-0.089674961
5390.308,-0.065395155
5391.6784,0.005946229
5393.049,0.10081978
5394.4198,0.10942157
5395.7908,-0.020535971
5397.1619,-0.069445008
5398.5332,-0.026848024
5399.9047,-0.13588227
5401.2764,-0.080207884
5402.6482,-0.034988258
5404.0202,0.031149154
5405.3924,0.018857949
5406.7647,-0.082319392
5408.1373,0.070100793
5409.51,0.076118503
5410.8828,0.089982105
5412.2559,0.14306415
5413.6291,-0.020844521
5415.0025,-0.0095870364
5416.3761,-0.13166013
5417.7498,-0.075586766
5419.1238,-0.082256029
5420.4978,-0.22225616
5421.8721,-0.1897048
5423.2466,-0.20420979
5424.6212,-0.13766656
5425.996,-0.0083757707
5427.3709,0.016342329
5428.7461,0.17701061
5430.1214,0.24356371
5431.4969,0.23953105
5432.8725,0.13615445
5434.2484,0.0092509063
5435.6244,-0.05229069
5437.0006,0.14237933
5438.3769,0.088685812
5439.7535,0.12911241
5441.1302,0.08588134
5442.5071,0.26748934
5443.8841,0.3758972
5445.2614,0.18103956
5446.6388,0.11690333
5448.0163,0.052769578
5449.3941,0.19255986
5450.772,0.26699314
5452.1501,0.21855306
5453.5284,0.22240304
5454.9069,0.21318359
5456.2855,0.34775746
5457.6643,0.30194165
5459.0432,0.16723941
5460.4224,0.042997157
5461.8017,-0.031569423
5463.1812,-0.025087783
5464.5609,-0.036904327
5465.9407,0.032327349
5467.3207,0.012672606
5468.7009,0.05315105
5470.0813,0.038730003
5471.4618,-0.022747399
5472.8426,0.062182897
5474.2234,0.032082982
5475.6045,0.015057432
5476.9857,-0.1457565
5478.3672,-0.14447646
5479.7487,-0.041233163
5481.1305,0.046326326
5482.5124,-0.043889493
5483.8945,-0.08704402
5485.2768,-0.080522876
5486.6593,-0.00236138
5488.0419,0.01044291
5489.4247,0.05985078
5490.8077,0.15893412
5492.1909,0.17958837
5493.5742,0.1479573
5494.9577,0.058812167
5496.3414,0.045486297
5497.7252,-0.14038632
5499.1092,-0.098805684
5500.4934,-0.1539548
5501.8778,-0.067925179
5503.2623,-0.057710277
5504.6471,-0.08670879
5506.032,-0.11309065
5507.417,-0.17345717
5508.8023,-0.071729912
5510.1877,0.045685892
5511.5733,0.10820201
5512.9591,0.073988367
5514.345,-0.096170712
5515.7311,-0.17743863
5517.1174,-0.22471735
5518.5039,-0.049771576
5519.8905,0.062431373
5521.2773,0.075662952
5522.6643,-0.04182309
5524.0515,-0.12793525
5525.4388,-0.041497055
5526.8263,0.068471884
5528.214,0.18367092
5529.6018,0.15769481
5530.9899,0.084661213
5532.3781,-0.035429872
5533.7664,-0.022186291
5535.155,-0.019398893
5536.5437,-0.10288467
5537.9326,-0.25172859
5539.3217,-0.24109406
5540.711,-0.22261505
5542.1004,-0.10217392
5543.49,-0.026175911
5544.8798,0.01322213
5546.2697,0.018634575
5547.6598,-0.096213083
5549.0501,-0.10125549
5550.4406,-0.056623354
5551.8312,-0.0067611294
5553.222,-0.009185153
5554.613,-0.056052288
5556.0042,0.040135124
5557.3955,0.15462443
5558.7871,0.25865746
5560.1787,0.25288781
5561.5706,0.20790372
5562.9626,0.09233263
5564.3549,-0.085982315
5565.7472,-0.0080868683
5567.1398,0.061966682
5568.5325,0.11372082
5569.9254,-0.0018440621
5571.3185,-0.0049894025
5572.7118,0.30036323
5574.1052,0.46976939
5575.4988,0.52675849
5576.8926,0.43211485
5578.2866,0.37407376
5579.6807,0.36309272
5581.075,0.34688418
5582.4695,0.58427164
5583.8641,0.86087603
5585.2589,0.95970389
5586.6539,0.89121273
5588.0491,0.78350712
5589.4444,0.83005112
5590.84,0.73541988
5592.2357,0.77935198
5593.6315,0.88080167
5595.0276,1.0031676
5596.4238,1.0418747
5597.8202,0.89757646
5599.2167,0.90752784
5600.6135,0.8756504
5602.0104,0.95096373
5603.4075,1.0890234
5604.8048,1.1068229
5606.2022,0.99913342
5607.5998,0.90451708
5608.9976,0.90401963
5610.3955,0.93489597
5611.7937,0.80629643
5613.192,0.81103147
5614.5905,0.75563702
5615.9891,0.76298891
5617.388,0.55334859
5618.787,0.42475525
5620.1861,0.48178407
5621.5855,0.41070956
5622.985,0.41806766
5624.3847,0.35222438
5625.7846,0.41187255
5627.1846,0.4532213
5628.5849,0.46581312
5629.9853,0.43134737
5631.3858,0.50407239
5632.7866,0.42777905
5634.1875,0.46913401
5635.5886,0.42683007
5636.9899,0.41067118
5638.3913,0.23503639
5639.7929,0.10123292
5641.1947,0.11383591
5642.5967,0.30421792
5643.9988,0.30898026
5645.4011,0.28760005
5646.8036,0.29759363
5648.2063,0.43830741
5649.6091,0.44830347
5651.0121,0.37464064
5652.4153,0.22777644
5653.8187,0.14888734
5655.2222,0.12228706
5656.6259,0.20810632
5658.0298,0.31484186
5659.4339,0.34837602
5660.8381,0.16230358
5662.2425,0.11218009
5663.6471,0.067286607
5665.0518,0.17925711
5666.4568,0.13698048
5667.8619,0.1443783
5669.2671,0.28511069
5670.6726,0.47028877
5672.0782,0.47769031
5673.484,0.34391663
5674.89,0.13432719
5676.2961,0.1234318
5677.7024,0.18051151
5679.1089,0.23759246
5680.5156,0.20055701
5681.9225,0.08509142
5683.3295,-0.019915409
5684.7367,-0.10400596
5686.144,-0.080905735
5687.5516,-0.047346748
5688.9593,-0.10267541
5690.3672,-0.12924466
5691.7752,-0.16627019
5693.1835,-0.020287934
5694.5919,0.018506017
5696.0005,0.065144346
5697.4092,0.080411367
5698.8182,0.0094051197
5700.2273,0.0011452115
5701.6365,0.013801577
5703.046,0.029073563
5704.4556,0.010359862
5705.8654,-0.099855866
5707.2754,-0.053207607
5708.6856,0.069258886
5710.0959,0.2074129
5711.5064,0.20962043
5712.9171,0.15431287
5714.3279,0.093777794
5715.7389,0.067230885
5717.1501,-0.029903017
5718.5615,-0.012002999
5719.9731,0.12093094
5721.3848,0.15190534
5722.7967,0.20902476
5724.2087,0.096210793
5725.621,0.1167314
5727.0334,0.056207489
5728.446,-0.043530863
5729.8588,-0.0073202614
5731.2717,-0.12754531
5732.6848,-0.10397854
5734.0981,-0.054267003
5735.5116,0.058190601
5736.9252,0.11051846
5738.339,0.024285194
5739.753,-0.054103961
5741.1672,-0.13249215
5742.5815,-0.2683957
5743.996,-0.29972311
5745.4107,-0.23954629
5746.8255,-0.056492682
5748.2406,0.082117456
5749.6558,0.058637061
5751.0711,0.066530187
5752.4867,0.097953696
5753.9024,0.28362654
5755.3183,0.21047683
5756.7344,0.20530195
5758.1506,0.12431104
5759.5671,0.26031457
5760.9837,0.25252822
5762.4004,0.18722651
5763.8174,0.059180661
5765.2345,0.027867815
5766.6518,0.064529796
5768.0693,0.25544111
5769.4869,0.30517693
5770.9047,0.22680915
5772.3227,-0.021492303
5773.7409,-0.052799321
5775.1592,-0.034432165
5776.5777,0.012694132
5777.9964,0.025834473
5779.4153,0.10956402
5780.8343,0.12532068
5782.2535,0.0077449831
5783.6729,0.015660451
5785.0925,0.034034407
5786.5122,0.19620018
5787.9321,0.26686366
5789.3522,0.25386799
5790.7725,0.25394517
5792.1929,0.11546124
5793.6135,0.1992005
5795.0343,0.36660087
5796.4552,0.56798913
5797.8763,0.60467248
5799.2976,0.56553981
5800.7191,0.58131007
5802.1408,0.50034928
5803.5626,0.3017424
5804.9846,0.29137179
5806.4068,0.40910672
5807.8291,0.47716942
5809.2516,0.47464485
5810.6743,0.37016048
5812.0972,0.33887969
5813.5202,0.26315542
5814.9434,0.29462168
5816.3668,0.39667713
5817.7904,0.42030219
5819.2141,0.55373214
5820.6381,0.57474476
5822.0621,0.70033351
5823.4864,0.755335
5824.9108,0.72667733
5826.3355,0.78429515
5827.7602,0.90727341
5829.1852,1.1818866
5830.6103,1.2865662
5832.0356,1.1716389
5833.4611,1.1063857
5834.8868,1.127408
5836.3126,1.3706536
5837.7386,1.4831811
5839.1648,1.5695658
5840.5911,1.6219646
5842.0177,1.5227304
5843.4444,1.436569
5844.8712,1.4392975
5846.2983,1.4707851
5847.7255,1.6512933
5849.1529,1.5860508
5850.5805,1.635842
5852.0082,1.5836734
5853.4361,1.5445776
5854.8642,1.5996005
5856.2925,1.5291341
5857.7209,1.5946164
5859.1496,1.5215376
5860.5784,1.4066298
5862.0073,1.3466248
5863.4365,1.3232221
5864.8658,1.2240034
5866.2953,0.96792293
5867.7249,0.80334669
5869.1548,0.81132044
5870.5848,0.75393568
5872.015,0.57106171
5873.4453,0.57903837
5874.8758,0.55564346
5876.3065,0.6969554
5877.7374,0.52715721
5879.1685,0.46977828
5880.5997,0.33919771
5882.0311,0.29489262
5883.4627,0.3394774
5884.8944,0.43112196
5886.3264,0.36851914
5887.7585,0.16474081
5889.1908,-0.046879679
5890.6232,-0.05719201
5892.0558,0.071058722
5893.4886,0.10780716
5894.9216,0.047824538
5896.3547,0.032287335
5897.7881,0.16577071
5899.2215,0.24958186
5900.6552,0.1922175
5902.0891,0.056422745
5903.5231,0.11409301
5904.9573,0.10117602
5906.3916,0.049044306
5907.8262,-0.024001466
5909.2609,-0.023843653
5910.6958,-0.00015545574
5912.1308,0.041834366
5913.5661,0.075982022
5915.0015,0.11797379
5916.4371,0.10506456
5917.8728,-0.012418855
5919.3088,-0.027940516
5920.7449,0.00098323876
5922.1811,0.076966788
5923.6176,-0.053584638
5925.0542,-0.076945551
5926.491,-0.084619218
5927.928,0.035812662
5929.3652,0.046441591
5930.8025,0.06491463
5932.24,0.11214681
5933.6777,0.086177346
5935.1155,0.16478402
5936.5535,0.091757673
5937.9917,0.068405503
5939.4301,-0.080435892
5940.8686,-0.12731553
5942.3074,-0.090534068
5943.7463,-0.022379085
5945.1853,-0.036006854
5946.6246,-0.20388242
5948.064,-0.12077703
5949.5036,-0.13440311
5950.9433,-0.10096979
5952.3833,-0.091065319
5953.8234,0.015571743
5955.2637,0.1561963
5956.7041,0.10597175
5958.1448,0.055747763
5959.5856,-0.012776311
5961.0266,-0.15973119
5962.4677,-0.074005767
5963.9091,-0.019652327
5965.3506,0.05823109
5966.7922,-0.031205188
5968.2341,-0.094497109
5969.6761,-0.050598923
5971.1183,0.066502443
5972.5607,0.1182449
5974.0033,0.12554347
5975.446,0.046568106
5976.8889,0.019880885
5978.332,-0.012034528
5979.7752,0.042325134
5981.2186,0.10191412
5982.6622,0.20071936
5984.106,0.34658398
5985.5499,0.3774165
5986.9941,0.30367441
5988.4384,0.20117472
5989.8828,0.22939455
5991.3275,0.32297443
5992.7723,0.31720846
5994.2173,0.31144306
5995.6624,0.40241025
5997.1078,0.5195218
5998.5533,0.56866006
5999.999,0.75113221
6001.4448,1.106154
6002.8909,1.4873201
6004.3371,1.6828658
6005.7835,1.8391964
6007.23,2.0765734
6008.6768,2.2433626
6010.1237,2.4232244
6011.5707,2.8226945
6013.018,3.5803352
6014.4654,4.3667346
6015.913,4.915226
6017.3608,5.539535
6018.8088,6.3154786
6020.2569,7.279658
6021.7052,8.1863216
6023.1537,9.100829
6024.6023,10.017951
6026.0511,10.788669
6027.5001,11.449583
6028.9493,12.076511
6030.3986,12.47076
6031.8482,12.705532
6033.2979,12.749455
6034.7477,12.947627
6036.1978,13.27129
6037.648,13.50345
6039.0984,13.732996
6040.5489,13.881497
6041.9997,14.037842
6043.4506,14.097455
6044.9017,14.00805
6046.3529,14.051978
6047.8044,14.069763
6049.256,13.962058
6050.7078,13.548472
6052.1597,12.983252
6053.6119,12.253326
6055.0642,11.638434
6056.5166,11.120275
6057.9693,10.615188
6059.4221,9.9898403
6060.8751,9.3278918
6062.3283,8.6894733
6063.7817,8.2575912
6065.2352,7.8021803
6066.6889,7.3781426
6068.1428,7.1841707
6069.5968,6.8359511
6071.051,6.6838104
6072.5054,6.1185984
6073.96,5.7102498
6075.4147,5.5554964
6076.8697,5.3745999
6078.3248,5.2642921
6079.78,4.9369914
6081.2355,4.6959659
6082.6911,4.5673591
6084.1469,4.2322171
6085.6028,4.1532847
6087.059,3.9619346
6088.5153,3.8647027
6089.9718,3.7491707
6091.4284,3.6440968
6092.8853,3.6645136
6094.3423,3.6038853
6095.7995,3.4412967
6097.2568,3.3519113
6098.7143,3.2023958
6100.1721,3.2489593
6101.6299,3.1465037
6103.088,3.1041794
6104.5462,3.1795028
6106.0046,3.3044999
6107.4632,3.1027002
6108.9219,2.7388095
6110.3809,2.4742658
6111.84,2.5025332
6113.2992,2.5491017
6114.7587,2.4832526
6116.2183,2.555966
6117.6781,2.511033
6119.1381,2.3719829
6120.5982,2.1675739
6122.0585,2.0102243
6123.519,1.9835942
6124.9797,1.9255922
6126.4405,1.9983096
6127.9016,1.9664524
6129.3628,1.81172
6130.8241,1.5837856
6132.2857,1.489185
6133.7474,1.5279184
6135.2093,1.5535804
6136.6713,1.6184587
6138.1336,1.5735336
6139.596,1.5416809
6141.0585,1.496757
6142.5213,1.5224218
6143.9842,1.6578911
6145.4473,1.6914003
6146.9106,1.5785047
6148.3741,1.502211
6149.8377,1.391931
6151.3015,1.4698868
6152.7655,1.4145098
6154.2296,1.4506367
6155.694,1.4449341
6157.1585,1.4627615
6158.6231,1.5877789
6160.088,1.6709669
6161.553,1.5816064
6163.0182,1.4896321
6164.4836,1.4970048
6165.9491,1.6533976
6167.4148,1.6973727
6168.8807,1.6132438
6170.3468,1.5918606
6171.813,1.4005433
6173.2794,1.2405991
6174.746,1.1800019
6176.2128,1.2527386
6177.6797,1.4535804
6179.1469,1.4661875
6180.6141,1.4552657
6182.0816,1.3737563
6183.5492,1.2817899
6185.017,1.2342685
6186.485,1.3462248
6187.9532,1.4451098
6189.4215,1.5910542
6190.89,1.48079
6192.3587,1.4751015
6193.8276,1.472028
6195.2966,1.4297393
6196.7658,1.4423532
6198.2352,1.3556212
6199.7047,1.3368637
6201.1744,1.3076492
6202.6443,1.2967359
6204.1144,1.3485683
6205.5847,1.2749111
6207.0551,1.3084439
6208.5257,1.3681212
6209.9964,1.3441388
6211.4674,1.3280002
6212.9385,1.2909471
6214.4098,1.2669664
6215.8813,1.2246857
6217.3529,1.1954774
6218.8247,1.1505834
6220.2967,1.0429449
6221.7689,0.99020894
6223.2412,1.0760356
6224.7137,1.1853923
6226.1864,1.2372331
6227.6593,1.215872
6229.1323,1.040263
6230.6055,0.86726895
6232.0789,0.78839313
6233.5525,0.84546559
6235.0262,0.9286824
6236.5001,0.89425272
6237.9742,0.7735491
6239.4484,0.62408787
6240.9229,0.56613048
6242.3975,0.61013444
6243.8722,0.68551151
6245.3472,0.65108523
6246.8223,0.63234578
6248.2976,0.63452194
6249.7731,0.67068558
6251.2487,0.756523
6252.7246,0.65151131
6254.2006,0.67721914
6255.6767,0.62711054
6257.1531,0.56131623
6258.6296,0.4563068
6260.1063,0.37744173
6261.5831,0.41883866
6263.0602,0.43670674
6264.5374,0.38137278
6266.0148,0.29728121
6267.4924,0.25502027
6268.9701,0.30164879
6270.448,0.42148049
6271.9261,0.37399249
6273.4044,0.3212763
6274.8828,0.26071754
6276.3614,0.27597633
6277.8402,0.33829452
6279.3191,0.31433876
6280.7983,0.35312866
6282.2776,0.38669038
6283.7571,0.48822651
6285.2367,0.42505733
6286.7165,0.33574492
6288.1965,0.27519125
6289.6767,0.35581461
6291.1571,0.32402024
6292.6376,0.26085389
6294.1183,0.24213254
6295.5992,0.294
6297.0802,0.2857373
6298.5614,0.28008955
6300.0428,0.25091295
6301.5244,0.18252123
6303.0061,0.11674446
6304.4881,0.10064145
6305.9701,0.2231011
6307.4524,0.24621492
6308.9349,0.24841426
6310.4175,0.16956842
6311.9003,0.07242249
6313.3832,0.095538564
6314.8664,0.16309965
6316.3497,0.30647829
6317.8332,0.25639345
6319.3168,0.18800852
6320.8007,0.12223853
6322.2847,0.072155383
6323.7688,0.053445351
6325.2532,0.084409087
6326.7377,0.1519747
6328.2224,0.25614218
6329.7073,0.28972199
6331.1924,0.16382524
6332.6776,0.0013277557
6334.163,-0.10103845
6335.6486,-0.007325654
6337.1343,0.1125315
6338.6203,0.15395784
6340.1064,0.14309717
6341.5926,0.069491961
6343.0791,-0.056400261
6344.5657,-0.11431806
6346.0525,-0.078117647
6347.5395,-0.087259052
6349.0266,-0.049341172
6350.5139,-0.16044244
6352.0014,-0.21402691
6353.4891,-0.13427758
6354.9769,-0.049299037
6356.4649,0.056595001
6357.9531,0.04745682
6359.4415,-0.066256065
6360.93,0.026567459
6362.4187,-0.11851705
6363.9076,-0.15379718
6365.3967,-0.19169123
6366.8859,-0.15115345
6368.3753,0.051476297
6369.8649,0.06848559
6371.3547,0.20575678
6372.8446,0.20446634
6374.3347,0.2110195
6375.825,0.2698607
6377.3154,0.17445399
6378.8061,0.24113925
6380.2969,0.28952432
6381.7878,0.43202749
6383.279,0.44642655
6384.7703,0.25429012
6386.2618,0.18764434
6387.7535,0.076554586
6389.2453,0.10664176
6390.7374,0.084441813
6392.2296,0.15635997
6393.7219,0.17599101
6395.2145,0.20869441
6396.7072,0.22309761
6398.2001,0.22965813
6399.6931,0.29373546
6401.1864,0.31075442
6402.6798,0.27548626
6404.1734,0.16178719
6405.6671,0.037631061
6407.1611,0.033736832
6408.6552,0.055986854
6410.1495,0.046864788
6411.6439,0.14493272
6413.1386,0.34496191
6414.6334,0.57113534
6416.1284,0.46528309
6417.6235,0.36988881
6419.1189,0.3241682
6420.6144,0.32812125
6422.11,0.32423163
6423.6059,0.18962351
6425.1019,0.29292435
6426.5981,0.40668316
6428.0945,0.46031172
6429.591,0.32570544
6431.0878,0.25645911
6432.5847,0.19767074
6434.0817,0.25391552
6435.579,0.16114115
6437.0764,0.21477247
6438.574,0.20827353
6440.0718,0.22269008
6441.5697,0.19527703
6443.0678,0.16263569
6444.5661,0.20581179
6446.0646,0.21761581
6447.5632,0.3522961
6449.0621,0.28044091
6450.561,0.28440317
6452.0602,0.2125489
6453.5595,0.23219835
6455.0591,0.34596592
6456.5587,0.36038753
6458.0586,0.37742399
6459.5586,0.34740209
6461.0588,0.43241332
6462.5592,0.50958188
6464.0598,0.52923456
6465.5605,0.53843018
6467.0614,0.50056744
6468.5625,0.39996007
6470.0637,0.35948387
6471.5652,0.37129571
6473.0668,0.38310802
6474.5686,0.34524758
6476.0705,0.26555754
6477.5726,0.37933201
6479.0749,0.45912001
6480.5774,0.48923527
6482.08,0.51935099
6483.5829,0.51286586
6485.0859,0.63187139
6486.589,0.5234264
6488.0924,0.42543939
6489.5959,0.34575349
6491.0996,0.33927067
6492.6034,0.40076216
6494.1075,0.39689464
6495.6117,0.48191646
6497.1161,0.44929169
6498.6207,0.36437979
6500.1254,0.25593895
6501.6303,0.19978614
6503.1354,0.22206517
6504.6406,0.21820087
6506.1461,0.31368344
6507.6517,0.36995078
6509.1575,0.33732969
6510.6634,0.2498071
6512.1696,0.062938561
6513.6759,-0.058570036
6515.1823,-0.059816735
6516.689,0.04089781
6518.1958,0.068410202
6519.7028,-0.016495246
6521.21,0.026704341
6522.7173,-0.063428945
6524.2249,0.079117968
6525.7326,0.02820129
6527.2404,0.12107592
6528.7485,0.072774543
6530.2567,0.09506186
6531.7651,0.12519277
6533.2737,0.15270977
6534.7824,0.044279515
6536.2913,0.087483706
6537.8004,-0.088919485
6539.3097,-0.066629405
6540.8191,-0.070482656
6542.3287,0.0040959263
6543.8385,0.021158629
6545.3485,-0.0062226521
6546.8586,-0.028374715
6548.3689,-0.037454422
6549.8794,-0.023004256
6551.3901,-0.019011147
6552.9009,-0.0045600603
6554.4119,-0.031938579
6555.9231,0.037415389
6557.4345,0.030952824
6558.946,0.029719477
6560.4577,-0.031644128
6561.9696,-0.025033416
6563.4816,-0.00012159028
6564.9939,-0.066712572
6566.5063,-0.049642963
6568.0188,-0.10838989
6569.5316,-0.086090598
6571.0445,-0.16313725
6572.5576,-0.1043827
6574.0709,-0.027327641
6575.5843,0.0078971892
6577.098,0.0065205541
6578.6117,0.044359447
6580.1257,0.11357073
6581.6399,0.096507345
6583.1542,0.02715622
6584.6687,-0.036966305
6586.1833,-0.025271995
6587.6982,-0.060636667
6589.2132,0.0085736658
6590.7284,-0.050320735
6592.2437,0.016274902
6593.7593,0.0018246288
6595.275,0.12332191
6596.7909,0.22128962
6598.3069,0.15193691
6599.8232,0.10611346
6601.3396,0.13872121
6602.8562,0.39877979
6604.3729,0.50458985
6605.8898,0.32804681
6607.4069,0.19856243
6608.9242,0.071692269
6610.4417,0.18273045
6611.9593,0.14997762
6613.4771,0.2087279
6614.9951,0.28839306
6616.5132,0.38897309
6618.0316,0.57582747
6619.5501,0.56398888
6621.0687,0.59136582
6622.5876,0.50109555
6624.1066,0.34808001
6625.6258,0.25258066
6627.1452,0.1387805
6628.6647,0.27857495
6630.1844,0.29287904
6631.7043,0.51371893
6633.2244,0.62214035
6634.7446,0.65474462
6636.265,0.47819841
6637.7856,0.41145596
6639.3064,0.44667414
6640.8273,0.56555229
6642.3484,0.59031263
6643.8697,0.52618393
6645.3912,0.48035572
6646.9128,0.39792605
6648.4346,0.56647661
6649.9566,0.67489629
6651.4787,0.66305437
6653.0011,0.55970903
6654.5236,0.51387987
6656.0463,0.66674337
6657.5691,0.57124069
6659.0921,0.49665288
6660.6153,0.4743525
6662.1387,0.5853853
6663.6623,0.59707153
6665.186,0.5460125
6666.7099,0.66488796
6668.234,0.7523907
6669.7582,0.85557957
6671.2826,0.86726501
6672.8072,0.86326401
6674.332,0.87233475
6675.8569,0.95460795
6677.382,1.1545281
6678.9073,1.3204611
6680.4328,1.3609037
6681.9584,1.4118037
6683.4843,1.4548605
6685.0102,1.6103353
6686.5364,1.8573133
6688.0627,2.062461
6689.5893,2.3329681
6691.1159,2.4152397
6692.6428,2.4975112
6694.1698,2.493508
6695.697,2.5862366
6697.2244,2.8828867
6698.752,2.9730006
6700.2797,3.0552713
6701.8076,2.9963653
6703.3357,3.1413808
6704.8639,3.2550235
6706.3924,3.3582086
6707.921,3.4483216
6709.4497,3.4103299
6710.9787,3.4324687
6712.5078,3.4833655
6714.0371,3.5865498
6715.5666,3.7446359
6717.0962,3.5942251
6718.6261,3.5483893
6720.156,3.3587624
6721.6862,3.5142335
6723.2166,3.6906194
6724.7471,3.7336719
6726.2778,3.5649594
6727.8086,3.2393841
6729.3397,3.1046583
6730.8709,3.0692787
6732.4023,3.0260559
6733.9338,2.8782577
6735.4656,2.7435313
6736.9975,2.687236
6738.5296,2.7433589
6740.0618,2.8334686
6741.5943,2.8791337
6743.1269,2.7130339
6744.6596,2.5338621
6746.1926,2.4278927
6747.7257,2.4761715
6749.259,2.4407901
6750.7925,2.2197875
6752.3262,2.1687195
6753.86,2.0418343
6755.394,2.1240992
6756.9282,2.0678019
6758.4625,2.0271907
6759.997,1.9525925
6761.5317,1.7315888
6763.0666,1.6256177
6764.6017,1.6242216
6766.1369,1.7221717
6767.6723,1.7573766
6769.2078,1.5808166
6770.7436,1.3964133
6772.2795,1.3035131
6773.8156,1.1870834
6775.3519,1.2693463
6776.8883,1.3228508
6778.4249,1.4312572
6779.9617,1.4246308
6781.4987,1.2977427
6783.0358,1.2937303
6784.5731,1.2661883
6786.1106,1.4033521
6787.6482,1.4725418
6789.1861,1.3378098
6790.7241,1.315496
6792.2623,1.2199794
6793.8006,1.3466848
6795.3392,1.3374424
6796.8779,1.2288534
6798.4167,1.1725518
6799.9558,0.99598865
6801.495,1.0834776
6803.0344,1.147437
6804.574,1.1930956
6806.1137,1.1838521
6807.6537,0.97330117
6809.1938,1.07909
6810.734,1.2816107
6812.2745,1.4292293
6813.8151,1.3729261
6815.3559,1.2747927
6816.8969,1.2289468
6818.438,1.2536889
6819.9793,1.1529407
6821.5208,1.2691858
6823.0625,1.3357575
6824.6043,1.4389303
6826.1463,1.4845867
6827.6885,1.4936416
6829.2309,1.6046571
6830.7734,1.5849535
6832.3161,1.5626354
6833.859,1.5795328
6835.4021,1.6957765
6836.9453,1.8512356
6838.4887,1.7844724
6840.0323,1.6837222
6841.576,1.577743
6843.12,1.646927
6844.6641,1.8233004
6846.2083,1.9160135
6847.7528,1.7603605
6849.2974,1.740655
6850.8422,1.8438252
6852.3872,2.1770605
6853.9323,2.1939559
6855.4777,2.1847073
6857.0232,2.1780729
6858.5688,2.2603272
6860.1147,2.4445422
6861.6607,2.5424825
6863.2069,2.5855207
6864.7533,2.4586241
6866.2998,2.5565639
6867.8465,2.5525428
6869.3934,2.7289137
6870.9405,2.7039772
6872.4877,2.8515896
6874.0351,2.9730581
6875.5827,3.091912
6877.1305,3.2421383
6878.6784,3.2877893
6880.2265,3.3360545
6881.7748,3.3895483
6883.3233,3.5371595
6884.8719,3.8756203
6886.4207,4.0310745
6887.9697,4.0819532
6889.5188,4.2452502
6891.0682,4.5131221
6892.6177,4.8672684
6894.1674,4.9939635
6895.7172,5.0003971
6897.2672,5.1819939
6898.8174,5.2276428
6900.3678,5.5922458
6901.9184,5.8888748
6903.4691,6.2404056
6905.02,6.3723284
6906.571,6.3212445
6908.1223,6.5943434
6909.6737,6.8883573
6911.2253,7.0960964
6912.7771,6.9848812
6914.329,7.0252997
6915.8811,7.3742149
6917.4334,7.5950253
6918.9859,7.6432866
6920.5385,7.4274953
6922.0913,7.3424229
6923.6443,7.3253242
6925.1975,7.2611665
6926.7508,7.2649825
6928.3043,7.0570337
6929.858,6.8072546
6931.4119,6.6385211
6932.9659,6.5063887
6934.5201,6.4579164
6936.0745,6.2761105
6937.6291,6.3295986
6939.1838,6.2941977
6940.7387,6.1489926
6942.2938,5.8129378
6943.849,5.589301
6945.4044,5.5042263
6946.96,5.4845108
6948.5158,5.5066252
6950.0718,5.4712232
6951.6279,5.3730758
6953.1842,5.3664316
6954.7407,5.3519441
6956.2973,5.2694826
6957.8541,5.0615307
6959.4111,4.6705722
6960.9683,4.5567376
6962.5256,4.5291774
6964.0831,4.5748197
6965.6408,4.366867
6967.1987,4.0961691
6968.7567,4.086909
6970.3149,4.1822238
6971.8733,4.1598914
6973.4319,3.9676242
6974.9906,3.934834
6976.5495,3.9125012
6978.1086,3.8535668
6979.6679,3.7005147
6981.2273,3.5945212
6982.7869,3.4205538
6984.3467,3.4269783
6985.9067,3.3811151
6987.4668,3.4058399
6989.0271,3.3207607
6990.5876,3.3010408
6992.1482,3.317922
6993.709,3.1230384
6995.27,2.9804422
6996.8312,2.8326171
6998.3926,2.8887134
6999.9541,2.8689925
7001.5158,2.9669186
7003.0777,2.9837987
7004.6397,3.058195
7006.2019,2.9234409
7007.7643,2.7913009
7009.3269,2.7951085
7010.8896,2.8642754
7012.4525,2.9229847
7014.0156,2.8222167
7015.5789,2.6665465
7017.1423,2.557935
7018.7059,2.3996502
7020.2697,2.4034567
7021.8337,2.5170669
7023.3978,2.6149908
7024.9621,2.8227184
7026.5266,2.7454785
7028.0913,2.7309835
7029.6561,2.6589721
7031.2211,2.5451304
7032.7863,2.5201775
7034.3517,2.4873812
7035.9172,2.7447809
7037.4829,2.978651
7039.0488,2.9170961
7040.6148,2.7405084
7042.181,2.5377767
7043.7474,2.6618423
7045.314,2.8120515
7046.8808,2.8786004
7048.4477,2.8144302
7050.0148,2.8156193
7051.582,2.9004684
7053.1495,2.9617879
7054.7171,2.9838916
7056.2849,3.1184134
7057.8529,3.2999938
7059.421,3.397914
7060.9893,3.3546576
7062.5578,3.4185905
7064.1265,3.4929808
7065.6953,3.5647566
7067.2643,3.5973165
7068.8335,3.6429481
7070.4029,3.7513247
7071.9724,3.8361717
7073.5421,4.1066395
7075.112,4.3169764
7076.6821,4.5090125
7078.2523,4.601702
7079.8227,4.7989666
7081.3933,4.8994989
7082.964,5.1516651
7084.535,5.3907592
7086.1061,5.7553434
7087.6774,6.0258097
7089.2488,6.3171909
7090.8204,6.5902713
7092.3922,6.8293647
7093.9642,7.1756474
7095.5364,7.5611456
7097.1087,8.1636372
7098.6812,8.6484815
7100.2538,9.1490119
7101.8267,9.6678429
7103.3997,10.257262
7104.9729,11.149949
7106.5463,11.72891
7108.1198,12.401989
7109.6935,12.824087
7111.2674,13.376904
7112.8415,13.856518
7114.4157,14.40672
7115.9901,14.920321
7117.5647,15.423464
7119.1395,15.882162
7120.7144,16.393148
7122.2895,16.700212
7123.8648,17.080479
7125.4403,17.217608
7127.0159,17.550816
7128.5917,17.703631
7130.1677,17.872132
7131.7438,17.888999
7133.3202,18.282337
7134.8967,18.52404
7136.4733,18.553979
7138.0502,18.147316
7139.6272,18.04915
7141.2044,18.13399
7142.7818,17.952163
7144.3593,17.890597
7145.9371,17.831646
7147.515,17.733479
7149.093,17.206554
7150.6713,16.546295
7152.2497,16.108258
7153.8283,15.52643
7155.407,14.881857
7156.986,14.239898
7158.5651,13.888135
7160.1444,13.575587
7161.7239,13.093105
7163.3035,12.613237
7164.8833,12.143826
7166.4633,11.930625
7168.0435,11.665135
7169.6238,11.27677
7171.2043,10.825659
7172.785,10.531411
7174.3658,10.469843
7175.9469,10.460561
7177.5281,10.114025
7179.1095,9.9060511
7180.691,9.4444819
7182.2727,9.212978
7183.8546,8.7984674
7185.4367,8.6819958
7187.019,8.6282691
7188.6014,8.5405554
7190.184,8.2541487
7191.7668,8.0801602
7193.3497,7.9976747
7194.9328,7.9936205
7196.5161,7.7228995
7198.0996,7.6665573
7199.6833,7.6049863
7201.2671,7.7421079
7202.8511,7.6151771
7204.4352,7.3627559
7206.0196,7.1783084
7207.6041,7.0775209
7209.1888,7.4107201
7210.7736,7.5661414
7212.3587,7.5777718
7213.9439,7.4299248
7215.5293,7.208875
7217.1148,7.3852107
7218.7006,7.4438992
7220.2865,7.5078163
7221.8726,7.3625829
7223.4588,7.1206174
7225.0453,7.1923771
7226.6319,7.3373393
7228.2186,7.5581184
7229.8056,7.6403352
7231.3927,7.5944473
7232.98,7.7550951
7234.5675,8.0464618
7236.1551,8.2724688
7237.743,8.5533776
7239.331,8.8839595
7240.9191,9.3478745
7242.5075,9.3778024
7244.096,9.3868152
7245.6847,9.2546513
7247.2736,9.313337
7248.8626,9.5393427
7250.4518,9.7758058
7252.0412,10.116844
7253.6308,9.8382741
7255.2205,9.7740831
7256.8105,9.7438789
7258.4005,9.8104066
7259.9908,9.9344504
7261.5813,9.9800627
7263.1719,10.117178
7264.7626,9.9379536
7266.3536,9.8345458
7267.9447,9.9298307
7269.5361,10.095704
7271.1275,10.099485
7272.7192,9.8418282
7274.311,9.7697922
7275.903,9.8415469
7277.4952,10.030949
7279.0876,9.9066244
7280.6801,9.6463525
7282.2728,9.5167994
7283.8657,9.5414945
7285.4587,9.3727253
7287.0519,8.9268318
7288.6453,8.5776702
7290.2389,8.411515
7291.8327,8.3813073
7293.4266,8.2229949
7295.0207,8.0594536
7296.615,7.9037552
7298.2094,7.8500175
7299.804,7.7753646
7301.3988,7.6850252
7302.9938,7.3672347
7304.5889,7.3291826
7306.1842,7.1970128
7307.7797,7.2007904
7309.3754,6.8542411
7310.9712,6.523378
7312.5672,6.5062401
7314.1634,6.6015204
7315.7598,6.7438594
7317.3563,6.6456753
7318.953,6.5239617
7320.5499,6.4937511
7322.147,6.3824947
7323.7442,6.2790812
7325.3416,6.2305696
7326.9392,6.0905545
7328.5369,5.9662255
7330.1349,5.708563
7331.733,5.6156063
7333.3312,5.5984664
7334.9297,5.4610649
7336.5283,5.3942515
7338.1271,5.2829934
7339.7261,5.3704281
7341.3252,5.2565554
7342.9246,5.022421
7344.524,4.832731
7346.1237,4.7972892
7347.7236,4.9187099
7349.3236,4.9904573
7350.9238,4.9576294
7352.5241,4.9300301
7354.1247,5.0253064
7355.7254,5.04738
7357.3263,4.9727214
7358.9273,4.6915267
7360.5286,4.4573906
7362.13,4.3670452
7363.7316,4.3368304
7365.3333,4.3484455
7366.9353,4.3077729
7368.5374,4.2880151
7370.1397,4.2525709
7371.7421,4.2275841
7373.3448,4.1006363
7374.9476,4.0102896
7376.5505,3.872884
7378.1537,3.8792691
7379.757,3.8908828
7381.3605,3.8632806
7382.9642,3.8487501
7384.5681,3.9074222
7386.1721,3.9713228
7387.7763,3.94372
7389.3806,3.895202
7390.9852,3.8231544
7392.5899,3.766793
7394.1948,3.6869019
7395.7999,3.6958997
7397.4051,3.7048972
7399.0105,3.94396
7400.6161,4.054918
7402.2219,4.0822157
7403.8278,3.8140884
7405.434,3.8178564
7407.0402,3.9052844
7408.6467,3.867222
7410.2533,3.7794863
7411.8602,3.7910968
7413.4671,3.9229686
7415.0743,3.9685657
7416.6816,3.9566463
7418.2891,3.9551843
7419.8968,3.8726763
7421.5047,3.774482
7423.1127,3.728575
7424.7209,3.7584849
7426.3293,3.7125776
7427.9379,3.8000036
7429.5466,3.8455993
7431.1555,3.9539399
7432.7646,3.9367902
7434.3738,3.8961109
7435.9832,3.7926863
7437.5928,3.6997191
7439.2026,3.7060982
7440.8126,3.7935228
7442.4227,3.9646074
7444.033,3.9892867
7445.6434,3.9799788
7447.2541,3.8425662
7448.8649,3.9169182
7450.4759,4.0095706
7452.0871,4.0551641
7453.6984,3.8916071
7455.3099,3.8169388
7456.9216,3.7553422
7458.5335,3.8662946
7460.1455,3.9197304
7461.7577,4.1587869
7463.3701,4.2409806
7464.9827,4.2656578
7466.5954,4.0785701
7468.2083,3.9097829
7469.8214,3.8324988
7471.4346,3.8310316
7473.0481,3.9785837
7474.6617,4.04509
7476.2755,4.0305504
7477.8894,4.0787557
7479.5035,3.9517975
7481.1178,4.0758195
7482.7323,4.1031093
7484.347,4.1565427
7485.9618,4.1812178
7487.5768,4.0464157
7489.192,4.1547506
7490.8073,4.129752
7492.4228,4.1988709
7494.0385,4.1137413
7495.6544,3.9344939
7497.2704,3.6637431
7498.8867,3.4505084
7500.503,3.4072083
7502.1196,3.578287
7503.7364,3.6160323
7505.3533,3.4550846
7506.9704,3.2523067
7508.5876,3.1227312
7510.2051,3.2179922
7511.8227,3.1224033
7513.4405,3.1496901
7515.0584,2.9129244
7516.6765,2.7232175
7518.2949,2.5701116
7519.9133,2.440535
7521.532,2.5148799
7523.1508,2.5447801
7524.7698,2.5511508
7526.389,2.5366062
7528.0084,2.3782707
7529.6279,2.4421572
7531.2476,2.3727102
7532.8675,2.2457468
7534.4875,2.1553844
7536.1077,2.0937801
7537.7281,2.2073391
7539.3487,2.1954076
7540.9695,2.141646
7542.5904,2.1087992
7544.2115,2.039351
7545.8327,2.0352621
7547.4542,2.0337874
7549.0758,2.0610707
7550.6976,2.1354126
7552.3196,2.1051793
7553.9417,2.0305013
7555.564,2.0028821
7557.1865,1.977877
7558.8092,2.02346
7560.432,1.9906115
7562.055,1.9159328
7563.6782,1.8438682
7565.3016,1.7665748
7566.9251,1.7389544
7568.5488,1.8028371
7570.1727,1.8327328
7571.7967,1.9332165
7573.421,1.8167066
7575.0454,1.7211115
7576.6699,1.643817
7578.2947,1.778287
7579.9196,1.8081817
7581.5447,1.7674879
7583.17,1.664049
7584.7955,1.6494987
7586.4211,1.729066
7588.0469,1.7563455
7589.6729,1.7810105
7591.299,1.7847603
7592.9253,1.7623661
7594.5518,1.7974881
7596.1785,1.7358779
7597.8053,1.7291696
7599.4323,1.7590623
7601.0595,1.7366674
7602.6869,1.698586
7604.3144,1.5480861
7605.9422,1.5126188
7607.57,1.5006807
7609.1981,1.6743634
7610.8263,1.759157
7612.4548,1.8230355
7614.0833,1.6829922
7615.7121,1.5403344
7617.341,1.491794
7618.9701,1.5033843
7620.5994,1.5385037
7622.2289,1.531793
7623.8585,1.4205069
7625.4883,1.3484364
7627.1183,1.3757121
7628.7484,1.4369746
7630.3788,1.485165
7632.0093,1.4183226
7633.6399,1.5135715
7635.2708,1.5225458
7636.9018,1.5367486
7638.533,1.4803631
7640.1644,1.5154807
7641.7959,1.5505981
7643.4277,1.5046696
7645.0596,1.5607017
7646.6916,1.577518
7648.3239,1.5054453
7649.9563,1.3444835
7651.5889,1.2018222
7653.2216,1.1689646
7654.8546,1.177937
7656.4877,1.1895235
7658.121,1.2063387
7659.7544,1.2074675
7661.3881,1.2373542
7663.0219,1.2907702
7664.6559,1.2762122
7666.29,1.1570789
7667.9244,1.0013441
7669.5589,0.97371376
7671.1936,0.92255382
7672.8284,0.92891006
7674.4634,0.84899163
7676.0986,0.91809265
7677.734,1.0708536
7679.3696,1.1294968
7681.0053,1.1384667
7682.6412,1.0428612
7684.2773,0.93156923
7685.9135,0.88040786
7687.55,0.75081496
7689.1866,0.78331341
7690.8233,0.72953719
7692.4603,0.69144708
7694.0974,0.71610191
7695.7347,0.68324025
7697.3722,0.79155489
7699.0098,0.78745108
7700.6476,0.7467458
7702.2856,0.63022337
7703.9238,0.47709948
7705.5621,0.50959634
7707.2006,0.63882507
7708.8393,0.74713861
7710.4782,0.77440623
7712.1172,0.65003972
7713.7564,0.69822206
7715.3958,0.67843039
7717.0354,0.73706993
7718.6751,0.70682043
7720.315,0.71317207
7721.9551,0.64893532
7723.5953,0.60561345
7725.2358,0.63810841
7726.8764,0.6601457
7728.5172,0.66649655
7730.1581,0.60748776
7731.7992,0.64782523
7733.4405,0.64633247
7735.082,0.67882648
7736.7237,0.63027458
7738.3655,0.62616696
7740.0075,0.65604612
7741.6497,0.67023884
7743.292,0.66613075
7744.9345,0.66725126
7746.5772,0.63961344
7748.2201,0.64073364
7749.8631,0.54773602
7751.5063,0.5488559
7753.1497,0.49768804
7754.7933,0.57985335
7756.437,0.58881589
7758.081,0.54810506
7759.725,0.3923614
7761.3693,0.27321889
7763.0137,0.23773635
7764.6583,0.25454124
7766.3031,0.16938518
7767.9481,0.13913092
7769.5932,0.21345167
7771.2385,0.20149775
7772.884,0.29673321
7774.5297,0.22987701
7776.1755,0.30419713
7777.8215,0.21903996
7779.4677,0.13911139
7781.114,0.12192776
7782.7606,0.1387309
7784.4073,0.18690643
7786.0541,0.11743475
7787.7012,0.084564212
7789.3484,0.038621621
7790.9958,0.037123316
7792.6434,0.022552957
7794.2911,-0.039076383
7795.939,0.053542484
7797.5871,-0.061189086
7799.2354,-0.16284956
7800.8838,-0.19392259
7802.5325,-0.18316636
7804.1813,-0.1619534
7805.8302,-0.1956432
7807.4794,-0.21364753
7809.1287,-0.17936507
7810.7782,-0.19214223
7812.4278,-0.16570451
7814.0777,-0.11312379
7815.7277,-0.073615759
7817.3779,-0.055023561
7819.0282,0.052456729
7820.6787,0.026602889
7822.3295,-0.004480507
7823.9803,-0.072166007
7825.6314,-0.12155165
7827.2826,-0.14217992
7828.934,-0.11313579
7830.5856,-0.14892905
7832.2374,-0.1157035
7833.8893,-0.013459146
7835.5414,-0.014744997
7837.1937,0.010635022
7838.8461,0.053269145
7840.4987,0.078647569
7842.1515,0.088338921
7843.8045,0.18116673
7845.4576,0.18458198
7847.111,0.19897682
7848.7645,0.28082185
7850.4181,0.31874451
7852.072,0.30960755
7853.726,0.34125411
7855.3802,0.41054693
7857.0345,0.36062326
7858.6891,0.27462037
7860.3438,0.24665589
7861.9987,0.24222003
7863.6537,0.19699906
7865.309,0.1690322
7866.9644,0.33714297
7868.62,0.38446862
7870.2757,0.35806799
7871.9317,0.35519598
7873.5878,0.40879375
7875.2441,0.3008221
7876.9005,0.27284966
7878.5571,0.35938622
7880.2139,0.33768669
7881.8709,0.26422166
7883.5281,0.17820681
7885.1854,0.1690539
7886.8429,0.10970413
7888.5006,0.097412375
7890.1584,0.12747277
7891.8164,0.072826481
7893.4746,-0.035153936
7895.133,-0.13529201
7896.7916,-0.23699951
7898.4503,-0.29949213
7900.1092,-0.26316201
7901.7682,-0.18447974
7903.4275,-0.15599436
7905.0869,-0.049078391
7906.7465,-0.0080455778
7908.4063,0.058084478
7910.0662,0.081860795
7911.7263,0.10406769
7913.3866,0.063528686
7915.0471,0.059067318
7916.7077,0.021663977
7918.3685,-0.036132319
7920.0295,-0.056282353
7921.6906,-0.020055548
7923.352,-0.013632484
7925.0135,0.0053397795
7926.6752,0.03842987
7928.337,0.024461317
7929.999,0.0042184344
7931.6613,0.023191418
7933.3236,0.0060861502
7934.9862,0.10505949
7936.6489,0.20089576
7938.3118,0.32183025
7939.9749,0.3957061
7941.6381,0.51664094
7943.3016,0.4791446
7944.9652,0.55929549
7946.6289,0.53748578
7948.2929,0.50469586
7949.957,0.44523945
7951.6213,0.51284205
7953.2857,0.52868012
7954.9504,0.61353798
7956.6152,0.71721954
7958.2802,0.83501894
7959.9454,0.89007341
7961.6107,0.92630454
7963.2762,0.98763388
7964.9419,1.0332771
7966.6078,1.127548
7968.2738,1.2657406
7969.94,1.3835413
7971.6064,1.4072245
7973.273,1.518751
7974.9397,1.5612581
7976.6066,1.5488634
7978.2737,1.5992139
7979.9409,1.6793686
7981.6084,1.7705039
7983.276,1.9165413
7984.9437,1.9700298
7986.6117,2.0894009
7988.2798,2.3311251
7989.9481,2.4081436
7991.6166,2.562025
7993.2852,2.8084556
7994.9541,2.9686119
7996.6231,3.1428861
7998.2922,3.46618
7999.9616,3.6953564
8001.6311,3.9684546
8003.3008,4.2588079
8004.9707,4.4989653
8006.6407,4.7359856
8008.3109,4.9714374
8009.9813,5.2021836
8011.6519,5.5411652
8013.3226,5.9507352
8014.9935,6.2740309
8016.6646,6.6522288
8018.3359,7.2406229
8020.0073,7.7129388
8021.6789,8.150745
8023.3507,8.8128651
8025.0227,9.4671423
8026.6948,10.105733
8028.3671,10.896482
8030.0396,11.749975
8031.7122,12.586214
8033.3851,13.657747
8035.0581,14.886143
8036.7312,15.902774
8038.4046,17.060582
8040.0781,18.194861
8041.7518,19.271101
8043.4257,20.358321
8045.0997,21.693385
8046.774,22.868448
8048.4484,24.030963
8050.1229,25.0774
8051.7977,25.897955
8053.4726,26.613411
8055.1477,27.419849
8056.823,28.188639
8058.4984,28.855469
8060.174,29.52073
8061.8498,30.2456
8063.5258,30.796352
8065.2019,31.306319
8066.8782,31.610797
8068.5547,31.904295
8070.2314,32.059753
8071.9082,32.132075
8073.5852,32.26871
8075.2624,32.447698
8076.9398,32.432177
8078.6173,32.404107
8080.295,32.190939
8081.9729,31.869536
8083.6509,31.623428
8085.3292,31.286339
8087.0076,30.691995
8088.6861,30.220005
8090.3649,29.697818
8092.0438,28.959162
8093.7229,28.099721
8095.4022,27.257535
8097.0816,26.329075
8098.7613,25.166889
8100.4411,24.0549
8102.121,23.048009
8103.8012,21.994059
8105.4815,20.933835
8107.162,20.113612
8108.8426,19.315349
8110.5235,18.521792
8112.2045,17.982353
8113.8857,17.488404
8115.5671,16.82975
8117.2486,16.240116
8118.9303,15.827736
8120.6122,15.310259
8122.2943,14.795919
8123.9765,14.342756
8125.6589,13.931946
8127.3415,13.496038
8129.0242,13.107189
8130.7072,12.749713
8132.3903,12.396943
8134.0736,12.121036
8135.757,11.903168
8137.4406,11.644516
8139.1245,11.547433
8140.8084,11.511526
8142.4926,11.343855
8144.1769,11.1354
8145.8614,11.126161
8147.5461,10.86751
8149.2309,10.660624
8150.9159,10.685895
8152.6011,10.6045
8154.2865,10.42585
8155.9721,10.298964
8157.6578,10.112472
8159.3437,9.8522533
8161.0297,9.7049764
8162.716,9.5498566
8164.4024,9.4700311
8166.089,9.5784411
8167.7758,9.5786159
8169.4627,9.4031046
8171.1498,9.2950446
8172.8371,9.1963964
8174.5245,8.9173563
8176.2122,8.8438065
8177.9,8.8847668
8179.588,8.8065115
8181.2761,8.8396289
8182.9645,8.8570603
8184.653,8.7490017
8186.3417,8.6331
8188.0305,8.5673947
8189.7195,8.4985523
8191.4087,8.5724551
8193.0981,8.6212601
8194.7877,8.6324182
8196.4774,8.6859295
8198.1673,8.7582644
8199.8574,8.8431485
8201.5476,8.9735231
8203.238,9.1274272
8204.9286,9.3487825
8206.6194,9.4885693
8208.3103,9.5593367
8210.0015,9.6348101
8211.6928,9.6804798
8213.3842,9.704189
8215.0759,9.7482904
8216.7677,9.8865097
8218.4597,9.9462978
8220.1518,9.9998115
8221.8442,10.119208
8223.5367,10.157036
8225.2294,10.121138
8226.9222,10.195045
8228.6153,10.322285
8230.3085,10.385212
8232.0019,10.562648
8233.6954,10.743222
8235.3891,10.848502
8237.0831,10.964763
8238.7771,10.999455
8240.4714,11.015324
8242.1658,10.968448
8243.8604,10.978043
8245.5552,10.990775
8247.2501,11.077233
8248.9453,11.135455
8250.6406,11.195247
8252.336,11.331901
8254.0317,11.440321
8255.7275,11.407564
8257.4235,11.46265
8259.1197,11.602442
8260.816,11.615176
8262.5125,11.620067
8264.2092,11.673585
8265.9061,11.675339
8267.6031,11.653564
8269.3004,11.570612
8270.9978,11.471975
8272.6953,11.492553
8274.3931,11.494308
8276.091,11.398808
8277.7891,11.460171
8279.4873,11.66271
8281.1857,11.691133
8282.8844,11.74779
8284.5831,11.849938
8286.2821,11.900322
8287.9812,11.919333
8289.6805,12.060697
8291.38,12.211473
8293.0797,12.393622
8294.7795,12.594595
8296.4795,12.761058
8298.1797,12.979286
8299.88,13.126926
8301.5806,13.28084
8303.2813,13.488088
8304.9821,13.613768
8306.6832,13.736311
8308.3844,13.940422
8310.0858,14.088063
8311.7874,14.235704
8313.4891,14.502561
8315.191,14.825889
8316.8931,15.095883
8318.5954,15.373721
8320.2978,15.587246
8322.0004,15.860378
8323.7032,16.029981
8325.4062,16.180761
8327.1093,16.381737
8328.8126,16.650164
8330.5161,16.841729
8332.2198,17.238784
8333.9236,17.651526
8335.6276,18.059561
8337.3318,18.45348
8339.0362,19.040339
8340.7407,19.487591
8342.4454,19.98504
8344.1503,20.451116
8345.8553,20.959545
8347.5606,21.378562
8349.266,21.824246
8350.9715,22.326402
8352.6773,22.938361
8354.3832,23.431104
8356.0893,23.955221
8357.7956,24.480906
8359.502,24.874827
8361.2087,25.337767
8362.9155,25.959139
8364.6224,26.382864
8366.3296,26.82855
8368.0369,27.52208
8369.7444,28.168551
8371.4521,28.871492
8373.1599,29.710904
8374.8679,30.473454
8376.5761,31.121494
8378.2845,31.838554
8379.993,32.463065
8381.7017,33.256988
8383.4106,34.146598
8385.1197,35.109933
8386.8289,35.917974
8388.5383,36.931506
8390.2479,37.783469
8391.9576,38.637001
8393.6676,39.432494
8395.3777,40.378575
8397.088,41.299558
8398.7984,42.240934
8400.509,43.099173
8402.2198,44.029569
8403.9308,45.108984
8405.642,46.157027
8407.3533,47.187816
8409.0648,48.38331
8410.7765,49.680766
8412.4883,50.862143
8414.2003,51.990187
8415.9125,53.2798
8417.6249,54.52706
8419.3374,55.725693
8421.0502,57.110993
8422.7631,58.560606
8424.4761,59.947475
8426.1894,61.367285
8427.9028,62.642782
8429.6164,63.824161
8431.3301,64.759265
8433.0441,65.779076
8434.7582,66.924377
8436.4725,68.121443
8438.1869,69.062823
8439.9016,69.960282
8441.6164,70.784015
8443.3314,71.41167
8445.0465,72.037757
8446.7618,72.659137
8448.4773,73.326009
8450.193,73.873664
8451.9089,74.173477
8453.6249,74.311721
8455.3411,74.523691
8457.0575,74.812524
8458.774,75.062142
8460.4908,75.272544
8462.2077,75.467259
8463.9247,75.632171
8465.642,75.594731
8467.3594,75.394153
8469.077,75.163771
8470.7948,74.880057
8472.5127,74.51948
8474.2308,74.086746
8475.9491,73.570875
8477.6676,72.91069
8479.3862,72.214427
8481.105,71.088361
8482.824,69.901118
8484.5432,68.715444
8486.2625,67.612907
8487.982,66.400567
8489.7017,65.476854
8491.4216,64.42922
8493.1416,63.267076
8494.8618,61.959051
8496.5822,60.671417
8498.3028,59.300646
8500.0235,58.08517
8501.7444,56.824204
8503.4655,55.690296
8505.1867,54.495213
8506.9082,53.23111
8508.6298,52.010928
8510.3515,50.933492
8512.0735,49.876449
8513.7956,48.828817
8515.5179,47.930205
8517.2404,47.06924
8518.963,46.335334
8520.6859,45.466527
8522.4089,44.632229
8524.132,43.848128
8525.8554,42.954223
8527.5789,42.088554
8529.3026,41.295041
8531.0264,40.496823
8532.7505,39.764487
8534.4747,39.174897
8536.1991,38.489621
8537.9236,37.95807
8539.6484,37.547303
8541.3733,37.183596
8543.0984,36.686556
8544.8236,36.304025
8546.5491,35.923064
8548.2747,35.446416
8550.0005,34.889768
8551.7264,34.400572
8553.4526,34.03216
8555.1789,33.68414
8556.9053,33.469454
8558.632,33.234376
8560.3588,33.040083
8562.0858,32.811279
8563.813,32.59032
8565.5403,32.339556
8567.2679,32.021342
8568.9956,31.743912
8570.7234,31.565306
8572.4515,31.405523
8574.1797,31.134368
8575.9081,30.946351
8577.6367,30.886961
8579.3654,30.629924
8581.0943,30.335241
8582.8234,30.258597
8584.5527,30.280776
8586.2821,30.182172
8588.0117,30.014548
8589.7415,30.005355
8591.4715,29.872241
8593.2016,29.721873
8594.9319,29.715818
8596.6624,29.714469
8598.3931,29.620572
8600.1239,29.642753
8601.8549,29.550425
8603.5861,29.331038
8605.3175,29.119494
8607.049,28.859323
8608.7807,28.66974
8610.5126,28.600942
8612.2446,28.480379
8613.9769,28.293935
8615.7093,28.142
8617.4418,27.811242
8619.1746,27.547934
8620.9075,27.28149
8622.6406,27.104458
8624.3739,27.040367
8626.1073,26.9151
8627.841,26.53101
8629.5748,26.27241
8631.3087,26.096947
8633.0429,25.67521
8634.7772,25.366415
8636.5117,25.283501
8638.2463,25.092353
8639.9812,24.769441
8641.7162,24.559469
8643.4514,24.333812
8645.1867,24.050115
8646.9223,23.796223
8648.658,23.536056
8650.3939,23.326086
8652.1299,23.056507
8653.8662,22.854381
8655.6026,22.617744
8657.3392,22.431304
8659.0759,22.224471
8660.8129,22.0396
8662.55,21.759042
8664.2872,21.520838
8666.0247,21.274791
8667.7623,21.020901
8669.5001,20.861128
8671.2381,20.704493
8672.9762,20.532172
8674.7146,20.428871
8676.4531,20.303609
8678.1917,20.120308
8679.9306,19.958968
8681.6696,19.791354
8683.4088,19.647269
8685.1482,19.506322
8686.8877,19.442238
8688.6274,19.381291
8690.3673,19.307795
8692.1074,19.152731
8693.8476,19.099628
8695.588,18.97123
8697.3286,18.781657
8699.0694,18.629731
8700.8103,18.485648
8702.5514,18.361957
8704.2927,18.266502
8706.0342,18.147518
8707.7758,18.11324
8709.5176,18.049158
8711.2596,17.964684
8713.0018,17.91472
8714.7441,17.853776
8716.4866,17.816361
8718.2293,17.766397
8719.9721,17.579964
8721.7152,17.454706
8723.4584,17.425136
8725.2017,17.276349
8726.9453,17.187171
8728.689,17.242307
8730.4329,17.222149
8732.177,17.164343
8733.9212,17.103401
8735.6656,17.036185
8737.4102,16.86387
8739.155,16.741752
8740.8999,16.640026
8742.6451,16.549281
8744.3904,16.536967
8746.1358,16.632889
8747.8815,16.562537
8749.6273,16.471792
8751.3733,16.410852
8753.1194,16.30599
8754.8658,16.152501
8756.6123,16.135483
8758.359,16.102778
8760.1058,16.066937
8761.8529,16.031095
8763.6001,16.026627
8765.3474,16.009609
8767.095,15.9722
8768.8427,15.999105
8770.5906,15.942872
8772.3387,15.820757
8774.087,15.79276
8775.8354,15.836921
8777.584,15.747748
8779.3328,15.702496
8781.0817,15.721559
8782.8308,15.546112
8784.5801,15.373802
8786.3296,15.301885
8788.0793,15.222125
8789.8291,15.158051
8791.5791,15.117507
8793.3292,15.039316
8795.0796,15.039557
8796.8301,14.989601
8798.5808,14.920823
8800.3317,14.93675
8802.0827,14.933854
8803.8339,14.866645
8805.5853,14.822965
8807.3369,14.71654
8809.0886,14.671292
8810.8405,14.666828
8812.5926,14.585502
8814.3449,14.59045
8816.0973,14.576575
8817.8499,14.474857
8819.6027,14.401375
8821.3556,14.29652
8823.1088,14.19794
8824.8621,14.162105
8826.6155,14.137251
8828.3692,14.159456
8830.123,14.098523
8831.877,14.065827
8833.6312,14.066071
8835.3855,14.085139
8837.1401,13.983423
8838.8948,13.957002
8840.6496,13.894502
8842.4047,13.908865
8844.1599,13.840091
8845.9153,13.749356
8847.6709,13.834308
8849.4266,13.807888
8851.1825,13.696761
8852.9386,13.726812
8854.6949,13.739608
8856.4513,13.708482
8858.2079,13.758925
8859.9647,13.740349
8861.7217,13.688831
8863.4788,13.678099
8865.2361,13.632856
8866.9936,13.684869
8868.7513,13.716489
8870.5091,13.755953
8872.2671,13.858163
8874.0253,13.847431
8875.7837,13.788072
8877.5422,13.797733
8879.3009,13.74308
8881.0598,13.677447
8882.8188,13.702795
8884.578,13.69677
8886.3374,13.684471
8888.097,13.714525
8889.8568,13.73203
8891.6167,13.740123
8893.3768,13.815668
8895.1371,13.836311
8896.8975,13.814601
8898.6581,13.807009
8900.4189,13.813535
8902.1799,13.804375
8903.941,13.795215
8905.7024,13.831545
8907.4638,13.856895
8909.2255,13.901069
8910.9873,13.877792
8912.7494,13.870202
8914.5116,13.854768
8916.2739,13.90208
8918.0364,13.861549
8919.7992,13.880626
8921.562,13.887154
8923.3251,13.932898
8925.0883,13.917465
8926.8517,13.986739
8928.6153,13.980719
8930.3791,14.026463
8932.143,13.970247
8933.9071,13.890502
8935.6714,13.835855
8937.4358,13.861208
8939.2005,13.80813
8940.9653,13.820935
8942.7302,13.835308
8944.4954,13.843407
8946.2607,13.765232
8948.0262,13.756076
8949.7919,13.756333
8951.5577,13.695413
8953.3238,13.620376
8955.0899,13.641025
8956.8563,13.56285
8958.6229,13.506637
8960.3896,13.453561
8962.1565,13.358133
8963.9235,13.297214
8965.6908,13.302178
8967.4582,13.256946
8969.2258,13.246224
8970.9935,13.182169
8972.7615,13.058506
8974.5296,12.985039
8976.2979,12.826867
8978.0663,12.717322
8979.835,12.678366
8981.6038,12.528038
8983.3727,12.362023
8985.1419,12.301106
8986.9112,12.266857
8988.6807,12.171431
8990.4504,12.13875
8992.2203,12.065285
8993.9903,11.979272
8995.7605,11.879141
8997.5309,11.752343
8999.3014,11.680448
9001.0721,11.669729
9002.843,11.571167
9004.6141,11.431821
9006.3853,11.403848
9008.1568,11.352346
9009.9284,11.261628
9011.7001,11.206989
9013.4721,11.18686
9015.2442,11.111828
9017.0165,10.967778
9018.7889,10.933532
9020.5616,10.924383
9022.3344,10.882294
9024.1074,10.859029
9025.8805,10.843607
9027.6539,10.743479
9029.4274,10.682567
9031.2011,10.681263
9032.9749,10.695645
9034.749,10.736695
9036.5232,10.849901
9038.2976,10.840755
9040.0721,10.797099
9041.8468,10.776973
9043.6217,10.727042
9045.3968,10.633191
9047.1721,10.562869
9048.9475,10.5349
9050.7231,10.47399
9052.4989,10.380139
9054.2748,10.280014
9056.0509,10.245772
9057.8272,10.220941
9059.6037,10.164738
9061.3804,10.204221
9063.1572,10.232725
9064.9342,10.218875
9066.7113,10.139143
9068.4887,10.076667
9070.2662,10.023602
9072.0439,9.9987729
9073.8218,9.9974733
9075.5998,9.9648013
9077.378,9.9980118
9079.1564,10.057889
9080.935,10.028355
9082.7137,10.047448
9084.4926,10.082228
9086.2717,10.077793
9088.0509,10.041985
9089.8304,10.037549
9091.61,9.954683
9093.3898,9.9329932
9095.1697,9.9458134
9096.9498,9.9429475
9098.7302,9.9698857
9100.5106,10.028197
9102.2913,10.042586
9104.0721,10.039721
9105.8531,10.090189
9107.6343,10.12654
9109.4156,10.107989
9111.1972,10.130223
9112.9788,10.194809
9114.7607,10.115083
9116.5428,10.049474
9118.325,10.106218
9120.1074,10.134727
9121.8899,10.103628
9123.6727,10.172922
9125.4556,10.198294
9127.2387,10.247196
9129.022,10.277274
9130.8054,10.286961
9132.589,10.393902
9134.3728,10.519668
9136.1568,10.582688
9137.9409,10.615905
9139.7252,10.729122
9141.5097,10.746652
9143.2943,10.748497
9145.0792,10.803675
9146.8642,10.87454
9148.6494,10.885797
9150.4347,10.86725
9152.2202,10.895762
9154.006,11.00898
9155.7918,11.079846
9157.5779,11.208751
9159.3641,11.317264
9161.1505,11.436757
9162.9371,11.416643
9164.7238,11.485941
9166.5108,11.575631
9168.2979,11.698263
9170.0851,11.764424
9171.8726,11.981173
9173.6602,12.154001
9175.448,12.315849
9177.2359,12.432207
9179.0241,12.630134
9180.8124,12.735512
9182.6009,12.887948
9184.3896,12.916464
9186.1784,13.106548
9187.9674,13.241731
9189.7566,13.3126
9191.546,13.439939
9193.3355,13.694338
9195.1252,13.848345
9196.9151,14.035293
9198.7051,14.225378
9200.4954,14.363699
9202.2858,14.483197
9204.0764,14.663871
9205.8671,14.866507
9207.658,15.04875
9209.4492,15.307856
9211.2404,15.612453
9213.0319,15.782148
9214.8235,15.820078
9216.6153,16.105851
9218.4073,16.335155
9220.1994,16.457791
9221.9918,16.800036
9223.7842,17.203457
9225.5769,17.35433
9227.3698,17.522458
9229.1628,17.77686
9230.956,17.960674
9232.7493,18.172724
9234.5429,18.48046
9236.3366,18.847804
9238.1305,19.048874
9239.9246,19.227983
9241.7188,19.659642
9243.5132,20.127379
9245.3078,20.548057
9247.1026,21.047167
9248.8975,21.598042
9250.6926,21.999898
9252.4879,22.346852
9254.2833,22.613805
9256.079,22.907426
9257.8748,23.185361
9259.6708,23.322119
9261.4669,23.494956
9263.2632,23.827793
9265.0597,24.166905
9266.8564,24.578174
9268.6533,25.041207
9270.4503,25.386594
9272.2475,25.785315
9274.0449,26.2358
9275.8424,26.579619
9277.6401,26.854418
9279.438,27.130786
9281.2361,27.319311
9283.0344,27.600386
9284.8328,27.751264
9286.6314,27.928809
9288.4301,28.173806
9290.2291,28.203901
9292.0282,28.180662
9293.8275,28.251542
9295.6269,28.145166
9297.4266,28.070164
9299.2264,28.021828
9301.0264,27.91859
9302.8265,27.779275
9304.6269,27.724665
9306.4274,27.555545
9308.2281,27.278191
9310.0289,26.930248
9311.83,26.571326
9313.6312,26.23907
9315.4325,25.822108
9317.2341,25.510245
9319.0358,25.102695
9320.8377,24.729656
9322.6398,24.276617
9324.4421,23.911421
9326.2445,23.497597
9328.0471,23.08848
9329.8499,22.643285
9331.6528,22.312599
9333.4559,21.905051
9335.2592,21.563386
9337.0627,21.284466
9338.8663,20.781232
9340.6702,20.152508
9342.4742,19.672804
9344.2783,19.254277
9346.0827,18.751044
9347.8872,18.368595
9349.6919,18.161833
9351.4967,17.8186
9353.3018,17.425172
9355.107,17.194881
9356.9124,16.878316
9358.7179,16.530378
9360.5237,16.303225
9362.3296,15.98666
9364.1357,15.569704
9365.9419,15.347257
9367.7483,15.110693
9369.555,14.866285
9371.3617,14.637565
9373.1687,14.481001
9374.9758,14.330712
9376.7831,14.142776
9378.5906,13.896801
9380.3982,13.817101
9382.2061,13.735832
9384.0141,13.599662
9385.8222,13.449374
9387.6306,13.364969
9389.4391,13.126838
9391.2478,12.948315
9393.0567,12.794891
9394.8657,12.639898
9396.6749,12.466082
9398.4843,12.439717
9400.2939,12.375705
9402.1036,12.230124
9403.9136,12.167681
9405.7236,12.135043
9407.5339,11.976914
9409.3444,11.776432
9411.155,11.71399
9412.9658,11.615469
9414.7767,11.513812
9416.5878,11.52039
9418.3992,11.517556
9420.2106,11.450409
9422.0223,11.38483
9423.8341,11.316115
9425.6461,11.17838
9427.4583,11.070449
9429.2707,10.992322
9431.0832,10.876549
9432.8959,10.771756
9434.7088,10.767355
9436.5218,10.673543
9438.335,10.645613
9440.1484,10.663174
9441.962,10.647793
9443.7758,10.563393
9445.5897,10.533896
9447.4038,10.465183
9449.2181,10.402744
9451.0325,10.323051
9452.8471,10.22924
9454.6619,10.154253
9456.4769,10.109071
9458.292,10.03879
9460.1073,9.9590975
9461.9228,9.9139152
9463.7385,9.8624586
9465.5543,9.735708
9467.3703,9.7015067
9469.1865,9.67358
9471.0029,9.6033005
9472.8194,9.5675311
9474.6361,9.4909775
9476.453,9.3783456
9478.2701,9.3017924
9480.0873,9.2879845
9481.9047,9.2145688
9483.7223,9.1882122
9485.54,9.1383264
9487.358,9.0068721
9489.1761,8.8801239
9490.9943,8.7486699
9492.8128,8.6407456
9494.6314,8.5563508
9496.4502,8.4954857
9498.2692,8.462856
9500.0883,8.4694422
9501.9077,8.4807344
9503.7272,8.4637916
9505.5468,8.4311626
9507.3667,8.3357887
9509.1867,8.202768
9511.0069,8.0979827
9512.8273,8.0449623
9514.6478,8.0186087
9516.4685,7.9985299
9518.2894,8.02551
9520.1105,8.0132746
9521.9317,7.9633924
9523.7531,7.9307652
9525.5747,7.8840206
9527.3965,7.8357075
9529.2184,7.8234731
9531.0405,7.7359447
9532.8628,7.7456713
9534.6852,7.7318688
9536.5079,7.6584586
9538.3307,7.5693623
9540.1537,7.5508544
9541.9768,7.4366604
9543.8001,7.4432509
9545.6236,7.48592
9547.4473,7.4423148
9549.2712,7.389298
9551.0952,7.3598108
9552.9194,7.2926767
9554.7438,7.2349546
9556.5683,7.2995855
9558.393,7.3861775
9560.2179,7.4084559
9562.043,7.3836756
9563.8682,7.314974
9565.6937,7.257253
9567.5193,7.1195321
9569.345,7.0790663
9571.171,7.0323261
9572.9971,7.0279391
9574.8234,7.0188464
9576.6498,7.0301461
9578.4765,6.9802694
9580.3033,6.9539223
9582.1303,6.9134578
9583.9574,6.8729934
9585.7848,6.8905685
9587.6123,6.8971633
9589.44,6.9163073
9591.2678,6.8648633
9593.0958,6.8071449
9594.924,6.7964856
9596.7524,6.7528852
9598.581,6.7171282
9600.4097,6.7268615
9602.2386,6.7146343
9604.0677,6.6631915
9605.8969,6.6917489
9607.7264,6.621483
9609.556,6.6108251
9611.3857,6.5452654
9613.2157,6.4797058
9615.0458,6.4643426
9616.8761,6.5148619
9618.7066,6.537146
9620.5372,6.5845284
9622.368,6.657009
9624.199,6.6698819
9626.0302,6.6686374
9627.8615,6.7050401
9629.693,6.7226195
9631.5247,6.7480422
9633.3566,6.7405238
9635.1886,6.7957508
9637.0208,6.8133309
9638.8532,6.835617
9640.6858,6.8437857
9642.5185,6.8692094
9644.3514,6.908751
9646.1845,6.9592732
9648.0178,7.0145014
9649.8512,7.0932592
9651.6848,7.1782917
9653.5186,7.1582264
9655.3525,7.1616906
9657.1867,7.1243707
9659.021,7.032149
9660.8554,6.9760059
9662.6901,6.9826081
9664.5249,7.0613674
9666.3599,7.0883621
9668.1951,7.1263374
9670.0304,7.1109796
9671.866,7.1348376
9673.7017,7.0175193
9675.5375,6.9707894
9677.3736,6.9475891
9679.2098,6.8459577
9681.0462,6.7647186
9682.8827,6.6897541
9684.7195,6.6508683
9686.5564,6.6135513
9688.3935,6.6217246
9690.2307,6.5765648
9692.0682,6.5251307
9693.9058,6.4815399
9695.7436,6.4018708
9697.5815,6.3316137
9699.4197,6.2346901
9701.258,6.203649
9703.0965,6.1035885
9704.9351,6.0364694
9706.774,5.920723
9708.613,5.8316434
9710.4521,5.7221719
9712.2915,5.6221123
9714.131,5.4655823
9715.9707,5.3780721
9717.8106,5.2686012
9719.6506,5.1669737
9721.4909,5.1406405
9723.3313,5.0829349
9725.1718,5.1130727
9727.0126,5.0694851
9728.8535,5.0227605
9730.6946,4.9289772
9732.5359,4.8728411
9734.3773,4.8041563
9736.2189,4.7495892
9738.0607,4.6730615
9739.9027,4.651436
9741.7448,4.6015754
9743.5872,4.5328914
9745.4296,4.4689134
9747.2723,4.4033671
9749.1151,4.4021346
9750.9582,4.3883533
9752.8013,4.316533
9754.6447,4.2807912
9756.4882,4.2685791
9758.3319,4.1497005
9760.1758,4.0888612
9762.0199,4.0719438
9763.8641,4.018948
9765.7085,3.9643838
9767.5531,3.9255061
9769.3978,3.9085894
9771.2428,3.8963787
9773.0879,3.9343642
9774.9331,3.9111735
9776.7786,3.8848457
9778.6242,3.8506749
9780.47,3.8196416
9782.316,3.7227261
9784.1621,3.6822813
9786.0085,3.6575231
9787.855,3.6108042
9789.7016,3.5546737
9791.5485,3.5205042
9793.3955,3.5396682
9795.2427,3.510205
9797.09,3.4948595
9798.9376,3.4716711
9800.7853,3.4657378
9802.6332,3.4284322
9804.4813,3.4381855
9806.3295,3.3820566
9808.1779,3.3322025
9810.0265,3.3341132
9811.8752,3.2779849
9813.7242,3.2406803
9815.5733,3.2363171
9817.4226,3.2523462
9819.272,3.2511205
9821.1217,3.2608755
9822.9715,3.2235718
9824.8214,3.1972487
9826.6716,3.1364159
9828.5219,3.0144069
9830.3724,3.0225941
9832.2231,2.9523501
9834.0739,2.9307338
9835.925,2.9138235
9837.7762,2.911031
9839.6275,2.8847094
9841.4791,2.8881918
9843.3308,2.8665763
9845.1827,2.8135885
9847.0348,2.7935421
9848.887,2.7342801
9850.7394,2.7252144
9852.592,2.686345
9854.4448,2.6851228
9856.2977,2.6415478
9858.1508,2.6011103
9860.0041,2.530869
9861.8576,2.4763142
9863.7112,2.4468576
9865.565,2.4472051
9867.419,2.438141
9869.2732,2.4447634
9871.1275,2.4576604
9872.982,2.4454596
9874.8367,2.4112982
9876.6916,2.3990978
9878.5466,2.3241524
9880.4018,2.3056779
9882.2572,2.2668113
9884.1127,2.2216704
9885.9685,2.1937846
9887.8244,2.1878597
9889.6804,2.1709547
9891.5367,2.1430694
9893.3931,2.1355765
9895.2497,2.0967112
9897.1065,2.0798068
9898.9634,2.0174125
9900.8205,1.9958026
9902.6778,1.999291
9904.5353,1.9447403
9906.393,1.9952878
9908.2508,1.989365
9910.1088,1.9489325
9911.9669,1.8975198
9913.8253,1.8586563
9915.6838,1.8182243
9917.5425,1.7683808
9919.4013,1.7797139
9921.2604,1.7910472
9923.1196,1.7521846
9924.979,1.7101849
9926.8385,1.7215188
9928.6983,1.6810881
9930.5582,1.6390889
9932.4182,1.6378743
9934.2785,1.5864638
9936.1389,1.5679946
9937.9995,1.5197217
9939.8603,1.5169391
9941.7213,1.4890587
9943.5824,1.492551
9945.4437,1.4615337
9947.3052,1.4399283
9949.1668,1.41048
9951.0286,1.4061299
9952.8906,1.40178
9954.7528,1.3864499
9956.6152,1.3585709
9958.4777,1.3495157
9960.3404,1.3122253
9962.2032,1.2780723
9964.0663,1.2643117
9965.9295,1.2270219
9967.7929,1.2054185
9969.6565,1.1806781
9971.5202,1.1324084
9973.3841,1.0621781
9975.2482,1.0625362
9977.1125,1.0597573
9978.9769,0.99737067
9980.8415,1.0306705
9982.7063,1.0435784
9984.5713,1.0282511
9986.4364,1.0207672
9988.3017,1.0368129
9990.1672,1.013643
9992.0328,0.97792432
9993.8987,0.96730386
9995.7647,0.91746789
9997.6308,0.8911615
9999.4972,0.83505138
10001.364,0.82286301
10003.23,0.78243952
10005.097,0.79534955
10006.964,0.80198524
10008.832,0.77254269
10010.699,0.80427678
10012.567,0.78424635
10014.434,0.75480434
10016.302,0.73163701
10018.17,0.73513653
10020.039,0.69000878
10021.907,0.67311651
10023.776,0.62642049
10025.644,0.59070505
10027.513,0.58008782
10029.383,0.53339235
10031.252,0.52591274
10033.121,0.49490389
10034.991,0.46389523
10036.861,0.42504361
10038.731,0.43638825
10040.601,0.41165464
10042.471,0.40417611
10044.342,0.43748207
10046.213,0.43314116
10048.084,0.42723179
10049.955,0.41975398
10051.826,0.38874694
10053.697,0.31538714
10055.569,0.28751771
10057.441,0.23925631
10059.312,0.25374018
10061.185,0.26822424
10063.057,0.2670222
10064.929,0.29405563
10066.802,0.22226572
10068.675,0.18341716
10070.548,0.13201976
10072.421,0.091602936
10074.294,0.071578447
10076.168,0.056260021
10078.041,0.028392754
10079.915,-0.040258645
10081.789,-0.036753002
10083.663,-0.08814914
10085.538,-0.057976471
10087.412,-0.038649943
10089.287,0.0010705377
10091.162,0.051773206
10093.037,0.030320808
10094.912,0.049654519
10096.788,0.021931203
10098.663,-0.0042216899
10100.539,-0.0099806301
10102.415,0.028183794
10104.291,-0.0089441033
10106.167,0.032361168
10108.044,0.079942744
10109.92,0.049094744
10111.797,0.032366187
10113.674,0.036031583
10115.551,0.058522304
10117.429,0.079446193
10119.306,0.0501758
10121.184,0.046005242
10123.062,0.063797264
10124.94,0.00315971
10126.818,-0.0261035
10128.696,0.001105675
10130.575,-0.0061931585
10132.453,-0.024470588
10134.332,-0.013064865
10136.211,-0.0063632401
10138.091,-0.0027970854
10139.97,-0.014915421
10141.85,-0.0082084419
10143.729,-0.010911443
10145.609,-0.046553837
10147.489,-0.064939544
10149.37,-0.072343074
10151.25,-0.049940898
10153.131,-0.054203604
10155.012,-0.027091977
10156.893,-0.031351114
10158.774,-0.043451604
10160.655,-0.039864035
10162.537,-0.047255074
10164.418,-0.067193348
10166.3,0.00071330046
10168.182,0.0043080076
10170.064,-0.0046445203
10171.947,-0.0073207539
10173.829,-0.020975595
10175.712,-0.01737375
10177.595,-0.0043583555
10179.478,-0.0054588235
10181.361,-0.0098611984
10183.245,0.010835945
10185.128,-0.040622296
10187.012,-0.041882979
10188.896,-0.036867673
10190.78,-0.022439124
10192.664,-0.028401253
10194.549,0.012696921
10196.434,0.039678927
10198.318,0.029015353
10200.203,0.059137572
10202.089,0.056320093
10203.974,0.047229583
10205.859,0.045983689
10207.745,0.03532751
10209.631,0.029378692
10211.517,0.067352921
10213.403,0.044152159
10215.29,0.028796013
10217.176,-0.005382183
10219.063,-0.016029489
10220.95,-0.058047864
10222.837,-0.056143192
10224.724,-0.043256649
10226.612,-0.013113725
10228.499,-0.014459029
10230.387,0.015569684
10232.275,-0.0045962134
10234.163,-0.01378025
10236.051,0.01468424
10237.94,-0.027438037
10239.828,-0.038186297
10241.717,0.0028316173
10243.606,-0.017325471
10245.495,-0.018657562
10247.385,-0.0058705372
10249.274,-0.0071996916
10251.164,-0.047743064
10253.054,-0.0035790862
10254.944,-0.036276385
10256.834,-0.01720751
10258.725,-0.023235206
10260.615,-0.0073006498
10262.506,-0.038423449
10264.397,-0.020917329
10266.288,-0.02850778
10268.179,-0.017273233
10270.071,-0.024860748
10271.962,0.014612029
10273.854,0.00075294118
10275.746,0.028145334
10277.638,0.027303655
10279.53,0.032737707
10281.423,-0.0026113315
10283.315,0.0028251656
10285.208,-0.0011488798
10287.101,-0.00041582073
10288.994,-0.021642324
10290.888,-0.011495056
10292.781,-0.01075833
10294.675,0.0040972649
10296.569,-0.0045753299
10298.463,0.030674866
10300.357,0.001612559
10302.252,-0.0086249967
10304.146,-0.0094495654
10306.041,0.0054133625
10307.936,0.0030226106
10309.831,0.010044846
10311.726,0.017068303
10313.622,-0.013554077
10315.517,-0.047312489
10317.413,-0.023030463
10319.309,-0.025413882
10321.205,-0.026227451
10323.101,-0.013167983
10324.998,-0.0048133411
10326.895,-0.03567333
10328.791,-0.033591088
10330.688,-0.039350927
10332.586,-0.0090312788
10334.483,0.022858052
10336.38,0.0076896148
10338.278,0.014483017
10340.176,0.04951277
10342.074,-0.00016230493
10343.972,-0.013757893
10345.871,0.015000516
10347.769,0.043759981
10349.668,0.045853834
10351.567,0.047948743
10353.466,0.051613335
10355.365,0.045867217
10357.265,-0.0022307858
10359.164,-0.0032689099
10361.064,0.017654806
10362.964,-0.014753756
10364.864,0.0014661883
10366.765,0.017687188
10368.665,-0.024129972
10370.566,-0.028846002
10372.467,-0.036698281
10374.368,-0.032000535
10376.269,-0.016321391
10378.17,-0.021033399
10380.072,-0.050842441
10381.974,-0.014768125
10383.875,-0.014098966
10385.777,-0.040095467
10387.68,-0.03135707
10389.582,-0.020376772
10391.485,0.021977081
10393.387,0.00046639366
10395.29,0.0013656749
10397.193,0.017952236
10399.097,0.022214873
10401,0.028719411
10402.904,0.052031677
10404.808,0.063020019
10406.712,0.11322505
10408.616,0.11749272
10410.52,0.12736363
10412.425,0.12827196
10414.329,0.10453143
10416.234,0.11440536
10418.139,0.068257878
10420.044,0.072531574
10421.95,0.10033569
10423.855,0.095647808
10425.761,0.13914021
10427.667,0.14677927
10429.573,0.14545575
10431.479,0.19007161
10433.386,0.16970249
10435.292,0.13588899
10437.199,0.15921935
10439.106,0.14445548
10441.013,0.17339009
10442.92,0.18888034
10444.828,0.19876934
10446.735,0.25683863
10448.643,0.26000696
10450.551,0.26989898
10452.459,0.3145259
10454.368,0.30649276
10456.276,0.32423094
10458.185,0.30499533
10460.094,0.28576073
10462.003,0.31358595
10463.912,0.30443739
10465.821,0.30089208
10467.731,0.29510688
10469.641,0.28708178
10471.551,0.27793725
10473.461,0.24190296
10475.371,0.24508536
10477.281,0.25499146
10479.192,0.20887615
10481.103,0.23222964
10483.014,0.22309114
10484.925,0.22403767
10486.836,0.23506924
10488.747,0.199043
10490.659,0.20447434
10492.571,0.203184
10494.483,0.17612436
10496.395,0.14346348
10498.307,0.1410557
10500.22,0.13528759
10502.133,0.12727959
10504.045,0.10246587
10505.958,0.07429181
10507.872,0.067407272
10509.785,0.068366876
10511.699,0.0603639
10513.612,0.046759688
10515.526,0.065649479
10517.44,0.056529071
10519.355,0.063095943
10521.269,0.064061579
10523.184,0.081834943
10525.098,0.086163935
10527.013,0.080409898
10528.929,0.085861349
10530.844,0.084591116
10532.759,0.075478751
10534.675,0.056283357
10536.591,0.043811658
10538.507,0.025738724
10540.423,0.024473518
10542.339,-0.0014405431
10544.256,-0.0015832905
10546.172,0.030767965
10548.089,0.036229469
10550.006,0.014801222
10551.924,0.021385186
10553.841,0.0033202944
10555.759,-0.0057800061
10557.676,-0.0047952677
10559.594,-0.036302521
10561.512,-0.033807569
10563.431,-0.014504955
10565.349,-0.0041649873
10567.268,0.0039350225
10569.186,-0.0047707516
10571.105,-0.021318724
10573.024,-0.010975001
10574.944,-0.0073530288
10576.863,-0.029500426
10578.783,-0.05388778
10580.703,-0.028974476
10582.623,-0.001819336
10584.543,-0.0060358066
10586.463,-0.0012877529
10588.384,0.014665721
10590.304,0.028379238
10592.225,0.034250557
10594.146,0.0020275757
10596.068,-0.0089059509
10597.989,0.0070522176
10599.911,0.0017228096
10601.832,-0.02825552
10603.754,-0.030221705
10605.676,-0.02770516
10607.599,-0.0095014006
10609.521,-0.012077948
10611.444,-0.019135404
10613.366,-0.0026625653
10615.289,0.0059680194
10617.213,0.022442625
10619.136,0.027713631
10621.059,0.0027334204
10622.983,0.0035244009
10624.907,0.0020753684
10626.831,-0.019540848
10628.755,-0.020988114
10630.679,-0.013470911
10632.604,-0.0216391
10634.529,0.0082888331
10636.454,0.022531375
10638.379,0.017727181
10640.304,0.042055522
10642.229,0.055180266
10644.155,0.040294688
10646.081,0.054541646
10648.006,0.051982765
10649.933,0.04718387
10651.859,0.065915271
10653.785,0.063359039
10655.712,0.04287652
10657.639,0.053767434
10659.566,0.02768444
10661.493,0.041938464
10663.42,0.059554717
10665.348,0.033474373
10667.275,0.058935529
10669.203,0.07095219
10671.131,0.037031359
10673.059,0.097229059
10674.988,0.075634924
10676.916,0.059643914
10678.845,0.091833059
10680.774,0.048953059
10682.703,0.045289628
10684.632,0.061795148
10686.562,0.006592868
10688.491,0.033184188
10690.421,0.021681154
10692.351,9.4968805e-005
10694.281,0.040134317
10696.211,0.017429451
10698.142,0.052988773
10700.072,0.079585393
10702.003,0.058003624
10703.934,0.073397529
10705.865,0.083190076
10707.797,0.076176784
10709.728,0.081489304
10711.66,0.057671056
10713.592,0.061864895
10715.524,0.041409758
10717.456,0.054568949
10719.388,0.049801853
10721.321,0.012542643
10723.253,0.04027031
10725.186,0.017578693
10727.119,0.01281513
10729.053,0.021497828
10730.986,0.0088928944
10732.92,0.029902289
10734.853,0.041948982
10736.787,0.029346698
10738.721,0.022347538
10740.656,0.013108365
10742.59,0.017315454
10744.525,0.0024758065
10746.46,-0.011242509
10748.395,-0.03840532
10750.33,-0.05772411
10752.265,-0.025501401
10754.201,-0.02860917
10756.136,-0.026113869
10758.072,-0.0068110153
10760.008,-0.02000033
10761.944,0.012749561
10763.881,0.037657144
10765.817,0.0031818024
10767.754,-0.0021610567
10769.691,-0.0075030862
10771.628,-0.033012353
10773.565,-0.012582416
10775.503,-0.016801509
10777.44,-0.028862909
10779.378,-0.010671379
10781.316,-0.0048039501
10783.254,0.016750583
10785.192,0.0080538453
10787.131,0.0094419705
10789.069,0.004108236
10791.008,0.015582054
10792.947,0.02145446
10794.886,0.0037982844
10796.826,0.0029496607
10798.765,0.040197105
10800.705,0.0034957983
10802.645,0.026434018
10804.585,0.0067959587
10806.525,0.005085822
10808.465,0.035869434
10810.406,-0.011777574
10812.347,-0.021328593
10814.288,-0.020794826
10816.229,-0.044910167
10818.17,-0.038772656
10820.111,-0.044959322
10822.053,-0.035458963
10823.995,-0.0046693362
10825.937,-0.0097332995
10827.879,-0.010314718
10829.821,0.0047908893
10831.764,0.015415456
10833.706,0.039486153
10835.649,0.036666845
10837.592,0.036089185
10839.535,0.043355414
10841.479,0.047261051
10843.422,0.028758475
10845.366,0.037147408
10847.31,0.0029600621
10849.254,0.0023869131
10851.198,0.0018145158
10853.142,-0.012202508
10855.087,0.014117355
10857.032,0.0012222832
10858.977,-0.0083106923
10860.922,0.0079273921
10862.867,-0.015049458
10864.812,-0.0010507662
10866.758,0.00062374728
10868.704,-0.010025917
10870.65,-0.006109004
10872.596,-0.02011851
10874.542,-0.031886367
10876.489,-0.03917168
10878.435,-0.044215345
10880.382,-0.013403916
10882.329,-0.0094824919
10884.276,0.02133044
10886.224,0.044300987
10888.171,0.034779289
10890.119,0.043185513
10892.067,0.003413217
10894.015,-0.020672053
10895.963,-0.023468055
10897.911,-0.027383754
10899.86,-0.01538778
10901.809,0.0055724497
10903.758,0.028774248
10905.707,0.039651788
10907.656,0.022518795
10909.605,0.01435006
10911.555,0.0050615475
10913.505,0.0036168443
10915.455,-0.019115702
10917.405,-0.031763544
10919.355,-0.02200175
10921.306,-0.038009593
10923.256,-0.017041974
10925.207,-0.033048473
10927.158,-0.063620127
10929.109,-0.052734526
10931.061,-0.082184388
10933.012,-0.070176996
10934.964,-0.061530277
10936.916,-0.054003334
10938.868,-0.0274281
10940.82,-0.013177125
10942.773,0.010038108
10944.725,0.020929082
10946.678,0.034061625
10948.631,0.057738188
10950.584,0.033235992
10952.537,0.026661479
10954.491,0.021207928
10956.444,0.024718475
10958.398,0.020386397
10960.352,0.012693488
10962.306,0.0072419881
10964.26,0.0096341381
10966.215,0.024351731
10968.17,0.026744906
10970.124,0.0067296313
10972.079,0.033773692
10974.035,0.039529751
10975.99,0.049768115
10977.946,0.040959373
10979.901,0.011983076
10981.857,0.019982083
10983.813,0.012295327
10985.769,0.012452222
10987.726,0.0047664918
10989.682,-0.028689033
10991.639,-0.013964774
10993.596,-0.0014808984
10995.553,-0.0080441289
10997.511,0.010043013
10999.468,0.013564842
11001.426,0.0070031501
11003.383,0.039657657
11005.341,0.038699232
11007.3,0.036620871
11009.258,0.035663471
11011.216,0.010056724
11013.175,-0.012188166
11015.134,-0.015384924
11017.093,-0.015219824
11019.052,-0.011692868
11021.011,-0.020490328
11022.971,-0.0035169672
11024.931,0.0056137689
11026.891,0.011383673
11028.851,0.013792746
11030.811,-0.0095679765
11032.771,0.0018057073
11034.732,-0.0036268188
11036.693,0.0066274424
11038.654,0.0023163901
11040.615,0.0024876433
11042.576,0.013863891
11044.537,0.020758859
11046.499,0.022052099
11048.461,0.031188989
11050.423,0.0078333942
11052.385,0.050584755
11054.347,0.036193772
11056.31,0.061018987
11058.273,0.057833511
11060.235,0.02887824
11062.198,0.052584546
11064.162,-0.0055013526
11066.125,0.00027880802
11068.089,0.015023067
11070.052,-0.043061293
11072.016,0.0030565405
11073.98,-0.0079679704
11075.945,-0.015630624
11077.909,0.030488748
11079.874,-0.0096658769
11081.838,-0.0094838547
11083.803,0.023191678
11085.768,-0.020322754
11087.734,0.0033902188
11089.699,-0.01995512
11091.665,-0.019770533
11093.631,-0.0083809524
11095.597,-0.010755109
11097.563,-0.0064060916
11099.529,-0.0042974863
11101.496,5.2500045e-005
11103.462,0.0066438673
11105.429,0.0053925818
11107.396,0.011984918
11109.363,-0.010553914
11111.331,0.0061234254
11113.298,0.010476319
11115.266,0.011468353
11117.234,0.049435661
11119.202,0.048187767
11121.17,0.037976773
11123.139,0.064741053
11125.107,0.025399375
11127.076,0.052164624
11129.045,0.047557809
11131.014,0.032867444
11132.983,0.057393251
11134.953,0.049426544
11136.923,0.04930346
11138.892,0.046939964
11140.862,0.034492919
11142.833,0.0041191871
11144.803,-0.0016041999
11146.773,-0.012929343
11148.744,0.0059980987
11150.715,0.018203336
11152.686,0.011361439
11154.657,0.011242716
11156.629,0.031292544
11158.6,0.015488515
11160.572,0.0097690049
11162.544,-0.0082749511
11164.516,-0.013993493
11166.488,-0.01298886
11168.461,-0.0388745
11170.433,-0.01882128
11172.406,-0.022296987
11174.379,0.0011185474
11176.352,0.02229367
11178.325,0.0076149345
11180.299,0.050079541
11182.272,0.055569843
11184.246,0.063301525
11186.22,0.07215414
11188.194,0.048514242
11190.169,0.047283793
11192.143,0.056137861
11194.118,0.043703899
11196.093,0.05704073
11198.068,0.035644151
11200.043,0.042259262
11202.019,0.036549927
11203.994,0.031961525
11205.97,0.052023467
11207.946,0.01270214
11209.922,0.029403707
11211.898,0.029299036
11213.875,0.012388127
11215.851,0.041416077
11217.828,0.00097672528
11219.805,-0.00024645588
11221.782,0.036626086
11223.759,0.0040313246
11225.737,0.0072913898
11227.715,0.023997318
11229.692,0.018294767
11231.67,0.033881216
11233.649,0.010252463
11235.627,0.0067922616
11237.605,0.011175682
11239.584,-0.00012668679
11241.563,-0.013669468
11243.542,-0.043415912
11245.521,-0.024982645
11247.501,-0.0054284918
11249.48,-0.011644207
11251.46,0.0023085834
11253.44,0.0084186758
11255.42,-0.00563886
11257.4,0.0015925586
11259.381,-0.0057414102
11261.361,-0.018677181
11263.342,-0.037214754
11265.323,-0.038945165
11267.304,-0.046277377
11269.286,-0.044645566
11271.267,-0.029567937
11273.249,-0.027935248
11275.231,-0.0061340521
11277.213,0.005583549
11279.195,-0.011830064
11281.177,0.02789962
11283.16,0.031775401
11285.142,0.028928931
11287.125,0.023842004
11289.108,0.0097919312
11291.092,0.031596639
11293.075,0.035932855
11295.059,0.021221833
11297.042,0.012113432
11299.026,-0.011560414
11301.01,0.0062227041
11302.995,-0.014089036
11304.979,-0.033279946
11306.964,-0.021097927
11308.949,-0.039167628
11310.934,-0.020262158
11312.919,0.013209519
11314.904,0.0063454421
11316.89,-0.00051825367
11318.875,-0.0051406723
11320.861,-0.0075218138
11322.847,-0.0099025744
11324.833,0.029173628
11326.82,0.027914078
11328.806,0.004245944
11330.793,0.037721048
11332.78,0.031980847
11334.767,0.031843268
11336.754,0.013778899
11338.742,-0.021091813
11340.729,-0.024589594
11342.717,-0.022484754
11344.705,-0.014777292
11346.693,0.0097372735
11348.681,-0.0049634664
11350.67,0.044201721
11352.658,0.0048518824
11354.647,-0.0031250261
11356.636,0.021391444
11358.625,-0.028041286
11360.615,-0.021451226
11362.604,-0.0014154062
11364.594,-0.017233548
11366.584,0.024091549
11368.574,0.032924029
11370.564,0.013745685
11372.554,0.025940271
11374.545,0.0056422409
11376.535,0.001030866
11378.526,-0.0047005762
11380.517,-0.024997464
11382.509,-0.041932626
11384.5,-0.025253963
11386.492,-0.00073178072
11388.483,-0.015424904
11390.475,-0.011070028
11392.468,-0.017147851
11394.46,-0.0019368082
11396.452,0.0054314476
11398.445,0.010559157
11400.438,0.010084977
11402.431,0.027538317
11404.424,0.00017408028
11406.417,0.0097849839
11408.411,0.00034861885
11410.404,0.0043579822
11412.398,-0.009559475
11414.392,-0.045885545
11416.387,-0.027309305
11418.381,-0.021057644
11420.375,-0.028251011
11422.37,0.0048921069
11424.365,-0.0045414558
11426.36,0.006193399
11428.355,0.018049052
11430.351,0.005255196
11432.346,0.011509309
11434.342,-0.0068860876
11436.338,-0.017437997
11438.334,0.0022625453
11440.331,0.010758956
11442.327,0.024857958
11444.324,0.016548346
11446.321,0.04185253
11448.318,0.082843339
11450.315,0.07341433
11452.312,0.061744776
11454.31,0.031027952
11456.307,0.051852095
11458.305,0.058110762
11460.303,0.024033644
11462.301,0.013486289
11464.3,-0.017228783
11466.298,-0.033377678
11468.297,-0.022635467
11470.296,-0.045506351
11472.295,-0.01011358
11474.294,0.010713716
11476.294,-0.018878806
11478.293,0.0086718792
11480.293,0.018295744
11482.293,0.039124441
11484.293,0.025219594
11486.293,-0.015575658
11488.294,-0.030600252
11490.295,-0.013131499
11492.295,-0.0035055322
11494.296,-0.0095654899
11496.298,-0.0021797192
11498.299,0.019772228
11500.3,0.029399596
11502.302,0.047990899
11504.304,0.090111965
11506.306,0.095258591
11508.308,0.089201085
11510.311,0.103312
11512.313,0.10397788
11514.316,0.10800546
11516.319,0.11539473
11518.322,0.080207327
11520.325,0.061826993
11522.329,0.06809687
11524.332,0.050837685
11526.336,0.059349158
11528.34,0.066740534
11530.344,0.064048226
11532.349,0.053513131
11534.353,0.058664661
11536.358,0.088466401
11538.363,0.055523394
11540.368,0.029303426
11542.373,0.035576805
11544.378,0.022802916
11546.384,0.015631618
11548.389,0.034230978
11550.395,0.027060381
11552.401,0.052383131
11554.407,0.065381301
11556.414,0.051489065
11558.42,0.051042558
11560.427,0.068523572
11562.434,0.054632387
11564.441,0.040741553
11566.448,0.052621377
11568.456,0.04657438
11570.464,0.0304437
11572.471,0.035601886
11574.479,0.023953699
11576.487,0.015667208
11578.496,-0.0071847603
11580.504,0.00021572299
11582.513,-0.0058288216
11584.522,0.00045191417
11586.531,0.014576137
11588.54,0.0062917474
11590.549,0.050668772
11592.559,0.077118976
11594.569,0.063233396
11596.578,0.073998027
11598.588,0.054510906
11600.599,0.067517133
11602.609,0.065957885
11604.62,0.039749126
11606.63,0.030347441
11608.641,0.018705209
11610.652,0.002581535
11612.664,0.0032649341
11614.675,0.0095509243
11616.687,0.020319057
11618.699,0.022123956
11620.711,0.031772341
11622.723,0.0044462872
11624.735,0.070117782
11626.748,0.068562737
11628.76,0.036755941
11630.773,0.059851457
11632.786,0.013479535
11634.799,0.039937096
11636.813,0.055190524
11638.826,-0.023673343
11640.84,0.025194232
11642.854,0.0057148178
11644.868,0.014246959
11646.882,0.031743036
11648.897,-0.0034216017
11650.911,0.014075176
11652.926,0.029331407
11654.941,0.017697232
11656.956,0.027351923
11658.971,-0.012292755
11660.987,0.016410255
11663.002,-0.007547448
11665.018,-0.018059423
11667.034,-0.018487014
11669.05,-0.041323219
11671.067,-0.0014139746
11673.083,0.0015208298
11675.1,0.0044559844
11677.117,0.01299373
11679.134,0.011447793
11681.151,0.041274755
11683.168,0.022922795
11685.186,-0.015596881
11687.203,0.014231131
11689.221,0.011566497
11691.239,0.01674535
11693.258,0.026406347
11695.276,0.010297385
11697.295,0.042368046
11699.313,0.031862026
11701.332,6.7841056e-005
11703.352,-0.0093170301
11705.371,-0.017581103
11707.39,0.0021663793
11709.41,-0.0083378891
11711.43,-0.0233236
11713.45,-0.011418204
11715.47,-0.019680525
11717.49,-0.024581152
11719.511,0.0074933621
11721.531,-0.034381354
11723.552,-0.0056674836
11725.573,0.00063777306
11727.595,0.0058229318
11729.616,0.018851578
11731.637,0.0061102666
11733.659,0.0090555799
11735.681,0.0063990026
11737.703,-0.014184395
11739.725,0.0066891398
11741.748,0.0051540616
11743.77,0.019797999
11745.793,0.029960439
11747.816,0.022196005
11749.839,0.020034108
11751.863,0.013390715
11753.886,0.0033862727
11755.91,-0.022304147
11757.934,-0.027826204
11759.958,-0.04231155
11761.982,-0.043351222
11764.006,-0.0029340143
11766.031,-0.0062139898
11768.055,0.003951709
11770.08,0.037647116
11772.105,0.014199962
11774.13,0.028848342
11776.156,0.027810744
11778.181,0.0032440302
11780.207,0.0066888172
11782.233,-0.005552374
11784.259,-0.0054683391
11786.285,-0.00090221526
11788.312,0.017109583
11790.338,0.026158092
11792.365,0.020641071
11794.392,0.025208379
11796.419,0.017451054
11798.446,0.010814474
11800.474,0.028828049
11802.502,0.0031444419
11804.529,-0.019177525
11806.557,0.0066800766
11808.586,0.0011654252
11810.614,-0.0043489301
11812.642,-0.033392401
11814.671,-0.034424371
11816.7,-0.030974252
11818.729,-0.020801148
11820.758,-0.02183223
11822.788,-0.013899429
11824.817,0.0074790451
11826.847,0.013171541
11828.877,0.013262093
11830.907,0.014473389
11832.937,-0.0033626381
11834.968,9.0146606e-005
11836.998,-0.0087817025
11839.029,-0.0064487735
11841.06,0.016052519
11843.091,-0.0073842679
11845.123,0.011756272
11847.154,0.0051268007
11849.186,-0.0015023747
11851.218,0.025482191
11853.25,-0.0035553552
11855.282,0.0256707
11857.314,0.04929481
11859.347,0.032583082
11861.379,0.066291818
11863.412,0.015967237
11865.445,0.011581328
11867.478,0.002713922
11869.512,-0.02295991
11871.545,-0.023983587
11873.579,-0.038452345
11875.613,-0.033873188
11877.647,0.0088015036
11879.681,0.0044176677
11881.716,0.029165781
11883.75,0.0090962626
11885.785,0.040567657
11887.82,0.077641589
11889.855,0.068777441
11891.891,0.050950004
11893.926,0.036484208
11895.962,0.039945879
11897.998,0.037805605
11900.034,-0.012513644
11902.07,-0.012412429
11904.106,-0.022394951
11906.143,-0.0010046281
11908.18,0.00021792376
11910.216,-0.028811329
11912.253,0.019470639
11914.291,0.019573631
11916.328,-0.011695629
11918.366,0.00409423
11920.403,-0.019331301
11922.441,-0.013624883
11924.479,-0.0011954793
11926.518,-0.036945051
11928.556,-0.014431022
11930.595,-0.013205212
11932.634,-0.017581346
11934.673,0.0060540199
11936.712,-0.00056241851
11938.751,0.011869058
11940.791,0.0086145569
11942.83,-0.004723682
11944.87,0.0021064426
11946.91,0.0059454498
11948.95,0.0064233446
11950.991,0.029310435
11953.031,0.05107731
11955.072,0.023544696
11957.113,0.027384864
11959.154,0.020020782
11961.195,0.00033200252
11963.236,-0.0036702705
11965.278,-0.037924412
11967.32,-0.062094288
11969.362,-0.025759731
11971.404,-0.025279282
11973.446,-0.0046305348
11975.489,-0.013113208
11977.531,-0.026077441
11979.574,-0.017752927
11981.617,-0.0083077332
11983.66,-0.010066789
11985.704,-0.029752783
11987.747,-0.022547789
11989.791,-0.0041380803
11991.835,-0.020462034
11993.879,-0.00093141297
11995.923,-0.039663866
11997.967,-0.040703789
12000.012,-0.0081300692
12002.056,-0.018133182
12004.101,-0.0012453417
12006.146,0.0077995597
12008.192,0.0090015216
12010.237,0.043817127
12012.283,0.02933321
12014.328,0.041740247
12016.374,0.042943
12018.42,0.036302813
12020.467,0.048710444
12022.513,0.038709309
12024.56,0.041033301
12026.607,0.05008018
12028.654,0.02663426
12030.701,0.015513468
12032.748,0.0043928733
12034.796,0.014560992
12036.843,-0.0021614479
12038.891,-0.020004138
12040.939,0.0013690557
12042.987,-0.025436824
12045.036,0.00041855781
12047.084,0.00050382963
12049.133,-0.011735631
12051.182,0.0096385521
12053.231,0.010844865
12055.28,0.010930928
12057.33,0.054714668
12059.379,0.023428578
12061.429,0.029117475
12063.479,0.030324777
12065.529,0.034893622
12067.579,0.018174149
12069.63,-0.0030269187
12071.681,0.018349242
12073.731,0.004991707
12075.782,0.0062001961
12077.834,-0.0015547024
12079.885,-0.035079711
12081.936,0.00086326478
12083.988,-0.004650144
12086.04,-0.030331422
12088.092,-0.01455592
12090.144,-0.022309632
12092.197,-0.024460905
12094.249,-0.0042030166
12096.302,-0.0029925495
12098.355,-0.0073841256
12100.408,0.01063346
12102.461,0.020808106
12104.515,0.033223846
12106.568,0.059085162
12108.622,0.052453678
12110.676,0.054785978
12112.73,0.067202509
12114.784,0.026958174
12116.839,0.034893308
12118.893,0.0080947461
12120.948,0.0014644495
12123.003,0.015002418
12125.058,-0.02412048
12127.114,-0.0083412202
12129.169,-0.0093684848
12131.225,-0.032804515
12133.281,0.0031434057
12135.337,-0.011328644
12137.393,-0.020198254
12139.45,0.0079071227
12141.506,0.001278804
12143.563,0.0058551648
12145.62,0.011552172
12147.677,0.0015631018
12149.734,0.006140056
12151.792,0.011835596
12153.849,-0.0071185264
12155.907,-0.024952003
12157.965,-0.011412733
12160.023,-0.01355954
12162.081,-0.0011403226
12164.14,0.0056768512
12166.199,0.0068919818
12168.257,0.030516274
12170.316,0.031731799
12172.376,0.018381697
12174.435,0.021838514
12176.494,0.00064566901
12178.554,0.010825571
12180.614,0.016523877
12182.674,0.0076565553
12184.734,0.0066325681
12186.795,0.02913819
12188.855,0.021391909
12190.916,0.034934341
12192.977,0.020465766
12195.038,-0.0018457482
12197.099,0.00049279484
12199.161,0.0017110873
12201.222,-0.013877145
12203.284,0.028798125
12205.346,0.010969391
12207.408,0.0054657853
12209.471,0.032455374
12211.533,0.032554404
12213.596,0.050580803
12215.659,0.048439331
12217.722,0.014925509
12219.785,0.034072949
12221.848,0.036413863
12223.912,0.038754975
12225.975,0.039975837
12228.039,0.024390173
12230.103,0.044659049
12232.168,0.026832884
12234.232,0.030295433
12236.297,0.011349215
12238.361,-0.0098377012
12240.426,-0.019819938
12242.491,-0.028681529
12244.557,-0.034181578
12246.622,-0.022874707
12248.688,-0.031735705
12250.753,0.00086007694
12252.819,-0.010241422
12254.886,0.0055480321
12256.952,0.020217236
12259.018,0.020320811
12261.085,0.024906377
12263.152,-0.0018804088
12265.219,-0.0062580333
12267.286,0.011773503
12269.353,0.0040349294
12271.421,0.014223724
12273.489,-0.00247804
12275.557,0.008831598
12277.625,0.027984571
12279.693,0.024728778
12281.761,0.046123042
12283.83,0.05183123
12285.899,0.034010203
12287.968,0.048682372
12290.037,0.044307119
12292.106,0.038811615
12294.175,0.046761687
12296.245,0.022218959
12298.315,0.01000136
12300.385,0.033638299
12302.455,0.025902887
12304.525,0.015926776
12306.596,0.037323412
12308.667,0.0071796296
12310.737,0.0061676972
12312.808,0.0085173069
12314.88,-0.0093009529
12316.951,-0.0024691552
12319.023,-0.0034802971
12321.094,-0.023538861
12323.166,-0.027910952
12325.238,-0.025560156
12327.31,0.0048020413
12329.383,-0.014135283
12331.455,-0.0073021023
12333.528,0.00961531
12335.601,0.0074853008
12337.674,0.044571176
12339.748,0.022273494
12341.821,-0.0045057818
12343.895,0.0068103777
12345.968,-0.017727607
12348.042,-0.013133741
12350.117,-0.013021471
12352.191,-0.010668106
12354.265,0.015214868
12356.34,0.0052436975
12358.415,0.03104936
12360.49,0.017639526
12362.565,0.012073022
12364.641,0.022192982
12366.716,-0.0091434484
12368.792,-0.020311621
12370.868,-0.0045888458
12372.944,-0.030322462
12375.02,0.0010869694
12377.097,-0.022405369
12379.173,-0.030211241
12381.25,-0.017848855
12383.327,-0.017811208
12385.404,0.0012742492
12387.481,0.00019183026
12389.559,-0.015456224
12391.636,0.027159218
12393.714,0.0047888573
12395.792,0.018273029
12397.87,0.038480081
12399.949,-0.019744048
12402.027,-0.0073797515
12404.106,-0.0017379526
12406.185,-0.034191201
12408.264,-0.0016582633
12410.343,-0.0023235775
12412.422,-0.03996355
12414.502,0.0053097756
12416.582,0.0091266501
12418.662,0.0051005193
12420.742,-4.5927586e-005
12422.822,-0.014155828
12424.902,-0.015940666
12426.983,0.010285832
12429.064,-0.00046232808
12431.145,-0.0033672187
12433.226,-0.00066973635
12435.307,-0.0013334666
12437.389,0.0058460724
12439.47,-0.0049014274
12441.552,0.0022783756
12443.634,0.0083378624
12445.716,-0.00016834507
12447.799,0.011493647
12449.881,0.027637563
12451.964,0.021372648
12454.047,0.035275932
12456.13,0.025649936
12458.213,0.005940039
12460.296,0.02544596
12462.38,0.010218119
12464.464,-0.01061183
12466.548,0.0055331422
12468.632,-0.020898784
12470.716,0.0042100377
12472.8,0.0046691315
12474.885,-0.019521503
12476.97,0.0055877153
12479.055,0.029576617
12481.14,0.036758928
12483.225,0.047302715
12485.311,0.021992293
12487.396,0.033656793
12489.482,0.040839632
12491.568,0.042420362
12493.654,0.027194501
12495.741,0.014209669
12497.827,0.026995277
12499.914,0.0095289155
12502.001,0.0099898574
12504.088,-0.00075355058
12506.175,-0.029423997
12508.262,-0.022239971
12510.35,-0.037464775
12512.438,-0.032521381
12514.526,-0.021975613
12516.614,-0.033838677
12518.702,-0.010967716
12520.79,-0.00042155259
12522.879,0.0056429501
12524.968,0.027393859
12527.057,0.027856385
12529.146,0.024957698
12531.235,0.045588555
12533.325,0.041569684
12535.414,0.02858736
12537.504,0.029050546
12539.594,0.018309382
12541.684,0.014291039
12543.775,0.032681791
12545.865,0.018579679
12547.956,0.02800711
12550.047,0.011664365
12552.138,-0.0091600405
12554.229,-0.004214006
12556.321,-0.032881285
12558.412,-0.023453194
12560.504,-0.011784074
12562.596,-0.015801097
12564.688,0.035083973
12566.78,0.029946765
12568.873,0.02480969
12570.965,0.03647947
12573.058,0.032463107
12575.151,0.018362842
12577.244,0.0042627095
12579.338,-0.0019941539
12581.431,0.0096762856
12583.525,0.030310443
12585.619,0.01509039
12587.713,-0.0079726683
12589.807,0.019384574
12591.901,0.016489847
12593.996,0.0057521147
12596.09,0.015182582
12598.185,-0.0090002645
12600.28,0.017237189
12602.376,0.027788501
12604.471,0.023774118
12606.567,0.035446141
12608.662,0.011263955
12610.758,0.016213553
12612.854,0.015561043
12614.951,0.040678972
12617.047,0.026581347
12619.144,0.019206544
12621.241,0.018554561
12623.338,0.015661814
12625.435,0.015010096
12627.532,0.0098767165
12629.63,0.029766812
12631.727,-0.0052449215
12633.825,0.016388357
12635.923,0.006649219
12638.021,-0.0057041663
12640.12,0.015929508
12642.218,-0.0033952904
12644.317,0.0051667529
12646.416,0.0032714119
12648.515,-0.028253427
12650.614,-0.0092334711
12652.714,-0.033786368
12654.813,-0.033066802
12656.913,-0.038447322
12659.013,-0.025527056
12661.113,-0.014349578
12663.213,-0.025829919
12665.314,-0.0041946607
12667.414,-0.0078316011
12669.515,-0.016697168
12671.616,0.0044143884
12673.717,-0.0023606771
12675.819,0.022236895
12677.92,-0.0054530263
12680.022,-0.006999068
12682.124,0.0097556324
12684.226,-0.010090886
12686.328,0.030193403
12688.43,0.026033337
12690.533,0.034945254
12692.636,0.051700397
12694.738,0.033597241
12696.842,0.063424457
12698.945,0.054036075
12701.048,0.035061724
12703.152,0.040488334
12705.256,0.0058278866
12707.36,0.02258365
12709.464,0.016681549
12711.568,0.0020649399
12713.672,0.0092349119
12715.777,-0.012353198
12717.882,0.0061459274
12719.987,0.020287843
12722.092,0.0048002166
12724.197,0.006741873
12726.303,0.0069406987
12728.409,-0.007675202
12730.514,0.012567374
12732.62,0.017995223
12734.727,-0.0062064685
12736.833,-0.016464716
12738.94,-0.017136819
12741.046,-0.014322995
12743.153,0.0076630316
12745.26,-0.006080701
12747.368,-0.0058809899
12749.475,-0.029210602
12751.583,-0.04033969
12753.69,-0.018353221
12755.798,-0.015538777
12757.906,-0.010109865
12760.015,-0.002066485
12762.123,-0.025395566
12764.232,-0.0034086541
12766.341,-0.013665662
12768.45,-0.00039317049
12770.559,-0.007164163
12772.668,-0.0069633894
12774.778,-0.0093769063
12776.887,-0.015545576
12778.997,0.01052983
12781.107,0.01307589
12783.218,-0.0044215571
12785.328,0.019039668
12787.439,0.0093854914
12789.549,0.024132252
12791.66,0.029293023
12793.771,0.035325319
12795.883,0.038743303
12797.994,-0.0040260104
12800.106,0.0054923238
12802.217,0.011524886
12804.329,-0.0016145996
12806.441,0.0052895545
12808.554,0.0095793958
12810.666,0.0034117871
12812.779,0.0024730028
12814.892,-0.0028230136
12817.005,0.0075673108
12819.118,0.010114564
12821.231,0.016147723
12823.345,0.019566568
12825.458,0.016885263
12827.572,0.016818402
12829.686,0.014137229
12831.801,0.0044844444
12833.915,0.01313238
12836.03,0.013065784
12838.144,0.010384876
12840.259,0.0016038168
12842.374,0.0041517996
12844.49,0.008442768
12846.605,-0.0029524718
12848.721,0.010924686
12850.836,0.030902128
12852.952,0.027350224
12855.069,0.038613202
12857.185,0.022860995
12859.301,0.023666589
12861.418,0.022729329
12863.535,0.017434838
12865.652,0.033926905
12867.769,0.021660868
12869.886,0.0050375998
12872.004,0.0058435913
12874.122,-0.0029364075
12876.24,0.015298911
12878.358,0.015233641
12880.476,0.01081114
12882.594,0.010746003
12884.713,0.0028377957
12886.832,0.001901332
12888.951,0.01490829
12891.07,0.0026429825
12893.189,0.018264452
12895.308,0.025171391
12897.428,0.024235258
12899.548,0.042471306
12901.668,0.03107779
12903.788,0.024041639
12905.908,0.025720151
12908.029,0.016069753
12910.149,0.029077374
12912.27,0.00025499538
12914.391,-0.016366881
12916.512,-0.012073658
12918.634,-0.038281459
12920.755,-0.01481599
12922.877,-0.014008407
12924.999,-0.0088434598
12927.121,0.020722426
12929.243,0.01368707
12931.366,0.022338055
12933.488,0.023145969
12935.611,0.0078861041
12937.734,0.034456339
12939.857,0.012224866
12941.98,0.0143943
12944.104,0.018306688
12946.227,-0.021353874
12948.351,-0.017441417
12950.475,-0.02398644
12952.599,-0.020073912
12954.724,-0.010061131
12956.848,-0.026192107
12958.973,-0.018793635
12961.098,-0.017495346
12963.223,-0.018811402
12965.348,-0.0096699058
12967.473,-0.0040142136
12969.599,0.0042558926
12971.724,0.0011970578
12973.85,-0.0070905002
12975.976,-0.020606781
12978.103,-0.010593616
12980.229,-0.0092950122
12982.356,-0.013225132
12984.482,0.002016897
12986.609,-0.018470887
12988.737,-0.00061440898
12990.864,0.011141886
12992.991,0.019412377
12995.119,0.043369178
12997.247,0.035953464
12999.375,0.051195738
13001.503,0.049008853
13003.631,0.038107405
13005.76,0.03504913
13007.888,0.03460527
13010.017,0.022832468
13012.146,0.018031378
13014.275,0.0245593
13016.405,0.025858498
13018.534,0.035000869
13020.664,0.028457
13022.794,0.020170247
13024.924,0.042384618
13027.054,0.01841166
13029.185,0.038883182
13031.315,0.048025763
13033.446,0.032767507
13035.577,0.039295778
13037.708,0.016194455
13039.839,0.024465716
13041.971,0.028379714
13044.103,0.034908125
13046.234,0.051022628
13048.366,0.025307101
13050.499,0.02486394
13052.631,0.026163733
13054.763,0.037049618
13056.896,0.022663207
13059.029,0.0065339113
13061.162,0.0017336267
13063.295,-0.017881438
13065.429,-0.0052524585
13067.562,0.0030192573
13069.696,-0.0009094277
13071.83,-0.0083239165
13073.964,-0.029681725
13076.098,-0.014438192
13078.233,0.001676836
13080.367,0.018663359
13082.502,0.0068917463
13084.637,-0.0066227503
13086.772,0.016464095
13088.907,0.0081784267
13091.043,0.012093229
13093.178,0.020365365
13095.314,0.018180019
13097.45,0.029938063
13099.586,0.025138408
13101.723,0.039510902
13103.859,0.059112189
13105.996,0.030783227
13108.133,0.041669987
13110.27,0.067371596
13112.407,0.054729014
13114.544,0.083045073
13116.682,0.07040256
13118.82,0.076932197
13120.958,0.10089106
13123.096,0.079534058
13125.234,0.097392775
13127.372,0.089107736
13129.511,0.079079813
13131.65,0.10565323
13133.789,0.079067645
13135.928,0.079497343
13138.067,0.078184157
13140.207,0.069899328
13142.346,0.060743074
13144.486,0.06988751
13146.626,0.07903198
13148.766,0.069875831
13150.907,0.064205556
13153.047,0.058535317
13155.188,0.077265983
13157.329,0.050680781
13159.47,0.032810211
13161.611,0.052412442
13163.753,0.025827344
13165.894,0.030614831
13168.036,0.025816296
13170.178,0.035832611
13172.32,0.053692098
13174.462,0.028850094
13176.605,0.055424248
13178.747,0.064569243
13180.89,0.062385297
13183.033,0.070658902
13185.176,0.067603567
13187.319,0.084591839
13189.463,0.075436355
13191.607,0.071509665
13193.75,0.10331286
13195.894,0.081957042
13198.039,0.093716731
13200.183,0.088047261
13202.327,0.085863665
13204.472,0.10720952
13206.617,0.089339715
13208.762,0.088899143
13210.907,0.098044663
13213.053,0.067103072
13215.198,0.085834718
13217.344,0.07493677
13219.49,0.091925567
13221.636,0.10630002
13223.782,0.087559039
13225.929,0.10280502
13228.075,0.10236477
13230.222,0.089724107
13232.369,0.088412461
13234.516,0.094072527
13236.664,0.087532192
13238.811,0.081863352
13240.959,0.062251191
13243.107,0.074883075
13245.255,0.074443098
13247.403,0.066160019
13249.551,0.07007741
13251.7,0.09403841
13253.848,0.088369814
13255.997,0.10274483
13258.146,0.10666236
13260.296,0.10796555
13262.445,0.099682712
13264.595,0.089656993
13266.744,0.10751802
13268.894,0.1184074
13271.044,0.097052814
13273.195,0.1245
13275.345,0.12754635
13277.496,0.11752084
13279.647,0.13886792
13281.798,0.14278584
13283.949,0.1745905
13286.1,0.1802514
13288.252,0.17284045
13290.403,0.19331624
13292.555,0.17109054
13294.707,0.17239429
13296.859,0.18938434
13299.012,0.17413043
13301.164,0.16061946
13303.317,0.13839394
13305.47,0.15015538
13307.623,0.14448766
13309.776,0.13446267
13311.93,0.13053794
13314.083,0.13968514
13316.237,0.1244315
13318.391,0.13270731
13320.545,0.1488263
13322.699,0.13095838
13324.854,0.10350445
13327.008,0.120495
13329.163,0.11308471
13331.318,0.12658949
13333.473,0.095649854
13335.629,0.10566886
13337.784,0.11481645
13339.94,0.099563195
13342.096,0.14356924
13344.252,0.14923109
13346.408,0.13397794
13348.564,0.14922592
13350.721,0.13222992
13352.878,0.14747797
13355.034,0.15313999
13357.192,0.15793059
13359.349,0.15052079
13361.506,0.11260994
13363.664,0.13657276
13365.822,0.12567722
13367.979,0.13308238
13370.138,0.14920217
13372.296,0.15922177
13374.454,0.15094075
13376.613,0.14178832
13378.772,0.15965116
13380.931,0.16792799
13383.09,0.15441835
13385.249,0.17402422
13387.409,0.17532947
13389.569,0.171406
13391.728,0.16486819
13393.888,0.16791646
13396.049,0.17532207
13398.209,0.16616998
13400.37,0.17444712
13402.53,0.15745197
13404.691,0.13087079
13406.852,0.13653365
13409.014,0.14045363
13411.175,0.14350219
13413.337,0.1482937
13415.498,0.14175627
13417.66,0.15090515
13419.822,0.14611071
13421.985,0.1282444
13424.147,0.1565655
13426.31,0.13434197
13428.473,0.13216205
13430.636,0.12823924
13432.799,0.10514436
13434.962,0.093378484
13437.126,0.078998266
13439.289,0.07420414
13441.453,0.085967783
13443.617,0.078559347
13445.781,0.078122624
13447.946,0.088143453
13450.11,0.094678477
13452.275,0.10295646
13454.44,0.10687717
13456.605,0.12822712
13458.77,0.13999104
13460.936,0.14826916
13463.101,0.15131855
13465.267,0.14129609
13467.433,0.10948717
13469.599,0.095978934
13471.766,0.084213655
13473.932,0.096849282
13476.099,0.089441372
13478.266,0.083776415
13480.433,0.093797769
13482.6,0.089875802
13484.767,0.1025116
13486.935,0.12821934
13489.102,0.13475499
13491.27,0.14129068
13493.438,0.13649743
13495.607,0.12560399
13497.775,0.13213979
13499.943,0.14129
13502.112,0.12081061
13504.281,0.13693257
13506.45,0.12429639
13508.62,0.10556003
13510.789,0.12429647
13512.959,0.10381726
13515.128,0.11122479
13517.298,0.11688944
13519.468,0.098153252
13521.639,0.12996176
13523.809,0.11558294
13525.98,0.12211919
13528.151,0.14869905
13530.322,0.14390639
13532.493,0.15480005
13534.664,0.17266541
13536.836,0.15915826
13539.008,0.15698013
13541.179,0.15131618
13543.351,0.14652374
13545.524,0.13301673
13547.696,0.11950976
13549.869,0.099031139
13552.041,0.10731073
13554.214,0.085089261
13556.387,0.10208352
13558.561,0.10164861
13560.734,0.083784551
13562.908,0.11210789
13565.082,0.12387352
13567.256,0.13041044
13569.43,0.15786242
13571.604,0.15655627
13573.779,0.16222183
13575.953,0.14610093
13578.128,0.15699532
13580.303,0.18096163
13582.478,0.161355
13584.654,0.16092052
13586.829,0.16920067
13589.005,0.15395144
13591.181,0.15613144
13593.357,0.17225483
13595.533,0.1831495
13597.709,0.17051479
13599.886,0.16049449
13602.063,0.15308861
13604.24,0.13261087
13606.417,0.11213316
13608.594,0.10559885
13610.772,0.10342186
13612.949,0.097759077
13615.127,0.081638809
13617.305,0.093405286
13619.483,0.095585742
13621.661,0.10473791
13623.84,0.12521909
13626.019,0.14047154
13628.197,0.16443863
13630.376,0.14483277
13632.556,0.13655592
13634.735,0.14047954
13636.915,0.13743152
13639.094,0.14396958
13641.274,0.14527893
13643.454,0.16227459
13645.634,0.15574086
13647.815,0.13090652
13649.995,0.1583598
13652.176,0.13352553
13654.357,0.15313574
13656.538,0.15357387
13658.72,0.1418116
13660.901,0.1509644
13663.083,0.12874468
13665.264,0.14312631
13667.446,0.15402213
13669.629,0.14226003
13671.811,0.16797074
13673.993,0.14313682
13676.176,0.15664716
13678.359,0.17364338
13680.542,0.16972459
13682.725,0.1753919
13684.909,0.16275859
13687.092,0.17104035
13689.276,0.15840711
13691.46,0.16494602
13693.644,0.17235642
13695.828,0.14665139
13698.012,0.14534727
13700.197,0.1327142
13702.382,0.12008117
13704.567,0.14230657
13706.752,0.12880215
13708.937,0.16497097
13711.123,0.15843829
13713.308,0.12750479
13715.494,0.15321619
13717.68,0.117054
13719.866,0.13753671
13722.053,0.15714801
13724.239,0.1236003
13726.426,0.15366918
13728.613,0.12186445
13730.8,0.13973297
13732.987,0.17764509
13735.174,0.15978383
13737.362,0.20292478
13739.55,0.16066271
13741.737,0.15674491
13743.926,0.16938488
13746.114,0.14368065
13748.302,0.15719215
13750.491,0.13497383
13752.68,0.11014117
13754.869,0.12539569
13757.058,0.091848501
13759.247,0.11930353
13761.436,0.13542961
13763.626,0.12802632
13765.816,0.13805226
13768.006,0.13587779
13770.196,0.14677526
13772.386,0.18294509
13774.577,0.164213
13776.768,0.20212582
13778.959,0.1877511
13781.15,0.17947663
13783.341,0.18950284
13785.532,0.16728509
13787.724,0.19909786
13789.915,0.18733769
13792.107,0.18080632
13794.299,0.19780439
13796.492,0.16774367
13798.684,0.1978137
13800.877,0.17908203
13803.07,0.1795225
13805.263,0.17647718
13807.456,0.14641663
13809.649,0.16951516
13811.842,0.16385556
13814.036,0.14686702
13816.23,0.14556478
13818.424,0.12683339
13820.618,0.12988852
13822.812,0.11900034
13825.007,0.14732787
13827.202,0.15386895
13829.397,0.13688065
13831.592,0.14690764
13833.787,0.14299131
13835.982,0.13646063
13838.178,0.15520232
13840.373,0.14344295
13842.569,0.16828493
13844.766,0.17308337
13846.962,0.14040907
13849.158,0.15305072
13851.355,0.12473379
13853.552,0.12604653
13855.749,0.14130266
13857.946,0.11908606
13860.143,0.14479978
13862.341,0.1321693
13864.538,0.10559551
13866.736,0.1426383
13868.934,0.12477917
13871.132,0.13480679
13873.331,0.15267758
13875.529,0.14266169
13877.728,0.14048898
13879.927,0.12873024
13882.126,0.12045738
13884.325,0.12961375
13886.524,0.12656971
13888.724,0.12788301
13890.924,0.13006781
13893.124,0.13660993
13895.324,0.14663794
13897.524,0.15928035
13899.724,0.15710799
13901.925,0.16452171
13904.126,0.15712066
13906.327,0.14710526
13908.528,0.13970428
13910.729,0.14101793
13912.931,0.11444491
13915.132,0.10878695
13917.334,0.10661486
13919.536,0.10880011
13921.738,0.11708561
13923.941,0.12101385
13926.143,0.10751293
13928.346,0.11318416
13930.549,0.12059834
13932.752,0.16025657
13934.955,0.14849871
13937.159,0.15068424
13939.362,0.14938396
13941.566,0.12629723
13943.77,0.14591206
13945.974,0.14548335
13948.178,0.14854051
13950.383,0.14201165
13952.587,0.091038384
13954.792,0.11501069
13956.997,0.10586755
13959.202,0.11241073
13961.408,0.12069686
13963.613,0.086281504
13965.819,0.086724569
13968.025,0.075838692
13970.231,0.061467012
13972.437,0.073239157
13974.643,0.073682361
13976.85,0.062796625
13979.056,0.068468657
13981.263,0.065426128
13983.47,0.074584069
13985.678,0.077641828
13987.885,0.094642976
13990.093,0.099443724
13992.3,0.10424451
13994.508,0.087258832
13996.716,0.097288443
13998.925,0.081174298
14001.133,0.0885896
14003.342,0.0881618
14005.551,0.09993447
14007.76,0.1003782
14009.969,0.08164985
14012.178,0.093422625
14014.388,0.092995
14016.597,0.09169595
14018.807,0.10695467
14021.017,0.095198172
14023.227,0.12004302
14025.438,0.11787265
14027.648,0.09565874
14029.859,0.12921829
14032.07,0.11571905
14034.281,0.11006298
14036.492,0.12009322
14038.704,0.11443722
14040.915,0.11836731
14043.127,0.091796352
14045.339,0.067839804
14047.551,0.072641462
14049.763,0.073085856
14051.976,0.05958693
14054.189,0.065260152
14056.401,0.046532538
14058.614,0.028676418
14060.827,0.0482931
14063.041,0.047866245
14065.254,0.0587684
14067.468,0.067927671
14069.682,0.060529243
14071.896,0.065331285
14074.11,0.061418766
14076.324,0.083650072
14078.539,0.088452219
14080.754,0.075825208
14082.969,0.09718516
14085.184,0.091529896
14087.399,0.085874667
14089.614,0.082833852
14091.83,0.089379128
14094.046,0.088081303
14096.262,0.06586848
14098.478,0.065442184
14100.694,0.065015923
14102.911,0.046289044
14105.127,0.048477232
14107.344,0.055022753
14109.561,0.047624955
14111.778,0.048941789
14113.996,0.064202012
14116.213,0.070747674
14118.431,0.071193153
14120.649,0.066409908
14122.867,0.061626699
14125.085,0.074272718
14127.303,0.058160603
14129.522,0.071678152
14131.741,0.082581357
14133.96,0.057754749
14136.179,0.059943427
14138.398,0.0630036
14140.617,0.046020235
14142.837,0.063023833
14145.057,0.06869849
14147.277,0.07960194
14149.497,0.062618714
14151.717,0.049992823
14153.938,0.058281998
14156.158,0.061342451
14158.379,0.0609171
14160.6,0.063106163
14162.821,0.060066503
14165.043,0.037854764
14167.264,0.022614738
14169.486,0.041361675
14171.708,0.026121719
14173.93,0.039639968
14176.152,0.034857599
14178.374,0.025717966
14180.597,0.042722158
14182.82,0.034454055
14185.043,0.047101019
14187.266,0.057133639
14189.489,0.028822068
14191.712,0.046697895
14193.936,0.036687047
14196.16,0.036262291
14198.384,0.048909465
14200.608,0.045870399
14202.832,0.037602611
14205.057,0.026720478
14207.281,0.040239252
14209.506,0.041557625
14211.731,0.045490412
14213.956,0.049423234
14216.182,0.043770035
14218.407,0.045088548
14220.633,0.054250233
14222.859,0.065154873
14225.085,0.075188088
14227.311,0.068663603
14229.537,0.071725211
14231.764,0.080887071
14233.991,0.089177506
14236.218,0.081781702
14238.445,0.097043886
14240.672,0.080062095
14242.9,0.078766614
14245.127,0.088800143
14247.355,0.070946998
14249.583,0.087080816
14251.811,0.06922774
14254.039,0.043531563
14256.268,0.067508623
14258.497,0.041812515
14260.725,0.063175266
14262.954,0.055779882
14265.184,0.02659804
14267.413,0.06364717
14269.642,0.052766052
14271.872,0.061928542
14274.102,0.080677124
14276.332,0.055852756
14278.562,0.061529512
14280.793,0.045419811
14283.023,0.048482258
14285.254,0.069845394
14287.485,0.04763558
14289.716,0.052441051
14291.947,0.053760719
14294.179,0.044622905
14296.41,0.056400159
14298.642,0.062077231
14300.874,0.061654119
14303.106,0.061231042
14305.339,0.046864645
14307.571,0.036855582
14309.804,0.054733264
14312.037,0.053438867
14314.27,0.059116183
14316.503,0.078736889
14318.736,0.053041726
14320.97,0.046518712
14323.204,0.070496821
14325.437,0.071817014
14327.672,0.083594758
14329.906,0.073586044
14332.14,0.065320285
14334.375,0.076226674
14336.61,0.05314617
14338.844,0.071895767
14341.08,0.087159559
14343.315,0.059721862
14345.55,0.072371345
14347.786,0.064977291
14350.022,0.047125755
14352.258,0.042346149
14354.494,0.031466361
14356.73,0.031915584
14358.967,0.040207979
14361.203,0.035428513
14363.44,0.06637893
14365.677,0.057242236
14367.914,0.059434553
14370.152,0.069470043
14372.389,0.06991951
14374.627,0.070369013
14376.865,0.064718333
14379.103,0.072139583
14381.341,0.056902916
14383.58,0.039051905
14385.818,0.049087639
14388.057,0.044308594
14390.296,0.04650126
14392.535,0.066123156
14394.774,0.062215675
14397.014,0.066151367
14399.254,0.063986875
14401.493,0.05833658
14403.733,0.069244054
14405.974,0.074922804
14408.214,0.084958888
14410.454,0.089766249
14412.695,0.071915693
14414.936,0.08979502
14417.177,0.10418854
14419.418,0.097667067
14421.66,0.1155465
14423.901,0.085495681
14426.143,0.08333161
14428.385,0.085524872
14430.627,0.08161795
14432.869,0.09078296
14435.111,0.085133189
14437.354,0.073383236
14439.597,0.081676891
14441.84,0.08909912
14444.083,0.089549708
14446.326,0.087385951
14448.57,0.073893253
14450.813,0.070858107
14453.057,0.076537592
14455.301,0.076116895
14457.545,0.090511047
14459.79,0.072661226
14462.034,0.067011875
14464.279,0.070948616
14466.524,0.068785174
14468.769,0.081436582
14471.014,0.078401751
14473.259,0.068395277
14475.505,0.063617596
14477.751,0.049253893
14479.997,0.058419637
14482.243,0.054513521
14484.489,0.061936415
14486.735,0.059773288
14488.982,0.055867277
14491.229,0.040632325
14493.476,0.048055359
14495.723,0.025848799
14497.97,0.020200009
14500.218,0.028494608
14502.465,0.028946105
14504.713,0.045955371
14506.961,0.034206503
14509.209,0.037272484
14511.458,0.057767694
14513.706,0.032075575
14515.955,0.063899831
14518.204,0.080037847
14520.453,0.058703132
14522.702,0.064383702
14524.951,0.043049057
14527.201,0.06964473
14529.451,0.06051059
14531.701,0.059219622
14533.951,0.076229344
14536.201,0.053151954
14538.451,0.05534693
14540.702,0.052313183
14542.953,0.054508229
14545.204,0.061060609
14547.455,0.037111935
14549.706,0.050636062
14551.958,0.031916215
14554.209,0.034982896
14556.461,0.04327837
14558.713,0.042859283
14560.965,0.058126504
14563.218,0.043764131
14565.47,0.044216608
14567.723,0.063841233
14569.976,0.046864586
14572.229,0.057774684
14574.482,0.053870002
14576.735,0.052579735
14578.989,0.062618478
14581.243,0.053485143
14583.497,0.060038118
14585.751,0.072691345
14588.005,0.05048622
14590.26,0.064882437
14592.514,0.077535769
14594.769,0.065788265
14597.024,0.080184587
14599.279,0.058851096
14601.534,0.06801873
14603.79,0.078057858
14606.046,0.066310529
14608.301,0.078092646
14610.557,0.05763079
14612.814,0.060698381
14615.07,0.071609144
14617.326,0.066833667
14619.583,0.061186766
14621.84,0.062511577
14624.097,0.056864746
14626.354,0.038146054
14628.612,0.049057027
14630.869,0.07391139
14633.127,0.053449884
14635.385,0.082661615
14637.643,0.074400615
14639.901,0.073982786
14642.16,0.077922292
14644.418,0.067918477
14646.677,0.097130383
14648.936,0.096712695
14651.195,0.086708985
14653.455,0.088034286
14655.714,0.053629775
14657.974,0.058440985
14660.234,0.064995149
14662.494,0.050634315
14664.754,0.060674388
14667.014,0.043699246
14669.275,0.043281872
14671.536,0.048093292
14673.796,0.062490804
14676.058,0.070788132
14678.319,0.059913383
14680.58,0.074310999
14682.842,0.073893836
14685.104,0.074665061
14687.365,0.075119427
14689.628,0.079138891
14691.89,0.059628978
14694.152,0.056518387
14696.415,0.054120843
14698.678,0.048158272
14700.941,0.054316948
14703.204,0.056910597
14705.467,0.049522106
14707.731,0.046411724
14709.994,0.040449328
14712.258,0.036626005
14714.522,0.036367778
14716.786,0.054647911
14719.051,0.035138418
14721.315,0.035593309
14723.58,0.045317397
14725.845,0.034364159
14728.11,0.02483698
14730.375,0.027431049
14732.641,0.033590215
14734.906,0.031906278
14737.172,0.027370327
14739.438,0.022834411
14741.704,0.0097423797
14743.97,0.020179795
14746.237,0.023487121
14748.504,0.013247245
14750.77,0.020119703
14753.037,0.01629701
14755.304,0.023169538
14757.572,0.023624989
14759.839,0.0048291378
14762.107,0.0081367086
14764.375,0.0050272022
14766.643,-0.0059254066
14768.911,-0.0026177308
14771.179,-0.011431232
14773.448,-0.015253611
14775.717,-0.005528718
14777.986,-0.007925002
14780.255,-0.0096082386
14782.524,-0.0091524027
14784.793,-0.00014038217
14787.063,0.003880586
14789.333,0.0079015892
14791.603,0.022617815
14793.873,0.016656713
14796.143,0.014260709
14798.414,0.032542102
14800.684,0.0066167558
14802.955,0.011125314
14805.226,0.004225691
14807.497,-0.0098040395
14809.769,0.014668922
14812.04,-0.013621023
14814.312,-0.0069733387
14816.584,-0.013872874
14818.856,-0.010077204
14821.128,0.0022746334
14823.4,-0.031719323
14825.673,-0.012950338
14827.946,-0.0077285722
14830.219,-0.0039328139
14832.492,0.010558149
14834.765,-0.010601494
14837.038,0.017436742
14839.312,0.0062593086
14841.586,0.00078599304
14843.86,0.014564032
14846.134,0.0033866521
14848.408,0.028572926
14850.683,0.025951731
14852.957,0.0090703044
14855.232,0.020709394
14857.507,0.012384153
14859.782,0.017606166
14862.058,0.026393259
14864.333,0.015929033
14866.609,0.036837373
14868.885,0.027086195
14871.161,0.023039134
14873.437,0.028974266
14875.713,0.015658078
14877.99,0.035140482
14880.267,0.031806505
14882.543,0.022055433
14884.821,0.033694753
14887.098,0.015387566
14889.375,0.034157046
14891.653,0.02298002
14893.931,0.027489285
14896.209,0.036989656
14898.487,0.017969546
14900.765,0.044582251
14903.044,0.031266276
14905.322,0.019376343
14907.601,0.035293914
14909.88,0.01556088
14912.159,0.027913424
14914.439,0.013171512
14916.718,0.021246017
14918.998,0.020051378
14921.278,0.013152656
14923.558,0.018375164
14925.838,0.01218949
14928.118,0.0024387715
14930.399,0.016930495
14932.68,0.017874999
14934.961,0.028088683
14937.242,0.021190085
14939.523,0.039246941
14941.804,0.029496329
14944.086,0.026875859
14946.368,0.029959506
14948.65,0.043025346
14950.932,0.036126854
14953.214,0.044201642
14955.497,0.040868248
14957.779,0.036108846
14960.062,0.04204465
14962.345,0.036572271
14964.628,0.021117736
14966.912,0.024201542
14969.195,0.031563441
14971.479,0.036786321
14973.763,0.021331856
14976.047,0.022989708
14978.331,0.023934566
14980.616,0.022740404
14982.9,0.022259272
14985.185,0.0089439326
14987.47,0.020584048
14989.755,0.027233094
14992.04,0.018195883
14994.326,0.021992914
14996.611,0.0029735635
14998.897,0.018891842
15001.183,0.016984827
15003.469,0.007947704
15005.756,0.0088927736
15008.042,0.011976898
15010.329,0.019339116
15012.616,0.021710264
15014.903,0.014812267
15017.19,0.027878637
15019.477,0.013137538
15021.765,0.029055994
15024.052,0.037844342
15026.34,0.040928608
15028.628,0.061125192
15030.917,0.060644431
15033.205,0.057311638
15035.494,0.065387062
15037.782,0.047794055
15040.071,0.05729554
15042.36,0.051110767
15044.65,0.046352038
15046.939,0.041593326
15049.229,0.032556557
15051.519,0.027084868
15053.809,0.024465246
15056.099,0.02113263
15058.389,0.022078107
15060.68,0.0287277
15062.97,0.042507437
15065.261,0.043452966
15067.552,0.057232738
15069.843,0.070299515
15072.135,0.077662209
15074.426,0.07290371
15076.718,0.088822589
15079.01,0.08549015
15081.302,0.093565928
15083.594,0.11233691
15085.887,0.089040175
15088.179,0.097829018
15090.472,0.10162679
15092.765,0.091164334
15095.058,0.096388168
15097.351,0.091629845
15099.645,0.097566727
15101.938,0.098512539
15104.232,0.098032344
15106.526,0.10468229
15108.82,0.087802845
15111.115,0.10800006
15113.409,0.10324187
15115.704,0.10276176
15117.999,0.10869878
15120.294,0.11392281
15122.589,0.11629481
15124.884,0.11866682
15127.18,0.12531693
15129.476,0.12483693
15131.771,0.12720899
15134.068,0.13243313
15136.364,0.12054498
15138.66,0.1229171
15140.957,0.12243719
15143.254,0.13122646
15145.551,0.11862537
15147.848,0.12527563
15150.145,0.12408278
15152.442,0.10934271
15154.74,0.12383616
15157.038,0.12050432
15159.336,0.13285878
15161.634,0.14735229
15163.932,0.14188147
15166.231,0.15851405
15168.53,0.1608864
15170.828,0.16468479
15173.128,0.1741873
15175.427,0.17299464
15177.726,0.18392321
15180.026,0.16704431
15182.325,0.16014761
15184.625,0.15681598
15186.925,0.13565906
15189.226,0.14943977
15191.526,0.14254313
15193.827,0.13921158
15196.127,0.14586221
15198.428,0.14395672
15200.73,0.14419028
15203.031,0.14656289
15205.332,0.16034373
15207.634,0.14916914
15209.936,0.14797675
15212.238,0.16603571
15214.54,0.15414816
15216.842,0.15010377
15219.145,0.14534638
15221.448,0.13631094
15223.75,0.13440564
15226.053,0.13321337
15228.357,0.12703003
15230.66,0.13938503
15232.964,0.15102704
15235.267,0.15625195
15237.571,0.15220772
15239.875,0.15529363
15242.18,0.14768437
15244.484,0.15932646
15246.789,0.16882954
15249.093,0.1704895
15251.398,0.1621673
15253.704,0.17095741
15256.009,0.15265307
15258.314,0.14718297
15260.62,0.15098206
15262.926,0.15406814
15265.232,0.16214534
15267.538,0.18163075
15269.844,0.16190049
15272.151,0.17140376
15274.458,0.17021186
15276.764,0.17472408
15279.072,0.16640209
15281.379,0.16164518
15283.686,0.17613963
15285.994,0.17494781
15288.301,0.15806975
15290.609,0.1411917
15292.917,0.1321568
15295.226,0.14807736
15297.534,0.12478225
15299.843,0.12216452
15302.152,0.12168585
15304.461,0.11122502
15306.77,0.12215458
15309.079,0.10884173
15311.388,0.098380952
15313.698,0.11430165
15316.008,0.12737032
15318.318,0.12047466
15320.628,0.11571805
15322.939,0.11452652
15325.249,0.12759526
15327.56,0.12854281
15329.871,0.12307326
15332.182,0.12615987
15334.493,0.10928216
15336.804,0.10951676
15339.116,0.11331645
15341.428,0.1142641
15343.74,0.11307273
15346.052,0.10617728
15348.364,0.11639414
15350.676,0.10022957
15352.989,0.12328069
15355.302,0.13349761
15357.615,0.12303719
15359.928,0.14109728
15362.241,0.12849785
15364.555,0.12944568
15366.868,0.11969834
15369.182,0.11137704
15371.496,0.11446396
15373.811,0.10899474
15376.125,0.11350772
15378.439,0.098769381
15380.754,0.098291307
15383.069,0.095674214
15385.384,0.097335214
15387.699,0.10755238
15390.015,0.093527141
15392.33,0.099466268
15394.646,0.10897048
15396.962,0.10777951
15399.278,0.11086664
15401.594,0.10611065
15403.911,0.10563276
15406.227,0.10729392
15408.544,0.10182497
15410.861,0.10990327
15413.178,0.099443273
15415.496,0.098252452
15417.813,0.099913699
15420.131,0.097296889
15422.449,0.097532146
15424.767,0.10703658
15427.085,0.083029451
15429.403,0.078986687
15431.722,0.079935027
15434.041,0.09086556
15436.36,0.088248874
15438.679,0.093475342
15440.998,0.089432666
15443.317,0.073981808
15445.637,0.070652179
15447.957,0.080869806
15450.277,0.059001888
15452.597,0.0834798
15454.917,0.099401579
15457.237,0.091080952
15459.558,0.091316492
15461.879,0.082282888
15464.2,0.083231476
15466.521,0.099153343
15468.842,0.11008414
15471.164,0.11245881
15473.486,0.10485132
15475.807,0.10508698
15478.129,0.10960074
15480.452,0.087733049
15482.774,0.084403704
15485.097,0.091769563
15487.419,0.092005315
15489.742,0.09366711
15492.065,0.096041935
15494.389,0.098416778
15496.712,0.097226576
15499.036,0.091758317
15501.359,0.1162366
15503.683,0.10363825
15506.007,0.10815222
15508.332,0.11908332
15510.656,0.10577201
15512.981,0.12383327
15515.306,0.10553091
15517.631,0.095071704
15519.956,0.091029629
15522.281,0.094117696
15524.607,0.094353732
15526.932,0.080329535
15529.258,0.091973805
15531.584,0.10005303
15533.91,0.10314119
15536.237,0.11122045
15538.563,0.085075127
15540.89,0.1088407
15543.217,0.1105029
15545.544,0.099330894
15547.871,0.11097531
15550.199,0.11976768
15552.526,0.11287381
15554.854,0.10455392
15557.182,0.096234055
15559.51,0.098609393
15561.839,0.086724499
15564.167,0.094803972
15566.496,0.098605388
15568.824,0.090998622
15571.153,0.11119936
15573.483,0.09218443
15575.812,0.073882529
15578.142,0.094796333
15580.471,0.08861568
15582.801,0.093843245
15585.131,0.089801665
15587.461,0.088612152
15589.792,0.095978807
15592.122,0.08908523
15594.453,0.088608783
15596.784,0.084567292
15599.115,0.091221005
15601.446,0.10500486
15603.778,0.09454631
15606.109,0.10048706
15608.441,0.090741561
15610.773,0.0824221
15613.105,0.086936882
15615.438,0.083608544
15617.77,0.075289137
15620.103,0.084795059
15622.435,0.088596899
15624.768,0.083129595
15627.102,0.064115071
15629.435,0.056508765
15631.769,0.0617367
15634.102,0.072668754
15636.436,0.077896725
15638.77,0.075994589
15641.104,0.072666446
15643.439,0.070764345
15645.773,0.067436237
15648.108,0.058404047
15650.443,0.056502
15652.778,0.069573232
15655.113,0.078366407
15657.449,0.062204163
15659.784,0.053885074
15662.12,0.04770504
15664.456,0.05792431
15666.792,0.053883349
15669.129,0.056259518
15671.465,0.062913779
15673.802,0.049603709
15676.139,0.070518255
15678.476,0.069329432
15680.813,0.056732427
15683.15,0.075507989
15685.488,0.061484995
15687.825,0.072417455
15690.163,0.063385583
15692.501,0.069326991
15694.84,0.080259504
15697.178,0.057680448
15699.517,0.070752034
15701.855,0.058155188
15704.194,0.052688485
15706.533,0.055777949
15708.873,0.046746218
15711.212,0.05625283
15713.552,0.050073185
15715.892,0.051023683
15718.231,0.050548173
15720.572,0.030108331
15722.912,0.038902019
15725.252,0.039139574
15727.593,0.03153401
15729.934,0.041040764
15732.275,0.045556447
15734.616,0.035098886
15736.958,0.029632431
15739.299,0.030583105
15741.641,0.020125597
15743.983,0.017511244
15746.325,0.038426321
15748.667,0.030820916
15751.009,0.021076492
15753.352,0.027731372
15755.695,0.022265057
15758.038,0.027493948
15760.381,0.027018756
15762.724,0.027969607
15765.067,0.028207463
15767.411,0.034862449
15769.755,0.030109254
15772.099,0.027495113
15774.443,0.029872077
15776.787,0.046509309
15779.132,0.040330159
15781.477,0.027733914
15783.821,0.015137687
15786.166,0.022505827
15788.512,0.022030848
15790.857,0.017990824
15793.203,0.013950817
15795.548,0.012762878
15797.894,-0.0048243299
15800.24,0.0053959662
15802.586,-0.0057740944
15804.933,-0.0098140125
15807.279,0.011101524
15809.626,0.02987804
15811.973,0.02441215
15814.32,0.02536339
15816.668,0.02987971
15819.015,0.015857724
15821.363,0.026791191
15823.71,0.038437689
15826.058,0.040815042
15828.407,0.034636264
15830.755,0.037726665
15833.103,0.031547921
15835.452,0.012534971
15837.801,0.013486388
15840.15,0.015863847
15842.499,0.015389274
15844.849,0.031314006
15847.198,0.031552481
15849.548,0.033930011
15851.898,0.026325384
15854.248,0.03440705
15856.598,0.038210658
15858.949,0.026328009
15861.299,0.034409727
15863.65,0.020388077
15866.001,0.026330793
15868.352,0.02157834
15870.703,0.016825904
15873.055,0.0063693864
15875.406,0.00090397369
15877.758,-0.0017093714
15880.11,-0.0071747487
15882.462,-0.0090750459
15884.815,-0.0031321883
15887.167,-0.0064584751
15889.52,0.019448767
15891.873,0.015409503
15894.226,0.014935319
15896.579,0.023730315
15898.932,0.023256167
15901.286,0.026347098
15903.64,0.04155926
15905.994,0.039659139
15908.348,0.050593261
15910.702,0.042276064
15913.056,0.024689722
15915.411,0.027067747
15917.766,0.0073424031
15920.121,0.012572513
15922.476,0.011385529
15924.831,0.013763625
15927.187,0.010437639
15929.542,-0.0042965294
15931.898,0.00022065693
15934.254,-0.013800463
15936.61,0.0021249579
15938.967,0.023041484
15941.323,0.0097334293
15943.68,0.029223966
15946.037,0.019481009
15948.394,0.014729157
15950.751,0.016394435
15953.108,0.0023734557
15955.466,0.0083168438
15957.824,-0.0028520499
15960.181,-0.0040935893
15962.54,-0.0074741526
15964.898,-0.019410852
15967.256,-0.022791388
15969.615,-0.02617191
15971.974,-0.020996269
15974.333,-0.019385677
15976.692,-0.029183271
15979.051,0.0059389353
15981.411,-0.0017195938
15983.77,0.012012265
15986.13,0.024318113
15988.49,0.011668537
15990.85,0.028965499
15993.211,0.028437163
15995.571,0.037178003
15997.932,0.032371619
16000.293,0.033269349
16002.654,0.039871192
16005.015,-0.0012987872
16007.376,0.020276345
16009.738,0.00406183
16012.1,0.010663728
16014.462,0.020117689
16016.824,0.004616227
16019.186,0.01834829
16021.548,0.014255055
16023.911,0.017291959
16026.274,0.021041888
16028.637,0.020513757
16031,0.036384925
16033.363,0.022309584
16035.727,0.038893793
16038.09,0.028383541
16040.454,0.022151377
16042.818,0.030179477
16045.182,0.012539141
16047.547,0.013437144
16049.911,0.017900222
16052.276,0.017372226
16054.641,0.036095582
16057.006,0.034141588
16059.371,0.032187609
16061.737,0.027381593
16064.102,0.023288603
16066.468,0.027751777
16068.834,0.032927977
16071.2,0.03525214
16073.566,0.039715355
16075.933,0.035622434
16078.299,0.036520613
16080.666,0.013889394
16083.033,0.014074589
16085.4,0.023528959
16087.767,0.0094539305
16090.135,0.01962134
16092.503,0.019806589
16094.87,0.0071576268
16097.238,0.031585327
16099.607,0.013232292
16101.975,0.018408683
16104.344,0.025011112
16106.712,0.03303958
16109.081,0.035363961
16111.45,0.024854132
16113.819,0.045003853
16116.189,0.032355013
16118.558,0.049652711
16120.928,0.054116198
16123.298,0.039328362
16125.668,0.070886351
16128.039,0.069645779
16130.409,0.068405221
16132.78,0.080711914
16135.15,0.075193308
16137.521,0.089639065
16139.893,0.091963624
16142.264,0.082166984
16144.635,0.077361445
16147.007,0.073981945
16149.379,0.072741496
16151.751,0.063657923
16154.123,0.051722314
16156.495,0.044777806
16158.868,0.034268249
16161.241,0.041584018
16163.614,0.024657376
16165.987,0.018425935
16168.36,0.040715007
16170.733,0.021649368
16173.107,0.03039123
16175.481,0.020594781
16177.855,-0.0034619036
16180.229,0.015975186
16182.603,-0.00095134653
16184.978,0.0063645585
16187.352,0.0015592651
16189.727,0.0060231474
16192.102,0.0054959561
16194.477,-0.0071524337
16196.852,0.0030155894
16199.228,0.0017754264
16201.604,0.018360589
16203.979,0.035658778
16206.355,0.025862506
16208.732,0.043160722
16211.108,0.037642552
16213.485,0.047097658
16215.861,0.035875416
16218.238,0.051034649
16220.615,0.057637746
16222.993,0.054971695
16225.37,0.073696031
16227.748,0.058908795
16230.125,0.065511946
16232.503,0.066411011
16234.881,0.062319003
16237.26,0.071774245
16239.638,0.058413102
16242.017,0.073572471
16244.396,0.05878533
16246.775,0.056832428
16249.154,0.06700075
16251.533,0.045796538
16253.913,0.052399826
16256.292,0.043316853
16258.672,0.039224981
16261.052,0.050819397
16263.432,0.038171402
16265.813,0.055469945
16268.193,0.055656202
16270.574,0.050851386
16272.955,0.066010932
16275.336,0.067623256
16277.717,0.087060904
16280.099,0.083682167
16282.48,0.087433569
16284.862,0.098315109
16287.244,0.096362437
16289.626,0.107244
16292.009,0.10030027
16294.391,0.10333873
16296.774,0.10495118
16299.156,0.10157255
16301.539,0.10532406
16303.923,0.086259183
16306.306,0.10712302
16308.689,0.11158758
16311.073,0.11462614
16313.457,0.11267362
16315.841,0.10644303
16318.225,0.12017681
16320.61,0.1217894
16322.994,0.13694923
16325.379,0.12073653
16327.764,0.11094095
16330.149,0.11611865
16332.534,0.11345322
16334.92,0.11221384
16337.305,0.10812242
16339.691,0.12328234
16342.077,0.13487722
16344.463,0.13221187
16346.849,0.1338246
16349.236,0.12830722
16351.623,0.15273638
16354.009,0.16147928
16356.396,0.16594411
16358.784,0.16969595
16361.171,0.18414299
16363.558,0.19288594
16365.946,0.18023853
16368.334,0.17971235
16370.722,0.18417727
16373.11,0.18721617
16375.499,0.19595919
16377.887,0.19472005
16380.276,0.20845419
16382.665,0.19937194
16385.054,0.20882802
16387.443,0.19047664
16389.833,0.19280263
16392.222,0.22008407
16394.612,0.22383611
16397.002,0.23400528
16399.392,0.2349053
16401.783,0.23580533
16404.173,0.24454851
16406.564,0.24188351
16408.955,0.26488697
16411.346,0.25723091
16413.737,0.2688262
16416.128,0.2747174
16418.52,0.26634837
16420.911,0.25940537
16423.303,0.25388841
16425.695,0.26405775
16428.088,0.26567094
16430.48,0.25088486
16432.872,0.25392411
16435.265,0.24484216
16437.658,0.23789926
16440.051,0.25092072
16442.445,0.25752509
16444.838,0.2548603
16447.232,0.25148252
16449.625,0.25309584
16452.019,0.25542218
16454.414,0.25061842
16456.808,0.2764742
16459.202,0.25527117
16461.597,0.26044962
16463.992,0.27418423
16466.387,0.26438945
16468.782,0.2674289
16471.177,0.2726074
16473.573,0.29561123
16475.969,0.31932808
16478.365,0.3116724
16480.761,0.31685096
16483.157,0.31062133
16485.553,0.32578209
16487.95,0.32668262
16490.347,0.33970437
16492.744,0.33490082
16495.141,0.33580138
16497.538,0.33099786
16499.935,0.31050808
16502.333,0.30427856
16504.731,0.30375315
16507.129,0.31748801
16509.527,0.31125853
16511.925,0.30788112
16514.324,0.32518108
16516.722,0.3168126
16519.121,0.33126054
16521.52,0.32574414
16523.919,0.32307981
16526.319,0.35036201
16528.718,0.32987239
16531.118,0.33576425
16533.518,0.33167394
16535.918,0.33114871
16538.318,0.34630977
16540.719,0.32082913
16543.119,0.33028612
16545.52,0.33546505
16547.921,0.33208784
16550.322,0.33869281
16552.723,0.32533346
16555.125,0.32552135
16557.526,0.33141335
16559.928,0.32946224
16562.33,0.32038101
16564.732,0.32199498
16567.135,0.33858223
16569.537,0.33235309
16571.94,0.31542878
16574.343,0.31704281
16576.746,0.31366576
16579.149,0.30387161
16581.552,0.31903292
16583.956,0.31351687
16586.36,0.30443578
16588.764,0.32672725
16591.168,0.31907221
16593.572,0.31569526
16595.976,0.30661422
16598.381,0.30246944
16600.786,0.32256709
16603.191,0.31491212
16605.596,0.32113348
16608.001,0.33761127
16610.407,0.32754306
16612.812,0.33376447
16615.218,0.34963897
16617.624,0.33233099
16620.03,0.3307093
16622.436,0.33089757
16624.843,0.32806927
16627.25,0.33368743
16629.657,0.3387023
16632.064,0.32863421
16634.471,0.3469221
16636.878,0.33564741
16639.286,0.33462915
16641.693,0.33783412
16644.101,0.33681588
16646.509,0.33217775
16648.918,0.32753962
16651.326,0.3422077
16653.735,0.33877624
16656.143,0.34439457
16658.552,0.3494096
16660.962,0.36287109
16663.371,0.36788614
16665.78,0.36445475
16668.19,0.3815362
16670.6,0.37086501
16673.01,0.37648344
16675.42,0.38149856
16677.83,0.38470374
16680.241,0.40962839
16682.652,0.40861037
16685.062,0.41724545
16687.473,0.43191373
16689.885,0.43391234
16692.296,0.41419151
16694.708,0.42041338
16697.119,0.41094898
16699.531,0.40329455
16701.943,0.40830982
16704.356,0.41332511
16706.768,0.40627404
16709.181,0.39379312
16711.593,0.39639517
16714.006,0.39477401
16716.419,0.41185573
16718.833,0.41144123
16721.246,0.4128367
16723.66,0.42750518
16726.074,0.41985091
16728.488,0.42848623
16730.902,0.42083199
16733.316,0.4312773
16735.731,0.4145733
16738.145,0.42019209
16740.56,0.44089386
16742.975,0.43263636
16745.391,0.43282533
16747.806,0.41069153
16750.222,0.41751703
16752.637,0.41106954
16755.053,0.41729175
16757.469,0.43256374
16759.886,0.43275279
16762.302,0.44742149
16764.719,0.43916412
16767.135,0.4622793
16769.552,0.46608832
16771.97,0.45300444
16774.387,0.46827652
16776.804,0.46967231
16779.222,0.48796102
16781.64,0.49237342
16784.058,0.50100906
16786.476,0.51386794
16788.894,0.49535429
16791.313,0.50941984
16793.732,0.51986549
16796.151,0.52729457
16798.57,0.54015352
16800.989,0.54215276
16803.408,0.55320178
16805.828,0.54554796
16808.248,0.54030742
16810.667,0.53446357
16813.088,0.5207766
16815.508,0.52941242
16817.928,0.51874207
16820.349,0.53160115
16822.77,0.53480714
16825.191,0.5295667
16827.612,0.54121918
16830.033,0.53235885
16832.455,0.53496158
16834.876,0.53816765
16837.298,0.53232395
16839.72,0.55845614
16842.142,0.55985229
16844.565,0.56245509
16846.987,0.56445459
16849.41,0.56283419
16851.833,0.57026358
16854.256,0.5686432
16856.679,0.56279962
16859.102,0.56660914
16861.526,0.55714567
16863.95,0.5537154
16866.374,0.555715
16868.798,0.55952458
16871.222,0.55368107
16873.647,0.54059776
16876.071,0.54621733
16878.496,0.54882032
16880.921,0.54116692
16883.346,0.54316662
16885.771,0.53249665
16888.197,0.54595943
16890.623,0.53649612
16893.048,0.53547929
16895.475,0.55437197
16897.901,0.54249543
16900.327,0.55233836
16902.754,0.5452884
16905.18,0.54909818
16907.607,0.55773451
16910.034,0.53741159
16912.462,0.53699818
16914.889,0.52753501
16917.317,0.52169177
16919.744,0.52851822
16922.172,0.52689823
16924.6,0.53734462
16927.029,0.53150143
16929.457,0.53591466
16931.886,0.53127813
16934.315,0.53026153
16936.744,0.54372457
16939.173,0.54210468
16941.602,0.54410471
16944.032,0.55877443
16946.461,0.55293135
16948.891,0.56156792
16951.321,0.54969168
16953.751,0.53540219
16956.182,0.5307658
16958.612,0.51406305
16961.043,0.52209637
16963.474,0.50479034
16965.905,0.50377391
16968.336,0.50758405
16970.768,0.48665814
16973.199,0.50736121
16975.631,0.48764198
16978.063,0.49446875
16980.495,0.49164245
16982.927,0.48217967
16985.36,0.49745294
16987.792,0.48919682
16990.225,0.48878385
16992.658,0.48716425
16995.091,0.5030409
16997.525,0.49116492
16999.958,0.477479
17002.392,0.48732251
17004.826,0.47604989
17007.26,0.4919266
17009.694,0.49815024
17012.128,0.49773739
17014.563,0.50034115
17016.998,0.50415155
17019.433,0.50856529
17021.868,0.51720227
17024.303,0.51135962
17026.738,0.51094685
17029.174,0.51656728
17031.61,0.52037777
17034.046,0.51815509
17036.482,0.50446937
17038.918,0.49802349
17041.355,0.48071789
17043.791,0.49357822
17046.228,0.50704188
17048.665,0.50421597
17051.102,0.50139006
17053.539,0.49796085
17055.977,0.49211838
17058.415,0.49834229
17060.853,0.49430981
17063.291,0.49993042
17065.729,0.49951787
17068.167,0.51599825
17070.606,0.51015586
17073.045,0.51275995
17075.483,0.49907445
17077.922,0.48176906
17080.362,0.46808359
17082.801,0.47370431
17085.241,0.47570515
17087.681,0.4813259
17090.121,0.47427699
17092.561,0.48291436
17095.001,0.47707211
17097.441,0.47846969
17099.882,0.47926397
17102.323,0.48005826
17104.764,0.4820592
17107.205,0.48587011
17109.646,0.49692085
17112.088,0.50495502
17114.53,0.5033361
17116.972,0.5113703
17119.414,0.50190827
17121.856,0.51778563
17124.298,0.50892695
17126.741,0.51334129
17129.184,0.51111914
17131.626,0.50407045
17134.07,0.51632797
17136.513,0.50746936
17138.956,0.51671031
17141.4,0.50423182
17143.844,0.50200975
17146.288,0.50099433
17148.732,0.48972252
17151.176,0.50499672
17153.621,0.48708843
17156.065,0.48788302
17158.51,0.48385108
17160.955,0.48223242
17163.4,0.47397728
17165.846,0.46149893
17168.291,0.47134336
17170.737,0.46851812
17173.183,0.48077585
17175.629,0.48036392
17178.075,0.47572877
17180.521,0.48738322
17182.968,0.47671492
17185.415,0.48897272
17187.862,0.49761062
17190.309,0.48814899
17192.756,0.48653052
17195.203,0.50240828
17197.651,0.51044292
17200.099,0.51485767
17202.547,0.51022265
17204.995,0.50800093
17207.443,0.50819249
17209.892,0.51683051
17212.34,0.50676569
17214.789,0.51781702
17217.238,0.49930577
17219.687,0.50613389
17222.137,0.51296203
17224.586,0.52099683
17227.036,0.51937854
17229.486,0.51776027
17231.936,0.51734864
17234.386,0.51935031
17236.837,0.51712876
17239.287,0.52516363
17241.738,0.52656201
17244.189,0.52192723
17246.64,0.52151569
17249.091,0.53196389
17251.543,0.52431256
17253.994,0.52691765
17256.446,0.5277128
17258.898,0.52126814
17261.35,0.51844341
17263.803,0.51320542
17266.255,0.51581058
17268.708,0.51841575
17271.161,0.51257448
17273.614,0.5091465
17276.067,0.50451189
17278.52,0.51013371
17280.974,0.50187922
17283.427,0.49302143
17285.881,0.50346984
17288.335,0.48737225
17290.79,0.49782068
17293.244,0.49680608
17295.699,0.49941141
17298.153,0.49960347
17300.608,0.494969
17303.063,0.49998764
17305.519,0.49112997
17307.974,0.51304154
17310.43,0.50478722
17312.886,0.49592959
17315.342,0.51482461
17317.798,0.50777696
17320.254,0.51158906
17322.711,0.50514476
17325.167,0.51197347
17327.624,0.50070265
17330.081,0.4912418
17332.538,0.48721083
17334.996,0.47835332
17337.453,0.48638874
17339.911,0.47029144
17342.369,0.4722937
17344.827,0.48394907
17347.285,0.47448832
17349.744,0.46201098
17352.202,0.46944316
17354.661,0.45877581
17357.12,0.45052175
17359.579,0.47002034
17362.038,0.46478289
17364.498,0.46678527
17366.957,0.46396113
17369.417,0.45570713
17371.877,0.45469297
17374.337,0.43195936
17376.798,0.43396181
17379.258,0.44260078
17381.719,0.4524464
17384.18,0.44419248
17386.641,0.44740163
17389.102,0.44880083
17391.563,0.43451378
17394.025,0.44797937
17396.487,0.43731225
17398.949,0.44233142
17401.411,0.45097051
17403.873,0.4427167
17406.335,0.46221555
17408.798,0.4515485
17411.261,0.43303832
17413.724,0.42418125
17416.187,0.42739056
17418.65,0.4378397
17421.114,0.42294949
17423.577,0.42133229
17426.041,0.39920229
17428.505,0.40241167
17430.969,0.39898456
17433.434,0.38349109
17435.898,0.39816356
17438.363,0.38930662
17440.828,0.39311939
17443.293,0.39693216
17445.758,0.39652173
17448.223,0.39973121
17450.689,0.38242789
17453.155,0.38684404
17455.62,0.38884693
17458.087,0.38722993
17460.553,0.39224943
17463.019,0.40088887
17465.486,0.39625531
17467.953,0.38920849
17470.42,0.38638492
17472.887,0.38295804
17475.354,0.38556436
17477.822,0.38394746
17480.289,0.38896708
17482.757,0.38855685
17485.225,0.40805613
17487.693,0.41307579
17490.162,0.40180587
17492.63,0.41949524
17495.099,0.40400211
17497.568,0.41203842
17500.037,0.41705815
17502.506,0.41906129
17504.975,0.42046114
17507.445,0.408588
17509.915,0.41602105
17512.384,0.40052802
17514.855,0.41399429
17517.325,0.39970793
17519.795,0.39386803
17522.266,0.41517748
17524.737,0.39485797
17527.208,0.39806789
17529.679,0.39464133
17532.15,0.39242141
17534.622,0.38718492
17537.093,0.37651858
17539.565,0.38817502
17542.037,0.38414521
17544.509,0.38856186
17546.982,0.38272212
17549.454,0.38170893
17551.927,0.38069576
17554.4,0.38812906
17556.873,0.38711592
17559.346,0.39092934
17561.819,0.39956932
17564.293,0.38648985
17566.767,0.39392322
17569.241,0.4079931
17571.715,0.39008713
17574.189,0.38605749
17576.663,0.40012741
17579.138,0.38584139
17581.613,0.38784498
17584.088,0.38562535
17586.563,0.37314932
17589.038,0.37635958
17591.514,0.37594995
17593.989,0.37554033
17596.465,0.39262695
17598.941,0.40187045
17601.417,0.40266751
17603.894,0.41673758
17606.37,0.41693135
17608.847,0.40324881
17611.324,0.41792224
17613.801,0.41690941
17616.278,0.42494637
17618.756,0.42755348
17621.233,0.42292078
17623.711,0.43216442
17626.189,0.43115166
17628.667,0.42229577
17631.145,0.4068034
17633.624,0.40398073
17636.102,0.40296802
17638.581,0.40316196
17641.06,0.4027526
17643.539,0.39691339
17646.019,0.39891733
17648.498,0.39730138
17650.978,0.39749539
17653.458,0.41277237
17655.938,0.41055314
17658.418,0.41255714
17660.898,0.40611471
17663.379,0.41897847
17665.859,0.41736261
17668.34,0.42238327
17670.821,0.42800725
17673.303,0.42397816
17675.784,0.43623867
17678.266,0.43160629
17680.747,0.4396436
17683.229,0.44044111
17685.711,0.43279217
17688.194,0.42755652
17690.676,0.41689103
17693.159,0.42070518
17695.642,0.4196928
17698.125,0.42471362
17700.608,0.43094108
17703.091,0.43294534
17705.575,0.43434629
17708.058,0.42126761
17710.542,0.42447854
17713.026,0.41079657
17715.51,0.42486726
17717.995,0.41782182
17720.479,0.41198303
17722.964,0.41459071
17725.449,0.42202495
17727.934,0.41437625
17730.419,0.40431429
17732.905,0.38701252
17735.39,0.37634727
17737.876,0.3813683
17740.362,0.39362917
17742.848,0.38175732
17745.334,0.3837618
17747.821,0.3791298
17750.307,0.36846463
17752.794,0.37710566
17755.281,0.38393674
17757.768,0.38895789
17760.256,0.395789
17762.743,0.40201681
17765.231,0.40281476
17767.719,0.40300942
17770.207,0.39596426
17772.695,0.38529921
17775.183,0.39152709
17777.672,0.39111848
17780.161,0.38226343
17782.65,0.39392121
17785.139,0.39170268
17787.628,0.37922776
17790.117,0.36313294
17792.607,0.35850118
17795.097,0.34300971
17797.587,0.35587421
17800.077,0.35546572
17802.567,0.35807384
17805.058,0.35887202
17807.548,0.35062043
17810.039,0.35141863
17812.53,0.33954717
17815.021,0.34577526
17817.513,0.34536687
17820.004,0.3552149
17822.496,0.36083971
17824.988,0.35077827
17827.48,0.35821307
17829.972,0.34392842
17832.464,0.34231348
17834.957,0.34009522
17837.45,0.33486039
17839.942,0.34470853
17842.436,0.33102727
17844.929,0.33785885
17847.422,0.32538426
17849.916,0.31230636
17852.41,0.30948488
17854.904,0.30545678
17857.398,0.31530502
17859.892,0.31489686
17862.386,0.31871194
17864.881,0.31468389
17867.376,0.30220941
17869.871,0.30481789
17872.366,0.2977733
17874.861,0.30038181
17877.357,0.29997374
17879.853,0.30258228
17882.349,0.30579415
17884.845,0.30478281
17887.341,0.29230843
17889.837,0.27862743
17892.334,0.28063272
17894.831,0.27358825
17897.327,0.27981679
17899.825,0.29690508
17902.322,0.28382747
17904.819,0.27376646
17907.317,0.28059838
17909.815,0.2741573
17912.313,0.28219588
17914.811,0.27877143
17917.309,0.2789669
17919.808,0.29303871
17922.306,0.29745743
17924.805,0.2898098
17927.304,0.29664183
17929.803,0.29080419
17932.303,0.28436324
17934.802,0.28093889
17937.302,0.27932452
17939.802,0.28675993
17942.302,0.28454226
17944.802,0.27810138
17947.302,0.28071029
17949.803,0.26944289
17952.304,0.25998546
17954.805,0.27285082
17957.306,0.27304651
17959.807,0.26781234
17962.308,0.26680142
17964.81,0.25734406
17967.312,0.26477962
17969.814,0.27161188
17972.316,0.26275788
17974.818,0.25933375
17977.321,0.26254614
17979.823,0.25912204
17982.326,0.25931786
17984.829,0.26675352
17987.332,0.24643655
17989.836,0.24723574
17992.339,0.2401918
17994.843,0.23918105
17997.347,0.25084001
17999.851,0.25043261
18002.355,0.25666172
18004.86,0.24177471
18007.364,0.24921049
18009.869,0.24216665
18012.374,0.24236264
18014.879,0.24919514
18017.384,0.24818452
18019.89,0.24536396
18022.395,0.24495668
18024.901,0.24454942
18027.407,0.24595213
18029.913,0.23649512
18032.42,0.24091444
18034.926,0.24171387
18037.433,0.24432327
18039.94,0.24451941
18042.447,0.24049233
18044.954,0.23344868
18047.461,0.23123158
18049.969,0.22117137
18052.476,0.22317753
18054.984,0.22880361
18057.492,0.22115671
18060.001,0.21531977
18062.509,0.22456581
18065.018,0.20666253
18067.526,0.212892
18070.035,0.20584849
18072.544,0.20785476
18075.054,0.20624113
18077.563,0.19437111
18080.073,0.21025374
18082.583,0.20079702
18085.093,0.20581995
18087.603,0.2011898
18090.113,0.20138621
18092.623,0.20761581
18095.134,0.18548948
18097.645,0.20438879
18100.156,0.17924589
18102.667,0.19150874
18105.179,0.18687868
18107.69,0.17802542
18110.202,0.20537126
18112.714,0.17117865
18115.226,0.19249134
18117.738,0.18363812
18120.251,0.17478492
18122.763,0.18644456
18125.276,0.17879802
18127.789,0.19045768
18130.302,0.18462113
18132.815,0.19628082
18135.329,0.18863434
18137.842,0.1785746
18140.356,0.19385424
18142.87,0.18198457
18145.384,0.18640451
18147.899,0.18056805
18150.413,0.18378138
18152.928,0.19725113
18155.443,0.18477821
18157.958,0.18618163
18160.473,0.18758505
18162.988,0.17993872
18165.504,0.18435877
18168.02,0.19722529
18170.535,0.21009182
18173.052,0.20244554
18175.568,0.19781587
18178.084,0.20344262
18180.601,0.19760634
18183.118,0.19659662
18185.635,0.19257032
18188.152,0.19759381
18190.669,0.19296422
18193.186,0.19135123
18195.704,0.19818471
18198.222,0.1947618
18200.74,0.17866922
18203.258,0.18007288
18205.776,0.17242678
18208.295,0.17262383
18210.814,0.18549058
18213.332,0.17603457
18215.851,0.18528143
18218.371,0.16918894
18220.89,0.16757611
18223.41,0.17501306
18225.929,0.16857371
18228.449,0.17058082
18230.969,0.15690168
18233.49,0.17218182
18236.01,0.16151929
18238.531,0.16231983
18241.051,0.17518674
18243.572,0.15366452
18246.094,0.16713478
18248.615,0.16190218
18251.136,0.1566696
18253.658,0.16169345
18256.18,0.15404762
18258.702,0.1626914
18261.224,0.15263232
18263.746,0.16127613
18266.269,0.1518204
18268.792,0.14538128
18271.314,0.14919858
18273.837,0.13612299
18276.361,0.14959341
18278.884,0.14255102
18281.408,0.13973188
18283.931,0.16406207
18286.455,0.15339981
18288.979,0.16325039
18291.504,0.16344789
18294.028,0.16062882
18296.553,0.16685953
18299.077,0.16766039
18301.602,0.17147785
18304.128,0.18253515
18306.653,0.17247632
18309.178,0.16603742
18311.704,0.17045825
18314.23,0.15979615
18316.756,0.1539606
18319.282,0.16260471
18321.808,0.15254596
18324.335,0.15153701
18326.862,0.1583712
18329.388,0.14770918
18331.915,0.14790689
18334.443,0.16077431
18336.97,0.13864928
18339.498,0.15573995
18342.025,0.15593773
18344.553,0.14648242
18347.081,0.16115986
18349.61,0.15834108
18352.138,0.15672896
18354.667,0.15270357
18357.196,0.15229811
18359.725,0.1500827
18362.254,0.15812372
18364.783,0.16737139
18367.312,0.14946976
18369.842,0.163544
18372.372,0.15650212
18374.902,0.15609675
18377.432,0.16715444
18379.963,0.16192256
18382.493,0.170567
18385.024,0.16231855
18387.555,0.16372321
18390.086,0.17960751
18392.617,0.15748279
18395.148,0.15888748
18397.68,0.15606896
18400.212,0.15626705
18402.744,0.16913483
18405.276,0.16812631
18407.808,0.16478497
18410.34,0.15923148
18412.873,0.15681526
18415.406,0.16171931
18417.939,0.14727697
18420.472,0.16682157
18423.005,0.17172566
18425.539,0.15310035
18428.072,0.17944238
18430.606,0.17336612
18433.14,0.1646755
18435.675,0.17167116
18438.209,0.16298056
18440.743,0.15847299
18443.278,0.1565798
18445.813,0.153118
18448.348,0.15593073
18450.883,0.15299183
18453.419,0.14325557
18455.954,0.15338859
18458.49,0.13790072
18461.026,0.13862201
18463.562,0.14091194
18466.098,0.13065286
18468.635,0.13764871
18471.171,0.13052691
18473.708,0.12967964
18476.245,0.1241265
18478.782,0.12641652
18481.32,0.13550393
18483.857,0.1283822
18486.395,0.1426984
18488.933,0.14080546
18491.471,0.14518705
18494.009,0.14120263
18496.547,0.13460385
18499.086,0.14003123
18501.625,0.12820372
18504.164,0.14147426
18506.703,0.13696703
18509.242,0.14448597
18511.781,0.14677616
18514.321,0.14697486
18516.861,0.15449383
18519.401,0.15155531
18521.941,0.17110045
18524.481,0.15665869
18527.021,0.16417771
18529.562,0.15757911
18532.103,0.15620928
18534.644,0.16947998
18537.185,0.16026704
18539.726,0.17144627
18542.268,0.17059937
18544.81,0.16190934
18547.351,0.16106247
18549.893,0.15707836
18552.436,0.14891125
18554.978,0.14545003
18557.521,0.14669472
18560.063,0.13591327
18562.606,0.14500112
18565.149,0.14153996
18567.693,0.15115071
18570.236,0.1602386
18572.78,0.14684284
18575.323,0.14913337
18577.867,0.14410366
18580.411,0.12966219
18582.956,0.13299851
18585.5,0.13110609
18588.045,0.13025943
18590.59,0.13673305
18593.135,0.13536355
18595.68,0.12771955
18598.225,0.13994484
18600.771,0.13909825
18603.316,0.13302292
18605.862,0.13113061
18608.408,0.11930367
18610.954,0.13152903
18613.501,0.13381977
18616.047,0.13820202
18618.594,0.14258428
18621.141,0.14696656
18623.688,0.15448611
18626.235,0.15102528
18628.783,0.15436185
18631.33,0.14776379
18633.878,0.14900888
18636.426,0.1392736
18638.974,0.12744682
18641.523,0.12869195
18644.071,0.13045998
18646.62,0.13379664
18649.168,0.12301567
18651.717,0.12007785
18654.267,0.11138841
18656.816,0.1089735
18659.366,0.11335598
18661.915,0.10937247
18664.465,0.11636936
18667.015,0.10767999
18669.565,0.10317363
18672.116,0.10389606
18674.666,0.098866856
18677.217,0.10011218
18679.768,0.1060634
18682.319,0.10155712
18684.87,0.099665228
18687.422,0.10404786
18689.973,0.10581613
18692.525,0.10810729
18695.077,0.11248996
18697.629,0.10380075
18700.182,0.10243182
18702.734,0.10158578
18705.287,0.10806001
18707.839,0.11662576
18710.393,0.10689087
18712.946,0.10761351
18715.499,0.1140878
18718.053,0.11324183
18720.606,0.11344164
18723.16,0.10370682
18725.714,0.11750142
18728.268,0.11299538
18730.823,0.11946975
18733.377,0.11810099
18735.932,0.10941199
18738.487,0.1158864
18741.042,0.1098118
18743.597,0.1063516
18746.153,0.10655154
18748.708,0.11930051
18751.264,0.11636323
18753.82,0.11342595
18756.376,0.10525994
18758.933,0.10284557
18761.489,0.1093201
18764.046,0.085990722
18766.603,0.092465281
18769.16,0.090050965
18771.717,0.07927065
18774.274,0.096202766
18776.832,0.08646823
18779.389,0.087191223
18781.947,0.093142989
18784.505,0.085499996
18787.064,0.083085776
18789.622,0.08171732
18792.181,0.074074369
18794.739,0.075843196
18797.298,0.074474781
18799.857,0.074675008
18802.417,0.087424268
18804.976,0.079258509
18807.536,0.084164659
18810.096,0.082273437
18812.655,0.075676346
18815.216,0.072739399
18817.776,0.069802467
18820.336,0.062682541
18822.897,0.058177008
18825.458,0.066743384
18828.019,0.063806506
18830.58,0.06348402
18833.142,0.06786743
18835.703,0.060224711
18838.265,0.068791155
18840.827,0.061148462
18843.389,0.068669182
18845.951,0.061549393
18848.513,0.07273027
18851.076,0.076068025
18853.639,0.077314289
18856.202,0.091632463
18858.765,0.083989866
18861.328,0.099353818
18863.892,0.082299483
18866.455,0.089820326
18869.019,0.10152419
18871.583,0.09754179
18874.147,0.10715418
18876.711,0.10317181
18879.276,0.1023267
18881.841,0.093638477
18884.405,0.094884905
18886.97,0.09456272
18889.536,0.085874534
18892.101,0.088166755
18894.667,0.074772715
18897.232,0.086999603
18899.798,0.083540231
18902.364,0.09158414
18904.93,0.097013683
18907.497,0.088848469
18910.063,0.090617909
18912.63,0.081929847
18915.197,0.082653563
18917.764,0.083900168
18920.332,0.081486656
18922.899,0.083256164
18925.467,0.079274052
18928.035,0.083657967
18930.602,0.08124451
18933.171,0.085105576
18935.739,0.082692146
18938.307,0.08393886
18940.876,0.077342451
18943.445,0.073360434
18946.014,0.077221568
18948.583,0.075331082
18951.153,0.075009237
18953.722,0.071027275
18956.292,0.07279696
18958.862,0.077703914
18961.432,0.082610882
18964.002,0.080720478
18966.573,0.083535969
18969.143,0.087397226
18971.714,0.091258497
18974.285,0.090936774
18976.856,0.082249052
18979.427,0.078790102
18981.999,0.0810828
18984.57,0.072395119
18987.142,0.07521072
18989.714,0.078026334
18992.286,0.072998825
18994.859,0.076337342
18997.431,0.076538618
19000.004,0.066282391
19002.577,0.069098074
19005.15,0.066162136
19007.723,0.061657584
19010.296,0.056107294
19012.87,0.062060286
19015.444,0.06069303
19018.018,0.075012063
19020.592,0.073121958
19023.166,0.066525985
19025.74,0.068818914
19028.315,0.067451726
19030.89,0.067130304
19033.465,0.074652032
19036.04,0.069624754
19038.615,0.076623634
19041.191,0.071596384
19043.766,0.066046271
19046.342,0.073568068
19048.918,0.070109486
19051.494,0.074494054
19054.071,0.075741382
19056.647,0.061825324
19059.224,0.064118431
19061.801,0.079483446
19064.378,0.072364815
19066.955,0.075703714
19069.532,0.087931516
19072.11,0.06774103
19074.688,0.075785852
19077.266,0.075987551
19079.844,0.067300374
19082.422,0.072207983
19085,0.068749591
19087.579,0.062153959
19090.158,0.06183285
19092.737,0.066740512
19095.316,0.066419431
19097.895,0.065052611
19100.475,0.059502798
19103.054,0.070685025
19105.634,0.074547004
19108.214,0.063245598
19110.794,0.0801795
19113.375,0.063126488
19115.955,0.06594277
19118.536,0.077125079
19121.117,0.072098251
19123.698,0.067071436
19126.279,0.06779627
19128.86,0.058586476
19131.442,0.052513951
19134.024,0.057421832
19136.606,0.053963713
19139.188,0.054688615
19141.77,0.042341634
19144.352,0.039929308
19146.935,0.04326863
19149.518,0.033536069
19152.101,0.042627052
19154.684,0.04021478
19157.267,0.040939777
19159.851,0.045847794
19162.434,0.052847328
19165.018,0.056709621
19167.602,0.054820293
19170.186,0.060251241
19172.771,0.05208743
19175.355,0.050721019
19177.94,0.05458338
19180.525,0.0553085
19183.11,0.058648012
19185.695,0.054667276
19188.281,0.052255182
19190.866,0.054548983
19193.452,0.053182668
19196.038,0.051816366
19198.624,0.059338967
19201.21,0.0469923
19203.797,0.053469176
19206.383,0.04059966
19208.97,0.037141923
19211.557,0.045710344
19214.144,0.044867013
19216.732,0.042977944
19219.319,0.03847451
19221.907,0.037108344
19224.495,0.040970951
19227.083,0.036990433
19229.671,0.043990321
19232.259,0.035303949
19234.848,0.037075106
19237.436,0.034663271
19240.025,0.040617462
19242.614,0.049708921
19245.204,0.050434382
19247.793,0.056388614
19250.383,0.058682729
19252.972,0.053656596
19255.562,0.064316751
19258.152,0.060336397
19260.743,0.062630567
19263.333,0.054467234
19265.924,0.057284306
19268.514,0.063761523
19271.105,0.047232218
19273.697,0.055278089
19276.288,0.045546197
19278.879,0.039997324
19281.471,0.044905982
19284.063,0.044063019
19286.655,0.044265822
19289.247,0.029305239
19291.84,0.036305454
19294.432,0.030756664
19297.025,0.028868018
19299.618,0.035345398
19302.211,0.035548282
19304.804,0.037319808
19307.397,0.031248209
19309.991,0.035111265
19312.585,0.036359956
19315.179,0.036040032
19317.773,0.033628619
19320.367,0.030171468
19322.962,0.032465965
19325.556,0.041034985
19328.151,0.039146502
19330.746,0.042486791
19333.341,0.041121212
19335.936,0.037664142
19338.532,0.039958721
19341.128,0.03754743
19343.724,0.038796284
19346.32,0.028541884
19348.916,0.037111026
19351.512,0.035745542
19354.109,0.026536934
19356.705,0.039289124
19359.302,0.025897537
19361.899,0.030283742
19364.497,0.026826822
19367.094,0.024938544
19369.692,0.02671041
19372.289,0.021684904
19374.887,0.029731307
19377.485,0.037254848
19380.084,0.02386337
19382.682,0.036092821
19385.281,0.041524899
19387.88,0.043296861
19390.479,0.040885829
19393.078,0.049455204
19395.677,0.038155311
19398.277,0.035221444
19400.876,0.034379095
19403.476,0.029876628
19406.076,0.038968946
19408.677,0.034466507
19411.277,0.032578461
19413.877,0.028076049
19416.478,0.0063187482
19419.079,0.023777148
19421.68,0.017706149
19424.281,0.015295295
19426.883,0.029093605
19429.484,0.027205653
19432.086,0.024271964
19434.688,0.04120757
19437.29,0.045594169
19439.893,0.046843527
19442.495,0.042864141
19445.098,0.05247954
19447.701,0.048500181
19450.304,0.043475083
19452.907,0.056750654
19455.51,0.054862839
19458.114,0.049837783
19460.717,0.052133001
19463.321,0.049722352
19465.925,0.039991454
19468.529,0.043332465
19471.134,0.039876105
19473.738,0.031191
19476.343,0.026166039
19478.948,0.021663968
19481.553,0.024482171
19484.158,0.0184115
19486.764,0.022798358
19489.369,0.037119871
19491.975,0.038892377
19494.581,0.037004767
19497.187,0.042437432
19499.794,0.040026973
19502.4,0.030296266
19505.007,0.040434854
19507.614,0.038024435
19510.221,0.036659783
19512.828,0.037909522
19515.435,0.043342282
19518.043,0.047206429
19520.65,0.046887582
19523.258,0.046045873
19525.866,0.047818557
19528.474,0.041225241
19531.083,0.037769194
19533.691,0.037973291
19536.3,0.036085899
19538.909,0.033675644
19541.518,0.033879782
19544.127,0.029378052
19546.737,0.018601825
19549.346,0.02298901
19551.956,0.025807582
19554.566,0.027580416
19557.176,0.032490518
19559.787,0.027465993
19562.397,0.016689848
19565.008,0.016894109
19567.619,0.021804266
19570.23,0.021485678
19572.841,0.025350111
19575.452,0.029214557
19578.064,0.026804506
19580.675,0.037989241
19583.287,0.023030199
19585.899,0.032123457
19588.512,0.032850717
19591.124,0.02102897
19593.737,0.033259524
19596.349,0.014117543
19598.962,0.017982112
19601.575,0.02864408
19604.189,0.013685146
19606.802,0.020687011
19609.416,0.014616994
19612.029,0.021096009
19614.643,0.016071771
19617.258,0.0084331671
19619.872,0.011252093
19622.486,0.01197953
19625.101,0.012184104
19627.716,0.01134294
19630.331,0.014684796
19632.946,0.0054776468
19635.561,0.014048289
19638.177,0.011638552
19640.793,0.012366084
19643.409,0.014662257
19646.025,0.0023179203
19648.641,0.0067056237
19651.257,-0.0061615612
19653.874,0.0039778035
19656.491,0.0073197962
19659.108,0.0059559201
19661.725,0.012958071
19664.342,0.015254353
19666.959,0.012844766
19669.577,0.013572448
19672.195,0.0090713849
19674.813,0.015027852
19677.431,0.01627845
19680.049,0.01282318
19682.668,0.025054198
19685.286,0.025259086
19687.905,0.024941111
19690.524,0.034034915
19693.144,0.016984942
19695.763,0.020850015
19698.382,0.024192225
19701.002,0.020214188
19703.622,0.012576034
19706.242,0.013826783
19708.862,0.014031793
19711.483,0.0053479279
19714.103,0.0050300897
19716.724,0.0083723959
19719.345,0.012760467
19721.966,0.0098282909
19724.587,0.013693514
19727.209,0.0023953515
19729.831,0.00521485
19732.452,0.013785996
19735.074,0.012945391
19737.697,0.0032159108
19740.319,-0.0038991767
19742.941,0.0020576448
19745.564,-0.0029659123
19748.187,0.0071739431
19750.81,0.0026732891
19753.433,0.0065386619
19756.057,0.0093582966
19758.68,-0.0082142119
19761.304,-0.0012115433
19763.928,-0.015123894
19766.552,-0.0034153157
19769.176,-0.0058243709
19771.8,-0.013462171
19774.425,-0.0048908066
19777.05,-0.0083455726
19779.675,0.0059774528
19782.3,0.0019998382
19784.925,0.0022052438
19787.551,0.0039792904
19790.176,-0.00052115909
19792.802,0.0022986665
19795.428,-0.0084762656
19798.054,-0.00095053043
19800.681,-0.0064966771
19803.307,-0.003676797
19805.934,0.0043718549
19808.561,-0.0069258849
19811.188,-0.00044583318
19813.815,-0.0018089051
19816.442,0.0025796705
19819.07,0.0033081291
19821.698,-0.0017150327
19824.325,0.0056261272
19826.954,-0.0042876136
19829.582,0.0040993007
19832.21,0.0035973274
19834.839,-0.00056477514
19837.468,-2.0993991e-005
19840.097,0.0067972984
19842.726,0.0047267032
19845.355,-0.0041412762
19847.984,-0.0020288621
19850.614,-0.0040994531
19853.244,-0.0056471669
19855.874,-0.016083768
19858.504,-0.019200107
19861.134,-0.018133437
19863.765,-0.016021015
19866.396,-0.0092027086
19869.026,-0.0055216559
19871.658,-0.011775242
19874.289,-0.0044340562
19876.92,-0.0044131301
19879.552,-0.014849719
19882.183,-0.0075085286
19884.815,-0.0012130885
19887.447,-0.00014640523
19890.08,0.012881186
19892.712,0.010222499
19895.345,0.018021326
19897.978,0.014316881
19900.61,0.017932696
19903.244,0.022594259
19905.877,-0.00097947542
19908.51,0.0073422124
19911.144,0.0046835052
19913.778,-0.0026810873
19916.412,0.012437977
19919.046,0.0066420065
19921.68,0.010257797
19924.315,0.0013245656
19926.95,0.0012802199
19929.584,-0.0076530177
19932.22,-0.010834624
19934.855,-0.0046044689
19937.49,-0.0046488263
19940.126,1.2695612e-005
19942.761,-0.007874805
19945.397,-0.0011217856
19948.033,-0.0016890306
19950.67,-0.00016477528
19953.306,0.014954248
19955.943,0.0023608508
19958.58,0.007545228
19961.217,0.00070345856
19963.854,0.0011819476
19966.491,0.010549323
19969.128,-0.0036127171
19971.766,-0.0036571127
19974.404,0.00048149535
19977.042,-0.0011315335
19979.68,-0.0011759379
19982.319,-0.0012203452
19984.957,-0.0012647554
19987.596,-0.0013091686
19990.235,-0.0013535847
19992.874,-0.0013980037
19995.513,-0.0014424257
