M/Z,Intensity
-7.8602611e-005,-0.56376471
2.1773576e-007,-0.43827451
9.6021472e-005,-0.17160784
0.00036601382,-0.58729412
0.00081019477,-0.35984314
0.0014285643,0.44015686
0.0022211225,-2.3990588
0.0031878693,-2.6265098
0.0043288047,-3.2304314
0.0056439287,-3.5363137
0.0071332413,-3.5441569
0.0087967426,-3.5441569
0.010634432,-3.5441569
0.012646311,-3.5406321
0.014832378,-3.528959
0.017192634,-1.0307063
0.019727078,4.5266752
0.022435711,9.6059305
0.025318532,6.3325497
0.028375542,4.0712389
0.031606741,7.9827822
0.035012128,2.4750229
0.038591704,-3.4481176
0.042345469,-2.9160509
0.046273422,3.9378896
0.050375564,1.5372333
0.054651894,1.3329607
0.059102413,-0.1259088
0.063727121,-0.5334927
0.068526017,-1.7799871
0.073499102,-1.2614705
0.078646375,6.096567
0.083967837,10.262753
0.089463488,3.5586556
0.095133327,-2.5725874
0.10097736,-3.3858782
0.10699557,-3.3753345
0.11318798,-3.3644855
0.11955457,-2.7494098
0.12609535,-0.72226428
0.13281032,0.097343327
0.13969948,-1.4435282
0.14676283,0.098258371
0.15400037,2.1109384
0.16141209,3.1513745
0.16899801,2.1921158
0.17675811,1.8919858
0.1846924,2.219612
0.19280088,1.8259747
0.20108355,-0.010494612
0.20954041,-2.5211686
0.21817145,-1.6825178
0.22697669,0.67016366
0.23595611,1.689817
0.24510972,1.3058539
0.25443752,1.0241567
0.26393951,2.1310001
0.27361569,0.234227
0.28346605,-1.6779272
0.29349061,-1.5662467
0.30368935,-1.9091631
0.31406228,-2.5968723
0.3246094,-2.7980019
0.33533071,-1.0929439
0.34622621,0.063399663
0.3572959,0.82004839
0.36853977,1.9064141
0.37995783,1.400928
0.39155009,1.6330021
0.40331653,1.3869499
0.41525716,1.8941441
0.42737197,2.1271337
0.43966098,1.8427814
0.45212418,1.9352048
0.46476156,1.314208
0.47757313,0.36410453
0.49055889,-0.01314473
0.50371884,-1.1273437
0.51705298,-1.1667277
0.53056131,-1.2607085
0.54424382,-0.70340376
0.55810053,0.01891207
0.57213142,-0.02709438
0.5863365,0.14681219
0.60071577,0.61906314
0.61526923,0.97397222
0.62999688,1.2507551
0.64489871,1.4101961
0.65997473,1.5025839
0.67522495,1.2027949
0.69064935,0.76180937
0.70624794,-0.047823554
0.72202072,-0.51237843
0.73796769,-0.74165917
0.75408884,-0.7591952
0.77038419,-1.1689081
0.78685372,-0.83354289
0.80349744,-0.56878593
0.82031535,-0.8609117
0.83730745,-0.5491359
0.85447374,-0.347184
0.87181421,-0.27074228
0.88932888,0.12724808
0.90701773,0.51737532
0.92488077,0.71924727
0.942918,0.77992277
0.96112942,1.052343
0.97951503,1.2933707
0.99807483,1.1971235
1.0168088,1.5165425
1.035717,1.8437848
1.0547993,1.7239482
1.0740559,1.6040916
1.0934866,1.539117
1.1130916,1.1760832
1.1328707,0.87577456
1.152824,0.70877923
1.1729515,0.65941097
1.1932532,0.54727762
1.213729,0.68610468
1.2343791,0.56608822
1.2552033,0.744091
1.2762018,0.89854437
1.2973744,0.82552678
1.3187212,0.87013626
1.3402422,0.90688261
1.3619374,1.0063541
1.3838068,0.90972713
1.4058504,1.142492
1.4280681,1.3987662
1.4504601,1.3334519
1.4730262,1.3936077
1.4957665,1.2968808
1.518681,0.92562414
1.5417697,0.88375925
1.5650326,0.48109005
1.5884697,0.32153813
1.612081,0.15412308
1.6358664,0.018060589
1.6598261,-0.016061101
1.6839599,-0.12863415
1.7082679,0.16661595
1.7327501,0.16380685
1.7574065,0.34921306
1.7822371,0.54244242
1.8072419,0.61016159
1.8324209,0.63080196
1.857774,0.59652037
1.8833013,0.55437567
1.9090029,0.45730902
1.9348786,0.42296747
1.9609285,0.31801771
1.9871526,0.26010678
2.0135509,0.11590136
2.0401234,0.41873478
2.06687,0.3215482
2.0937909,0.37336125
2.1208859,0.51142883
2.1481551,0.3514372
2.1755985,0.40319029
2.2032161,0.43923712
2.2310079,0.37330317
2.2589739,0.47205513
2.2871141,0.40608121
2.3154285,0.53616574
2.343917,0.61132833
2.3725797,0.58451014
2.4014167,0.58120138
2.4304278,0.54650008
2.4596131,0.56668075
2.4889726,0.64958654
2.5185062,0.41874685
2.5482141,0.61141659
2.5780962,0.38053693
2.6081524,0.24375492
2.6383828,0.40499215
2.6687875,0.22895449
2.6993663,0.099955668
2.7301193,0.017995682
2.7610465,0.006603944
2.7921478,0.057937318
2.8234234,-0.031925766
2.8548732,0.23113234
2.8864971,-0.062692284
2.9182952,0.14542389
2.9502676,0.1260691
2.9824141,0.13806686
3.0147348,0.24416229
3.0472296,0.29533577
3.0798987,0.35433241
3.112742,0.41330905
3.1457594,0.62912846
3.1789511,0.29590827
3.2123169,0.41757005
3.2458569,0.46078048
3.2795711,0.69220621
3.3134595,0.60988647
3.3475221,0.82558595
3.3817589,0.63342232
3.4161698,0.56672889
3.450755,0.82942724
3.4855143,0.60583109
3.5204478,0.94692084
3.5555556,0.73112786
3.5908375,0.59374626
3.6262936,0.88771723
3.6619238,0.5699035
3.6977283,0.84030509
3.733707,0.64794158
3.7698598,0.54967574
3.8061868,0.80433109
3.8426881,0.49426057
3.8793635,0.78024849
3.9162131,0.65837329
3.9532369,0.48941928
3.9904348,0.73613156
4.027807,0.28478464
4.0653534,0.57851576
4.1030739,0.40948181
4.1409686,0.17768277
4.1790376,0.53409904
4.2172807,0.1924561
4.255698,0.33706769
4.2942895,0.3561691
4.3330551,0.16348581
4.371995,0.28450803
4.411109,0.12315732
4.4503973,0.11864936
4.4898597,0.16118025
4.5294963,0.062514677
4.5693071,0.018731079
4.6092921,0.10826083
4.6494513,-0.061052938
4.6897847,-0.049994534
4.7302923,-0.03111298
4.770974,-0.12205533
4.8118299,-0.071841203
4.8528601,0.041098039
4.8940644,-0.13297745
4.9354429,-0.063922131
4.9769956,0.012969869
5.0187225,-0.12975243
5.0606235,0.0020286282
5.1026988,-0.10149089
5.1449482,-0.048154111
5.1873719,0.075764447
5.2299697,-0.0042450161
5.2727417,0.08044495
5.3156879,0.016108855
5.3588083,-0.048233693
5.4021029,0.14624084
5.4455717,-0.020075402
5.4892146,0.080268573
5.5330318,0.086488449
5.5770231,0.13976069
5.6211886,0.17734021
5.6655283,0.14432504
5.7100422,0.22110734
5.7547303,0.10180476
5.7995926,0.22563297
5.8446291,0.12200375
5.8898397,0.2536622
5.9352245,0.25198086
5.9807836,0.12480287
6.0265168,0.34271647
6.0724242,0.03513342
6.1185058,0.27656352
6.1647616,0.20426168
6.2111916,0.14763967
6.2577957,0.33414845
6.3045741,0.073591956
6.3515266,0.37773489
6.3986533,0.093636081
6.4459543,0.24090337
6.4934294,0.41169361
6.5410787,-0.0057578928
6.5889021,0.26698023
6.6368998,0.10833935
6.6850717,0.12224104
6.7334177,0.29299901
6.781938,0.087279952
6.8306324,0.2737113
6.879501,0.21699894
6.9285438,0.1759664
6.9777608,0.28394701
7.027152,0.20368588
7.0767174,0.17832026
7.1264569,0.17647759
7.1763707,0.24521671
7.2264586,0.24336114
7.2767207,0.2179697
7.327157,0.27100319
7.3777675,0.12795179
7.4285522,0.23587432
7.4795111,0.30457472
7.5306442,0.14581769
7.5819514,0.17528949
7.6334329,0.19691171
7.6850885,0.077351003
7.7369183,0.138176
7.7889223,0.1048769
7.8411005,0.095100751
7.8934529,0.2421809
7.9459795,0.083372239
7.9986802,0.065733597
8.0515552,0.10299046
8.1046043,-0.10289638
8.1578277,0.099053465
8.2112252,0.034330188
8.2647969,-0.061772091
8.3185428,0.10094271
8.3724629,-0.05007444
8.4265572,0.010666667
8.4808256,-0.028893004
8.5352683,-0.021394956
8.5898851,-0.013898011
8.6446761,-0.061304132
8.6996413,0.048151389
8.7547808,0.00074306002
8.8100943,-0.062352647
8.8655821,-0.039174949
8.9212441,-0.08658659
8.9770803,-0.11046992
9.0330906,-0.11082495
9.0892751,-0.11118108
9.1456339,-0.025263803
9.2021668,-0.1432692
9.2588739,0.083822338
9.3157552,-0.1047735
9.3728107,-0.12082143
9.4300403,0.035678564
9.4874442,-0.17645
9.5450222,0.097694841
9.6027745,-0.036004559
9.6607009,-0.052058005
9.7188015,0.19855411
9.7770763,-0.10769762
9.8355253,0.017422093
9.8941485,0.0092073686
9.9529458,-0.038224146
10.011917,0.12610794
10.071063,-0.031129704
10.130383,0.17241586
10.189877,0.070077969
10.249545,0.10107231
10.309388,0.06932044
10.369405,0.092469432
10.429596,0.12346046
10.489961,0.091705279
10.5505,0.075635272
10.611213,0.24779946
10.672101,0.019962534
10.733163,0.21565392
10.794399,0.30154028
10.855809,-0.091005834
10.917393,0.2850744
10.979152,0.22193784
11.041085,0.12742763
11.103192,0.072131995
11.165473,0.35409016
11.227928,0.21251781
11.290558,0.19643456
11.353361,0.1803502
11.416339,0.13289218
11.479491,0.093276204
11.542818,0.11640422
11.606318,0.27286446
11.669993,-0.12753915
11.733841,0.27205614
11.797864,0.059885623
11.862062,0.090851253
11.926433,0.09044323
11.990979,0.019445868
12.055698,0.33276113
12.120592,-0.059807071
12.185661,0.14370206
12.250903,0.20603361
12.316319,-0.16300849
12.38191,0.23657576
12.447675,-0.061880308
12.513614,-0.038768856
12.579727,0.062772864
12.646015,-0.10235319
12.712477,0.14820593
12.779112,0.014450224
12.845923,-0.048718354
12.912907,0.052817845
12.980065,-0.15152941
13.047398,0.12228663
13.114905,-0.01174225
13.182586,0.011089815
13.250441,0.080978909
13.31847,-0.17070242
13.386674,-0.014542406
13.455051,-0.077992029
13.523603,-0.20418855
13.592329,0.11667197
13.66123,-0.15854775
13.730304,-0.088671217
13.799553,0.075321166
13.868976,-0.058727461
13.938573,-0.05944455
14.008344,-0.0052614728
14.07829,-0.092256661
14.148409,-0.038077173
14.218703,-0.078017127
14.289171,-0.039527504
14.359813,0.0068034626
14.43063,-0.033141876
14.50162,0.021028638
14.572785,-0.058135976
14.644124,-0.051027875
14.715637,-0.06745098
14.787324,-0.010290497
14.859186,0.031170143
14.931221,0.033401526
15.003431,0.1532664
15.075815,-0.032764652
15.148374,-0.069789664
15.221106,0.042191362
15.294013,0.0051392109
15.367094,-0.047612785
15.440349,0.032954983
15.513778,0.066450358
15.587381,-0.03340117
15.661159,6.7064888e-005
15.735111,0.080580554
15.809237,-0.13695874
15.883537,0.076860941
15.958011,0.15733372
16.03266,-0.10730511
16.107482,0.12216014
16.182479,-0.048388181
16.25765,-0.11698929
16.332996,0.034003879
16.408515,-0.034624367
16.484209,0.037910288
16.560077,0.047686275
16.636119,-0.13360501
16.712335,-0.024738218
16.788725,-0.057085884
16.86529,-0.12084409
16.942029,-0.043463818
17.018942,-0.17788624
17.096029,0.040594514
17.17329,-0.40762939
17.250726,0.09312833
17.328335,-0.1120343
17.406119,-0.25448982
17.484077,0.23831078
17.56221,0.056563586
17.640516,-0.4624765
17.718997,0.67334738
17.797652,-0.057533397
17.876481,-0.03551099
17.955484,0.15902244
18.034662,0.36920416
18.114013,0.053857691
18.193539,0.40513989
18.273239,0.47403117
18.353113,0.70759033
18.433162,0.66660169
18.513384,0.92361428
18.593781,0.98451045
18.674352,0.95125097
18.755097,1.0277574
18.836016,0.75912785
18.91711,0.44340146
18.998377,0.22959786
19.079819,0.28242294
19.161435,-0.13537821
19.243226,-0.15321735
19.32519,-0.30442782
19.407329,-0.33802922
19.489642,-0.22264901
19.572129,-0.50730679
19.65479,-0.21945354
19.737625,-0.5041873
19.820635,-0.29484141
19.903819,-0.49337664
19.987177,-0.71547928
20.070709,-0.27095325
20.154415,-0.52450442
20.238296,-0.064368095
20.32235,0.85847534
20.406579,-0.17950354
20.490982,0.060910969
20.57556,11.650307
20.660311,36.50241
20.745237,13.981927
20.830337,-0.49153642
20.915611,1.3722175
21.001059,2.4594629
21.086681,1.6015723
21.172478,0.3593299
21.258449,1.3052848
21.344594,1.466888
21.430913,1.3068846
21.517406,1.2958628
21.604074,1.1200972
21.690915,1.312921
21.777931,1.5449225
21.865121,1.5964938
21.952486,1.0284193
22.040024,0.65638525
22.127737,0.79411713
22.215624,0.63377179
22.303685,0.34789827
22.39192,0.19532009
22.480329,-0.035727452
22.568913,0.054755638
22.657671,-0.058720832
22.746603,-0.24282353
22.835709,-0.56362063
22.924989,-0.64930608
23.014444,-0.69595833
23.104073,-0.81338129
23.193876,-0.95451613
23.283853,-1.0174021
23.374004,-1.0883137
23.46433,-1.2848979
23.554829,-1.4738215
23.645503,-1.404104
23.736351,-1.7502553
23.827373,-1.9632557
23.91857,-1.7685955
24.009941,-2.0447059
24.101485,-2.328842
24.193204,-2.3151214
24.285098,-2.5447205
24.377165,-2.5627373
24.469407,-2.4083876
24.561822,-2.7404949
24.654412,-2.7904317
24.747176,-3.0601589
24.840115,-3.2281077
24.933227,-3.0040822
25.026514,-3.2508274
25.119975,-3.3644217
25.21361,-2.9056495
25.307419,-3.0431382
25.401403,-2.4513975
25.49556,1.9597684
25.589892,16.339379
25.684398,30.452141
25.779078,6.305897
25.873933,19.539862
25.968961,90.98541
26.064164,91.936658
26.159541,91.836742
26.255092,90.003311
26.350818,84.938325
26.446717,76.712372
26.542791,79.270551
26.639039,88.479527
26.735461,90.23734
26.832057,90.31654
26.928828,90.481831
27.025772,90.348901
27.122891,90.176573
27.220184,89.862886
27.317652,89.650977
27.415293,89.352611
27.513109,88.065827
27.611098,86.70043
27.709262,83.530928
27.807601,79.623989
27.906113,75.07373
28.0048,70.49976
28.10366,66.560901
28.202695,64.19833
28.301904,61.404204
28.401288,59.456955
28.500845,57.697758
28.600577,54.926614
28.700483,52.767052
28.800563,51.579857
28.900817,48.886597
29.001246,46.616684
29.101848,44.42502
29.202625,42.813566
29.303576,41.225458
29.404701,38.570502
29.506001,35.672225
29.607474,33.597296
29.709122,33.749635
29.810944,33.84689
29.91294,31.292981
30.01511,28.707518
30.117455,27.706186
30.219974,24.994868
30.322666,24.048073
30.425534,23.71286
30.528575,23.173543
30.63179,22.759534
30.73518,22.808087
30.838744,22.636851
30.942482,23.139941
31.046394,22.513437
31.15048,22.388712
31.254741,22.334392
31.359176,21.448518
31.463785,21.738931
31.568568,23.589946
31.673525,24.240779
31.778657,25.675743
31.883963,26.977191
31.989442,27.839241
32.095097,27.783462
32.200925,27.382402
32.306927,30.322336
32.413104,33.16797
32.519455,32.499696
32.62598,29.995945
32.732679,29.915541
32.839553,28.909465
32.9466,26.860069
33.053822,24.685
33.161218,22.407788
33.268788,20.640197
33.376532,19.946934
33.484451,20.163292
33.592544,21.767703
33.700811,23.983696
33.809252,23.274017
33.917867,24.47788
34.026657,27.752149
34.13562,29.551726
34.244758,28.057003
34.35407,27.197392
34.463556,24.988578
34.573217,22.363896
34.683052,20.703737
34.79306,18.588494
34.903243,15.720127
35.013601,14.451577
35.124132,11.5201
35.234838,10.219813
35.345717,9.8134613
35.456771,8.7402604
35.567999,8.1060926
35.679402,7.7462522
35.790978,8.0842685
35.902729,7.3319062
36.014654,6.8146556
36.126753,6.3050657
36.239026,4.5168619
36.351474,5.1206325
36.464095,4.2340245
36.576891,4.1472341
36.689861,4.224967
36.803005,3.0789881
36.916324,2.7092973
37.029816,3.0453064
37.143483,1.8909369
37.257324,1.4030516
37.371339,1.6208661
37.485529,1.3208512
37.599892,1.0520263
37.71443,0.59478363
37.829142,0.46677026
37.944028,-0.037896181
38.059088,-0.10352941
38.174323,-0.4202997
38.289731,-0.49383062
38.405314,-0.34765161
38.521071,-0.27195874
38.637002,-0.50988925
38.753108,-0.8183059
38.869387,-0.49916948
38.985841,-0.57993095
39.102469,-0.56647268
39.219271,-0.69408878
39.336248,-0.67258317
39.453398,-0.74509312
39.570723,-0.56652057
39.688222,-0.59176749
39.805895,-0.256128
39.923742,-0.48509229
40.041764,-0.37669958
40.15996,-0.33879301
40.278329,-0.26941179
40.396873,-0.027379448
40.515592,-0.15387246
40.634484,-0.13124377
40.753551,0.10325173
40.872792,-0.1092095
40.992207,-0.070588235
41.111796,-1.1847564
41.231559,-1.9706788
41.351497,-2.4597278
41.471608,-3.6715113
41.591894,-4.1785784
41.712355,-5.40838
41.832989,-6.2001318
41.953797,-6.3342259
42.07478,-7.5361527
42.195937,-8.2059119
42.317268,-9.1748763
42.438773,-8.5999085
42.560453,-4.3790478
42.682306,13.613196
42.804334,29.251333
42.926536,-1.7391474
43.048912,12.241756
43.171463,65.51561
43.294187,65.682417
43.417086,64.859822
43.540159,62.828219
43.663406,62.09741
43.786828,58.706612
43.910423,29.322491
44.034193,22.839165
44.158137,27.970359
44.282255,27.523917
44.406547,26.707681
44.531014,30.651064
44.655654,34.922693
44.780469,39.169626
44.905458,41.140884
45.030621,39.165878
45.155959,34.89951
45.28147,37.471192
45.407156,48.653472
45.533016,35.779685
45.65905,13.281202
45.785259,8.8756711
45.911641,9.2846606
46.038198,6.3748372
46.164929,3.9501223
46.291834,3.6889474
46.418913,4.1560184
46.546167,1.445453
46.673595,0.035682398
46.801196,-0.52819525
46.928972,0.76558475
47.056923,-0.39670311
47.185047,0.24376471
47.313346,0.49333467
47.441819,0.33543227
47.570466,1.8328026
47.699287,1.7070143
47.828282,-3.438011
47.957452,-4.4101165
48.086795,-3.0053807
48.216313,-1.4120388
48.346006,-2.5242085
48.475872,-1.5183603
48.605912,14.429035
48.736127,34.29837
48.866516,20.419056
48.997079,8.9008971
49.127816,21.33605
49.258728,32.006868
49.389813,36.756488
49.521073,40.267263
49.652507,43.339194
49.784115,44.497769
49.915898,44.754755
50.047854,44.549366
50.179985,44.689446
50.31229,44.108329
50.444769,43.57464
50.577423,39.692304
50.71025,36.390729
50.843252,39.764036
50.976428,37.082811
51.109778,33.178428
51.243302,33.541082
51.377001,33.700186
51.510873,32.032209
51.64492,27.752838
51.779141,25.309133
51.913536,22.834425
52.048106,21.662049
52.182849,15.878279
52.317767,13.436056
52.452859,10.460871
52.588125,9.5566449
52.723566,8.6527894
52.85918,6.9179322
52.994969,4.5873674
53.130932,2.9552125
53.267069,1.3469579
53.40338,-0.70798483
53.539866,-2.0723607
53.676525,-2.2206794
53.813359,-3.0431373
53.950367,-4.5526769
54.08755,-4.9170135
54.224906,-5.7047745
54.362437,-6.2179206
54.500141,-6.8250793
54.63802,-6.6556624
54.776074,-6.1410425
54.914301,-6.8420037
55.052703,-7.3232521
55.191278,-7.5063562
55.330028,-9.3677867
55.468952,-9.8330337
55.608051,-9.3805286
55.747323,-8.9122322
55.88677,-9.5810857
56.026391,-9.959638
56.166186,-10.102791
56.306155,-9.939957
56.446298,-9.2044687
56.586616,-8.4767185
56.727108,-7.2076869
56.867774,-5.585609
57.008614,-4.2379359
57.149629,-2.2627067
57.290817,-0.85207843
57.43218,0.73729933
57.573717,2.3579399
57.715428,5.9235688
57.857313,8.7832056
57.999373,9.7525366
58.141607,10.196268
58.284014,8.4516536
58.426597,7.1147731
58.569353,6.3973906
58.712283,6.0798984
58.855388,8.0917083
58.998667,8.2288986
59.14212,8.9934301
59.285747,9.2872637
59.429548,9.9888307
59.573524,10.368719
59.717674,10.905361
59.861998,11.998756
60.006496,12.19008
60.151168,10.553843
60.296015,10.329262
60.441036,10.190845
60.58623,8.5778084
60.7316,4.5097604
60.877143,2.2455241
61.02286,2.4596096
61.168752,1.5049578
61.314818,1.0913728
61.461058,0.40316822
61.607472,2.7736774
61.754061,2.8303515
61.900823,3.6006412
62.04776,7.8531742
62.194871,7.7055975
62.342156,7.4088914
62.489616,11.410115
62.637249,27.74064
62.785057,20.847526
62.933039,3.8680285
63.081195,1.3903816
63.229525,6.4655661
63.37803,4.2543664
63.526708,4.105802
63.675561,15.698304
63.824588,11.259325
63.97379,2.3261172
64.123165,4.8359375
64.272715,11.635844
64.422439,13.823876
64.572337,19.047093
64.722409,40.168239
64.872655,40.348099
65.023076,19.743535
65.17367,16.691803
65.324439,23.185059
65.475383,17.670362
65.6265,20.014379
65.777791,47.597502
65.929257,49.651104
66.080897,26.04185
66.232711,8.8638598
66.384699,14.901446
66.536862,10.138922
66.689198,4.9606024
66.841709,7.154722
66.994394,8.1330455
67.147254,5.1426319
67.300287,2.2854419
67.453495,2.7771617
67.606876,0.92367382
67.760432,-1.2593356
67.914162,3.7183296
68.068067,3.6135321
68.222145,-2.6168654
68.376398,-3.9297255
68.530825,-3.340685
68.685426,-4.422285
68.840201,-4.7745254
68.995151,-3.9817198
69.150274,-3.8870057
69.305572,-5.0472458
69.461044,-5.1330281
69.616691,-5.924745
69.772511,-4.5125926
69.928506,-1.1318648
70.084674,5.0880265
70.241017,-0.048997169
70.397535,-2.6605828
70.554226,0.64150491
70.711092,3.1592267
70.868131,5.8808179
71.025345,5.6376511
71.182733,6.0375693
71.340296,3.8805726
71.498032,2.5784257
71.655943,2.2330893
71.814028,3.3308381
71.972287,6.3971621
72.13072,10.200689
72.289327,18.725732
72.448109,29.980135
72.607065,39.689387
72.766195,42.198588
72.925499,43.005775
73.084977,40.283499
73.24463,35.663131
73.404457,31.607417
73.564458,25.379102
73.724633,20.993871
73.884982,20.043883
74.045506,18.897764
74.206203,16.41826
74.367075,14.401448
74.528121,12.259094
74.689342,11.77159
74.850736,8.9859947
75.012305,6.8670137
75.174048,4.7871962
75.335965,9.2171305
75.498056,14.282307
75.660321,3.1199798
75.822761,-1.4698503
75.985375,-2.9146345
76.148163,-4.4928042
76.311125,0.92505235
76.474261,17.691876
76.637572,11.697864
76.801056,-3.2609067
76.964715,-4.7452197
77.128548,-2.7707613
77.292556,-4.3728256
77.456737,7.4211363
77.621093,21.254262
77.785623,2.3657664
77.950327,-7.6992517
78.115205,-4.4153024
78.280257,-5.4843464
78.445484,-1.9652074
78.610885,17.295056
78.77646,9.9748751
78.942209,-6.5375149
79.108132,-9.6617218
79.27423,-5.9781377
79.440502,-2.537743
79.606947,21.514364
79.773568,24.366419
79.940362,-1.8090289
80.10733,-8.5492351
80.274473,-3.2032189
80.44179,-6.374902
80.609281,1.1185836
80.776946,31.929777
80.944786,22.992011
81.112799,-6.5809888
81.280987,-11.314712
81.449349,-5.9228848
81.617885,-8.4133499
81.786596,-7.6488525
81.95548,-6.680373
82.124539,-8.0726173
82.293772,-10.029507
82.463179,-9.4608459
82.63276,-8.7666342
82.802516,-7.9390285
82.972446,-6.9701859
83.142549,-7.154224
83.312828,-6.7970251
83.48328,-4.7848636
83.653906,-3.0785241
83.824707,-3.1995749
83.995682,-3.2499771
84.166831,-3.1591422
84.338154,-3.3741292
84.509651,-3.4870948
84.681323,-0.99607843
84.853169,1.189368
85.025189,2.6843373
85.197383,3.1515745
85.369751,3.1636287
85.542294,5.0812842
85.71501,5.0143448
85.887901,3.7079087
86.060966,3.6953091
86.234206,2.1765462
86.407619,2.3829923
86.581207,2.5891574
86.754969,1.7754335
86.928905,4.012409
87.103015,19.033417
87.277299,14.885517
87.451758,2.2981194
87.626391,-1.4581863
87.801198,0.99699159
87.976179,3.7891433
88.151334,20.447681
88.326664,20.674564
88.502168,3.1521473
88.677845,-1.5078057
88.853698,5.0554896
89.029724,6.8420333
89.205924,8.9498645
89.382299,9.5358461
89.558848,6.662723
89.735571,1.1775541
89.912468,-1.4922096
90.08954,-1.0328426
90.266785,6.3517335
90.444205,6.0968129
90.621799,-6.4250555
90.799567,-12.382499
90.97751,-11.901008
91.155626,-10.094308
91.333917,10.55917
91.512382,15.761386
91.691021,-9.2876587
91.869834,-21.47424
92.048822,-15.692474
92.227984,-15.895304
92.407319,-6.7729242
92.586829,-3.2586688
92.766514,-8.0741062
92.946372,-13.415315
93.126405,-18.835236
93.306612,2.4112284
93.486993,31.728
93.667548,32.563191
93.848277,31.743529
94.029181,9.9278378
94.210259,6.2690584
94.391511,5.2142496
94.572937,25.696745
94.754537,13.33223
94.936312,-11.706745
95.11826,-15.506455
95.300383,-10.427685
95.48268,-7.7645526
95.665152,-0.48960602
95.847797,-5.5753947
96.030617,-9.7748597
96.213611,-12.946825
96.396779,-7.7108975
96.580121,25.760373
96.763637,33.435614
96.947328,18.961885
97.131193,-5.637286
97.315232,-0.9815055
97.499445,3.7449123
97.683832,5.4988302
97.868394,8.9939736
98.053129,13.242107
98.238039,18.274604
98.423123,20.930679
98.608382,19.869156
98.793814,19.874349
98.979421,18.248218
99.165202,19.100568
99.351157,18.815712
99.537286,18.311297
99.723589,19.689284
99.910067,21.726144
100.09672,24.876778
100.28354,28.239226
100.47055,29.021331
100.65772,29.223093
100.84507,29.871963
101.03259,31.085588
101.22029,27.005145
101.40816,25.512985
101.5962,24.922836
101.78442,25.242539
101.97282,32.213272
102.16139,32.235035
102.35013,27.44116
102.53904,25.133609
102.72813,25.390813
102.9174,29.577478
103.10684,33.544584
103.29645,30.641151
103.48624,21.133845
103.6762,22.065804
103.86633,19.89193
104.05664,17.945556
104.24713,18.367858
104.43779,13.747073
104.62862,9.8165321
104.81963,8.1370211
105.01081,9.367363
105.20216,14.903636
105.39369,9.6478019
105.58539,1.9841734
105.77727,-0.64411185
105.96932,-0.67626961
106.16155,1.6131903
106.35395,1.5340719
106.54652,-3.4626445
106.73927,-6.4671549
106.93219,-6.6324006
107.12529,-2.8368129
107.31856,9.0843141
107.51201,0.095686275
107.70563,-9.5326498
107.89942,-11.61604
108.09339,-8.601544
108.28753,11.314761
108.48185,21.638756
108.67634,-2.1079899
108.871,-12.513712
109.06584,-8.3156641
109.26085,-5.3177692
109.45604,1.491738
109.6514,-3.5969466
109.84694,-8.4897052
110.04264,-10.198303
110.23853,-2.9737192
110.43459,26.650712
110.63082,30.714206
110.82722,8.0559788
111.02381,-3.9749497
111.22056,2.4174986
111.41749,3.2019514
111.61459,6.9117418
111.81187,4.8331444
112.00932,-0.15540936
112.20695,-2.2813706
112.40475,14.235653
112.60272,30.728995
112.80087,31.481007
112.99919,28.483848
113.19769,14.019869
113.39636,13.681228
113.5952,14.369886
113.79422,14.321136
113.99342,7.142822
114.19278,2.2545515
114.39233,2.2445599
114.59204,5.2461804
114.79193,13.722158
114.992,19.66465
115.19223,6.6109114
115.39265,6.0197651
115.59323,27.851996
115.794,29.205642
115.99493,29.037568
116.19604,28.547772
116.39732,26.944099
116.59878,26.979489
116.80041,27.218647
117.00222,27.87334
117.2042,25.57886
117.40635,18.672463
117.60868,16.816895
117.81119,22.412154
118.01386,25.960201
118.21672,18.464959
118.41974,10.600937
118.62294,14.187743
118.82631,16.6842
119.02986,20.098152
119.23358,15.723716
119.43748,10.32952
119.64155,10.378308
119.8458,12.638709
120.05022,18.08327
120.25481,12.821797
120.45958,6.2111524
120.66452,5.3807469
120.86963,7.0364635
121.07492,10.480263
121.28039,5.4219489
121.48603,0.48112951
121.69184,-0.86768551
121.89783,0.49707246
122.10399,6.1832466
122.31032,3.4849544
122.51683,-2.9860392
122.72351,-6.5618982
122.93037,-4.6241833
123.1374,2.4820076
123.34461,3.8703999
123.55199,-6.8825358
123.75954,-10.882682
123.96727,-8.9378813
124.17518,-2.7030362
124.38325,-1.6918721
124.5915,-11.05733
124.79993,-13.803332
125.00853,-11.443602
125.2173,-6.4957895
125.42625,-5.1324417
125.63537,-11.431991
125.84467,-13.331691
126.05414,-9.7727194
126.26378,-2.0884091
126.4736,5.2977105
126.6836,4.2679923
126.89376,4.6655735
127.10411,6.6786896
127.31462,8.1034188
127.52531,10.320153
127.73618,8.6073246
127.94721,7.5217953
128.15843,10.169448
128.36981,15.946361
128.58137,17.103514
128.79311,16.738947
129.00502,16.272268
129.2171,16.040732
129.42936,16.012966
129.64179,16.353675
129.8544,16.498155
130.06718,15.748365
130.28013,15.280777
130.49326,16.389508
130.70656,16.20397
130.92004,16.01828
131.13369,15.832439
131.34751,15.646446
131.56151,15.460302
131.77569,15.274006
131.99004,15.087559
132.20456,14.90096
132.41925,14.71421
132.63412,14.527308
132.84917,14.340255
133.06439,14.15305
133.27978,13.965694
133.49535,13.778186
133.71109,13.590526
133.927,13.402716
134.14309,12.234361
134.35936,9.2697764
134.5758,7.2462168
134.79241,8.9715253
135.00919,10.11629
135.22615,6.5942368
135.44329,3.7073261
135.6606,3.0712442
135.87808,5.1330501
136.09574,6.3398024
136.31357,3.0365994
136.53158,-0.9569513
136.74976,0.24934652
136.96811,4.9927477
137.18664,7.2889386
137.40534,6.7536054
137.62422,3.0651795
137.84327,-0.38810379
138.06249,2.7702261
138.28189,1.7087967
138.50147,-5.5723922
138.72121,-10.649663
138.94114,-5.5700368
139.16123,-1.8864535
139.3815,-4.4616587
139.60195,-10.456437
139.82257,-9.1884342
140.04336,1.4443092
140.26433,8.4770876
140.48547,7.7608816
140.70678,0.13490672
140.92827,-0.18122909
141.14993,8.4752192
141.37177,8.8415066
141.59378,3.2941036
141.81597,-2.4258134
142.03833,0.75626561
142.26087,4.9344581
142.48358,5.3401367
142.70646,2.4674191
142.92952,3.9319915
143.15275,9.341697
143.37615,10.40634
143.59973,10.451409
143.82349,10.222005
144.04741,9.1298898
144.27152,9.4417317
144.49579,9.5026283
144.72024,7.2576776
144.94487,4.3617817
145.16967,7.8267052
145.39464,9.8093109
145.61979,10.552736
145.84511,8.2765883
146.07061,5.4357699
146.29628,9.4891043
146.52212,10.248356
146.74814,10.082153
146.97433,4.2375534
147.2007,1.9537733
147.42724,9.2700283
147.65395,10.398083
147.88084,5.1026437
148.10791,-3.1731528
148.33515,0.080497574
148.56256,6.8635948
148.79014,5.5682958
149.0179,-2.3779484
149.24584,-4.6849419
149.47395,0.93751149
149.70223,5.0854902
149.93069,-1.074808
150.15932,-6.5528397
150.38812,-6.2740949
150.6171,-1.6111227
150.84626,-0.8462761
151.07559,-6.2932805
151.30509,-8.4148811
151.53476,-5.4934308
151.76461,-2.2269687
151.99464,-2.670397
152.22484,-4.8786174
152.45521,-5.361434
152.68576,-1.4364938
152.91648,2.7628699
153.14738,-0.1280489
153.37845,-2.0700344
153.60969,-0.19249837
153.84111,3.3869121
154.0727,3.5936872
154.30447,2.8435132
154.53641,5.2383509
154.76852,7.8605533
155.00081,8.4434536
155.23328,8.422346
155.46591,7.6403678
155.69872,7.4308523
155.93171,8.1310543
156.16487,8.4782288
156.39821,8.1037483
156.63171,7.1566325
156.8654,8.130999
157.09925,8.0150831
157.33328,7.8990808
157.56749,7.7829921
157.80187,7.6668172
158.03642,7.5505559
158.27115,7.4342082
158.50605,7.3177742
158.74113,7.2012539
158.97638,7.0846472
159.2118,6.9679542
159.4474,6.8511749
159.68318,6.7343092
159.91912,6.6173572
160.15524,6.5003188
160.39154,6.3831941
160.62801,6.265983
160.86465,6.1486857
161.10147,6.0313019
161.33846,5.9138319
161.57563,5.7962755
161.81297,5.2629464
162.05049,4.7452173
162.28818,4.917598
162.52604,5.1683237
162.76408,4.5562179
163.00229,4.1950062
163.24067,4.0768454
163.47923,4.6487944
163.71797,4.7186962
163.95688,3.6355705
164.19596,2.7954957
164.43522,3.4690601
164.67465,3.2013617
164.91425,0.84730237
165.15403,-1.0676276
165.39398,-0.10421248
165.63411,0.89833196
165.87441,-0.55411191
166.11489,-2.5870343
166.35554,-0.50239591
166.59637,2.3350973
166.83736,2.2470139
167.07854,-1.5039008
167.31988,-2.4627451
167.5614,2.2902819
167.8031,3.1374944
168.04497,1.5220298
168.28701,-3.7482688
168.52923,-0.92438188
168.77162,1.7191809
169.01419,0.92751743
169.25693,-1.1581957
169.49985,1.211061
169.74293,3.1803857
169.9862,3.2046804
170.22963,1.0957096
170.47325,1.747591
170.71703,4.0701287
170.96099,4.3692048
171.20513,2.7624666
171.44943,-0.60890959
171.69392,2.2786057
171.93857,3.4642281
172.1834,1.0891342
172.42841,-1.6702055
172.67359,3.9469933
172.91894,5.1093581
173.16447,5.2286536
173.41017,4.0146837
173.65605,3.8988209
173.9021,5.0143987
174.14832,5.4790639
174.39472,5.1281109
174.64129,5.3497748
174.88804,5.9009184
175.13496,5.997228
175.38206,6.0936056
175.62932,6.190051
175.87677,6.2865644
176.12439,6.3831458
176.37218,6.4797951
176.62014,6.5765124
176.86828,6.6732975
177.1166,6.7701507
177.36509,6.8670717
177.61375,6.9640607
177.86259,7.0611177
178.1116,7.1582426
178.36079,7.2554354
178.61014,7.3526962
178.85968,7.4500249
179.10939,7.5474215
179.35927,7.6448861
179.60933,7.6639873
179.85956,7.7145289
180.10996,7.8984718
180.36054,8.0354239
180.61129,8.0469537
180.86222,8.035022
181.11332,8.1878641
181.3646,8.3643036
181.61605,8.4545365
181.86767,8.2311119
182.11947,8.4783435
182.37144,8.8197606
182.62359,8.9181084
182.87591,8.8596614
183.12841,9.1150079
183.38108,9.2135595
183.63392,9.3121791
183.88694,9.4108666
184.14013,9.5096221
184.39349,9.6084455
184.64703,9.7073369
184.90075,9.8062962
185.15464,9.9053234
185.4087,10.004419
185.66294,10.103582
185.91735,10.202813
186.17193,10.302112
186.42669,10.401479
186.68163,10.500914
186.93673,10.600416
187.19202,10.699987
187.44747,10.799626
187.7031,10.899332
187.95891,10.999107
188.21489,11.09895
188.47104,10.885135
188.72737,11.298838
188.98387,11.398885
189.24054,11.498999
189.49739,11.26977
189.75442,11.573941
190.01162,11.79975
190.26899,10.849155
190.52654,9.6947072
190.78426,12.101112
191.04215,12.201701
191.30022,9.8866729
191.55846,4.3168105
191.81688,9.6803493
192.07547,11.95376
192.33424,8.2742973
192.59318,2.7125497
192.85229,6.688125
193.11158,8.5696506
193.37104,3.3375186
193.63068,-0.89846705
193.89049,5.3597329
194.15048,8.8807459
194.41064,5.7743759
194.67097,0.28376007
194.93148,1.7422318
195.19216,6.1105754
195.45302,12.48683
195.71405,13.953349
195.97525,14.125818
196.23663,14.227766
196.49818,14.329783
196.75991,14.431868
197.02181,14.53402
197.28389,14.636241
197.54614,14.738529
197.80856,14.840885
198.07116,14.802133
198.33393,14.888939
198.59688,11.069931
198.86,4.5529509
199.12329,11.181137
199.38676,14.546646
199.6504,11.276929
199.91422,5.9759074
200.17821,10.871032
200.44238,14.268185
200.70672,14.865407
200.97123,16.074461
201.23592,16.1777
201.50078,16.281008
201.76582,16.384383
202.03103,16.487827
202.29642,16.591338
202.56198,16.694917
202.82771,16.798564
203.09362,16.90228
203.3597,17.006063
203.62595,17.109914
203.89238,17.213833
204.15899,17.31782
204.42577,17.421874
204.69272,17.525997
204.95985,17.630188
205.22715,17.734447
205.49462,17.838773
205.76227,17.943168
206.0301,18.04763
206.2981,17.563926
206.56627,13.511661
206.83461,9.5457393
207.10313,5.4700814
207.37183,-2.456489
207.6407,-3.7006384
207.90974,-3.8937396
208.17896,-6.8710865
208.44835,-8.8209145
208.71791,-8.7549882
208.98765,-8.4223274
209.25757,-8.4817555
209.52766,-6.9332725
209.79792,-4.4043294
210.06836,-5.2008086
210.33897,-8.12271
210.60975,-7.5778768
210.88071,-3.7310149
211.15184,-2.5115361
211.42315,-2.0841461
211.69463,4.5001745
211.96629,10.590445
212.23812,4.8298039
212.51012,-3.3192473
212.7823,-0.15070165
213.05465,9.83348
213.32718,8.4136898
213.59988,0.39777098
213.87276,-1.3907471
214.14581,1.9657825
214.41903,1.1653992
214.69243,-0.18405394
214.966,2.1291877
215.23975,3.7992419
215.51367,0.50453997
215.78776,-0.31178085
216.06203,4.2757697
216.33647,7.0907209
216.61109,4.3448376
216.88588,3.4734138
217.16085,6.7195868
217.43598,7.8245332
217.7113,6.6706057
217.98679,7.7362358
218.26245,11.703777
218.53829,13.090875
218.8143,14.517139
219.09048,18.131587
219.36684,18.412652
219.64337,17.65053
219.92008,14.700122
220.19696,18.16535
220.47402,18.093273
220.75125,18.013303
221.02865,17.933283
221.30623,17.853212
221.58398,17.773091
221.86191,17.175272
222.14001,16.59309
222.41828,17.532426
222.69673,17.452104
222.97536,17.112908
223.25415,16.365819
223.53313,16.661816
223.81227,16.055803
224.09159,14.328171
224.37109,15.494606
224.65076,16.888442
224.9306,16.807718
225.21061,16.726944
225.49081,16.646119
225.77117,16.565244
226.05171,16.484319
226.33242,16.403344
226.61331,16.322318
226.89437,16.241243
227.17561,16.160117
227.45702,16.07894
227.73861,15.997714
228.02036,15.916437
228.3023,15.83511
228.5844,9.5654974
228.86669,1.8840699
229.14914,-4.8483883
229.43177,-12.153446
229.71457,-11.231102
229.99755,-8.2068485
230.28071,-10.69637
230.56403,-9.7663347
230.84753,-2.7736042
231.13121,-1.1299435
231.41506,-6.3177056
231.69908,-6.4310081
231.98328,1.7301489
232.26765,3.1147851
232.55219,0.96211612
232.83691,1.9309655
233.12181,4.7350588
233.40688,4.5821938
233.69212,3.645003
233.97754,2.1117219
234.26313,2.9078407
234.54889,1.107869
234.83483,1.0569051
235.12095,3.3039684
235.40723,4.1863139
235.69369,3.6019808
235.98033,5.0960672
236.26714,7.6097494
236.55413,9.739106
236.84128,12.362568
237.12862,13.856607
237.41612,12.425143
237.70381,8.6877856
237.99166,12.479828
238.27969,14.091466
238.56789,14.071719
238.85627,14.020588
239.14482,14.03219
239.43355,14.012408
239.72245,13.404378
240.01153,13.72967
240.30077,13.952989
240.5902,13.933159
240.87979,13.913317
241.16957,13.893463
241.45951,13.873597
241.74963,13.853719
242.03993,13.833829
242.33039,13.813928
242.62104,13.794014
242.91185,13.774088
243.20284,13.754151
243.49401,13.734201
243.78535,13.71424
244.07686,13.694267
244.36855,13.674281
244.66041,13.654284
244.95245,11.924471
245.24466,9.6377835
245.53704,13.539319
245.8296,13.574176
246.12233,12.095296
246.41524,10.35758
246.70832,12.917891
247.00158,12.57623
247.295,10.634557
247.58861,11.994832
247.88239,13.370782
248.17634,13.413387
248.47046,13.393235
248.76476,13.373071
249.05924,13.352894
249.35389,13.332706
249.64871,13.312506
249.94371,13.292294
250.23888,13.27207
250.53422,13.251834
250.82974,13.231586
251.12544,13.211327
251.42131,12.17929
251.71735,8.8962616
252.01356,8.0367503
252.30996,7.2478154
252.60652,3.7059273
252.90326,4.3679489
253.20017,5.1476056
253.49726,3.7390151
253.79452,4.1500205
254.09196,5.596308
254.38957,3.7955248
254.68735,3.6888474
254.98531,7.8096089
255.28344,10.126437
255.58175,7.8550178
255.88023,7.9522142
256.17888,10.606261
256.47771,9.0799044
256.77672,7.7966728
257.0759,11.478135
257.37525,12.077233
257.67477,9.9704358
257.97447,9.291078
258.27435,12.007787
258.5744,11.336248
258.87462,6.5784233
259.17502,10.542155
259.47559,12.074502
259.77633,8.7519356
260.07725,4.9195531
260.37835,9.4087273
260.67961,9.1527915
260.98106,5.9478242
261.28267,7.7859822
261.58446,9.8907949
261.88643,6.011282
262.18857,7.1905807
262.49088,12.385554
262.79337,12.411887
263.09603,12.39115
263.39886,12.370401
263.70187,12.34964
264.00506,12.328867
264.30842,12.308082
264.61195,12.287285
264.91565,12.266477
265.21954,12.245656
265.52359,12.224823
265.82782,12.203979
266.13222,12.183122
266.4368,12.162254
266.74155,12.141374
267.04648,12.120481
267.35158,12.099577
267.65685,12.078661
267.9623,12.057733
268.26792,11.589734
268.57372,-0.28219841
268.87969,-15.173751
269.18584,-14.575119
269.49216,-22.30591
269.79865,-16.985733
270.10532,-10.849882
270.41216,-14.892355
270.71917,-9.8053779
271.02637,2.3090885
271.33373,-1.2156226
271.64127,-5.0383347
271.94898,3.8370307
272.25687,10.155572
272.56493,7.4231703
272.87316,3.9143366
273.18157,6.0526
273.49016,2.1673721
273.79892,-2.0864449
274.10785,2.2636978
274.41696,2.96682
274.72624,-2.008451
275.03569,-2.4346642
275.34532,-1.0961333
275.65512,-6.3693288
275.9651,-7.6189567
276.27525,2.0020418
276.58558,1.246608
276.89608,-7.532317
277.20675,-8.9621842
277.5176,-5.9684838
277.82862,-8.1982745
278.13982,-7.8193831
278.45119,-4.7346081
278.76273,-4.8027728
279.07445,-3.1297598
279.38635,3.0687449
279.69841,5.8319567
280.01066,5.3716405
280.32307,6.8172081
280.63566,7.8157181
280.94843,7.0573668
281.26137,8.4872521
281.57448,12.623021
281.88777,11.770556
282.20123,10.267112
282.51486,12.873473
282.82867,12.766111
283.14265,11.897965
283.45681,13.516095
283.77114,13.651873
284.08565,13.65432
284.40033,13.656768
284.71519,13.659217
285.03021,13.661668
285.34542,13.66412
285.6608,13.666573
285.97635,13.669028
286.29207,13.671484
286.60797,13.673941
286.92405,13.6764
287.24029,13.67886
287.55672,13.547988
287.87331,13.683784
288.19008,13.152915
288.50703,9.8769488
288.82415,10.750004
289.14144,9.2073741
289.45891,6.033373
289.77655,9.408393
290.09437,9.4892966
290.41236,6.3231428
290.73052,8.5295393
291.04886,11.261427
291.36737,9.2874345
291.68606,11.658541
292.00492,13.362982
292.32395,13.310562
292.64316,13.305202
292.96255,13.699843
293.2821,13.639584
293.60184,13.532267
293.92174,13.730834
294.24182,13.733324
294.56208,13.735815
294.88251,13.738308
295.20311,13.740802
295.52389,13.743297
295.84484,13.706578
296.16596,13.748292
296.48726,13.750791
296.80874,12.961135
297.13038,13.685206
297.45221,13.460258
297.7742,9.6196257
298.09637,12.006446
298.41872,12.738365
298.74124,8.8898933
299.06393,9.4022074
299.3868,11.294915
299.70984,8.5209574
300.03305,10.774452
300.35644,13.725987
300.68001,13.155955
301.00375,12.491807
301.32766,13.788444
301.65174,13.767436
301.97601,12.711135
302.30044,13.796011
302.62505,13.798537
302.94983,13.785377
303.27479,13.803591
303.59992,13.80612
303.92523,13.651788
304.25071,13.089614
304.57636,13.680382
304.90219,12.600564
305.22819,13.340355
305.55437,13.821323
305.88072,13.596411
306.20725,11.959735
306.53395,13.774042
306.86082,13.831486
307.18787,13.394815
307.51509,13.836576
307.84249,13.839123
308.17006,13.841671
308.4978,13.84422
308.82572,13.846771
309.15381,13.849323
309.48208,13.851877
309.81052,13.854432
310.13914,13.856988
310.46793,13.859546
310.79689,13.862105
311.12603,13.864665
311.45534,13.867227
311.78483,13.86979
312.11449,13.872354
312.44432,13.87492
312.77433,13.877487
313.10452,13.880055
313.43487,13.882625
313.7654,13.885196
314.09611,13.887769
314.42699,13.890343
314.75804,13.892918
315.08927,13.895495
315.42068,13.898073
315.75225,13.900652
316.084,13.903233
316.41593,13.905815
316.74803,13.908398
317.0803,13.660002
317.41275,12.321412
317.74537,2.1200779
318.07817,-15.108706
318.41114,-14.136908
318.74428,-10.263138
319.0776,-12.083473
319.41109,-12.092032
319.74476,-11.990775
320.0786,-13.57578
320.41262,-11.913715
320.74681,-11.075167
321.08117,-12.338568
321.41571,-9.0843105
321.75042,-6.9123937
322.08531,-11.030661
322.42037,-9.2822498
322.7556,-3.3534344
323.09101,-6.2010778
323.42659,-7.2447876
323.76235,-3.1904464
324.09828,-3.9360932
324.43439,-2.0150614
324.77067,3.9765705
325.10712,-0.12590328
325.44375,3.3402623
325.78055,14.288793
326.11753,14.311845
326.45468,13.464321
326.792,14.514848
327.1295,14.537935
327.46718,14.561035
327.80502,14.584147
328.14305,14.607271
328.48124,14.630406
328.81961,14.653554
329.15816,14.676713
329.49687,14.699884
329.83577,14.723068
330.17483,14.746263
330.51407,14.76947
330.85349,14.769159
331.19308,14.729645
331.53284,9.1215153
331.87278,13.356535
332.21289,14.846468
332.55318,5.8030799
332.89364,-7.2951983
333.23427,-2.3150332
333.57508,-7.0368169
333.91607,-9.8134907
334.25722,-6.5979957
334.59855,-7.8138614
334.94006,-3.2101072
335.28174,8.2799333
335.62359,7.4013583
335.96562,6.8129913
336.30782,12.914832
336.6502,13.173548
336.99275,15.165609
337.33548,15.236113
337.67837,15.25957
338.02145,15.28304
338.36469,15.306521
338.70812,15.330014
339.05171,15.353519
339.39548,15.377035
339.73943,15.400564
340.08354,15.424105
340.42784,15.447658
340.7723,15.471222
341.11694,12.334014
341.46176,6.5301516
341.80675,4.1772813
342.15191,3.8401091
342.49725,15.3304
342.84276,13.510899
343.18845,-0.74780632
343.53431,-2.3790484
343.88034,-3.9240041
344.22655,-4.6924773
344.57293,4.6959242
344.91949,2.9313964
345.26622,-2.0409626
345.61313,5.2847296
345.96021,12.304551
346.30746,13.53615
346.65489,12.257956
347.00249,12.603304
347.35027,15.921212
347.69822,15.945015
348.04634,15.96883
348.39464,15.992656
348.74311,16.016495
349.09176,16.040346
349.44058,15.013228
349.78958,8.2135725
350.13875,11.860988
350.48809,6.7633177
350.83761,3.085267
351.1873,3.1876204
351.53717,11.988025
351.88721,16.231579
352.23742,16.255536
352.58781,16.279506
352.93838,16.303488
353.28911,16.327481
353.64003,16.351487
353.99111,16.375504
354.34237,16.399533
354.69381,16.423574
355.04541,16.447627
355.3972,16.471692
355.74915,16.495769
356.10128,16.519858
356.45359,16.543959
356.80607,16.568072
357.15872,16.592196
357.51155,16.616333
357.86455,16.640481
358.21773,16.664641
358.57108,16.673127
358.9246,15.763978
359.2783,14.894057
359.63217,11.804539
359.98622,-4.1477116
360.34044,-11.715637
360.69484,-10.703158
361.04941,-15.871059
361.40415,-12.908842
361.75907,-9.8289945
362.11416,-13.204066
362.46943,-12.006604
362.82487,-11.836611
363.18048,-13.548987
363.53627,-10.71236
363.89224,-10.620848
364.24837,-9.1568028
364.60468,-1.2221864
364.96117,0.037903457
365.31783,0.69405517
365.67466,5.3423471
366.03167,7.1984656
366.38885,16.348685
366.74621,16.314574
367.10374,16.280447
367.46145,16.230616
367.81933,16.212142
368.17738,15.009337
368.53561,11.108476
368.89401,14.133089
369.25259,8.2714109
369.61134,4.2057945
369.97026,6.571534
370.32936,4.717649
370.68863,13.859826
371.04808,15.731398
371.4077,13.273541
371.76749,11.874492
372.12746,12.498955
372.48761,15.170461
372.84793,15.732145
373.20842,15.697735
373.56908,15.663308
373.92992,15.628865
374.29094,15.594405
374.65213,15.559928
375.01349,15.525435
375.37503,15.490925
375.73674,15.456399
376.09862,15.421855
376.46068,15.387296
376.82292,15.352719
377.18533,15.318126
377.54791,15.283516
377.91067,12.433204
378.2736,10.665228
378.6367,5.8070386
378.99998,11.027264
379.36343,14.365121
379.72706,7.695117
380.09086,4.5701949
380.45484,6.7629032
380.81899,3.3477517
381.18331,12.701211
381.54781,14.666418
381.91248,14.474747
382.27733,14.832078
382.64235,14.797235
383.00755,14.762376
383.37292,14.7275
383.73846,14.692608
384.10418,14.657699
384.47007,14.622773
384.83613,14.587831
385.20237,14.552872
385.56879,14.517897
385.93538,14.482905
386.30214,14.000837
386.66908,13.714831
387.03619,12.417044
387.40347,4.1780642
387.77093,4.1116164
388.13857,-2.9979852
388.50638,-2.6174074
388.87436,-1.6407678
389.24251,-4.2563017
389.61084,-0.64440128
389.97935,2.7008159
390.34803,5.8969968
390.71688,13.336298
391.08591,13.630485
391.45511,13.783479
391.82449,13.92077
392.19404,13.885495
392.56376,13.850204
392.93366,13.814896
393.30373,13.779571
393.67398,13.74423
394.0444,13.708872
394.41499,13.673497
394.78576,13.638106
395.1567,13.602699
395.52782,13.567274
395.89911,13.531833
396.27058,13.496375
396.64222,13.460901
397.01403,13.307763
397.38602,13.389903
397.75819,13.354379
398.13052,13.318838
398.50303,13.28328
398.87572,13.247706
399.24858,13.212116
399.62161,13.176508
399.99482,13.140885
400.3682,13.105244
400.74176,13.069587
401.11549,13.033913
401.48939,12.998223
401.86347,12.962515
402.23772,12.926792
402.61215,12.891052
402.98675,12.855295
403.36153,12.819521
403.73648,12.783731
404.1116,12.747924
404.4869,12.712101
404.86237,12.67626
405.23802,12.640404
405.61384,12.60453
405.98983,12.568641
406.366,12.532734
406.74235,12.496811
407.11886,12.217734
407.49556,9.5386399
407.87242,-0.44243118
408.24946,-0.48626403
408.62668,-0.075211546
409.00406,-0.44848941
409.38163,0.60566707
409.75936,5.8480422
410.13727,7.4747145
410.51536,4.693527
410.89362,4.4691856
411.27205,4.8095334
411.65066,6.6871196
412.02944,9.7960616
412.4084,9.8226341
412.78753,11.57468
413.16683,11.883572
413.54631,9.8708793
413.92596,6.5483657
414.30579,5.947404
414.68579,6.6797591
415.06597,11.019941
415.44632,11.556184
415.82684,11.096332
416.20754,10.432543
416.58841,11.556971
416.96946,11.520599
417.35068,11.484211
417.73207,11.447805
418.11364,11.411383
418.49538,11.374944
418.8773,11.338489
419.25939,11.302017
419.64166,11.265529
420.0241,11.229024
420.40671,11.192502
420.7895,11.155963
421.17246,11.119408
421.5556,11.082837
421.93891,11.046249
422.32239,11.009644
422.70605,10.973022
423.08989,10.936384
423.47389,10.899729
423.85808,10.863058
424.24243,10.82637
424.62696,10.789665
425.01167,10.752944
425.39654,10.716206
425.7816,10.679451
426.16682,10.64268
426.55222,10.605892
426.9378,10.537715
427.32355,8.3440315
427.70947,5.5307232
428.09557,-0.16103303
428.48184,-4.943002
428.86829,-6.1563602
429.25491,-7.7226761
429.6417,-6.1909695
430.02867,-6.7847697
430.41582,-9.5119198
430.80313,-8.7724199
431.19062,-9.4133288
431.57829,-7.3248426
431.96613,-4.3736279
432.35414,-5.8067435
432.74233,-4.5183071
433.13069,-1.3396913
433.51923,2.4271432
433.90794,7.4880787
434.29682,8.3607623
434.68588,9.7981351
435.07512,9.792354
435.46452,9.7551838
435.85411,9.717997
436.24386,9.6807935
436.63379,9.6435734
437.0239,9.6063367
437.41417,9.5690833
437.80463,9.5318133
438.19525,9.4945267
438.58605,9.4572235
438.97703,9.4199036
439.36818,9.3825671
439.7595,9.345214
440.151,9.3078443
440.54267,9.2704579
440.93452,9.2330549
441.32654,9.1956353
441.71873,9.158199
442.1111,9.1207462
442.50364,9.0832767
442.89636,7.8614768
443.28925,3.4239741
443.68232,0.85312134
444.07556,1.0900951
444.46897,3.8760719
444.86256,1.5483066
445.25632,-0.13633816
445.65026,1.8809613
446.04437,6.7374598
446.43865,8.7076672
446.83311,8.6700148
447.22774,8.2009732
447.62255,8.477013
448.01753,8.5569578
448.41269,8.5192389
448.80802,8.4815034
449.20352,8.4437512
449.5992,8.4059824
449.99505,8.368197
450.39108,8.3303949
450.78728,8.2925763
451.18365,8.254741
451.5802,8.2168891
451.97693,8.1790205
452.37382,7.4195667
452.77089,4.9110767
453.16814,2.9202171
453.56556,3.6587526
453.96315,5.283546
454.36092,2.6494993
454.75887,3.2075928
455.15698,3.61665
455.55527,2.9511809
455.95374,5.5013813
456.35238,5.4868593
456.75119,7.2291834
457.15018,7.5126673
457.54934,5.2706444
457.94868,3.546252
458.34819,3.1943919
458.74787,3.2738877
459.14773,4.7023866
459.54776,2.4681237
459.94797,1.8573736
460.34835,3.6309206
460.74891,6.9730784
461.14964,7.3034549
461.55054,7.2651873
461.95162,7.2269031
462.35287,7.1886022
462.7543,7.1502847
463.1559,7.1119506
463.55767,7.0735999
463.95962,7.0352325
464.36174,6.9968486
464.76404,6.958448
465.16651,6.9200307
465.56916,6.8815969
465.97198,6.8431464
466.37497,6.8046792
466.77814,6.7661955
467.18148,6.7276951
467.585,6.6891781
467.98869,6.6506445
468.39256,6.6120943
468.79659,6.5735274
469.20081,6.5349439
469.6052,6.4963437
470.00976,6.457727
470.41449,6.4190936
470.8194,6.3804436
471.22449,6.3417769
471.62975,6.3030937
472.03518,6.2643938
472.44079,5.7472459
472.84657,2.179101
473.25252,-3.01259
473.65865,-6.5023368
474.06496,-8.8156296
474.47143,-10.462272
474.87809,-10.383442
475.28491,-9.4889412
475.69191,-4.7282433
476.09909,-2.1165786
476.50644,-3.9676724
476.91396,-3.6383875
477.32166,-2.9561749
477.72953,-0.43083848
478.13757,2.5180139
478.54579,3.5844998
478.95419,5.2705801
479.36275,5.2860587
479.7715,5.1995631
480.18041,5.5757991
480.5895,5.5441785
480.99877,5.5125445
481.40821,5.4808969
481.81782,5.449236
482.22761,5.4175615
482.63757,5.3858736
483.04771,5.3541722
483.45802,5.3224574
483.8685,5.2907291
484.27916,5.2589873
484.68999,5.2272321
485.101,5.1954634
485.51218,5.1636812
485.92353,5.1318856
486.33506,5.1000765
486.74677,5.0682539
487.15864,4.9187709
487.5707,3.7104508
487.98292,4.5256467
488.39532,4.932986
488.8079,4.8775667
489.22064,4.2182124
489.63357,4.6804132
490.04666,4.8131888
490.45994,4.7812451
490.87338,4.7492879
491.287,4.7173172
491.70079,4.6853331
492.11476,4.6533355
492.5289,4.6213245
492.94322,4.5893
493.35771,4.557262
493.77238,4.5252106
494.18722,4.4931457
494.60223,4.4610673
495.01742,4.4289755
495.43278,4.3968702
495.84831,4.3647514
496.26402,4.0032074
496.67991,3.0769441
497.09596,1.0761575
497.5122,-2.4226818
497.9286,-3.0274169
498.34518,-4.0556949
498.76194,-3.2330059
499.17887,-2.0181735
499.59597,0.68684143
500.01325,3.5957645
500.4307,3.3517329
500.84833,2.1821977
501.26613,2.0087274
501.6841,2.4862241
502.10225,3.3793936
502.52057,2.4921575
502.93907,2.0284373
503.35774,2.5529389
503.77659,2.7009565
504.1956,3.445039
504.6148,3.5851866
505.03417,3.6547324
505.45371,3.6223039
505.87342,3.5898621
506.29331,3.5574067
506.71338,3.5249379
507.13362,3.4924556
507.55403,3.4599599
507.97462,3.4274506
508.39538,3.394928
508.81631,3.3623918
509.23742,3.3298422
509.65871,3.2972792
510.08017,3.2647026
510.5018,3.2321126
510.92361,3.1995092
511.34559,3.1668923
511.76774,3.1342619
512.19007,3.101618
512.61257,3.0689607
513.03525,3.0362899
513.4581,3.0036057
513.88113,2.970908
514.30433,2.9381968
514.7277,1.6035114
515.15125,-2.6017757
515.57497,-5.3090371
515.99887,-7.6319982
516.42294,-6.9902669
516.84719,-4.6858039
517.2716,-6.429548
517.6962,-5.7732964
518.12097,-3.6111667
518.54591,1.4686057
518.97102,2.6503347
519.39631,2.4673535
519.82178,2.3157406
520.24742,2.4856921
520.67323,2.6477962
521.09922,2.6373469
521.52538,2.6268934
521.95171,2.6164356
522.37822,2.6059736
522.80491,2.5955072
523.23176,2.5850366
523.6588,2.5745617
524.086,2.5640826
524.51338,2.5535992
524.94094,2.5431115
525.36867,2.5326195
525.79657,2.5221233
526.22465,2.5116227
526.6529,2.501118
527.08132,2.4906089
527.50992,2.4800956
527.9387,2.469578
528.36765,2.4590561
528.79677,2.4485299
529.22606,2.4379995
529.65553,2.4274648
530.08518,2.4169258
530.515,2.4063826
530.94499,2.3958351
531.37516,2.3852833
531.8055,2.3747272
532.23602,2.3641669
532.66671,2.3536023
533.09757,2.3430334
533.52861,2.3324603
533.95982,2.3218828
534.39121,2.3113011
534.82277,2.3007152
535.25451,2.2901249
535.68641,2.2795304
536.1185,2.2689316
536.55076,2.2583286
536.98319,2.2477212
537.41579,2.2371096
537.84857,2.2264937
538.28153,2.2158736
538.71466,2.1503472
539.14796,1.8495224
539.58144,2.0192816
540.01509,2.1733503
540.44891,1.9431009
540.88291,0.96774923
541.31709,-0.086038091
541.75144,-0.065319876
542.18596,0.27696269
542.62065,1.1212018
543.05552,1.8321033
543.49057,2.0331965
543.92579,2.0774228
544.36118,2.0667428
544.79675,2.0560586
545.23249,2.0453701
545.66841,2.0346773
546.1045,2.0239802
546.54076,2.0132789
546.9772,2.0025733
547.41381,1.9918634
547.8506,1.9811492
548.28756,1.9704308
548.72469,1.9597081
549.162,1.9489811
549.59949,1.9382499
550.03714,1.9275144
550.47498,1.9167746
550.91298,1.9060305
551.35116,1.8952822
551.78952,1.8845296
552.22804,1.8737727
552.66675,1.8630116
553.10562,1.8522461
553.54468,1.8414764
553.9839,1.8307025
554.4233,1.8199242
554.86287,1.8091417
555.30262,1.7983549
555.74254,1.7875639
556.18264,1.7767685
556.62291,1.7659689
557.06335,1.755165
557.50397,1.7443569
557.94477,1.7335445
558.38573,1.7227278
558.82688,1.6883774
559.26819,1.6775521
559.70968,1.690252
560.15134,1.6794182
560.59318,1.6685802
561.03519,1.6577378
561.47738,1.6468912
561.91974,1.6360403
562.36228,1.6251852
562.80499,1.6143258
563.24787,1.6034621
563.69093,1.5925941
564.13416,1.5817218
564.57756,1.5708453
565.02114,1.5599645
565.4649,1.5490795
565.90883,1.5381901
566.35293,1.5272965
566.79721,1.5163987
567.24166,1.5054965
567.68628,1.4945901
568.13108,1.4836794
568.57606,1.4727644
569.0212,1.4618452
569.46652,1.4509216
569.91202,1.4399938
570.35769,1.4290618
570.80354,1.4181254
571.24955,1.4071848
571.69575,1.39624
572.14211,1.3852908
572.58866,1.3743374
573.03537,1.3633797
573.48226,1.3524177
573.92932,1.3414515
574.37656,1.3304809
574.82397,1.3195061
575.27156,1.3085271
575.71932,1.2975437
576.16726,1.2865561
576.61536,1.2755643
577.06365,1.2645681
577.5121,1.2535677
577.96074,1.242563
578.40954,1.231554
578.85852,1.2205408
579.30768,1.2095232
579.757,1.1985014
580.20651,1.1874754
580.65618,1.176445
581.10603,1.1654104
581.55606,1.1543716
582.00626,1.1433284
582.45663,1.1087516
582.90718,1.0976999
583.3579,1.1101733
583.8088,1.0912699
584.25987,0.93118579
584.71111,0.94364641
585.16253,1.0188479
585.61412,1.0548293
586.06589,1.0437477
586.51783,1.0326619
586.96995,1.0215717
587.42224,1.0104773
587.8747,0.99937857
588.32734,0.98827559
588.78015,0.97716835
589.23313,0.96605683
589.6863,0.95494104
590.13963,0.94382097
590.59314,0.93269663
591.04682,0.92156802
591.50068,0.91043514
591.95471,0.89929799
592.40892,0.88815656
592.86329,0.87701086
593.31785,0.86586088
593.77258,0.85470664
594.22748,0.84354812
594.68256,0.83238533
595.13781,0.82121826
595.59323,0.81004692
596.04883,0.79887131
596.5046,0.78769143
596.96055,0.77650727
597.41667,0.76531884
597.87297,0.75412614
598.32944,0.74292917
598.78608,0.73172792
599.2429,0.7205224
599.69989,0.70931261
600.15706,0.69809854
600.6144,0.68688021
601.07192,0.6756576
601.52961,0.66443071
601.98747,0.65319956
602.44551,0.64196413
602.90372,0.63072443
603.3621,0.61948045
603.82066,0.6082322
604.2794,0.59697968
604.73831,0.58572289
605.19739,0.57446183
605.65665,0.56319649
606.11608,0.55192688
606.57568,0.54065299
607.03546,0.52937484
607.49542,0.51809241
607.95554,0.5068057
608.41585,0.49551473
608.87632,0.48421948
609.33697,0.47291996
609.7978,0.46161617
610.2588,0.4503081
610.71997,0.43899576
611.18132,0.42767915
611.64284,0.41635827
612.10453,0.40503311
612.5664,0.39370368
613.02845,0.38236998
613.49067,0.371032
613.95306,0.35968976
614.41563,0.34834324
614.87837,0.33699244
615.34128,0.32563738
615.80437,0.31427804
616.26763,0.30291443
616.73107,0.29154654
617.19468,0.28017438
617.65847,0.26879795
618.12243,0.25741725
618.58656,0.24603228
619.05087,0.23464303
619.51535,0.22324951
619.98001,0.21185171
620.44484,0.20044965
620.90985,0.18904331
621.37503,0.1776327
621.84038,0.16621781
622.30591,0.15479865
622.77161,0.14337522
623.23749,0.13194752
623.70354,0.12051554
624.16976,0.1090793
624.63616,-0.0043220101
625.10273,0.039135157
625.56948,0.074744913
626.0364,0.063291574
626.5035,0.051833961
626.97077,0.040372076
627.43821,0.028905918
627.90583,0.017435488
628.37362,0.0059607843
628.84159,0.0059141737
629.30973,0.0058675458
629.77804,0.0058209005
630.24653,0.0057742378
630.71519,0.0057275578
631.18403,0.0056808605
631.65304,0.0056341458
632.12223,0.0055874137
632.59159,0.0055406643
633.06112,0.0054938976
633.53083,0.0054471135
634.00071,0.0054003121
634.47077,0.0053534933
634.941,0.0053066571
635.41141,0.0052598036
635.88199,0.0052129328
636.35274,0.0051660446
636.82367,0.005119139
637.29477,0.0050722162
637.76604,0.0050252759
638.23749,0.0049783183
638.70912,0.0049313434
639.18092,0.0048843511
639.65289,0.0048373415
640.12504,0.0047903145
640.59736,0.0047432701
641.06985,0.0046962084
641.54252,0.0046491294
642.01537,0.004602033
642.48838,0.0045549193
642.96158,0.0045077882
643.43494,0.0044606398
643.90848,0.004413474
644.3822,0.0043662908
644.85609,0.0043190903
645.33015,0.0042718725
645.80439,0.0042246373
646.2788,0.0041773848
646.75338,0.0041301149
647.22814,0.0040828277
647.70308,0.0040355231
648.17819,0.0039882012
648.65347,0.0039408619
649.12892,0.0038935052
649.60456,0.0038461313
650.08036,0.0037987399
650.55634,0.0037513312
651.03249,0.0037039052
651.50882,0.0036564618
651.98532,0.0036090011
652.462,0.003561523
652.93885,0.0035140276
653.41587,0.0034665148
653.89307,0.0034189847
654.37044,0.0033714372
654.84799,0.0033238724
655.32571,0.0032762902
655.80361,0.0032286907
656.28168,0.0031810738
656.75992,0.0031334396
657.23834,0.003085788
657.71693,0.0030381191
658.19569,0.0029904328
658.67463,0.0029427292
659.15375,0.0028950082
659.63304,0.0028472699
660.1125,0.0027995142
660.59214,0.0027517412
661.07195,0.0027039508
661.55193,0.0026561431
662.03209,0.002608318
662.51243,0.0025604756
662.99294,0.0025126158
663.47362,0.0024647387
663.95447,0.0024168442
664.43551,0.0023689324
664.91671,0.0023210033
665.39809,0.0022730567
665.87964,0.0022250929
666.36137,0.0021771117
666.84327,0.0021291131
667.32535,0.0020810972
667.8076,0.0020330639
668.29002,0.0019850133
668.77262,0.0019369453
669.25539,0.00188886
669.73834,0.0018407573
670.22146,0.0017926373
670.70475,0.0017445
671.18822,0.0016963452
671.67187,0.0016481732
672.15568,0.0015999838
672.63968,0.001551777
673.12384,0.0015035529
673.60818,0.0014553114
674.0927,0.0014070526
674.57738,0.0013587765
675.06225,0.0013104829
675.54728,0.0012621721
676.0325,0.0012138439
676.51788,0.0011654983
677.00344,0.0011171354
677.48917,0.0010687551
677.97508,0.0010203575
678.46116,0.00097194258
678.94742,0.00092351027
679.43385,0.00087506062
679.92045,0.00082659361
680.40723,0.00077810925
680.89419,0.00072960755
681.38131,0.00068108849
681.86861,0.00063255209
682.35609,0.00058399833
682.84374,0.00053542723
683.33156,0.00048683877
683.81956,0.00043823297
684.30773,0.00038960981
684.79608,0.00034096931
685.2846,0.00029231146
685.7733,0.00024363626
686.26217,0.0001949437
686.75121,0.0001462338
687.24043,9.7506551e-005
687.72982,4.876195e-005
688.21938,0
688.70912,-1.4266584e-014
689.19904,-1.4266584e-014
689.68913,1.4266584e-014
690.17939,1.4266584e-014
690.66983,1.4266584e-014
691.16044,1.4266584e-014
691.65122,-1.4266584e-014
692.14218,1.4266584e-014
692.63331,-1.4266584e-014
693.12462,-1.4266584e-014
693.6161,-1.4266584e-014
694.10776,-1.4266584e-014
694.59959,-1.4266584e-014
695.09159,-1.4266584e-014
695.58377,-1.4266584e-014
696.07613,-1.4266584e-014
696.56865,-1.4266584e-014
697.06135,-1.4266584e-014
697.55423,1.4266584e-014
698.04728,-1.4266584e-014
698.5405,-1.4266584e-014
699.0339,-1.4266584e-014
699.52747,-1.4266584e-014
700.02122,-1.4266584e-014
700.51514,-1.4266584e-014
701.00923,-1.4266584e-014
701.5035,-1.4266584e-014
701.99795,-1.4266584e-014
702.49256,-1.4266584e-014
702.98736,-1.4266584e-014
703.48232,1.4266584e-014
703.97746,-1.4266584e-014
704.47277,-1.4266584e-014
704.96826,1.4266584e-014
705.46393,-1.4266584e-014
705.95976,1.4266584e-014
706.45577,-1.4266584e-014
706.95196,-1.4266584e-014
707.44832,-1.4266584e-014
707.94485,-1.4266584e-014
708.44156,-1.4266584e-014
708.93844,-1.4266584e-014
709.4355,1.4266584e-014
709.93273,1.4266584e-014
710.43013,1.4266584e-014
710.92771,1.4266584e-014
711.42546,-1.4266584e-014
711.92339,-1.4266584e-014
712.42149,1.4266584e-014
712.91976,-1.4266584e-014
713.41821,0
713.91684,0
714.41563,0
714.91461,0
715.41375,-1.4266584e-014
715.91307,0
716.41257,0
716.91224,-1.4266584e-014
717.41208,0
717.9121,-1.4266584e-014
718.41229,-1.4266584e-014
718.91265,0
719.41319,0
719.91391,-1.4266584e-014
720.4148,-1.4266584e-014
720.91586,-1.4266584e-014
721.41709,0
721.9185,0
722.42009,-1.4266584e-014
722.92185,-1.4266584e-014
723.42378,-1.4266584e-014
723.92589,0
724.42817,-1.4266584e-014
724.93063,-1.4266584e-014
725.43326,0
725.93606,0
726.43904,-1.4266584e-014
726.94219,0
727.44552,0
727.94902,-1.4266584e-014
728.45269,0
728.95654,0
729.46057,0
729.96476,0
730.46914,0
730.97368,0
731.4784,0
731.9833,-1.4266584e-014
732.48837,-1.4266584e-014
732.99361,0
733.49902,-1.4266584e-014
734.00462,0
734.51038,-1.4266584e-014
735.01632,-1.4266584e-014
735.52243,-1.4266584e-014
736.02872,0
736.53518,0
737.04182,0
737.54863,0
738.05562,0
738.56277,-1.4266584e-014
739.07011,-1.4266584e-014
739.57762,-1.4266584e-014
740.0853,-1.4266584e-014
740.59315,-1.4266584e-014
741.10118,-1.4266584e-014
741.60939,-1.4266584e-014
742.11776,-1.4266584e-014
742.62632,1.4266584e-014
743.13504,-1.4266584e-014
743.64394,-1.4266584e-014
744.15302,-1.4266584e-014
744.66227,1.4266584e-014
745.17169,-1.4266584e-014
745.68129,1.4266584e-014
746.19106,-1.4266584e-014
746.70101,1.4266584e-014
747.21113,-1.4266584e-014
747.72142,-1.4266584e-014
748.23189,-1.4266584e-014
748.74253,-1.4266584e-014
749.25335,-1.4266584e-014
749.76434,-1.4266584e-014
750.2755,-1.4266584e-014
750.78684,-1.4266584e-014
751.29836,-1.4266584e-014
751.81005,-1.4266584e-014
752.32191,-1.4266584e-014
752.83394,-1.4266584e-014
753.34615,-1.4266584e-014
753.85854,1.4266584e-014
754.3711,-1.4266584e-014
754.88383,1.4266584e-014
755.39674,-1.4266584e-014
755.90982,-1.4266584e-014
756.42307,1.4266584e-014
756.9365,-1.4266584e-014
757.45011,-1.4266584e-014
757.96388,-1.4266584e-014
758.47784,-1.4266584e-014
758.99196,1.4266584e-014
759.50626,1.4266584e-014
760.02074,-1.4266584e-014
760.53539,-1.4266584e-014
761.05021,-1.4266584e-014
761.56521,1.4266584e-014
762.08038,1.4266584e-014
762.59573,1.4266584e-014
763.11125,-1.4266584e-014
763.62694,-1.4266584e-014
764.14281,0
764.65885,0
765.17507,1.4266584e-014
765.69146,0
766.20802,1.4266584e-014
766.72476,0
767.24168,0
767.75876,1.4266584e-014
768.27602,0
768.79346,0
769.31107,0
769.82886,0
770.34681,0
770.86495,0
771.38325,0
771.90173,0
772.42039,0
772.93922,0
773.45822,0
773.9774,0
774.49675,0
775.01628,0
775.53598,0
776.05585,0
776.5759,0
777.09613,0
777.61652,0
778.13709,0
778.65784,0
779.17876,0
779.69985,1.4266584e-014
780.22112,0
780.74256,0
781.26418,0
781.78597,0
782.30794,0
782.83008,0
783.35239,1.4266584e-014
783.87488,0
784.39754,0
784.92037,0
785.44338,0
785.96657,0
786.48993,0
787.01346,0
787.53717,0
788.06105,1.4266584e-014
788.5851,0
789.10933,1.4266584e-014
789.63373,0
790.15831,0
790.68306,0
791.20799,0
791.73309,0
792.25836,0
792.78381,-1.4266584e-014
793.30944,0
793.83523,0
794.3612,0
794.88735,0
795.41367,0
795.94016,0
796.46683,0
796.99367,0
797.52069,0
798.04788,0
798.57525,0
799.10278,0
799.6305,0
800.15838,0
800.68645,0
801.21468,0
801.74309,0
802.27168,0
802.80043,0
803.32937,0
803.85847,0
804.38775,0
804.91721,0
805.44684,0
805.97664,0
806.50662,0
807.03677,0
807.5671,0
808.0976,0
808.62827,0
809.15912,0
809.69014,0
810.22134,0
810.75271,0
811.28426,0
811.81597,0
812.34787,0
812.87994,0
813.41218,0
813.94459,0
814.47718,0
815.00995,0
815.54289,0
816.076,0
816.60929,0.00021925571
817.14275,0.00043858303
817.67638,0.00065798197
818.21019,0.00087745252
818.74418,0.0010969947
819.27834,0.0013166085
819.81267,0.0015362939
820.34718,0.0017560509
820.88186,0.0019758795
821.41671,0.0021957798
821.95174,0.0024157516
822.48694,0.0026357951
823.02232,0.0028559102
823.55787,0.0030760969
824.0936,0.0032963553
824.6295,0.0035166852
825.16557,0.0037370868
825.70182,0.0039575599
826.23824,0.0041781047
826.77484,0.0043987211
827.31161,0.0046194092
827.84856,0.0048401688
828.38567,0.0050610001
828.92297,0.0052819029
829.46044,0.0055028774
829.99808,0.0057239235
830.53589,0.0059450412
831.07388,0.0061662306
831.61205,0.0063874915
832.15039,0.0066088241
832.6889,0.0068302283
833.22759,0.0070517041
833.76645,0.0072732515
834.30548,0.0074948705
834.84469,0.0077165612
835.38408,0.0079383234
835.92363,0.0081601573
836.46337,0.0083820628
837.00327,0.0086040399
837.54335,0.0088260887
838.08361,0.009048209
838.62404,0.009270401
839.16464,0.0094926645
839.70542,0.0097149997
840.24637,0.0099374065
840.78749,0.010159885
841.32879,0.010382435
841.87027,0.010605057
842.41192,0.01082775
842.95374,0.011050515
843.49574,0.011273351
844.03791,0.011496259
844.58025,0.011719239
845.12277,0.01194229
845.66546,0.012165413
846.20833,0.012388608
846.75137,0.012611874
847.29459,0.012835212
847.83798,0.013058621
848.38154,0.013282103
848.92528,0.013505655
849.46919,0.013729279
850.01328,0.013952975
850.55754,0.014176743
851.10198,0.014400582
851.64659,0.014624493
852.19137,0.014848475
852.73633,0.015072529
853.28146,0.015296655
853.82677,0.015520852
854.37225,0.015745121
854.9179,0.015969461
855.46373,0.016193873
856.00973,0.016418357
856.55591,0.016642912
857.10226,0.016867539
857.64879,0.017092238
858.19549,0.017317008
858.74236,0.017541849
859.28941,0.017766763
859.83663,0.017991748
860.38403,0.018216804
860.9316,0.018441933
861.47934,0.018667132
862.02726,0.018892404
862.57535,0.019117747
863.12362,0.019343162
863.67206,0.019568648
864.22068,0.019794206
864.76947,0.020019835
865.31843,0.020245536
865.86757,0.020471309
866.41688,0.020697154
866.96637,0.02092307
867.51603,0.021149057
868.06587,0.021375116
868.61588,0.021601247
869.16606,0.02182745
869.71642,0.022053724
870.26695,0.022280069
870.81765,0.022506487
871.36853,0.022732976
871.91959,0.022959536
872.47082,0.023186168
873.02222,0.023412872
873.5738,0.023639647
874.12555,0.023866494
874.67747,0.024093413
875.22957,0.024320403
875.78185,0.024547465
876.3343,0.024774599
876.88692,0.025001804
877.43971,0.02522908
877.99268,0.025456429
878.54583,0.025683849
879.09915,0.02591134
879.65264,0.026138903
880.20631,0.026366538
880.76015,0.026594244
881.31416,0.026822022
881.86835,0.027049872
882.42272,0.027277793
882.97726,0.027505786
883.53197,0.027733851
884.08686,0.027961987
884.64192,0.028190194
885.19715,0.028418474
885.75256,0.028646825
886.30814,0.028875247
886.8639,0.029103741
887.41983,0.029332307
887.97594,0.029560944
888.53222,0.029789653
889.08867,0.030018434
889.6453,0.030247286
890.2021,0.03047621
890.75908,0.030705206
891.31623,0.030934273
891.87356,0.031163411
892.43106,0.031392622
892.98873,0.031621904
893.54658,0.031851257
894.1046,0.032080682
894.6628,0.032310179
895.22117,0.032539748
895.77971,0.032769388
896.33843,0.032999099
896.89732,0.033228882
897.45639,0.033458737
898.01563,0.033688664
898.57505,0.033918662
899.13463,0.034148732
899.6944,0.034378873
900.25434,0.034609086
900.81445,0.03483937
901.37474,0.035069727
901.9352,0.035300154
902.49583,0.035530654
903.05664,0.035761225
903.61762,0.035991867
904.17878,0.036222582
904.74011,0.036453368
905.30162,0.036684225
905.8633,0.036915154
906.42515,0.037146155
906.98718,0.037377227
907.54938,0.037608371
908.11176,0.037839587
908.67431,0.038070874
909.23703,0.038302233
909.79993,0.038533663
910.36301,0.038765165
910.92625,0.038996739
911.48968,0.039228384
912.05327,0.039460101
912.61704,0.039691889
913.18099,0.039923749
913.74511,0.040155681
914.3094,0.040387685
914.87386,0.040619759
915.43851,0.040851906
916.00332,0.041084124
916.56831,0.041316414
917.13347,0.041548775
917.69881,0.041781208
918.26432,0.042013713
918.83001,0.042246289
919.39587,0.042478937
919.96191,0.042711657
920.52811,0.042944448
921.0945,0.043177311
921.66105,0.043410245
922.22779,0.043643251
922.79469,0.043876329
923.36177,0.044109478
923.92902,0.044342699
924.49645,0.044575991
925.06406,0.044809355
925.63183,0.045042791
926.19978,0.045276298
926.76791,0.045509877
927.33621,0.045743527
927.90468,0.045977249
928.47333,0.046211043
929.04215,0.046444909
929.61114,0.046678845
930.18031,0.046912854
930.74966,0.047146934
931.31918,0.047381086
931.88887,0.04761531
932.45874,0.047849605
933.02878,0.048083971
933.59899,0.04831841
934.16938,0.048552919
934.73995,0.048787501
935.31068,0.049022154
935.88159,0.049256879
936.45268,0.049491675
937.02394,0.049726543
937.59538,0.049961483
938.16698,0.050196494
938.73877,0.050431577
939.31072,0.050666731
939.88286,0.050901957
940.45516,0.051137255
941.02764,0.051118044
941.60029,0.019726277
942.17312,0.043236466
942.74612,0.051060374
943.3193,0.035354865
943.89265,-0.058782022
944.46618,-0.050958132
945.03987,-0.11372248
945.61375,-0.20001625
946.18779,-0.27062375
946.76202,-0.19221165
947.33641,0.019533784
947.91098,0.050887052
948.48573,0.050867764
949.06064,0.050848471
949.63574,0.050829172
950.211,0.050809867
950.78644,0.050790557
951.36206,0.05077124
951.93785,0.011536231
952.51381,0.050732589
953.08995,0.050713255
953.66626,0.050693915
954.24275,0.05067457
954.81941,0.050655218
955.39624,0.05063586
955.97325,0.050616497
956.55043,0.050597128
957.12779,0.050577753
957.70532,0.050558372
958.28303,0.050538985
958.8609,0.050519593
959.43896,0.050500194
960.01719,-0.03579372
960.59559,0.034775106
961.17416,0.050441964
961.75291,0.0033637189
962.33184,0.050403115
962.91094,0.050383681
963.49021,0.050364242
964.06966,0.050344797
964.64928,0.01110966
965.22907,0.050305889
965.80904,0.050286426
966.38919,0.050266958
966.96951,0.050247483
967.55,0.050228003
968.13067,0.050208517
968.71151,0.050189025
969.29252,0.050169528
969.87371,0.050150024
970.45507,0.050130514
971.03661,0.050110999
971.61832,0.050091478
972.20021,0.050071951
972.78227,0.050052418
973.3645,0.010817193
973.94691,-0.075476861
974.52949,-0.059810137
975.11225,-0.044143419
975.69518,0.018582117
976.27829,0.049935098
976.86156,0.049915525
977.44502,0.049895945
978.02865,0.04987636
978.61245,0.049856768
979.19642,0.049837171
979.78057,0.049817568
980.3649,0.049797959
980.9494,0.049778345
981.53407,0.049758724
982.11892,0.049739098
982.70394,0.049719466
983.28913,0.049699828
983.8745,0.049680184
984.46005,0.049660534
985.04576,0.049640878
985.63166,0.049621217
986.21772,0.04960155
986.80396,0.01036619
987.39038,-0.021026038
987.97697,0.049542513
988.56373,0.049522822
989.15067,-0.028928247
989.73778,-0.17012442
990.32506,-0.036810795
990.91252,0.010228315
991.50016,0.010208595
992.08797,-0.099615052
992.67595,-0.044732823
993.2641,0.049365086
993.85244,0.049345343
994.44094,0.049325594
995.02962,0.049305839
995.61847,0.0022272547
996.2075,0.049266312
996.7967,0.049246539
997.38608,0.049226761
997.97563,0.049206977
998.56535,0.049187187
999.15525,0.049167391
999.74532,0.049147589
1000.3356,0.049127781
1000.926,0.049107968
1001.5166,0.049088149
1002.1074,0.049068324
1002.6983,0.033362218
1003.2894,0.049028656
1003.8807,0.049008813
1004.4722,-0.076501231
1005.0638,-0.09220736
1005.6556,-0.013795848
1006.2476,0.0018705606
1006.8398,-0.0059924485
1007.4321,0.048889635
1008.0246,0.048869751
1008.6173,0.033163587
1009.2102,0.048829966
1009.8032,0.048810065
1010.3964,0.048790158
1010.9898,0.048770246
1011.5834,0.048750327
1012.1771,0.048730402
1012.771,0.048710472
1013.3651,0.048690536
1013.9593,0.048670594
1014.5538,0.048650646
1015.1484,0.048630692
1015.7431,0.048610733
1016.3381,0.048590767
1016.9332,0.048570796
1017.5285,0.048550819
1018.124,0.048530836
1018.7196,0.048510847
1019.3154,0.048490853
1019.9114,0.048470852
1020.5076,0.048450846
1021.1039,-0.061373088
1021.7005,-0.014334282
1022.2972,0.048390792
1022.894,0.048370762
1023.4911,0.048350727
1024.0883,0.048330685
1024.6857,0.048310638
1025.2832,0.048290585
1025.881,0.048270526
1026.4789,0.048250461
1027.077,0.048230391
1027.6752,0.048210314
1028.2737,0.048190232
1028.8723,0.048170144
1029.471,0.04815005
1030.07,0.032443675
1030.6691,0.048109844
1031.2684,0.048089733
1031.8679,-0.093106855
1032.4676,-0.053911292
1033.0674,0.048029363
1033.6674,0.048009228
1034.2676,0.047989087
1034.8679,-0.038305569
1035.4684,-0.085384545
1036.0691,-0.085404703
1036.67,0.047908466
1037.2711,0.040045159
1037.8723,-0.14821031
1038.4737,-0.11685794
1039.0752,-0.069819308
1039.677,-0.10905519
1040.2789,0.024257946
1040.881,0.047767153
1041.4833,0.047746942
1042.0857,0.047726726
1042.6883,0.047706503
1043.2911,-0.13270588
1043.8941,0.026005393
1044.4972,0.051383869
1045.1005,0.053233467
1045.704,0.0550836
1046.3077,-0.11561475
1046.9115,0.058785467
1047.5155,0.060637201
1048.1197,0.062489469
1048.724,0.064342272
1049.3286,0.066195608
1049.9333,0.052363204
1050.5382,0.069903883
1051.1432,0.0011705866
1051.7484,0.05792802
1052.3538,0.044097752
1052.9594,0.038111155
1053.5652,0.079183916
1054.1711,0.06535525
1054.7772,0.0044682949
1055.3835,0.084758344
1055.9899,0.055245006
1056.5965,0.041418476
1057.2033,0.090337578
1057.8103,0.092198391
1058.4174,0.094059738
1059.0247,0.095921618
1059.6322,0.097784033
1060.2399,0.099646982
1060.8477,0.10151046
1061.4558,0.095531344
1062.0639,0.10523903
1062.6723,0.10710412
1063.2808,0.10896974
1063.8896,0.11083589
1064.4984,0.11270258
1065.1075,0.1145698
1065.7167,0.11643755
1066.3261,0.11830584
1066.9357,0.12017466
1067.5455,0.12204402
1068.1554,0.12391391
1068.7655,0.12578434
1069.3758,0.1276553
1069.9862,0.12952679
1070.5969,0.1078694
1071.2077,0.13327138
1071.8186,0.13514447
1072.4298,0.1370181
1073.0411,0.13889226
1073.6526,0.14076696
1074.2643,0.14264219
1074.8761,0.14451796
1075.4882,0.14639426
1076.1004,0.14827109
1076.7127,0.15014846
1077.3253,0.15202636
1077.938,0.15390479
1078.5509,0.15578376
1079.1639,0.15766327
1079.7772,0.15954331
1080.3906,0.16142388
1081.0042,0.16330498
1081.6179,0.16518662
1082.2319,0.16706879
1082.846,0.1689515
1083.4603,0.17083474
1084.0747,0.0001694996
1084.6894,0.033426358
1085.3042,0.17648767
1085.9192,0.17837305
1086.5343,0.18025896
1087.1496,0.18214541
1087.7651,0.18403239
1088.3808,0.1859199
1088.9967,0.18780795
1089.6127,0.18969653
1090.2289,0.19158565
1090.8453,0.19347529
1091.4618,0.19536548
1092.0786,0.1972562
1092.6954,0.19914745
1093.3125,0.20103923
1093.9298,0.20293155
1094.5472,0.14207931
1095.1648,0.034168776
1095.7826,0.11449407
1096.4005,0.13991794
1097.0186,0.21240116
1097.6369,0.21429669
1098.2554,0.11423196
1098.874,0.12397169
1099.4928,0.18077078
1100.1118,0.22188412
1100.731,0.22378232
1101.3503,0.22568104
1101.9698,0.22758031
1102.5895,0.2294801
1103.2094,0.23138043
1103.8294,0.2332813
1104.4496,0.23518269
1105.07,0.23708463
1105.6905,0.23898709
1106.3113,0.24089009
1106.9322,0.24279363
1107.5532,0.2446977
1108.1745,0.2466023
1108.7959,0.24850743
1109.4175,0.17982487
1110.0393,0.2287899
1110.6613,0.25422605
1111.2834,0.25613332
1111.9057,0.25804113
1112.5281,0.17367496
1113.1508,0.2540152
1113.7736,0.26376775
1114.3966,0.26567769
1115.0198,0.26758817
1115.6431,0.26949918
1116.2666,0.27141072
1116.8903,0.2733228
1117.5142,0.27523541
1118.1382,0.27714856
1118.7624,0.27906224
1119.3868,0.28097645
1120.0114,0.27504807
1120.6361,0.28480649
1121.261,0.2867223
1121.8861,0.28863865
1122.5114,0.12584966
1123.1368,0.14345335
1123.7624,0.17674385
1124.3882,0.24925057
1125.0142,0.25901273
1125.6403,0.25308915
1126.2666,0.30206806
1126.8931,0.30398868
1127.5197,0.29022356
1128.1466,0.30783153
1128.7736,0.30975375
1129.4007,0.31167651
1130.0281,0.28222726
1130.6556,0.31552363
1131.2833,0.24685976
1131.9112,0.27231407
1132.5392,0.32129832
1133.1674,0.20557722
1133.7958,0.32515078
1134.4244,0.32707781
1135.0531,0.32900537
1135.6821,0.33093347
1136.3111,0.15246995
1136.9404,0.12302657
1137.5698,0.29750529
1138.1995,0.21316101
1138.8293,0.24646433
1139.4592,0.23270936
1140.0893,0.29738629
1140.7197,0.22873043
1141.3501,0.31693785
1141.9808,0.060047756
1142.6116,0.11688369
1143.2426,0.13450447
1143.8738,0.34820422
1144.5052,0.35798293
1145.1367,0.21874257
1145.7684,0.29126745
1146.4003,0.28536149
1147.0323,0.20886783
1147.6646,0.27355117
1148.297,0.25196054
1148.9295,0.27742926
1149.5623,0.37348676
1150.1952,0.28130949
1150.8283,0.31462296
1151.4616,0.1675448
1152.095,0.29497698
1152.7286,0.383194
1153.3624,0.38513706
1153.9964,0.38708064
1154.6306,0.35765221
1155.2649,0.30469491
1155.8994,0.3929146
1156.534,0.37917405
1157.1689,0.21641442
1157.8039,0.17130239
1158.4391,0.36148501
1159.0744,0.3085309
1159.71,0.36538126
1160.3457,0.39870273
1160.9816,0.094769838
1161.6176,0.22221003
1162.2538,0.26337624
1162.8903,0.41434691
1163.5268,0.40845537
1164.1636,0.31628985
1164.8005,0.34961507
1165.4376,0.19470552
1166.0749,0.19665925
1166.7124,0.057437045
1167.35,0.16919577
1167.9878,0.27311189
1168.6258,0.33781285
1169.2639,0.39467121
1169.9022,0.43584384
1170.5407,0.39074248
1171.1794,0.43975931
1171.8182,0.3476002
1172.4573,0.42014751
1173.0965,0.42995025
1173.7358,0.43191039
1174.3754,0.28485146
1175.0151,0.16132247
1175.655,0.24955872
1176.295,0.27505041
1176.9353,0.15152302
1177.5757,0.34172166
1178.2163,0.37505809
1178.857,-0.054350047
1179.498,-0.08375765
1180.1391,-0.12100786
1180.7804,0.11625228
1181.4218,0.23586588
1182.0635,0.08097022
1182.7053,0.30254568
1183.3472,0.15549422
1183.9894,0.33785506
1184.6317,0.37119683
1185.2742,0.32610776
1185.9169,0.40650942
1186.5598,0.21240181
1187.2028,0.26143199
1187.846,0.48301172
1188.4894,0.49282728
1189.1329,0.49480023
1189.7766,0.49677372
1190.4205,0.49874775
1191.0646,0.40660466
1191.7088,0.43210916
1192.3533,0.46545734
1192.9979,0.37331585
1193.6426,0.43019451
1194.2876,0.47138742
1194.9327,0.38709068
1195.578,0.41259839
1196.2234,0.35967526
1196.8691,0.44792913
1197.5149,0.34010511
1198.1609,0.3969875
1198.807,0.49308611
1199.4534,0.52644016
1200.0999,0.32450063
1200.7466,0.50687536
1201.3934,0.37552513
1202.0405,0.31476367
1202.6877,0.2461596
1203.335,0.22461489
1203.9826,0.077580525
1204.6303,-0.28906115
1205.2782,-0.24785916
1205.9263,-0.11253899
1206.5746,0.12474251
1207.223,0.016926495
1207.8716,-0.29481055
1208.5204,0.13070784
1209.1693,0.23465813
1209.8184,0.35429524
1210.4677,0.34844268
1211.1172,0.34259065
1211.7668,0.46222936
1212.4167,0.56618232
1213.0667,0.52895935
1213.7168,0.57016829
1214.3672,0.39176992
1215.0177,0.30748972
1215.6684,0.39575908
1216.3192,0.46049957
1216.9703,0.20367196
1217.6215,0.072335077
1218.2729,-0.019785582
1218.9244,0.044957037
1219.5762,0.29793548
1220.2281,0.31562035
1220.8802,-0.18434131
1221.5324,-0.20587107
1222.1849,-0.086223817
1222.8375,0.1667573
1223.4902,0.40405268
1224.1432,0.4531133
1224.7963,0.42374307
1225.4496,0.56692241
1226.1031,0.47480815
1226.7568,0.54740032
1227.4106,0.51803223
1228.0646,0.16709605
1228.7188,-0.16031018
1229.3731,-0.25242176
1230.0276,0.047624056
1230.6823,-0.099388418
1231.3372,-0.45816506
1231.9922,-0.56596078
1232.6475,-0.26672069
1233.3029,-0.28904891
1233.9584,-0.44471014
1234.6142,-0.30233184
1235.2701,-0.057992433
1235.9262,-0.0097311384
1236.5824,-0.12617541
1237.2389,-0.28183504
1237.8955,-0.045337496
1238.5523,-0.0049180614
1239.2092,0.1217762
1239.8664,-0.018195882
1240.5237,0.0065382358
1241.1812,0.13323346
1241.8388,0.0089486053
1242.4967,0.11995819
1243.1547,0.30939947
1243.8128,0.090997926
1244.4712,0.021616313
1245.1297,0.077725214
1245.7884,-0.28969498
1246.4473,-0.013977594
1247.1064,0.073504814
1247.7656,0.027654208
1248.425,-0.29270588
1249.0846,-0.45501011
1249.7443,-0.74279562
1250.4042,-0.46586632
1251.0643,-0.22814379
1251.7246,0.1664504
1252.385,0.40419077
1253.0457,0.44586163
1253.7064,0.54244337
1254.3674,0.57628892
1255.0286,0.58661399
1255.6899,0.77734013
1256.3514,0.66219284
1257.013,0.84509369
1257.6749,0.96525835
1258.3369,0.92072606
1258.9991,1.0409086
1259.6614,1.0669823
1260.324,0.92835915
1260.9867,0.84464685
1261.6496,1.0040807
1262.3126,1.1478372
1262.9758,0.84454384
1263.6392,0.51772996
1264.3028,0.60661127
1264.9666,0.91510935
1265.6305,0.89420458
1266.2946,1.0301715
1266.9589,0.93085317
1267.6233,1.1217399
1268.288,1.2028316
1268.9528,1.0721675
1269.6177,1.0826888
1270.2829,1.3755719
1270.9482,1.2998365
1271.6137,1.1456787
1272.2794,0.96015725
1272.9452,1.1589584
1273.6112,1.3577685
1274.2774,1.4154111
1274.9438,1.5044351
1275.6103,1.4601347
1276.2771,1.4942746
1276.9439,1.442149
1277.611,1.4214047
1278.2783,1.3379243
1278.9457,1.4034725
1279.6132,1.6807942
1280.281,1.62087
1280.9489,1.9060527
1281.6171,1.712813
1282.2853,1.8646802
1282.9538,2.0087133
1283.6224,2.0743238
1284.2912,2.1321002
1284.9602,2.0094933
1285.6294,2.1927777
1286.2987,2.203522
1286.9682,2.1044712
1287.6379,2.0054294
1288.3077,2.0946319
1288.9778,2.2230589
1289.648,2.2809066
1290.3183,2.2289593
1290.9889,1.9103542
1291.6596,2.2584248
1292.3305,2.4496415
1293.0016,2.5075338
1293.6728,2.392886
1294.3442,2.4037373
1295.0158,2.6420485
1295.6876,2.7235059
1296.3595,2.4128154
1297.0316,2.6668396
1297.7039,2.6542061
1298.3764,2.9004051
1299.049,2.9583777
1299.7218,2.9379278
1300.3948,2.9723888
1301.068,2.849996
1301.7413,2.7668278
1302.4148,3.2326881
1303.0885,3.2279691
1303.7624,3.0585531
1304.4364,2.9048323
1305.1106,3.0726891
1305.785,3.0366332
1306.4595,3.0084294
1307.1343,3.0821953
1307.8092,2.9677348
1308.4843,2.9787734
1309.1595,3.2878602
1309.8349,3.0714657
1310.5105,3.192335
1311.1863,3.3524289
1311.8622,3.4968455
1312.5384,3.3353886
1313.2147,3.307274
1313.8911,3.4125016
1314.5678,3.4863656
1315.2446,3.2072974
1315.9216,3.100787
1316.5988,3.1746778
1317.2761,3.3740677
1317.9536,3.4401331
1318.6313,3.5454232
1319.3092,3.6036634
1319.9872,3.7325007
1320.6654,3.6260528
1321.3438,3.7941236
1322.0224,3.7739681
1322.7011,3.9028411
1323.38,3.7885858
1324.0591,4.0429668
1324.7384,4.0306901
1325.4178,3.9399909
1326.0974,4.037536
1326.7772,4.2292076
1327.4571,4.2718685
1328.1372,4.2204207
1328.8176,4.2630995
1329.498,4.1646107
1330.1787,4.1837779
1330.8595,4.3362873
1331.5405,4.2927272
1332.2217,4.1079996
1332.903,4.0566142
1333.5845,4.1934731
1334.2662,4.2911252
1334.9481,4.3966293
1335.6302,4.2590051
1336.3124,4.0429585
1336.9948,4.2896658
1337.6773,4.4344213
1338.3601,4.5007544
1339.043,4.5984689
1339.7261,4.7589374
1340.4093,4.7703953
1341.0928,4.6720581
1341.7764,4.6207887
1342.4602,4.4754106
1343.1441,4.4398453
1343.8283,4.4435046
1344.5126,4.572663
1345.1971,4.8430068
1345.8817,4.9251242
1346.5666,5.03078
1347.2516,4.8933074
1347.9367,4.881334
1348.6221,5.0811341
1349.3076,5.2887864
1349.9933,5.4807613
1350.6792,5.4060784
1351.3652,5.307875
1352.0515,5.3822296
1352.7379,5.2762009
1353.4244,5.2486126
1354.1112,5.440641
1354.7981,5.5464038
1355.4852,5.4404108
1356.1725,5.5148189
1356.8599,5.5813927
1357.5475,5.5381716
1358.2353,5.2282927
1358.9233,5.2086189
1359.6114,5.0948363
1360.2998,5.3889057
1360.9882,5.3300429
1361.6769,5.3025616
1362.3657,5.549599
1363.0548,5.8123315
1363.7439,6.0986024
1364.4333,6.3064509
1365.1228,6.153524
1365.8125,5.8672726
1366.5024,5.8790694
1367.1925,6.1889143
1367.8827,6.1693564
1368.5731,6.1733368
1369.2637,5.9263458
1369.9545,6.1107362
1370.6454,6.036312
1371.3365,5.9540535
1372.0278,5.9502354
1372.7192,5.9777987
1373.4108,6.0759592
1374.1026,6.197658
1374.7946,6.1860325
1375.4868,6.2763766
1376.1791,6.4216316
1376.8716,6.6217974
1377.5642,6.3905997
1378.2571,6.6143128
1378.9501,6.5948976
1379.6433,6.4107854
1380.3367,6.5325645
1381.0302,6.6543525
1381.7239,6.9565416
1382.4178,6.992073
1383.1119,6.7374172
1383.8061,6.6317899
1384.5005,6.7928382
1385.1951,6.8048758
1385.8899,6.9031968
1386.5848,6.954468
1387.2799,7.0292775
1387.9752,6.9786056
1388.6706,6.9122565
1389.3663,6.8694457
1390.0621,6.8501732
1390.7581,7.0897331
1391.4542,7.2430275
1392.1505,7.3963307
1392.847,7.3378782
1393.5437,7.3657092
1394.2406,7.5582549
1394.9376,7.6723782
1395.6348,7.4178829
1396.3322,7.6339848
1397.0297,7.4500956
1397.7274,7.587784
1398.4253,7.5686185
1399.1234,7.722011
1399.8216,7.6950202
1400.5201,7.6837247
1401.2187,7.272438
1401.9174,7.3082191
1402.6164,7.7832248
1403.3155,7.9523571
1404.0148,7.7371845
1404.7142,7.6788836
1405.4139,7.7303956
1406.1137,7.8760341
1406.8137,7.9432502
1407.5138,8.0104752
1408.2142,7.8345719
1408.9147,8.0822069
1409.6153,8.0788704
1410.3162,8.201033
1411.0172,8.0879105
1411.7184,8.2257772
1412.4198,8.3244372
1413.1214,8.2113414
1413.8231,8.0590389
1414.525,8.126353
1415.2271,7.8172056
1415.9293,7.6178709
1416.6318,7.9126629
1417.3344,7.8702088
1418.0371,8.1022735
1418.7401,8.0049353
1419.4432,8.3938806
1420.1465,8.3436191
1420.85,8.0972881
1421.5536,8.1254758
1422.2574,8.130143
1422.9614,8.3308975
1423.6656,7.9983277
1424.3699,8.2226295
1425.0744,8.2194892
1425.7791,8.1143971
1426.484,8.4328434
1427.189,8.4846318
1427.8942,8.2540763
1428.5996,8.6666669
1429.3052,8.8988743
1430.0109,8.4252082
1430.7168,8.343708
1431.4229,8.3798637
1432.1292,8.7062244
1432.8356,8.7816136
1433.5422,9.0060314
1434.249,8.8069287
1434.9559,8.5372466
1435.6631,8.8636519
1436.3704,9.3390858
1437.0778,8.928254
1437.7855,8.8076273
1438.4933,9.1575977
1439.2013,9.0762044
1439.9095,9.1987417
1440.6178,9.156582
1441.3263,9.0124704
1442.035,8.8291521
1442.7439,8.8576074
1443.4529,9.5841108
1444.1622,9.2517996
1444.8716,9.5234189
1445.5811,9.6930864
1446.2909,9.478449
1447.0008,9.004997
1447.7109,9.0178285
1448.4211,9.1483159
1449.1316,9.208224
1449.8422,9.4171606
1450.553,9.6182631
1451.2639,9.4350607
1451.9751,9.4244162
1452.6864,9.2255454
1453.3978,9.0580561
1454.1095,9.3219482
1454.8213,9.6799669
1455.5333,9.9830925
1456.2455,10.050933
1456.9579,10.110939
1457.6704,10.155268
1458.3831,10.066273
1459.096,9.41258
1459.809,9.6843866
1460.5222,9.5640453
1461.2356,9.2554776
1461.9492,9.3939776
1462.663,9.5168003
1463.3769,9.4357104
1464.091,9.5114921
1464.8052,9.3833611
1465.5197,9.3179842
1466.2343,9.9584985
1466.9491,9.3441198
1467.6641,9.5219069
1468.3792,8.7271539
1469.0945,9.1951549
1469.81,9.5298314
1470.5257,9.3703993
1471.2415,9.3913682
1471.9575,9.5613657
1472.6737,10.217647
1473.3901,9.9562893
1474.1066,9.5772939
1474.8233,9.457131
1475.5402,10.042859
1476.2572,10.503106
1476.9745,10.100617
1477.6919,10.043235
1478.4095,10.660372
1479.1272,10.242223
1479.8451,10.012319
1480.5632,10.009874
1481.2815,10.195674
1482,10.193247
1482.7186,10.269261
1483.4374,10.235479
1484.1564,9.9585695
1484.8755,10.638531
1485.5948,10.785169
1486.3143,10.586717
1487.034,9.9333728
1487.7538,10.738861
1488.4739,11.207102
1489.194,10.930255
1489.9144,10.567142
1490.6349,10.549136
1491.3557,10.90761
1492.0765,10.928837
1492.7976,10.950074
1493.5188,10.775241
1494.2403,10.498456
1494.9618,10.731484
1495.6836,11.058639
1496.4055,10.797567
1497.1276,10.591406
1497.8499,10.236234
1498.5724,9.3398951
1499.295,9.6435648
1500.0178,10.276655
1500.7408,10.799951
1501.4639,10.938941
1502.1873,11.470098
1502.9108,11.224792
1503.6345,11.591261
1504.3583,11.06362
1505.0823,10.920303
1505.8065,10.24366
1506.5309,10.092517
1507.2554,11.00805
1507.9802,10.762807
1508.7051,10.148946
1509.4301,10.029211
1510.1554,9.7447792
1510.8808,9.4838858
1511.6064,9.4975111
1512.3321,9.32291
1513.0581,9.6032198
1513.7842,9.9384404
1514.5105,10.116807
1515.2369,9.9657713
1515.9636,10.167685
1516.6904,10.589216
1517.4174,10.46958
1518.1445,10.342109
1518.8719,10.849941
1519.5994,10.926409
1520.3271,11.246024
1521.0549,11.149961
1521.7829,11.014692
1522.5111,11.083353
1523.2395,10.822611
1523.9681,10.279525
1524.6968,9.9168405
1525.4257,10.032596
1526.1548,10.179733
1526.884,9.3778594
1527.6135,8.8034456
1528.3431,10.832962
1529.0728,10.564449
1529.8028,10.295944
1530.5329,10.835291
1531.2632,11.382491
1531.9937,10.925778
1532.7243,10.790642
1533.4551,10.733947
1534.1861,10.198829
1534.9173,10.46372
1535.6486,10.752149
1536.3801,11.126862
1537.1118,10.325113
1537.8437,9.0763148
1538.5757,9.254976
1539.3079,9.14345
1540.0403,9.431933
1540.7729,9.5557189
1541.5056,9.8912786
1542.2385,10.250377
1542.9716,9.4330128
1543.7048,9.3215403
1544.4383,10.057136
1545.1719,9.945681
1545.9057,9.8577647
1546.6396,10.569857
1547.3737,10.670194
1548.108,11.460736
1548.8425,11.498346
1549.5772,11.363415
1550.312,10.483396
1551.047,10.568091
1551.7822,10.59005
1552.5175,10.753194
1553.253,10.775171
1553.9887,10.106961
1554.7246,10.419151
1555.4606,10.033312
1556.1968,9.2239518
1556.9332,9.0969536
1557.6698,8.5385918
1558.4065,8.2939645
1559.1434,8.6062087
1559.8805,9.4125796
1560.6178,8.8777829
1561.3552,8.4684853
1562.0928,9.4239025
1562.8306,8.9910933
1563.5686,9.6014303
1564.3067,10.290208
1565.045,10.06919
1565.7835,9.4952399
1566.5222,9.2507107
1567.261,9.3748177
1568,9.1381494
1568.7392,8.4544312
1569.4785,8.7040553
1570.2181,7.9732961
1570.9578,8.4582321
1571.6976,7.970628
1572.4377,8.9183269
1573.1779,8.5719172
1573.9183,7.9353202
1574.6589,7.9575557
1575.3996,9.1327413
1576.1405,9.9393084
1576.8816,9.867453
1577.6229,9.1446261
1578.3643,9.6923964
1579.106,9.6597835
1579.8478,9.4938462
1580.5897,9.571055
1581.3319,9.7188609
1582.0742,9.3960876
1582.8167,8.8066565
1583.5593,9.3858618
1584.3022,9.7297819
1585.0452,9.163907
1585.7883,9.2960802
1586.5317,8.549831
1587.2752,8.8467279
1588.0189,8.931869
1588.7628,8.9229015
1589.5069,8.3021781
1590.2511,8.6853852
1590.9955,9.1784052
1591.7401,10.38516
1592.4848,9.7487856
1593.2298,9.7006559
1593.9749,10.366261
1594.7201,10.882855
1595.4656,10.050438
1596.2112,9.0376379
1596.957,8.4405331
1597.703,8.9806922
1598.4491,9.8659582
1599.1955,8.6649587
1599.9419,8.7816151
1600.6886,9.4237706
1601.4355,9.7678958
1602.1825,8.9041868
1602.9297,9.8522515
1603.677,12.023854
1604.4246,13.066055
1605.1723,13.480813
1605.9202,14.287737
1606.6682,13.486826
1607.4165,11.92514
1608.1649,11.524248
1608.9135,10.550815
1609.6622,10.746019
1610.4112,10.243192
1611.1603,9.810963
1611.9095,9.9905072
1612.659,9.9896682
1613.4086,8.553544
1614.1584,9.1644875
1614.9084,9.0538714
1615.6586,7.8373818
1616.4089,6.5659991
1617.1594,5.9377626
1617.9101,6.7291429
1618.6609,7.5283753
1619.4119,7.1589891
1620.1631,6.6092196
1620.9145,7.7614199
1621.666,8.9606879
1622.4178,8.7874159
1623.1697,8.8494468
1623.9217,8.7859965
1624.674,9.0049081
1625.4264,9.4512795
1626.179,9.1996206
1626.9317,10.242088
1627.6847,11.088487
1628.4378,10.060384
1629.1911,9.3146431
1629.9445,9.8002837
1630.6982,10.285933
1631.452,9.2813957
1632.206,8.2454944
1632.9601,8.5194061
1633.7145,8.1580325
1634.469,7.8594129
1635.2237,7.9764886
1635.9785,8.3916123
1636.7335,8.8145881
1637.4887,9.700318
1638.2441,10.31939
1638.9997,11.032589
1639.7554,9.5654042
1640.5113,9.2197971
1641.2674,10.356552
1642.0236,10.034492
1642.78,9.1398923
1643.5366,7.4531445
1644.2934,7.2566017
1645.0504,8.2443815
1645.8075,7.8753075
1646.5648,7.1768306
1647.3222,5.9607156
1648.0799,5.7093155
1648.8377,6.7834144
1649.5957,5.4967379
1650.3538,5.4100704
1651.1122,5.7155686
1651.8707,6.9230366
1652.6294,7.252082
1653.3882,6.012509
1654.1473,7.5572586
1654.9065,7.4784877
1655.6659,7.0624708
1656.4254,7.0778354
1657.1852,5.5245815
1657.9451,5.9556502
1658.7052,6.2141788
1659.4654,5.7746771
1660.2258,5.6096941
1660.9864,4.7466809
1661.7472,5.6326962
1662.5082,4.4638184
1663.2693,3.7184789
1664.0306,4.4711876
1664.7921,4.9415523
1665.5537,5.0903573
1666.3155,5.6627005
1667.0775,7.8428959
1667.8397,8.9642766
1668.6021,8.5797839
1669.3646,8.187457
1670.1273,8.9088645
1670.8901,8.6891045
1671.6532,7.2536671
1672.4164,5.7398072
1673.1798,6.9945837
1673.9434,6.8846633
1674.7071,6.4374968
1675.471,6.1628883
1676.2351,5.6608378
1676.9994,5.950953
1677.7638,6.115587
1678.5284,5.7468965
1679.2932,5.8644895
1680.0581,6.0448364
1680.8233,5.7702904
1681.5886,5.5506552
1682.3541,6.1545583
1683.1197,6.6408234
1683.8855,7.8251365
1684.6515,8.405537
1685.4177,8.734966
1686.1841,8.5467569
1686.9506,7.4487528
1687.7173,7.3546792
1688.4842,7.2998302
1689.2512,5.5665587
1690.0184,5.880355
1690.7858,5.0333758
1691.5534,4.9785625
1692.3212,4.5472875
1693.0891,3.7787665
1693.8572,3.8651564
1694.6254,4.6809669
1695.3939,4.9163943
1696.1625,4.6184972
1696.9313,4.2500208
1697.7002,4.5874357
1698.4694,4.9719183
1699.2387,5.2701353
1700.0082,5.5918907
1700.7778,5.5685569
1701.5477,5.6079772
1702.3177,4.0081907
1703.0879,3.1299817
1703.8582,4.6360954
1704.6288,4.0245709
1705.3995,4.2836436
1706.1704,2.9505684
1706.9414,2.9351491
1707.7126,3.5236603
1708.484,3.4062981
1709.2556,2.7085527
1710.0274,2.2461103
1710.7993,2.4581866
1711.5714,2.9839973
1712.3437,3.6039346
1713.1161,5.1650573
1713.8887,5.534032
1714.6615,6.4049764
1715.4345,6.5308317
1716.2076,6.374343
1716.981,5.0727652
1717.7545,5.6221767
1718.5281,6.0225775
1719.302,5.0425951
1720.076,4.8234059
1720.8502,5.6238334
1721.6245,6.432113
1722.3991,5.7580486
1723.1738,4.6604637
1723.9487,4.2530838
1724.7237,4.5045364
1725.499,4.6618802
1726.2744,3.8466839
1727.05,3.6746338
1727.8257,5.063377
1728.6017,4.5854623
1729.3778,5.3389292
1730.154,5.3002481
1730.9305,5.49687
1731.7071,7.2229127
1732.4839,5.4744544
1733.2609,5.5063972
1734.0381,5.9069764
1734.8154,4.3546234
1735.5929,4.0807106
1736.3706,3.822493
1737.1484,3.8780098
1737.9264,2.9453003
1738.7046,2.7027957
1739.483,3.1818687
1740.2615,3.0805585
1741.0403,2.4772964
1741.8191,1.5211021
1742.5982,2.3923676
1743.3775,2.0950146
1744.1569,1.938847
1744.9365,1.6258256
1745.7162,1.9324209
1746.4962,1.9723585
1747.2763,1.5809325
1748.0566,1.1424565
1748.837,2.2804601
1749.6177,1.442002
1750.3985,2.4702195
1751.1795,2.8709949
1751.9606,1.2717792
1752.7419,1.876494
1753.5234,2.2537668
1754.3051,1.4075191
1755.087,0.47500578
1755.869,0.35818765
1756.6512,0.44530002
1757.4336,1.1755586
1758.2161,2.9489633
1758.9989,4.1106122
1759.7818,4.1193289
1760.5648,2.8653094
1761.3481,3.6191419
1762.1315,3.9337677
1762.9151,3.9111475
1763.6989,3.7316735
1764.4828,3.0816201
1765.2669,3.1060855
1766.0512,2.4795794
1766.8357,0.99033717
1767.6203,0.3795352
1768.4052,0.39619312
1769.1901,1.1736443
1769.9753,1.0883593
1770.7606,0.68151453
1771.5462,-0.18806638
1772.3318,0.64432242
1773.1177,1.8453476
1773.9037,1.7365778
1774.6899,3.0395815
1775.4763,3.2680844
1776.2629,3.6848316
1777.0496,4.6427641
1777.8365,4.1967839
1778.6236,4.1900284
1779.4109,3.8224975
1780.1983,3.6510539
1780.9859,1.7776585
1781.7737,1.8807425
1782.5616,1.3093257
1783.3497,1.3418394
1784.138,0.91946
1784.9265,0.48140328
1785.7152,0.35708096
1786.504,-0.65350695
1787.293,-0.071929071
1788.0822,0.54103027
1788.8715,-0.32051127
1789.661,0.41011297
1790.4507,0.77211868
1791.2406,-0.3011608
1792.0306,0.16282353
1792.8208,0.4135557
1793.6112,0.48391122
1794.4018,0.9464391
1795.1925,0.34231583
1795.9834,-0.7166939
1796.7745,0.77333148
1797.5658,-0.081725672
1798.3572,-1.5093163
1799.1488,-1.5564993
1799.9406,-1.038961
1800.7326,0.21584783
1801.5247,-0.88226905
1802.317,-0.69409592
1803.1095,0.16860253
1803.9021,0.73327726
1804.695,0.59992828
1805.488,2.0665948
1806.2811,2.5450415
1807.0745,2.1842881
1807.868,0.83531487
1808.6617,1.4314552
1809.4556,1.2746698
1810.2496,1.8237823
1811.0439,1.0238907
1811.8383,0.92205384
1812.6328,0.090820701
1813.4276,0.43607365
1814.2225,0.45977348
1815.0176,0.59329274
1815.8128,0.22486672
1816.6083,-0.15923008
1817.4039,0.57041413
1818.1997,0.08438756
1818.9957,0.31994513
1819.7918,1.9123809
1820.5881,1.7636558
1821.3846,2.6267109
1822.1813,4.3289971
1822.9781,3.4822793
1823.7751,3.6081259
1824.5723,3.1457528
1825.3696,2.5500619
1826.1672,2.7151708
1826.9649,1.6097069
1827.7628,1.3356311
1828.5608,0.66941395
1829.359,0.12085936
1830.1574,0.21545753
1830.956,0.45124767
1831.7548,-0.15216236
1832.5537,0.013070556
1833.3528,0.013613098
1834.1521,0.40632801
1834.9515,-0.13427491
1835.7511,-0.84741134
1836.5509,-0.21151266
1837.3509,-0.25010828
1838.151,-0.31221781
1838.9514,-0.47627261
1839.7519,-0.48344917
1840.5525,-0.67884551
1841.3534,-1.0781479
1842.1544,-0.95978776
1842.9556,-0.62964739
1843.7569,-1.0838052
1844.5585,-0.87912406
1845.3602,-0.12540776
1846.1621,-1.2148132
1846.9641,-0.86890904
1847.7664,-1.017107
1848.5688,-1.2829365
1849.3713,-0.20757409
1850.1741,0.7501568
1850.977,2.3196679
1851.7801,2.0068416
1852.5834,2.0783445
1853.3869,2.4322158
1854.1905,2.7076713
1854.9943,1.5635345
1855.7983,1.3056876
1856.6024,1.8007974
1857.4068,-0.21388113
1858.2113,0.5714558
1859.0159,1.341122
1859.8208,0.49511735
1860.6258,1.0295204
1861.431,0.70903699
1862.2364,0.36503968
1863.0419,-0.53580487
1863.8476,0.61826805
1864.6535,1.2233369
1865.4596,1.4911663
1866.2658,1.3354818
1867.0722,1.9170677
1867.8788,2.435924
1868.6856,2.6567566
1869.4925,2.4383891
1870.2996,1.7494488
1871.1069,0.3075828
1871.9144,0.83435979
1872.722,0.63174051
1873.5298,0.53109753
1874.3378,-0.047961322
1875.146,-0.64269094
1875.9543,-0.51583643
1876.7628,0.19142575
1877.5715,-0.26992403
1878.3803,-0.68419947
1879.1894,-0.20434176
1879.9986,0.040237338
1880.8079,0.33189076
1881.6175,0.23924597
1882.4272,0.15445982
1883.2371,0.97949309
1884.0472,0.84767913
1884.8574,0.40999831
1885.6679,1.1252742
1886.4785,0.19350673
1887.2892,1.0421469
1888.1002,0.80844972
1888.9113,0.33947388
1889.7226,0.66267042
1890.534,0.24078441
1891.3457,-0.43206648
1892.1575,-0.51666656
1892.9695,-0.18556488
1893.7816,-0.67797709
1894.594,-0.55076596
1895.4065,1.3725391
1896.2192,1.3821342
1897.032,0.18390164
1897.8451,0.74254734
1898.6583,1.5835615
1899.4717,0.95008134
1900.2852,1.3519108
1901.099,1.4557166
1901.9129,1.0967927
1902.7269,0.86337461
1903.5412,-0.075910369
1904.3556,1.2201143
1905.1702,0.1945858
1905.985,-0.70543698
1906.7999,0.51220281
1907.6151,0.7180934
1908.4304,0.78282302
1909.2458,0.7534505
1910.0615,0.026054266
1910.8773,0.0045558934
1911.6933,-0.21300541
1912.5095,1.2478802
1913.3258,1.6813303
1914.1423,1.4245998
1914.959,2.203179
1915.7759,1.6798128
1916.5929,1.4937171
1917.4102,1.1037153
1918.2275,0.48627807
1919.0451,0.4963073
1919.8628,0.027920663
1920.6808,0.36739267
1921.4988,0.53433116
1922.3171,-0.16145995
1923.1355,-0.34743163
1923.9541,-0.078485838
1924.7729,-0.89972062
1925.5919,-0.583685
1926.411,-0.51861427
1927.2303,0.087648446
1928.0498,0.066475682
1928.8694,0.78257332
1929.6893,0.58888255
1930.5093,0.4187367
1931.3294,0.5544887
1932.1498,-0.6587634
1932.9703,-0.93082353
1933.791,-0.62478455
1934.6119,-0.53049859
1935.4329,-0.56953427
1936.2542,-1.0948328
1937.0756,-0.92992353
1937.8971,-0.066963372
1938.7189,-0.70203075
1939.5408,-0.27041977
1940.3629,0.3729676
1941.1851,1.1732294
1942.0076,1.5186009
1942.8302,1.8482979
1943.653,1.0564379
1944.476,0.26458955
1945.2991,0.79039997
1946.1224,1.6691633
1946.9459,1.2067618
1947.7695,-0.15758883
1948.5934,-1.082712
1949.4174,-0.015666721
1950.2416,0.72982166
1951.0659,-0.28938415
1951.8905,-0.14779396
1952.7152,0.040866739
1953.54,0.37855873
1954.3651,0.34763496
1955.1903,0.5755464
1956.0157,-0.03574616
1956.8413,0.051012183
1957.667,0.45935084
1958.493,1.9343678
1959.3191,1.4799848
1960.1453,1.3314957
1960.9718,1.9438027
1961.7984,1.3247488
1962.6252,0.87825563
1963.4522,0.59648001
1964.2793,1.2637357
1965.1066,1.0055128
1965.9341,-0.037012033
1966.7618,0.018513991
1967.5896,-0.051438495
1968.4176,0.10607169
1969.2458,0.85182885
1970.0742,0.28779377
1970.9027,0.19435862
1971.7314,0.43819005
1972.5603,0.34477827
1973.3894,0.58863307
1974.2186,0.98936231
1975.048,1.2097111
1975.8776,1.3045813
1976.7074,0.11318876
1977.5373,-0.12132938
1978.3674,-0.065639749
1979.1977,0.20182627
1980.0281,-0.41697054
1980.8588,-0.00046153866
1981.6896,0.61998071
1982.5205,1.2953366
1983.3517,0.62168459
1984.183,1.2421619
1985.0145,2.780298
1985.8462,2.7184457
1986.678,2.4997424
1987.51,2.7908547
1988.3422,2.8231551
1989.1746,2.3221339
1990.0072,1.8681832
1990.8399,0.85738146
1991.6728,1.5171796
1992.5058,1.8318914
1993.3391,1.4172032
1994.1725,0.58684034
1995.0061,0.56433231
1995.8398,0.51830655
1996.6738,0.39386111
1997.5079,-0.40508245
1998.3422,-0.37264177
1999.1766,-0.14411098
2000.0113,-0.1900783
2000.8461,-0.10270061
2001.6811,-0.53295829
2002.5162,0.21326631
2003.3515,0.13597318
2004.187,-0.043269052
2005.0227,0.45201021
2005.8586,1.0178894
2006.6946,1.113192
2007.5308,0.26732987
2008.3672,0.95089117
2009.2037,0.67760141
2010.0404,0.63177432
2010.8773,0.74282165
2011.7144,-0.65984482
2012.5517,-0.29779372
2013.3891,-0.34357407
2014.2267,-0.13836234
2015.0644,-0.19196246
2015.9024,-0.65339402
2016.7405,-0.51873547
2017.5788,0.40024849
2018.4173,-0.10820685
2019.2559,-0.5539054
2020.0947,-0.31723932
2020.9337,0.13120315
2021.7729,0.46201025
2022.6122,0.10263295
2023.4517,-0.11555619
2024.2914,-0.74157678
2025.1313,0.53045353
2025.9713,0.32014258
2026.8115,-0.15682334
2027.6519,-0.10044425
2028.4924,-1.0558182
2029.3332,0.27901566
2030.1741,0.45307687
2031.0152,0.54871839
2031.8564,0.54241082
2032.6978,0.85768356
2033.5394,3.3298307
2034.3812,3.5510092
2035.2232,2.9016111
2036.0653,3.7345776
2036.9076,4.1283402
2037.7501,3.3770164
2038.5927,3.182567
2039.4355,2.6508744
2040.2785,1.8446837
2041.1217,1.3208576
2041.965,1.0950824
2042.8085,0.9555934
2043.6522,-0.22702116
2044.4961,-0.27236913
2045.3401,0.39602007
2046.1844,0.13893076
2047.0287,-0.47893118
2047.8733,-0.29678143
2048.718,-0.1381494
2049.5629,0.96167078
2050.408,1.0575811
2051.2533,0.47899326
2052.0987,-0.052524052
2052.9443,0.16106836
2053.7901,0.52369207
2054.6361,0.76083727
2055.4822,0.42544513
2056.3285,0.47437841
2057.175,0.16253906
2058.0216,0.25855453
2058.8685,0.12713071
2059.7155,-0.5454579
2060.5626,-0.1592113
2061.41,-0.14158045
2062.2575,0.079983643
2063.1052,-0.78079352
2063.9531,-0.22195115
2064.8011,-0.023881403
2065.6493,-0.10030978
2066.4977,0.0036656886
2067.3463,-0.44136677
2068.195,-0.46285812
2069.044,-0.0059064223
2069.8931,0.16086089
2070.7423,-0.66059541
2071.5918,0.57286193
2072.4414,0.78672312
2073.2912,0.82804698
2074.1411,0.36742174
2074.9913,1.5460239
2075.8416,1.6971867
2076.6921,0.89934162
2077.5427,0.76033174
2078.3935,1.1468238
2079.2446,1.3137196
2080.0957,2.0688624
2080.9471,1.7259777
2081.7986,2.4889871
2082.6503,1.6363218
2083.5022,0.34445259
2084.3543,-0.19446379
2085.2065,0.18427857
2086.0589,0.2649934
2086.9115,-0.25035851
2087.7642,-0.09118894
2088.6171,-0.17514493
2089.4702,-0.51006963
2090.3235,-0.2881199
2091.1769,-0.19949182
2092.0306,-0.53438146
2092.8844,-0.46925942
2093.7383,-0.63157667
2094.5925,0.45317659
2095.4468,0.43990231
2096.3013,0.1678162
2097.1559,0.58593785
2098.0108,0.47858099
2098.8658,1.524177
2099.721,1.3697847
2100.5763,1.0193256
2101.4319,1.3826037
2102.2876,0.45177589
2103.1435,0.32095973
2103.9995,0.12741016
2104.8558,0.37308796
2105.7122,0.7756402
2106.5688,-0.061011571
2107.4255,0.30234835
2108.2824,-0.095064362
2109.1395,-0.49246539
2109.9968,0.16112567
2110.8543,-0.1970363
2111.7119,0.33893107
2112.5697,-0.30156046
2113.4277,-0.34596188
2114.2858,-0.17074377
2115.1441,0.067231126
2116.0026,0.45423731
2116.8613,0.38635323
2117.7202,0.5851475
2118.5792,0.53297306
2119.4384,-0.38977793
2120.2977,-0.61447802
2121.1573,0.047108088
2122.017,-0.60109804
2122.8769,-0.47010713
2123.737,-0.14302873
2124.5972,0.35660775
2125.4576,0.1033121
2126.3182,-0.22056272
2127.179,0.27910094
2128.0399,-0.74279498
2128.901,-0.14899557
2129.7623,0.076185455
2130.6238,0.011179456
2131.4854,-0.038131209
2132.3472,-0.056060267
2133.2092,-0.96809791
2134.0713,-0.32718533
2134.9337,-0.70587152
2135.7962,-0.48847023
2136.6588,-0.082824587
2137.5217,-0.38305224
2138.3847,0.7128076
2139.2479,1.0635785
2140.1113,0.47318191
2140.9748,0.35338265
2141.8386,1.1277101
2142.7025,1.2824388
2143.5665,0.32345098
2144.4308,0.33399331
2145.2952,0.43081859
2146.1598,0.22176998
2147.0246,-0.081387843
2147.8895,-0.46296859
2148.7546,-0.93081539
2149.6199,-0.76335963
2150.4854,-0.38413071
2151.351,-0.24018747
2152.2168,0.076313243
2153.0828,-0.05423642
2153.949,-0.75732665
2154.8153,-1.146683
2155.6818,-0.40661904
2156.5485,0.31776705
2157.4154,-0.67548547
2158.2824,-0.76676876
2159.1496,-0.3325534
2160.017,0.15657236
2160.8845,0.57511834
2161.7523,0.61720217
2162.6202,1.7730199
2163.4882,2.2935521
2164.3565,2.2337004
2165.2249,2.5973867
2166.0935,3.3061794
2166.9623,3.7326277
2167.8312,3.5551628
2168.7004,3.8326084
2169.5697,4.3375133
2170.4391,2.9992895
2171.3088,2.2885251
2172.1786,2.7777691
2173.0486,2.3023157
2173.9188,2.0543217
2174.7891,2.1122186
2175.6596,1.3152219
2176.5303,1.1849003
2177.4012,1.5800774
2178.2722,1.3948708
2179.1434,0.44104512
2180.0148,0.90683577
2180.8864,0.45498782
2181.7581,0.57569733
2182.63,0.35131725
2183.5021,-0.50050536
2184.3744,0.059445177
2185.2468,0.78411005
2186.1194,0.76368533
2186.9922,0.65699455
2187.8651,0.61305731
2188.7383,0.52991284
2189.6116,0.41540426
2190.4851,0.70090414
2191.3587,0.67268697
2192.2325,0.71506648
2193.1065,0.012356403
2193.9807,-0.078580521
2194.8551,0.15205963
2195.7296,-0.54278197
2196.6043,-1.0101641
2197.4791,0.067560186
2198.3542,-0.054707047
2199.2294,-0.81225995
2200.1048,-0.26784362
2200.9804,0.32363998
2201.8561,-0.10447581
2202.732,0.13408351
2203.6081,0.15304343
2204.4844,-0.22014506
2205.3608,0.78706706
2206.2374,0.4844837
2207.1142,0.17406565
2207.9912,0.16953841
2208.8683,0.21207843
2209.7456,0.5189247
2210.6231,-0.35069165
2211.5008,-0.36539805
2212.3786,0.5846094
2213.2566,-0.088904577
2214.1348,-0.22123411
2215.0131,-0.35355566
2215.8917,-0.29763395
2216.7704,-0.084841505
2217.6493,-0.75047246
2218.5283,-0.23178171
2219.4075,0.48299545
2220.2869,0.2958198
2221.1665,0.60276977
2222.0463,0.97247282
2222.9262,1.2715956
2223.8063,1.6570009
2224.6865,2.2855514
2225.567,2.7807766
2226.4476,2.4446372
2227.3284,2.4222312
2228.2094,2.2821862
2229.0905,3.0441099
2229.9718,2.2374142
2230.8533,2.1915107
2231.735,2.3887525
2232.6168,2.0526689
2233.4988,1.0028679
2234.381,0.95699632
2235.2634,0.96603473
2236.1459,0.52802228
2237.0286,1.1331551
2237.9115,1.3069233
2238.7946,1.6767779
2239.6778,0.46232679
2240.5612,-0.13250851
2241.4448,0.44129161
2242.3285,1.1327468
2243.2125,0.10656286
2244.0966,0.31960261
2244.9808,1.8189248
2245.8653,1.9064903
2246.7499,2.0097501
2247.6347,2.5051747
2248.5197,3.4947249
2249.4048,3.0411459
2250.2902,3.4267905
2251.1757,3.7889137
2252.0613,2.5824174
2252.9472,1.4386741
2253.8332,1.8557232
2254.7194,1.8649371
2255.6058,0.72121782
2256.4923,1.0755457
2257.379,0.17497964
2258.2659,0.37246075
2259.153,0.23269494
2260.0402,0.64979985
2260.9276,0.25122647
2261.8152,0.072268902
2262.703,0.31684873
2263.5909,0.53790712
2264.479,0.32760094
2265.3673,-0.00034432565
2266.2558,0.44818898
2267.1444,-0.38170111
2268.0332,-0.7017793
2268.9222,-0.48067305
2269.8113,-0.40857842
2270.7007,-0.25020131
2271.5902,0.34739947
2272.4798,0.61559646
2273.3697,0.17007594
2274.2597,-0.040142492
2275.1499,-0.36015686
2276.0403,0.36851633
2276.9308,0.49327547
2277.8216,0.23372843
2278.7125,-0.080713058
2279.6035,-0.081421523
2280.4948,0.25513244
2281.3862,0.20738021
2282.2778,-0.14624685
2283.1695,-0.8606507
2284.0615,-0.68092937
2284.9536,0.039975957
2285.8459,0.79226136
2286.7384,0.46220135
2287.631,0.37528612
2288.5238,0.63347646
2289.4168,0.12304688
2290.31,0.34987972
2291.2033,0.39632794
2292.0968,1.0074896
2292.9905,1.3441489
2293.8843,0.1670903
2294.7784,1.0841569
2295.6726,1.3424074
2296.567,-0.43070705
2297.4615,0.40010759
2298.3562,0.49367485
2299.2511,0.7284261
2300.1462,0.01416528
2301.0415,-0.26087233
2301.9369,0.45233288
2302.8325,0.2557417
2303.7283,0.47484432
2304.6242,-0.011927886
2305.5203,0.2307192
2306.4166,0.81847185
2307.3131,0.010153603
2308.2098,0.77047033
2309.1066,0.8170691
2310.0036,0.49504794
2310.9007,0.18872058
2311.7981,0.93338114
2312.6956,0.58001002
2313.5933,0.35997976
2314.4911,0.93995702
2315.3892,1.1120987
2316.2874,0.5156204
2317.1858,0.2015026
2318.0843,0.21680409
2318.9831,0.87525036
2319.882,0.31017475
2320.7811,0.49020471
2321.6803,0.47416376
2322.5798,0.31695387
2323.4794,-0.0049543758
2324.3791,0.79471353
2325.2791,0.7159576
2326.1792,0.35485625
2327.0795,0.0094486988
2327.98,0.46404868
2328.8807,0.40100913
2329.7815,0.60464377
2330.6825,0.4004428
2331.5837,0.91781799
2332.485,1.1450046
2333.3865,1.0820027
2334.2882,0.88567499
2335.1901,0.7520999
2336.0921,0.68912056
2336.9944,0.57908994
2337.8967,0.84553742
2338.7993,0.97865911
2339.7021,1.3862981
2340.605,0.50767015
2341.5081,0.71924579
2342.4113,0.80533876
2343.3148,0.37379219
2344.2184,1.13441
2345.1222,0.58523145
2346.0261,0.19292316
2346.9303,0.79670082
2347.8346,1.4318586
2348.739,1.8160434
2349.6437,0.082588785
2350.5485,0.27071028
2351.4535,1.1333491
2352.3587,0.91364253
2353.2641,0.95276701
2354.1696,0.41150685
2355.0753,0.26241109
2355.9812,0.91332285
2356.8872,1.1171833
2357.7935,1.1406592
2358.6999,1.1249268
2359.6064,1.0856726
2360.5132,1.8856416
2361.4201,1.7287554
2362.3272,1.2110924
2363.2345,1.1483389
2364.1419,1.5169655
2365.0495,1.4463839
2365.9573,1.0699275
2366.8653,1.4072041
2367.7734,1.218998
2368.6817,0.92099557
2369.5902,1.1092751
2370.4989,0.16030735
2371.4077,0.59173923
2372.3167,0.67023747
2373.2259,1.1722726
2374.1353,0.22333496
2375.0448,-0.074614808
2375.9545,0.56077629
2376.8644,0.27068471
2377.7745,0.34922811
2378.6847,-0.41143664
2379.5951,0.35731789
2380.5057,0.32607996
2381.4164,-0.042405354
2382.3274,0.59303843
2383.2385,0.75790151
2384.1498,0.24041917
2385.0612,0.26412084
2385.9728,-0.080797426
2386.8846,0.076252624
2387.7966,0.70389844
2388.7087,0.38253217
2389.6211,0.24940872
2390.5336,-0.11115817
2391.4462,-0.056031271
2392.3591,-0.47932821
2393.2721,-0.28300978
2394.1853,0.71331617
2395.0987,0.61945358
2396.0122,0.023637727
2396.9259,0.039594109
2397.8398,-0.28954002
2398.7539,-0.22650976
2399.6681,0.58162607
2400.5825,0.056436088
2401.4971,-0.20992283
2402.4119,-0.74294089
2403.3268,-0.5543828
2404.2419,-0.26385639
2405.1572,-0.36547932
2406.0726,0.48976802
2406.9883,0.19208171
2407.9041,-0.49775393
2408.8201,-0.018954591
2409.7362,-0.018579098
2410.6525,-0.38682353
2411.569,0.16430618
2412.4857,-0.23357736
2413.4026,0.14501605
2414.3196,0.2020472
2415.2368,0.15712393
2416.1542,0.52005016
2417.0717,0.090825888
2417.9894,-0.71486261
2418.9073,-0.17152513
2419.8254,0.61495597
2420.7436,0.19360029
2421.6621,0.29774117
2422.5807,-0.39811158
2423.4994,-0.46650699
2424.4184,-0.47999408
2425.3375,0.094760492
2426.2568,0.010697898
2427.1762,0.099190687
2428.0959,-0.31427094
2429.0157,-0.16302033
2429.9357,0.694119
2430.8558,-0.048735303
2431.7762,0.1652795
2432.6967,-0.10697384
2433.6173,0.052151728
2434.5382,0.10147974
2435.4592,-0.13938196
2436.3804,0.30211564
2437.3018,0.076952939
2438.2234,0.24395346
2439.1451,0.073705452
2440.067,0.31915008
2440.9891,0.21165989
2441.9113,-0.12327491
2442.8338,0.42022802
2443.7564,-0.3225372
2444.6791,0.28372356
2445.6021,0.450775
2446.5252,0.037440638
2447.4485,-0.11706383
2448.372,0.0029478749
2449.2956,0.021005156
2450.2194,0.046911939
2451.1434,0.12772705
2452.0676,0.21639165
2452.9919,-0.6047413
2453.9164,-0.69645612
2454.8411,0.25497268
2455.766,-0.22888628
2456.691,-0.49313103
2457.6162,-0.52991844
2458.5416,0.37447699
2459.4672,-0.10935651
2460.3929,-0.71083071
2461.3188,-0.049553444
2462.2449,0.61957332
2463.1712,0.48086331
2464.0976,0.044120451
2465.0242,0.65836435
2465.951,0.92751656
2466.8779,0.93000848
2467.8051,0.92466362
2468.7324,0.69971729
2469.6598,0.0041890787
2470.5875,0.13219665
2471.5153,0.38570077
2472.4433,0.011760282
2473.3715,-0.064134628
2474.2998,-0.030219254
2475.2284,0.73311425
2476.157,0.53174823
2477.0859,-0.093140831
2478.015,0.56040784
2478.9442,0.3982766
2479.8736,0.08713212
2480.8031,0.38775871
2481.7329,0.0060387161
2482.6628,0.28314862
2483.5929,0.15242175
2484.5231,-0.13516151
2485.4536,-0.17960114
2486.3842,-0.020112842
2487.315,0.23349947
2488.2459,-0.054058332
2489.1771,-0.412198
2490.1084,-0.12719405
2491.0399,0.032326064
2491.9715,-0.52971608
2492.9033,-0.58194795
2493.8354,-0.31260482
2494.7675,0.011646636
2495.6999,-0.31507594
2496.6324,0.28369804
2497.5651,0.59228231
2498.498,0.069500399
2499.431,-0.21798104
2500.3643,0.043563501
2501.2977,0.12472224
2502.2312,0.064710882
2503.165,-0.25411765
2504.0989,-0.1693662
2505.033,0.49578296
2505.9673,0.38446711
2506.9017,0.52413722
2507.8363,-0.12834397
2508.7711,0.12898433
2509.7061,0.25298486
2510.6412,-0.42300904
2511.5765,0.12453204
2512.512,0.16227477
2513.4477,-0.098016152
2514.3835,-0.56222308
2515.3195,0.18926184
2516.2557,0.43094841
2517.1921,0.59420917
2518.1286,0.5692402
2519.0653,0.43447288
2520.0022,0.33108367
2520.9393,0.69828827
2521.8765,0.90863569
2522.8139,0.6405573
2523.7515,-0.2549665
2524.6892,0.15147605
2525.6272,0.78537515
2526.5653,0.53300531
2527.5035,-0.10367269
2528.442,-0.31681571
2529.3806,0.12887036
2530.3194,0.58240514
2531.2584,0.33790627
2532.1975,0.038511011
2533.1369,0.35088602
2534.0763,0.24758033
2535.016,0.26192726
2535.9559,-0.037445736
2536.8959,0.40828488
2537.8361,0.75990341
2538.7764,-0.30808033
2539.717,-0.1760585
2540.6577,-0.23226641
2541.5986,0.1193744
2542.5396,0.14945214
2543.4809,-0.14203318
2544.4223,-0.30802273
2545.3639,0.13775799
2546.3056,-0.051749841
2547.2476,-0.24909524
2548.1897,0.243761
2549.132,0.3130934
2550.0744,0.31184314
2551.017,0.11478607
2551.9598,0.098125332
2552.9028,0.54421386
2553.846,0.42560067
2554.7893,0.016795564
2555.7328,-0.10965243
2556.6765,-0.50276292
2557.6203,-0.22920258
2558.5644,-0.14387337
2559.5086,-0.33304979
2560.4529,0.21503285
2561.3975,-0.49178229
2562.3422,0.056308687
2563.2871,0.32205089
2564.2322,0.35250315
2565.1774,0.037861533
2566.1228,0.50753781
2567.0684,0.52231629
2568.0142,0.23121659
2568.9601,0.057768113
2569.9062,-0.5784213
2570.8525,-0.56362614
2571.799,-0.66647388
2572.7456,-0.44774883
2573.6924,-0.29960784
2574.6394,-0.16371224
2575.5866,0.28591221
2576.5339,-0.048773711
2577.4814,-0.21875039
2578.4291,-0.0906845
2579.377,0.17856122
2580.325,0.26741814
2581.2732,-0.075094136
2582.2216,-0.1744658
2583.1701,0.14969531
2584.1188,-0.075159837
2585.0677,0.092145237
2586.0168,0.33788504
2586.9661,0.034608593
2587.9155,0.16270805
2588.8651,0.40061479
2589.8149,0.26989743
2590.7648,1.1038893
2591.7149,0.82415906
2592.6652,0.77188314
2593.6157,1.2764733
2594.5663,2.0320473
2595.5172,2.7248795
2596.4681,3.4804601
2597.4193,3.8125147
2598.3707,3.477906
2599.3222,2.8060457
2600.2739,2.7381104
2601.2257,2.8035117
2602.1778,2.4689164
2603.13,1.702952
2604.0823,0.70169672
2605.0349,0.72005267
2605.9876,1.1070394
2606.9405,0.75677466
2607.8936,0.64180735
2608.8469,0.59743163
2609.8003,0.68639261
2610.7539,0.18712164
2611.7077,0.15844227
2612.6617,-0.12121413
2613.6158,-0.21263189
2614.5701,-0.0060070719
2615.5246,0.34179757
2616.4792,-0.24372776
2617.434,0.19820124
2618.389,0.20091792
2619.3442,0.42324579
2620.2995,0.58283192
2621.2551,0.61693122
2622.2108,0.64319073
2623.1666,0.44984576
2624.1227,0.25650414
2625.0789,0.76904823
2626.0353,0.073752545
2626.9918,0.19414649
2627.9486,-0.39133857
2628.9055,-0.19250654
2629.8626,-0.37798488
2630.8198,-0.13208731
2631.7773,-0.7097158
2632.7349,-0.50302721
2633.6927,0.040919644
2634.6506,0.40447769
2635.6088,0.38372538
2636.5671,0.34729014
2637.5256,0.36576022
2638.4842,0.094037583
2639.443,-0.20905425
2640.402,-0.065083901
2641.3612,0.20438
2642.3206,0.40325902
2643.2801,0.53155316
2644.2398,0.34612517
2645.1997,0.30972015
2646.1597,0.92429887
2647.12,0.48790056
2648.0804,0.60836835
2649.0409,0.015114003
2650.0017,0.20617674
2650.9626,0.53057617
2651.9237,0.76870444
2652.885,0.61467921
2653.8464,0.26457891
2654.808,0.24389372
2655.7698,0.46634915
2656.7318,0.35155303
2657.6939,0.44068183
2658.6562,0.5925591
2659.6187,0.58757697
2660.5814,0.89632369
2661.5442,1.22076
2662.5072,1.0902978
2663.4704,0.80297614
2664.4338,0.97055982
2665.3973,0.68324489
2666.361,0.85867842
2667.3249,0.68117412
2668.2889,0.85661436
2669.2532,0.96931286
2670.2176,0.35260295
2671.1822,0.018249338
2672.1469,-0.018061702
2673.1118,0.14170905
2674.0769,0.11324786
2675.0422,-0.69168056
2676.0077,-0.29660563
2676.9733,0.19259031
2677.9391,0.085711176
2678.905,0.033737358
2679.8712,0.16215905
2680.8375,0.58862332
2681.804,0.10528702
2682.7707,-0.29961454
2683.7375,0.064114696
2684.7045,-0.51332918
2685.6717,0.34452442
2686.6391,0.60630295
2687.6066,0.44455542
2688.5743,0.70634066
2689.5422,0.50538415
2690.5103,0.58678395
2691.4785,0.41720671
2692.4469,0.18488773
2693.4155,0.43884661
2694.3843,-0.028759775
2695.3532,0.28010778
2696.3223,0.73799831
2697.2916,1.1017745
2698.2611,1.7714365
2699.2307,1.194043
2700.2005,2.2480253
2701.1705,1.5608346
2702.1406,1.7050198
2703.111,2.2021495
2704.0815,2.1424198
2705.0521,2.9532817
2706.023,4.1249313
2706.994,4.1907019
2707.9652,3.4721621
2708.9366,3.9614688
2709.9081,4.7566612
2710.8798,4.0851903
2711.8517,3.8294091
2712.8238,3.4795135
2713.796,4.1806017
2714.7685,3.9483599
2715.741,4.6259254
2716.7138,3.7270237
2717.6867,2.694792
2718.6599,2.6272695
2719.6331,3.0146524
2720.6066,2.8138033
2721.5802,2.4874673
2722.5541,2.3650563
2723.528,1.9132369
2724.5022,1.2653424
2725.4765,1.4488239
2726.451,1.2636812
2727.4257,0.96873794
2728.4006,1.6541902
2729.3756,0.8572929
2730.3508,0.81334012
2731.3262,0.84782207
2732.3017,0.55289562
2733.2775,0.92463918
2734.2534,0.8963861
2735.2294,1.0642148
2736.2057,0.83989002
2737.1821,0.41949015
2738.1587,1.1128191
2739.1355,1.1708573
2740.1124,0.27203617
2741.0895,0.93400266
2742.0668,0.67832546
2743.0443,0.8618673
2744.0219,1.2179615
2744.9998,1.2995493
2745.9778,0.63604236
2746.9559,0.41959763
2747.9343,0.80707782
2748.9128,0.66907117
2749.8915,0.17028356
2750.8703,0.24404833
2751.8494,-0.12924237
2752.8286,0.109235
2753.808,0.66928435
2754.7875,0.16267039
2755.7672,0.29919704
2756.7472,0.60043293
2757.7272,0.18010355
2758.7075,0.70095399
2759.6879,0.62572936
2760.6685,0.49560613
2761.6493,0.42823135
2762.6302,0.12556581
2763.6114,0.50525657
2764.5927,0.22612716
2765.5741,0.0019030618
2766.5558,0.044348989
2767.5376,0.43189631
2768.5196,0.57630974
2769.5018,-0.47143035
2770.4841,-0.2407357
2771.4667,-0.064939656
2772.4493,0.13438916
2773.4322,0.074897795
2774.4153,0.1644294
2775.3985,-0.044074857
2776.3819,-0.35453654
2777.3654,0.095789446
2778.3492,-0.097018465
2779.3331,-0.43884263
2780.3172,0.23110127
2781.3014,-0.079343627
2782.2859,-0.22507929
2783.2705,0.13899233
2784.2553,0.47169475
2785.2402,0.43577308
2786.2254,0.52534497
2787.2107,0.14433197
2788.1961,0.10057723
2789.1818,-0.33533101
2790.1676,0.060136654
2791.1536,0.13403905
2792.1398,-0.0038199118
2793.1262,0.37597155
2794.1127,0.20674675
2795.0994,0.51595669
2796.0863,0.80948371
2797.0733,1.0559553
2798.0605,1.3181164
2799.0479,1.3057712
2800.0355,1.5522528
2801.0232,1.8928554
2802.0112,1.7236575
2802.9993,1.9230903
2803.9875,1.518605
2804.976,2.541574
2805.9646,2.3488601
2806.9534,1.2463456
2807.9423,2.2065795
2808.9315,1.1040718
2809.9208,1.3898026
2810.9103,1.7461251
2811.8999,1.1534313
2812.8898,1.0470154
2813.8798,0.50138716
2814.87,1.0302721
2815.8603,0.625827
2816.8509,0.5586402
2817.8416,0.84439792
2818.8324,0.34584528
2819.8235,0.80415874
2820.8147,0.70561281
2821.8061,0.77961926
2822.7977,1.3791193
2823.7895,1.1550932
2824.7814,0.97028619
2825.7735,1.3031296
2826.7658,1.4634273
2827.7582,1.1217677
2828.7508,1.3134447
2829.7436,1.4972819
2830.7366,1.5321028
2831.7297,1.1512409
2832.7231,2.1586176
2833.7166,2.2326643
2834.7102,1.8988713
2835.7041,1.6121404
2836.6981,3.5293345
2837.6923,3.5328064
2838.6866,2.0303993
2839.6812,2.4181917
2840.6759,3.0099089
2841.6708,3.0212374
2842.6658,2.2404124
2843.6611,2.4321398
2844.6565,3.0866156
2845.6521,2.4234477
2846.6478,2.7328321
2847.6437,2.5637886
2848.6399,1.4771014
2849.6361,1.5198293
2850.6326,2.2135409
2851.6292,2.2484324
2852.626,1.4127389
2853.623,1.4476371
2854.6202,1.3021465
2855.6175,1.4233259
2856.615,1.5601949
2857.6127,1.1245183
2858.6105,1.0104136
2859.6085,1.2492535
2860.6067,0.89201831
2861.6051,0.53478647
2862.6036,0.85991094
2863.6024,1.1615093
2864.6012,0.55330718
2865.6003,0.19608878
2866.5996,0.8663247
2867.599,0.57970124
2868.5986,0.6224929
2869.5983,0.52411145
2870.5983,0.47279218
2871.5984,1.1038292
2872.5987,0.74663429
2873.5991,1.0717957
2874.5998,0.66754865
2875.6006,1.2123246
2876.6016,1.5531823
2877.6027,1.2273767
2878.604,1.9054961
2879.6055,1.33656
2880.6072,1.3088037
2881.6091,1.0300703
2882.6111,0.87683056
2883.6133,1.2490843
2884.6157,0.9546748
2885.6182,0.84066078
2886.621,1.1031207
2887.6239,1.4597016
2888.6269,1.3535408
2889.6302,0.21208924
2890.6336,0.40397436
2891.6372,0.69782361
2892.641,0.83481348
2893.6449,0.80710082
2894.649,0.56762681
2895.6533,0.83796008
2896.6578,1.0220222
2897.6624,-0.1350888
2898.6673,0.15878395
2899.6723,0.53109144
2900.6774,0.7622258
2901.6828,0.71885372
2902.6883,0.71470069
2903.694,0.31055101
2904.6998,0.67503213
2905.7058,0.6787323
2906.7121,0.22753387
2907.7184,0.24692703
2908.725,0.30553923
2909.7317,0.25435086
2910.7386,0.46983252
2911.7457,0.24610185
2912.753,0.36747258
2913.7604,0.67708195
2914.768,0.39845939
2915.7758,0.49631078
2916.7837,0.17063611
2917.7919,0.0096706725
2918.8002,0.099688989
2919.8086,0.25245576
2920.8173,-0.36340156
2921.8261,0.0011366264
2922.8351,-0.089223788
2923.8443,0.079242684
2924.8536,-0.16013062
2925.8631,0.11814648
2926.8728,0.41995636
2927.8827,-0.07823041
2928.8927,-0.0666099
2929.9029,-0.1961625
2930.9133,-0.04335881
2931.9239,-0.016041955
2932.9346,-0.22401586
2933.9455,-0.0084569999
2934.9566,0.011026787
2935.9679,0.25012177
2936.9793,0.33235737
2937.9909,-0.19716838
2939.0027,-0.1855143
2940.0147,0.46143725
2941.0268,0.13584314
2942.0391,0.27722522
2943.0516,-0.091193875
2944.0643,0.010977996
2945.0771,-0.31821995
2946.0901,-0.35721908
2947.1033,0.20770609
2948.1166,0.02753596
2949.1301,-0.12910203
2950.1438,-0.011227475
2951.1577,-0.018840384
2952.1718,0.20884356
2953.186,-0.33994035
2954.2004,-0.05734898
2955.2149,0.21740199
2956.2297,-0.15098156
2957.2446,0.27279449
2958.2597,-0.048524772
2959.275,-0.14239031
2960.2904,-0.095076653
2961.306,-0.30658379
2962.3218,0.11720593
2963.3378,0.07825329
2964.3539,0.13342103
2965.3702,-0.015330069
2966.3867,0.22023529
2967.4034,-0.038504142
2968.4202,0.20471857
2969.4372,0.16558969
2970.4544,-0.061773123
2971.4718,-0.2734483
2972.4893,-0.35963193
2973.507,-0.2575789
2974.5249,0.017024505
2975.5429,-0.12405701
2976.5612,0.072117742
2977.5796,-0.014059092
2978.5981,-0.17866594
2979.6169,-0.38248712
2980.6358,0.017614634
2981.6549,0.34712951
2982.6742,0.21390064
2983.6936,-0.22520922
2984.7133,-0.43686674
2985.7331,-0.42107193
2986.753,0.31629287
2987.7732,-0.083595868
2988.7935,-0.46779698
2989.814,-0.10689869
2990.8346,-0.29501865
2991.8555,-0.25568627
2992.8765,0.047735411
2993.8977,0.092334486
2994.9191,-0.035614541
2995.9406,0.41682951
2996.9623,0.55554898
2997.9842,0.011916437
2999.0062,-0.23367598
3000.0285,-0.13416943
3001.0509,0.32612235
3002.0735,0.15896406
3003.0962,0.14866944
3004.1192,0.22465025
3005.1423,0.23004373
3006.1655,0.070732259
3007.189,0.42122562
3008.2126,0.59132775
3009.2364,0.80064648
3010.2604,0.84526025
3011.2846,0.94477689
3012.3089,0.64429446
3013.3334,0.7359698
3014.3581,0.86686175
3015.3829,0.33108795
3016.4079,0.35217782
3017.4331,0.051699974
3018.4585,0.54337991
3019.484,0.76055096
3020.5098,0.79733077
3021.5356,0.92822915
3022.5617,1.090501
3023.588,1.3312051
3024.6144,1.2424984
3025.641,1.5459495
3026.6677,1.5513623
3027.6947,1.2587367
3028.7218,0.92689645
3029.7491,1.0578022
3030.7765,1.1259637
3031.8042,0.79412618
3032.832,0.007387596
3033.8599,0.2245715
3034.8881,0.25352103
3035.9164,-0.0077245962
3036.9449,0.076128732
3037.9736,-0.21648761
3039.0025,-0.25812264
3040.0315,-0.42524695
3041.0607,-0.51393897
3042.0901,-0.3359634
3043.1196,0.19495426
3044.1494,0.20822578
3045.1793,-0.36673708
3046.2093,-0.26718921
3047.2396,0.091183105
3048.27,0.026026926
3049.3006,-0.3685401
3050.3314,0.052580068
3051.3623,0.36389723
3052.3934,-0.15615723
3053.4247,-0.33895588
3054.4562,0.035109136
3055.4878,0.0013319341
3056.5196,-0.16577768
3057.5516,-0.074062852
3058.5838,0.025496034
3059.6161,-0.31415985
3060.6486,-0.5047952
3061.6813,-0.18562572
3062.7142,-0.27429845
3063.7472,0.49977483
3064.7804,0.12090785
3065.8138,-0.030507228
3066.8474,0.7200394
3067.8811,0.0039202721
3068.915,-0.029844992
3069.9491,0.22658674
3070.9833,-0.073843355
3072.0178,-0.044860767
3073.0524,0.015495289
3074.0871,-0.17512813
3075.1221,-0.075554551
3076.1572,0.094608181
3077.1925,-0.0097379726
3078.228,0.19179914
3079.2636,1.0521607
3080.2995,0.71252319
3081.3355,0.39641601
3082.3716,0.46462346
3083.408,0.19557694
3084.4445,0.593198
3085.4812,0.76336899
3086.518,0.56491346
3087.5551,0.51547845
3088.5923,0.59153455
3089.6297,0.96563079
3090.6672,1.1044338
3091.705,1.368728
3092.7429,1.6487093
3093.781,2.0777112
3094.8192,2.1380865
3095.8577,1.3906197
3096.8963,1.7019772
3097.9351,2.1388259
3098.974,2.1050873
3100.0132,3.3968398
3101.0525,3.0101618
3102.0919,3.3372102
3103.1316,4.5897498
3104.1714,4.2344471
3105.2114,4.4987532
3106.2516,4.6846288
3107.2919,5.5450152
3108.3325,6.0995201
3109.3732,5.626575
3110.414,6.8712778
3111.4551,7.9748051
3112.4963,8.1371568
3113.5377,8.2602938
3114.5793,8.3363728
3115.621,9.5261783
3116.6629,10.566965
3117.705,10.266576
3118.7473,10.264228
3119.7897,10.254037
3120.8324,10.612474
3121.8751,11.747383
3122.9181,12.176411
3123.9612,11.946616
3125.0046,11.316822
3126.048,10.208597
3127.0917,10.018021
3128.1355,10.250974
3129.1795,9.1427526
3130.2237,7.8149239
3131.2681,7.2635666
3132.3126,6.3906417
3133.3573,7.1883059
3134.4022,7.5938142
3135.4472,6.0855979
3136.4925,5.9891472
3137.5379,6.496619
3138.5835,5.0354643
3139.6292,3.9115654
3140.6751,4.3327654
3141.7212,4.4167115
3142.7675,3.9516389
3143.8139,3.5728417
3144.8606,3.8214964
3145.9074,2.925054
3146.9543,2.8207694
3148.0015,3.1478582
3149.0488,2.8082813
3150.0963,2.6647838
3151.1439,2.4663851
3152.1918,1.9934777
3153.2398,2.0931201
3154.288,2.2711948
3155.3364,2.2296627
3156.3849,1.8979353
3157.4336,2.2328756
3158.4825,2.2384049
3159.5315,1.9066804
3160.5808,1.6769175
3161.6302,1.2667633
3162.6798,1.2095513
3163.7295,1.9915559
3164.7795,2.0598359
3165.8296,1.8771364
3166.8798,2.0081633
3167.9303,1.9431128
3168.9809,1.9015925
3170.0317,1.6718379
3171.0827,0.97149595
3172.1339,1.7221353
3173.1852,1.7198344
3174.2367,1.2234168
3175.2883,1.5897452
3176.3402,1.5796039
3177.3922,1.765542
3178.4444,1.4495202
3179.4968,1.5570288
3180.5493,1.4684598
3181.602,1.1759702
3182.6549,1.314854
3183.708,1.2890329
3184.7612,0.97301663
3185.8147,1.0099425
3186.8682,1.039026
3187.922,0.94262037
3188.9759,1.1991568
3190.03,0.98510588
3191.0843,0.1828206
3192.1388,0.77661467
3193.1934,0.89197829
3194.2482,0.70146047
3195.3032,0.28349259
3196.3584,0.30474132
3197.4137,1.1338341
3198.4692,0.11979054
3199.5249,-0.18836974
3200.5807,-0.22201931
3201.6368,-0.012530695
3202.693,0.51852746
3203.7493,0.014292418
3204.8059,0.012019077
3205.8626,-0.10005727
3206.9195,0.09374966
3207.9766,0.4130477
3209.0338,-0.44412393
3210.0913,-0.54835346
3211.1489,0.0062414533
3212.2066,-0.058770558
3213.2646,-0.013977729
3214.3227,-0.31428202
3215.381,-0.43419324
3216.4394,0.10471999
3217.4981,0.0004968873
3218.5569,0.35117666
3219.6159,0.30185735
3220.675,-0.40628457
3221.7344,-0.25952361
3222.7939,-0.042173495
3223.8536,0.5673344
3224.9134,0.070960858
3225.9735,-0.28423529
3227.0337,0.10771249
3228.0941,0.17809291
3229.1546,0.0210236
3230.2153,-0.55957387
3231.2762,-0.042130867
3232.3373,-0.23056896
3233.3986,-0.10528032
3234.46,-0.11332375
3235.5216,-0.411562
3236.5834,-0.074504887
3237.6453,0.55274956
3238.7075,1.1956915
3239.7698,0.97588967
3240.8322,1.0462851
3241.8949,1.3833485
3242.9577,0.9047269
3244.0207,0.63787122
3245.0839,0.95140896
3246.1472,0.36298717
3247.2107,0.49613526
3248.2744,0.3547748
3249.3383,0.57419991
3250.4023,0.45637137
3251.4665,0.33854408
3252.5309,0.57365923
3253.5955,0.24406975
3254.6602,0.29095211
3255.7251,0.016267095
3256.7902,-0.11724019
3257.8555,-0.25858936
3258.9209,-0.18032944
3259.9865,-0.31383296
3261.0523,-0.32968818
3262.1182,-0.39260096
3263.1844,-0.52610072
3264.2507,-0.58116786
3265.3172,0.11670744
3266.3838,-0.50306307
3267.4506,0.29677552
3268.5176,0.1162232
3269.5848,-0.19766119
3270.6522,0.17080861
3271.7197,-0.33915171
3272.7874,0.20971276
3273.8553,-0.01789211
3274.9233,-0.10431925
3275.9915,-0.033882396
3277.0599,0.35812434
3278.1285,0.28738724
3279.1972,-0.23825057
3280.2662,0.54591679
3281.3352,0.52224227
3282.4045,0.40445136
3283.4739,0.20038719
3284.5436,0.11397134
3285.6133,0.8197136
3286.6833,0.46663359
3287.7534,0.92139797
3288.8238,1.0781244
3289.8942,1.7760285
3290.9649,2.2386398
3292.0357,3.1639974
3293.1067,3.7991602
3294.1779,3.6107949
3295.2493,3.1243916
3296.3208,3.1634797
3297.3925,3.6653142
3298.4644,3.2495029
3299.5364,3.5474183
3300.6087,3.3198448
3301.6811,2.7079588
3302.7536,3.0686231
3303.8264,2.5037985
3304.8993,2.0252496
3305.9724,1.6329765
3307.0457,1.4132536
3308.1191,1.5621595
3309.1928,1.0287136
3310.2666,0.86389652
3311.3405,0.6677081
3312.4147,0.78524643
3313.489,0.57337424
3314.5635,0.28307194
3315.6381,0.91041795
3316.713,0.67502012
3317.788,0.39256471
3318.8632,0.74540468
3319.9385,0.8864812
3321.0141,0.4863825
3322.0898,0.55687329
3323.1657,0.47834572
3324.2417,0.52530961
3325.318,0.64286298
3326.3944,0.71335879
3327.471,0.36816958
3328.5477,0.57984436
3329.6246,0.66603021
3330.7017,0.73653103
3331.779,0.28154291
3332.8565,0.39126193
3333.9341,0.7519626
3335.0119,0.48521353
3336.0899,0.39101475
3337.168,0.88505251
3338.2463,0.93987584
3339.3248,0.72803375
3340.4035,0.61815371
3341.4824,0.86905923
3342.5614,0.7591817
3343.6406,0.30420737
3344.7199,0.46884215
3345.7995,0.59426249
3346.8792,0.41380174
3347.9591,0.93138145
3349.0392,0.65680556
3350.1194,0.3979172
3351.1998,0.81353989
3352.2804,0.72720305
3353.3612,1.299691
3354.4421,1.1976704
3355.5232,1.1191805
3356.6045,1.8328486
3357.686,2.3974985
3358.7676,2.5386201
3359.8494,2.3581744
3360.9314,3.0169457
3362.0135,4.295326
3363.0959,4.8364527
3364.1784,4.9462081
3365.261,5.1108667
3366.3439,6.5461148
3367.4269,6.5539132
3368.5101,6.1930853
3369.5935,5.7459843
3370.677,4.8361393
3371.7608,5.2910015
3372.8447,5.1654728
3373.9287,5.0085729
3375.013,4.2555957
3376.0974,3.4320315
3377.182,3.8319981
3378.2668,3.9809855
3379.3517,3.9574251
3380.4368,3.8319052
3381.5221,3.4554061
3382.6076,3.5651828
3383.6932,2.9769216
3384.779,2.8906224
3385.865,2.1611872
3386.9512,1.9023414
3388.0375,2.4670264
3389.124,2.427791
3390.2107,1.7846353
3391.2976,1.1336378
3392.3846,0.92185714
3393.4718,1.3218425
3394.5592,0.9924173
3395.6467,0.98456201
3396.7345,1.3139629
3397.8224,1.0786591
3398.9105,0.40414091
3399.9987,1.0394279
3401.0871,1.0315789
3402.1757,1.3139272
3403.2645,1.4158846
3404.3535,1.447255
3405.4426,1.5649012
3406.5319,1.7296075
3407.6213,0.83549146
3408.711,1.0158865
3409.8008,0.87471419
3410.8908,0.64726861
3411.981,1.3296282
3413.0713,1.1021851
3414.1618,1.3061159
3415.2525,1.572793
3416.3434,1.0865301
3417.4344,1.1806607
3418.5256,1.0394984
3419.617,1.274808
3420.7086,1.5885501
3421.8003,1.0395485
3422.8922,0.97682259
3423.9843,0.71017638
3425.0766,0.85137455
3426.169,1.0945348
3427.2616,0.63181389
3428.3544,0.83576093
3429.4474,1.1181406
3430.5405,1.1260117
3431.6338,1.2280017
3432.7273,0.95352242
3433.8209,0.91433847
3434.9147,1.1810381
3436.0087,1.5261704
3437.1029,1.1026765
3438.1973,0.82820347
3439.2918,1.4635356
3440.3865,1.2753396
3441.4814,1.2518507
3442.5764,1.5028729
3443.6716,1.4950728
3444.767,1.2519798
3445.8626,0.93829983
3446.9583,1.0403074
3448.0542,1.6285907
3449.1503,1.1423655
3450.2466,1.4639847
3451.343,1.8875659
3452.4397,1.2366386
3453.5364,1.7229674
3454.6334,1.8720426
3455.7305,1.7152367
3456.8278,1.8015693
3457.9253,1.8565306
3459.023,2.0448265
3460.1208,2.256653
3461.2188,3.5429906
3462.317,4.1548197
3463.4154,4.5470422
3464.5139,4.6882855
3465.6126,5.0491379
3466.7115,5.9197955
3467.8105,5.7081015
3468.9098,6.2571929
3470.0092,6.1160896
3471.1087,6.3200856
3472.2085,6.6417298
3473.3084,6.9241597
3474.4085,6.4301202
3475.5088,6.6027486
3476.6092,5.90479
3477.7098,5.6931072
3478.8106,6.0382884
3479.9116,5.6932748
3481.0127,5.0815958
3482.114,4.8150161
3483.2155,4.5013788
3484.3172,4.6897035
3485.419,4.0858726
3486.5211,3.4114547
3487.6232,3.8037048
3488.7256,3.4273287
3489.8281,3.4823263
3490.9308,3.294188
3492.0337,2.8786
3493.1368,3.6786994
3494.24,3.2474276
3495.3434,2.816157
3496.447,2.2437113
3497.5508,2.0712667
3498.6547,2.4086274
3499.7588,2.1185383
3500.8631,3.0755093
3501.9675,2.9422855
3503.0722,2.8247492
3504.177,2.9346651
3505.2819,3.4602686
3506.3871,3.6721478
3507.4924,3.3820675
3508.5979,3.0214002
3509.7036,3.3979891
3510.8094,3.7667361
3511.9154,3.0845039
3513.0216,2.5826652
3514.128,2.669063
3515.2345,2.9044817
3516.3412,2.2144114
3517.4481,2.5831659
3518.5552,2.1911374
3519.6624,1.6108748
3520.7699,2.1208095
3521.8774,2.2385887
3522.9852,1.9171534
3524.0931,1.3604252
3525.2012,2.2860513
3526.3095,2.1214825
3527.418,1.7216209
3528.5266,1.6197997
3529.6354,1.5179798
3530.7444,1.5494944
3531.8536,1.4555201
3532.9629,1.9340961
3534.0724,1.6518891
3535.1821,1.2834088
3536.2919,1.275714
3537.4019,0.57782444
3538.5121,1.3309165
3539.6225,1.1271471
3540.7331,0.75082991
3541.8438,1.1666708
3542.9547,0.89231695
3544.0658,1.3238467
3545.177,1.033809
3546.2884,0.83004712
3547.4,1.4498159
3548.5118,0.97938984
3549.6237,0.7521023
3550.7358,0.97971797
3551.8481,0.68184471
3552.9606,0.96436485
3554.0732,1.1449255
3555.186,0.68235007
3556.299,0.79232496
3557.4122,0.32190894
3558.5255,0.36914124
3559.639,0.25951204
3560.7527,0.38517822
3561.8666,0.43241428
3562.9806,0.903181
3564.0948,0.62885094
3565.2092,0.32314959
3566.3238,0.58215537
3567.4385,0.82547613
3568.5534,1.0452687
3569.6685,0.48859201
3570.7837,0.68485771
3571.8991,0.67720309
3573.0147,0.55190268
3574.1305,0.88934861
3575.2465,1.4464036
3576.3626,1.6505188
3577.4789,1.219341
3578.5954,0.68620371
3579.712,0.74130298
3580.8288,0.74150153
3581.9458,0.82797586
3583.063,1.1811181
3584.1803,0.86759493
3585.2978,1.1109358
3586.4155,0.92290529
3587.5334,1.1740918
3588.6514,1.8801815
3589.7696,1.2607822
3590.888,1.6374626
3592.0066,1.9278698
3593.1253,1.2771018
3594.2442,1.3557468
3595.3633,1.3167459
3596.4826,1.9365699
3597.602,1.3093363
3598.7216,0.96445688
3599.8414,1.4117356
3600.9613,1.0982312
3602.0815,0.95727714
3603.2018,1.5065204
3604.3223,1.3028237
3605.4429,0.44814791
3606.5637,0.62092434
3607.6847,0.55056476
3608.8059,0.51157899
3609.9273,0.25298663
3611.0488,0.30812101
3612.1705,0.50443312
3613.2923,0.45760923
3614.4144,0.0029434532
3615.5366,0.64631815
3616.659,0.85047841
3617.7816,0.14483601
3618.9043,0.21566544
3620.0272,1.078653
3621.1503,0.58477906
3622.2736,-0.23850539
3623.397,0.34213299
3624.5206,0.59336086
3625.6444,0.34262919
3626.7684,0.31150662
3627.8925,0.17058139
3629.0168,0.14730447
3630.1413,0.25736214
3631.266,0.038009291
3632.3908,0.45395182
3633.5158,0.4698956
3634.641,-0.063178971
3635.7663,0.65080654
3636.8919,0.19616584
3638.0176,0.086624448
3639.1434,0.55747646
3640.2695,0.31460424
3641.3957,0.34624308
3642.5221,0.0014125787
3643.6487,0.12717157
3644.7754,0.25293182
3645.9024,0.21398743
3647.0295,0.21425999
3648.1567,-0.18546619
3649.2842,-0.083230343
3650.4118,0.18371265
3651.5396,0.31732355
3652.6675,0.33328866
3653.7957,0.33356874
3654.924,0.31816381
3656.0525,0.020407183
3657.1812,-0.089112892
3658.31,-0.12020034
3659.439,0.31145856
3660.5682,0.084295194
3661.6976,0.19438798
3662.8271,0.14761927
3663.9568,0.014577313
3665.0867,0.29722288
3666.2167,-0.14954206
3667.347,0.62722366
3668.4774,0.31379456
3669.608,-0.39179015
3670.7387,0.03203816
3671.8696,-0.33628914
3673.0007,0.15028678
3674.132,0.22902081
3675.2635,-0.17851841
3676.3951,0.22962989
3677.5269,0.026014749
3678.6589,0.34004792
3679.791,0.25408234
3680.9233,0.019098407
3682.0558,0.16842946
3683.1885,-0.074395105
3684.3213,0.21611492
3685.4544,-0.042393404
3686.5876,0.20106031
3687.7209,0.31902508
3688.8545,-0.025753995
3689.9882,-0.15876711
3691.1221,0.092534759
3692.2561,-0.071848395
3693.3904,-0.016622452
3694.5248,0.12487926
3695.6594,0.046774375
3696.7941,-0.0077998404
3697.9291,0.28272524
3699.0642,0.44776137
3700.1995,0.0010340592
3701.3349,-0.1711822
3702.4705,-0.11594622
3703.6063,0.096153757
3704.7423,0.13570597
3705.8785,0.19094571
3707.0148,0.41089259
3708.1513,-0.15347301
3709.288,0.67039795
3710.4248,0.24721133
3711.5619,-0.14460148
3712.6991,-0.43445225
3713.8364,-0.12822334
3714.974,0.23290878
3716.1117,0.14698334
3717.2496,0.021843469
3718.3877,-0.071922602
3719.5259,-0.040197222
3720.6643,0.25035294
3721.8029,0.21770714
3722.9417,-0.16787883
3724.0806,-0.020130467
3725.2197,-0.084145803
3726.359,0.0008594753
3727.4985,0.23488537
3728.6381,-0.54285244
3729.778,-0.35588337
3730.9179,-0.41989368
3732.0581,0.010214666
3733.1984,0.1422848
3734.3389,-0.14917348
3735.4796,0.30446729
3736.6205,-0.073263481
3737.7615,0.28626165
3738.9027,0.096768181
3740.0441,0.048452187
3741.1856,0.047196021
3742.3274,0.22633302
3743.4693,-0.010215255
3744.6114,-0.27813507
3745.7536,0.42649514
3746.896,0.5742636
3748.0386,0.51026837
3749.1814,0.35215649
3750.3244,0.64894759
3751.4675,0.12221027
3752.6108,0.18370925
3753.7542,0.38638571
3754.8979,0.094945529
3756.0417,0.56429066
3757.1857,0.037558374
3758.3299,0.16965062
3759.4742,0.60762622
3760.6187,0.37893616
3761.7634,0.47965887
3762.9083,0.37646102
3764.0533,0.46149946
3765.1985,0.19359774
3766.3439,-0.082146118
3767.4895,-0.52259485
3768.6352,-0.35912101
3769.7811,0.11807932
3770.9272,0.093319876
3772.0734,-0.26085033
3773.2199,-0.0032548221
3774.3665,0.28571424
3775.5133,-0.31159021
3776.6602,-0.15595247
3777.8073,0.085960784
3778.9546,0.044701591
3780.1021,0.26226681
3781.2498,0.071989766
3782.3976,0.14053714
3783.5456,-0.15169893
3784.6938,-0.012561563
3785.8421,0.39324335
3786.9906,0.014735418
3788.1393,-0.19122261
3789.2882,0.026349647
3790.4372,-0.038430153
3791.5865,-0.16595417
3792.7359,-0.011124367
3793.8854,0.026059258
3795.0352,0.133832
3796.1851,-0.26035516
3797.3352,0.090556595
3798.4854,0.10421433
3799.6359,-0.11742117
3800.7865,0.20996382
3801.9373,0.074604587
3803.0882,-0.23330278
3804.2394,-0.28238574
3805.3907,-0.32362468
3806.5421,0.23905882
3807.6938,0.0084907224
3808.8456,-0.24560608
3809.9976,-0.076172747
3811.1498,-0.23615047
3812.3022,-0.06671571
3813.4547,0.42428839
3814.6074,0.57019517
3815.7603,0.41806344
3816.9133,-0.039949922
3818.0666,-0.25482532
3819.22,-0.25793529
3820.3735,0.021308395
3821.5273,-0.1621923
3822.6812,-0.18098641
3823.8353,0.12178883
3824.9896,0.37750596
3826.144,0.31949832
3827.2986,-0.067920376
3828.4534,0.25838713
3829.6084,0.067048301
3830.7635,0.48747489
3831.9188,0.63339239
3833.0743,0.34793805
3834.23,0.83111188
3835.3858,-0.073948869
3836.5418,0.28373619
3837.698,0.93946119
3838.8544,0.92067709
3840.0109,0.53326626
3841.1676,0.67918948
3842.3245,0.31530949
3843.4816,0.3906459
3844.6388,0.59931636
3845.7962,0.039360081
3846.9538,-0.24608568
3848.1115,-0.029569937
3849.2695,0.5398877
3850.4276,-0.12202651
3851.5858,0.21213844
3852.7443,0.28748057
3853.9029,0.339294
3855.0617,0.14012775
3856.2207,-0.24727307
3857.3798,0.118268
3858.5391,-0.0024647301
3859.6986,0.088567963
3860.8583,0.054111174
3862.0182,-0.30975666
3863.1782,-0.13244732
3864.3384,0.288
3865.4987,0.32997151
3866.6593,0.10527676
3867.82,-0.33902542
3868.9809,-0.21077816
3870.1419,-0.30998147
3871.3032,-0.25232162
3872.4646,-0.50838685
3873.6262,-0.52915754
3874.7879,0.28144472
3875.9499,0.16655721
3877.112,0.22421913
3878.2743,0.17207754
3879.4367,-0.11535776
3880.5993,0.62465834
3881.7621,-0.24316828
3882.9251,-0.10707292
3884.0883,-0.25333009
3885.2516,-0.054488808
3886.4151,-0.028196129
3887.5788,-0.24504029
3888.7426,-0.17168796
3889.9067,-0.10617836
3891.0709,-0.26027618
3892.2352,-0.11633438
3893.3998,-0.21552941
3894.5645,-0.17160528
3895.7294,0.21741525
3896.8945,0.16721846
3898.0597,-0.063372136
3899.2251,-0.23906241
3900.3907,0.51073587
3901.5565,0.34288545
3902.7224,-0.068103874
3903.8885,-0.29085954
3905.0548,-0.15283253
3906.2213,0.24401636
3907.3879,-0.27678345
3908.5547,-0.52307509
3909.7217,-0.071329165
3910.8889,0.12159159
3912.0562,0.33019698
3913.2237,0.3427223
3914.3914,-0.044754025
3915.5593,0.17168958
3916.7273,0.24695507
3917.8955,0.26731695
3919.0639,0.4131674
3920.2324,0.32372208
3921.4012,0.39113786
3922.5701,0.6467873
3923.7391,0.36125863
3924.9084,0.31886557
3926.0778,0.43333361
3927.2474,0.83015295
3928.4172,1.3524608
3929.5871,0.97280631
3930.7572,0.90687563
3931.9275,0.55074723
3933.098,0.45344071
3934.2686,0.89730903
3935.4395,0.68235217
3936.6105,0.77327603
3937.7816,0.86419824
3938.953,1.2217855
3940.1245,1.0303515
3941.2962,1.136955
3942.468,1.4553217
3943.6401,0.98937291
3944.8123,0.70381468
3945.9847,0.71629403
3947.1572,0.39151683
3948.33,0.50595368
3949.5029,0.77725163
3950.6759,0.98580284
3951.8492,1.6492544
3953.0226,0.92446897
3954.1962,0.26242702
3955.37,0.79254029
3956.544,0.45990682
3957.7181,0.51158544
3958.8924,0.65738006
3960.0669,0.34827108
3961.2415,0.28229771
3962.4163,0.51436192
3963.5913,-0.12416375
3964.7665,-0.1587695
3965.9419,-0.20906316
3967.1174,-0.16524082
3968.2931,-0.19200835
3969.4689,0.19690875
3970.645,-0.43378363
3971.8212,-0.29585021
3972.9976,-0.22850666
3974.1742,0.53687446
3975.3509,0.40813629
3976.5278,-0.057858419
3977.7049,0.26830209
3978.8822,0.55524527
3980.0596,0.66963779
3981.2372,0.41540122
3982.415,0.3493983
3983.593,0.69908001
3984.7711,0.74287773
3985.9494,0.50432086
3987.1279,0.28144863
3988.3065,0.38798652
3989.4854,0.055307084
3990.6644,0.22458679
3991.8435,0.5507276
3993.0229,0.66510206
3994.2024,-0.020525123
3995.3821,-0.41595787
3996.562,0.20821559
3997.7421,0.40101485
3998.9223,0.4291066
4000.1027,-0.03692095
4001.2832,0.47744202
4002.464,0.34866609
4003.6449,0.49439832
4004.826,0.20091323
4006.0073,0.15840688
4007.1887,0.021781251
4008.3703,0.3949579
4009.5521,0.61127016
4010.7341,0.56875725
4011.9162,0.47918387
4013.0985,0.66411866
4014.281,0.53532631
4015.4637,1.190846
4016.6465,0.93656022
4017.8295,0.76854726
4019.0127,1.4319052
4020.1961,1.3893792
4021.3796,2.1311652
4022.5633,1.6651065
4023.7472,1.7245363
4024.9313,2.9918076
4026.1155,2.5022145
4027.2999,2.3498747
4028.4845,3.4524352
4029.6692,4.2804842
4030.8542,3.8928454
4032.0393,4.7208912
4033.2245,5.6195235
4034.41,6.3926641
4035.5956,7.5814892
4036.7814,9.7663912
4037.9674,11.394429
4039.1535,12.544033
4040.3398,16.117166
4041.5263,19.745198
4042.713,22.259504
4043.8998,24.82871
4045.0869,28.197914
4046.2741,29.363195
4047.4614,29.838278
4048.649,31.081987
4049.8367,32.082557
4051.0246,33.530185
4052.2126,33.785653
4053.4009,34.276415
4054.5893,33.190704
4055.7779,31.963815
4056.9666,31.513395
4058.1555,30.6316
4059.3447,28.541961
4060.5339,26.138595
4061.7234,23.978365
4062.913,22.908329
4064.1028,20.567702
4065.2928,19.113349
4066.483,17.666838
4067.6733,16.996795
4068.8638,14.460084
4070.0545,12.856705
4071.2453,12.296461
4072.4363,11.202882
4073.6275,10.650478
4074.8189,10.403955
4076.0104,10.353509
4077.2022,8.9932571
4078.3941,9.3349643
4079.5861,9.6060817
4080.7784,9.5085699
4081.9708,8.2110566
4083.1634,8.0743258
4084.3561,9.2160249
4085.5491,8.2165458
4086.7422,7.444516
4087.9355,7.9273866
4089.1289,7.6573144
4090.3226,7.7637111
4091.5164,7.1406943
4092.7104,6.1961074
4093.9045,5.7926952
4095.0989,6.0245755
4096.2934,5.730964
4097.4881,5.7981352
4098.6829,5.2613831
4099.8779,5.0618844
4101.0731,4.580031
4102.2685,4.7177838
4103.4641,4.5261232
4104.6598,4.3501473
4105.8557,4.0329932
4107.0518,4.7040728
4108.248,4.3084841
4109.4445,4.1795604
4110.6411,4.5212233
4111.8378,4.2197473
4113.0348,3.7143481
4114.2319,3.420712
4115.4292,4.2957017
4116.6267,4.4020622
4117.8243,3.6378329
4119.0221,4.3245824
4120.2201,4.5721145
4121.4183,4.9765077
4122.6166,5.4436444
4123.8151,5.2519559
4125.0138,5.2485011
4126.2127,5.0254368
4127.4117,5.155312
4128.6109,5.7636169
4129.8103,5.7523124
4131.0099,5.7488494
4132.2096,6.9140121
4133.4095,6.7458399
4134.6096,6.860019
4135.8098,6.2996866
4137.0103,6.5158232
4138.2109,6.4496052
4139.4116,6.0931895
4140.6126,5.7210859
4141.8137,5.3568238
4143.015,5.4317757
4144.2165,5.5380985
4145.4181,5.0640275
4146.62,4.6291706
4147.822,4.7276453
4149.0241,4.4496479
4150.2265,3.6304723
4151.429,3.1877656
4152.6317,3.0038809
4153.8346,3.5807788
4155.0376,3.1145378
4156.2408,3.0404521
4157.4442,3.044796
4158.6478,3.0805109
4159.8515,2.5828908
4161.0554,2.4617397
4162.2595,2.9915673
4163.4638,3.0115893
4164.6682,1.9570999
4165.8728,2.3692755
4167.0776,1.9892926
4168.2826,2.3230336
4169.4877,2.5626553
4170.693,2.2532557
4171.8985,2.2654231
4173.1041,1.9638634
4174.31,2.3838707
4175.516,2.333288
4176.7222,1.8983901
4177.9285,2.1458434
4179.135,2.2678049
4180.3417,2.1152549
4181.5486,2.4411347
4182.7557,2.5238755
4183.9629,2.3556344
4185.1703,1.9442543
4186.3778,2.2701275
4187.5856,2.6273716
4188.7935,2.4591239
4190.0016,2.8555804
4191.2099,1.8324274
4192.4183,2.2837826
4193.6269,2.3037636
4194.8357,2.1433508
4196.0447,2.5868579
4197.2538,2.7715399
4198.4631,2.5954359
4199.6726,2.3801145
4200.8823,2.3687131
4202.0921,2.7886826
4203.3021,3.694925
4204.5123,3.3541069
4205.7227,3.0132872
4206.9332,3.0018775
4208.1439,3.8610545
4209.3548,4.0378769
4210.5659,3.7519526
4211.7771,3.6072031
4212.9885,4.9212754
4214.2001,4.6902481
4215.4118,4.1847094
4216.6237,4.5419141
4217.8358,5.4951956
4219.0481,5.7661225
4220.2606,6.3978321
4221.4732,6.284442
4222.686,6.8377169
4223.899,7.0694215
4225.1121,7.6226932
4226.3254,8.2151789
4227.5389,8.242957
4228.7526,8.4746551
4229.9664,9.4200771
4231.1804,10.059615
4232.3946,11.099151
4233.609,11.84849
4234.8235,12.997827
4236.0382,14.413829
4237.2531,15.414143
4238.4682,16.837985
4239.6834,17.955942
4240.8988,18.211154
4242.1144,19.054598
4243.3302,19.81961
4244.5461,20.051287
4245.7622,20.808452
4246.9785,20.922478
4248.195,22.10317
4249.4116,22.217193
4250.6284,21.672391
4251.8454,21.441313
4253.0625,21.021998
4254.2798,19.967387
4255.4973,19.469637
4256.715,19.105219
4257.9329,18.544721
4259.1509,18.337162
4260.3691,16.733523
4261.5875,16.408314
4262.806,15.1733
4264.0247,15.444166
4265.2436,14.428756
4266.4627,14.032952
4267.6819,14.460676
4268.9013,13.162908
4270.1209,11.378864
4271.3407,11.092858
4272.5606,10.242144
4273.7807,9.8384871
4275.001,9.9916915
4276.2215,9.1409726
4277.4421,8.3922128
4278.6629,8.6081573
4279.8839,7.443708
4281.1051,6.6086689
4282.3264,7.3187261
4283.5479,6.8209385
4284.7696,6.5270709
4285.9915,6.2096722
4287.2135,6.2608993
4288.4357,6.1317327
4289.6581,5.296682
4290.8806,5.8420219
4292.1033,5.642262
4293.3262,5.7013241
4294.5493,6.2388159
4295.7726,5.1292472
4296.996,4.7647749
4298.2196,5.2552029
4299.4434,5.9024921
4300.6673,5.4987992
4301.8914,4.9382419
4303.1157,4.4796438
4304.3402,4.6563381
4305.5648,4.7702857
4306.7896,5.3861925
4308.0146,5.2020976
4309.2398,5.6297657
4310.4651,5.3750793
4311.6906,5.4419599
4312.9163,5.806878
4314.1422,5.4423827
4315.3682,5.5798466
4316.5944,5.897701
4317.8208,5.6508479
4319.0474,5.8353656
4320.2741,5.9806661
4321.501,5.4985139
4322.7281,5.4791052
4323.9553,5.4361654
4325.1828,5.4324397
4326.4104,5.6326339
4327.6382,5.9818461
4328.8661,5.6251742
4330.0942,5.4018341
4331.3225,4.362806
4332.551,4.5316195
4333.7797,5.1004313
4335.0085,4.6966924
4336.2375,4.7321676
4337.4666,4.2029352
4338.696,3.5795836
4339.9255,3.850348
4341.1552,3.9485617
4342.3851,3.7408914
4343.6151,3.1175332
4344.8453,3.4118204
4346.0757,3.988459
4347.3063,3.2003899
4348.537,3.1338879
4349.7679,3.0987568
4350.999,3.1812711
4352.2303,3.2324112
4353.4617,2.7894321
4354.6933,2.220961
4355.9251,2.1779786
4357.1571,2.5977396
4358.3892,2.4763225
4359.6215,1.7352959
4360.854,2.1393657
4362.0866,2.0728456
4363.3195,2.0925984
4364.5525,2.0888201
4365.7856,1.8968049
4367.019,1.8538077
4368.2525,1.7010049
4369.4862,1.4776122
4370.7201,1.7326492
4371.9541,1.5249396
4373.1884,1.5211498
4374.4228,1.5095153
4375.6573,1.6782712
4376.8921,1.4470256
4378.127,0.83146455
4379.3621,0.8747254
4380.5974,1.623867
4381.8328,1.3455559
4383.0684,1.1535177
4384.3042,1.3536348
4385.5402,1.6870835
4386.7763,1.361707
4388.0126,0.67554464
4389.2491,0.83643942
4390.4858,1.3032149
4391.7226,1.5033221
4392.9596,1.3426433
4394.1968,1.2368649
4395.4342,1.3193201
4396.6717,1.2292246
4397.9094,1.2724608
4399.1473,1.3392248
4400.3853,1.3981441
4401.6236,1.3158852
4402.862,1.0689188
4404.1005,0.83763697
4405.3393,0.98282414
4406.5782,1.2848724
4407.8173,1.6575073
4409.0566,1.5909248
4410.296,0.84983088
4411.5357,0.89304905
4412.7754,0.95195186
4414.0154,0.39908831
4415.2556,0.73249764
4416.4959,0.34433669
4417.7364,0.80323293
4418.977,1.0895785
4420.2179,0.81121655
4421.4589,0.88579414
4422.7001,0.59958577
4423.9415,0.41533654
4425.183,0.33304645
4426.4247,0.6036959
4427.6666,0.34885351
4428.9086,0.17244086
4430.1509,0.16073244
4431.3933,-0.24313448
4432.6359,0.3726048
4433.8786,-0.30577521
4435.1216,-0.49788235
4436.3647,-0.53267556
4437.6079,-0.75570345
4438.8514,-0.17873071
4440.095,-0.47234559
4441.3388,-0.62478338
4442.5828,-0.51055388
4443.827,-0.16887279
4445.0713,-0.015426365
4446.3158,0.3105697
4447.5605,0.58166442
4448.8053,0.2723676
4450.0503,-0.30359526
4451.2955,0.56357975
4452.5409,0.77977499
4453.7864,0.5018532
4455.0322,0.92197124
4456.2781,1.2401291
4457.5241,1.4876994
4458.7704,1.0529173
4460.0168,1.0338222
4461.2634,2.0343355
4462.5101,2.1642612
4463.7571,1.5020306
4465.0042,1.5378399
4466.2515,1.8403165
4467.4989,2.566323
4468.7466,2.7197812
4469.9944,2.9124557
4471.2423,3.3717975
4472.4905,3.5958458
4473.7388,3.835581
4474.9873,4.6635521
4476.236,4.5503474
4477.4849,4.1234177
4478.7339,4.1592338
4479.9831,3.7950505
4481.2325,4.01126
4482.482,4.6980584
4483.7318,4.2868181
4484.9817,3.8520491
4486.2317,3.8878689
4487.482,3.8295717
4488.7324,3.7555888
4489.983,3.3757242
4491.2338,3.2625269
4492.4847,3.3454086
4493.7358,2.3694675
4494.9871,2.5621544
4496.2386,2.8803321
4497.4902,3.0808633
4498.742,3.610807
4499.994,2.6427121
4501.2462,3.1255981
4502.4985,2.9182888
4503.751,2.3815682
4505.0037,2.1977895
4506.2566,1.2218545
4507.5096,1.6498417
4508.7628,2.1405746
4510.0162,2.3097396
4511.2698,1.6789051
4512.5235,1.3068948
4513.7774,1.4211596
4515.0315,1.1824839
4516.2857,0.96733818
4517.5402,1.2463107
4518.7948,0.9527349
4520.0496,0.6434734
4521.3045,1.0008792
4522.5596,1.1229915
4523.8149,1.1980456
4525.0704,0.88878657
4526.326,1.5912929
4527.5819,1.5330155
4528.8379,1.0668956
4530.094,1.0792077
4531.3504,1.1228929
4532.6069,1.4018729
4533.8636,1.6886967
4535.1205,1.6147368
4536.3775,1.0466598
4537.6347,1.2628972
4538.8921,1.5340371
4540.1497,1.3189032
4541.4074,2.0763189
4542.6653,1.8690293
4543.9234,1.7323286
4545.1817,2.0897462
4546.4401,1.6628507
4547.6987,1.7300734
4548.9575,1.8757281
4550.2164,2.0056972
4551.4756,1.8846865
4552.7349,1.567598
4553.9944,1.8858042
4555.254,2.8549914
4556.5138,2.3182969
4557.7738,1.4129756
4559.034,1.9507921
4560.2944,2.5278249
4561.5549,2.7440741
4562.8156,2.3564023
4564.0765,2.0471625
4565.3375,1.777139
4566.5987,2.1110377
4567.8601,3.0959174
4569.1217,3.3278565
4570.3834,3.4029336
4571.6454,3.0858543
4572.9075,3.4589718
4574.1697,4.0124821
4575.4322,3.601287
4576.6948,4.3273476
4577.9576,4.0704021
4579.2205,3.983392
4580.4837,3.9434413
4581.747,4.4472821
4583.0105,4.5694241
4584.2741,4.7882988
4585.538,4.7535793
4586.802,4.9619977
4588.0661,5.3638808
4589.3305,5.5879867
4590.595,5.9637273
4591.8597,6.0623442
4593.1246,6.0773017
4594.3897,6.0530441
4595.6549,6.2222511
4596.9203,6.7260993
4598.1859,7.1619743
4599.4516,7.3965427
4600.7176,7.7749026
4601.9837,7.9362696
4603.2499,8.1603823
4604.5164,8.2171754
4605.783,8.6687404
4607.0498,9.2954694
4608.3168,10.029388
4609.5839,10.721478
4610.8512,10.990039
4612.1187,11.308274
4613.3864,11.702326
4614.6542,12.522523
4615.9222,13.110041
4617.1904,13.48318
4618.4588,13.840633
4619.7273,14.415081
4620.996,15.313712
4622.2649,16.319533
4623.534,17.113591
4624.8032,17.894577
4626.0726,18.75138
4627.3422,19.801649
4628.612,21.047996
4629.8819,21.776697
4631.152,22.897555
4632.4223,24.287695
4633.6927,25.774568
4634.9634,26.864056
4636.2342,27.370538
4637.5051,28.420811
4638.7763,29.661934
4640.0476,31.219398
4641.3191,33.192549
4642.5908,35.157858
4643.8626,37.374147
4645.1346,39.101548
4646.4068,40.860323
4647.6792,42.914523
4648.9518,45.054997
4650.2245,47.428153
4651.4974,49.171243
4652.7704,51.092112
4654.0437,52.652197
4655.3171,54.356074
4656.5907,56.439036
4657.8644,58.34945
4659.1384,60.231107
4660.4125,61.921914
4661.6868,63.576121
4662.9612,64.393726
4664.2359,65.033555
4665.5107,65.83809
4666.7857,66.582496
4668.0608,66.741281
4669.3361,66.915752
4670.6116,67.503297
4671.8873,67.544436
4673.1632,67.154204
4674.4392,66.612338
4675.7154,66.384199
4676.9918,65.986125
4678.2683,65.258641
4679.5451,63.752072
4680.822,62.240274
4682.099,60.919327
4683.3763,60.343479
4684.6537,58.967632
4685.9313,57.406164
4687.2091,55.395023
4688.487,53.836171
4689.7651,52.013267
4691.0434,49.928926
4692.3219,47.564847
4693.6005,45.694886
4694.8793,44.392246
4696.1583,43.607253
4697.4375,42.396118
4698.7168,40.907859
4699.9963,39.586921
4701.276,38.454218
4702.5559,37.002562
4703.8359,35.561365
4705.1161,34.559383
4706.3965,33.654134
4707.6771,32.118821
4708.9578,30.53122
4710.2387,29.398522
4711.5198,28.898505
4712.801,28.531821
4714.0825,28.214811
4715.3641,27.730482
4716.6458,27.123277
4717.9278,26.471629
4719.2099,25.932399
4720.4922,25.453301
4721.7747,25.392504
4723.0573,25.350008
4724.3401,24.972873
4725.6231,24.577437
4726.9063,24.21076
4728.1897,23.870228
4729.4732,23.498323
4730.7569,23.10289
4732.0407,22.987196
4733.3248,22.82183
4734.609,22.635549
4735.8934,22.203517
4737.1779,21.829002
4738.4627,22.027036
4739.7476,22.14664
4741.0327,22.127683
4742.3179,21.635523
4743.6034,21.255783
4744.889,21.006761
4746.1747,20.979963
4747.4607,20.859048
4748.7468,20.654473
4750.0331,20.413298
4751.3196,20.451861
4752.6063,20.299576
4753.8931,20.084546
4755.1801,19.94272
4756.4673,19.455796
4757.7546,19.073447
4759.0421,18.495021
4760.3298,18.499602
4761.6177,18.253204
4762.9058,17.836871
4764.194,17.681977
4765.4824,17.537541
4766.7709,17.382648
4768.0597,16.610762
4769.3486,16.063714
4770.6377,15.937581
4771.927,16.08073
4773.2164,16.012114
4774.506,15.81801
4775.7958,15.417369
4777.0858,15.126534
4778.3759,14.911516
4779.6662,14.952707
4780.9567,14.6122
4782.2474,14.156661
4783.5382,13.745567
4784.8292,13.431206
4786.1204,13.284165
4787.4117,13.105753
4788.7033,13.047603
4789.995,12.845662
4791.2869,12.680323
4792.5789,12.572502
4793.8711,12.624158
4795.1635,12.751631
4796.4561,12.56538
4797.7489,12.311156
4799.0418,11.855625
4800.3349,11.792251
4801.6282,11.585088
4802.9216,11.641977
4804.2152,11.602134
4805.509,11.55445
4806.803,11.326373
4808.0971,11.103526
4809.3914,10.974798
4810.6859,10.937573
4811.9806,11.101656
4813.2754,11.129792
4814.5705,11.165772
4815.8656,11.220053
4817.161,11.39721
4818.4565,11.359989
4819.7523,11.309697
4821.0481,11.228032
4822.3442,11.135911
4823.6404,10.986274
4824.9368,11.121605
4826.2334,11.324911
4827.5302,11.384426
4828.8271,11.402112
4830.1242,11.587119
4831.4215,11.889773
4832.7189,11.991121
4834.0166,12.155215
4835.3144,12.366368
4836.6123,12.522619
4837.9105,12.733774
4839.2088,13.007673
4840.5073,13.435822
4841.806,13.748939
4843.1048,14.307808
4844.4038,14.981711
4845.703,15.399405
4847.0024,15.461544
4848.302,15.421723
4849.6017,15.306085
4850.9016,15.538161
4852.2016,15.81991
4853.5019,16.070287
4854.8023,15.834391
4856.1029,15.412874
4857.4036,15.208351
4858.7046,15.137162
4860.0057,14.882968
4861.307,14.563414
4862.6084,14.241247
4863.9101,14.023655
4865.2119,13.651816
4866.5138,13.055141
4867.816,12.455852
4869.1183,12.099701
4870.4208,11.991916
4871.7235,11.774328
4873.0264,11.397264
4874.3294,10.803207
4875.6326,10.420915
4876.936,10.284375
4878.2395,10.28117
4879.5432,10.100187
4880.8471,9.6839107
4882.1512,9.3486808
4883.4555,9.1598567
4884.7599,9.0782228
4886.0645,8.9992039
4887.3692,9.0064601
4888.6742,8.958815
4889.9793,8.7438503
4891.2846,8.5890169
4892.5901,8.6825501
4893.8957,8.687195
4895.2015,8.6343242
4896.5075,8.5814541
4897.8137,8.648846
4899.12,8.6796372
4900.4265,8.5980107
4901.7332,8.7569078
4903.04,8.7641714
4904.3471,8.6093442
4905.6543,8.4205307
4906.9617,8.2604759
4908.2692,8.1657813
4909.577,8.0684729
4910.8849,8.0208383
4912.1929,7.9784331
4913.5012,7.9360285
4914.8096,8.0504873
4916.1182,8.0917441
4917.427,7.9264656
4918.7359,7.4971354
4920.0451,7.3501587
4921.3544,7.4332481
4922.6638,7.6052269
4923.9735,7.7876639
4925.2833,7.7243498
4926.5933,7.6845658
4927.9035,7.5741942
4929.2138,7.662516
4930.5243,7.6828646
4931.835,7.6901419
4933.1459,7.6163741
4934.4569,7.4066591
4935.7681,7.2623043
4937.0795,7.1911527
4938.3911,7.2559494
4939.7028,7.0854527
4941.0147,6.8260676
4942.3268,6.9457682
4943.6391,7.1151426
4944.9515,7.2270012
4946.2641,7.0904945
4947.5769,7.0559492
4948.8898,7.1599665
4950.203,7.0574486
4951.5163,6.96016
4952.8298,6.8079701
4954.1434,6.6479377
4955.4572,6.5558797
4956.7712,6.4167636
4958.0854,6.484184
4959.3998,6.4051998
4960.7143,6.3209874
4962.029,6.2446189
4963.3438,6.2440679
4964.6589,6.4291385
4965.9741,6.499177
4967.2895,6.4594122
4968.6051,6.4797787
4969.9208,6.3746557
4971.2367,6.4080954
4972.5528,6.1983984
4973.8691,6.1821661
4975.1855,6.0979606
4976.5021,6.1523178
4977.8189,6.1047148
4979.1359,5.9525373
4980.453,5.894478
4981.7703,5.7841318
4983.0878,5.9221522
4984.4055,5.9738988
4985.7233,5.9838159
4987.0413,6.0015767
4988.3595,6.0507107
4989.6779,6.1782767
4990.9964,6.2875427
4992.3151,6.1406001
4993.634,6.095619
4994.953,5.8833182
4996.2722,5.7259199
4997.5916,5.7489145
4998.9112,5.8686417
5000.231,5.902095
5001.5509,5.8649607
5002.871,5.806912
5004.1913,5.8377528
5005.5117,5.7797053
5006.8323,5.7033578
5008.1531,5.6636122
5009.4741,5.5140633
5010.7952,5.3174562
5012.1165,5.2829413
5013.438,5.4445053
5014.7597,5.5956125
5016.0815,5.5244981
5017.4036,5.5631882
5018.7257,5.4319443
5020.0481,5.3294592
5021.3706,5.1171708
5022.6933,5.1061902
5024.0162,5.382792
5025.3393,5.3848845
5026.6625,5.4758665
5027.9859,5.3916858
5029.3095,5.419924
5030.6333,5.2154831
5031.9572,5.0764022
5033.2813,5.1987599
5034.6056,5.1041248
5035.93,4.8552419
5037.2547,4.6534184
5038.5795,4.7339485
5039.9044,4.9974858
5041.2296,5.0283439
5042.5549,5.074889
5043.8804,4.8913693
5045.2061,4.5902031
5046.5319,4.4171422
5047.8579,4.4741472
5049.1841,4.6435712
5050.5105,4.7162637
5051.837,4.624251
5053.1638,4.5688402
5054.4906,4.6310771
5055.8177,4.8005041
5057.1449,4.6771214
5058.4724,4.4622359
5059.7999,4.3205537
5061.1277,4.4559963
5062.4556,4.3613742
5063.7838,4.1935501
5065.112,4.0727854
5066.4405,4.1899298
5067.7691,4.2338722
5069.0979,4.3876192
5070.4269,4.5230661
5071.7561,4.5356379
5073.0854,4.3835044
5074.4149,4.2862734
5075.7446,4.3171477
5077.0744,4.2225324
5078.4045,4.1436039
5079.7347,4.1195781
5081.065,4.082481
5082.3956,4.0166263
5083.7263,3.8671121
5085.0572,3.9790364
5086.3883,4.0360595
5087.7195,4.1322988
5089.0509,4.1370354
5090.3825,3.9483087
5091.7143,3.866772
5093.0462,3.8113798
5094.3784,3.7690602
5095.7106,3.7554993
5097.0431,3.6425926
5098.3757,3.7545231
5099.7086,3.7932517
5101.0415,3.8868828
5102.3747,4.0328021
5103.708,4.0244737
5105.0416,3.9298714
5106.3752,3.7333089
5107.7091,3.7615837
5109.0431,3.7401859
5110.3773,3.6978736
5111.7117,3.5666731
5113.0463,3.6106366
5114.381,3.7225746
5115.7159,3.6724217
5117.051,3.6379557
5118.3862,3.6322484
5119.7217,3.6396137
5121.0573,3.628679
5122.393,3.7040194
5123.729,3.776746
5125.0651,3.7945713
5126.4014,3.6712207
5127.7379,3.6498316
5129.0745,3.552626
5130.4113,3.6148982
5131.7483,3.6327266
5133.0855,3.8074184
5134.4228,3.707601
5135.7604,3.6809868
5137.098,3.5811706
5138.4359,3.4682831
5139.7739,3.4390564
5141.1122,3.4019871
5142.4505,3.2943303
5143.7891,3.1370009
5145.1278,3.0398028
5146.4667,3.1805138
5147.8058,3.2271078
5149.1451,3.1900423
5150.4845,3.192193
5151.8241,3.1237562
5153.1639,3.0814638
5154.5039,3.0156426
5155.844,3.0073383
5157.1843,3.0931524
5158.5248,3.1083788
5159.8654,3.2151091
5161.2062,3.094389
5162.5472,2.9605976
5163.8884,2.8843232
5165.2298,3.1400756
5166.5713,3.3905999
5167.913,3.332628
5169.2549,3.1674672
5170.5969,3.1460979
5171.9391,3.2789775
5173.2815,3.23408
5174.6241,3.0950655
5175.9668,3.1050712
5177.3097,3.1386069
5178.6528,3.0675681
5179.9961,2.962543
5181.3395,3.0065381
5182.6831,3.1315796
5184.0269,3.2513929
5185.3709,3.3267624
5186.715,3.3576881
5188.0593,3.2265229
5189.4038,2.9855544
5190.7485,2.9040637
5192.0933,2.9611356
5193.4383,3.1881429
5194.7835,3.1693991
5196.1289,3.1297408
5197.4744,3.053482
5198.8201,3.0033675
5200.166,2.8512928
5201.512,2.7227482
5202.8582,2.7850539
5204.2046,3.0146804
5205.5512,3.0586867
5206.898,2.9667459
5208.2449,2.9140213
5209.592,2.8743693
5210.9392,2.9157637
5212.2867,2.8865704
5213.6343,3.0403843
5214.9821,3.0870093
5216.3301,3.1101055
5217.6782,3.1462742
5219.0265,3.2661037
5220.375,3.304888
5221.7237,3.2573984
5223.0725,3.372001
5224.4215,3.65131
5225.7707,3.9280053
5227.1201,4.0190803
5228.4696,4.0604827
5229.8193,4.2561341
5231.1692,4.4857731
5232.5193,4.7912296
5233.8695,5.049628
5235.2199,5.2348244
5236.5705,5.3651194
5237.9212,5.6914935
5239.2722,5.9734237
5240.6233,6.4279036
5241.9745,6.4457828
5243.326,6.7800025
5244.6776,6.9181444
5246.0294,6.9935418
5247.3814,6.9512927
5248.7335,6.796626
5250.0859,6.7413063
5251.4384,6.7173598
5252.791,6.9522374
5254.1439,7.1949588
5255.4969,7.0063082
5256.8501,6.7784426
5258.2035,6.7623423
5259.557,6.7514714
5260.9107,6.4582482
5262.2646,5.9375746
5263.6187,5.5267055
5264.9729,5.225641
5266.3273,4.8539889
5267.6819,4.6705727
5269.0367,4.3642813
5270.3916,4.2279251
5271.7467,3.9791513
5273.102,3.9316853
5274.4574,3.9208212
5275.8131,3.9962322
5277.1689,3.9173955
5278.5249,3.7261411
5279.881,3.5688743
5281.2373,3.4482094
5282.5939,3.437349
5283.9505,3.2199533
5285.3074,3.1411203
5286.6644,3.1564055
5288.0216,3.2867241
5289.379,3.3752132
5290.7365,3.215337
5292.0942,2.9901019
5293.4521,2.8511419
5294.8102,2.7644701
5296.1685,2.8738773
5297.5269,2.9231545
5298.8855,2.9855042
5300.2442,3.0870701
5301.6032,2.9977871
5302.9623,3.0549098
5304.3216,2.9159548
5305.681,2.795301
5307.0407,2.5883734
5308.4005,2.3343875
5309.7605,2.2529513
5311.1206,2.1009275
5312.481,2.1632833
5313.8415,2.2047248
5315.2022,2.2932257
5316.563,2.2588514
5317.9241,2.164347
5319.2853,2.1378171
5320.6466,2.1374316
5322.0082,2.1448898
5323.3699,2.0843748
5324.7318,2.0787624
5326.0939,2.0940657
5327.4562,2.2191735
5328.8186,2.1534322
5330.1812,2.1425935
5331.544,2.0820822
5332.9069,2.0346435
5334.27,1.984591
5335.6333,1.8691796
5336.9968,1.8923309
5338.3604,1.9311692
5339.7242,1.8863479
5341.0882,1.9591743
5342.4524,1.8934392
5343.8167,1.9375087
5345.1813,1.7933435
5346.546,1.7014665
5347.9108,1.6461914
5349.2759,1.7922241
5350.6411,1.797081
5352.0065,1.8359254
5353.372,1.788496
5354.7377,1.9685181
5356.1037,1.9995213
5357.4697,1.9730087
5358.836,1.8210066
5360.2024,1.7291358
5361.569,1.5980499
5362.9358,1.5636967
5364.3028,1.5345728
5365.6699,1.5185215
5367.0372,1.4371113
5368.4047,1.3766167
5369.7723,1.3056653
5371.1401,1.3863485
5372.5081,1.3441564
5373.8763,1.3620958
5375.2447,1.3669638
5376.6132,1.3195449
5377.9819,1.3610155
5379.3508,1.2011795
5380.7198,1.1877493
5382.089,1.1952348
5383.4584,1.2523942
5384.828,1.3173973
5386.1977,1.1131199
5387.5676,0.94805891
5388.9377,0.86404426
5390.308,0.90290604
5391.6784,0.97052661
5393.049,0.83945499
5394.4198,0.92014869
5395.7908,0.90672537
5397.1619,0.90376019
5398.5332,0.72563222
5399.9047,0.65208004
5401.2764,0.68310364
5402.6482,0.58863767
5404.0202,0.44449911
5405.3924,0.39970758
5406.7647,0.39413235
5408.1373,0.47221787
5409.51,0.36991186
5410.8828,0.43492673
5412.2559,0.36138012
5413.6291,0.43162499
5415.0025,0.46526916
5416.3761,0.43878324
5417.7498,0.54040252
5419.1238,0.44594398
5420.4978,0.37240109
5421.8721,0.24918562
5423.2466,0.23054594
5424.6212,0.28510948
5425.996,0.25339914
5427.3709,0.2243038
5428.7461,0.229196
5430.1214,0.24454634
5431.4969,0.22852476
5432.8725,0.1732881
5434.2484,0.12066644
5435.6244,0.073274166
5437.0006,-0.010718801
5438.3769,0.002020879
5439.7535,-0.04798392
5441.1302,-0.053543654
5442.5071,-0.129691
5443.8841,-0.098648192
5445.2614,-0.062376002
5446.6388,-0.03394633
5448.0163,0.054614681
5449.3941,0.069973697
5450.772,-0.053228758
5452.1501,-0.13623998
5453.5284,-0.083301102
5454.9069,0.04022841
5456.2855,0.15068842
5457.6643,0.13304625
5459.0432,0.125864
5460.4224,0.0036514568
5461.8017,0.11150667
5463.1812,0.24812245
5464.5609,0.30369487
5465.9407,0.24423701
5467.3207,0.12465082
5468.7009,0.15147226
5470.0813,0.17568172
5471.4618,0.19727919
5472.8426,0.14567644
5474.2234,-0.010499081
5475.6045,-0.096083968
5476.9857,-0.064019401
5478.3672,0.043864555
5479.7487,0.075933912
5481.1305,0.045260567
5482.5124,0.019818375
5483.8945,-0.023922075
5485.2768,0.0029281046
5486.6593,-0.00150411
5488.0419,-0.060836208
5489.4247,-0.083564923
5490.8077,-0.077533391
5492.1909,-0.029669716
5493.5742,-0.13343795
5494.9577,-0.25811914
5496.3414,-0.21286362
5497.7252,-0.15976288
5499.1092,-0.08051627
5500.4934,-0.022182618
5501.8778,0.26098971
5503.2623,0.43174582
5504.6471,0.30969354
5506.032,0.1431989
5507.417,0.068209603
5508.8023,0.15792826
5510.1877,0.088171879
5511.5733,-0.031255632
5512.9591,-0.0016614593
5514.345,0.10375178
5515.7311,0.23269652
5517.1174,0.22046685
5518.5039,0.2422262
5519.8905,0.14895494
5521.2773,0.058300134
5522.6643,-0.058496383
5524.0515,-0.052415007
5525.4388,-0.077704103
5526.8263,-0.12390616
5528.214,-0.091674758
5529.6018,-0.0019249441
5530.9899,0.11135636
5532.3781,0.17496654
5533.7664,0.30132389
5535.155,0.21591861
5536.5437,0.096528481
5537.9326,-0.038545845
5539.3217,-0.027212866
5540.711,0.062553563
5542.1004,0.026831872
5543.49,0.095687422
5544.8798,0.13055812
5546.2697,0.17850279
5547.6598,0.093116205
5549.0501,-0.028869612
5550.4406,-0.1325527
5551.8312,-0.11335789
5553.222,-0.041873423
5554.613,0.019155604
5556.0042,0.0043697142
5557.3955,0.041873483
5558.7871,0.042778021
5560.1787,0.14041666
5561.5706,0.17792666
5562.9626,0.21282436
5564.3549,0.12484832
5565.7472,0.076090036
5567.1398,0.131909
5568.5325,0.059625458
5569.9254,0.065775369
5571.3185,0.066698599
5572.7118,0.1434409
5574.1052,0.06593691
5575.4988,0.059023234
5576.8926,0.15407242
5578.2866,0.25173806
5579.6807,0.14809859
5581.075,0.088905634
5582.4695,0.021871622
5583.8641,0.0097416482
5585.2589,-0.065131347
5586.6539,-0.18183233
5588.0491,-0.0031064015
5589.4444,0.091961474
5590.84,0.1530445
5592.2357,0.13046947
5593.6315,-0.025436817
5595.0276,-0.05585083
5596.4238,-0.14900786
5597.8202,-0.0094830834
5599.2167,0.20063201
5600.6135,0.32708905
5602.0104,0.43786189
5603.4075,0.38131655
5604.8048,0.20451184
5606.2022,0.10352621
5607.5998,-0.0079148638
5608.9976,0.066267055
5610.3955,0.13783667
5611.7937,0.16234954
5613.192,0.10581874
5614.5905,-0.063128294
5615.9891,0.089495381
5617.388,0.14800349
5618.787,0.19867053
5620.1861,0.066333116
5621.5855,0.012429151
5622.985,0.026501119
5624.3847,0.048418301
5625.7846,0.0067961136
5627.1846,-0.06619697
5628.5849,-0.10520147
5629.9853,-0.057929814
5631.3858,-0.034185914
5632.7866,-0.094100493
5634.1875,-0.16969969
5635.5886,-0.19039528
5636.9899,-0.19540294
5638.3913,-0.22916712
5639.7929,-0.10345252
5641.1947,-0.016951956
5642.5967,0.098308431
5643.9988,0.009648902
5645.4011,-0.045022047
5646.8036,0.038870749
5648.2063,0.17766716
5649.6091,0.2066613
5651.0121,0.094480618
5652.4153,0.094719892
5653.8187,0.2727386
5655.2222,0.31219686
5656.6259,0.33074175
5658.0298,0.33098763
5659.4339,0.37829399
5660.8381,0.29749743
5662.2425,0.10951298
5663.6471,0.047020371
5665.0518,0.036817001
5666.4568,0.076288486
5667.8619,0.17589234
5669.2671,0.15262203
5670.6726,0.16595469
5672.0782,0.16360271
5673.484,0.20308246
5674.89,0.31576647
5676.2961,0.29250443
5677.7024,0.31630286
5679.1089,0.076050653
5680.5156,0.076322976
5681.9225,0.16287146
5683.3295,0.29648042
5684.7367,0.18172502
5686.144,0.025141209
5687.5516,-0.013793892
5688.9593,0.010017757
5690.3672,0.17239315
5691.7752,0.23280941
5693.1835,0.29322732
5694.5919,0.14711094
5696.0005,0.016682488
5697.4092,-0.027469805
5698.8182,-0.0010322095
5700.2273,0.13521096
5701.6365,0.12766493
5703.046,0.0077022551
5704.4556,-0.096572494
5705.8654,-0.11457108
5707.2754,-0.0044634413
5708.6856,0.021985721
5710.0959,0.069351568
5711.5064,0.11410469
5712.9171,0.23729083
5714.3279,0.25328909
5715.7389,0.12549815
5717.1501,-0.023206175
5718.5615,-0.1143925
5719.9731,-0.082701365
5721.3848,-0.21571446
5722.7967,-0.23107883
5724.2087,-0.25689908
5725.621,-0.1284693
5727.0334,-0.036639181
5728.446,-0.072911983
5729.8588,0.00062078882
5731.2717,0.0035669779
5732.6848,0.1215475
5734.0981,0.053908758
5735.5116,0.054245525
5736.9252,-0.01861867
5738.339,-0.0078210814
5739.753,-0.023165631
5741.1672,0.081752909
5742.5815,0.12654238
5743.996,0.17917665
5745.4107,0.12200864
5746.8255,0.064842287
5748.2406,-0.070753786
5749.6558,-0.14360311
5751.0711,-0.096189342
5752.4867,-0.051388301
5753.9024,-0.051030052
5755.3183,-0.11864401
5756.7344,-0.17318441
5758.1506,-0.063017287
5759.5671,-0.062652428
5760.9837,0.13902127
5762.4004,0.032199893
5763.8174,0.077014153
5765.2345,-0.024575163
5766.6518,-0.14747888
5768.0693,-0.02724405
5769.4869,0.043318854
5770.9047,0.27858892
5772.3227,0.22366419
5773.7409,0.15566885
5775.1592,0.11643296
5776.5777,-0.016919293
5777.9964,-0.10059706
5779.4153,-0.15028662
5780.8343,-0.058798433
5782.2535,0.056220452
5783.6729,0.058822318
5785.0925,0.0065235056
5786.5122,-0.030087751
5787.9321,0.014348026
5789.3522,0.11107267
5790.7725,0.10845218
5792.1929,0.15289181
5793.6135,0.095371927
5795.0343,0.084912152
5796.4552,0.15027065
5797.8763,0.24700298
5799.2976,0.15811568
5800.7191,0.061386526
5802.1408,-0.051027624
5803.5626,0.082311142
5804.9846,0.10584727
5806.4068,0.10846964
5807.8291,0.14246585
5809.2516,0.1686202
5810.6743,0.223534
5812.0972,0.18433144
5813.5202,0.12160075
5814.9434,0.11900206
5816.3668,0.051045169
5817.7904,0.090279107
5819.2141,0.12951433
5820.6381,0.27594037
5822.0621,0.28119122
5823.4864,0.29951526
5824.9108,0.28646802
5826.3355,0.30479462
5827.7602,0.23161922
5829.1852,0.11400067
5830.6103,0.069586014
5832.0356,0.10360401
5833.4611,0.21082591
5834.8868,0.12981379
5836.3126,0.11939118
5837.7386,0.085440453
5839.1648,0.19528185
5840.5911,0.16394806
5842.0177,0.22150445
5843.4444,0.24768956
5844.8712,0.3313923
5846.2983,0.31836429
5847.7255,0.2635075
5849.1529,0.13544937
5850.5805,-0.021365639
5852.0082,0.075415402
5853.4361,0.10160949
5854.8642,0.16179179
5856.2925,0.13570086
5857.7209,0.13314062
5859.1496,0.188098
5860.5784,0.12018085
5862.0073,0.14115387
5863.4365,0.21441576
5864.8658,0.21709069
5866.2953,0.25898258
5867.7249,0.14401302
5869.1548,0.15453493
5870.5848,0.15198623
5872.015,0.1259094
5873.4453,0.15212143
5874.8758,0.21755044
5876.3065,0.19932059
5877.7374,0.079131237
5879.1685,-0.14301762
5880.5997,-0.1011129
5882.0311,-0.030448731
5883.4627,0.092504301
5884.8944,0.16578541
5886.3264,0.15017892
5887.7585,0.20254756
5889.1908,0.16341421
5890.6232,0.18179849
5892.0558,0.14005333
5893.4886,0.040793114
5894.9216,0.061795616
5896.3547,0.027897439
5897.7881,0.088118191
5899.2215,0.041150683
5900.6552,-0.084246917
5902.0891,-0.15997003
5903.5231,-0.1938618
5904.9573,-0.10487647
5906.3916,-0.065563058
5907.8262,-0.068078431
5909.2609,0.071742859
5910.6958,-0.018500104
5912.1308,-0.051225623
5913.5661,-0.11793696
5915.0015,-0.087915175
5916.4371,0.0048528176
5917.8728,0.024419301
5919.3088,0.15117643
5920.7449,0.10015689
5922.1811,-0.073737363
5923.6176,-0.012336394
5925.0542,-0.0084506591
5926.491,0.16537082
5927.928,0.10651367
5929.3652,0.11563148
5930.8025,0.085534703
5932.24,-0.07266554
5933.6777,-0.021714352
5935.1155,-0.017820881
5936.5535,0.12463579
5937.9917,0.16251839
5939.4301,0.093212566
5940.8686,0.10233921
5942.3074,-0.042781397
5943.7463,0.034321318
5945.1853,-0.053280744
5946.6246,-0.025849021
5948.064,-0.045475016
5949.5036,-0.0023548082
5950.9433,0.048609642
5952.3833,0.03421572
5953.8234,0.03028042
5955.2637,0.10216322
5956.7041,0.022413134
5958.1448,0.049853698
5959.5856,0.0040927528
5961.0266,0.075979971
5962.4677,0.017149341
5963.9091,-0.044294564
5965.3506,0.017138454
5966.7922,0.16484709
5968.2341,0.11647839
5969.6761,0.099483353
5971.1183,-0.09267398
5972.5607,-0.067836744
5974.0033,-0.1684886
5975.446,-0.16456419
5976.8889,-0.10050795
5978.332,-0.10965322
5979.7752,-0.050823529
5981.2186,-0.090769537
5982.6622,-0.070583967
5984.106,0.030648213
5985.5499,0.01946295
5986.9941,0.02396482
5988.4384,0.010166895
5989.8828,-0.050688995
5991.3275,0.029632444
5992.7723,-0.010306697
5994.2173,0.10138901
5995.6624,0.10328165
5997.1078,0.12870456
5998.5533,0.16981461
5999.999,0.11419348
6001.4448,0.071645112
6002.8909,0.063084529
6004.3371,0.17740062
6005.7835,0.23681561
6007.23,0.21780009
6008.6768,0.23277235
6010.1237,0.30264743
6011.5707,0.33330768
6013.018,0.20710605
6014.4654,0.093977169
6015.913,0.035751109
6017.3608,0.11085924
6018.8088,0.09707934
6020.2569,0.16434605
6021.7052,0.079979633
6023.1537,0.08973172
6024.6023,0.12301408
6026.0511,0.16936919
6027.5001,0.18696699
6028.9493,0.15489244
6030.3986,0.22216516
6031.8482,0.25022305
6033.2979,0.18939292
6034.7477,0.20438063
6036.1978,0.23766985
6037.648,0.15331288
6039.0984,0.024512314
6040.5489,-0.093829874
6041.9997,0.0022078819
6043.4506,0.022429503
6044.9017,-0.017478737
6046.3529,-0.08091553
6047.8044,0.051726966
6049.256,0.087638295
6050.7078,0.15492303
6052.1597,0.086260913
6053.6119,0.096031026
6055.0642,0.09534448
6056.5166,0.10250193
6057.9693,0.12534651
6059.4221,0.064531825
6060.8751,-0.019811417
6062.3283,-0.072781252
6063.7817,-0.096992059
6065.2352,-0.0061693274
6066.6889,0.011451648
6068.1428,0.11011923
6069.5968,0.078068723
6071.051,0.069548482
6072.5054,0.045342826
6073.96,-0.057293345
6075.4147,-0.031824082
6076.8697,-0.027268994
6078.3248,-0.0070267726
6079.78,0.0027587907
6081.2355,-0.078958056
6082.6911,0.009260597
6084.1469,0.029506252
6085.6028,0.094197209
6087.059,-0.045032544
6088.5153,-0.030013072
6089.9718,-0.02629513
6091.4284,0.0009529809
6092.8853,0.0072868165
6094.3423,-0.0099080024
6095.7995,0.080087479
6097.2568,0.026292867
6098.7143,0.019557836
6100.1721,-0.023777744
6101.6299,-0.12724329
6103.088,-0.068616568
6104.5462,-0.025675366
6106.0046,0.10876986
6107.4632,0.10988251
6108.9219,-0.024951794
6110.3809,0.012763679
6111.84,0.034793634
6113.2992,0.15355637
6114.7587,0.2304898
6116.2183,0.11657432
6117.6781,0.075862204
6119.1381,0.035150848
6120.5982,-0.023860405
6122.0585,-0.020125802
6123.519,-0.11573685
6124.9797,0.037018878
6126.4405,0.085200197
6127.9016,0.08632345
6129.3628,0.12143439
6130.8241,0.18791863
6132.2857,0.25440364
6133.7474,0.22938613
6135.2093,0.13116676
6136.6713,0.064320701
6138.1336,-0.03389715
6139.596,-0.02753908
6141.0585,0.067708636
6142.5213,0.1263558
6143.9842,0.15624556
6145.4473,0.12861973
6146.9106,0.095765896
6148.3741,0.09951413
6149.8377,0.0091454749
6151.3015,0.018123982
6152.7655,0.11076338
6154.2296,0.20340353
6155.694,0.24114248
6157.1585,0.18476454
6158.6231,0.14668801
6160.088,0.18181485
6161.553,0.16726925
6163.0182,0.24161329
6164.4836,0.25582737
6165.9491,0.16285267
6167.4148,0.1352382
6168.8807,0.12331076
6170.3468,0.25256055
6171.813,0.21710522
6173.2794,0.095376128
6174.746,0.11743865
6176.2128,0.089828722
6177.6797,0.16418034
6179.1469,0.11827127
6180.6141,0.074977346
6182.0816,0.023841038
6183.5492,-0.10572589
6185.017,-0.041828
6186.485,0.029913781
6187.9532,0.11734259
6189.4215,0.10281138
6190.89,0.10135282
6192.3587,0.12342443
6193.8276,0.19255561
6195.2966,0.16234115
6196.7658,0.1138268
6198.2352,0.17511712
6199.7047,0.19719252
6201.1744,0.22449742
6202.6443,0.14199917
6204.1144,0.093488601
6205.5847,0.081580096
6207.0551,0.048757315
6208.5257,0.14926863
6209.9964,0.17657808
6211.4674,0.27186215
6212.9385,0.26518619
6214.4098,0.21145216
6215.8813,0.12896072
6217.3529,0.13274455
6218.8247,0.23848992
6220.2967,0.31809226
6221.7689,0.36370842
6223.2412,0.38579593
6224.7137,0.22749204
6226.1864,0.10317584
6227.6593,0.046834251
6229.1323,0.19441499
6230.6055,0.31062393
6232.0789,0.26474213
6233.5525,0.16134475
6235.0262,0.050104983
6236.5001,0.18984637
6237.9742,0.27207217
6239.4484,0.33076932
6240.9229,0.25874827
6242.3975,0.26777373
6243.8722,0.31863002
6245.3472,0.37733019
6246.8223,0.33407035
6248.2976,0.17054982
6249.7731,0.067160762
6251.2487,0.063118871
6252.7246,0.093064666
6254.2006,0.14915501
6255.6767,0.1817167
6257.1531,0.19859287
6258.6296,0.13703842
6260.1063,0.15653049
6261.5831,0.23092527
6263.0602,0.2948633
6264.5374,0.24899816
6266.0148,0.30248018
6267.4924,0.3376623
6268.9701,0.34408702
6270.448,0.26685236
6271.9261,0.17393218
6273.4044,0.1254572
6274.8828,0.097898018
6276.3614,0.1435422
6277.8402,0.15258584
6279.3191,0.16424461
6280.7983,0.14976035
6282.2776,0.19279319
6283.7571,0.073735279
6285.2367,0.027880741
6286.7165,-0.025816177
6288.1965,0.074736028
6289.6767,0.10992951
6291.1571,0.035319835
6292.6376,0.039142287
6294.1183,-0.02762274
6295.5992,-0.00026936255
6297.0802,0.027084772
6298.5614,0.098884109
6300.0428,0.063494661
6301.5244,-0.037253508
6303.0061,-0.11185713
6304.4881,-0.068812932
6305.9701,0.094493459
6307.4524,0.18982675
6308.9349,0.21195819
6310.4175,0.14520149
6311.9003,0.14903379
6313.3832,0.18162501
6314.8664,0.19853072
6316.3497,0.21543718
6317.8332,0.24018754
6319.3168,0.24140924
6320.8007,0.28707615
6322.2847,0.30137126
6323.7688,0.18756256
6325.2532,0.18094415
6326.7377,0.098509514
6328.2224,0.1075789
6329.7073,-0.10557318
6331.1924,-0.13833235
6332.6776,-0.095273762
6334.163,-0.075743832
6335.6486,-0.092814451
6337.1343,-0.15432876
6338.6203,-0.14263969
6340.1064,-0.10742046
6341.5926,-0.064357329
6343.0791,-0.10495357
6344.5657,-0.12986279
6346.0525,-0.058039216
6347.5395,-0.012984402
6349.0266,-0.0045305185
6350.5139,-0.056206976
6352.0014,0.028064657
6353.4891,0.10187915
6354.9769,0.076347618
6356.4649,0.048202084
6357.9531,0.054043855
6359.4415,0.12785986
6360.93,0.20429062
6362.4187,0.20229039
6363.9076,0.14015982
6365.3967,0.080643999
6366.8859,0.018514181
6368.3753,-0.080216567
6369.8649,-0.19201883
6371.3547,-0.17048739
6372.8446,-0.054837916
6374.3347,-0.041148852
6375.825,0.0091418964
6377.3154,-0.029455866
6378.8061,0.054822567
6380.2969,0.013611181
6381.7878,0.022073375
6383.279,0.10373856
6384.7703,0.11963003
6386.2618,0.17212314
6387.7535,0.052067563
6389.2453,0.0052149263
6390.7374,-0.01810797
6392.2296,0.016085803
6393.7219,0.11825376
6395.2145,0.074016821
6396.7072,-0.014664235
6398.2001,-0.082429929
6399.6931,-0.12143712
6401.1864,-0.087241374
6402.6798,-0.092260982
6404.1734,-0.024077646
6405.6671,-0.0055671834
6407.1611,-0.073330901
6408.6552,-0.080963571
6410.1495,-0.083367153
6411.6439,0.021419137
6413.1386,0.047774383
6414.6334,0.032299894
6416.1284,0.019440112
6417.6235,-0.053550058
6419.1189,0.0067934337
6420.6144,0.0070065359
6422.11,0.054552671
6423.6059,0.15438645
6425.1019,0.14441635
6426.5981,0.1239888
6428.0945,-0.021928886
6429.591,-0.084186388
6431.0878,-0.11768566
6432.5847,-0.038766582
6434.0817,-0.051350712
6435.579,-0.050862889
6437.0764,-0.084361938
6438.574,0.067759985
6440.0718,0.14929373
6441.5697,0.10533734
6443.0678,0.022165311
6444.5661,-0.053163519
6446.0646,0.023141694
6447.5632,0.039316245
6449.0621,0.084249023
6450.561,0.0089204199
6452.0602,-0.069022506
6453.5595,-0.04500459
6455.0591,-0.04451603
6456.5587,-0.062328066
6458.0586,-0.077525667
6459.5586,-0.058736282
6461.0588,0.06985708
6462.5592,0.10956161
6464.0598,0.11005051
6465.5605,0.034722476
6467.0614,-0.01969047
6468.5625,0.06968749
6470.0637,0.15122237
6471.5652,0.15955469
6473.0668,0.13651452
6474.5686,0.17883388
6476.0705,0.20023827
6477.5726,0.077851867
6479.0749,-0.083750167
6480.5774,0.0239289
6482.08,0.15252306
6483.5829,0.2523591
6485.0859,0.22409063
6486.589,0.18536469
6488.0924,0.18846888
6489.5959,0.11314175
6491.0996,0.077030369
6492.6034,0.056605316
6494.1075,0.059709731
6495.6117,0.094186752
6497.1161,0.045003699
6498.6207,0.089938349
6500.1254,0.18454626
6501.6303,0.15889279
6503.1354,0.15938316
6504.6406,0.084056605
6506.1461,0.037488271
6507.6517,-0.069210724
6509.1575,-0.11055019
6510.6634,0.0023587749
6512.1696,0.081280865
6513.6759,0.039941573
6515.1823,-0.030155832
6516.689,-0.055808735
6518.1958,-0.0056445885
6519.7028,0.039290857
6521.21,0.018866882
6522.7173,0.0010573425
6524.2249,0.019849167
6525.7326,0.054327323
6527.2404,0.094034294
6528.7485,0.060538707
6530.2567,0.084559517
6531.7651,-0.0038379169
6533.2737,0.030640523
6534.7824,-0.015751288
6536.2913,0.13393541
6537.8004,0.14244571
6539.3097,0.13265544
6540.8191,0.033976357
6542.3287,-0.041173238
6543.8385,-0.024819489
6545.3485,-0.050295728
6546.8586,-0.062699994
6548.3689,-0.17967935
6549.8794,-0.22084163
6551.3901,-0.1417424
6552.9009,0.034088939
6554.4119,0.15501839
6555.9231,0.20013093
6557.4345,0.17726968
6558.946,0.1308791
6560.4577,0.097560498
6561.9696,0.10084328
6563.4816,0.059681687
6564.9939,-0.041610545
6566.5063,-0.069700084
6568.0188,-0.0062862793
6569.5316,0.10941518
6571.0445,0.12054156
6572.5576,0.12643926
6574.0709,0.12187952
6575.5843,0.21666625
6577.098,0.23563608
6578.6117,0.23107657
6580.1257,0.19775896
6581.6399,0.2428728
6583.1542,0.31413052
6584.6687,0.32264321
6586.1833,0.39912983
6587.6982,0.47561653
6589.2132,0.44752815
6590.7284,0.32793657
6592.2437,0.23971762
6593.7593,0.39463601
6595.275,0.4580512
6596.7909,0.45872137
6598.3069,0.3365158
6599.8232,0.13326455
6601.3396,0.14962123
6602.8562,0.066631578
6604.3729,0.17972043
6605.8898,0.32156754
6607.4069,0.51308792
6608.9242,0.63663452
6610.4417,0.51442957
6611.9593,0.41313972
6613.4771,0.46609832
6614.9951,0.52690014
6616.5132,0.62953209
6618.0316,0.71909223
6619.5501,0.77466552
6621.0687,0.79102319
6622.5876,0.74202147
6624.1066,0.7087061
6625.6258,0.77735159
6627.1452,0.73096447
6628.6647,0.78392384
6630.1844,0.84211205
6631.7043,0.97088856
6633.2244,0.95325993
6634.7446,0.90948758
6636.265,0.87094407
6637.7856,0.95527645
6639.3064,0.92196184
6640.8273,1.0115231
6642.3484,1.0121956
6643.8697,1.0756133
6645.3912,1.0710571
6646.9128,1.0220567
6648.4346,1.0985464
6649.9566,1.1044481
6651.4787,1.2253824
6653.0011,1.2155979
6654.5236,1.1482972
6656.0463,1.0417808
6657.5691,0.93787891
6659.0921,1.0771143
6660.6153,1.1771341
6662.1387,1.3555854
6663.6623,1.3824027
6665.186,1.4432071
6666.7099,1.5981292
6668.234,1.6301755
6669.7582,1.8504572
6671.2826,1.8746606
6672.8072,1.8962496
6674.332,1.7766623
6675.8569,1.9472711
6677.382,2.2668996
6678.9073,2.5525413
6680.4328,2.6421046
6681.9584,2.7891843
6683.4843,2.9205778
6685.0102,2.9761544
6686.5364,3.0944761
6688.0627,3.3173732
6689.5893,3.6474598
6691.1159,3.912187
6692.6428,4.2109013
6694.1698,4.360596
6695.697,4.4919901
6697.2244,4.565868
6698.752,4.6789616
6700.2797,4.852186
6701.8076,5.0829269
6703.3357,5.4966743
6704.8639,5.6934284
6706.3924,5.7490061
6707.921,5.8751721
6709.4497,5.9438218
6710.9787,5.981099
6712.5078,6.1935398
6714.0371,6.3615361
6715.5666,6.5164607
6717.0962,6.2400127
6718.6261,6.2223884
6720.156,6.4688165
6721.6862,6.5217805
6723.2166,6.3054636
6724.7471,5.9898004
6726.2778,5.810085
6727.8086,6.0016114
6729.3397,5.8218961
6730.8709,5.684011
6732.4023,5.3160606
6733.9338,5.1206592
6735.4656,5.152709
6736.9975,5.0226673
6738.5296,5.0939328
6740.0618,4.8331723
6741.5943,4.7031309
6743.1269,4.5103444
6744.6596,4.2914142
6746.1926,4.1326148
6747.7257,3.8823122
6749.259,3.6686109
6750.7925,3.4339948
6752.3262,3.2778101
6753.86,3.2654163
6755.394,3.2242644
6756.9282,3.1909557
6758.4625,3.1262746
6759.997,3.0903517
6761.5317,3.0884158
6763.0666,2.9217741
6764.6017,2.9067664
6766.1369,2.7531968
6767.6723,2.7878625
6769.2078,2.6421362
6770.7436,2.5696125
6772.2795,2.5363046
6773.8156,2.4873105
6775.3519,2.4513884
6776.8883,2.4180807
6778.4249,2.3952306
6779.9617,2.4168251
6781.4987,2.2632562
6783.0358,2.2926939
6784.5731,2.1940272
6786.1106,2.2443801
6787.6482,2.2502886
6789.1861,2.1803803
6790.7241,2.0869426
6792.2623,1.9542893
6793.8006,1.9706556
6795.3392,2.0288522
6796.8779,2.1419507
6798.4167,2.3413239
6799.9558,2.3655337
6801.495,2.3217697
6803.0344,2.0740843
6804.574,1.9179022
6806.1137,1.7695633
6807.6537,1.7728585
6809.1938,1.8598139
6810.734,1.96507
6812.2745,1.9971236
6813.8151,1.9873471
6815.3559,1.9200545
6816.8969,2.0017815
6818.438,2.0338354
6819.9793,2.0972619
6821.5208,1.998597
6823.0625,1.988821
6824.6043,1.9895027
6826.1463,2.0973739
6827.6885,2.0823695
6829.2309,2.1274958
6830.7734,2.1673934
6832.3161,2.2386637
6833.859,2.1949013
6835.4021,2.2217273
6836.9453,2.245939
6838.4887,2.3642684
6840.0323,2.2446894
6841.576,2.1643261
6843.12,2.0578191
6844.6641,2.2336652
6846.2083,2.3075505
6847.7528,2.3082333
6849.2974,2.2827724
6850.8422,2.3069848
6852.3872,2.4043998
6853.9323,2.3344947
6855.4777,2.3665504
6857.0232,2.4299788
6858.5688,2.4202046
6860.1147,2.4313455
6861.6607,2.5000029
6863.2069,2.6183335
6864.7533,2.6216315
6866.2998,2.682446
6867.8465,2.7929337
6869.3934,2.8955784
6870.9405,2.8727329
6872.4877,2.8002143
6874.0351,2.8008984
6875.5827,2.8773996
6877.1305,3.0088028
6878.6784,3.1637355
6880.2265,3.2219363
6881.7748,3.3010522
6883.3233,3.3801681
6884.8719,3.6187612
6886.4207,3.9070277
6887.9697,4.2528105
6889.5188,4.4757176
6891.0682,4.5731346
6892.6177,4.652251
6894.1674,4.7758119
6895.7172,5.0640788
6897.2672,5.2896007
6898.8174,5.5098939
6900.3678,5.5680956
6901.9184,5.7151863
6903.4691,5.8858066
6905.02,6.1871458
6906.571,6.38391
6908.1223,6.5885173
6909.6737,6.8401836
6911.2253,7.0526343
6912.7771,7.1029935
6914.329,6.9964901
6915.8811,6.9344312
6917.4334,6.9717187
6918.9859,7.1083528
6920.5385,7.1613268
6922.0913,7.2143009
6923.6443,7.225445
6925.1975,7.346393
6926.7508,7.3340079
6928.3043,7.2275051
6929.858,7.0791724
6931.4119,7.0328005
6932.9659,6.9236837
6934.5201,6.7282923
6936.0745,6.5956462
6937.6291,6.5754184
6939.1838,6.515975
6940.7387,6.4669893
6942.2938,6.3500297
6943.849,6.1755539
6945.4044,5.8886598
6946.96,5.7246417
6948.5158,5.5946105
6950.0718,5.4253638
6951.6279,5.2587315
6953.1842,5.0633411
6954.7407,4.8156632
6956.2973,4.5444559
6957.8541,4.5006998
6959.4111,4.438643
6960.9683,4.3321419
6962.5256,4.1602814
6964.0831,4.1086824
6965.6408,4.1355148
6967.1987,4.125746
6968.7567,4.1395067
6970.3149,4.0774505
6971.8733,3.9186623
6973.4319,3.7180442
6974.9906,3.4965111
6976.5495,3.4030826
6978.1086,3.3462555
6979.6679,3.2188403
6981.2273,3.1646278
6982.7869,3.1025722
6984.3467,3.1686212
6985.9067,3.1457815
6987.4668,3.3294777
6989.0271,3.2072917
6990.5876,3.1243215
6992.1482,2.832201
6993.709,2.7492309
6995.27,2.8309668
6996.8312,2.7506112
6998.3926,2.7016283
6999.9541,2.5663709
7001.5158,2.4703293
7003.0777,2.5860525
7004.6397,2.4743248
7006.2019,2.527303
7007.7643,2.5123075
7009.3269,2.5234558
7010.8896,2.5581336
7012.4525,2.3862755
7014.0156,2.3921953
7015.5789,2.3301414
7017.1423,2.3700482
7018.7059,2.5197591
7020.2697,2.5126073
7021.8337,2.4976125
7023.3978,2.2420948
7024.9621,2.0963812
7026.5266,2.1232166
7028.0913,2.1160652
7029.6561,2.2108747
7031.2211,2.1775796
7032.7863,2.1965722
7034.3517,2.2417087
7035.9172,2.1508976
7037.4829,2.2587793
7039.0488,2.2019553
7040.6148,2.2209483
7042.181,2.2111832
7043.7474,2.1569737
7045.314,2.1733526
7046.8808,2.0956138
7048.4477,2.0963066
7050.0148,2.1388295
7051.582,1.9800452
7053.1495,1.972895
7054.7171,1.9082286
7056.2849,2.0239544
7057.8529,1.9775888
7059.421,1.8893932
7060.9893,1.9659035
7062.5578,2.1574466
7064.1265,2.377748
7065.6953,2.2660232
7067.2643,2.2144293
7068.8335,2.1889793
7070.4029,2.2001306
7071.9724,2.2034388
7073.5421,2.1675315
7075.112,2.2701863
7076.6821,2.2368935
7078.2523,2.0964113
7079.8227,2.162465
7081.3933,2.1134862
7082.964,2.2265989
7084.535,2.2325221
7086.1061,2.1547854
7087.6774,2.1188787
7089.2488,1.9757826
7090.8204,2.0130787
7092.3922,2.0242311
7093.9642,1.9543378
7095.5364,1.962876
7097.1087,1.858996
7098.6812,1.8283186
7100.2538,1.9048309
7101.8267,1.8087942
7103.3997,1.7676596
7104.9729,1.6324074
7106.5463,1.6697043
7108.1198,1.6703999
7109.6935,1.5926643
7111.2674,1.6744059
7112.8415,1.690788
7114.4157,1.636582
7115.9901,1.4673434
7117.5647,1.31902
7119.1395,1.3354024
7120.7144,1.4380595
7122.2895,1.5354879
7123.8648,1.6459882
7125.4403,1.5813253
7127.0159,1.6160088
7128.5917,1.5539603
7130.1677,1.5311277
7131.7438,1.6050271
7133.3202,1.5795802
7134.8967,1.6796236
7136.4733,1.6437193
7138.0502,1.5816713
7139.6272,1.5405385
7141.2044,1.5020201
7142.7818,1.5471619
7144.3593,1.4903429
7145.9371,1.4648967
7147.515,1.491738
7149.093,1.4793638
7150.6713,1.5898655
7152.2497,1.5879489
7153.8283,1.6409344
7155.407,1.4978415
7156.986,1.4174938
7158.5651,1.5541396
7160.1444,1.5966679
7161.7239,1.6601113
7163.3035,1.5693064
7164.8833,1.522946
7166.4633,1.5916183
7168.0435,1.4197679
7169.6238,1.3734077
7171.2043,1.3479627
7172.785,1.6127138
7174.3658,1.6683147
7175.9469,1.5696672
7177.5281,1.4710199
7179.1095,1.4664902
7180.691,1.5430064
7182.2727,1.4678887
7183.8546,1.4293724
7185.4367,1.4431437
7187.019,1.4516864
7188.6014,1.4602291
7190.184,1.379883
7191.7668,1.3701252
7193.3497,1.4910865
7194.9328,1.4525707
7196.5161,1.5134014
7198.0996,1.4278269
7199.6833,1.4363702
7201.2671,1.4422991
7202.8511,1.4116269
7204.4352,1.5482749
7206.0196,1.5777335
7207.6041,1.6542511
7209.1888,1.6235791
7210.7736,1.5667634
7212.3587,1.5909936
7213.9439,1.7720865
7215.5293,1.7466437
7217.1148,1.7342727
7218.7006,1.5388954
7220.2865,1.4899233
7221.8726,1.3782062
7223.4588,1.4285807
7225.0453,1.6279748
7226.6319,1.8195259
7228.2186,1.7810118
7229.8056,1.6902101
7231.3927,1.554964
7232.98,1.6079534
7234.5675,1.5459101
7236.1551,1.5884421
7237.743,1.6074447
7239.331,1.6081467
7240.9191,1.4729012
7242.5075,1.3324269
7244.096,1.2991422
7245.6847,1.3730472
7247.2736,1.3659065
7248.8626,1.3692234
7250.4518,1.4274423
7252.0412,1.483047
7253.6308,1.3582595
7255.2205,1.1001388
7256.8105,0.91783517
7258.4005,1.0152702
7259.9908,1.1702216
7261.5813,1.2336698
7263.1719,1.1873142
7264.7626,1.1122005
7266.3536,1.0527731
7267.9447,1.0377903
7269.5361,0.98097748
7271.1275,0.98690983
7272.7192,1.0006854
7274.311,1.0196898
7275.903,1.0857531
7277.4952,1.065542
7279.0876,1.1551348
7280.6801,1.1375382
7282.2728,1.0937979
7283.8657,1.0160707
7285.4587,1.016775
7287.0519,1.1586559
7288.6453,1.2351773
7290.2389,1.2123524
7291.8327,1.1137106
7293.4266,1.0568989
7295.0207,1.0419174
7296.615,1.0504654
7298.2094,1.1662029
7299.804,1.174751
7301.3988,1.2251293
7302.9938,1.1421743
7304.5889,1.1141213
7306.1842,1.0154802
7307.7797,1.0188
7309.3754,1.0430348
7310.9712,1.0855704
7312.5672,1.0575178
7314.1634,1.0712954
7315.7598,1.1713475
7317.3563,1.169439
7318.953,1.1701449
7320.5499,1.0218313
7322.147,1.0512955
7323.7442,1.0912173
7325.3416,1.1808124
7326.9392,1.2233488
7328.5369,1.3024865
7330.1349,1.269206
7331.733,1.2411544
7333.3312,1.1765015
7334.9297,1.1745938
7336.5283,1.1230129
7338.1271,1.0060727
7339.7261,0.98063582
7341.3252,1.0728461
7342.9246,1.1598276
7344.524,1.2337374
7346.1237,1.1481701
7347.7236,1.0835179
7349.3236,1.0633102
7350.9238,1.1319915
7352.5241,1.3157056
7354.1247,1.287655
7355.7254,1.1550294
7357.3263,0.99103122
7358.9273,0.87409199
7360.5286,1.0212051
7362.13,1.0323706
7363.7316,1.0958238
7365.3333,1.0965319
7366.9353,1.0397238
7368.5374,1.0770334
7370.1397,1.0149966
7371.7421,1.1699535
7373.3448,1.1497469
7374.9476,1.0328085
7376.5505,0.95508579
7378.1537,0.86167689
7379.757,0.87545761
7381.3605,0.81342142
7382.9642,0.91870557
7384.5681,0.91941463
7386.1721,0.81816298
7387.7763,0.71168265
7389.3806,0.68101939
7390.9852,0.74447386
7392.5899,0.77917023
7394.1948,0.67269021
7395.7999,0.60542595
7397.4051,0.54077615
7399.0105,0.60684538
7400.6161,0.66768593
7402.2219,0.67362459
7403.8278,0.63511889
7405.434,0.56785509
7407.0402,0.50843451
7408.6467,0.50653035
7410.2533,0.4627962
7411.8602,0.45304905
7413.4671,0.57402093
7415.0743,0.58518897
7416.6816,0.63818715
7418.2891,0.51340763
7419.8968,0.51150401
7421.5047,0.54358739
7423.1127,0.56521333
7424.7209,0.54500928
7426.3293,0.51957655
7427.9379,0.58303279
7429.5466,0.65171786
7431.1555,0.66288667
7432.7646,0.56163725
7434.3738,0.59110687
7435.9832,0.5290733
7437.5928,0.4539679
7439.2026,0.39977762
7440.8126,0.48153513
7442.4227,0.53714892
7444.033,0.53263207
7445.6434,0.47582772
7447.2541,0.58111494
7448.8649,0.67333035
7450.4759,0.67142819
7452.0871,0.69566989
7453.6984,0.62056527
7455.3099,0.6238921
7456.9216,0.59846083
7458.5335,0.55734337
7460.1455,0.64433056
7461.7577,0.49602371
7463.3701,0.52026595
7464.9827,0.62555402
7466.5954,0.72038466
7468.2083,0.74985589
7469.8214,0.62246446
7471.4346,0.74082473
7473.0481,0.82519816
7474.6617,0.7919246
7476.2755,0.81093871
7477.8894,0.72014896
7479.5035,0.78622205
7481.1178,0.72941939
7482.7323,0.70921811
7484.347,0.68901691
7485.9618,0.67927331
7487.5768,0.81332063
7489.192,0.79311966
7490.8073,0.65265733
7492.4228,0.56186828
7494.0385,0.50245186
7495.6544,0.59989826
7497.2704,0.5640114
7498.8867,0.59871286
7500.503,0.66740132
7502.1196,0.72824672
7503.7364,0.74987651
7505.3533,0.70353252
7506.9704,0.7330056
7508.5876,0.7703219
7510.2051,0.76580821
7511.8227,0.70900701
7513.4405,0.59207517
7515.0584,0.48037217
7516.6765,0.49415944
7518.2949,0.65958077
7519.9133,0.73349891
7521.532,0.74990079
7523.1508,0.55715242
7524.7698,0.54479629
7526.389,0.50106768
7528.0084,0.45995353
7529.6279,0.38485252
7531.2476,0.37772545
7532.8675,0.38889911
7534.4875,0.41314475
7536.1077,0.32758654
7537.7281,0.39366239
7539.3487,0.42052263
7540.9695,0.40293851
7542.5904,0.33829564
7544.2115,0.30763977
7545.8327,0.36064411
7547.4542,0.40841977
7549.0758,0.36730662
7550.6976,0.33665106
7552.3196,0.33998251
7553.9417,0.37207221
7555.564,0.40939074
7557.1865,0.41010804
7558.8092,0.44481234
7560.432,0.46383045
7562.055,0.45931922
7563.6782,0.51755317
7565.3016,0.45552575
7566.9251,0.36735463
7568.5488,0.30532737
7570.1727,0.34787535
7571.7967,0.48976981
7573.421,0.52708919
7575.0454,0.49120603
7576.6699,0.4108785
7578.2947,0.29656412
7579.9196,0.39401452
7581.5447,0.47839311
7583.17,0.57061491
7584.7955,0.52688907
7586.4211,0.41780384
7588.0469,0.44466639
7589.6729,0.44015647
7591.299,0.48531983
7592.9253,0.44943752
7594.5518,0.44754221
7596.1785,0.49793456
7597.8053,0.56401326
7599.4323,0.52028812
7601.0595,0.53669377
7602.6869,0.48774003
7604.3144,0.5956491
7605.9422,0.64342753
7607.57,0.68859166
7609.1981,0.68408267
7610.8263,0.62990055
7612.4548,0.67767929
7614.0833,0.64702674
7615.7121,0.64513243
7617.341,0.65369572
7618.9701,0.58905646
7620.5994,0.57670487
7622.2289,0.56958211
7623.8585,0.65919146
7625.4883,0.8089316
7627.1183,0.74167836
7628.7484,0.75024218
7630.3788,0.61762961
7632.0093,0.56867725
7633.6399,0.60077072
7635.2708,0.62240675
7636.9018,0.6884873
7638.533,0.84868557
7640.1644,0.90692314
7641.7959,1.0462065
7643.4277,0.96065341
7645.0596,0.98751865
7646.6916,0.95948202
7648.3239,0.83732781
7649.9563,0.81190571
7651.5889,0.81524186
7653.2216,0.8028918
7654.8546,0.85590131
7656.4877,0.81740762
7658.121,0.89656106
7659.7544,0.85806753
7661.3881,0.86924727
7663.0219,0.82552513
7664.6559,0.74258738
7666.29,0.63350592
7667.9244,0.64207159
7669.5589,0.60357852
7671.1936,0.68011821
7672.8284,0.65469718
7674.4634,0.64234813
7676.0986,0.64568543
7677.734,0.52091823
7679.3696,0.44582431
7681.0053,0.42563243
7682.6412,0.42635566
7684.2773,0.50289596
7685.9135,0.38335791
7687.55,0.37623823
7689.1866,0.33251732
7690.8233,0.28879649
7692.4603,0.38625221
7694.0974,0.42357728
7695.7347,0.3903142
7697.3722,0.3570512
7699.0098,0.33424578
7700.6476,0.37157117
7702.2856,0.33569401
7703.9238,0.3913202
7705.5621,0.46001837
7707.2006,0.4921153
7708.8393,0.39610774
7710.4782,0.35500221
7712.1172,0.39755689
7713.7564,0.48455609
7715.3958,0.60292792
7717.0354,0.57750897
7718.6751,0.41614239
7720.315,0.23908962
7721.9551,0.25288659
7723.5953,0.27975553
7725.2358,0.31969645
7726.8764,0.28904921
7728.5172,0.29500336
7730.1581,0.24605561
7731.7992,0.16050664
7733.4405,0.20044795
7735.082,0.26391874
7736.7237,0.20974255
7738.3655,0.25491284
7740.0075,0.22165184
7741.6497,0.31388111
7743.292,0.31983594
7744.9345,0.27873203
7746.5772,0.23501382
7748.2201,0.16515189
7749.8631,0.14757763
7751.5063,0.1221603
7753.1497,0.028769193
7754.7933,0.026881431
7756.437,0.087738845
7758.081,0.10676627
7759.725,0.2225258
7761.3693,0.15266449
7763.0137,0.16646339
7764.6583,0.083530335
7766.3031,0.08948625
7767.9481,0.100671
7769.5932,0.083097656
7771.2385,0.055066874
7772.884,0.097624404
7774.5297,0.032992468
7776.1755,0.012805054
7777.8215,0.063205952
7779.4677,0.13975072
7781.114,0.15616484
7782.7606,0.026173815
7784.4073,0.053045609
7786.0541,0.014558004
7787.7012,0.025743678
7789.3484,-0.075488872
7790.9958,-0.064303044
7792.6434,-0.0086726946
7794.2911,-0.044545536
7795.939,0.0058562092
7797.5871,-0.08495759
7799.2354,-0.05028112
7800.8838,8.1697478e-005
7802.5325,0.029529555
7804.1813,-0.035140162
7805.8302,-0.10503856
7807.4794,-0.12264931
7809.1287,-0.072286129
7810.7782,-0.061138561
7812.4278,0.0022966619
7814.0777,0.089261369
7815.7277,0.10302354
7817.3779,0.077570088
7819.0282,0.054731093
7820.6787,0.058035961
7822.3295,0.19467424
7823.9803,0.31039755
7825.6314,0.36337584
7827.2826,0.28040649
7828.934,0.28475747
7830.5856,0.23838958
7832.2374,0.2688845
7833.8893,0.33859518
7835.5414,0.36281573
7837.1937,0.40585989
7838.8461,0.50694334
7840.4987,0.53430137
7842.1515,0.51616928
7843.8045,0.4949
7845.4576,0.45794453
7847.111,0.43824402
7848.7645,0.44834752
7850.4181,0.46472559
7852.072,0.52659394
7853.726,0.63708981
7855.3802,0.62209555
7857.0345,0.65572882
7858.6891,0.70347981
7860.3438,0.73240734
7861.9987,0.69074671
7863.6537,0.68673321
7865.309,0.70781782
7866.9644,0.71635349
7868.62,0.66528139
7870.2757,0.71460151
7871.9317,0.76549034
7873.5878,0.73794787
7875.2441,0.72766037
7876.9005,0.77854941
7878.5571,0.84826206
7880.2139,0.88346498
7881.8709,0.90298169
7883.5281,0.92720436
7885.1854,0.93260358
7886.8429,0.89878718
7888.5006,0.85555909
7890.1584,0.87350754
7891.8164,0.87420116
7893.4746,0.81371838
7895.133,0.77205921
7896.7916,0.80255697
7898.4503,0.76717246
7900.1092,0.78512135
7901.7682,0.84542325
7903.4275,0.8759213
7905.0869,0.88289002
7906.7465,0.87103528
7908.4063,0.85447473
7910.0662,0.91477699
7911.7263,0.90135384
7913.3866,0.8612641
7915.0471,0.88078227
7916.7077,0.9050064
7918.3685,0.82099531
7920.0295,0.81070978
7921.6906,0.88199295
7923.352,0.92660952
7925.0135,0.91318695
7926.6752,0.90603897
7928.337,0.91771459
7929.999,0.91684126
7931.6613,0.95361506
7933.3236,1.002938
7934.9862,1.115006
7936.6489,1.2019761
7938.3118,1.2246326
7939.9749,1.2316028
7941.6381,1.2244555
7943.3016,1.2486808
7944.9652,1.2964356
7946.6289,1.3488963
7948.2929,1.3558669
7949.957,1.478916
7951.6213,1.5251025
7953.2857,1.4991321
7954.9504,1.5562991
7956.6152,1.6636622
7958.2802,1.6784764
7959.9454,1.6870162
7961.6107,1.653203
7963.2762,1.6084096
7964.9419,1.6514594
7966.6078,1.6254896
7968.2738,1.662265
7969.94,1.8057072
7971.6064,1.9083651
7973.273,1.9357289
7974.9397,2.0697595
7976.6066,2.1881039
7978.2737,2.2358601
7979.9409,2.2945968
7981.6084,2.3815689
7983.276,2.4387371
7984.9437,2.5225721
7986.6117,2.6628777
7988.2798,2.8125952
7989.9481,3.0187833
7991.6166,3.1920303
7993.2852,3.4327284
7994.9541,3.5981324
7996.6231,3.7305953
7998.2922,3.8583524
7999.9616,4.0174822
8001.6311,4.1248473
8003.3008,4.2933889
8004.9707,4.5874208
8006.6407,4.8579234
8008.3109,5.0578378
8009.9813,5.3785366
8011.6519,5.7039413
8013.3226,5.9807187
8014.9935,6.2167118
8016.6646,6.6299599
8018.3359,7.010267
8020.0073,7.4172407
8021.6789,7.952842
8023.3507,8.5637374
8025.0227,9.1793388
8026.6948,9.9204305
8028.3671,10.678777
8030.0396,11.4183
8031.7122,12.248804
8033.3851,13.14519
8035.0581,13.923929
8036.7312,14.889335
8038.4046,15.975525
8040.0781,17.024069
8041.7518,18.072612
8043.4257,19.21841
8045.0997,20.401856
8046.774,21.387654
8048.4484,22.287178
8050.1229,23.181996
8051.7977,24.039167
8053.4726,24.704966
8055.1477,25.493118
8056.823,26.213819
8058.4984,26.776088
8060.174,27.31326
8061.8498,27.830039
8063.5258,28.255839
8065.2019,28.760069
8066.8782,29.281555
8068.5547,29.581864
8070.2314,29.767663
8071.9082,29.936208
8073.5852,29.882008
8075.2624,29.925062
8076.9398,29.90694
8078.6173,29.810387
8080.295,29.727952
8081.9729,29.761595
8083.6509,29.64465
8085.3292,29.577901
8087.0076,29.484485
8088.6861,29.093031
8090.3649,28.554125
8092.0438,27.924239
8093.7229,27.176707
8095.4022,26.592311
8097.0816,26.00321
8098.7613,25.33254
8100.4411,24.78736
8102.121,24.237475
8103.8012,23.500923
8105.4815,22.825547
8107.162,22.137623
8108.8426,21.25362
8110.5235,20.413539
8112.2045,19.767968
8113.8857,19.09573
8115.5671,18.553688
8117.2486,17.988117
8118.9303,17.460193
8120.6122,16.922857
8122.2943,16.340032
8123.9765,15.769755
8125.6589,15.419086
8127.3415,15.01979
8129.0242,14.538926
8130.7072,14.252571
8132.3903,14.087
8134.0736,13.737901
8135.757,13.523703
8137.4406,13.370682
8139.1245,13.136092
8140.8084,12.942287
8142.4926,12.759462
8144.1769,12.565657
8145.8614,12.392244
8147.5461,12.275302
8149.2309,12.106595
8150.9159,11.959849
8152.6011,11.773887
8154.2865,11.589494
8155.9721,11.456866
8157.6578,11.29914
8159.3437,11.139845
8161.0297,11.048001
8162.716,10.989099
8164.4024,10.856471
8166.089,10.737961
8167.7758,10.664941
8169.4627,10.482117
8171.1498,10.333803
8172.8371,10.174509
8174.5245,10.051294
8176.2122,9.9798428
8177.9,10.008784
8179.588,9.8965492
8181.2761,9.7858829
8182.9645,9.6626676
8184.653,9.6461191
8186.3417,9.4915314
8188.0305,9.3385125
8189.7195,9.3251014
8191.4087,9.3242394
8193.0981,9.2684756
8194.7877,9.2974177
8196.4774,9.3781246
8198.1673,9.3615766
8199.8574,9.3434601
8201.5476,9.2375006
8203.238,9.2633058
8204.9286,9.2404836
8206.6194,9.2411909
8208.3103,9.1822905
8210.0015,9.3053509
8211.6928,9.3044898
8213.3842,9.3836288
8215.0759,9.4784541
8216.7677,9.5607305
8218.4597,9.4767325
8220.1518,9.5072443
8221.8442,9.4467758
8223.5367,9.4223858
8225.2294,9.423094
8226.9222,9.4190963
8228.6153,9.4841183
8230.3085,9.4236501
8232.0019,9.3396527
8233.6954,9.2697729
8235.3891,9.2798932
8237.0831,9.1817783
8238.7771,9.2420949
8240.4714,9.3165292
8242.1658,9.3188066
8243.8604,9.2959862
8245.5552,9.2433618
8247.2501,9.2503454
8248.9453,9.1632114
8250.6406,9.1247049
8252.336,9.0234535
8254.0317,8.9127903
8255.7275,8.8005585
8257.4235,8.6993072
8259.1197,8.6702129
8260.816,8.6034716
8262.5125,8.5492793
8264.2092,8.4386166
8265.9061,8.3138363
8267.6031,8.2282717
8269.3004,8.0532955
8270.9978,7.9536134
8272.6953,7.9386373
8274.3931,7.8295436
8276.091,7.7000578
8277.7891,7.6913564
8279.4873,7.5587336
8281.1857,7.4543461
8282.8844,7.4362331
8284.5831,7.3663556
8286.2821,7.3356938
8287.9812,7.3411105
8289.6805,7.2790763
8291.38,7.234297
8293.0797,7.1252041
8294.7795,7.0929741
8296.4795,7.0136853
8298.1797,6.9798867
8299.88,6.9790294
8301.5806,6.9640546
8303.2813,6.9584915
8304.9821,6.9356737
8306.6832,6.9395225
8308.3844,6.9292538
8310.0858,6.9707499
8311.7874,6.9479323
8313.4891,6.9470756
8315.191,6.9383759
8316.8931,6.8920291
8318.5954,6.8817608
8320.2978,6.8950221
8322.0004,6.8910284
8323.7032,6.8682114
8325.4062,6.9081395
8327.1093,6.9041461
8328.8126,6.8076038
8330.5161,6.7879243
8332.2198,6.8184409
8333.9236,6.7971929
8335.6276,6.8371214
8337.3318,6.9460697
8339.0362,7.0534493
8340.7407,7.0808291
8342.4454,7.0925226
8344.1503,7.075981
8345.8553,7.1049296
8347.5606,7.1072115
8349.266,7.1032191
8350.9715,7.1431483
8352.6773,7.1548423
8354.3832,7.168105
8356.0893,7.2237207
8357.7956,7.2793364
8359.502,7.3412268
8361.2087,7.4689996
8362.9155,7.5544195
8364.6224,7.6398395
8366.3296,7.7362399
8368.0369,7.8828365
8369.7444,7.9729626
8371.4521,8.0928927
8373.1599,8.1453718
8374.8679,8.1743217
8376.5761,8.2597422
8378.2845,8.3043784
8379.993,8.29725
8381.7017,8.4611021
8383.4106,8.6704445
8385.1197,8.795081
8386.8289,8.9291294
8388.5383,9.0223935
8390.2479,9.1517362
8391.9576,9.1948044
8393.6676,9.2974805
8395.3777,9.5068234
8397.088,9.7569506
8398.7984,9.897274
8400.509,10.061127
8402.2198,10.234392
8403.9308,10.326088
8405.642,10.483666
8407.3533,10.649088
8409.0648,10.878824
8410.7765,11.09601
8412.4883,11.319472
8414.2003,11.486462
8415.9125,11.758551
8417.6249,12.055738
8419.3374,12.346651
8421.0502,12.642269
8422.7631,13.033574
8424.4761,13.401349
8426.1894,13.627949
8427.9028,13.932979
8429.6164,14.327421
8431.3301,14.602648
8433.0441,14.862189
8434.7582,15.23467
8436.4725,15.638525
8438.1869,16.130223
8439.9016,16.538783
8441.6164,16.835971
8443.3314,17.139433
8445.0465,17.317406
8446.7618,17.391849
8448.4773,17.693743
8450.193,17.978382
8451.9089,18.183022
8453.6249,18.321779
8455.3411,18.568771
8457.0575,18.685568
8458.774,18.866678
8460.4908,19.110534
8462.2077,19.333997
8463.9247,19.378637
8465.642,19.456218
8467.3594,19.529093
8469.077,19.558047
8470.7948,19.547785
8472.5127,19.575171
8474.2308,19.458242
8475.9491,19.443275
8477.6676,19.3687
8479.3862,19.325497
8481.105,19.225824
8482.824,19.235955
8484.5432,18.998243
8486.2625,18.81857
8487.982,18.722034
8489.7017,18.525107
8491.4216,18.285826
8493.1416,18.074781
8494.8618,17.764912
8496.5822,17.359358
8498.3028,17.068313
8500.0235,16.838444
8501.7444,16.55838
8503.4655,16.235963
8505.1867,15.968447
8506.9082,15.62407
8508.6298,15.213809
8510.3515,14.822373
8512.0735,14.570544
8513.7956,14.383029
8515.5179,14.088848
8517.2404,13.898196
8518.963,13.696564
8520.6859,13.520029
8522.4089,13.296437
8524.132,13.184216
8525.8554,12.974741
8527.5789,12.815462
8529.3026,12.563634
8531.0264,12.31965
8532.7505,12.161939
8534.4747,12.038739
8536.1991,11.852794
8537.9236,11.740574
8539.6484,11.66757
8541.3733,11.500449
8543.0984,11.405484
8544.8236,11.414049
8546.5491,11.350457
8548.2747,11.147257
8550.0005,11.024058
8551.7264,10.809878
8553.4526,10.674129
8555.1789,10.618381
8556.9053,10.543809
8558.632,10.550806
8560.3588,10.567215
8562.0858,10.465976
8563.813,10.325522
8565.5403,10.272912
8567.2679,10.226576
8568.9956,10.142592
8570.7234,10.127629
8572.4515,10.214626
8574.1797,10.256134
8575.9081,10.212935
8577.6367,10.172874
8579.3654,10.146931
8581.0943,10.067654
8582.8234,10.041711
8584.5527,10.070669
8586.2821,10.069824
8588.0117,9.9779987
8589.7415,9.9175459
8591.4715,9.8508187
8593.2016,9.7072287
8594.9319,9.6608938
8596.6624,9.6380883
8598.3931,9.6294005
8600.1239,9.6630658
8601.8549,9.6920252
8603.5861,9.736671
8605.3175,9.7797483
8607.049,9.7255707
8608.7807,9.6447265
8610.5126,9.5497648
8612.2446,9.4375482
8613.9769,9.4382728
8615.7093,9.407625
8617.4418,9.3001145
8619.1746,9.2208394
8620.9075,9.2043095
8622.6406,9.1234659
8624.3739,9.0661518
8626.1073,9.1609946
8627.841,9.2683865
8629.5748,9.314602
8631.3087,9.3357196
8633.0429,9.3301705
8634.7772,9.2116804
8636.5117,9.1292687
8638.2463,9.0499944
8639.9812,8.9487594
8641.7162,8.9432107
8643.4514,8.9078582
8645.1867,8.8693685
8646.9223,8.7477416
8648.658,8.6496442
8650.3939,8.5515469
8652.1299,8.4738418
8653.8662,8.3961367
8655.6026,8.3623533
8657.3392,8.341119
8659.0759,8.3638064
8660.8129,8.3723762
8662.55,8.2868283
8664.2872,8.3001041
8666.0247,8.3165173
8667.7623,8.1980285
8669.5001,8.1265986
8671.2381,8.1414434
8672.9762,8.1139352
8674.7146,8.0205448
8676.4531,7.9804878
8678.1917,7.9169014
8679.9306,7.8282171
8681.6696,7.730121
8683.4088,7.6649663
8685.1482,7.6531449
8686.8877,7.6507354
8688.6274,7.593424
8690.3673,7.547093
8692.1074,7.5038994
8693.8476,7.4512941
8695.588,7.3798653
8697.3286,7.4276523
8699.0694,7.3562237
8700.8103,7.2957755
8702.5514,7.2619941
8704.2927,7.2109578
8706.0342,7.078353
8707.7758,7.0116306
8709.5176,6.946477
8711.2596,6.8938724
8713.0018,6.8757777
8714.7441,6.9345458
8716.4866,7.0042943
8718.2293,6.9909057
8719.9721,6.9477133
8721.7152,6.9076581
8723.4584,6.8064266
8725.2017,6.7271559
8726.9453,6.6839638
8728.689,6.6344972
8730.4329,6.6273836
8732.177,6.6124269
8733.9212,6.5472743
8735.6656,6.5385923
8737.4102,6.569126
8739.155,6.4835814
8740.8999,6.4498016
8742.6451,6.5540611
8744.3904,6.5783206
8746.1358,6.4723842
8747.8815,6.4903693
8749.6273,6.4832566
8751.3733,6.4228105
8753.1194,6.4266783
8754.8658,6.4227029
8756.6123,6.4281395
8758.359,6.4241643
8760.1058,6.3574441
8761.8529,6.3001357
8763.6001,6.3040039
8765.3474,6.3204212
8767.095,6.2317405
8768.8427,6.2528638
8770.5906,6.1955558
8772.3387,6.1225616
8774.087,6.0668224
8775.8354,6.062848
8777.584,6.0055403
8779.3328,6.0596052
8781.0817,6.0713173
8782.8308,6.0234215
8784.5801,6.0163102
8786.3296,6.0201793
8788.0793,6.0397348
8789.8291,6.0388982
8791.5791,6.0035519
8793.3292,5.9713429
8795.0796,6.0097222
8796.8301,6.0057486
8798.5808,5.9782457
8800.3317,6.0119194
8802.0827,6.0471617
8803.8339,5.9929924
8805.5853,5.8964701
8807.3369,5.9081833
8809.0886,5.8838181
8810.8405,5.8359235
8812.5926,5.7723428
8814.3449,5.7856248
8816.0973,5.7596913
8817.8499,5.7290519
8819.6027,5.7705695
8821.3556,5.7948322
8823.1088,5.7594872
8824.8621,5.7006129
8826.6155,5.6809543
8828.3692,5.6361977
8830.123,5.5412451
8831.877,5.5545279
8833.6312,5.6038892
8835.3855,5.541878
8837.1401,5.462612
8838.8948,5.4696206
8840.6496,5.41859
8842.4047,5.3330497
8844.1599,5.3306468
8845.9153,5.310989
8847.6709,5.2693705
8849.4266,5.2214775
8851.1825,5.1829964
8852.9386,5.1554958
8854.6949,5.1640736
8856.4513,5.1757888
8858.2079,5.1577001
8859.9647,5.1835331
8861.7217,5.2093662
8863.4788,5.219513
8865.2361,5.2563266
8866.9936,5.3135324
8868.7513,5.3770128
8870.5091,5.4295129
8872.2671,5.4333856
8874.0253,5.4200035
8875.7837,5.3909352
8877.5422,5.3477493
8879.3009,5.2841713
8881.0598,5.2880444
8882.8188,5.2527018
8884.578,5.2032417
8886.3374,5.1788797
8888.097,5.1639295
8889.8568,5.1066265
8891.6167,5.1010882
8893.3768,5.1677069
8895.1371,5.1119727
8896.8975,5.067219
8898.6581,5.1338379
8900.4189,5.1267314
8902.1799,5.0725661
8903.941,5.1517342
8905.7024,5.182275
8907.4638,5.190855
8909.2255,5.1837489
8910.9873,5.2001722
8912.7494,5.1930662
8914.5116,5.1781171
8916.2739,5.1333642
8918.0364,5.0980231
8919.7992,5.0626821
8921.562,5.0414588
8923.3251,5.0610199
8925.0883,5.0586203
8926.8517,5.1597501
8928.6153,5.1918605
8930.3791,5.1831866
8932.143,5.190199
8933.9071,5.1674076
8935.6714,5.116381
8937.4358,5.1657466
8939.2005,5.2041318
8940.9653,5.2111446
8942.7302,5.2495301
8944.4954,5.2847783
8946.2607,5.2400266
8948.0262,5.2580201
8949.7919,5.2822882
8951.5577,5.3269485
8953.3238,5.3621971
8955.0899,5.3911712
8956.8563,5.333871
8958.6229,5.3189237
8960.3896,5.2490746
8962.1565,5.2011863
8963.9235,5.1783961
8965.6908,5.1759982
8967.4582,5.1218356
8969.2258,5.1163006
8970.9935,5.1264518
8972.7615,5.1366032
8974.5296,5.1498919
8976.2979,5.1898474
8978.0663,5.1733323
8979.835,5.1317192
8981.6038,5.1293219
8983.3727,5.1190816
8985.1419,5.1386452
8986.9112,5.1738952
8988.6807,5.1165963
8990.4504,5.1236111
8992.2203,5.1416064
8993.9903,5.1313665
8995.7605,5.1556365
8997.5309,5.2050045
8999.3014,5.1586864
9001.0721,5.1249174
9002.843,5.1852661
9004.6141,5.1624776
9006.3853,5.2196891
9008.1568,5.2721949
9009.9284,5.2745047
9011.7001,5.245442
9013.4721,5.1693205
9015.2442,5.1575128
9017.0165,5.1347248
9018.7889,5.1668389
9020.5616,5.1628746
9022.3344,5.2028319
9024.1074,5.2004364
9025.8805,5.2090213
9027.6539,5.2207436
9029.4274,5.2481522
9031.2011,5.2881099
9032.9749,5.23395
9034.749,5.2378294
9036.5232,5.2526893
9038.2976,5.222059
9040.0721,5.2306445
9041.8468,5.3051125
9043.6217,5.3168354
9045.3968,5.3364015
9047.1721,5.396752
9048.9475,5.4163183
9050.7231,5.4405905
9052.4989,5.4727059
9054.2748,5.5095273
9056.0509,5.5510546
9057.8272,5.5266997
9059.6037,5.5556782
9061.3804,5.5532842
9063.1572,5.5399098
9064.9342,5.4716336
9066.7113,5.5225732
9068.4887,5.5719442
9070.2662,5.5240603
9072.0439,5.5765687
9073.8218,5.676136
9075.5998,5.7333504
9077.378,5.7152708
9079.1564,5.8979756
9080.935,5.9332294
9082.7137,5.9512284
9084.4926,5.9990315
9086.2717,6.028011
9088.0509,6.0146377
9089.8304,5.9871468
9091.61,6.0129894
9093.3898,6.0592241
9095.1697,6.1729099
9096.9498,6.1689487
9098.7302,6.2810661
9100.5106,6.3947521
9102.2913,6.3939284
9104.0721,6.3460459
9105.8531,6.4785557
9107.6343,6.5514577
9109.4156,6.5208304
9111.1972,6.6407914
9112.9788,6.7827132
9114.7607,6.8101253
9116.5428,6.9096943
9118.325,7.0265183
9120.1074,7.0931463
9121.8899,7.1221274
9123.6727,7.127579
9125.4556,7.1157759
9127.2387,7.1604434
9129.022,7.2600129
9130.8054,7.4176218
9132.589,7.616015
9134.3728,7.7814671
9136.1568,7.906135
9137.9409,8.0370775
9139.7252,8.1476278
9141.5097,8.2142567
9143.2943,8.2604935
9145.0792,8.3914363
9146.8642,8.4502222
9148.6494,8.5294004
9150.4347,8.6775983
9152.2202,8.8305021
9154.006,9.0194844
9155.7918,9.1206237
9157.5779,9.1982336
9159.3641,9.4060397
9161.1505,9.5620812
9162.9371,9.7149854
9164.7238,9.9557329
9166.5108,10.165108
9168.2979,10.310169
9170.0851,10.434838
9171.8726,10.567351
9173.6602,10.778295
9175.448,11.138258
9177.2359,11.377438
9179.0241,11.643284
9180.8124,11.846385
9182.6009,12.014976
9184.3896,12.111411
9186.1784,12.312944
9187.9674,12.553692
9189.7566,12.85248
9191.546,13.074405
9193.3355,13.252408
9195.1252,13.425706
9196.9151,13.675867
9198.7051,13.984066
9200.4954,14.251482
9202.2858,14.559682
9204.0764,14.97298
9205.8671,15.252945
9207.658,15.468596
9209.4492,15.792483
9211.2404,16.14931
9213.0319,16.34457
9214.8235,16.764143
9216.6153,17.077049
9218.4073,17.374269
9220.1994,17.771882
9221.9918,18.2542
9223.7842,18.695735
9225.5769,19.137269
9227.3698,19.694882
9229.1628,20.084651
9230.956,20.548147
9232.7493,20.997524
9234.5429,21.431216
9236.3366,21.81628
9238.1305,22.268795
9239.9246,22.696212
9241.7188,23.106375
9243.5132,23.62791
9245.3078,24.231013
9247.1026,24.837254
9248.8975,25.355652
9250.6926,25.99954
9252.4879,26.63088
9254.2833,27.315552
9256.079,27.965715
9257.8748,28.604898
9259.6708,29.245649
9261.4669,29.928754
9263.2632,30.583623
9265.0597,31.249472
9266.8564,31.978067
9268.6533,32.61725
9270.4503,33.268982
9272.2475,33.897185
9274.0449,34.5348
9275.8424,35.114375
9277.6401,35.692382
9279.438,36.218625
9281.2361,36.818593
9283.0344,37.369933
9284.8328,37.905587
9286.6314,38.442811
9288.4301,38.876504
9290.2291,39.310198
9292.0282,39.881931
9293.8275,40.362684
9295.6269,40.597162
9297.4266,40.958699
9299.2264,41.196315
9301.0264,41.215891
9302.8265,41.271546
9304.6269,41.611123
9306.4274,41.770308
9308.2281,41.971845
9310.0289,42.22201
9311.83,42.437666
9313.6312,42.50587
9315.4325,42.638389
9317.2341,42.603064
9319.0358,42.38421
9320.8377,42.270454
9322.6398,41.991992
9324.4421,41.442158
9326.2445,41.133892
9328.0471,40.874254
9329.8499,40.373048
9331.6528,40.00988
9333.4559,39.747105
9335.2592,38.972958
9337.0627,38.383908
9338.8663,38.000349
9340.6702,37.423849
9342.4742,36.957152
9344.2783,36.550064
9346.0827,35.904544
9347.8872,35.147652
9349.6919,34.467623
9351.4967,33.85975
9353.3018,33.26129
9355.107,32.785182
9356.9124,32.243192
9358.7179,31.71532
9360.5237,30.949017
9362.3296,30.386635
9364.1357,29.742685
9365.9419,29.11599
9367.7483,28.398314
9369.555,27.881423
9371.3617,27.334727
9373.1687,26.780189
9374.9758,26.30722
9376.7831,25.787192
9378.5906,25.251477
9380.3982,24.685959
9382.2061,24.115735
9384.0141,23.68355
9385.8222,23.414502
9387.6306,23.17369
9389.4391,22.85131
9391.2478,22.546184
9393.0567,22.225372
9394.8657,21.924952
9396.6749,21.652768
9398.4843,21.507643
9400.2939,21.277811
9402.1036,21.040137
9403.9136,20.793051
9405.7236,20.422044
9407.5339,20.140448
9409.3444,20.040813
9411.155,19.817257
9412.9658,19.556054
9414.7767,19.431321
9416.5878,19.273648
9418.3992,19.089307
9420.2106,18.997516
9422.0223,18.908862
9423.8341,18.760601
9425.6461,18.533908
9427.4583,18.329175
9429.2707,18.182483
9431.0832,18.145594
9432.8959,18.041254
9434.7088,17.968287
9436.5218,17.917281
9438.335,17.820785
9440.1484,17.612916
9441.962,17.448969
9443.7758,17.382276
9445.5897,17.281074
9447.4038,17.10301
9449.2181,17.039455
9451.0325,16.993155
9452.8471,16.865287
9454.6619,16.69036
9456.4769,16.637786
9458.292,16.525604
9460.1073,16.411854
9461.9228,16.301241
9463.7385,16.258079
9465.5543,16.128642
9467.3703,16.003912
9469.1865,15.888593
9471.0029,15.718372
9472.8194,15.532466
9474.6361,15.340285
9476.453,15.257907
9478.2701,15.128471
9480.0873,14.928447
9481.9047,14.872737
9483.7223,14.831145
9485.54,14.733081
9487.358,14.649136
9489.1761,14.627936
9490.9943,14.576932
9492.8128,14.486712
9494.6314,14.423159
9496.4502,14.354901
9498.2692,14.318014
9500.0883,14.24505
9501.9077,14.148556
9503.7272,13.99716
9505.5468,13.903804
9507.3667,13.846526
9509.1867,13.702974
9511.0069,13.628441
9512.8273,13.56332
9514.6478,13.491925
9516.4685,13.356216
9518.2894,13.196978
9520.1105,13.069112
9521.9317,12.967913
9523.7531,12.833773
9525.5747,12.699634
9527.3965,12.684709
9529.2184,12.660374
9531.0405,12.592116
9532.8628,12.574055
9534.6852,12.523053
9536.5079,12.465776
9538.3307,12.370852
9540.1537,12.261811
9541.9768,12.094731
9543.8001,12.037454
9545.6236,11.992727
9547.4473,11.921333
9549.2712,11.851508
9551.0952,11.767565
9552.9194,11.677348
9554.7438,11.620072
9556.5683,11.500051
9558.393,11.406696
9560.2179,11.365107
9562.043,11.340772
9563.8682,11.25683
9565.6937,11.224652
9567.5193,11.17522
9569.345,11.099121
9571.171,11.023022
9572.9971,11.025355
9574.8234,10.941413
9576.6498,10.868451
9578.4765,10.894314
9580.3033,10.879392
9582.1303,10.764078
9583.9574,10.791509
9585.7848,10.831489
9587.6123,10.816567
9589.44,10.8189
9591.2678,10.8479
9593.0958,10.771802
9594.924,10.733351
9596.7524,10.756077
9598.581,10.727038
9600.4097,10.644666
9602.2386,10.640725
9604.0677,10.639922
9605.8969,10.604608
9607.7264,10.578707
9609.556,10.598296
9611.3857,10.603767
9613.2157,10.654729
9615.0458,10.653926
9616.8761,10.734692
9618.7066,10.774673
9620.5372,10.805243
9622.368,10.820126
9624.199,10.827167
9626.0302,10.793423
9627.8615,10.819287
9629.693,10.91574
9631.5247,10.933761
9633.3566,10.984723
9635.1886,10.999607
9637.0208,11.022335
9638.8532,10.994866
9640.6858,11.037986
9642.5185,11.08738
9644.3514,11.163441
9646.1845,11.172051
9648.0178,11.221445
9649.8512,11.248879
9651.6848,11.23396
9653.5186,11.206491
9655.3525,11.183729
9657.1867,11.186065
9659.021,11.14448
9660.8554,11.145247
9662.6901,11.177387
9664.5249,11.270704
9666.3599,11.268334
9668.1951,11.302043
9670.0304,11.353007
9671.866,11.39299
9673.7017,11.370229
9675.5375,11.323938
9677.3736,11.321569
9679.2098,11.259592
9681.0462,11.21487
9682.8827,11.151325
9684.7195,11.114446
9686.5564,11.121489
9688.3935,11.109708
9690.2307,11.013222
9692.0682,10.995167
9693.9058,11.072799
9695.7436,10.99043
9697.5815,10.879827
9699.4197,10.788047
9701.258,10.71509
9703.0965,10.56684
9704.9351,10.380942
9706.774,10.307986
9708.613,10.294638
9710.4521,10.226388
9712.2915,10.129902
9714.131,10.096162
9715.9707,10.004382
9717.8106,9.867113
9719.6506,9.7031769
9721.4909,9.5157114
9723.3313,9.4066774
9725.1718,9.371369
9727.0126,9.2591979
9728.8535,9.2207523
9730.6946,9.2309343
9732.5359,9.175234
9734.3773,9.1524749
9736.2189,9.1328532
9738.0607,9.0567609
9739.9027,9.0245903
9741.7448,8.9045767
9743.5872,8.7437788
9745.4296,8.6488633
9747.2723,8.5994381
9749.1151,8.5390325
9750.9582,8.5601957
9752.8013,8.5546923
9754.6447,8.5429144
9756.4882,8.4636857
9758.3319,8.4675942
9760.1758,8.4511107
9762.0199,8.3561959
9763.8641,8.3318693
9765.7085,8.3483272
9767.5531,8.2659616
9769.3978,8.200851
9771.2428,8.1890738
9773.0879,8.1349437
9774.9331,8.0949314
9776.7786,8.0251152
9778.6242,7.9803971
9780.47,7.9309732
9782.316,7.8517454
9784.1621,7.7866354
9786.0085,7.7670156
9787.855,7.7254352
9789.7016,7.7058155
9791.5485,7.7018823
9793.3955,7.7308903
9795.2427,7.694016
9797.09,7.7057692
9798.9376,7.7457578
9800.7853,7.7355504
9802.6332,7.6625979
9804.4813,7.6429789
9806.3295,7.5982619
9808.1779,7.5645254
9810.0265,7.568436
9811.8752,7.5409741
9813.7242,7.5558652
9815.5733,7.4907564
9817.4226,7.4068242
9819.272,7.2805391
9821.1217,7.2373913
9822.9715,7.2193416
9824.8214,7.2107038
9826.6716,7.2036346
9828.5219,7.2310754
9830.3724,7.2224377
9832.2231,7.1636041
9834.0739,7.1486921
9835.925,7.1620155
9837.7762,7.187888
9839.6275,7.1902311
9841.4791,7.1361037
9843.3308,7.1290353
9845.1827,7.1094178
9847.0348,7.0992122
9848.887,7.0905753
9850.7394,7.0772326
9852.592,7.0419292
9854.4448,6.9799592
9856.2977,6.9226952
9858.1508,6.8544508
9860.0041,6.8191477
9861.8576,6.7665897
9863.7112,6.8050123
9865.565,6.7806897
9867.419,6.7642104
9869.2732,6.7681234
9871.1275,6.7877226
9872.982,6.6990867
9874.8367,6.6826077
9876.6916,6.6880895
9878.5466,6.6888656
9880.4018,6.675524
9882.2572,6.6449277
9884.1127,6.6017824
9885.9685,6.6135391
9887.8244,6.5986292
9889.6804,6.5837194
9891.5367,6.5782215
9893.3931,6.6103706
9895.2497,6.5735003
9897.1065,6.5115319
9898.9634,6.5201519
9900.8205,6.5146543
9902.6778,6.4824901
9904.5353,6.4487574
9906.393,6.5201228
9908.2508,6.4863902
9910.1088,6.451089
9911.9669,6.4989252
9913.8253,6.4604869
9915.6838,6.3781272
9917.5425,6.3773361
9919.4013,6.3718392
9921.2604,6.2973228
9923.1196,6.2777085
9924.979,6.2706432
9926.8385,6.2024015
9928.6983,6.1780815
9930.5582,6.1459184
9932.4182,6.1717946
9934.2785,6.150612
9936.1389,6.1325668
9937.9995,6.0956981
9939.8603,6.1341236
9941.7213,6.1364707
9943.5824,6.0933278
9945.4437,6.0752829
9947.3052,6.0823361
9949.1668,5.9999777
9951.0286,5.9254625
9952.8906,5.9356532
9954.7528,5.9364322
9956.6152,5.9058388
9958.4777,5.8234807
9960.3404,5.7756325
9962.2032,5.7513138
9964.0663,5.6862108
9965.9295,5.6618922
9967.7929,5.6987502
9969.6565,5.6979612
9971.5202,5.6673683
9973.3841,5.6242265
9975.2482,5.5795161
9977.1125,5.5708843
9978.9769,5.5653897
9980.8415,5.5473462
9982.7063,5.5936166
9984.5713,5.584985
9986.4364,5.5198829
9988.3017,5.4971338
9990.1672,5.4477182
9992.0328,5.3826163
9993.8987,5.3190831
9995.7647,5.2822167
9997.6308,5.2328013
9999.4972,5.2069154
10001.364,5.1747551
10003.23,5.175536
10005.097,5.1810229
10006.964,5.1959216
10008.832,5.1935655
10010.699,5.1582683
10012.567,5.1606182
10014.434,5.1033603
10016.302,5.0743378
10018.17,5.0594331
10020.039,5.0759009
10021.907,5.0484473
10023.776,5.0256996
10025.644,4.9778539
10027.513,4.944126
10029.383,4.927653
10031.252,4.9001998
10033.121,4.9323544
10034.991,4.9472542
10036.861,4.9182325
10038.731,4.8923482
10040.601,4.8978364
10042.471,4.9001875
10044.342,4.8429308
10046.213,4.8484193
10048.084,4.8084176
10049.955,4.7809651
10051.826,4.7142969
10053.697,4.6884132
10055.569,4.6186079
10057.441,4.5723321
10059.312,4.5637034
10061.185,4.5519376
10063.057,4.548015
10064.929,4.5691905
10066.802,4.5887974
10068.675,4.5111495
10070.548,4.4978154
10072.421,4.5095794
10074.294,4.4758533
10076.168,4.5252645
10078.041,4.5354601
10079.915,4.5315381
10081.789,4.4915378
10083.663,4.4672238
10085.538,4.4366354
10087.412,4.4468313
10089.287,4.4303607
10091.162,4.4154588
10093.037,4.4429099
10094.912,4.4060473
10096.788,4.3801652
10098.663,4.3589891
10100.539,4.3158522
10102.415,4.2633037
10104.291,4.1950689
10106.167,4.1346774
10108.044,4.0978153
10109.92,4.0703651
10111.797,4.0240914
10113.674,4.0044845
10115.551,3.9754658
10117.429,3.9291924
10119.306,3.9017425
10121.184,3.9182143
10123.062,3.9095881
10124.94,3.9229228
10126.818,3.9315517
10128.696,3.9244944
10130.575,3.9033194
10132.453,3.8915564
10134.332,3.893911
10136.211,3.8805795
10138.091,3.8766598
10139.97,3.889995
10141.85,3.8735264
10143.729,3.7958814
10145.609,3.7998052
10147.489,3.7535329
10149.37,3.7041234
10151.25,3.6845179
10153.131,3.7229517
10155.012,3.7033464
10156.893,3.6837411
10158.774,3.7049203
10160.655,3.6821779
10162.537,3.6735532
10164.418,3.6461051
10166.3,3.6547355
10168.182,3.6210131
10170.064,3.5935652
10171.947,3.5629801
10173.829,3.5606304
10175.712,3.5425945
10177.595,3.510441
10179.478,3.476719
10181.361,3.4696637
10183.245,3.4280987
10185.128,3.4053573
10187.012,3.3794787
10188.896,3.3928158
10190.78,3.3983099
10192.664,3.3834119
10194.549,3.368514
10196.434,3.3991063
10198.318,3.3889144
10200.203,3.3457815
10202.089,3.338727
10203.974,3.3003
10205.859,3.2493241
10207.745,3.2438384
10209.631,3.2383529
10211.517,3.2407105
10213.403,3.2226761
10215.29,3.2187593
10217.176,3.1960191
10219.063,3.203083
10220.95,3.1991664
10222.837,3.2234853
10224.724,3.2007454
10226.612,3.1999664
10228.499,3.1364423
10230.387,3.1058595
10232.275,3.0768454
10234.163,3.0101843
10236.051,2.9419547
10237.94,2.9474506
10239.828,2.9027505
10241.717,2.9302073
10243.606,2.9733505
10245.495,2.981984
10247.385,2.9388528
10249.274,2.9521923
10251.164,2.9012181
10253.054,2.892597
10254.944,2.9169171
10256.834,2.9177078
10258.725,2.9153614
10260.615,2.9302699
10262.506,2.8918452
10264.397,2.8926363
10266.288,2.8887215
10268.179,2.8863755
10270.071,2.8557942
10271.962,2.86286
10273.854,2.8338475
10275.746,2.7891488
10277.638,2.724058
10279.53,2.7170065
10281.423,2.659759
10283.315,2.6370214
10285.208,2.6127152
10287.101,2.6213503
10288.994,2.6535148
10290.888,2.6715618
10292.781,2.6660794
10294.675,2.6809893
10296.569,2.6786443
10298.463,2.6292406
10300.357,2.5939546
10302.252,2.6057275
10304.146,2.611226
10306.041,2.6135873
10307.936,2.5688898
10309.831,2.5838002
10311.726,2.5689068
10313.622,2.5320527
10315.517,2.481081
10317.413,2.4912859
10319.309,2.4748241
10321.205,2.4207154
10323.101,2.4434695
10324.998,2.4458315
10326.895,2.4309387
10328.791,2.4740852
10330.688,2.4999768
10332.586,2.5164568
10334.483,2.5156819
10336.38,2.4835345
10338.278,2.4576618
10340.176,2.4051224
10342.074,2.369838
10343.972,2.3784752
10345.871,2.4247596
10347.769,2.3910441
10349.668,2.4059561
10351.567,2.4036132
10353.466,2.3463685
10355.365,2.3126532
10357.265,2.3150165
10359.164,2.2985562
10361.064,2.2695471
10362.964,2.3048517
10364.864,2.3087839
10366.765,2.3236965
10368.665,2.36057
10370.566,2.3566593
10372.467,2.3841211
10374.368,2.3927596
10376.269,2.3951235
10378.17,2.4006248
10380.072,2.4265184
10381.974,2.4006473
10383.875,2.3871012
10385.777,2.3800538
10387.68,2.371886
10389.582,2.3614773
10391.485,2.3745982
10393.387,2.3664306
10395.29,2.3582631
10397.193,2.3545775
10399.097,2.3419283
10401,2.3404837
10402.904,2.36593
10404.808,2.3622446
10406.712,2.4022568
10408.616,2.4209806
10410.52,2.448668
10412.425,2.4931622
10414.329,2.4782727
10416.234,2.4801901
10418.139,2.5056369
10420.044,2.5176384
10421.95,2.562133
10423.855,2.6066276
10425.761,2.6387974
10427.667,2.6911353
10429.573,2.7389915
10431.479,2.7644389
10433.386,2.7719591
10435.292,2.8007679
10437.199,2.7735544
10439.106,2.7721112
10441.013,2.7885953
10442.92,2.7882728
10444.828,2.7745049
10446.735,2.7607372
10448.643,2.7615353
10450.551,2.7746584
10452.459,2.7933838
10454.368,2.8020253
10456.276,2.7916192
10458.185,2.8473197
10460.094,2.8817317
10462.003,2.8746872
10463.912,2.905738
10465.821,2.8706824
10467.731,2.8602768
10469.641,2.8095351
10471.551,2.7520708
10473.461,2.7315813
10475.371,2.6696354
10477.281,2.6502665
10479.192,2.6421022
10481.103,2.6036859
10483.014,2.611208
10484.925,2.5851168
10486.836,2.539978
10488.747,2.5475003
10490.659,2.5102048
10492.571,2.4785116
10494.483,2.4703479
10496.395,2.4274503
10498.307,2.4260094
10500.22,2.3987983
10502.133,2.3390943
10504.045,2.3040402
10505.958,2.2532999
10507.872,2.2115232
10509.785,2.160783
10511.699,2.0932362
10513.612,2.0626643
10515.526,2.008563
10517.44,1.960064
10519.355,1.9194082
10521.269,1.8742707
10523.184,1.858265
10525.098,1.8366571
10527.013,1.8083265
10528.929,1.7777551
10530.844,1.7258953
10532.759,1.6897219
10534.675,1.6445849
10536.591,1.5882435
10538.507,1.5475885
10540.423,1.5114153
10542.339,1.4920489
10544.256,1.5118983
10546.172,1.4981343
10548.089,1.5112611
10550.006,1.5087018
10551.924,1.4792517
10553.841,1.4800539
10555.759,1.4584471
10557.676,1.4177928
10559.594,1.4163542
10561.512,1.3499298
10563.431,1.3148779
10565.349,1.2876693
10567.268,1.2302086
10569.186,1.2410953
10571.105,1.2407777
10573.024,1.1945217
10574.944,1.1942042
10576.863,1.231982
10578.783,1.2406282
10580.703,1.2627199
10582.623,1.2254278
10584.543,1.1914972
10586.463,1.2079869
10588.384,1.1987063
10590.304,1.1714986
10592.225,1.1532546
10594.146,1.1238061
10596.068,1.1167667
10597.989,1.0805957
10599.911,1.0769178
10601.832,1.1124556
10603.754,1.0818871
10605.676,1.0894139
10607.599,1.0745318
10609.521,1.0473248
10611.444,1.1041516
10613.366,1.0769447
10615.289,1.0318108
10617.213,1.0729515
10619.136,1.0423835
10621.059,1.0689585
10622.983,1.0955336
10624.907,1.0223888
10626.831,1.0433618
10628.755,1.0352032
10630.679,0.99119029
10632.604,0.99087496
10634.529,0.9558258
10636.454,0.98352182
10638.379,1.0156997
10640.304,1.0131438
10642.229,1.0206719
10644.155,1.000189
10646.081,1.0121991
10648.006,0.9950776
10649.933,0.95890858
10651.859,0.92498053
10653.785,0.87648673
10655.712,0.83807703
10657.639,0.82767861
10659.566,0.79823264
10661.493,0.79679795
10663.42,0.77519527
10665.348,0.79280835
10667.275,0.82050553
10669.203,0.83811875
10671.131,0.84228667
10673.059,0.83525018
10674.988,0.85398407
10676.916,0.86711579
10678.845,0.87464534
10680.774,0.84856152
10682.703,0.85609122
10684.632,0.86474144
10686.562,0.85098277
10688.491,0.84058551
10690.421,0.81114071
10692.351,0.79962316
10694.281,0.81387598
10696.211,0.76202243
10698.142,0.77515496
10700.072,0.77820352
10702.003,0.74203647
10703.934,0.73388069
10705.865,0.70331603
10707.797,0.68059457
10709.728,0.69484798
10711.66,0.65980174
10713.592,0.65164633
10715.524,0.62668427
10717.456,0.61404721
10719.388,0.58124216
10721.321,0.5372327
10723.253,0.51675272
10725.186,0.45817758
10727.119,0.41865013
10729.053,0.43066337
10730.986,0.40682235
10732.92,0.41547439
10734.853,0.40844023
10736.787,0.42157421
10738.721,0.44367184
10740.656,0.42095163
10742.59,0.39487014
10744.525,0.39119769
10746.46,0.36735724
10748.395,0.36592583
10750.33,0.28942447
10752.265,0.26894559
10754.201,0.27983932
10756.136,0.24367431
10758.072,0.23664103
10760.008,0.19599437
10761.944,0.17999764
10763.881,0.19425309
10765.817,0.16032934
10767.754,0.14657373
10769.691,0.1563476
10771.628,0.14483303
10773.565,0.14116168
10775.503,0.11396098
10777.44,0.11477156
10779.378,0.13126849
10781.316,0.12087473
10783.254,0.093674324
10785.192,0.072076231
10787.131,0.068405383
10789.069,0.052409678
10791.008,0.039775389
10792.947,0.015936692
10794.886,0.033554651
10796.826,0.050052234
10798.765,0.028454652
10800.705,0.029266106
10802.645,0.026770394
10804.585,0.026516359
10806.525,0.037467589
10808.465,-0.021048187
10810.406,-0.032504357
10812.347,-0.024912126
10814.288,-0.056534799
10816.229,-0.047820556
10818.17,-0.052550909
10820.111,-0.052798687
10822.053,-0.01831179
10823.995,-0.018558005
10825.937,-0.019923885
10827.879,0.017926703
10829.821,0.03897135
10831.764,0.038728263
10833.706,0.022799685
10835.649,0.010233232
10837.592,0.021196974
10839.535,0.029920601
10841.479,-0.0095342617
10843.422,-0.013134001
10845.366,-0.035780576
10847.31,-0.048342337
10849.254,-0.02728987
10851.198,-0.038729618
10853.142,-0.04008455
10855.087,-0.015668393
10857.032,-0.050635207
10858.977,-0.010531211
10860.922,0.0094055003
10862.867,-0.0020295558
10864.812,0.015667823
10866.758,0.02328195
10868.704,0.032017307
10870.65,0.046355687
10872.596,0.027081403
10874.542,0.050384933
10876.489,0.043437143
10878.435,0.006238035
10880.382,-0.014153569
10882.329,-0.002051393
10884.276,0.0044493237
10886.224,-0.0058559002
10888.171,-0.0071967568
10890.119,-0.018620865
10892.067,0.014773736
10894.015,0.015676122
10895.963,-0.010311467
10897.911,0.025326377
10899.86,0.021749316
10901.809,-0.021042649
10903.758,-0.0078114235
10905.707,-0.011386138
10907.656,-0.00039424502
10909.605,0.024043809
10911.555,-0.0041784203
10913.505,0.010177164
10915.455,0.0099677033
10917.405,0.026565748
10919.355,0.010671577
10921.306,0.0015008769
10923.256,0.0024149927
10925.207,-0.029163107
10927.158,-0.0091998079
10929.109,-0.0038015534
10931.061,-0.03313641
10933.012,-0.013170766
10934.964,-0.022335991
10936.916,-0.015814161
10938.868,-0.029459615
10940.82,-0.052067873
10942.773,-0.022014285
10944.725,-0.026693808
10946.678,0.013445378
10948.631,0.00035920219
10950.584,-0.032894409
10952.537,0.025729362
10954.491,0.0025610469
10956.444,0.0051636721
10958.398,0.029055444
10960.352,-0.0064359052
10962.306,0.02978206
10964.26,0.022303179
10966.215,0.0081022394
10968.17,0.026394929
10970.124,-0.00012967682
10972.079,0.024886965
10974.035,-0.0005159291
10975.99,0.0054543572
10977.946,0.028231998
10979.901,0.0050718949
10981.857,0.049139314
10983.813,0.056232575
10985.769,0.021869886
10987.726,0.034566651
10989.682,0.023734636
10991.639,0.026348631
10993.596,0.05249267
10995.553,0.039421654
10997.511,0.036435303
10999.468,0.016642861
11001.426,0.010296429
11003.383,0.0028301804
11005.341,0.0076894935
11007.3,-0.0087390772
11009.258,-0.0072398453
11011.216,0.0043440518
11013.175,0.027133062
11015.134,0.014068363
11017.093,0.015570121
11019.052,0.008108926
11021.011,-0.001592534
11022.971,-0.02473874
11024.931,-0.055727453
11026.891,-0.059824777
11028.851,-0.038151161
11030.811,-0.04336767
11032.771,-0.046342651
11034.732,-0.044835207
11036.693,-0.025399961
11038.654,0.010842639
11040.615,0.019074666
11042.576,0.025066429
11044.537,0.037781513
11046.499,0.027919547
11048.461,0.042708057
11050.423,0.019401947
11052.385,0.0028191415
11054.347,0.0019232277
11056.31,0.0032688269
11058.273,0.0034945946
11060.235,0.017166357
11062.198,0.020754703
11064.162,0.019861872
11066.125,0.029053692
11068.089,0.046089266
11070.052,0.030632459
11072.016,0.019658062
11073.98,0.014286522
11075.945,0.0066747028
11077.909,-0.011020534
11079.874,-0.0096675342
11081.838,-0.027361537
11083.803,-0.020405064
11085.768,-0.0280138
11087.734,-0.033381023
11089.699,-0.0096159763
11091.665,0.009667894
11093.631,0.015507003
11095.597,0.016779693
11097.563,0.018052993
11099.529,0.03277228
11101.496,0.035167246
11103.462,0.024117443
11105.429,0.035477213
11107.396,0.0098628015
11109.363,-0.017991897
11111.331,-0.01895523
11113.298,-0.028881539
11115.266,-0.034325446
11117.234,-0.035286952
11119.202,-0.034006952
11121.17,-0.029364998
11123.139,-0.0034339197
11125.107,0.0012092522
11127.076,0.0080939296
11129.045,0.0093769752
11131.014,0.01066063
11132.983,-0.0082231734
11134.953,0.025554697
11136.923,0.010033456
11138.892,-0.0099689679
11140.862,-0.0086822675
11142.833,-0.0029131653
11144.803,-0.01518075
11146.773,-0.025206839
11148.744,-0.038593673
11150.715,-0.036293634
11152.686,-0.0071022384
11154.657,0.00752393
11156.629,-0.0002582658
11158.6,-0.0057989658
11160.572,0.036840205
11162.544,0.029059808
11164.516,0.045929869
11166.488,0.03254843
11168.461,0.0012404184
11170.433,0.0024260038
11172.406,0.0036121886
11174.379,-0.018730439
11176.352,-0.027627089
11178.325,-0.026439106
11180.299,-0.02749142
11182.272,-0.027422687
11184.246,-0.01726932
11186.22,0.013052713
11188.194,0.017605038
11190.169,-0.0036123467
11192.143,-0.018106443
11194.118,-0.028487612
11196.093,-0.0052547694
11198.068,0.0056537101
11200.043,-0.0069666554
11202.019,0.014026991
11203.994,0.041743894
11205.97,0.026884332
11207.946,0.034434301
11209.922,0.019575874
11211.898,0.013681598
11213.875,0.012269682
11215.851,-0.027236905
11217.828,-0.016322758
11219.805,0.0024350936
11221.782,-0.0056972443
11223.759,-0.011588119
11225.737,-0.012996634
11227.715,-0.0076818938
11229.692,-0.01245062
11231.67,-0.030664158
11233.649,-0.03543175
11235.627,-0.024512501
11237.605,0.0088162776
11239.584,0.0029299372
11241.563,0.0093690936
11243.542,-0.0054796987
11245.521,0.027851348
11247.501,0.054460272
11249.48,0.057540351
11251.46,0.056139204
11253.44,0.026727419
11255.42,0.032050095
11257.4,0.082191265
11259.381,0.050540284
11261.361,0.035696593
11263.342,0.0040467463
11265.323,-0.0051935702
11267.304,0.020300574
11269.286,0.0032182534
11271.267,0.0018227745
11273.249,0.0015483106
11275.231,0.023683377
11277.213,0.044698562
11279.195,0.043305351
11281.177,0.043033154
11283.16,0.0091480785
11285.142,0.0088770154
11287.125,-0.0014775145
11289.108,-0.025276856
11291.092,-0.015462185
11293.075,-0.030417147
11295.059,-0.019601342
11297.042,-0.02111001
11299.026,-0.02261822
11301.01,-0.01964418
11302.995,-0.041319542
11304.979,-0.027140104
11306.964,-0.025285138
11308.949,-0.034634196
11310.934,0.00083513053
11312.919,-0.016356149
11314.904,0.0034278187
11316.89,-0.00479896
11318.875,0.0026609936
11320.861,0.0056396123
11322.847,-0.00034489654
11324.833,0.021682257
11326.82,0.013457767
11328.806,0.025401803
11330.793,0.046309882
11332.78,0.015677802
11334.767,0.02202097
11336.754,0.030605492
11338.742,-0.015711488
11340.729,-0.014969188
11342.717,-0.024632598
11344.705,-0.035416027
11346.693,-0.032753648
11348.681,-0.028970392
11350.67,-0.02854805
11352.658,-0.022523038
11354.647,-0.0075340107
11356.636,0.00073275696
11358.625,0.010120402
11360.615,0.0027017548
11362.604,-0.0047164632
11364.594,-0.00092976981
11366.584,0.0062186977
11368.574,-0.0011982315
11370.564,0.0070715434
11372.554,0.029907574
11374.545,0.047141794
11376.535,0.043087928
11378.526,0.016625527
11380.517,0.01257252
11382.509,0.00067680547
11384.5,-0.038109236
11386.492,-0.060088125
11388.483,-0.052934932
11390.475,-0.049142654
11392.468,-0.031904568
11394.46,-0.0079433632
11396.452,-0.0097520371
11398.445,0.018691819
11400.438,0.023606694
11402.431,0.018437964
11404.424,0.033437731
11406.417,0.023788068
11408.411,0.011897938
11410.404,0.02353765
11412.398,-0.0029174472
11414.392,-0.0024813583
11416.387,-0.0076470807
11418.381,-0.01505327
11420.375,-0.032543063
11422.37,-0.038827945
11424.365,-0.022703434
11426.36,-0.041312386
11428.355,-0.0061393964
11430.351,-0.020265697
11432.346,-0.047836946
11434.342,-0.0048195306
11436.338,-0.015583198
11438.334,-0.015141954
11440.331,0.0099495798
11442.327,-0.022452188
11444.324,0.0022892027
11446.321,0.0079832755
11448.318,0.0024731677
11450.315,0.019372325
11452.312,0.011621923
11454.31,0.03636482
11456.307,0.019651435
11458.305,0.014142834
11460.303,0.016477671
11462.301,0.013210568
11464.3,0.022268696
11466.298,0.019002196
11468.297,0.061674372
11470.296,0.098744609
11472.295,0.080913186
11474.294,0.11238178
11476.294,0.076623793
11478.293,0.092406719
11480.293,0.11491264
11482.293,0.041060309
11484.293,0.065807725
11486.293,0.064785133
11488.294,0.07160598
11490.295,0.11764281
11492.295,0.087489473
11494.296,0.094311224
11496.298,0.11009686
11498.299,0.07658308
11500.3,0.11141694
11502.302,0.11823989
11504.304,0.1586766
11506.306,0.19239091
11508.308,0.20257611
11510.311,0.2542182
11512.313,0.29801745
11514.316,0.33845566
11516.319,0.34303983
11518.322,0.38347864
11520.325,0.41831551
11522.329,0.41617789
11524.332,0.41179968
11526.336,0.43543297
11528.34,0.43553716
11530.344,0.46701419
11532.349,0.44695091
11534.353,0.46050137
11536.358,0.45948631
11538.363,0.47415782
11540.368,0.48995009
11542.373,0.52142893
11544.378,0.53946269
11546.384,0.52388331
11548.389,0.53519499
11550.395,0.60813161
11552.401,0.62952793
11554.407,0.59826348
11556.414,0.57820381
11558.42,0.58167385
11560.427,0.58626465
11562.434,0.57068768
11564.441,0.55399056
11566.448,0.53617329
11568.456,0.51723588
11570.464,0.48373294
11572.471,0.4547121
11574.479,0.46714814
11576.487,0.45381418
11578.496,0.42927603
11580.504,0.4237858
11582.513,0.42165722
11584.522,0.45874463
11586.531,0.45437575
11588.54,0.39846656
11590.549,0.39858009
11592.559,0.37628494
11594.569,0.3584719
11596.578,0.37091125
11598.588,0.3530988
11600.599,0.34985249
11602.609,0.3869426
11604.62,0.39378092
11606.63,0.38381282
11608.641,0.34919516
11610.652,0.33586631
11612.664,0.32141732
11614.675,0.29016191
11616.687,0.27571352
11618.699,0.25230184
11620.711,0.24569719
11622.723,0.25589957
11624.735,0.23921148
11626.748,0.24493267
11628.76,0.24729281
11630.773,0.27206221
11632.786,0.26321847
11634.799,0.27790445
11636.813,0.28922938
11638.826,0.26806161
11640.84,0.27042356
11642.854,0.28735164
11644.868,0.24601671
11646.882,0.23157284
11648.897,0.20480434
11650.911,0.20940869
11652.926,0.22969961
11654.941,0.19845022
11656.956,0.20753727
11658.971,0.20093834
11660.987,0.19658061
11663.002,0.19670498
11665.018,0.18450472
11667.034,0.18911148
11669.05,0.20716391
11671.067,0.17591694
11673.083,0.18388594
11675.1,0.21314377
11677.117,0.20878845
11679.134,0.22796284
11681.151,0.22360813
11683.168,0.19684475
11685.186,0.18352705
11687.203,0.17693234
11689.221,0.15016986
11691.239,0.19399592
11693.258,0.19300436
11695.276,0.18304951
11697.295,0.20558796
11699.313,0.21468133
11701.332,0.22489545
11703.352,0.21158046
11705.371,0.18369995
11707.39,0.16030153
11709.41,0.16939641
11711.43,0.15608263
11713.45,0.15845542
11715.47,0.15410582
11717.49,0.15872011
11719.511,0.14092574
11721.531,0.1376975
11723.552,0.12550597
11725.573,0.11107385
11727.595,0.12913502
11729.616,0.12030574
11731.637,0.14172886
11733.659,0.14522512
11735.681,0.14311943
11737.703,0.16342301
11739.725,0.16131792
11741.748,0.15921314
11743.77,0.14366328
11745.793,0.11802968
11747.816,0.15738239
11749.839,0.14407433
11751.863,0.14869374
11753.886,0.16787928
11755.91,0.15905391
11757.934,0.17375826
11759.958,0.18061978
11761.982,0.13033873
11764.006,0.14840533
11766.031,0.10372713
11768.055,0.088180886
11770.08,0.074875838
11772.105,0.067173332
11774.13,0.084120987
11776.156,0.092105358
11778.181,0.11465586
11780.207,0.13384531
11782.233,0.13958969
11784.259,0.14533437
11786.285,0.14771801
11788.312,0.16018598
11790.338,0.1715338
11792.365,0.16271386
11794.392,0.16173736
11796.419,0.14395443
11798.446,0.14297853
11800.474,0.12071442
11802.502,0.12982315
11804.529,0.14117308
11806.557,0.098741805
11808.586,0.11233324
11810.614,0.097913765
11812.642,0.090217284
11814.671,0.12397769
11816.7,0.07146388
11818.729,0.055925166
11820.758,0.0415072
11822.788,0.029330432
11824.817,0.048526515
11826.847,0.027386764
11828.877,0.026415381
11830.907,0.028805645
11832.937,0.040159795
11834.968,0.076164106
11836.998,0.093121099
11839.029,0.12016243
11841.06,0.12479509
11843.091,0.12830761
11845.123,0.14638626
11847.154,0.11404504
11849.186,0.11083577
11851.218,0.079615603
11853.25,0.036070804
11855.282,0.069837231
11857.314,0.048701999
11859.347,0.044373791
11861.379,0.059093502
11863.412,0.063729482
11865.445,0.081811141
11867.478,0.10885669
11869.512,0.10228909
11871.545,0.10916717
11873.579,0.12949093
11875.613,0.12964692
11877.647,0.13092367
11879.681,0.13556206
11881.716,0.11443044
11883.75,0.11458764
11885.785,0.10017931
11887.82,0.067844115
11889.855,0.043352358
11891.891,0.050233451
11893.926,0.049271708
11895.962,0.035985336
11897.998,0.040626436
11900.034,0.050870079
11902.07,0.054391333
11904.106,0.097128576
11906.143,0.042387127
11908.18,0.039186597
11910.216,0.07744295
11912.253,0.058556747
11914.291,0.078886532
11916.328,0.083530343
11918.366,0.081451767
11920.403,0.10402335
11922.441,0.10082493
11924.479,0.095385912
11926.518,0.078742714
11928.556,0.05425668
11930.595,0.025289155
11932.634,0.0075264129
11934.673,0.026738762
11936.712,1.3036455e-005
11938.751,-0.0031829758
11940.791,-0.0063786869
11942.83,-0.0039718558
11944.87,0.027566929
11946.91,0.0075653992
11948.95,0.011093582
11950.991,0.023585652
11953.031,0.025993989
11955.072,0.049691143
11957.113,0.042016049
11959.154,0.030979912
11961.195,0.017703179
11963.236,0.013390334
11965.278,0.029245857
11967.32,0.013729132
11969.362,0.025103464
11971.404,0.0084668933
11973.446,0.0086373465
11975.489,0.023373927
11977.531,0.012340501
11979.574,0.015873203
11981.617,0.00035858616
11983.66,-0.024119314
11985.704,-0.00041764209
11987.747,-0.0080882175
11989.791,0.012252713
11991.835,0.0034622916
11993.879,-0.0053278284
11995.923,-0.0029131653
11997.967,-0.024194371
12000.012,-0.018584533
12002.056,-0.0073721679
12004.101,-0.029772961
12006.146,-0.0073555393
12008.192,-0.025273965
12010.237,-0.0017355218
12012.283,0.028525898
12014.328,0.011728781
12016.374,0.00053419213
12018.42,0.018471543
12020.467,-0.0016860574
12022.513,0.016251867
12024.56,-0.005025607
12026.607,-0.0072551753
12028.654,-0.005002664
12030.701,0.0073341681
12032.748,0.00062366804
12034.796,0.0039974887
12036.843,0.0096124927
12038.891,0.025311817
12040.939,0.0073979836
12042.987,0.021977434
12045.036,0.007425519
12047.084,0.0040783727
12049.133,0.0063337543
12051.182,-0.010458196
12053.231,-0.00035910322
12055.28,0.0086198285
12057.33,0.018719495
12059.379,0.013133175
12061.429,0.0019449005
12063.479,0.0075636358
12065.529,0.0075804173
12067.579,0.015440623
12069.63,0.033385149
12071.681,0.003150691
12073.731,0.0087708614
12075.782,-0.0012949557
12077.834,0.011048478
12079.885,0.011067268
12081.936,-0.019165755
12083.988,-0.038194009
12086.04,-0.034813013
12088.092,-0.023588593
12090.144,-0.012363885
12092.197,-0.052679507
12094.249,-0.030249743
12096.302,-0.020144623
12098.355,-0.019002801
12100.408,0.020732385
12102.461,-3.6396861e-005
12104.515,0.025133431
12106.568,0.041339908
12108.622,0.027294518
12110.676,0.025574292
12112.73,0.023854301
12114.784,-0.0092380059
12116.839,0.0092105382
12118.893,0.0052503528
12120.948,0.009133539
12123.003,-0.0060306598
12125.058,-0.0077492461
12127.114,-0.007226702
12129.169,0.00338011
12131.225,-0.0073013592
12133.281,0.0044263694
12135.337,-0.0028932869
12137.393,0.0054735655
12139.45,0.044092753
12141.506,0.028930662
12143.563,0.036177769
12145.62,0.037822869
12147.677,0.039468203
12149.734,0.060161391
12151.792,0.067409435
12153.849,0.035442026
12155.907,0.065099502
12157.965,0.043216595
12160.023,0.045983783
12162.081,0.028583138
12164.14,0.031350794
12166.199,0.044202718
12168.257,0.045850394
12170.316,0.050859649
12172.376,0.046905553
12174.435,0.041831243
12176.494,0.038998063
12178.554,0.019358395
12180.614,-0.00028103857
12182.674,-0.0087157565
12184.734,-0.021632033
12186.795,0.0024267149
12188.855,0.015281215
12190.916,0.0068474339
12192.977,0.020822851
12195.038,0.022473571
12197.099,0.027485871
12199.161,0.020173475
12201.222,0.019584002
12203.284,0.027958349
12205.346,0.037453378
12207.408,0.040225952
12209.471,0.016108005
12211.533,0.025603736
12213.596,0.021654324
12215.659,0.021066491
12217.722,0.019358443
12219.785,0.0064461483
12221.848,-0.0053454643
12223.912,0.031042429
12225.975,0.0069263547
12228.039,0.029869338
12230.103,0.019199111
12232.168,0.014131358
12234.232,0.035954596
12236.297,0.043212242
12238.361,0.034783847
12240.426,0.03643972
12242.491,0.021289105
12244.557,0.011740965
12246.622,0.0010726111
12248.688,-0.020799991
12250.753,-0.019142946
12252.819,-0.036533287
12254.886,-0.014707707
12256.952,-0.01304996
12259.018,-0.0069101863
12261.085,-0.005251971
12263.152,-0.022641141
12265.219,-0.03106649
12267.286,-0.020443987
12269.353,-0.024387076
12271.421,-0.0081618634
12273.489,-0.013224932
12275.557,-0.010444629
12277.625,0.012503975
12279.693,0.019766539
12281.761,0.027029337
12283.83,-0.00044152392
12285.899,-0.015587221
12287.968,-0.027371339
12290.037,-0.034673431
12292.106,-0.027409461
12294.175,-0.033590636
12296.245,-0.04425337
12298.315,-0.013459286
12300.385,-0.023001103
12302.455,-0.0090132735
12304.525,-0.0073501401
12306.596,-0.0068706455
12308.667,0.0048135597
12310.737,0.01873889
12312.808,0.020339519
12314.88,0.020819929
12316.951,0.015698327
12319.023,0.01954054
12321.094,0.022262533
12323.166,0.027225651
12325.238,0.019864068
12327.31,0.011382266
12329.383,0.010743829
12331.455,0.0089851739
12333.528,0.027394815
12335.601,0.01107079
12337.674,-0.0041325566
12339.748,-0.0092516411
12341.821,-0.016611393
12343.895,-0.018368675
12345.968,0.0034036829
12348.042,-0.0028349344
12350.117,-0.0034710819
12352.191,0.0059770331
12354.265,-0.012585828
12356.34,0.0058263305
12358.415,0.011834644
12360.49,-0.0012044388
12362.565,0.00032252673
12364.641,-0.0037525265
12366.716,0.001136228
12368.792,0.011627446
12370.868,-0.00029007821
12372.944,0.0090811356
12375.02,-0.0073177364
12377.097,-0.0057892154
12379.173,-0.0076218167
12381.25,-0.0094541958
12383.327,-0.011286353
12385.404,0.0036884354
12387.481,0.014181653
12389.559,0.031397782
12391.636,0.010518895
12393.714,0.028855916
12395.792,0.0225433
12397.87,0.037519421
12399.949,0.016641423
12402.027,0.0024863363
12404.106,-0.0083071839
12406.185,0.0021880337
12408.264,-0.0030028011
12410.343,-0.0041505727
12412.422,-0.0086595033
12414.502,-0.015409145
12416.582,-0.0075927747
12418.662,-0.0087398045
12420.742,-0.017729786
12422.822,-0.026719582
12424.902,-0.025625159
12426.983,-0.015566965
12429.064,-0.009990379
12431.145,-0.016738537
12433.226,-0.024606958
12435.307,-0.025752504
12437.389,-0.020175176
12439.47,-0.029163488
12441.552,-0.037031167
12443.634,-0.03929642
12445.716,-0.028116109
12447.799,-0.016935612
12449.881,-0.009116275
12451.964,-0.0046580968
12454.047,-0.015886008
12456.13,-0.0035843213
12458.213,-0.014811861
12460.296,-0.020436975
12462.38,-0.014053802
12464.464,-0.0043091254
12466.548,0.0031948136
12468.632,0.02414429
12470.716,0.0047577904
12472.8,0.018984895
12474.885,0.024248574
12476.97,0.027271515
12479.055,0.044860441
12481.14,0.035558771
12483.225,0.034100396
12485.311,0.041605765
12487.396,0.037906812
12489.482,0.038689811
12491.568,0.028268486
12493.654,0.0044019429
12495.741,0.0074263146
12497.827,0.012691742
12499.914,-0.0010902914
12502.001,0.0075367981
12504.088,0.0027186684
12506.175,-0.00097885411
12508.262,0.023334987
12510.35,0.021878678
12512.438,-0.0042273308
12514.526,0.018966539
12516.614,0.0074266738
12518.702,0.011573242
12520.79,0.026924451
12522.879,0.0053010297
12524.968,0.009448075
12527.057,0.028161106
12529.146,0.023344883
12531.235,0.026371957
12533.325,0.013712916
12535.414,0.017860756
12537.504,0.0074429287
12539.594,0.0048683976
12541.684,-0.0021877672
12543.775,0.0075629497
12545.865,0.0072297918
12547.956,-0.0065485852
12550.047,-0.0057609769
12552.138,-0.018418588
12554.229,0.00029650923
12556.321,-3.5853803e-005
12558.412,-0.0037294024
12560.504,0.026190653
12562.596,0.039304145
12564.688,0.055779141
12566.78,0.045363539
12568.873,0.056236611
12570.965,0.069350739
12573.058,0.042128892
12575.151,0.037316166
12577.244,0.023540015
12579.338,0.022088952
12581.431,0.050890149
12583.525,0.015825959
12585.619,0.0054117879
12587.713,0.030852117
12589.807,0.0092337822
12591.901,0.030192637
12593.996,0.019779101
12596.09,-0.01192279
12598.185,0.0045547484
12600.28,0.00086437897
12602.376,-0.017391658
12604.471,-0.00091364218
12606.567,-0.018048913
12608.662,-0.026220439
12610.758,-0.00077836128
12612.854,0.0056162566
12614.951,0.010890585
12617.047,0.022887762
12619.144,0.031523753
12621.241,0.024473629
12623.338,0.011821422
12625.435,0.033903269
12627.532,0.022371828
12629.63,0.035116924
12631.727,0.016116147
12633.825,0.026745159
12635.923,0.0094876194
12638.021,0.032317385
12640.12,0.044689793
12642.218,0.030918569
12644.317,0.02934794
12646.416,0.039106445
12648.515,0.017492561
12650.614,0.0420662
12652.714,0.034395988
12654.813,0.025854476
12656.913,0.02515626
12659.013,0.022715284
12661.113,0.022888846
12663.213,0.026548406
12665.314,0.018879148
12667.414,0.022539026
12669.515,0.017484465
12671.616,0.0054583859
12673.717,0.015218958
12675.819,-0.0037784806
12677.92,-0.0070894859
12680.022,0.0026715632
12682.124,-0.010225181
12684.226,0.0065078637
12686.328,0.011040631
12688.43,0.017316478
12690.533,0.015749345
12692.636,0.0037248559
12694.738,0.029173292
12696.842,0.0066916042
12698.945,-0.0096897069
12701.048,0.0070446093
12703.152,-0.013693682
12705.256,-0.02048846
12707.36,-0.026411619
12709.464,-0.015776885
12711.568,8.6766478e-005
12713.672,-0.012807593
12715.777,0.0056707551
12717.882,0.0049771491
12719.987,-0.011402572
12722.092,-0.0059956427
12724.197,0.0052435336
12726.303,0.0016680318
12728.409,0.003321425
12730.514,-0.0002538032
12732.62,-0.0099291125
12734.727,-0.00043217175
12736.833,0.0020932282
12738.94,0.015947741
12741.046,0.018473415
12743.153,0.014899007
12745.26,0.0095818168
12747.368,0.010364981
12749.475,0.01899142
12751.583,0.011060261
12753.69,0.024915731
12755.798,0.026570902
12757.906,0.016897234
12760.015,0.023781437
12762.123,0.0053934457
12764.232,0.022735439
12766.341,0.022648374
12768.45,0.011232471
12770.559,0.037289471
12772.668,0.0049588082
12774.778,0.017072727
12776.887,0.019600725
12778.997,0.0055711266
12781.107,0.010713778
12783.218,-0.0024440876
12785.328,0.0044417566
12787.439,0.0026131407
12789.549,-8.6798173e-005
12791.66,0.0033136176
12793.771,-0.013329403
12795.883,-0.0090572538
12797.994,-0.00042766953
12800.106,0.019531028
12802.217,0.021189208
12804.329,0.0097756294
12806.441,0.0079482444
12808.554,-0.0086938186
12810.666,0.015622861
12812.779,0.03209654
12814.892,0.023298024
12817.005,0.017114025
12819.118,0.0065728635
12821.231,-0.0022252417
12823.345,-0.0049229921
12825.458,0.014165887
12827.572,0.0079825708
12829.686,-0.00034291911
12831.801,-0.0077968455
12833.915,-0.0047931516
12836.03,-0.00091789421
12838.144,-0.011857348
12840.259,0.0042185531
12842.374,-0.016306749
12844.49,-0.02986027
12846.605,-0.020755735
12848.721,-0.024722992
12850.836,-0.019975548
12852.952,-0.037885952
12855.069,-0.021809324
12857.185,-0.026647625
12859.301,-0.034971661
12861.418,-0.002336987
12863.535,-0.0054320569
12865.652,0.0062877918
12867.769,0.0084216878
12869.886,-0.0051305868
12872.004,0.019661469
12874.122,0.0052379424
12876.24,0.011729552
12878.358,0.027807323
12880.476,0.013384108
12882.594,0.012904352
12884.713,0.0098103205
12886.832,-0.0037411233
12888.951,0.018437384
12891.07,0.015343665
12893.189,0.024450485
12895.308,0.038786167
12897.428,0.022620863
12899.548,0.037828213
12901.668,0.038220851
12903.788,0.029898996
12905.908,0.044235198
12908.029,0.035913551
12910.149,0.037178064
12912.27,0.035828303
12914.391,0.017920911
12916.512,0.038357849
12918.634,0.03526548
12920.755,0.031301755
12922.877,0.042152948
12924.999,0.033832132
12927.121,0.028125799
12929.243,0.028519788
12931.366,0.015841985
12933.488,0.035408295
12935.611,0.0227307
12937.734,0.035325539
12939.857,0.036591507
12941.98,0.025657143
12944.104,0.034766456
12946.227,0.033418356
12948.351,0.015512626
12950.475,0.022007871
12952.599,0.0067167278
12954.724,-0.00073117434
12956.848,-0.036065683
12958.973,-0.021726885
12961.098,-0.013488201
12963.223,-0.027907365
12965.348,-0.017054095
12967.473,-0.012300938
12969.599,-0.010162056
12971.724,0.00069152612
12973.85,0.0089308332
12975.976,0.037213817
12978.103,0.029767058
12980.229,0.040621055
12982.356,0.032303044
12984.482,0.032699733
12986.609,0.048782801
12988.737,0.036107802
12990.864,0.04434794
12992.991,0.013372496
12995.119,0.021612842
12997.247,0.015038476
12999.375,-0.015065197
13001.503,0.014090493
13003.631,-0.018627351
13005.76,-0.023458381
13007.888,-0.025674929
13010.017,-0.046192026
13012.146,-0.016164357
13014.275,-0.039295625
13016.405,-0.030182781
13018.534,-0.014098156
13020.664,-0.0058565634
13022.794,-0.0080723837
13024.924,-0.007673721
13027.054,0.0075398603
13029.185,-0.0068760841
13031.315,0.0083377049
13033.446,-0.0060780318
13035.577,0.0012928277
13037.708,0.019992767
13039.839,-0.025795207
13041.971,0.01794408
13044.103,0.0032956529
13046.234,-0.0087383107
13048.366,0.025415174
13050.499,-0.011890951
13052.631,0.020519785
13054.763,0.00935762
13056.896,-0.021848033
13059.029,0.023634852
13061.162,-0.0075706308
13063.295,0.022226149
13065.429,0.016293167
13067.562,0.0086173501
13069.696,0.033185627
13071.83,0.015923923
13073.964,0.038749449
13076.098,0.03455981
13078.233,0.0033550057
13080.367,0.013980351
13082.502,-0.011995526
13084.637,0.00037290864
13086.772,-0.011659444
13088.907,-0.032406308
13091.043,-0.035723894
13093.178,-0.046013072
13095.314,-0.036315341
13097.45,-0.023131692
13099.586,-0.017791099
13101.723,-0.0054787491
13103.859,-0.0036238351
13105.996,-0.0096119781
13108.133,0.0079293708
13110.27,0.021984961
13112.407,0.006411002
13114.544,0.019595293
13116.682,0.012736091
13118.82,0.011977187
13120.958,0.02080442
13123.096,0.013945459
13125.234,0.025387232
13127.372,0.015914052
13129.511,0.023870146
13131.65,0.016140045
13133.789,0.009281485
13135.928,0.022466578
13138.067,0.023451315
13140.207,0.012235697
13142.346,0.022806651
13144.486,0.029891847
13146.626,0.039591501
13148.766,0.021404526
13150.907,0.046790616
13153.047,0.049518834
13155.188,0.065319027
13157.329,0.058461349
13159.47,0.049860831
13161.611,0.060432507
13163.753,0.019588141
13165.894,0.036260195
13168.036,0.033760216
13170.178,0.019931341
13172.32,0.0244032
13174.462,-0.016440765
13176.605,0.0019746096
13178.747,0.00383233
13180.89,-0.011739063
13183.033,0.026720124
13185.176,-0.00018008455
13187.319,0.0034208759
13189.463,0.011379215
13191.607,0.0027799001
13193.75,0.030781973
13195.894,0.0047536241
13198.039,-0.010817128
13200.183,0.0084705882
13202.327,-0.003808157
13204.472,-0.003886402
13206.617,-0.00047874383
13208.762,-0.011014376
13210.907,0.00023654791
13213.053,-0.025113771
13215.198,-0.015605637
13217.344,0.0017456985
13219.49,-0.01488983
13221.636,-0.010610261
13223.782,0.0067412677
13225.929,0.0066636669
13228.075,0.0057146709
13230.222,-0.0074346965
13232.369,-0.0014118862
13234.516,0.0028680692
13236.664,0.0019193308
13238.811,-0.0068724804
13240.959,-0.00084941241
13243.107,0.002559341
13245.255,-0.0088466561
13247.403,-0.0010804754
13249.551,0.0084286891
13251.7,0.0013801838
13253.848,0.016118235
13255.997,0.021270295
13258.146,0.027293878
13260.296,0.018502711
13262.445,0.00012555184
13264.595,0.023578522
13266.744,0.0086873308
13268.894,0.026911672
13271.044,0.03903586
13273.195,0.025016321
13275.345,0.036269178
13277.496,0.033578745
13279.647,0.049189029
13281.798,0.053470401
13283.949,0.037708266
13286.1,0.056804582
13288.252,0.034942357
13290.403,0.042709826
13292.555,0.053963199
13294.707,0.039944304
13296.859,0.029411313
13299.012,0.026721523
13301.164,0.017060121
13303.317,0.009141702
13305.47,0.015166703
13307.623,0.00027673519
13309.776,-0.0032841919
13311.93,-0.0094594336
13314.083,-0.01912045
13316.237,-0.0052519896
13318.391,-0.019270175
13320.545,-0.00017282825
13322.699,0.0075956072
13324.854,-0.0029365464
13327.008,0.0091893164
13329.163,-0.0091858457
13331.318,-0.016231967
13333.473,-0.011077589
13335.629,-0.017252122
13337.784,-0.013840534
13339.94,-0.01478618
13342.096,-0.0026598662
13344.252,-0.011448521
13346.408,-0.0054222959
13348.564,0.023261945
13350.721,0.015344944
13352.878,0.029214499
13355.034,0.032626603
13357.192,0.029938552
13359.349,0.027250567
13361.506,0.01061929
13363.664,0.013160192
13365.822,0.0069865607
13367.979,-0.0070301433
13370.138,0.0024826289
13372.296,-0.0089195672
13374.454,0.005822092
13376.613,0.0013917024
13378.772,0.015262031
13380.931,0.026518044
13383.09,0.028188066
13385.249,0.03508691
13387.409,0.041985818
13389.569,0.030584138
13391.728,0.044454853
13393.888,0.026081623
13396.049,0.054767282
13398.209,0.03900856
13400.37,0.023249903
13402.53,0.031892182
13404.691,0.025719711
13406.852,0.033490659
13409.014,0.033418534
13411.175,0.039446691
13413.337,0.05506097
13415.498,0.027102328
13417.66,0.025287542
13419.822,0.030444497
13421.985,0.042573194
13424.147,0.052087577
13426.31,0.043301371
13428.473,0.064144859
13430.636,0.046644184
13432.799,0.057030284
13434.962,0.06393061
13437.126,0.064730782
13439.289,0.061173721
13441.453,0.036701691
13443.617,0.027916
13445.781,0.031330809
13447.946,0.026031086
13450.11,0.025960185
13452.275,0.0067172351
13454.44,0.001417705
13456.605,-0.003010301
13458.77,0.0030192738
13460.936,0.0073059936
13463.101,0.0098498584
13465.267,0.013265247
13467.433,0.014937781
13469.599,-0.0043046529
13471.766,0.0008538487
13473.932,-0.0070594807
13476.099,-0.011486907
13478.266,-0.0089425911
13480.433,-0.012498429
13482.6,-0.018668581
13484.767,-0.02309575
13486.935,-0.031880152
13489.102,-0.0058061024
13491.27,-0.017204755
13493.438,-0.0015880929
13495.607,0.014028634
13497.775,0.0017587145
13499.943,-0.0035394628
13502.112,-0.0044802771
13504.281,0.0093937878
13506.45,-0.0011329543
13508.62,-0.021245689
13510.789,-0.0099858095
13512.959,-0.021383818
13515.128,-0.01099527
13517.298,-0.0014781168
13519.468,0.0097820199
13521.639,0.02452806
13523.809,-0.0095275786
13525.98,0.015676107
13528.151,0.019093364
13530.322,0.0033385722
13532.493,0.035514128
13534.664,0.011916328
13536.836,0.020562601
13539.008,0.005679527
13541.179,-0.015303701
13543.351,0.0046717418
13545.524,-0.017182817
13547.696,-0.0041789231
13549.869,0.0027248171
13552.041,-0.023486847
13554.214,-0.0087398403
13556.387,-0.022750939
13558.561,-0.013232562
13560.734,-0.003714121
13562.908,-0.010753349
13565.082,-0.0029776984
13567.256,-0.014374096
13569.43,0.00037336096
13571.604,-0.00056539182
13573.779,-0.011961597
13575.953,-0.0024427041
13578.128,-0.019067538
13580.303,-0.010579443
13582.478,-0.0099344342
13584.654,-0.020618349
13586.829,0.0096563927
13589.005,0.0024584196
13591.181,0.015304071
13593.357,0.013334959
13595.533,0.0026513025
13597.709,0.037283601
13599.886,0.029214427
13602.063,0.024631143
13604.24,0.027891047
13606.417,0.0067501324
13608.594,-0.003061755
13610.772,-0.01548797
13612.949,-0.014842237
13615.127,-0.0028674775
13617.305,-0.022265215
13619.483,-0.030333925
13621.661,-0.014873171
13623.84,-0.0089984221
13626.019,-0.0074809202
13628.197,-0.0033489876
13630.376,-0.0035743017
13632.556,0.0049150327
13634.735,0.0045478388
13636.915,0.016381121
13639.094,0.031700282
13641.274,0.013904015
13643.454,0.015279902
13645.634,0.0018410142
13647.815,0.0084457397
13649.995,0.012436126
13652.176,0.0024831983
13654.357,0.0012449075
13656.538,-0.00870794
13658.72,0.0048686646
13660.901,0.0088592528
13663.083,0.021564478
13665.264,0.025555147
13667.446,0.0077593639
13669.629,0.024822009
13671.811,0.019226742
13673.993,0.031932169
13676.176,0.028951362
13678.359,-0.012373632
13680.542,0.0038177549
13682.725,-0.0322784
13684.909,-0.019572771
13687.092,-0.022553377
13689.276,-0.034431504
13691.46,-0.017551435
13693.644,-0.045987244
13695.828,-0.027364204
13698.012,-0.0043838401
13700.197,-0.029333734
13702.382,0.010204416
13704.567,-0.0016735307
13706.752,0.013463799
13708.937,0.01291488
13711.123,0.0036513892
13713.308,0.020531715
13715.494,0.016497034
13717.68,0.01071946
13719.866,0.030214242
13722.053,0.0070075252
13724.239,0.029116738
13726.426,0.04163992
13728.613,0.04806291
13730.8,0.071915119
13732.987,0.073980862
13735.174,0.077789549
13737.362,0.085955561
13739.55,0.089764301
13741.737,0.12233124
13743.926,0.099124775
13746.114,0.10554797
13748.302,0.099770756
13750.491,0.075692914
13752.68,0.086473485
13754.869,0.081567807
13757.058,0.098448647
13759.247,0.09702886
13761.436,0.086894501
13763.626,0.12991921
13765.816,0.1241422
13768.006,0.14363755
13770.196,0.16226146
13772.386,0.16607059
13774.577,0.20909542
13776.768,0.20593292
13778.959,0.22629986
13781.15,0.25015266
13783.341,0.2435044
13785.532,0.28304352
13787.724,0.29295305
13789.915,0.31593449
13792.107,0.34850202
13794.299,0.33749658
13796.492,0.38487898
13798.684,0.39217425
13800.877,0.40818414
13803.07,0.43988034
13805.263,0.44194693
13807.456,0.45011376
13809.649,0.45915208
13811.842,0.47690503
13814.036,0.49727237
13816.23,0.49759617
13818.424,0.53626423
13820.618,0.5339737
13822.812,0.53865487
13825.007,0.545079
13827.202,0.56370358
13829.397,0.597143
13831.592,0.59223822
13833.787,0.60301974
13835.982,0.60421524
13838.178,0.58972448
13840.373,0.63362155
13842.569,0.63917441
13844.766,0.68307153
13846.962,0.69036737
13849.158,0.67936258
13851.355,0.69275869
13853.552,0.69744022
13855.749,0.70909346
13857.946,0.71116067
13860.143,0.68969849
13862.341,0.67259364
13864.538,0.65548881
13866.736,0.67672823
13868.934,0.67443827
13871.132,0.70613526
13873.331,0.70558827
13875.529,0.69632671
13877.728,0.70013707
13879.927,0.70481891
13882.126,0.72257268
13884.325,0.70198224
13886.524,0.68836351
13888.724,0.67823065
13890.924,0.64543985
13893.124,0.65012185
13895.324,0.630403
13897.524,0.63334213
13899.724,0.60752312
13901.925,0.58867581
13904.126,0.57505728
13906.327,0.54923835
13908.528,0.53300549
13910.729,0.51764412
13912.931,0.4953111
13915.132,0.5078365
13917.334,0.51077586
13919.536,0.49541459
13921.738,0.48963941
13923.941,0.50303636
13926.143,0.49726123
13928.346,0.50804386
13930.549,0.47176769
13932.752,0.46424971
13934.955,0.44453133
13937.159,0.40825524
13939.362,0.43559573
13941.566,0.4141345
13943.77,0.38221578
13945.974,0.38602694
13948.178,0.36892309
13950.383,0.38842057
13952.587,0.37305969
13954.792,0.37512803
13956.997,0.38329661
13959.202,0.36096413
13961.408,0.38830488
13963.613,0.38340164
13965.819,0.40812806
13968.025,0.40583926
13970.231,0.40616486
13972.437,0.4256626
13974.643,0.39723008
13976.85,0.39842722
13979.056,0.37870935
13981.263,0.35724858
13983.47,0.35931726
13985.678,0.32217027
13987.885,0.32162461
13990.093,0.32892212
13992.3,0.31094733
13994.508,0.33654554
13996.716,0.31508496
13998.925,0.31541089
14001.133,0.31225101
14003.342,0.30037656
14005.551,0.31028863
14007.76,0.31584342
14009.969,0.31442657
14012.178,0.31736704
14014.388,0.30985001
14016.597,0.32847681
14018.807,0.33141735
14021.017,0.33522938
14023.227,0.36692815
14025.438,0.35679687
14027.648,0.35189438
14029.859,0.33914878
14032.07,0.34557532
14034.281,0.33282977
14036.492,0.33751344
14038.704,0.34829735
14040.915,0.35733837
14043.127,0.35853628
14045.339,0.3492767
14047.551,0.35744633
14049.763,0.3569014
14051.976,0.35199919
14054.189,0.38979854
14056.401,0.37269595
14058.614,0.36692236
14060.827,0.36463463
14063.041,0.3457892
14065.254,0.36180218
14067.468,0.35690015
14069.682,0.34938377
14071.896,0.35929661
14074.11,0.32912233
14076.324,0.33554938
14078.539,0.33587624
14080.754,0.33358875
14082.969,0.35134485
14085.184,0.33511405
14087.399,0.35722751
14089.614,0.36714055
14091.83,0.34916691
14094.046,0.37128045
14096.262,0.35766416
14098.478,0.37977774
14100.694,0.36877588
14102.911,0.35080237
14105.127,0.36071559
14107.344,0.32269856
14109.561,0.32128286
14111.778,0.31725281
14113.996,0.32106592
14116.213,0.32313613
14118.431,0.30690572
14120.649,0.31681913
14122.867,0.3084319
14125.085,0.3131166
14127.303,0.32738738
14129.522,0.33032921
14131.741,0.33675691
14133.96,0.3179123
14136.179,0.32869734
14138.398,0.31856738
14140.617,0.29972284
14142.837,0.30179337
14145.057,0.302121
14147.277,0.29547698
14149.497,0.29841904
14151.717,0.29526091
14153.938,0.2964601
14156.158,0.28284451
14158.379,0.27620062
14160.6,0.29308616
14162.821,0.27859918
14165.043,0.28154142
14167.264,0.28622661
14169.486,0.26912533
14171.708,0.27816787
14173.93,0.26368102
14176.152,0.28318112
14178.374,0.29396665
14180.597,0.27512258
14182.82,0.28503671
14185.043,0.27490729
14187.266,0.27872124
14189.489,0.28776399
14191.712,0.29506383
14193.936,0.29277765
14196.16,0.29484879
14198.384,0.30737748
14200.608,0.32426348
14202.832,0.34637828
14205.057,0.33973492
14207.281,0.3200197
14209.506,0.32383392
14211.731,0.31544772
14213.956,0.33581972
14216.182,0.31523314
14218.407,0.31469016
14220.633,0.31153283
14222.859,0.29181779
14225.085,0.30260386
14227.311,0.30641828
14229.537,0.2893177
14231.764,0.27744589
14233.991,0.27864601
14236.218,0.28158908
14238.445,0.26884589
14240.672,0.26307441
14242.9,0.25556004
14245.127,0.25937466
14247.355,0.27538975
14249.583,0.28269027
14251.811,0.28737643
14254.039,0.26766175
14256.268,0.27844818
14258.497,0.2944634
14260.725,0.29479237
14262.954,0.31255055
14265.184,0.30329352
14267.413,0.28880775
14269.642,0.31528061
14271.872,0.30166635
14274.102,0.3272678
14276.332,0.31278214
14278.562,0.29132482
14280.793,0.31082613
14283.023,0.29024032
14285.254,0.31148461
14287.485,0.31181388
14289.716,0.28861377
14291.947,0.32467295
14294.179,0.30321581
14296.41,0.32881752
14298.642,0.32566109
14300.874,0.32337614
14303.106,0.34984938
14305.339,0.33100675
14307.571,0.35922297
14309.804,0.35693813
14312.037,0.33548119
14314.27,0.34626829
14316.503,0.33875477
14318.736,0.34692754
14320.97,0.33941406
14323.204,0.33364353
14325.437,0.33658763
14327.672,0.31687379
14329.906,0.33027545
14332.14,0.31666189
14334.375,0.32309192
14336.61,0.32516468
14338.844,0.3071939
14341.08,0.31536693
14343.315,0.30872517
14345.55,0.31254095
14347.786,0.30067049
14350.022,0.28269983
14352.258,0.31265948
14354.494,0.29120304
14356.73,0.30199063
14358.967,0.32062138
14361.203,0.31223691
14363.44,0.3247675
14365.677,0.30592556
14367.914,0.32107058
14370.152,0.3257581
14372.389,0.31563084
14374.627,0.32118988
14376.865,0.30234807
14379.103,0.31575029
14381.341,0.30126583
14383.58,0.30246768
14385.818,0.30279808
14388.057,0.29789976
14390.296,0.31043065
14392.535,0.29507486
14394.774,0.30063413
14397.014,0.32362262
14399.254,0.31175275
14401.493,0.33386983
14403.733,0.32025708
14405.974,0.31971626
14408.214,0.3357332
14410.454,0.32996368
14412.695,0.33639461
14414.936,0.34543995
14417.177,0.31091233
14419.418,0.3225721
14421.66,0.3255173
14423.901,0.32933398
14426.143,0.33663653
14428.385,0.31605239
14430.627,0.31202601
14432.869,0.30538528
14435.111,0.31443085
14437.354,0.3051758
14439.597,0.28894909
14441.84,0.28666576
14444.083,0.27828224
14446.326,0.28994231
14448.57,0.29027344
14450.813,0.28886168
14453.057,0.29790745
14455.301,0.27645216
14457.545,0.30728448
14459.79,0.29715822
14462.034,0.27221717
14464.279,0.28387746
14466.524,0.26765106
14468.769,0.28192577
14471.014,0.2813857
14473.259,0.27213105
14475.505,0.26810519
14477.751,0.25362183
14479.997,0.26441084
14482.243,0.27519987
14484.489,0.27117411
14486.735,0.2601767
14488.982,0.26137975
14491.229,0.25909698
14493.476,0.24984257
14495.723,0.26324613
14497.97,0.24963447
14500.218,0.26826684
14502.465,0.27644172
14504.713,0.27415911
14506.961,0.32416411
14509.209,0.29138046
14511.458,0.30391275
14513.706,0.32254527
14515.955,0.3071909
14518.204,0.32582348
14520.453,0.30611185
14522.702,0.31341551
14524.951,0.31461897
14527.201,0.27224947
14529.451,0.30221115
14531.701,0.27814236
14533.951,0.27586009
14536.201,0.28926411
14538.451,0.27390999
14540.702,0.28644261
14542.953,0.26673124
14545.204,0.27142078
14547.455,0.29702537
14549.706,0.28079992
14551.958,0.30030434
14554.209,0.29715084
14556.461,0.29138298
14558.713,0.31524478
14560.965,0.29640508
14563.218,0.29760898
14565.47,0.29532706
14567.723,0.27910182
14569.976,0.27856287
14572.229,0.27540958
14574.482,0.28794258
14576.735,0.29350393
14578.989,0.28599341
14581.243,0.28806898
14583.497,0.3067023
14585.751,0.29222018
14588.005,0.30039604
14590.26,0.31380068
14592.514,0.32197659
14594.769,0.31533771
14597.024,0.31479908
14599.279,0.30903171
14601.534,0.31197897
14603.79,0.30621165
14606.046,0.2952156
14608.301,0.30077731
14610.557,0.28890985
14612.814,0.2709422
14615.07,0.27127523
14617.326,0.25505056
14619.583,0.25451218
14621.84,0.2696601
14624.097,0.26302155
14626.354,0.27904099
14628.612,0.26630228
14630.869,0.26227819
14633.127,0.26784018
14635.385,0.25945885
14637.643,0.25979213
14639.901,0.25489669
14642.16,0.22908624
14644.418,0.23551982
14646.677,0.23411029
14648.936,0.23967246
14651.195,0.26092094
14653.455,0.24643959
14655.714,0.26507373
14657.974,0.28632229
14660.234,0.29275605
14662.494,0.31661903
14664.754,0.30126635
14667.014,0.30247143
14669.275,0.29844778
14671.536,0.28222372
14673.796,0.29737223
14676.058,0.275048
14678.319,0.26492424
14680.58,0.26525801
14682.842,0.2594916
14685.104,0.24841722
14687.365,0.26372434
14689.628,0.25906713
14691.89,0.26082706
14694.152,0.25331785
14696.415,0.25079976
14698.678,0.26111591
14700.941,0.24718967
14703.204,0.25536684
14705.467,0.24500571
14707.731,0.22894051
14709.994,0.24068282
14712.258,0.21463549
14714.522,0.2235258
14716.786,0.21530384
14719.051,0.21635106
14721.315,0.20313807
14723.58,0.18849907
14725.845,0.20166758
14728.11,0.1791855
14730.375,0.18023285
14732.641,0.19054939
14734.906,0.18090161
14737.172,0.18979218
14739.438,0.17586637
14741.704,0.17976591
14743.97,0.17724835
14746.237,0.18186095
14748.504,0.19075164
14750.77,0.17611295
14753.037,0.18642973
14755.304,0.19318146
14757.572,0.18638599
14759.839,0.18386861
14762.107,0.17921223
14764.375,0.19309419
14766.643,0.18059472
14768.911,0.18805962
14771.179,0.19623756
14773.448,0.18159913
14775.717,0.18336001
14777.986,0.16444356
14780.255,0.15123123
14782.524,0.16725243
14784.793,0.16045727
14787.063,0.17362647
14789.333,0.15898822
14791.603,0.15647121
14793.873,0.15181518
14796.143,0.13361194
14798.414,0.12966898
14800.684,0.12572604
14802.955,0.12606121
14805.226,0.13067447
14807.497,0.11746245
14809.769,0.11922372
14812.04,0.11599392
14814.312,0.11347716
14816.584,0.12522068
14818.856,0.11343481
14821.128,0.12161332
14823.4,0.13620896
14825.673,0.13511836
14827.946,0.14472297
14830.219,0.14648447
14832.492,0.13612478
14834.765,0.15143356
14837.038,0.1339438
14839.312,0.1357054
14841.586,0.1303369
14843.86,0.11569927
14846.134,0.11959998
14848.408,0.10781445
14850.683,0.1110022
14852.957,0.11062492
14855.232,0.10454356
14857.507,0.11129645
14859.782,0.10093707
14862.058,0.11482014
14864.333,0.12513818
14866.609,0.1162049
14868.885,0.14078323
14871.161,0.1375541
14873.437,0.15357634
14875.713,0.15034726
14877.99,0.1464052
14880.267,0.14531521
14882.543,0.14279923
14884.821,0.14741339
14887.098,0.13776733
14889.375,0.12526925
14891.653,0.13701362
14893.931,0.13307173
14896.209,0.12199975
14898.487,0.11663189
14900.765,0.12837636
14903.044,0.12086952
14905.322,0.12548392
14907.601,0.13152436
14909.88,0.1126094
14912.159,0.12364098
14914.439,0.13395958
14916.718,0.11647072
14918.998,0.11823322
14921.278,0.13069093
14923.558,0.11462817
14925.838,0.097139412
14928.118,0.11601431
14930.399,0.10422971
14932.68,0.10456634
14934.961,0.11845023
14937.242,0.1123698
14939.523,0.11484554
14941.804,0.12659047
14944.086,0.1483176
14946.368,0.14508933
14948.65,0.15041722
14950.932,0.16786636
14953.214,0.1503779
14955.497,0.15499287
14957.779,0.15461677
14960.062,0.14140647
14962.345,0.14816054
14964.628,0.12710716
14966.912,0.12958321
14969.195,0.11566
14971.479,0.10672791
14973.763,0.14271562
14976.047,0.11952333
14978.331,0.13055566
14980.616,0.1294668
14982.9,0.11768278
14985.185,0.14796653
14987.47,0.12406135
14989.755,0.14650201
14992.04,0.13899617
14994.326,0.12935132
14996.611,0.15036603
14998.897,0.09437542
15001.183,0.11966826
15003.469,0.10717146
15005.756,0.10536987
15008.042,0.1313758
15010.329,0.099627742
15012.616,0.13490288
15014.903,0.11313705
15017.19,0.11418764
15019.477,0.13876767
15021.765,0.10202866
15024.052,0.13445188
15026.34,0.12623341
15028.628,0.12585811
15030.917,0.13831705
15033.205,0.12011649
15035.494,0.14540971
15037.782,0.13576535
15040.071,0.14109428
15042.36,0.14856226
15044.65,0.13606593
15046.939,0.16349832
15049.229,0.15528011
15051.519,0.16488724
15053.809,0.16807728
15056.099,0.16912831
15058.389,0.17873551
15060.68,0.15625718
15062.97,0.16515143
15065.261,0.17048064
15067.552,0.17438384
15069.843,0.16616587
15072.135,0.162939
15074.426,0.16826831
15076.718,0.15434631
15079.01,0.17393592
15081.302,0.15930096
15083.594,0.16177833
15085.887,0.17922898
15088.179,0.15247288
15090.472,0.1649325
15092.765,0.16313189
15095.058,0.15206214
15097.351,0.16024376
15099.645,0.15060009
15101.938,0.15592971
15104.232,0.15412923
15106.526,0.15660685
15108.82,0.15052835
15111.115,0.14444987
15113.409,0.15477071
15115.704,0.14940529
15117.999,0.1440399
15120.294,0.16362998
15122.589,0.15826464
15124.884,0.17785477
15127.18,0.18247166
15129.476,0.17211531
15131.771,0.18600141
15134.068,0.18776633
15136.364,0.1852532
15138.66,0.19557432
15140.957,0.19306123
15143.254,0.20195638
15145.551,0.19516527
15147.848,0.19550432
15150.145,0.18871327
15152.442,0.19333044
15154.74,0.2015127
15157.038,0.19044365
15159.336,0.20147801
15161.634,0.19825215
15163.932,0.19930439
15166.231,0.19037448
15168.53,0.18429664
15170.828,0.18820101
15173.128,0.17927117
15175.427,0.17034137
15177.726,0.17495882
15180.026,0.17529823
15182.325,0.17848971
15184.625,0.17455109
15186.925,0.18059467
15189.226,0.17380406
15191.526,0.19624698
15193.827,0.18803039
15196.127,0.19977818
15198.428,0.20867394
15200.73,0.20758755
15203.031,0.20792721
15205.332,0.19543268
15207.634,0.20718059
15209.936,0.20110322
15212.238,0.20714708
15214.54,0.2260252
15216.842,0.20283561
15219.145,0.20816654
15221.448,0.18497699
15223.75,0.18959496
15226.053,0.20348212
15228.357,0.18528374
15230.66,0.21057915
15232.964,0.20022396
15235.267,0.18986879
15237.571,0.19377391
15239.875,0.16844553
15242.18,0.18589793
15244.484,0.18766408
15246.789,0.20654256
15249.093,0.2104478
15251.398,0.19795378
15253.704,0.21968438
15256.009,0.1950692
15258.314,0.19184441
15260.62,0.21072304
15262.926,0.20179421
15265.232,0.20783867
15267.538,0.19890989
15269.844,0.20352837
15272.151,0.20386881
15274.458,0.19779216
15276.764,0.20383674
15279.072,0.17993483
15281.379,0.1824144
15283.686,0.19772823
15285.994,0.19307773
15288.301,0.21979981
15290.609,0.23725275
15292.917,0.25042764
15295.226,0.24292519
15297.534,0.23684879
15299.843,0.24574569
15302.152,0.22754813
15304.461,0.24500123
15306.77,0.26530639
15309.079,0.24425687
15311.388,0.24887581
15313.698,0.22426127
15316.008,0.19536868
15318.318,0.19784867
15320.628,0.19605061
15322.939,0.19639161
15325.249,0.18532443
15327.56,0.19422163
15329.871,0.18671957
15332.182,0.1599662
15334.493,0.16458541
15336.804,0.15708342
15339.116,0.1631287
15341.428,0.16846099
15343.74,0.15454198
15346.052,0.14632708
15348.364,0.14239029
15350.676,0.13346244
15352.989,0.13594281
15355.302,0.12487597
15357.615,0.13733857
15359.928,0.14694914
15362.241,0.1430125
15364.555,0.13265878
15366.868,0.12444412
15369.182,0.13120274
15371.496,0.13154428
15373.811,0.1347379
15376.125,0.13864455
15378.439,0.14540328
15380.754,0.15430107
15383.069,0.14751262
15385.384,0.14072419
15387.699,0.13750084
15390.015,0.14283368
15392.33,0.15244461
15394.646,0.13923917
15396.962,0.14100702
15399.278,0.13707079
15401.594,0.12885652
15403.911,0.12492034
15406.227,0.11171503
15408.544,0.099222756
15410.861,0.10099076
15413.178,0.095628661
15415.496,0.098822739
15417.813,0.087043581
15420.131,0.088098673
15422.449,0.10626609
15424.767,0.093060985
15427.085,0.10195929
15429.403,0.10515352
15431.722,0.11048682
15434.041,0.12722834
15436.36,0.11402336
15438.679,0.11935674
15440.998,0.10329976
15443.317,0.13358862
15445.637,0.12109676
15447.957,0.10575287
15450.277,0.12035554
15452.597,0.10786375
15454.917,0.11676237
15457.237,0.11211377
15459.558,0.11031725
15461.879,0.11992895
15464.2,0.11171537
15466.521,0.13487437
15468.842,0.1017054
15471.164,0.11060419
15473.486,0.12021603
15475.807,0.10629847
15478.129,0.1180494
15480.452,0.10127985
15482.774,0.10304864
15485.097,0.098400357
15487.419,0.08947402
15489.742,0.10764218
15492.065,0.090159747
15494.389,0.086937588
15496.712,0.091558591
15499.036,0.074076232
15501.359,0.081549337
15503.683,0.076901255
15506.007,0.067975124
15508.332,0.075448305
15510.656,0.072226325
15512.981,0.08326462
15515.306,0.060078342
15517.631,0.058995477
15519.956,0.079303012
15522.281,0.064672961
15524.607,0.074998372
15526.932,0.063933435
15529.258,0.075684922
15531.584,0.086723423
15533.91,0.060685301
15536.237,0.080993016
15538.563,0.072067244
15540.89,0.080253798
15543.217,0.079171216
15545.544,0.058124309
15547.871,0.07201504
15550.199,0.06380241
15552.526,0.072702105
15554.854,0.060211451
15557.182,0.043442748
15559.51,0.068741807
15561.839,0.041990981
15564.167,0.04090863
15566.496,0.043391367
15568.824,0.029474843
15571.153,0.05477403
15573.483,0.035153457
15575.812,0.039062322
15578.142,0.0365541
15580.471,0.032619879
15582.801,0.048650033
15585.131,0.040437788
15587.461,0.047198831
15589.792,0.052533875
15592.122,0.043608695
15594.453,0.058925965
15596.784,0.041444687
15599.115,0.057475021
15601.446,0.059958143
15603.778,0.066719366
15606.109,0.073480615
15608.441,0.069546703
15610.773,0.076308003
15613.105,0.072374142
15615.438,0.064162231
15617.77,0.060941434
15620.103,0.056294637
15622.435,0.065908116
15624.768,0.052705221
15627.102,0.050197539
15629.435,0.049115908
15631.769,0.043756227
15634.102,0.045526697
15636.436,0.030897906
15638.77,0.03623349
15641.104,0.038004037
15643.439,0.041913647
15645.773,0.039406171
15648.108,0.035472695
15650.443,0.037956358
15652.778,0.041866071
15655.113,0.030089535
15657.449,0.031147249
15659.784,0.032918002
15662.12,0.038253843
15664.456,0.032894523
15666.792,0.03965644
15669.129,0.037149221
15671.465,0.056745414
15673.802,0.043543059
15676.139,0.063139304
15678.476,0.062058212
15680.813,0.059551121
15683.15,0.079860456
15685.488,0.060241117
15687.825,0.062725191
15690.163,0.065922303
15692.501,0.059137266
15694.84,0.075881666
15697.178,0.052697393
15699.517,0.063737746
15701.855,0.043405574
15704.194,0.040185728
15706.533,0.054078207
15708.873,0.032320088
15711.212,0.046212619
15713.552,0.046557938
15715.892,0.052607383
15718.231,0.058656853
15720.572,0.051872124
15722.912,0.054356584
15725.252,0.054702032
15727.593,0.063603655
15729.934,0.062523129
15732.275,0.062868654
15734.616,0.067492279
15736.958,0.06070773
15739.299,0.06034032
15741.641,0.059259923
15743.983,0.056040514
15746.325,0.054960168
15748.667,0.070992147
15751.009,0.068485828
15753.352,0.070970621
15755.695,0.059195191
15758.038,0.050984849
15760.381,0.042774533
15762.724,0.047398466
15765.067,0.046318326
15767.411,0.041673149
15769.755,0.054140298
15772.099,0.040939023
15774.443,0.030589823
15776.787,0.032361861
15779.132,0.028429825
15781.477,0.042323127
15783.821,0.03767813
15786.166,0.044441359
15788.512,0.044074488
15790.857,0.05440283
15793.203,0.056888061
15795.548,0.041548005
15797.894,0.055441487
15800.24,0.041527508
15802.586,0.041873804
15804.933,0.042933138
15807.279,0.029019236
15809.626,0.032930672
15811.973,0.026859959
15814.32,0.031484458
15816.668,0.017570659
15819.015,0.004369898
15821.363,0.015411587
15823.71,-0.001354185
15826.058,0.0082615304
15828.407,0.014312209
15830.755,0.0011115767
15833.103,0.022848581
15835.452,0.017491138
15837.801,0.0099946821
15840.15,0.016758502
15842.499,0.019244272
15844.849,0.031712243
15847.198,0.015659741
15849.548,0.027414751
15851.898,0.030613637
15854.248,0.018839286
15856.598,0.029881361
15858.949,0.021672124
15861.299,0.029149188
15863.65,0.039478327
15866.001,0.024139043
15868.352,0.030190159
15870.703,0.030537201
15873.055,0.024467156
15875.406,0.039787511
15877.758,0.035143542
15880.11,0.041194787
15882.462,0.042254969
15884.815,0.036898065
15887.167,0.040097337
15889.52,0.025471322
15891.873,0.04150487
15894.226,0.036148069
15896.579,0.023661169
15898.932,0.045398893
15901.286,0.022216857
15903.64,0.034685471
15905.994,0.034319886
15908.348,0.032528302
15910.702,0.03857988
15913.056,0.030371235
15915.411,0.048544077
15917.766,0.041048496
15920.121,0.044248127
15922.476,0.058142972
15924.831,0.03710023
15927.187,0.050282114
15929.542,0.034943523
15931.898,0.024596046
15934.254,0.030647882
15936.61,0.021726481
15938.967,0.024213306
15941.323,0.024561119
15943.68,0.01706582
15946.037,0.010996573
15948.394,-0.00077674944
15950.751,0.010266354
15953.108,0.0013451328
15955.466,0.013814312
15957.824,0.026283517
15960.181,0.015936349
15962.54,0.021988493
15964.898,0.025901625
15967.256,0.021971646
15969.615,0.019467718
15971.974,0.028372015
15974.333,0.024442113
15976.692,0.034059474
15979.051,0.03797276
15981.411,0.026199798
15983.77,0.020843974
15986.13,0.024044326
15988.49,0.019401565
15990.85,0.011193768
15993.211,0.022237334
15995.571,0.039698038
15997.932,0.030777306
16000.293,0.045386011
16002.654,0.027909181
16005.015,0.028257688
16007.376,0.02860622
16009.738,0.036797916
16012.1,0.038572526
16014.462,0.041773185
16016.824,0.042121821
16019.186,0.03605337
16021.548,0.010020596
16023.911,0.02249052
16026.274,0.011431059
16028.637,0.011779824
16031,0.027101876
16033.363,0.018181529
16035.727,0.031364595
16038.09,0.0281484
16040.454,0.02208018
16042.818,0.027420186
16045.182,0.0035267059
16047.547,0.034535212
16049.911,0.0092157587
16052.276,0.011703817
16054.641,0.029165164
16057.006,-0.013266512
16059.371,0.027011285
16061.737,-0.0011600897
16064.102,-0.0058020272
16066.468,0.018789573
16068.834,0.001313462
16071.2,0.025192101
16073.566,0.026254366
16075.933,0.035159794
16078.299,0.044065248
16080.666,0.017320104
16083.033,0.051181046
16085.4,0.022296915
16087.767,0.026924397
16090.135,0.042247092
16092.503,0.022632201
16094.87,0.049363147
16097.238,0.038304457
16099.607,0.012272531
16101.975,0.036151504
16104.344,0.035075066
16106.712,0.051110953
16109.081,0.045043479
16111.45,0.037550006
16113.819,0.040038733
16116.189,0.037536398
16118.558,0.044303252
16120.928,0.023975657
16123.298,0.039298711
16125.668,0.050343717
16128.039,0.023599087
16130.409,0.026087994
16132.78,0.021446802
16135.15,0.022509736
16137.521,0.031415832
16139.893,0.025348693
16142.264,0.012151454
16144.635,0.011788465
16147.007,0.031389852
16149.379,0.026035827
16151.751,0.031377016
16154.123,0.03101413
16156.495,0.023521146
16158.868,0.027436386
16161.241,0.011387303
16163.614,0.023145733
16165.987,0.019217913
16168.36,0.033115431
16170.733,0.034891763
16173.107,0.015277746
16175.481,0.014915092
16177.855,0.010274388
16180.229,0.019180948
16182.603,0.026661508
16184.978,0.014177744
16187.352,0.036631618
16189.727,0.020582843
16192.102,0.028776519
16194.477,0.029840095
16196.852,0.020921523
16199.228,0.031967325
16201.604,0.033030979
16203.979,0.034094658
16206.355,0.0372974
16208.732,0.031231006
16211.108,0.046555012
16213.485,0.039775657
16215.861,0.031570302
16218.238,0.043329323
16220.615,0.03227197
16222.993,0.03761393
16225.37,0.051512065
16227.748,0.036889727
16230.125,0.035101639
16232.503,0.039017676
16234.881,0.035090602
16237.26,0.042571754
16239.638,0.035079669
16242.017,0.043986897
16244.396,0.037920888
16246.775,0.03328093
16249.154,0.044327273
16251.533,0.033270254
16253.913,0.033621461
16256.292,0.043954868
16258.672,0.036462989
16261.052,0.040379335
16263.432,0.029322445
16265.813,0.02682173
16268.193,0.031451166
16270.574,0.02538544
16272.955,0.039284089
16275.336,0.023949253
16277.717,0.024300717
16280.099,0.030356306
16282.48,0.010743472
16284.862,0.013947062
16287.244,0.0036034417
16289.626,0.019641309
16292.009,0.011436777
16294.391,0.010362395
16296.774,0.010714065
16299.156,-0.0017684646
16301.539,0.0050003685
16303.923,-0.0074821095
16306.306,-0.0035652749
16308.689,0.0024906229
16311.073,-0.017121903
16313.457,-0.001083779
16315.841,-0.031589231
16318.225,-0.016461874
16320.61,-0.0063255921
16322.994,-0.017579674
16325.379,0.0068168799
16327.764,-0.010854291
16330.149,-0.0042830273
16332.534,0.00014921071
16334.92,-0.0089657771
16337.305,0.0090137204
16339.691,0.0056028549
16342.077,0.012887188
16344.463,0.0087633324
16346.849,0.0010744258
16349.236,-0.0030494071
16351.623,-0.026424566
16354.009,-0.00060185209
16356.396,-0.00044757639
16358.784,0.0068368353
16361.171,0.019112346
16363.558,0.018553643
16365.946,0.012290851
16368.334,0.0088801207
16370.722,0.019016639
16373.11,0.012753881
16375.499,0.025029459
16377.887,0.033026973
16380.276,0.029616299
16382.665,0.023353586
16385.054,0.016377872
16387.443,0.0094021694
16389.833,0.013121665
16392.222,0.028249372
16394.612,0.03196889
16397.002,0.043531557
16399.392,0.044399047
16401.783,0.065943911
16404.173,0.061820337
16406.564,0.043436525
16408.955,0.057851298
16411.346,0.046597633
16413.737,0.054595316
16416.128,0.049758786
16418.52,0.029235992
16420.911,0.037233709
16423.303,0.013858889
16425.695,0.011874453
16428.088,-0.0065092577
16430.48,-0.0042155956
16432.872,0.00093012769
16435.265,-0.0024802875
16437.658,0.0062305207
16440.051,-0.0028839718
16442.445,-0.00059025335
16444.838,0.0052685387
16447.232,0.0089883046
16449.625,0.0048649445
16452.019,0.004306658
16454.414,0.0080264577
16456.808,0.0060421688
16459.202,0.012614041
16461.597,0.009916762
16463.992,-0.00062364283
16466.387,0.0052352506
16468.782,0.0096681303
16471.177,0.015527046
16473.573,0.0014216239
16475.969,0.011558637
16478.365,0.011000475
16480.761,0.014007386
16483.157,0.01487527
16485.553,-0.0013691329
16487.95,0.014472037
16490.347,0.01106188
16492.744,0.01192981
16495.141,0.016362814
16497.538,-0.0041596082
16499.935,0.01524668
16502.333,-0.00099764471
16504.731,0.0020093789
16507.129,0.0050164138
16509.527,0.003745385
16511.925,0.026716792
16514.324,-0.00093567614
16516.722,0.016331653
16519.121,0.017199707
16521.52,-0.0004705524
16523.919,0.029631035
16526.319,0.0069697112
16528.718,0.01639396
16531.118,0.020827132
16533.518,-0.0004081335
16535.918,0.0033120489
16538.318,-0.0086540319
16540.719,-0.0049338269
16543.119,-0.0019266232
16545.52,-0.0089015829
16547.921,-0.0066073691
16550.322,-0.016434356
16552.723,-0.017705182
16555.125,-0.0032897226
16557.526,-0.0059865512
16559.928,0.0070029061
16562.33,0.0064451375
16564.732,0.0080264176
16567.135,0.017450846
16569.537,0.0083369616
16571.94,0.012057313
16574.343,0.022194788
16576.746,0.0073768372
16579.149,0.023218434
16581.552,0.018382681
16583.956,0.019251039
16586.36,0.025110495
16588.764,0.013144651
16591.168,0.021143167
16593.572,0.01915952
16595.976,0.014323834
16598.381,0.019634875
16600.786,0.019790299
16603.191,0.019342416
16605.596,0.023117772
16608.001,0.020859957
16610.407,0.014982244
16612.812,0.0072945868
16615.218,-0.0015996954
16617.624,0.0070022629
16620.03,-0.0018919968
16622.436,-0.0035464262
16624.843,0.00083233817
16627.25,-0.0098718425
16629.657,-0.0066996921
16632.064,-0.00714744
16634.471,-0.013628359
16636.878,-0.015886039
16639.286,-0.0096972526
16641.693,-0.01195491
16644.101,0.0020770363
16646.509,0.0058525837
16648.918,0.0078181876
16651.326,0.016420304
16653.735,-0.0015235723
16656.143,-0.0013678893
16658.552,-0.0018155133
16660.962,-0.00045317137
16663.371,0.0075456826
16665.78,0.0064947741
16668.19,0.016303605
16670.6,0.01163281
16673.01,0.0051520709
16675.42,-0.0073618394
16677.83,-0.0041894639
16680.241,-0.0058436231
16682.652,-0.012324317
16685.062,0.012567549
16687.473,0.01212006
16689.885,0.010465946
16692.296,0.017861617
16694.708,0.0077610698
16697.119,0.011536854
16699.531,0.015312649
16701.943,0.013055273
16704.356,0.021657636
16706.768,0.02724342
16709.181,0.020159531
16711.593,0.019108837
16714.006,0.019868108
16716.419,0.011577617
16718.833,0.015353502
16721.246,0.02214599
16723.66,0.012045578
16726.074,0.018838088
16728.488,0.0099443351
16730.902,0.0064804575
16733.316,0.0018099548
16735.731,-0.0047123021
16738.145,-0.0033914134
16740.56,-0.015343518
16742.975,-0.012212658
16745.391,-0.015718291
16747.806,-0.011984096
16750.222,-0.0094565298
16752.637,-0.018392002
16755.053,-0.026120829
16757.469,-0.03324633
16759.886,-0.026495503
16762.302,-0.032414351
16764.719,-0.025060189
16767.135,-0.018309338
16769.552,-0.021814888
16771.97,-0.001791018
16774.387,-0.0071065065
16776.804,-0.0075954407
16779.222,-0.0098943215
16781.64,-0.009779921
16784.058,-0.0048389662
16786.476,0.0043252245
16788.894,0.0038363315
16791.313,-0.00087578103
16793.732,0.019148163
16796.151,0.019262613
16798.57,0.025410254
16800.989,0.030351266
16803.408,0.011762875
16805.828,0.019117177
16808.248,0.022851578
16810.667,0.026585986
16813.088,0.022477266
16815.508,0.019575191
16817.928,0.023912943
16820.349,0.018597611
16822.77,0.031381835
16825.191,0.014603473
16827.612,0.0074782107
16830.033,0.0051795031
16832.455,0.0016741672
16834.876,0.012648477
16837.298,0.013969704
16839.72,0.024944031
16842.142,0.013595591
16844.565,0.030603116
16846.987,0.030114421
16849.41,0.029022416
16851.833,0.036376874
16854.256,0.025631794
16856.679,0.037812815
16859.102,0.033704251
16861.526,0.033818924
16863.95,0.025487149
16866.374,0.020775292
16868.798,0.017873398
16871.222,-0.00011144423
16873.647,0.016292862
16876.071,0.0013246279
16878.496,0.010489132
16880.921,0.0057773242
16883.346,0.0070987074
16885.771,0.006610144
16888.197,-0.0083580491
16890.623,0.0050297238
16893.048,-0.0099384528
16895.475,-0.00017057298
16897.901,0.013217225
16900.327,0.012728711
16902.754,0.024909888
16905.18,0.015974935
16907.607,0.015486446
16910.034,0.0041382368
16912.462,0.0066663553
16914.889,0.016434301
16917.317,0.010515981
16919.744,0.013044124
16922.172,0.010745729
16924.6,0.012067253
16927.029,0.021231922
16929.457,0.017123597
16931.886,0.0051721435
16934.315,0.002270472
16936.744,-0.00063119131
16939.173,-0.0053428011
16941.602,0.0044252354
16944.032,0.0081600976
16946.461,0.01129165
16948.891,0.025886257
16951.321,0.018158097
16953.751,0.032752721
16956.182,0.052777217
16958.612,0.039015899
16961.043,0.043957456
16963.474,0.053725566
16965.905,0.049014047
16968.336,0.055765583
16970.768,0.069756946
16973.199,0.066855407
16975.631,0.071797012
16978.063,0.064672262
16980.495,0.053927609
16982.927,0.062489149
16985.36,0.043901376
16987.792,0.041603205
16990.225,0.039908359
16992.658,0.038213522
16995.091,0.050998331
16997.525,0.047493555
16999.958,0.051831925
17002.392,0.03686412
17004.826,0.03999587
17007.26,0.035284491
17009.694,0.032986393
17012.128,0.043357987
17014.563,0.042266542
17016.998,0.038761832
17019.433,0.043100268
17021.868,0.056488486
17024.303,0.059016984
17026.738,0.044652579
17029.174,0.054420912
17031.61,0.053329525
17034.046,0.061891238
17036.482,0.063816459
17038.918,0.071171552
17041.355,0.06223706
17043.791,0.059939078
17046.228,0.061864332
17048.665,0.079475868
17051.102,0.068128136
17053.539,0.064623551
17055.977,0.065342201
17058.415,0.064854222
17060.853,0.066779526
17063.291,0.064481609
17065.729,0.06580361
17068.167,0.059885801
17070.606,0.060001182
17073.045,0.070372982
17075.483,0.081951426
17077.922,0.083273469
17080.362,0.063479381
17082.801,0.075661168
17085.241,0.080603145
17087.681,0.078305311
17090.121,0.094710351
17092.561,0.08999926
17095.001,0.090114724
17097.441,0.096263379
17099.882,0.097585495
17102.323,0.10433748
17104.764,0.10264303
17107.205,0.096122031
17109.646,0.10347736
17112.088,0.11988248
17114.53,0.1230146
17116.972,0.12614673
17119.414,0.12203905
17121.856,0.12698115
17124.298,0.13433653
17126.741,0.14712178
17129.184,0.14784068
17131.626,0.14795627
17134.07,0.14445195
17136.513,0.15663392
17138.956,0.17002253
17141.4,0.17013815
17143.844,0.18051019
17146.288,0.17760924
17148.732,0.18798129
17151.176,0.20136995
17153.621,0.19303915
17156.065,0.20039464
17158.51,0.18965059
17160.955,0.20243596
17163.4,0.22246116
17165.846,0.22921336
17168.291,0.23656889
17170.737,0.23728793
17173.183,0.2518833
17175.629,0.25622226
17178.075,0.26900769
17180.521,0.27274335
17182.968,0.29457857
17185.415,0.30072752
17187.862,0.32618266
17190.309,0.35586104
17192.756,0.35115029
17195.203,0.36212582
17197.651,0.37370467
17200.099,0.38347358
17202.547,0.40470555
17204.995,0.42412757
17207.443,0.43148323
17209.892,0.4454754
17212.34,0.44981449
17214.789,0.45355026
17217.238,0.48443537
17219.687,0.47489816
17222.137,0.48587378
17224.586,0.48900627
17227.036,0.496362
17229.486,0.52121397
17231.936,0.5249498
17234.386,0.54618187
17236.837,0.53845468
17239.287,0.55848013
17241.738,0.57850559
17244.189,0.58948129
17246.64,0.61192004
17249.091,0.59876302
17251.543,0.61456528
17253.994,0.6152846
17256.446,0.64315325
17258.898,0.66197213
17261.35,0.65062511
17263.803,0.67004732
17266.255,0.67137
17268.708,0.68355242
17271.161,0.70056138
17273.614,0.69766086
17276.067,0.69174375
17278.52,0.69125651
17280.974,0.70766219
17283.427,0.71924134
17285.881,0.73685368
17288.335,0.7339532
17290.79,0.7268295
17293.244,0.72091245
17295.699,0.71921864
17298.153,0.71450824
17300.608,0.7278974
17303.063,0.7159472
17305.519,0.72873305
17307.974,0.74936205
17310.43,0.7482716
17312.886,0.74537121
17315.342,0.74186751
17317.798,0.7281074
17320.254,0.73486012
17322.711,0.74342281
17325.167,0.758622
17327.624,0.77080462
17330.081,0.76368105
17332.538,0.74509445
17334.996,0.7446074
17337.453,0.7254175
17339.911,0.7261371
17342.369,0.71901358
17344.827,0.7130967
17347.285,0.71019642
17349.744,0.70608952
17352.202,0.69896603
17354.661,0.69003259
17357.12,0.67989253
17359.579,0.66673588
17362.038,0.65599251
17364.498,0.65128234
17366.957,0.64234894
17369.417,0.63462219
17371.877,0.61603572
17374.337,0.60167248
17376.798,0.60299553
17379.258,0.60431859
17381.719,0.60443502
17384.18,0.59972491
17386.641,0.59561812
17389.102,0.59935449
17391.563,0.59223113
17394.025,0.58752105
17396.487,0.59487735
17398.949,0.57930756
17401.411,0.58183733
17403.873,0.58557374
17406.335,0.58508693
17408.798,0.58520345
17411.261,0.57687352
17413.724,0.56552701
17416.187,0.55176723
17418.65,0.55429706
17421.114,0.54234725
17423.577,0.54005055
17426.041,0.53654721
17428.505,0.52399411
17430.969,0.53135053
17433.434,0.52000408
17435.898,0.52072401
17438.363,0.52506385
17440.828,0.5094942
17443.293,0.50056106
17445.758,0.49283457
17448.223,0.50320763
17450.689,0.49186124
17453.155,0.47810159
17455.62,0.48545808
17458.087,0.48979799
17460.553,0.49112132
17463.019,0.48580816
17465.486,0.4738585
17467.953,0.4800084
17470.42,0.45780235
17472.887,0.46214231
17475.354,0.4604491
17477.822,0.45392935
17480.289,0.45102951
17482.757,0.4451131
17485.225,0.44824646
17487.693,0.42905706
17490.162,0.4177108
17492.63,0.41179442
17495.099,0.39984486
17497.568,0.41806122
17500.037,0.40852496
17502.506,0.42010484
17504.975,0.42565154
17507.445,0.4227518
17509.915,0.42829852
17512.384,0.41876229
17514.855,0.41043271
17517.325,0.41296286
17519.795,0.41549302
17522.266,0.4150066
17524.737,0.41934674
17527.208,0.42248024
17529.679,0.41475403
17532.15,0.40401123
17534.622,0.40654144
17537.093,0.40002189
17539.565,0.39832889
17542.037,0.40447904
17544.509,0.40157942
17546.982,0.4149694
17549.454,0.40724325
17551.927,0.41037684
17554.4,0.41049384
17556.873,0.39432126
17559.346,0.41253783
17561.819,0.40360509
17564.293,0.39708562
17566.767,0.39840931
17569.241,0.39007991
17571.715,0.39200692
17574.189,0.38428086
17576.663,0.3898278
17579.138,0.38149843
17581.613,0.38221885
17584.088,0.38897245
17586.563,0.38003979
17589.038,0.40006641
17591.514,0.39475368
17593.989,0.39849072
17596.465,0.41912069
17598.941,0.40656816
17601.417,0.419355
17603.894,0.42731531
17606.37,0.42260594
17608.847,0.41729326
17611.324,0.40836068
17613.801,0.41692434
17616.278,0.4019586
17618.756,0.421382
17621.233,0.41968927
17623.711,0.40593019
17626.189,0.41027066
17628.667,0.39168505
17631.145,0.38757908
17633.624,0.39372953
17636.102,0.37333399
17638.581,0.37345127
17641.06,0.37718847
17643.539,0.38092569
17646.019,0.38466291
17648.498,0.380557
17650.978,0.38127764
17653.458,0.36751865
17655.938,0.37246254
17658.418,0.38404294
17660.898,0.37933375
17663.379,0.39875731
17665.859,0.37775854
17668.34,0.37908256
17670.821,0.39367959
17673.303,0.39017709
17675.784,0.39210445
17678.266,0.39161855
17680.747,0.40199238
17683.229,0.39848991
17685.711,0.41308699
17688.194,0.41139448
17690.676,0.39461903
17693.159,0.39956304
17695.642,0.38942411
17698.125,0.39376482
17700.608,0.39991549
17703.091,0.3970164
17705.575,0.39110072
17708.058,0.3833751
17710.542,0.37142626
17713.026,0.36732057
17715.51,0.36502483
17717.995,0.35367934
17720.479,0.35681348
17722.964,0.35270782
17725.449,0.35222208
17727.934,0.3535463
17730.419,0.35909375
17732.905,0.36222794
17735.39,0.3508825
17737.876,0.34436361
17740.362,0.35715092
17742.848,0.35364864
17745.334,0.35316296
17747.821,0.35388393
17750.307,0.35400158
17752.794,0.35894579
17755.281,0.35846015
17757.768,0.36461101
17760.256,0.36291875
17762.743,0.36243313
17765.231,0.35651765
17767.719,0.3644785
17770.207,0.37424931
17772.695,0.36531727
17775.183,0.37870801
17777.672,0.36977598
17780.161,0.36325724
17782.65,0.36277168
17785.139,0.34720318
17787.628,0.36119728
17790.117,0.35950511
17792.607,0.356003
17795.097,0.34888098
17797.587,0.35080875
17800.077,0.34549671
17802.567,0.35044108
17805.058,0.35176556
17807.548,0.34223031
17810.039,0.34415812
17812.53,0.34849921
17815.021,0.35404694
17817.513,0.35838805
17820.004,0.35488603
17822.496,0.35138401
17824.988,0.34546873
17827.48,0.35523974
17829.972,0.34208465
17832.464,0.35426895
17834.957,0.35257693
17837.45,0.35269487
17839.942,0.36668915
17842.436,0.36620379
17844.929,0.37235494
17847.422,0.36704305
17849.916,0.36354113
17852.41,0.36245249
17854.904,0.36377712
17857.398,0.36691173
17859.892,0.3555667
17862.386,0.36171791
17864.881,0.36062931
17867.376,0.34325112
17869.871,0.34879904
17872.366,0.33564409
17874.861,0.33214225
17877.357,0.33226033
17879.853,0.32936182
17882.349,0.33611642
17884.845,0.33502788
17887.341,0.32669953
17889.837,0.32862761
17892.334,0.31969596
17894.831,0.32886387
17897.327,0.31751896
17899.825,0.33091011
17902.322,0.32499509
17904.819,0.31425353
17907.317,0.31799161
17909.815,0.3018202
17912.313,0.31038485
17914.811,0.31231301
17917.309,0.30398476
17919.808,0.32280584
17922.306,0.31146102
17924.805,0.3230423
17927.304,0.31350745
17929.803,0.30457592
17932.303,0.30590082
17934.802,0.29696931
17937.302,0.31217054
17939.802,0.3147021
17942.302,0.31301043
17944.802,0.31011214
17947.302,0.29152758
17949.803,0.29466249
17952.304,0.27668126
17954.805,0.27921287
17957.306,0.28838098
17959.807,0.28668938
17962.308,0.29404755
17964.81,0.28270287
17967.312,0.28825111
17969.814,0.27811308
17972.316,0.2728016
17974.818,0.28136646
17977.321,0.26398863
17979.823,0.28461987
17982.326,0.27206861
17984.829,0.26494722
17987.332,0.27230548
17989.836,0.25432438
17992.339,0.26952579
17994.843,0.26481771
17997.347,0.27700254
17999.851,0.27591439
18002.355,0.28568597
18004.86,0.28580446
18007.364,0.27264997
18009.869,0.28061162
18012.374,0.272887
18014.879,0.2850719
18017.384,0.2972568
18019.89,0.28168907
18022.395,0.28603085
18024.901,0.26865319
18027.407,0.2735983
18029.913,0.27251025
18032.42,0.26961224
18034.926,0.26973084
18037.433,0.26321294
18039.94,0.27177801
18042.447,0.27611986
18044.954,0.26839535
18047.461,0.27515048
18049.969,0.26802931
18052.476,0.28624751
18054.984,0.28455622
18057.492,0.28588152
18060.001,0.29324002
18062.509,0.27284589
18065.018,0.27236126
18067.526,0.26222356
18070.035,0.25510245
18072.544,0.25220458
18075.054,0.24146357
18077.563,0.24942545
18080.073,0.24230437
18082.583,0.24181981
18085.093,0.23469875
18087.603,0.22999097
18090.113,0.23553961
18092.623,0.22298871
18095.134,0.2327606
18097.645,0.23408604
18100.156,0.23480817
18102.667,0.25181989
18105.179,0.24892213
18107.69,0.24602437
18110.202,0.24976312
18112.714,0.24867534
18115.226,0.24034774
18117.738,0.24891307
18120.251,0.24842862
18122.763,0.24311764
18125.276,0.25349295
18127.789,0.24335544
18130.302,0.2452843
18132.815,0.24238663
18135.329,0.2473321
18137.842,0.24684771
18140.356,0.25601643
18142.87,0.25734201
18145.384,0.24358465
18147.899,0.25818326
18150.413,0.24020268
18152.928,0.25057808
18155.443,0.24949043
18157.958,0.23512979
18160.473,0.25455499
18162.988,0.24562423
18165.504,0.24755321
18168.02,0.23801915
18170.535,0.23874151
18173.052,0.24248046
18175.568,0.23113647
18178.084,0.23608209
18180.601,0.2343912
18183.118,0.23994015
18185.635,0.2322161
18188.152,0.22630202
18190.669,0.21978462
18193.186,0.21628383
18195.704,0.21579963
18198.222,0.21109222
18200.74,0.2027649
18203.258,0.20952055
18205.776,0.20239989
18208.295,0.20975887
18210.814,0.21349795
18213.332,0.20094745
18215.851,0.20709982
18218.371,0.20420243
18220.89,0.22061123
18223.41,0.23098685
18225.929,0.21481648
18228.449,0.23182862
18230.969,0.22108813
18233.49,0.2218107
18236.01,0.22192995
18238.531,0.21360276
18241.051,0.22096185
18243.572,0.21866786
18246.094,0.23025019
18248.615,0.21588985
18251.136,0.21057929
18253.658,0.20225215
18256.18,0.19452833
18258.702,0.21817707
18261.224,0.20683336
18263.746,0.21117594
18266.269,0.2281882
18268.792,0.19814165
18271.314,0.2175672
18273.837,0.19777708
18276.361,0.19729315
18278.884,0.21068555
18281.408,0.2059784
18283.931,0.21333763
18286.455,0.20923382
18288.979,0.20693998
18291.504,0.19438973
18294.028,0.19028595
18296.553,0.20307509
18299.077,0.18690495
18301.602,0.20753724
18304.128,0.19679699
18306.653,0.19510652
18309.178,0.20487911
18311.704,0.17362606
18314.23,0.18400198
18316.756,0.18291487
18319.282,0.17820785
18321.808,0.1922037
18324.335,0.18025688
18326.862,0.1924428
18329.388,0.18532254
18331.915,0.1884587
18334.443,0.19521477
18336.97,0.18990449
18339.498,0.20993359
18342.025,0.19678019
18344.553,0.21741262
18347.081,0.22537537
18349.61,0.21765186
18352.138,0.22742459
18354.667,0.21065132
18357.196,0.22947384
18359.725,0.22235367
18362.254,0.21704348
18364.783,0.22379965
18367.312,0.21426625
18369.842,0.22343571
18372.372,0.20967909
18374.902,0.21281539
18377.432,0.20448865
18379.963,0.18771546
18382.493,0.19507502
18385.024,0.18795494
18387.555,0.18807469
18390.086,0.18155795
18392.617,0.17081798
18395.148,0.17757426
18397.68,0.16743763
18400.212,0.17721051
18402.744,0.18215686
18405.276,0.16598707
18407.808,0.17672529
18410.34,0.17318498
18412.873,0.18376233
18415.406,0.19172531
18417.939,0.18818502
18420.472,0.19562514
18423.005,0.20149664
18425.539,0.20109364
18428.072,0.21010241
18430.606,0.20499354
18433.14,0.21086507
18435.675,0.20627909
18438.209,0.19332711
18440.743,0.20913331
18443.278,0.20768461
18445.813,0.20832743
18448.348,0.20635587
18450.883,0.19654119
18453.419,0.20764154
18455.954,0.21037589
18458.49,0.20840437
18461.026,0.21270737
18463.562,0.22171625
18466.098,0.22079051
18468.635,0.21725039
18471.171,0.22573642
18473.708,0.22376495
18476.245,0.22806799
18478.782,0.2355083
18481.32,0.22778522
18483.857,0.23679417
18486.395,0.24162012
18488.933,0.23651144
18491.471,0.23558578
18494.009,0.23675163
18496.547,0.24366912
18499.086,0.24065197
18501.625,0.23031458
18504.164,0.23409484
18506.703,0.24362674
18509.242,0.23067499
18511.781,0.22661213
18514.321,0.22725517
18516.861,0.22005508
18519.401,0.22331251
18521.941,0.21245231
18524.481,0.21623263
18527.021,0.22053584
18529.562,0.21647305
18532.103,0.22391353
18534.644,0.20730173
18537.185,0.22258536
18539.726,0.22636574
18542.268,0.22021148
18544.81,0.23549514
18547.351,0.22463501
18549.893,0.23573568
18552.436,0.23115009
18554.978,0.2265645
18557.521,0.23452794
18560.063,0.23464825
18562.606,0.23372281
18565.149,0.23541177
18567.693,0.23448635
18570.236,0.22414918
18572.78,0.23106691
18575.323,0.22752714
18577.867,0.21875862
18580.411,0.22985939
18582.956,0.2142935
18585.5,0.22539428
18588.045,0.22028592
18590.59,0.21936058
18593.135,0.22261825
18595.68,0.21855567
18598.225,0.22076761
18600.771,0.2240253
18603.316,0.21839412
18605.862,0.21537732
18608.408,0.21497491
18610.954,0.21614114
18613.501,0.20946424
18616.047,0.21272198
18618.594,0.21179673
18621.141,0.21244012
18623.688,0.21674364
18626.235,0.22313867
18628.783,0.22430496
18631.33,0.21710524
18633.878,0.21722578
18636.426,0.21577771
18638.974,0.20962377
18641.523,0.22177049
18644.071,0.21352506
18646.62,0.22253453
18649.168,0.214812
18651.717,0.20029208
18654.267,0.20041269
18656.816,0.19269018
18659.366,0.19856245
18661.915,0.19450008
18664.465,0.18939197
18667.015,0.18951262
18669.565,0.19224767
18672.116,0.19027684
18674.666,0.18412301
18677.217,0.1884267
18679.768,0.1754755
18682.319,0.17350471
18684.87,0.16996529
18687.422,0.16956314
18689.973,0.18484726
18692.525,0.18130787
18695.077,0.17933712
18697.629,0.17318336
18700.182,0.16441524
18702.734,0.16139875
18705.287,0.16361103
18707.839,0.16320895
18710.393,0.17117288
18712.946,0.17024793
18715.499,0.15886548
18718.053,0.16578368
18720.606,0.16799602
18723.16,0.16445672
18725.714,0.16771482
18728.268,0.16260692
18730.823,0.17004804
18733.377,0.16284865
18735.932,0.1572179
18738.487,0.16047604
18741.042,0.15379955
18743.597,0.15810346
18746.153,0.15927012
18748.708,0.13795313
18751.264,0.14748582
18753.82,0.14969826
18756.376,0.14040744
18758.933,0.1447114
18761.489,0.14274086
18764.046,0.14495333
18766.603,0.14873444
18769.16,0.13473778
18771.717,0.14322479
18774.274,0.14596017
18776.832,0.14451255
18779.389,0.1503852
18781.947,0.13743433
18784.505,0.1412155
18787.064,0.15440844
18789.622,0.1414576
18792.181,0.14733029
18794.739,0.13385659
18797.298,0.13606917
18799.857,0.13828175
18802.417,0.12794533
18804.976,0.12492918
18807.536,0.12871042
18810.096,0.12621716
18812.655,0.12476965
18815.216,0.12175353
18817.776,0.12030605
18820.336,0.12147295
18822.897,0.11845685
18825.458,0.11700939
18828.019,0.12026782
18830.58,0.12195763
18833.142,0.12992196
18835.703,0.12376865
18838.265,0.10820359
18840.827,0.12087382
18843.389,0.11576629
18845.951,0.1164104
18848.513,0.11757739
18851.076,0.10880975
18853.639,0.11677415
18856.202,0.11741829
18858.765,0.11858531
18861.328,0.11034058
18863.892,0.10366449
18866.455,0.10378579
18869.019,0.097632585
18871.583,0.10873429
18874.147,0.11094712
18876.711,0.12414035
18879.276,0.10752966
18881.841,0.11287977
18884.405,0.11195537
18886.97,0.10527935
18889.536,0.12370138
18892.101,0.11022799
18894.667,0.10616637
18897.232,0.10471914
18899.798,0.10693205
18902.364,0.10809922
18904.93,0.10508338
18907.497,0.10729632
18910.063,0.1000975
18912.63,0.093944432
18915.197,0.090405757
18917.764,0.10098474
18920.332,0.092740196
18922.899,0.095998931
18925.467,0.10187205
18928.035,0.086830152
18930.602,0.098454925
18933.171,0.093870555
18935.739,0.10183521
18938.307,0.1071855
18940.876,0.10416978
18943.445,0.10795146
18946.014,0.10284426
18948.583,0.11133183
18951.153,0.11406778
18953.722,0.11000636
18956.292,0.10699069
18958.862,0.10711228
18961.432,0.10409663
18964.002,0.10055811
18966.573,0.10643137
18969.143,0.096095481
18971.714,0.10458313
18974.285,0.099476018
18976.856,0.091754534
18979.427,0.097627829
18981.999,0.097749499
18984.57,0.10414569
18987.142,0.09590136
18989.714,0.099683185
18992.286,0.10241927
18994.859,0.10776974
18997.431,0.11730322
19000.004,0.11115044
19002.577,0.11179505
19005.15,0.1030279
19007.723,0.10994704
19010.296,0.10850017
19012.87,0.10862194
19015.444,0.11501823
19018.018,0.10415962
19020.592,0.10637292
19023.166,0.1091091
19025.74,0.10243352
19028.315,0.1056926
19030.89,0.10110854
19033.465,0.10227613
19036.04,0.095077709
19038.615,0.093108057
19041.191,0.099504426
19043.766,0.092306032
19046.342,0.10236255
19048.918,0.09411842
19051.494,0.08692005
19054.071,0.1011596
19056.647,0.094484121
19059.224,0.099834796
19061.801,0.094727963
19064.378,0.092235518
19066.955,0.09601759
19069.532,0.099276795
19072.11,0.090509865
19074.688,0.091154707
19077.266,0.098596943
19079.844,0.090352913
19082.422,0.10406968
19085,0.089551152
19087.579,0.09333329
19090.158,0.096069685
19092.737,0.082074062
19095.316,0.090039232
19097.895,0.081795259
19100.475,0.080348681
19103.054,0.090405379
19105.634,0.079547052
19108.214,0.081760629
19110.794,0.087634344
19113.375,0.090370814
19115.955,0.086832781
19118.536,0.086432012
19121.117,0.080279617
19123.698,0.084584747
19126.279,0.076863741
19128.86,0.082737514
19131.442,0.074493649
19134.024,0.070432798
19136.606,0.07212359
19139.188,0.065971253
19141.77,0.067139185
19144.352,0.068830001
19146.935,0.062154813
19149.518,0.064368522
19152.101,0.062922108
19154.684,0.064090082
19157.267,0.065780939
19159.851,0.065380302
19162.434,0.063411045
19165.018,0.079219575
19167.602,0.065747067
19170.186,0.073712475
19172.771,0.080109265
19175.355,0.079185801
19177.94,0.088719862
19180.525,0.08465916
19183.11,0.084781472
19185.695,0.090132551
19188.281,0.079797364
19190.866,0.076782447
19193.452,0.076381916
19196.038,0.079641525
19198.624,0.087084149
19201.21,0.077271878
19203.797,0.072165499
19206.383,0.076993768
19208.97,0.059338385
19211.557,0.075147063
19214.144,0.074746599
19216.732,0.070163136
19219.319,0.08074308
19221.907,0.068316497
19224.495,0.066347438
19227.083,0.070130022
19229.671,0.060840718
19232.259,0.071943579
19234.848,0.060562789
19237.436,0.06120815
19240.025,0.075448291
19242.614,0.063021774
19245.204,0.073078925
19247.793,0.083136084
19250.383,0.071232467
19252.972,0.069786375
19255.562,0.06468016
19258.152,0.067939966
19260.743,0.069631154
19263.333,0.080211238
19265.924,0.078765187
19268.514,0.079933523
19271.105,0.082147619
19273.697,0.0848846
19276.288,0.093896098
19278.879,0.080423944
19281.471,0.091004086
19284.063,0.080146328
19286.655,0.068765702
19289.247,0.068888353
19291.84,0.055939116
19294.432,0.064950672
19297.025,0.054615831
19299.618,0.050555508
19302.211,0.046495193
19304.804,0.035114625
19307.397,0.03942034
19309.991,0.026994037
19312.585,0.028685389
19315.179,0.018873481
19317.773,0.025270732
19320.367,0.032190868
19322.962,0.036496632
19325.556,0.044462535
19328.151,0.044062433
19330.746,0.045230967
19333.341,0.039079248
19335.936,0.037110544
19338.532,0.048736619
19341.128,0.046245055
19343.724,0.056825395
19346.32,0.050673717
19348.916,0.056025315
19351.512,0.058239667
19354.109,0.04999651
19356.705,0.055348133
19359.302,0.048150745
19361.899,0.051410881
19364.497,0.057285405
19367.094,0.056362551
19369.692,0.067465849
19372.289,0.068634515
19374.887,0.061437176
19377.485,0.061037231
19380.084,0.062728797
19382.682,0.064943248
19385.281,0.076569471
19387.88,0.070940801
19390.479,0.073678152
19393.078,0.080598518
19395.677,0.074969872
19398.277,0.073001366
19400.876,0.070509992
19403.476,0.066972874
19406.076,0.070756026
19408.677,0.066696049
19411.277,0.0751851
19413.877,0.07739965
19416.478,0.085365841
19419.079,0.082351649
19421.68,0.079337465
19424.281,0.078414792
19426.883,0.078015004
19429.484,0.070817838
19432.086,0.060483426
19434.688,0.064789544
19437.29,0.064912664
19439.893,0.055624028
19442.495,0.064113178
19445.098,0.054301683
19447.701,0.063836601
19450.304,0.046181984
19452.907,0.044736527
19455.51,0.049042711
19458.114,0.034002499
19460.717,0.04824334
19463.321,0.041046282
19465.925,0.035940734
19468.529,0.042338463
19471.134,0.040370188
19473.738,0.047290809
19476.343,0.035387909
19478.948,0.050151684
19481.553,0.042954683
19484.158,0.043600828
19486.764,0.041632601
19489.369,0.04750752
19491.975,0.04815369
19494.581,0.040433854
19497.187,0.047877425
19499.794,0.036497475
19502.4,0.039235181
19505.007,0.044064398
19507.614,0.044187741
19510.221,0.043788216
19512.828,0.042865824
19515.435,0.053969583
19518.043,0.042589691
19520.65,0.044804578
19523.258,0.046496598
19525.866,0.043482744
19528.474,0.037331643
19531.083,0.04372957
19533.691,0.035486982
19536.3,0.034041788
19538.909,0.040439739
19541.518,0.032720052
19544.127,0.035980765
19546.737,0.034012728
19549.346,0.039364961
19551.956,0.041057072
19554.566,0.04274919
19557.176,0.054898833
19559.787,0.056590969
19562.397,0.054622981
19565.008,0.049517747
19567.619,0.057484417
19570.23,0.054470703
19572.841,0.058777258
19575.452,0.070926959
19578.064,0.06163876
19580.675,0.058625078
19583.287,0.064500294
19585.899,0.057826499
19588.512,0.062133103
19591.124,0.054936449
19593.737,0.047739802
19596.349,0.053092183
19598.962,0.045372677
19601.575,0.048633572
19604.189,0.047188592
19606.802,0.044697869
19609.416,0.044821533
19612.029,0.042330827
19614.643,0.045591762
19617.258,0.041532445
19619.872,0.050022155
19622.486,0.045439978
19625.101,0.041380685
19627.716,0.046733165
19630.331,0.042151013
19632.946,0.049072137
19635.561,0.035601113
19638.177,0.033633364
19640.793,0.03846301
19643.409,0.039632533
19646.025,0.048645202
19648.641,0.047723238
19651.257,0.055167295
19653.874,0.04274208
19656.491,0.041820141
19659.108,0.043512589
19661.725,0.032656026
19664.342,0.044283132
19666.959,0.03656384
19669.577,0.041916452
19672.195,0.040994563
19674.813,0.035889675
19677.431,0.046993945
19680.049,0.037183192
19682.668,0.046195976
19685.286,0.028542101
19687.905,0.030757516
19690.524,0.024606926
19693.144,0.029436736
19695.763,0.043155444
19698.382,0.038573506
19701.002,0.04601772
19703.622,0.033592661
19706.242,0.033193755
19708.862,0.038023615
19711.483,0.032395966
19714.103,0.040885973
19716.724,0.033166838
19719.345,0.036428103
19721.966,0.028708985
19724.587,0.037721901
19727.209,0.042551818
19729.831,0.036924228
19732.452,0.034956776
19735.074,0.036126587
19737.697,0.034159152
19740.319,0.038466235
19742.941,0.03859032
19745.564,0.038191537
19748.187,0.03308688
19750.81,0.030073734
19753.433,0.036995237
19756.057,0.033982108
19758.68,0.037766373
19761.304,0.034230385
19763.928,0.035400287
19766.552,0.027681308
19769.176,0.033034233
19771.8,0.028452526
19774.425,0.01602769
19777.05,0.028700902
19779.675,0.023596343
19782.3,0.025812055
19784.925,0.027504899
19787.551,0.022923241
19790.176,0.034550742
19792.802,0.015851454
19795.428,0.019635834
19798.054,0.022374471
19800.681,0.027204619
19803.307,0.026806017
19805.934,0.021178666
19808.561,0.021302956
19811.188,0.029793268
19813.815,0.030440451
19816.442,0.029519015
19819.07,0.021277326
19821.698,0.022970285
19824.325,0.027277631
19826.954,0.025310477
19829.582,0.024389081
19832.21,0.02399057
19834.839,0.020977689
19837.468,0.019010567
19840.097,0.0076316882
19842.726,0.0051417069
19845.355,0.0078804921
19847.984,0.021599678
19850.614,0.0091750805
19853.244,0.0056393805
19855.874,0.010992578
19858.504,0.0048425151
19861.134,0.016993114
19863.765,0.0061371859
19866.396,0.0093989128
19869.026,0.010569145
19871.658,0.0086021298
19874.289,0.01709264
19876.92,0.0057138765
19879.552,0.016818782
19882.183,0.02478644
19884.815,0.023342343
19887.447,0.011963613
19890.08,0.018362669
19892.712,0.025284609
19895.345,0.019657537
19897.978,0.026579494
19900.61,0.016246556
19903.244,0.024737157
19905.877,0.015449988
19908.51,0.012437337
19911.144,0.013084825
19913.778,0.0053663076
19916.412,0.011765446
19919.046,0.0061384488
19921.68,-0.0047172983
19924.315,0.003773368
19926.95,-0.0013307286
19929.584,-0.0043433138
19932.22,-0.0099702698
19934.855,-0.014551466
19937.49,-0.0086751374
19940.126,-0.0090733105
19942.761,-0.014700233
19945.397,-0.0056866254
19948.033,-0.020202421
19950.67,-0.009097293
19953.306,-0.0084496732
19955.943,-0.0072791694
19958.58,0.0022573557
19961.217,0.0055193793
19963.854,-0.00010747777
19966.491,0.0036774381
19969.128,0.0085081138
19971.766,0.01804468
19974.404,0.012940732
19977.042,0.015679929
19979.68,0.015804755
19982.319,0.01592959
19984.957,0.016054433
19987.596,0.016179284
19990.235,0.016304143
19992.874,0.016429011
19995.513,0.016553887
