M/Z,Intensity
-7.8602611e-005,-0.56690196
2.1773576e-007,-0.41788235
9.6021472e-005,-0.32376471
0.00036601382,-0.48062745
0.00081019477,-0.46494118
0.0014285643,0.60956863
0.0022211225,-2.339451
0.0031878693,-2.6688627
0.0043288047,-3.1237647
0.0056439287,-3.4610196
0.0071332413,-3.6335686
0.0087967426,-3.2884706
0.010634432,-3.5159216
0.012646311,-3.6306529
0.014832378,-3.2353278
0.017192634,-0.84759348
0.019727078,4.5364718
0.022435711,9.5364757
0.025318532,6.0269282
0.028375542,3.9764566
0.031606741,7.8713356
0.035012128,2.229212
0.038591704,-3.467561
0.042345469,-2.6385914
0.046273422,3.6180816
0.050375564,1.5377522
0.054651894,0.98708699
0.059102413,0.14647814
0.063727121,-0.7017214
0.068526017,-1.2045705
0.073499102,-0.72677492
0.078646375,5.9316652
0.083967837,9.9001617
0.089463488,3.2963617
0.095133327,-2.7738526
0.10097736,-3.4242066
0.10699557,-3.321367
0.11318798,-3.3516082
0.11955457,-2.3384598
0.12609535,-0.46231383
0.13281032,0.080751261
0.13969948,-1.0308332
0.14676283,0.19508976
0.15400037,1.7898926
0.16141209,2.937889
0.16899801,1.7724124
0.17675811,1.7679726
0.1846924,1.7167263
0.19280088,1.6657326
0.20108355,0.2189128
0.20954041,-2.2629486
0.21817145,-1.3327929
0.22697669,0.80545837
0.23595611,1.9400405
0.24510972,1.3807575
0.25443752,0.81388379
0.26393951,1.9962821
0.27361569,-0.10734161
0.28346605,-1.5754188
0.29349061,-1.6236357
0.30368935,-1.8284629
0.31406228,-2.456567
0.3246094,-2.6765756
0.33533071,-0.9826062
0.34622621,-0.057011837
0.3572959,0.79824673
0.36853977,1.5988558
0.37995783,1.2232467
0.39155009,1.2871057
0.40331653,1.1472957
0.41525716,1.7685223
0.42737197,1.8958838
0.43966098,1.8509487
0.45212418,1.9631288
0.46476156,1.3932084
0.47757313,0.73726595
0.49055889,0.058046518
0.50371884,-0.58954792
0.51705298,-1.0015958
0.53056131,-0.98201868
0.54424382,-0.35042442
0.55810053,-0.063675742
0.57213142,0.12920773
0.5863365,0.20469659
0.60071577,0.31965358
0.61526923,0.77996105
0.62999688,0.66012881
0.64489871,0.768
0.65997473,0.81363472
0.67522495,0.38866475
0.69064935,0.15191362
0.70624794,-0.60250102
0.72202072,-0.66673604
0.73796769,-0.7702032
0.75408884,-0.73251034
0.77038419,-0.82032413
0.78685372,-0.16305634
0.80349744,-0.27443245
0.82031535,-0.37013874
0.83730745,0.647864
0.85447374,0.22271304
0.87181421,0.048526013
0.88932888,0.6664794
0.90701773,0.71971044
0.92488077,0.027826994
0.942918,0.49671141
0.96112942,0.58126564
0.97951503,0.69717597
0.99807483,0.70326592
1.0168088,0.99169236
1.035717,0.88010234
1.0547993,0.98810371
1.0740559,0.82157883
1.0934866,1.0393512
1.1130916,1.0453424
1.1328707,1.3179839
1.152824,0.94747161
1.1729515,0.5377272
1.1932532,0.96718203
1.213729,0.76132628
1.2343791,0.8770227
1.2552033,1.0083889
1.2762018,1.1083662
1.2973744,1.325974
1.3187212,0.81415366
1.3402422,1.0081992
1.3619374,1.1473263
1.3838068,0.80016244
1.4058504,1.300041
1.4280681,1.1253932
1.4504601,1.2566114
1.4730262,1.3093817
1.4957665,0.7974297
1.518681,0.72467693
1.5417697,0.45582927
1.5650326,0.38304359
1.5884697,0.23181008
1.612081,-0.013557532
1.6358664,0.14890154
1.6598261,-0.025910741
1.6839599,0.10514288
1.7082679,0.18912121
1.7327501,0.11622035
1.7574065,0.52173441
1.7822371,0.29978103
1.8072419,0.4778112
1.8324209,0.546021
1.857774,0.41029277
1.8833013,0.40788142
1.9090029,0.30349283
1.9348786,0.2853623
1.9609285,0.34564668
1.9871526,0.13140481
2.0135509,0.33283276
2.0401234,0.24404817
2.06687,0.39054125
2.0937909,0.36446886
2.1208859,0.47955648
2.1481551,0.32796098
2.1755985,0.23125099
2.2032161,0.26785787
2.2310079,0.32013458
2.2589739,0.33317915
2.2871141,0.38542295
2.3154285,0.51608167
2.343917,0.40358667
2.3725797,0.44793797
2.4014167,0.60991988
2.4304278,0.3248265
2.4596131,0.45540295
2.4889726,0.40557079
2.5185062,0.2145457
2.5482141,0.32938651
2.5780962,0.24813243
2.6081524,0.30019524
2.6383828,0.16400629
2.6687875,0.16897737
2.6993663,0.14255943
2.7301193,0.037693676
2.7610465,-0.0044434373
2.7921478,0.11026574
2.8234234,0.013193757
2.8548732,-0.060365268
2.8864971,0.27390239
2.9182952,0.16109477
2.9502676,-0.022317539
2.9824141,0.44523409
3.0147348,0.21473005
3.0472296,0.19597426
3.0798987,0.63210398
3.112742,0.41723685
3.1457594,0.52392189
3.1789511,0.42666892
3.2123169,0.80783086
3.2458569,0.21642732
3.2795711,0.58187008
3.3134595,1.0649434
3.3475221,0.442118
3.3817589,0.71339375
3.4161698,0.87484912
3.450755,0.76962137
3.4855143,0.62516148
3.5204478,0.70813612
3.5555556,0.90089823
3.5908375,0.47403603
3.6262936,0.7451966
3.6619238,0.60065445
3.6977283,0.50315466
3.733707,0.82132469
3.7698598,0.55124297
3.8061868,0.65761539
3.8426881,0.59142233
3.8793635,0.65070301
3.9162131,0.79624175
3.9532369,0.50254835
3.9904348,0.5460934
4.027807,0.60530827
4.0653534,0.40568316
4.1030739,0.59819845
4.1409686,0.35932474
4.1790376,0.39494438
4.2172807,0.34427306
4.255698,0.17593822
4.2942895,0.24288105
4.3330551,0.14510154
4.371995,0.21985459
4.411109,0.067140214
4.4503973,0.14186036
4.4898597,-0.0265732
4.5294963,0.071643452
4.5693071,-0.0027053708
4.6092921,-0.06922751
4.6494513,0.060312328
4.6897847,-0.11604664
4.7302923,-0.14340246
4.770974,-0.021755118
4.8118299,-0.033457567
4.8528601,-0.092235294
4.8940644,-0.015196551
4.9354429,0.046150031
4.9769956,-0.11996026
5.0187225,0.066864748
5.0606235,-0.091414176
5.1026988,-0.030091143
5.1449482,0.0939711
5.1873719,-0.025109798
5.2299697,0.051881847
5.2727417,0.11318133
5.3156879,0.072514142
5.3588083,-0.030904031
5.4021029,0.10096603
5.4455717,-0.010307059
5.4892146,0.12939436
5.5330318,0.018109501
5.5770231,0.00093640168
5.6211886,0.21905153
5.6655283,0.068533325
5.7100422,0.26310727
5.7547303,0.18316552
5.7995926,0.087531614
5.8446291,0.1565977
5.8898397,0.26487359
5.9352245,0.11432005
5.9807836,0.30101554
6.0265168,0.15045023
6.0724242,0.10968296
6.1185058,0.32773333
6.1647616,0.17715037
6.2111916,0.26185563
6.2577957,0.22106481
6.3045741,0.15673869
6.3515266,0.21789688
6.3986533,0.41238251
6.4459543,0.04215638
6.4934294,0.30721848
6.5410787,0.42325508
6.5889021,-0.080322052
6.6368998,0.23962434
6.6850717,0.37132956
6.7334177,0.17361712
6.781938,0.27393801
6.8306324,0.20954713
6.879501,0.31769938
6.9285438,0.088590849
6.9777608,0.36143721
7.027152,0.29702278
7.0767174,0.060053447
7.1264569,0.33288215
7.1763707,0.16648927
7.2264586,0.25891404
7.2767207,0.084666254
7.327157,0.38100082
7.3777675,0.3008589
7.4285522,0.071691495
7.4795111,0.36016526
7.5306442,0.12314294
7.5819514,0.011604926
7.6334329,0.34711985
7.6850885,0.039491634
7.7369183,0.13970067
7.7889223,0.17715871
7.8411005,0.089120678
7.8934529,0.21284146
7.9459795,0.077732827
7.9986802,0.099481051
8.0515552,0.12122339
8.1046043,0.0017833668
8.1578277,-0.015701757
8.2112252,0.021709192
8.2647969,0.082643666
8.3185428,-0.07603559
8.3724629,0.071161619
8.4265572,-0.11890196
8.4808256,0.029874005
8.5352683,0.021786443
8.5898851,-0.17453719
8.6446761,0.084040346
8.6996413,-0.1436574
8.7547808,-0.010571624
8.8100943,-0.03434937
8.8655821,-0.097343584
8.9212441,0.012210439
8.9770803,-0.22333436
9.0330906,-0.011821117
9.0892751,-0.074818459
9.1456339,-0.24762051
9.2021668,0.02663549
9.2588739,-0.12263871
9.3157552,0.018282389
9.3728107,-0.060405139
9.4300403,-0.013603252
9.4874442,-0.013860971
9.5450222,-0.11608026
9.6027745,0.064052618
9.6607009,-0.01463882
9.7188015,-0.06195849
9.7770763,0.13385831
9.8355253,-0.062482531
9.8941485,0.031371923
9.9529458,0.05463736
10.011917,-0.071117593
10.071063,0.069793338
10.130383,0.014625056
10.189877,0.20259325
10.249545,0.076835165
10.309388,0.0059782627
10.369405,0.26453234
10.429596,0.0054385819
10.489961,0.23261855
10.5505,0.028425185
10.611213,0.24776045
10.672101,0.067094934
10.733163,0.11387962
10.794399,0.24693803
10.855809,0.003525065
10.917393,0.12089564
10.979152,0.26179484
11.041085,0.041908942
11.103192,0.26908109
11.165473,0.24527206
11.227928,0.1273446
11.290558,0.15059284
11.353361,0.30717362
11.416339,0.071596758
11.479491,0.11837206
11.542818,0.40044069
11.606318,0.00015559846
11.669993,0.17241875
11.733841,0.070171308
11.797864,0.24243289
11.862062,-0.071580817
11.926433,0.23401254
11.990979,0.21019334
12.055698,-0.017548203
12.120592,0.044905548
12.185661,0.35833891
12.250903,-0.14391478
12.316319,0.13814446
12.38191,0.24765391
12.447675,-0.050680561
12.513614,-0.043133462
12.579727,0.10558933
12.646015,0.120978
12.712477,-0.036183133
12.779112,-0.028639162
12.845923,0.1200805
12.912907,-0.0057104295
12.980065,-0.084443315
13.047398,0.056430861
13.114905,-0.014460451
13.182586,-0.0069211727
13.250441,0.03983301
13.31847,-0.078119472
13.386674,-0.11764136
13.455051,-0.00030129117
13.523603,-0.063354158
13.592329,-0.047976435
13.66123,-0.040442631
13.730304,0.02983549
13.799553,-0.15086756
13.868976,0.037056051
13.938573,-0.080903469
14.008344,-0.23807946
14.07829,0.12239083
14.148409,-0.24655143
14.218703,0.035485924
14.289171,-0.027575545
14.359813,-0.090637797
14.43063,0.13649525
14.50162,-0.20892151
14.572785,0.10448448
14.644124,-0.084071093
14.715637,0.0018823529
14.787324,0.15819912
14.859186,-0.12472018
14.931221,0.10998719
15.003431,-0.00042386384
15.075815,-0.0010513785
15.148374,0.029673272
15.221106,-0.21413227
15.294013,0.020473184
15.367094,-0.042980965
15.440349,-0.0044947148
15.513778,-0.099362182
15.587381,0.072416634
15.661159,-0.038177876
15.735111,0.10218762
15.809237,-0.21236922
15.883537,0.014230015
15.958011,0.044730439
16.03266,-0.2149856
16.107482,0.12919955
16.182479,-0.17761608
16.25765,0.14299888
16.332996,-0.069739871
16.408515,0.054755895
16.484209,-0.048219703
16.560077,-0.112
16.636119,0.066852255
16.712335,-0.13084147
16.788725,-0.038414509
16.86529,-0.15782765
16.942029,-0.22241421
17.018942,-0.26354676
17.096029,-0.14789196
17.17329,-0.22054784
17.250726,-0.19131833
17.328335,-0.15432108
17.406119,-0.21936
17.484077,0.16258451
17.56221,0.018963436
17.640516,0.10271795
17.718997,0.16286765
17.797652,0.86607922
17.876481,0.29862716
17.955484,0.34286442
18.034662,0.30075177
18.114013,0.3369951
18.193539,0.7417905
18.273239,1.5700399
18.353113,0.99429236
18.433162,1.7910184
18.513384,2.3602181
18.593781,2.0038523
18.674352,1.874862
18.755097,2.1065806
18.836016,1.6715572
18.91711,1.1815564
18.998377,1.2561861
19.079819,1.0013286
19.161435,0.33070952
19.243226,0.17766207
19.32519,0.18140197
19.407329,-0.41885509
19.489642,-0.10154048
19.572129,-0.19998754
19.65479,-0.40831391
19.737625,-0.37357842
19.820635,-0.73891833
19.903819,-0.67296107
19.987177,-0.83453019
20.070709,-0.81578254
20.154415,-0.66377695
20.238296,-0.033415385
20.32235,1.349812
20.406579,0.04276785
20.490982,-0.15062617
20.57556,17.16963
20.660311,62.160399
20.745237,20.382465
20.830337,0.22798501
20.915611,3.3126454
21.001059,4.2638971
21.086681,2.7444851
21.172478,1.6798997
21.258449,3.1642585
21.344594,3.1034439
21.430913,2.8464755
21.517406,2.9423728
21.604074,2.5127046
21.690915,3.5810002
21.777931,3.0649067
21.865121,2.7761887
21.952486,2.236415
22.040024,1.7436247
22.127737,1.423308
22.215624,0.88330814
22.303685,0.48440932
22.39192,-0.08711392
22.480329,-0.20381059
22.568913,-0.14803363
22.657671,-0.79821441
22.746603,-0.71121569
22.835709,-1.0810944
22.924989,-1.6324562
23.014444,-2.2398111
23.104073,-2.8247275
23.193876,-3.4970095
23.283853,-4.7507747
23.374004,-4.7271995
23.46433,-5.481186
23.554829,-6.212734
23.645503,-6.9140006
23.736351,-7.8673385
23.827373,-7.880591
23.91857,-8.781209
24.009941,-9.3770358
24.101485,-9.6523849
24.193204,-10.462158
24.285098,-11.053415
24.377165,-11.935959
24.469407,-12.482339
24.561822,-12.810202
24.654412,-13.554842
24.747176,-14.308417
24.840115,-14.7572
24.933227,-15.379623
25.026514,-15.971765
25.119975,-15.94935
25.21361,-15.989873
25.307419,-15.254118
25.401403,-14.346005
25.49556,-9.547889
25.589892,10.332388
25.684398,30.996787
25.779078,-5.5546923
25.873933,9.6269694
25.968961,74.141772
26.064164,74.687756
26.159541,74.551194
26.255092,73.645813
26.350818,74.253965
26.446717,73.458003
26.542791,73.006948
26.639039,73.951779
26.735461,74.010143
26.832057,73.715373
26.928828,73.710608
27.025772,73.540945
27.122891,73.449521
27.220184,73.342219
27.317652,73.219038
27.415293,73.15841
27.513109,72.979944
27.611098,72.879716
27.709262,72.630277
27.807601,72.098292
27.906113,70.695527
28.0048,66.66512
28.10366,62.10903
28.202695,61.042943
28.301904,57.427646
28.401288,53.670979
28.500845,51.616081
28.600577,51.129619
28.700483,50.164533
28.800563,48.422784
28.900817,47.135746
29.001246,46.209299
29.101848,43.847366
29.202625,43.234261
29.303576,42.23665
29.404701,40.744729
29.506001,39.456538
29.607474,38.921095
29.709122,38.542324
29.810944,36.100615
29.91294,33.541067
30.01511,34.408777
30.117455,33.974335
30.219974,34.543623
30.322666,35.104875
30.425534,30.748288
30.528575,27.685626
30.63179,26.803165
30.73518,24.438158
30.838744,23.280803
30.942482,22.633059
31.046394,23.122378
31.15048,26.058564
31.254741,29.167107
31.359176,29.216634
31.463785,30.230675
31.568568,32.162171
31.673525,34.077788
31.778657,36.032429
31.883963,38.269231
31.989442,39.501919
32.095097,40.765788
32.200925,44.123582
32.306927,49.073341
32.413104,52.673888
32.519455,53.364439
32.62598,52.595975
32.732679,48.541044
32.839553,45.670234
32.9466,43.31688
33.053822,39.35549
33.161218,35.817437
33.268788,31.792918
33.376532,29.109384
33.484451,28.370755
33.592544,33.177032
33.700811,37.081156
33.809252,35.722343
33.917867,41.877064
34.026657,50.50218
34.13562,53.738869
34.244758,52.975366
34.35407,54.25873
34.463556,50.271313
34.573217,44.934685
34.683052,41.574335
34.79306,38.417715
34.903243,34.202079
35.013601,31.3588
35.124132,27.707485
35.234838,24.455979
35.345717,22.945457
35.456771,18.870037
35.567999,17.445405
35.679402,16.397052
35.790978,16.046546
35.902729,14.566435
36.014654,12.176329
36.126753,11.58211
36.239026,11.905345
36.351474,10.157799
36.464095,8.4257485
36.576891,7.5484073
36.689861,6.9767564
36.803005,7.0088349
36.916324,5.5113096
37.029816,4.178298
37.143483,3.3705845
37.257324,2.7273848
37.371339,2.4761499
37.485529,2.1855071
37.599892,1.0946723
37.71443,0.78795903
37.829142,0.85752427
37.944028,0.38572094
38.059088,-0.5254902
38.174323,-0.89738872
38.289731,-0.90047505
38.405314,-1.7739649
38.521071,-1.564917
38.637002,-1.332155
38.753108,-1.5148945
38.869387,-1.6660767
38.985841,-1.8327604
39.102469,-1.748279
39.219271,-1.4518482
39.336248,-1.5317031
39.453398,-1.3917655
39.570723,-1.6908589
39.688222,-1.2681988
39.805895,-0.75123639
39.923742,-0.44585391
40.041764,-0.25793375
40.15996,0.17330841
40.278329,-0.030558792
40.396873,-0.43816282
40.515592,-0.73577818
40.634484,-0.69595389
40.753551,-0.78143505
40.872792,-0.90594716
40.992207,-0.45772549
41.111796,-1.1859493
41.231559,-1.0205564
41.351497,-1.3733115
41.471608,-1.8599008
41.591894,-1.8058146
41.712355,-2.246347
41.832989,-2.7187528
41.953797,-2.6191106
42.07478,-2.8729104
42.195937,-3.801721
42.317268,-4.1192678
42.438773,-2.8843743
42.560453,3.8872731
42.682306,30.885871
42.804334,51.993771
42.926536,11.297249
43.048912,25.76101
43.171463,61.141918
43.294187,61.157619
43.417086,60.72576
43.540159,60.599282
43.663406,60.417402
43.786828,60.266393
43.910423,59.887432
44.034193,56.111892
44.158137,56.602517
44.282255,55.194603
44.406547,53.582266
44.531014,54.808644
44.655654,55.061971
44.780469,55.722641
44.905458,55.58281
45.030621,54.579733
45.155959,53.976156
45.28147,53.35639
45.407156,53.622399
45.533016,53.699671
45.65905,51.062717
45.785259,47.327223
45.911641,47.802992
46.038198,46.537085
46.164929,44.125578
46.291834,43.007688
46.418913,43.308904
46.546167,43.750797
46.673595,42.145129
46.801196,42.946804
46.928972,42.822488
47.056923,42.917278
47.185047,43.599803
47.313346,44.085749
47.441819,43.779037
47.570466,43.150255
47.699287,42.638619
47.828282,40.416679
47.957452,38.994238
48.086795,38.33208
48.216313,38.108637
48.346006,36.959202
48.475872,36.899463
48.605912,40.447066
48.736127,43.217698
48.866516,42.144691
48.997079,40.78883
49.127816,41.78541
49.258728,42.005018
49.389813,41.612361
49.521073,41.211359
49.652507,41.115739
49.784115,41.07452
49.915898,40.617114
50.047854,40.363129
50.179985,39.849818
50.31229,39.500713
50.444769,39.049147
50.577423,38.448059
50.71025,38.01902
50.843252,37.730656
50.976428,37.582968
51.109778,37.215171
51.243302,36.070403
51.377001,35.46631
51.510873,35.089167
51.64492,33.409563
51.779141,32.082399
51.913536,30.237086
52.048106,27.83441
52.182849,24.129273
52.317767,19.411869
52.452859,14.395926
52.588125,11.277521
52.723566,6.8017522
52.85918,2.6627374
52.994969,0.46831969
53.130932,-1.4207166
53.267069,-2.5494694
53.40338,-3.8120566
53.539866,-3.1065172
53.676525,-4.6603022
53.813359,-5.5871373
53.950367,-5.6649685
54.08755,-5.2018719
54.224906,-6.0409845
54.362437,-5.3352477
54.500141,-3.9395632
54.63802,-2.0186372
54.776074,-2.3881557
54.914301,-2.3265502
55.052703,-1.4259775
55.191278,-2.9099671
55.330028,-2.9745974
55.468952,-2.5532017
55.608051,-4.8614662
55.747323,-6.4248813
55.88677,-6.8983488
56.026391,-7.9603001
56.166186,-7.8852451
56.306155,-7.206517
56.446298,-7.1554884
56.586616,-6.3125515
56.727108,-4.0973141
56.867774,-1.7097762
57.008614,0.85790531
57.149629,3.8174952
57.290817,7.8748757
57.43218,10.771223
57.573717,14.106538
57.715428,17.825918
57.857313,20.399952
57.999373,20.30707
58.141607,19.500215
58.284014,18.810757
58.426597,19.070071
58.569353,18.01149
58.712283,17.368346
58.855388,18.199463
58.998667,18.293077
59.14212,17.962913
59.285747,17.624657
59.429548,18.243016
59.573524,18.210145
59.717674,18.278987
59.861998,18.967189
60.006496,19.357102
60.151168,18.444806
60.296015,17.979321
60.441036,17.003783
60.58623,16.020153
60.7316,15.193138
60.877143,11.699207
61.02286,10.463851
61.168752,10.138051
61.314818,9.8120022
61.461058,10.387666
61.607472,9.1670022
61.754061,10.738247
61.900823,12.285714
62.04776,15.095678
62.194871,15.607353
62.342156,14.965839
62.489616,15.233881
62.637249,17.376184
62.785057,16.702551
62.933039,13.879651
63.081195,11.29964
63.229525,12.17036
63.37803,10.052597
63.526708,10.209095
63.675561,14.302599
63.824588,13.525266
63.97379,9.4221951
64.123165,10.699267
64.272715,13.22315
64.422439,13.472274
64.572337,13.909386
64.722409,14.244287
64.872655,14.767176
65.023076,13.611385
65.17367,12.055345
65.324439,12.23239
65.475383,11.671931
65.6265,11.487695
65.777791,12.573798
65.929257,13.016516
66.080897,13.019769
66.232711,10.693362
66.384699,10.47651
66.536862,8.9025474
66.689198,7.3832379
66.841709,7.8166211
66.994394,8.5242656
67.147254,7.0042106
67.300287,5.2564561
67.453495,2.9202177
67.606876,2.1052995
67.760432,1.9567994
67.914162,5.2276586
68.068067,5.6512105
68.222145,-0.074505793
68.376398,-3.2357647
68.530825,-2.3763715
68.685426,-3.8464026
68.840201,-5.7164464
68.995151,-5.5865028
69.150274,-5.464415
69.305572,-6.1266535
69.461044,-6.7889047
69.616691,-6.3217567
69.772511,-4.0271704
69.928506,-0.57965551
70.084674,2.5698075
70.241017,1.0447481
70.397535,1.0098722
70.554226,3.2651797
70.711092,4.1322393
70.868131,5.8855608
71.025345,5.7643598
71.182733,6.090205
71.340296,6.494469
71.498032,5.2908772
71.655943,5.0598218
71.814028,5.7150283
71.972287,6.8408104
72.13072,7.2450112
72.289327,7.6648857
72.448109,9.0729829
72.607065,9.1947929
72.766195,9.2067863
72.925499,9.3442574
73.084977,9.3640687
73.24463,9.3838674
73.404457,9.3487516
73.564458,9.2038192
73.724633,8.768678
73.884982,8.5139164
74.045506,8.6512991
74.206203,8.7180809
74.367075,8.4319088
74.528121,8.0829791
74.689342,7.0124681
74.850736,6.5380229
75.012305,5.663565
75.174048,4.4361534
75.335965,4.6989252
75.498056,6.3342334
75.660321,2.0871761
75.822761,-4.9206782
75.985375,-6.2893295
76.148163,-7.9874051
76.311125,-5.1992189
76.474261,4.5222881
76.637572,5.7026059
76.801056,-1.8072849
76.964715,-6.3446394
77.128548,-5.2663202
77.292556,-4.9958568
77.456737,2.3255744
77.621093,9.1685616
77.785623,4.2782028
77.950327,-3.4278548
78.115205,-6.3574545
78.280257,-7.2086355
78.445484,-2.7108095
78.610885,7.0183764
78.77646,8.2612752
78.942209,-0.69976019
79.108132,-6.1000239
79.27423,-3.7983395
79.440502,-1.0652951
79.606947,7.8089131
79.773568,9.7576185
79.940362,4.3494485
80.10733,-0.60383217
80.274473,-0.52183134
80.44179,-2.6359216
80.609281,2.1509352
80.776946,8.2239957
80.944786,8.3362012
81.112799,1.1855908
81.280987,-4.2003846
81.449349,-2.8256463
81.617885,-5.3647043
81.786596,-4.1940292
81.95548,-3.3920523
82.124539,-8.0097539
82.293772,-8.4628205
82.463179,-6.8924284
82.63276,-5.9181856
82.802516,-3.4146017
82.972446,-2.707167
83.142549,-3.3488227
83.312828,-3.2454511
83.48328,-1.408817
83.653906,-0.3330379
83.824707,0.044631181
83.995682,0.67320989
84.166831,-0.35318412
84.338154,0.039958936
84.509651,1.2722469
84.681323,1.9397582
84.853169,2.7797478
85.025189,3.2431961
85.197383,3.8555931
85.369751,4.0051743
85.542294,4.225273
85.71501,4.9551049
85.887901,4.1554542
86.060966,4.3282817
86.234206,4.6814307
86.407619,3.9207834
86.581207,3.5286927
86.754969,3.4894725
86.928905,3.9835149
87.103015,5.5127806
87.277299,5.7086422
87.451758,3.3789428
87.626391,3.3393688
87.801198,3.7389397
87.976179,3.6286358
88.151334,5.0163005
88.326664,6.4666394
88.502168,4.5835743
88.677845,3.7671051
88.853698,4.0799769
89.029724,4.6751308
89.205924,4.5643316
89.382299,4.5318931
89.558848,4.4052661
89.735571,4.4119017
89.912468,3.4302312
90.08954,2.738686
90.266785,3.3725603
90.444205,4.6730305
90.621799,2.4440181
90.799567,0.560033
90.97751,-0.43774835
91.155626,-0.25128674
91.333917,2.89981
91.512382,4.3096595
91.691021,1.5625755
91.869834,-3.8983048
92.048822,-3.1553343
92.227984,-4.6634149
92.407319,-0.72842906
92.586829,1.1202115
92.766514,-0.5763167
92.946372,-4.0219353
93.126405,-7.5382129
93.306612,-1.1094632
93.486993,3.6094118
93.667548,4.1122369
93.848277,4.6543844
94.029181,3.5260505
94.210259,1.0488037
94.391511,1.904997
94.572937,4.8240422
94.754537,4.2843706
94.936312,-0.012056929
95.11826,-1.9083777
95.300383,-0.57321919
95.48268,0.62086964
95.665152,4.0660456
95.847797,4.0838774
96.030617,1.0900512
96.213611,-0.62523682
96.396779,1.3380133
96.580121,6.0543113
96.763637,6.4648338
96.947328,6.2950709
97.131193,5.4822774
97.315232,4.6695908
97.499445,5.0962266
97.683832,5.0915966
97.868394,5.6831518
98.053129,5.9846177
98.238039,6.380308
98.423123,6.5643404
98.608382,6.7327932
98.793814,6.9484117
98.979421,7.0935487
99.165202,6.7838905
99.351157,7.2115939
99.537286,7.2786198
99.723589,7.5183015
99.910067,7.7345606
100.09672,7.8332793
100.28354,7.8615166
100.47055,7.968292
100.65772,8.0908605
100.84507,8.0409867
101.03259,8.3441609
101.22029,8.3101869
101.40816,8.3155354
101.5962,8.5484416
101.78442,8.8285134
101.97282,8.8655547
102.16139,9.2478008
102.35013,9.3399576
102.53904,9.1655545
102.72813,9.0147876
102.9174,9.6013824
103.10684,10.376319
103.29645,10.492539
103.48624,10.16965
103.6762,9.6351036
103.86633,10.002624
104.05664,9.7741734
104.24713,9.6321037
104.43779,9.3489644
104.62862,7.5051475
104.81963,5.4026138
105.01081,4.3746967
105.20216,7.3155139
105.39369,7.3074181
105.58539,-0.38684533
105.77727,-6.6849236
105.96932,-7.0377971
106.16155,-3.6415441
106.35395,-2.7157727
106.54652,-7.0683259
106.73927,-10.777635
106.93219,-11.561347
107.12529,-6.6351487
107.31856,3.7342938
107.51201,0.44894118
107.70563,-6.9914182
107.89942,-12.737763
108.09339,-10.868525
108.28753,8.420217
108.48185,12.304934
108.67634,10.581705
108.871,4.6309221
109.06584,-1.6415333
109.26085,0.74473162
109.45604,6.0642265
109.6514,6.2306768
109.84694,2.7578082
110.04264,-2.2759482
110.23853,4.6196039
110.43459,10.589562
110.63082,11.226084
110.82722,11.109562
111.02381,8.2399946
111.22056,8.5311084
111.41749,9.17506
111.61459,9.7404769
111.81187,8.7685356
112.00932,7.5141381
112.20695,7.3576763
112.40475,8.4873858
112.60272,9.3111095
112.80087,9.9386515
112.99919,9.3111882
113.19769,8.0169549
113.39636,8.0559516
113.5952,8.1419037
113.79422,8.1257917
113.99342,7.6546744
114.19278,7.2775715
114.39233,6.6964436
114.59204,7.064232
114.79193,7.7691719
114.992,7.9406752
115.19223,7.5316829
115.39265,6.4010187
115.59323,7.4506434
115.794,8.1629097
115.99493,8.0437002
116.19604,7.9243874
116.39732,7.7892849
116.59878,7.6854516
116.80041,7.5658287
117.00222,7.4461025
117.2042,7.3262729
117.40635,6.5239871
117.60868,6.2000293
117.81119,6.5112622
118.01386,6.8459213
118.21672,6.725575
118.41974,5.6090469
118.62294,5.3551607
118.82631,5.6031318
119.02986,5.5215879
119.23358,5.6046464
119.43748,5.1464252
119.64155,4.9547673
119.8458,4.7943786
120.05022,5.3554552
120.25481,5.5007422
120.45958,4.3204356
120.66452,2.0341434
120.86963,2.6418654
121.07492,3.8063469
121.28039,3.9354309
121.48603,1.6408821
121.69184,-0.29298565
121.89783,0.19657264
122.10399,2.8193609
122.31032,3.6381243
122.51683,0.0018823529
122.72351,-5.3378633
122.93037,-4.010961
123.1374,2.3433737
123.34461,3.5525918
123.55199,1.4441441
123.75954,-5.8643221
123.96727,-7.1963364
124.17518,-0.034251684
124.38325,2.2023242
124.5915,-1.7493538
124.79993,-6.9167367
125.00853,-6.2331578
125.2173,0.98373572
125.42625,3.8006107
125.63537,2.2488395
125.84467,-2.2833424
126.05414,-1.678288
126.26378,1.6483163
126.4736,2.9749021
126.6836,2.8975476
126.89376,2.616253
127.10411,2.695724
127.31462,2.5947843
127.52531,2.6899044
127.73618,2.9497117
127.94721,2.8800887
128.15843,2.5751529
128.36981,2.8662769
128.58137,3.5260097
128.79311,3.503371
129.00502,2.9238509
129.2171,2.9011749
129.42936,3.435343
129.64179,3.4126298
129.8544,3.3898979
130.06718,3.3671475
130.28013,3.3443784
130.49326,3.3215906
130.70656,3.2987843
130.92004,3.2759593
131.13369,3.2531157
131.34751,3.2302535
131.56151,3.2073726
131.77569,3.1844732
131.99004,3.1615551
132.20456,3.1386183
132.41925,3.115663
132.63412,3.092689
132.84917,3.0696964
133.06439,3.0466852
133.27978,3.0236554
133.49535,3.0006069
133.71109,2.9775398
133.927,2.9544541
134.14309,2.9313498
134.35936,2.9082268
134.5758,2.8850852
134.79241,2.4305524
135.00919,2.2975697
135.22615,2.4626075
135.44329,2.2119405
135.6606,2.0632156
135.87808,2.1340799
136.09574,2.1343373
136.31357,1.9855565
136.53158,1.8916591
136.74976,1.8212724
136.96811,1.8449848
137.18664,2.2686786
137.40534,2.0649027
137.62422,1.7748337
137.84327,1.6023931
138.06249,1.8926791
138.28189,2.4888287
138.50147,2.2614303
138.72121,1.9085231
138.94114,1.7830482
139.16123,1.9869665
139.3815,2.1359642
139.60195,1.5633747
139.82257,1.3201783
140.04336,1.8377475
140.26433,2.2768668
140.48547,2.229693
140.70678,2.2295593
140.92827,2.11176
141.14993,2.1821773
141.37177,2.1584584
141.59378,2.1347208
141.81597,1.8991999
142.03833,2.0479741
142.26087,1.8516316
142.48358,2.0395843
142.70646,1.9294791
142.92952,1.7879827
143.15275,1.9680364
143.37615,1.9441498
143.59973,1.9202446
143.82349,1.8963208
144.04741,1.8723784
144.27152,1.8484173
144.49579,1.8244376
144.72024,1.6906354
144.94487,1.2666185
145.16967,1.4229751
145.39464,1.7283327
145.61979,1.7042599
145.84511,1.6801685
146.07061,1.2403721
146.29628,1.4672238
146.52212,1.6077824
146.74814,1.5836165
146.97433,1.3398241
147.2007,0.51562095
147.42724,1.2286541
147.65395,1.4867666
147.88084,1.4625075
148.10791,0.79509261
148.33515,-0.25665466
148.56256,1.0366775
148.79014,1.2946969
149.0179,0.69779569
149.24584,-0.55010451
149.47395,-0.33919981
149.70223,0.36580392
149.93069,0.48461623
150.15932,-0.87102655
150.38812,-1.0187715
150.6171,0.30020495
150.84626,0.84276551
151.07559,-0.15971726
151.30509,-1.5072434
151.53476,-0.96451867
151.76461,0.31551563
151.99464,0.67011444
152.22484,-0.057584984
152.45521,0.39908403
152.68576,1.153847
152.91648,2.159645
153.14738,2.0439291
153.37845,1.2929738
153.60969,1.3969752
153.84111,2.2618156
154.0727,2.569848
154.30447,2.2191115
154.53641,2.2449004
154.76852,2.5923126
155.00081,2.9319363
155.23328,3.0049481
155.46591,3.0780146
155.69872,3.1511358
155.93171,3.2243117
156.16487,3.2975424
156.39821,3.3708277
156.63171,3.4441678
156.8654,3.5175625
157.09925,3.591012
157.33328,3.6645162
157.56749,3.738075
157.80187,3.8116886
158.03642,3.8853569
158.27115,3.9590799
158.50605,4.0328577
158.74113,4.1066901
158.97638,4.1805772
159.2118,4.2545191
159.4474,4.3285156
159.68318,4.4025669
159.91912,4.4766729
160.15524,4.5508335
160.39154,4.6250489
160.62801,4.699319
160.86465,4.7736438
161.10147,4.8480234
161.33846,4.9224576
161.57563,4.9969465
161.81297,5.0714902
162.05049,5.1460885
162.28818,5.2207416
162.52604,5.2954493
162.76408,5.3074667
163.00229,5.0764016
163.24067,4.9473519
163.47923,5.4693373
163.71797,5.450201
163.95688,5.1644527
164.19596,5.0905238
164.43522,4.8990026
164.67465,5.2408694
164.91425,4.8925949
165.15403,4.5522182
165.39398,5.0275824
165.63411,5.3853544
165.87441,5.2961222
166.11489,5.1285133
166.35554,5.5884102
166.59637,6.3934598
166.83736,6.335819
167.07854,5.9488211
167.31988,6.1030544
167.5614,6.7044013
167.8031,6.7803126
168.04497,6.5425532
168.28701,6.4303387
168.52923,6.8985711
168.77162,7.1629366
169.01419,7.0195136
169.25693,6.8761454
169.49985,6.9367535
169.74293,7.5385927
169.9862,7.5836239
170.22963,7.4326314
170.47325,7.4463995
170.71703,7.8366928
170.96099,7.8662566
171.20513,7.8645025
171.44943,7.9490776
171.69392,8.1748839
171.93857,8.2517254
172.1834,8.0933274
172.42841,8.0761606
172.67359,8.3414014
172.91894,8.5596381
173.16447,8.6367531
173.41017,8.6825502
173.65605,8.7911471
173.9021,8.8684262
174.14832,8.94576
174.39472,9.0231485
174.64129,9.1005918
174.88804,9.1780897
175.13496,9.2556423
175.38206,9.3332497
175.62932,9.4109117
175.87677,9.4886285
176.12439,9.5664
176.37218,9.6442261
176.62014,9.722107
176.86828,9.8000426
177.1166,9.8780329
177.36509,9.9560779
177.61375,10.034178
177.86259,10.112332
178.1116,10.190541
178.36079,10.268805
178.61014,10.347124
178.85968,9.7745165
179.10939,3.6960818
179.35927,4.3314272
179.60933,2.9276116
179.85956,1.3748312
180.10996,2.7789682
180.36054,3.8615913
180.61129,1.4697593
180.86222,-0.68672388
181.11332,1.1019457
181.3646,3.6592974
181.61605,2.4755274
181.86767,0.73494932
182.11947,3.5512887
182.37144,10.822585
182.62359,11.607661
182.87591,11.68691
183.12841,11.766213
183.38108,11.845571
183.63392,11.924984
183.88694,12.004451
184.14013,12.083973
184.39349,12.16355
184.64703,12.243182
184.90075,12.322868
185.15464,12.402609
185.4087,12.466718
185.66294,12.562255
185.91735,12.64216
186.17193,12.72212
186.42669,12.802135
186.68163,12.882204
186.93673,12.962328
187.19202,13.042506
187.44747,13.12274
187.7031,13.203028
187.95891,13.283371
188.21489,13.363768
188.47104,13.44422
188.72737,13.524727
188.98387,13.605289
189.24054,13.49767
189.49739,13.766576
189.75442,13.847302
190.01162,13.928083
190.26899,11.271663
190.52654,6.3486312
190.78426,11.833497
191.04215,13.553712
191.30022,5.0073153
191.55846,-6.911576
191.81688,-5.6304125
192.07547,0.74100167
192.33424,-3.7110588
192.59318,-8.633197
192.85229,-6.0414913
193.11158,-4.6496673
193.37104,-9.5400779
193.63068,-13.010762
193.89049,-10.787211
194.15048,-6.7282469
194.41064,-7.9240665
194.67097,-10.092317
194.93148,-9.0918214
195.19216,-4.8206194
195.45302,11.207564
195.71405,16.953512
195.97525,17.130951
196.23663,17.308509
196.49818,17.486185
196.75991,15.428685
197.02181,17.700716
197.28389,18.019923
197.54614,18.198072
197.80856,15.207713
198.07116,5.3547259
198.33393,6.2155832
198.59688,0.39420577
198.86,-4.0623474
199.12329,0.5008256
199.38676,5.2288228
199.6504,1.3608599
199.91422,-1.6599258
200.17821,1.1076421
200.44238,7.3419949
200.70672,15.81176
200.97123,19.92086
201.23592,20.100666
201.50078,20.445296
201.76582,20.593966
202.03103,20.570205
202.29642,20.711268
202.56198,21.087744
202.82771,21.26826
203.09362,21.244973
203.3597,21.457098
203.62595,21.998753
203.89238,22.509154
204.15899,22.690262
204.42577,22.871488
204.69272,23.052832
204.95985,23.234294
205.22715,23.415875
205.49462,23.597574
205.76227,23.779392
206.0301,23.890739
206.2981,22.315931
206.56627,8.1843776
206.83461,5.6137272
207.10313,2.4784893
207.37183,-4.640944
207.6407,-8.6386904
207.90974,-9.3814165
208.17896,-10.335789
208.44835,-11.988082
208.71791,-12.620649
208.98765,-12.053098
209.25757,-11.156017
209.52766,-9.7490136
209.79792,-8.7967937
210.06836,-9.2013183
210.33897,-10.17043
210.60975,-9.8766791
210.88071,-7.6690839
211.15184,-4.6299979
211.42315,-0.61040143
211.69463,3.9818624
211.96629,6.0330681
212.23812,2.9706667
212.51012,-0.99583261
212.7823,-0.47609118
213.05465,5.6514596
213.32718,8.4848589
213.59988,3.8358715
213.87276,1.1162621
214.14581,2.5926973
214.41903,4.5475301
214.69243,5.2003683
214.966,6.4492511
215.23975,7.8706491
215.51367,8.1547585
215.78776,9.8741282
216.06203,14.118954
216.33647,19.304923
216.61109,22.537917
216.88588,24.421857
217.16085,25.403803
217.43598,25.915127
217.7113,26.449946
217.98679,25.016104
218.26245,25.590072
218.53829,26.92479
218.8143,26.902611
219.09048,26.754909
219.36684,26.795408
219.64337,26.741755
219.92008,26.335128
220.19696,26.320623
220.47402,26.211967
220.75125,26.03269
221.02865,25.555339
221.30623,25.438738
221.58398,25.769163
221.86191,25.370142
222.14001,23.920107
222.41828,25.270038
222.69673,25.419936
222.97536,25.287446
223.25415,18.496099
223.53313,23.579229
223.81227,24.230952
224.09159,22.333621
224.37109,25.659786
224.65076,25.770231
224.9306,25.715937
225.21061,25.661608
225.49081,25.607246
225.77117,25.55285
226.05171,25.49842
226.33242,25.443957
226.61331,25.389459
226.89437,25.334928
227.17561,25.280363
227.45702,25.225765
227.73861,25.171132
228.02036,25.116466
228.3023,24.536275
228.5844,10.230561
228.86669,-2.4751872
229.14914,-3.8868514
229.43177,-7.2201181
229.71457,-8.9534187
229.99755,-6.8436157
230.28071,-6.1142387
230.56403,-5.9182288
230.84753,-1.8634292
231.13121,3.8305523
231.41506,3.2186176
231.69908,3.5635119
231.98328,9.0299411
232.26765,14.182611
232.55219,15.931325
232.83691,17.93883
233.12181,19.405124
233.40688,19.420403
233.69212,15.318002
233.97754,10.19596
234.26313,9.3327065
234.54889,7.1753021
234.83483,4.8296285
235.12095,6.0368624
235.40723,7.7224938
235.69369,7.0473071
235.98033,7.5485572
236.26714,10.904676
236.55413,14.315662
236.84128,17.726615
237.12862,20.282631
237.41612,19.858222
237.70381,11.574956
237.99166,12.844597
238.27969,22.255381
238.56789,22.348483
238.85627,22.331749
239.14482,21.373803
239.43355,22.541315
239.72245,20.861733
240.01153,19.244863
240.30077,22.710312
240.5902,22.677688
240.87979,22.621501
241.16957,22.424104
241.45951,22.367849
241.74963,22.429207
242.03993,22.396414
242.33039,22.340058
242.62104,22.283668
242.91185,22.227245
243.20284,22.147258
243.49401,22.114296
243.78535,22.057771
244.07686,22.001212
244.36855,21.944619
244.66041,21.825247
244.95245,21.203881
245.24466,19.217775
245.53704,20.384577
245.8296,21.61409
246.12233,20.051412
246.41524,16.316151
246.70832,19.608308
247.00158,20.351411
247.295,18.247421
247.58861,18.574771
247.88239,21.153066
248.17634,21.205838
248.47046,21.148772
248.76476,21.091673
249.05924,21.034539
249.35389,20.977372
249.64871,20.920171
249.94371,20.862936
250.23888,20.805668
250.53422,20.748365
250.82974,20.691029
251.12544,20.633659
251.42131,19.784098
251.71735,9.7972489
252.01356,10.17115
252.30996,7.2744292
252.60652,1.9855177
252.90326,2.3671606
253.20017,4.5683775
253.49726,1.6872077
253.79452,0.88443549
254.09196,2.3012373
254.38957,1.7885936
254.68735,0.82885724
254.98531,4.433793
255.28344,10.721048
255.58175,7.2827787
255.88023,5.8758484
256.17888,10.264963
256.47771,9.7128667
256.77672,7.450933
257.0759,15.494848
257.37525,18.69167
257.67477,12.406106
257.97447,8.904821
258.27435,17.928993
258.5744,15.65117
258.87462,5.8517449
259.17502,11.385619
259.47559,18.386126
259.77633,10.978757
260.07725,1.7988043
260.37835,9.7168572
260.67961,10.332915
260.98106,3.976391
261.28267,4.7727739
261.58446,9.4044171
261.88643,5.1968108
262.18857,9.6166217
262.49088,18.146203
262.79337,18.369868
263.09603,18.311146
263.39886,18.228861
263.70187,18.115169
264.00506,18.087719
264.30842,17.926901
264.61195,17.954285
264.91565,17.958105
265.21954,17.899147
265.52359,17.840154
265.82782,17.781128
266.13222,17.722069
266.4368,17.662975
266.74155,17.603848
267.04648,17.544686
267.35158,17.485491
267.65685,17.426263
267.9623,17.367
268.26792,17.205743
268.57372,7.3581774
268.87969,-11.869814
269.18584,-19.72529
269.49216,-22.082761
269.79865,-21.538305
270.10532,-13.535059
270.41216,-14.682781
270.71917,-14.254051
271.02637,-4.6880865
271.33373,-4.5652781
271.64127,-8.4817047
271.94898,-3.4334447
272.25687,5.4030313
272.56493,4.8590958
272.87316,0.85631748
273.18157,1.7084218
273.49016,1.1330559
273.79892,-2.7835058
274.10785,-0.29224363
274.41696,2.9754698
274.72624,-0.98820861
275.03569,-3.4773965
275.34532,-2.0842508
275.65512,-5.6479871
275.9651,-7.4784094
276.27525,0.93428631
276.58558,4.452845
276.89608,-3.6207724
277.20675,-7.5532326
277.5176,-4.6778691
277.82862,-5.4103679
278.13982,-4.7781802
278.45119,-0.94601176
278.76273,0.72927462
279.07445,1.8163064
279.38635,4.9974366
279.69841,7.0412925
280.01066,5.6419919
280.32307,5.9838484
280.63566,7.4158818
280.94843,6.0322095
281.26137,7.5896945
281.57448,13.727552
281.88777,12.281077
282.20123,8.5443864
282.51486,14.368461
282.82867,14.561143
283.14265,11.757728
283.45681,15.009196
283.77114,15.256722
284.08565,14.947367
284.40033,14.724267
284.71519,15.018794
285.03021,15.242714
285.34542,14.972497
285.6608,14.780692
285.97635,14.933966
286.29207,14.804868
286.60797,14.769868
286.92405,14.805437
287.24029,14.864516
287.55672,14.617693
287.87331,14.794381
288.19008,14.822029
288.50703,13.022208
288.82415,12.445896
289.14144,11.618585
289.45891,6.5716463
289.77655,8.1050808
290.09437,8.9326135
290.41236,4.787578
290.73052,6.0542879
291.04886,10.560194
291.36737,8.0543164
291.68606,10.191557
292.00492,14.038581
292.32395,14.01892
292.64316,13.371789
292.96255,14.340325
293.2821,14.179429
293.60184,13.704789
293.92174,14.312482
294.24182,14.277019
294.56208,13.488595
294.88251,13.092309
295.20311,12.946984
295.52389,12.613404
295.84484,12.750394
296.16596,12.918736
296.48726,12.820393
296.80874,12.792619
297.13038,13.345217
297.45221,13.2076
297.7742,10.128787
298.09637,10.704857
298.41872,12.480908
298.74124,9.5510567
299.06393,9.7192256
299.3868,12.271689
299.70984,9.6947212
300.03305,11.415773
300.35644,13.113277
300.68001,13.053898
301.00375,12.829794
301.32766,12.707632
301.65174,12.679568
301.97601,12.431877
302.30044,12.388088
302.62505,12.705065
302.94983,12.567119
303.27479,12.225234
303.59992,12.189211
303.92523,12.192384
304.25071,11.913185
304.57636,11.986909
304.90219,11.974338
305.22819,11.938219
305.55437,12.019727
305.88072,12.352196
306.20725,12.308176
306.53395,12.39747
306.86082,12.518117
307.18787,12.560313
307.51509,12.57896
307.84249,12.707392
308.17006,12.733844
308.4978,12.556356
308.82572,12.590612
309.15381,12.624849
309.48208,12.588479
309.81052,12.55209
310.13914,12.515681
310.46793,12.479253
310.79689,12.442805
311.12603,12.406338
311.45534,12.369852
311.78483,12.333347
312.11449,12.296822
312.44432,12.260278
312.77433,12.223715
313.10452,12.187133
313.43487,12.150531
313.7654,12.11391
314.09611,12.077269
314.42699,12.040609
314.75804,12.00393
315.08927,11.967232
315.42068,11.930514
315.75225,11.893777
316.084,11.723688
316.41593,11.522206
316.74803,11.705019
317.0803,11.323107
317.41275,10.282352
317.74537,8.6376564
318.07817,-7.1560784
318.41114,-12.546278
318.74428,-8.3129491
319.0776,-10.722758
319.41109,-11.626687
319.74476,-11.377674
320.0786,-12.854154
320.41262,-11.726712
320.74681,-10.975742
321.08117,-13.048303
321.41571,-9.8659629
321.75042,-5.0208785
322.08531,-9.1561874
322.42037,-9.9189483
322.7556,-4.1954356
323.09101,-6.5032966
323.42659,-8.9680213
323.76235,-4.1856882
324.09828,-3.7719836
324.43439,-4.1818095
324.77067,1.541697
325.10712,0.0024573004
325.44375,1.5298833
325.78055,11.269073
326.11753,11.274928
326.45468,11.131763
326.792,11.584675
327.1295,11.488566
327.46718,11.580692
327.80502,11.578699
328.14305,11.576705
328.48124,11.57471
328.81961,11.572714
329.15816,11.570717
329.49687,11.568719
329.83577,11.56672
330.17483,11.564719
330.51407,11.562718
330.85349,11.560716
331.19308,11.558713
331.53284,11.282199
331.87278,11.139017
332.21289,11.552697
332.55318,10.931082
332.89364,0.75652411
333.23427,1.7898088
333.57508,-2.4396526
333.91607,-7.1161739
334.25722,-3.8083825
334.59855,-4.9241215
334.94006,-2.0006459
335.28174,8.7032209
335.62359,8.8659101
335.96562,7.7423239
336.30782,10.916776
336.6502,11.197109
336.99275,11.5245
337.33548,11.522478
337.67837,11.520456
338.02145,11.518432
338.36469,11.516407
338.70812,11.514381
339.05171,11.512354
339.39548,11.510326
339.73943,11.508297
340.08354,11.506267
340.42784,11.504236
340.7723,11.502204
341.11694,11.288406
341.46176,8.3295096
341.80675,6.7274745
342.15191,5.6273991
342.49725,11.29595
342.84276,11.08999
343.18845,0.3036375
343.53431,-2.74154
343.88034,-3.127895
344.22655,-6.424055
344.57293,1.1189997
344.91949,1.3208769
345.26622,-3.0497959
345.61313,3.8265891
345.96021,8.6951298
346.30746,7.6107284
346.65489,6.753777
347.00249,7.928197
347.35027,10.435949
347.69822,10.426054
348.04634,10.322039
348.39464,10.374887
348.74311,10.568909
349.09176,10.480578
349.44058,9.364795
349.78958,5.3627362
350.13875,6.9528333
350.48809,1.8997921
350.83761,-0.46305404
351.1873,0.71919682
351.53717,7.3288976
351.88721,10.668009
352.23742,10.979669
352.58781,10.750151
352.93838,10.810828
353.28911,11.01268
353.64003,10.845905
353.99111,11.141873
354.34237,11.422153
354.69381,11.42008
355.04541,11.418006
355.3972,11.415931
355.74915,11.413855
356.10128,11.411778
356.45359,11.409699
356.80607,11.40762
357.15872,11.40554
357.51155,11.403458
357.86455,11.401376
358.21773,11.328704
358.57108,11.169757
358.9246,10.610809
359.2783,10.679311
359.63217,10.136047
359.98622,5.8829777
360.34044,-4.2210727
360.69484,-6.6859084
361.04941,-11.370353
361.40415,-9.8563647
361.75907,-8.3580856
362.11416,-12.734339
362.46943,-12.734146
362.82487,-11.502602
363.18048,-12.569121
363.53627,-9.2278195
363.89224,-7.9335999
364.24837,-6.3570503
364.60468,0.83516252
364.96117,1.3528426
365.31783,2.4430487
365.67466,7.8234279
366.03167,9.3528038
366.38885,10.623333
366.74621,10.631094
367.10374,10.583931
367.46145,10.536744
367.81933,10.489534
368.17738,10.442302
368.53561,9.6342618
368.89401,10.136003
369.25259,8.5043876
369.61134,4.9747101
369.97026,6.1901077
370.32936,4.9505804
370.68863,9.0757359
371.04808,9.8204763
371.4077,9.208331
371.76749,8.7294961
372.12746,8.7761284
372.48761,8.8541102
372.84793,9.3555985
373.20842,9.0805932
373.56908,9.1428198
373.92992,9.4324745
374.29094,9.1181846
374.65213,9.109754
375.01349,9.5013005
375.37503,9.4536083
375.73674,9.280403
376.09862,9.2091354
376.46068,9.3496096
376.82292,9.3018255
377.18533,9.2540184
377.54791,9.2061884
377.91067,8.9701001
378.2736,8.0124202
378.6367,6.8429525
378.99998,7.4224816
379.36343,8.6137523
379.72706,6.1893138
380.09086,4.8707347
380.45484,7.5835051
380.81899,6.8138997
381.18331,8.2874085
381.54781,8.6785413
381.91248,8.6147493
382.27733,8.5587774
382.64235,8.534155
383.00755,8.4859803
383.37292,8.4377826
383.73846,8.389562
384.10418,8.3413183
384.47007,8.2930517
384.83613,8.2447621
385.20237,8.1964495
385.56879,8.1481139
385.93538,8.0997554
386.30214,7.8474523
386.66908,7.5402242
387.03619,7.4839536
387.40347,7.2002091
387.77093,6.5242846
388.13857,3.0561804
388.50638,0.75668061
388.87436,0.30029511
389.24251,-0.97179965
389.61084,2.0698081
389.97935,2.8604125
390.34803,4.8353076
390.71688,6.3552778
391.08591,6.4320878
391.45511,6.6578944
391.82449,6.5307368
392.19404,6.4506151
392.56376,6.4802743
392.93366,6.251087
393.30373,6.1708964
393.67398,6.3495063
394.0444,6.3633873
394.41499,6.5811669
394.78576,6.7753942
395.1567,6.5931278
395.52782,6.6226032
395.89911,6.7226439
396.27058,6.7363871
396.64222,6.6873621
397.01403,6.6383143
397.38602,6.5892434
397.75819,6.5401496
398.13052,6.4910327
398.50303,6.4418929
398.87572,6.3927302
399.24858,6.3435444
399.62161,6.2943357
399.99482,6.245104
400.3682,6.1958493
400.74176,6.1465716
401.11549,6.097271
401.48939,6.0479473
401.86347,5.9986007
402.23772,5.9492312
402.61215,5.8998386
402.98675,5.8504231
403.36153,5.8009846
403.73648,5.7515231
404.1116,5.7020386
404.4869,5.6525311
404.86237,5.6030007
405.23802,5.5534473
405.61384,5.2842631
405.98983,5.1327029
406.366,5.3575904
406.74235,5.3550039
407.11886,5.2347474
407.49556,5.0281934
407.87242,5.1118125
408.24946,4.7718792
408.62668,4.5887856
409.00406,4.2644926
409.38163,4.128412
409.75936,4.8393671
410.13727,4.9071621
410.51536,4.857287
410.89362,4.8073889
411.27205,4.6241345
411.65066,4.4487003
412.02944,4.6340274
412.4084,4.6075668
412.78753,4.5575538
413.16683,4.5075179
413.54631,4.457459
413.92596,4.3838477
414.30579,4.1455075
414.68579,4.0640071
415.06597,4.2099347
415.44632,4.2068197
415.82684,4.1566229
416.20754,4.1064031
416.58841,4.0561604
416.96946,4.0058947
417.35068,3.955606
417.73207,3.9052943
418.11364,3.8549596
418.49538,3.804602
418.8773,3.6679469
419.25939,3.4528374
419.64166,3.5200579
420.0241,3.4225495
420.40671,3.317175
420.7895,3.4627579
421.17246,3.38871
421.5556,3.4009137
421.93891,3.3503492
422.32239,3.2997618
422.70605,3.2491514
423.08989,3.1985181
423.47389,3.1478617
423.85808,3.0971824
424.24243,3.0464801
424.62696,2.9957548
425.01167,2.9450065
425.39654,2.8942353
425.7816,2.843441
426.16682,2.7926238
426.55222,2.7417837
426.9378,2.6909205
427.32355,2.6400344
427.70947,2.5891253
428.09557,2.3107422
428.48184,1.3342969
428.86829,-0.40295562
429.25491,-2.4461135
429.6417,-2.3481179
430.02867,-2.8305374
430.41582,-4.575725
430.80313,-5.3327003
431.19062,-5.5014633
431.57829,-4.7918179
431.96613,-2.7567052
432.35414,-2.6667136
432.74233,-1.949294
433.13069,-0.4240542
433.51923,0.53645672
433.90794,1.5596898
434.29682,1.680939
434.68588,1.668832
435.07512,1.6174863
435.46452,1.5661176
435.85411,1.5647917
436.24386,1.5634652
436.63379,1.562138
437.0239,1.5608103
437.41417,1.559482
437.80463,1.5581531
438.19525,1.5568236
438.58605,1.5554935
438.97703,1.5541628
439.36818,1.5528315
439.7595,1.5514996
440.151,1.5501671
440.54267,1.5488341
440.93452,1.5475004
441.32654,1.5461662
441.71873,1.5448313
442.1111,1.5434959
442.50364,1.5421599
442.89636,1.5408233
443.28925,1.3277213
443.68232,0.98912864
444.07556,0.65837847
444.46897,0.79037282
444.86256,0.69491558
445.25632,0.17592835
445.65026,0.6843915
446.04437,1.2085403
446.43865,1.528767
446.83311,1.5274245
447.22774,1.5260813
447.62255,1.5247376
448.01753,1.5233933
448.41269,1.5220483
448.80802,1.5207028
449.20352,1.5193567
449.5992,1.51801
449.99505,1.5166627
450.39108,1.5153149
450.78728,1.5139664
451.18365,1.5126173
451.5802,1.5112676
451.97693,1.5099174
452.37382,1.5085665
452.77089,1.5072151
453.16814,1.3411572
453.56556,1.4103928
453.96315,1.5031572
454.36092,1.5018034
454.75887,1.4220176
455.15698,1.3657607
455.55527,1.2624443
455.95374,1.425794
456.35238,1.4950255
456.75119,1.4936681
457.15018,1.4923101
457.54934,1.4909516
457.94868,1.4503767
458.34819,1.3235268
458.74787,1.2672645
459.14773,1.3051193
459.54776,1.0135617
459.94797,0.37690544
460.34835,1.01868
460.74891,1.378101
461.14964,1.4786979
461.55054,1.4773334
461.95162,1.3896938
462.35287,1.3412693
462.7543,1.3712756
463.1559,1.4012813
463.55767,1.4156001
463.95962,1.4220752
464.36174,1.4677654
464.76404,1.4428668
465.16651,1.3944382
465.56916,1.4479697
465.97198,1.462285
466.37497,1.4609134
466.77814,1.4595412
467.18148,1.4581684
467.585,1.456795
467.98869,1.4554211
468.39256,1.4540465
468.79659,1.4526713
469.20081,1.4512956
469.6052,1.4499193
470.00976,1.4485423
470.41449,1.4471648
470.8194,1.4457867
471.22449,1.444408
471.62975,1.4430287
472.03518,1.4416488
472.44079,1.3775232
472.84657,0.68594601
473.25252,-1.393867
473.65865,-2.5952493
474.06496,-3.1299655
474.47143,-4.6372313
474.87809,-4.7954781
475.28491,-3.9341176
475.69191,-0.97636716
476.09909,0.67157643
476.50644,0.71167391
476.91396,0.69686644
477.32166,0.70558542
477.72953,1.0515563
478.13757,1.2171321
478.54579,1.2572147
478.95419,1.3678825
479.36275,1.3609003
479.7715,1.3539152
480.18041,1.346927
480.5895,1.3399359
480.99877,1.3329418
481.40821,1.3259448
481.81782,1.3189447
482.22761,1.3119417
482.63757,1.3049357
483.04771,1.2979267
483.45802,1.2909148
483.8685,1.2838998
484.27916,1.2768819
484.68999,1.269861
485.101,1.2628372
485.51218,1.2558103
485.92353,1.2487805
486.33506,1.2417477
486.74677,1.234712
487.15864,1.2276732
487.5707,1.2127884
487.98292,1.1743711
488.39532,1.2065391
488.8079,1.1994885
489.22064,1.1924348
489.63357,1.1853782
490.04666,1.1783187
490.45994,1.1712561
490.87338,1.1641906
491.287,1.1571221
491.70079,1.1500506
492.11476,1.1429761
492.5289,1.1358987
492.94322,1.1288182
493.35771,1.1217348
493.77238,1.1146485
494.18722,1.1075591
494.60223,1.1004668
495.01742,1.0933715
495.43278,1.0862732
495.84831,1.079172
496.26402,1.0720677
496.67991,1.0649605
497.09596,1.0029484
497.5122,0.74485481
497.9286,0.72989553
498.34518,0.62865877
498.76194,0.24506608
499.17887,0.24578415
499.59597,0.64649924
500.01325,1.0079957
500.4307,1.0008617
500.84833,0.99372469
501.26613,0.94736904
501.6841,0.94022611
502.10225,0.96445275
502.52057,0.94946073
502.93907,0.87956377
503.35774,0.93515403
503.77659,0.88093739
504.1956,0.9365217
504.6148,0.92935793
505.03417,0.92219118
505.45371,0.91502146
505.87342,0.90784876
506.29331,0.90067308
506.71338,0.89349443
507.13362,0.8863128
507.55403,0.87912819
507.97462,0.86409747
508.39538,0.78631868
508.81631,0.70853691
509.23742,0.70134039
509.65871,0.83531737
510.08017,0.83595804
510.5018,0.8287526
510.92361,0.82154418
511.34559,0.81433278
511.76774,0.80711841
512.19007,0.79990106
512.61257,0.79268073
513.03525,0.78545742
513.4581,0.77823114
513.88113,0.77100188
514.30433,0.76376965
514.7277,0.72516189
515.15125,0.38851193
515.57497,-1.0304939
515.99887,-2.920091
516.42294,-3.0214558
516.84719,-1.8130196
517.2716,-1.8935292
517.6962,-1.315216
518.12097,-0.47808023
518.54591,0.6492508
518.97102,0.70991431
519.39631,0.69998873
519.82178,0.70574857
520.24742,0.70366443
520.67323,0.70157943
521.09922,0.69949357
521.52538,0.69740687
521.95171,0.69531931
522.37822,0.69323089
522.80491,0.69114163
523.23176,0.68905151
523.6588,0.68696054
524.086,0.68486872
524.51338,0.68277604
524.94094,0.68068251
525.36867,0.67858813
525.79657,0.67649289
526.22465,0.6743968
526.6529,0.67229986
527.08132,0.67020207
527.50992,0.66810342
527.9387,0.66600392
528.36765,0.66390357
528.79677,0.66180236
529.22606,0.6597003
529.65553,0.65759739
530.08518,0.65549362
530.515,0.65338901
530.94499,0.65128354
531.37516,0.64917721
531.8055,0.64707004
532.23602,0.64496201
532.66671,0.64285313
533.09757,0.64074339
533.52861,0.6386328
533.95982,0.63652136
534.39121,0.62656593
534.82277,0.63229592
535.25451,0.63018192
535.68641,0.62806707
536.1185,0.62595136
536.55076,0.6238348
536.98319,0.62171739
537.41579,0.61959913
537.84857,0.61748001
538.28153,0.61536004
538.71466,0.61323922
539.14796,0.53268617
539.58144,0.40507344
540.01509,0.60687163
540.44891,0.54984543
540.88291,0.42223015
541.31709,0.43579048
541.75144,0.55131075
542.18596,0.59624193
542.62065,0.59411343
543.05552,0.59198408
543.49057,0.58985387
543.92579,0.58772281
544.36118,0.5855909
544.79675,0.58345814
545.23249,0.58132452
545.66841,0.57919005
546.1045,0.57705473
546.54076,0.57491855
546.9772,0.57278152
547.41381,0.57064364
547.8506,0.56850491
548.28756,0.56636532
548.72469,0.56422488
549.162,0.56208359
549.59949,0.55994144
550.03714,0.55779844
550.47498,0.55565459
550.91298,0.55350989
551.35116,0.55136433
551.78952,0.45510027
552.22804,0.42158046
552.66675,0.45864803
553.10562,0.54277357
553.54468,0.54062374
553.9839,0.53847307
554.4233,0.53632154
554.86287,0.53416916
555.30262,0.53201593
555.74254,0.52986184
556.18264,0.5277069
556.62291,0.52555111
557.06335,0.52339446
557.50397,0.52123696
557.94477,0.51907861
558.38573,0.51691941
558.82688,0.51475935
559.26819,0.51259844
559.70968,0.51043668
560.15134,0.50827406
560.59318,0.50611059
561.03519,0.50394627
561.47738,0.50178109
561.91974,0.49961507
562.36228,0.49744819
562.80499,0.49528045
563.24787,0.49311187
563.69093,0.49094243
564.13416,0.48877213
564.57756,0.48660099
565.02114,0.48442899
565.4649,0.48225614
565.90883,0.48008244
566.35293,0.47790788
566.79721,0.47573247
567.24166,0.47355621
567.68628,0.47137909
568.13108,0.46920112
568.57606,0.4670223
569.0212,0.46484263
569.46652,0.4626621
569.91202,0.46048072
570.35769,0.45829848
570.80354,0.4561154
571.24955,0.45393146
571.69575,0.45174667
572.14211,0.44956102
572.58866,0.44737452
573.03537,0.44518717
573.48226,0.44299897
573.92932,0.44080991
574.37656,0.43862
574.82397,0.43642924
575.27156,0.43423763
575.71932,0.43204516
576.16726,0.42985184
576.61536,0.42765766
577.06365,0.42546264
577.5121,0.42326676
577.96074,0.42107002
578.40954,0.41887244
578.85852,0.416674
579.30768,0.41447471
579.757,0.41227456
580.20651,0.41007357
580.65618,0.40787172
581.10603,0.40566901
581.55606,0.40346546
582.00626,0.40126105
582.45663,0.39905578
582.90718,0.39684967
583.3579,0.3946427
583.8088,0.39243488
584.25987,0.39022621
584.71111,0.38801668
585.16253,0.3858063
585.61412,0.38359507
586.06589,0.38138298
586.51783,0.37917005
586.96995,0.37695625
587.42224,0.37474161
587.8747,0.37252611
588.32734,0.37030976
588.78015,0.36809256
589.23313,0.3658745
589.6863,0.3636556
590.13963,0.36143583
590.59314,0.35921522
591.04682,0.35699375
591.50068,0.35477143
591.95471,0.35254826
592.40892,0.35032423
592.86329,0.34809935
593.31785,0.34587362
593.77258,0.34364704
594.22748,0.3414196
594.68256,0.33919131
595.13781,0.33696216
595.59323,0.33473217
596.04883,0.33250132
596.5046,0.33026962
596.96055,0.32803706
597.41667,0.32580365
597.87297,0.32356939
598.32944,0.32133428
598.78608,0.31909831
599.2429,0.31686149
599.69989,0.31462382
600.15706,0.31238529
600.6144,0.31014591
601.07192,0.30790568
601.52961,0.3056646
601.98747,0.30342266
602.44551,0.30117987
602.90372,0.29893623
603.3621,0.29669173
603.82066,0.29444638
604.2794,0.29220018
604.73831,0.28995312
605.19739,0.28770521
605.65665,0.28545645
606.11608,0.28320684
606.57568,0.28095637
607.03546,0.27870505
607.49542,0.27645288
607.95554,0.27419986
608.41585,0.27194598
608.87632,0.26969125
609.33697,0.26743566
609.7978,0.26517923
610.2588,0.26292194
610.71997,0.26066379
611.18132,0.2584048
611.64284,0.25614495
612.10453,0.25388425
612.5664,0.25162269
613.02845,0.24936028
613.49067,0.24709702
613.95306,0.24483291
614.41563,0.24256794
614.87837,0.24030213
615.34128,0.23803545
615.80437,0.23576793
616.26763,0.23349955
616.73107,0.23123032
617.19468,0.22896024
617.65847,0.2266893
618.12243,0.22441751
618.58656,0.22214487
619.05087,0.21987137
619.51535,0.21759702
619.98001,0.21532182
620.44484,0.21304577
620.90985,0.21076886
621.37503,0.2084911
621.84038,0.20621249
622.30591,0.20393302
622.77161,0.2016527
623.23749,0.19937153
623.70354,0.19708951
624.16976,0.19480663
624.63616,0.1925229
625.10273,0.19023832
625.56948,0.18795288
626.0364,0.18566659
626.5035,0.18337945
626.97077,0.18109145
627.43821,0.1788026
627.90583,0.1765129
628.37362,0.17422235
628.84159,0.17193094
629.30973,0.16963868
629.77804,0.16734557
630.24653,0.16505161
630.71519,0.16275679
631.18403,0.16046112
631.65304,0.15816459
632.12223,0.15586721
632.59159,0.15356898
633.06112,0.1512699
633.53083,0.14896997
634.00071,0.14666918
634.47077,0.14436754
634.941,0.14206504
635.41141,0.13976169
635.88199,0.13745749
636.35274,0.13515244
636.82367,0.13284653
637.29477,0.13053977
637.76604,0.12823216
638.23749,0.1259237
638.70912,0.12361438
639.18092,0.12130421
639.65289,0.11899318
640.12504,0.11668131
640.59736,0.11436858
641.06985,0.11205499
641.54252,0.10974056
642.01537,0.10742527
642.48838,0.10510913
642.96158,0.10279214
643.43494,0.10047429
643.90848,0.098155588
644.3822,0.095836035
644.85609,0.093515629
645.33015,0.09119437
645.80439,0.088872259
646.2788,0.086549294
646.75338,0.084225476
647.22814,0.081900806
647.70308,0.079575283
648.17819,0.077248906
648.65347,0.074921677
649.12892,0.072593595
649.60456,0.07026466
650.08036,0.067934872
650.55634,0.065604231
651.03249,0.063272737
651.50882,0.06094039
651.98532,0.05860719
652.462,0.056273138
652.93885,0.053938232
653.41587,0.051602474
653.89307,0.049265862
654.37044,0.046928398
654.84799,0.044590081
655.32571,0.042250911
655.80361,0.039910888
656.28168,0.037570012
656.75992,0.035228283
657.23834,0.032885701
657.71693,0.030542267
658.19569,0.028197979
658.67463,0.025852838
659.15375,0.023506845
659.63304,0.021159999
660.1125,0.018812299
660.59214,0.016463747
661.07195,0.014114342
661.55193,0.011764084
662.03209,0.009412973
662.51243,0.0070610091
662.99294,0.0047081923
663.47362,0.0023545226
663.95447,0
664.43551,0
664.91671,0
665.39809,0
665.87964,0
666.36137,0
666.84327,0
667.32535,0
667.8076,0
668.29002,0
668.77262,0
669.25539,0
669.73834,0
670.22146,0
670.70475,0
671.18822,0
671.67187,0
672.15568,0
672.63968,0
673.12384,0
673.60818,0
674.0927,0
674.57738,0
675.06225,0
675.54728,0
676.0325,0
676.51788,0
677.00344,0
677.48917,0
677.97508,0
678.46116,0
678.94742,0
679.43385,0
679.92045,0
680.40723,0
680.89419,0
681.38131,0
681.86861,0
682.35609,0
682.84374,0
683.33156,0
683.81956,0
684.30773,0
684.79608,0
685.2846,0
685.7733,0
686.26217,0
686.75121,0
687.24043,0
687.72982,0
688.21938,0
688.70912,-1.4266584e-014
689.19904,-1.4266584e-014
689.68913,1.4266584e-014
690.17939,1.4266584e-014
690.66983,1.4266584e-014
691.16044,1.4266584e-014
691.65122,-1.4266584e-014
692.14218,1.4266584e-014
692.63331,-1.4266584e-014
693.12462,-1.4266584e-014
693.6161,-1.4266584e-014
694.10776,-1.4266584e-014
694.59959,-1.4266584e-014
695.09159,-1.4266584e-014
695.58377,-1.4266584e-014
696.07613,-1.4266584e-014
696.56865,-1.4266584e-014
697.06135,-1.4266584e-014
697.55423,1.4266584e-014
698.04728,-1.4266584e-014
698.5405,-1.4266584e-014
699.0339,-1.4266584e-014
699.52747,-1.4266584e-014
700.02122,-1.4266584e-014
700.51514,-1.4266584e-014
701.00923,-1.4266584e-014
701.5035,-1.4266584e-014
701.99795,-1.4266584e-014
702.49256,-1.4266584e-014
702.98736,-1.4266584e-014
703.48232,1.4266584e-014
703.97746,-1.4266584e-014
704.47277,-1.4266584e-014
704.96826,1.4266584e-014
705.46393,-1.4266584e-014
705.95976,1.4266584e-014
706.45577,-1.4266584e-014
706.95196,-1.4266584e-014
707.44832,-1.4266584e-014
707.94485,-1.4266584e-014
708.44156,-1.4266584e-014
708.93844,-1.4266584e-014
709.4355,1.4266584e-014
709.93273,1.4266584e-014
710.43013,1.4266584e-014
710.92771,1.4266584e-014
711.42546,-1.4266584e-014
711.92339,-1.4266584e-014
712.42149,1.4266584e-014
712.91976,-1.4266584e-014
713.41821,0
713.91684,0
714.41563,0
714.91461,0
715.41375,-1.4266584e-014
715.91307,0
716.41257,0
716.91224,-1.4266584e-014
717.41208,0
717.9121,-1.4266584e-014
718.41229,-1.4266584e-014
718.91265,0
719.41319,0
719.91391,-1.4266584e-014
720.4148,-1.4266584e-014
720.91586,-1.4266584e-014
721.41709,0
721.9185,0
722.42009,-1.4266584e-014
722.92185,-1.4266584e-014
723.42378,-1.4266584e-014
723.92589,0
724.42817,-1.4266584e-014
724.93063,-1.4266584e-014
725.43326,0
725.93606,0
726.43904,-1.4266584e-014
726.94219,0
727.44552,0
727.94902,-1.4266584e-014
728.45269,0
728.95654,0
729.46057,0
729.96476,0
730.46914,0
730.97368,0
731.4784,0
731.9833,-1.4266584e-014
732.48837,-1.4266584e-014
732.99361,0
733.49902,-1.4266584e-014
734.00462,0
734.51038,-1.4266584e-014
735.01632,-1.4266584e-014
735.52243,-1.4266584e-014
736.02872,0
736.53518,0
737.04182,0
737.54863,0
738.05562,0
738.56277,-1.4266584e-014
739.07011,-1.4266584e-014
739.57762,-1.4266584e-014
740.0853,-1.4266584e-014
740.59315,-1.4266584e-014
741.10118,-1.4266584e-014
741.60939,-1.4266584e-014
742.11776,-1.4266584e-014
742.62632,1.4266584e-014
743.13504,-1.4266584e-014
743.64394,-1.4266584e-014
744.15302,-1.4266584e-014
744.66227,1.4266584e-014
745.17169,-1.4266584e-014
745.68129,1.4266584e-014
746.19106,-1.4266584e-014
746.70101,1.4266584e-014
747.21113,-1.4266584e-014
747.72142,-1.4266584e-014
748.23189,-1.4266584e-014
748.74253,-1.4266584e-014
749.25335,-1.4266584e-014
749.76434,-1.4266584e-014
750.2755,-1.4266584e-014
750.78684,-1.4266584e-014
751.29836,-1.4266584e-014
751.81005,-1.4266584e-014
752.32191,-1.4266584e-014
752.83394,-1.4266584e-014
753.34615,-1.4266584e-014
753.85854,1.4266584e-014
754.3711,-1.4266584e-014
754.88383,1.4266584e-014
755.39674,-1.4266584e-014
755.90982,-1.4266584e-014
756.42307,1.4266584e-014
756.9365,-1.4266584e-014
757.45011,-1.4266584e-014
757.96388,-1.4266584e-014
758.47784,-1.4266584e-014
758.99196,1.4266584e-014
759.50626,1.4266584e-014
760.02074,-1.4266584e-014
760.53539,-1.4266584e-014
761.05021,-1.4266584e-014
761.56521,1.4266584e-014
762.08038,1.4266584e-014
762.59573,1.4266584e-014
763.11125,-1.4266584e-014
763.62694,-1.4266584e-014
764.14281,0
764.65885,0
765.17507,1.4266584e-014
765.69146,0
766.20802,1.4266584e-014
766.72476,0
767.24168,0
767.75876,1.4266584e-014
768.27602,0
768.79346,0
769.31107,0
769.82886,0
770.34681,0
770.86495,0
771.38325,0
771.90173,0
772.42039,0
772.93922,0
773.45822,0
773.9774,0
774.49675,0
775.01628,0
775.53598,0
776.05585,0
776.5759,0
777.09613,0
777.61652,0
778.13709,0
778.65784,0
779.17876,0
779.69985,1.4266584e-014
780.22112,0
780.74256,0
781.26418,0
781.78597,0
782.30794,0
782.83008,0
783.35239,1.4266584e-014
783.87488,0
784.39754,0
784.92037,0
785.44338,0
785.96657,0
786.48993,0
787.01346,0
787.53717,0
788.06105,1.4266584e-014
788.5851,0
789.10933,1.4266584e-014
789.63373,0
790.15831,0
790.68306,0
791.20799,0
791.73309,0
792.25836,0
792.78381,-1.4266584e-014
793.30944,0
793.83523,0
794.3612,0
794.88735,0
795.41367,0
795.94016,0
796.46683,0
796.99367,0
797.52069,0
798.04788,0
798.57525,0
799.10278,0
799.6305,0
800.15838,0
800.68645,0
801.21468,0
801.74309,0
802.27168,0
802.80043,0
803.32937,0
803.85847,0
804.38775,0
804.91721,0
805.44684,0
805.97664,0
806.50662,0
807.03677,0
807.5671,0
808.0976,0
808.62827,0
809.15912,0
809.69014,0
810.22134,0
810.75271,0
811.28426,0
811.81597,0
812.34787,0
812.87994,0
813.41218,0
813.94459,0
814.47718,0
815.00995,0
815.54289,0
816.076,0
816.60929,1.4266584e-014
817.14275,1.4266584e-014
817.67638,-1.4266584e-014
818.21019,1.4266584e-014
818.74418,1.4266584e-014
819.27834,-1.4266584e-014
819.81267,1.4266584e-014
820.34718,1.4266584e-014
820.88186,1.4266584e-014
821.41671,-1.4266584e-014
821.95174,-1.4266584e-014
822.48694,-1.4266584e-014
823.02232,-1.4266584e-014
823.55787,1.4266584e-014
824.0936,1.4266584e-014
824.6295,-1.4266584e-014
825.16557,-1.4266584e-014
825.70182,1.4266584e-014
826.23824,1.4266584e-014
826.77484,-1.4266584e-014
827.31161,-1.4266584e-014
827.84856,1.4266584e-014
828.38567,1.4266584e-014
828.92297,1.4266584e-014
829.46044,1.4266584e-014
829.99808,1.4266584e-014
830.53589,1.4266584e-014
831.07388,-1.4266584e-014
831.61205,1.4266584e-014
832.15039,1.4266584e-014
832.6889,1.4266584e-014
833.22759,1.4266584e-014
833.76645,1.4266584e-014
834.30548,-1.4266584e-014
834.84469,1.4266584e-014
835.38408,-1.4266584e-014
835.92363,1.4266584e-014
836.46337,-1.4266584e-014
837.00327,1.4266584e-014
837.54335,1.4266584e-014
838.08361,1.4266584e-014
838.62404,-1.4266584e-014
839.16464,1.4266584e-014
839.70542,1.4266584e-014
840.24637,1.4266584e-014
840.78749,-1.4266584e-014
841.32879,1.4266584e-014
841.87027,-1.4266584e-014
842.41192,1.4266584e-014
842.95374,1.4266584e-014
843.49574,1.4266584e-014
844.03791,-1.4266584e-014
844.58025,1.4266584e-014
845.12277,1.4266584e-014
845.66546,-1.4266584e-014
846.20833,1.4266584e-014
846.75137,1.4266584e-014
847.29459,1.4266584e-014
847.83798,1.4266584e-014
848.38154,1.4266584e-014
848.92528,-1.4266584e-014
849.46919,-1.4266584e-014
850.01328,1.4266584e-014
850.55754,1.4266584e-014
851.10198,1.4266584e-014
851.64659,-1.4266584e-014
852.19137,-1.4266584e-014
852.73633,1.4266584e-014
853.28146,-1.4266584e-014
853.82677,1.4266584e-014
854.37225,1.4266584e-014
854.9179,1.4266584e-014
855.46373,1.4266584e-014
856.00973,1.4266584e-014
856.55591,-1.4266584e-014
857.10226,1.4266584e-014
857.64879,1.4266584e-014
858.19549,1.4266584e-014
858.74236,1.4266584e-014
859.28941,1.4266584e-014
859.83663,1.4266584e-014
860.38403,1.4266584e-014
860.9316,1.4266584e-014
861.47934,1.4266584e-014
862.02726,1.4266584e-014
862.57535,1.4266584e-014
863.12362,1.4266584e-014
863.67206,1.4266584e-014
864.22068,1.4266584e-014
864.76947,1.4266584e-014
865.31843,1.4266584e-014
865.86757,1.4266584e-014
866.41688,1.4266584e-014
866.96637,1.4266584e-014
867.51603,1.4266584e-014
868.06587,1.4266584e-014
868.61588,1.4266584e-014
869.16606,1.4266584e-014
869.71642,1.4266584e-014
870.26695,1.4266584e-014
870.81765,1.4266584e-014
871.36853,1.4266584e-014
871.91959,-1.4266584e-014
872.47082,-1.4266584e-014
873.02222,1.4266584e-014
873.5738,1.4266584e-014
874.12555,1.4266584e-014
874.67747,-1.4266584e-014
875.22957,1.4266584e-014
875.78185,1.4266584e-014
876.3343,1.4266584e-014
876.88692,-1.4266584e-014
877.43971,1.4266584e-014
877.99268,1.4266584e-014
878.54583,1.4266584e-014
879.09915,1.4266584e-014
879.65264,1.4266584e-014
880.20631,1.4266584e-014
880.76015,1.4266584e-014
881.31416,1.4266584e-014
881.86835,1.4266584e-014
882.42272,-1.4266584e-014
882.97726,1.4266584e-014
883.53197,1.4266584e-014
884.08686,1.4266584e-014
884.64192,1.4266584e-014
885.19715,1.4266584e-014
885.75256,1.4266584e-014
886.30814,1.4266584e-014
886.8639,1.4266584e-014
887.41983,1.4266584e-014
887.97594,1.4266584e-014
888.53222,1.4266584e-014
889.08867,-1.4266584e-014
889.6453,-1.4266584e-014
890.2021,1.4266584e-014
890.75908,1.4266584e-014
891.31623,1.4266584e-014
891.87356,1.4266584e-014
892.43106,1.4266584e-014
892.98873,-1.4266584e-014
893.54658,1.4266584e-014
894.1046,-1.4266584e-014
894.6628,1.4266584e-014
895.22117,1.4266584e-014
895.77971,1.4266584e-014
896.33843,1.4266584e-014
896.89732,-1.4266584e-014
897.45639,-1.4266584e-014
898.01563,1.4266584e-014
898.57505,1.4266584e-014
899.13463,1.4266584e-014
899.6944,1.4266584e-014
900.25434,-1.4266584e-014
900.81445,1.4266584e-014
901.37474,1.4266584e-014
901.9352,1.4266584e-014
902.49583,-1.4266584e-014
903.05664,-1.4266584e-014
903.61762,1.4266584e-014
904.17878,1.4266584e-014
904.74011,-1.4266584e-014
905.30162,1.4266584e-014
905.8633,-1.4266584e-014
906.42515,1.4266584e-014
906.98718,-1.4266584e-014
907.54938,1.4266584e-014
908.11176,1.4266584e-014
908.67431,-1.4266584e-014
909.23703,-1.4266584e-014
909.79993,-1.4266584e-014
910.36301,1.4266584e-014
910.92625,1.4266584e-014
911.48968,-1.4266584e-014
912.05327,1.4266584e-014
912.61704,-1.4266584e-014
913.18099,-1.4266584e-014
913.74511,1.4266584e-014
914.3094,-1.4266584e-014
914.87386,-1.4266584e-014
915.43851,-1.4266584e-014
916.00332,-1.4266584e-014
916.56831,1.4266584e-014
917.13347,1.4266584e-014
917.69881,-1.4266584e-014
918.26432,1.4266584e-014
918.83001,1.4266584e-014
919.39587,-1.4266584e-014
919.96191,-1.4266584e-014
920.52811,-1.4266584e-014
921.0945,-1.4266584e-014
921.66105,-1.4266584e-014
922.22779,-1.4266584e-014
922.79469,1.4266584e-014
923.36177,-1.4266584e-014
923.92902,-1.4266584e-014
924.49645,-1.4266584e-014
925.06406,-1.4266584e-014
925.63183,-1.4266584e-014
926.19978,-1.4266584e-014
926.76791,-1.4266584e-014
927.33621,-1.4266584e-014
927.90468,-1.4266584e-014
928.47333,-1.4266584e-014
929.04215,-1.4266584e-014
929.61114,1.4266584e-014
930.18031,-1.4266584e-014
930.74966,-1.4266584e-014
931.31918,-1.4266584e-014
931.88887,-1.4266584e-014
932.45874,-1.4266584e-014
933.02878,-1.4266584e-014
933.59899,-1.4266584e-014
934.16938,-1.4266584e-014
934.73995,1.4266584e-014
935.31068,-1.4266584e-014
935.88159,-1.4266584e-014
936.45268,-1.4266584e-014
937.02394,-1.4266584e-014
937.59538,1.4266584e-014
938.16698,-1.4266584e-014
938.73877,-1.4266584e-014
939.31072,1.4266584e-014
939.88286,1.4266584e-014
940.45516,1.4266584e-014
941.02764,-1.4266584e-014
941.60029,-1.4266584e-014
942.17312,-1.4266584e-014
942.74612,1.4266584e-014
943.3193,1.4266584e-014
943.89265,-1.4266584e-014
944.46618,1.4266584e-014
945.03987,-1.4266584e-014
945.61375,-1.4266584e-014
946.18779,-1.4266584e-014
946.76202,1.4266584e-014
947.33641,-1.4266584e-014
947.91098,1.4266584e-014
948.48573,1.4266584e-014
949.06064,-1.4266584e-014
949.63574,-1.4266584e-014
950.211,-1.4266584e-014
950.78644,1.4266584e-014
951.36206,1.4266584e-014
951.93785,-1.4266584e-014
952.51381,1.4266584e-014
953.08995,-1.4266584e-014
953.66626,1.4266584e-014
954.24275,-1.4266584e-014
954.81941,-1.4266584e-014
955.39624,0.00021219423
955.97325,0.00042445254
956.55043,0.00063677493
957.12779,0.00084916139
957.70532,0.0010616119
958.28303,0.0012741265
958.8609,0.0014867052
959.43896,0.001699348
960.01719,0.0019120549
960.59559,0.0021248258
961.17416,0.0023376608
961.75291,0.0025505599
962.33184,0.002763523
962.91094,0.0029765502
963.49021,0.0031896416
964.06966,0.0034027969
964.64928,0.0036160164
965.22907,0.0038292999
965.80904,0.0040426476
966.38919,0.0042560593
966.96951,0.004469535
967.55,0.0046830749
968.13067,0.0048966788
968.71151,0.0051103468
969.29252,0.0053240789
969.87371,0.005537875
970.45507,0.0057517353
971.03661,0.0059656596
971.61832,0.006179648
972.20021,0.0063937004
972.78227,0.006607817
973.3645,0.0068219976
973.94691,0.0070362423
974.52949,0.0072505511
975.11225,0.0074649239
975.69518,0.0076793608
976.27829,0.0078938619
976.86156,0.0081084269
977.44502,0.0083230561
978.02865,0.0085377493
978.61245,0.0087525066
979.19642,0.008967328
979.78057,0.0091822135
980.3649,0.009397163
980.9494,0.0096121767
981.53407,0.0098272544
982.11892,0.010042396
982.70394,0.010257602
983.28913,0.010472872
983.8745,0.010688206
984.46005,0.010903604
985.04576,0.011119066
985.63166,0.011334592
986.21772,0.011550183
986.80396,0.011765837
987.39038,0.011981556
987.97697,0.012197338
988.56373,0.012413185
989.15067,0.012629095
989.73778,0.01284507
990.32506,0.013061109
990.91252,0.013277212
991.50016,0.013493379
992.08797,0.01370961
992.67595,0.013925905
993.2641,0.014142264
993.85244,0.014358688
994.44094,0.014575175
995.02962,0.014791727
995.61847,0.015008342
996.2075,0.015225022
996.7967,0.015441766
997.38608,0.015658573
997.97563,0.015875445
998.56535,0.016092381
999.15525,0.016309381
999.74532,0.016526445
1000.3356,0.016743573
1000.926,0.016960766
1001.5166,0.017178022
1002.1074,0.017395342
1002.6983,0.017612727
1003.2894,0.017830175
1003.8807,0.018047688
1004.4722,0.018265265
1005.0638,0.018482905
1005.6556,0.01870061
1006.2476,0.018918379
1006.8398,0.019136212
1007.4321,0.019354109
1008.0246,0.01957207
1008.6173,0.019790096
1009.2102,0.020008185
1009.8032,0.020226338
1010.3964,0.020444556
1010.9898,0.020662837
1011.5834,0.020881183
1012.1771,0.021099593
1012.771,0.021318066
1013.3651,0.021536604
1013.9593,0.021755206
1014.5538,0.021973872
1015.1484,0.022192602
1015.7431,0.022411397
1016.3381,0.022630255
1016.9332,0.022849177
1017.5285,0.023068163
1018.124,0.023287214
1018.7196,0.023506329
1019.3154,0.023725507
1019.9114,0.02394475
1020.5076,0.024164057
1021.1039,0.024383427
1021.7005,0.024602862
1022.2972,0.024822361
1022.894,0.025041925
1023.4911,0.025261552
1024.0883,0.025481243
1024.6857,0.025700998
1025.2832,0.025920818
1025.881,0.026140701
1026.4789,0.026360649
1027.077,0.02658066
1027.6752,0.026800736
1028.2737,0.027020876
1028.8723,0.02724108
1029.471,0.027461348
1030.07,0.02768168
1030.6691,0.027902076
1031.2684,0.028122536
1031.8679,0.02834306
1032.4676,0.028563648
1033.0674,0.028784301
1033.6674,0.029005017
1034.2676,0.029225798
1034.8679,0.029446642
1035.4684,0.029667551
1036.0691,0.029888524
1036.67,0.030109561
1037.2711,0.030330662
1037.8723,0.030551827
1038.4737,0.030773056
1039.0752,0.030994349
1039.677,0.031215706
1040.2789,0.031437128
1040.881,0.031658613
1041.4833,0.031880162
1042.0857,0.032101776
1042.6883,0.032323454
1043.2911,0.032545195
1043.8941,0.032767001
1044.4972,0.032988871
1045.1005,0.033210805
1045.704,0.033432803
1046.3077,0.033654865
1046.9115,0.033876991
1047.5155,0.034099181
1048.1197,0.034321436
1048.724,0.034543754
1049.3286,0.034766137
1049.9333,0.034988583
1050.5382,0.035211094
1051.1432,0.035433669
1051.7484,0.035656307
1052.3538,0.03587901
1052.9594,0.036101777
1053.5652,0.036324608
1054.1711,0.036547503
1054.7772,0.036770462
1055.3835,0.036993486
1055.9899,0.037216573
1056.5965,0.037439724
1057.2033,0.03766294
1057.8103,0.037886219
1058.4174,0.038109563
1059.0247,0.038332971
1059.6322,0.038556442
1060.2399,0.038779978
1060.8477,0.039003578
1061.4558,0.039227242
1062.0639,0.03945097
1062.6723,0.039674763
1063.2808,0.039898619
1063.8896,0.040122539
1064.4984,0.040346524
1065.1075,0.040570572
1065.7167,0.040794685
1066.3261,0.041018861
1066.9357,0.041243102
1067.5455,0.041467407
1068.1554,0.041691776
1068.7655,0.041916209
1069.3758,0.042140706
1069.9862,0.042365267
1070.5969,0.042589892
1071.2077,0.042814581
1071.8186,0.043039334
1072.4298,0.043264152
1073.0411,0.043489033
1073.6526,0.043713979
1074.2643,0.043938988
1074.8761,0.044164062
1075.4882,0.0443892
1076.1004,0.044614402
1076.7127,0.044839668
1077.3253,0.045064998
1077.938,0.045290392
1078.5509,0.04551585
1079.1639,0.045741372
1079.7772,0.045966959
1080.3906,0.046192609
1081.0042,0.046418324
1081.6179,0.046644102
1082.2319,0.046869945
1082.846,0.047095851
1083.4603,0.047321822
1084.0747,0.047547857
1084.6894,0.047773956
1085.3042,0.048000119
1085.9192,0.048226346
1086.5343,0.048452637
1087.1496,0.048678993
1087.7651,0.048905412
1088.3808,0.049131895
1088.9967,0.049358443
1089.6127,0.049585054
1090.2289,0.04981173
1090.8453,0.05003847
1091.4618,0.050265273
1092.0786,0.050492141
1092.6954,0.050719073
1093.3125,0.050946069
1093.9298,0.051173129
1094.5472,0.051400254
1095.1648,0.051627442
1095.7826,0.03616842
1096.4005,0.052082011
1097.0186,0.052309391
1097.6369,0.052536836
1098.2554,0.052764344
1098.874,0.052991917
1099.4928,0.053219554
1100.1118,0.053447255
1100.731,0.05367502
1101.3503,0.053902849
1101.9698,0.054130742
1102.5895,0.054358699
1103.2094,0.05458672
1103.8294,0.054814805
1104.4496,0.055042955
1105.07,0.055271168
1105.6905,0.055499446
1106.3113,0.055727788
1106.9322,0.055956193
1107.5532,0.056184663
1108.1745,0.056413197
1108.7959,0.056641795
1109.4175,0.056870457
1110.0393,0.057099183
1110.6613,0.057327973
1111.2834,0.057556827
1111.9057,0.057785746
1112.5281,0.058014728
1113.1508,0.058243775
1113.7736,0.058472885
1114.3966,0.05870206
1115.0198,0.058931299
1115.6431,0.059160601
1116.2666,0.059389968
1116.8903,0.059619399
1117.5142,0.059848894
1118.1382,0.060078453
1118.7624,0.060308076
1119.3868,0.060537764
1120.0114,0.060767515
1120.6361,0.06099733
1121.261,0.06122721
1121.8861,0.061457154
1122.5114,0.061687161
1123.1368,0.061917233
1123.7624,0.062147369
1124.3882,0.062377569
1125.0142,0.062607833
1125.6403,0.062838161
1126.2666,0.063068553
1126.8931,0.063299009
1127.5197,0.063529529
1128.1466,0.063760113
1128.7736,0.063990762
1129.4007,0.064221474
1130.0281,0.064452251
1130.6556,0.064683092
1131.2833,0.064913996
1131.9112,0.065144965
1132.5392,0.065375998
1133.1674,0.065607095
1133.7958,0.065838256
1134.4244,0.050383206
1135.0531,0.050614496
1135.6821,0.058688986
1136.3111,0.0040184427
1136.9404,0.012093061
1137.5698,0.067226568
1138.1995,0.067458177
1138.8293,-0.018584659
1139.4592,0.020862765
1140.0893,0.060310253
1140.7197,0.02916957
1141.3501,0.068617186
1141.9808,0.06884918
1142.6116,0.037708689
1143.2426,-0.048333698
1143.8738,0.069545547
1144.5052,0.069777797
1145.1367,0.070010112
1145.7684,0.07024249
1146.4003,0.070474933
1147.0323,0.070707439
1147.6646,0.07094001
1148.297,0.071172645
1148.9295,0.071405344
1149.5623,0.071638107
1150.1952,-0.022246713
1150.8283,0.032888138
1151.4616,0.07233678
1152.095,0.072569799
1152.7286,0.072802883
1153.3624,0.07303603
1153.9964,0.018367281
1154.6306,-0.099046503
1155.2649,0.026677033
1155.8994,0.07396926
1156.534,0.074202728
1157.1689,0.07443626
1157.8039,0.074669856
1158.4391,0.027844692
1159.0744,-0.081725505
1159.71,-0.026589756
1160.3457,0.036389194
1160.9816,0.075838797
1161.6176,0.076072777
1162.2538,0.076306822
1162.8903,0.07654093
1163.5268,0.076775103
1164.1636,0.07700934
1164.8005,0.077243641
1165.4376,0.077478005
1166.0749,0.077712434
1166.7124,0.077946927
1167.35,0.078181485
1167.9878,0.078416106
1168.6258,0.078650791
1169.2639,0.031826717
1169.9022,0.079120354
1170.5407,0.079355231
1171.1794,0.079590173
1171.8182,0.079825178
1172.4573,0.080060248
1173.0965,0.080295382
1173.7358,0.064844305
1174.3754,-0.021194943
1175.0151,0.010412933
1175.655,-0.0050379519
1176.295,0.065785738
1176.9353,0.034648707
1177.5757,0.042727426
1178.2163,0.066492485
1178.857,0.011826234
1179.498,0.082650244
1180.1391,0.082886083
1180.7804,-0.050211348
1181.4218,-0.065661655
1182.0635,-0.041896213
1182.7053,-0.088718941
1183.3472,-0.16691415
1183.9894,0.0058710878
1184.6317,0.084538748
1185.2742,0.084775099
1185.9169,0.085011514
1186.5598,0.085247994
1187.2028,0.085484537
1187.846,0.085721145
1188.4894,0.085957816
1189.1329,0.086194552
1189.7766,0.086431352
1190.4205,0.086668216
1191.0646,-0.022898778
1191.7088,-0.022661786
1192.3533,0.048163506
1192.9979,-0.014344472
1193.6426,-0.061166112
1194.2876,-0.021713177
1194.9327,0.049112371
1195.578,0.033663473
1196.2234,0.080959737
1196.8691,0.089040379
1197.5149,0.089277948
1198.1609,0.08951558
1198.807,0.089753277
1199.4534,0.082147901
1200.0999,0.090228863
1200.7466,0.090466752
1201.3934,0.051489019
1202.0405,-0.2306259
1202.6877,-0.183329
1203.335,-0.010541835
1203.9826,0.0053826492
1204.6303,0.021307197
1205.2782,-0.0098270141
1205.9263,-0.01743175
1206.5746,-0.0015070093
1207.223,0.092849168
1207.8716,0.093087762
1208.5204,0.077640145
1209.1693,0.077878867
1209.8184,0.093803928
1210.4677,0.094042778
1211.1172,0.094281693
1211.7668,0.094520671
1212.4167,0.094759714
1213.0667,0.09499882
1213.7168,0.071708579
1214.3672,0.02488899
1215.0177,0.0015988772
1215.6684,-0.037377446
1216.3192,0.033450216
1216.9703,0.096434805
1217.6215,0.049615537
1218.2729,0.096913979
1218.9244,0.065781114
1219.5762,0.073863998
1220.2281,0.097633222
1220.8802,0.097873097
1221.5324,0.043211076
1222.1849,0.09835304
1222.8375,0.098593108
1223.4902,0.09883324
1224.1432,0.099073436
1224.7963,0.099313696
1225.4496,0.09955402
1226.1031,0.099794408
1226.7568,0.10003486
1227.4106,0.10027538
1228.0646,0.10051596
1228.7188,0.006638954
1229.3731,-0.11861053
1230.0276,-0.17327172
1230.6823,-0.00048186554
1231.3372,0.01544531
1231.9922,0.10196078
1232.6475,0.00063878911
1233.3029,-0.037937938
1233.9584,-0.021612535
1234.6142,-0.028816374
1235.2701,-0.16935338
1235.9262,-0.01969413
1236.5824,-0.15238766
1237.2389,-0.16743395
1237.8955,-0.041303608
1238.5523,-0.0092907414
1239.2092,0.038408569
1239.8664,0.10963746
1240.5237,0.11027829
1241.1812,0.10307615
1241.8388,-0.17079249
1242.4967,0.065142965
1243.1547,0.11284329
1243.8128,0.11348497
1244.4712,0.11412682
1245.1297,0.012808048
1245.7884,0.036979645
1246.4473,0.11605337
1247.1064,0.014735114
1247.7656,-0.031681014
1248.425,-0.11731266
1249.0846,-0.11666962
1249.7443,0.032993188
1250.4042,-0.12322618
1251.0643,0.010750694
1251.7246,0.066296369
1252.385,-0.019334257
1253.0457,0.067584306
1253.7064,0.12313049
1254.3674,0.12377488
1255.0286,0.12441945
1255.6899,0.12506418
1256.3514,0.12570908
1257.013,0.087138468
1257.6749,0.1269994
1258.3369,0.12764481
1258.9991,0.12829039
1259.6614,0.12109301
1260.324,0.12958206
1260.9867,0.12238502
1261.6496,0.10734501
1262.3126,0.021716926
1262.9758,0.045892939
1263.6392,-0.024048526
1264.3028,0.055029787
1264.9666,0.118422
1265.6305,0.07985359
1266.2946,0.096187314
1266.9589,0.096834934
1267.6233,0.089639586
1268.288,-0.027359513
1268.9528,-0.06592707
1269.6177,-0.31625916
1270.2829,0.084389306
1270.9482,0.13993991
1271.6137,0.054314204
1272.2794,0.14123769
1272.9452,0.14188684
1273.6112,0.13469302
1274.2774,0.01769545
1274.9438,0.057560794
1275.6103,0.14448513
1276.2771,0.11376258
1276.9439,0.028138237
1277.611,0.083690534
1278.2783,0.037282218
1278.9457,0.053619169
1279.6132,0.054270015
1280.281,0.094136718
1280.9489,0.079101629
1281.6171,0.079752985
1282.2853,0.14314961
1282.9538,0.15164444
1283.6224,0.15229631
1284.2912,0.15294834
1284.9602,0.15360055
1285.6294,0.15425292
1286.2987,0.15490547
1286.9682,0.15555818
1287.6379,0.14052479
1288.3077,0.15686412
1288.9778,0.15751734
1289.648,0.03268054
1290.3183,0.1588243
1290.9889,0.12026235
1291.6596,-0.098691593
1292.3305,-0.2627434
1293.0016,-0.08954014
1293.6728,-0.088885727
1294.3442,0.0686316
1295.0158,-0.079733255
1295.6876,-0.039862647
1296.3595,0.062753229
1297.0316,-0.022866019
1297.7039,0.024848236
1298.3764,0.16668031
1299.049,0.096747844
1299.7218,0.058188099
1300.3948,0.027471661
1301.068,0.012441667
1301.7413,-0.0025881573
1302.4148,-0.001931537
1303.0885,-0.22872573
1303.7624,-0.024147199
1304.4364,0.10200013
1305.1106,0.071284878
1305.785,0.16605999
1306.4595,0.064756849
1307.1343,0.081100933
1307.8092,0.12881773
1308.4843,0.16084843
1309.1595,0.012487143
1309.8349,0.083733867
1310.5105,0.12360821
1311.1863,0.13211018
1311.8622,0.16414172
1312.5384,0.1255852
1313.2147,0.032126895
1313.8911,-0.27309595
1314.5678,-0.092044117
1315.2446,0.026262789
1315.9216,-0.075037979
1316.5988,0.066798678
1317.2761,0.083145309
1317.9536,0.036747012
1318.6313,-0.095925625
1319.3092,-0.29134319
1319.9872,-0.13381941
1320.6654,0.047233952
1321.3438,0.13416984
1322.0224,-0.022031363
1322.7011,0.025689176
1323.38,-0.0050214887
1324.0591,0.034856252
1324.7384,0.15316554
1325.4178,0.18520048
1326.0974,0.091745395
1326.7772,0.13946695
1327.4571,0.17934554
1328.1372,0.1564792
1328.8176,0.16498558
1329.498,0.15780586
1330.1787,0.19768513
1330.8595,0.10423124
1331.5405,0.034306923
1332.2217,-0.03561722
1332.903,0.10622351
1333.5845,0.20100559
1334.2662,0.20167019
1334.9481,0.20233497
1335.6302,0.1794705
1336.3124,0.10954737
1336.9948,0.1415852
1337.6773,0.10303497
1338.3601,0.1899751
1339.043,0.19848402
1339.7261,0.13640489
1340.4093,0.082169057
1341.0928,0.15342359
1341.7764,0.091344964
1342.4602,-0.12759624
1343.1441,0.10052155
1343.8283,0.085502255
1344.5126,0.16460078
1345.1971,0.016248488
1345.8817,0.0639748
1346.5666,-0.060847737
1347.2516,0.2143299
1347.9367,0.14440966
1348.6221,0.18429351
1349.3076,0.16927558
1349.9933,0.21700291
1350.6792,0.10002453
1351.3652,0.17912475
1352.0515,0.14057808
1352.7379,0.20399236
1353.4244,0.19681858
1354.1112,0.13474301
1354.7981,0.056981334
1355.4852,0.026278651
1356.1725,0.01910555
1356.8599,-0.0037536556
1357.5475,-0.097200927
1358.2353,-0.057314695
1358.9233,-0.22134986
1359.6114,-0.095188781
1360.2998,-0.10236086
1360.9882,-0.13306219
1361.6769,0.0087856783
1362.3657,-0.045444718
1363.0548,-0.076145533
1363.7439,0.026487156
1364.4333,-0.051272143
1365.1228,-0.081972448
1365.8125,0.067719573
1366.5024,0.17035294
1367.1925,0.13992301
1367.8827,0.13302867
1368.5731,0.24378757
1369.2637,0.33102323
1369.9545,0.18297095
1370.6454,0.058454266
1371.3365,0.043747676
1372.0278,0.22512569
1372.7192,0.10062754
1373.4108,0.24280223
1374.1026,0.36929682
1374.7946,0.37815053
1375.4868,0.41053982
1376.1791,0.14489608
1376.8716,0.53808205
1377.5642,0.55480361
1378.2571,0.50878624
1378.9501,0.58042211
1379.6433,0.51088769
1380.3367,0.61390846
1381.0302,0.63850404
1381.7239,0.7258509
1382.4178,0.66418433
1383.1119,0.75938667
1383.8061,0.72126186
1384.5005,0.79294715
1385.1951,0.70777588
1385.8899,0.57555195
1386.5848,0.74137342
1387.2799,0.87582852
1387.9752,0.7593094
1388.6706,0.54867882
1389.3663,0.70668186
1390.0621,0.6999852
1390.7581,0.7325104
1391.4542,0.86700256
1392.1505,0.97012835
1392.847,1.0811035
1393.5437,1.1685553
1394.2406,1.0991506
1394.9376,1.194458
1395.6348,1.2662421
1396.3322,1.2909736
1397.0297,1.2764956
1397.7274,1.1600629
1398.4253,1.3416757
1399.1234,1.2958437
1399.8216,1.2578609
1400.5201,1.4159628
1401.2187,1.4328944
1401.9174,1.4106165
1402.6164,1.3805016
1403.3155,1.3111772
1404.0148,1.3516629
1404.7142,1.4862724
1405.4139,1.5659862
1406.1137,1.6064904
1406.8137,1.6077852
1407.5138,1.5541841
1408.2142,1.5790206
1408.9147,1.7371966
1409.6153,1.7620455
1410.3162,1.7633711
1411.0172,1.7882323
1411.7184,1.8366291
1412.4198,1.7909144
1413.1214,1.807951
1413.8231,1.8014644
1414.525,1.6773369
1415.2271,1.5375293
1415.9293,1.5938063
1416.6318,1.7206777
1417.3344,1.8946141
1418.0371,1.9430665
1418.7401,1.8425054
1419.4432,2.0870486
1420.1465,2.0257156
1420.85,2.0428202
1421.5536,2.0913035
1422.2574,2.0613616
1422.9614,1.9059356
1423.6656,1.8838492
1424.3699,1.9009846
1425.0744,2.020087
1425.7791,2.1235093
1426.484,2.1563496
1427.189,2.0401764
1427.8942,2.1671467
1428.5996,1.8078486
1429.3052,2.0054194
1430.0109,2.1637807
1430.7168,2.1809718
1431.4229,2.143267
1432.1292,2.191843
1432.8356,1.9894447
1433.5422,2.2497977
1434.249,2.2356471
1434.9559,2.5901301
1435.6631,2.3877565
1436.3704,2.5069578
1437.0778,2.6653809
1437.7855,2.7453788
1438.4933,2.7077358
1439.2013,2.7877461
1439.9095,2.7658017
1440.6178,2.8066087
1441.3263,2.7846767
1442.035,2.7078489
1442.7439,2.7173018
1443.4529,2.8836236
1444.1622,2.7205399
1444.8716,2.9731486
1445.5811,2.9355674
1446.2909,2.9058355
1447.0008,2.6329726
1447.7109,2.5954099
1448.4211,2.2676573
1449.1316,2.8340286
1449.8422,3.1651119
1450.553,3.1511034
1451.2639,2.9331794
1451.9751,2.9113401
1452.6864,3.062056
1453.3978,3.2049349
1454.1095,3.2066435
1454.8213,3.1769857
1455.5333,3.2414518
1456.2455,3.4000417
1456.9579,3.0488338
1457.6704,3.1603773
1458.3831,3.1542798
1459.096,3.3128944
1459.809,3.1107309
1460.5222,3.277201
1461.2356,3.3966184
1461.9492,3.3513362
1462.663,3.5727268
1463.3769,3.5745157
1464.091,3.1998402
1464.8052,3.2408572
1465.5197,3.2740372
1466.2343,2.9621253
1466.9491,3.2462981
1467.6641,3.3108691
1468.3792,3.0460346
1469.0945,3.3145396
1469.81,3.5203057
1470.5257,3.3652937
1471.2415,3.3044055
1471.9575,3.5494058
1472.6737,3.8806868
1473.3901,3.8433465
1474.1066,3.6177771
1474.8233,3.7608413
1475.5402,3.9431274
1476.2572,3.9764001
1476.9745,3.9626201
1477.6919,3.6743365
1478.4095,3.6997845
1479.1272,3.8193564
1479.8451,3.8605031
1480.5632,3.6114599
1481.2815,3.2839915
1482,3.8271175
1482.7186,3.7271124
1483.4374,4.0349567
1484.1564,4.2879051
1484.8755,4.2428206
1485.5948,4.1585265
1486.3143,4.1997287
1487.034,4.2723098
1487.7538,4.3997989
1488.4739,4.3469021
1489.194,4.3175408
1489.9144,4.1626956
1490.6349,4.0862879
1491.3557,4.0569452
1492.0765,4.3962361
1492.7976,4.382592
1493.5188,4.5179737
1494.2403,4.6376753
1494.9618,4.5299321
1495.6836,4.414352
1496.4055,4.5340721
1497.1276,4.7871318
1497.8499,4.5931388
1498.5724,4.5481716
1499.295,4.5737988
1500.0178,4.8582557
1500.7408,4.8211501
1501.4639,4.7291488
1502.1873,4.7391145
1502.9108,4.8196745
1503.6345,5.0022015
1504.3583,4.8710092
1505.0823,4.9359015
1505.8065,4.9380549
1506.5309,4.9872733
1507.2554,5.1149292
1507.9802,5.0935718
1508.7051,4.8526126
1509.4301,5.1293067
1510.1554,5.0295363
1510.8808,4.7964389
1511.6064,4.9006024
1512.3321,4.8949683
1513.0581,4.8579678
1513.7842,4.8288166
1514.5105,4.4153578
1515.2369,5.0293562
1515.9636,5.1884588
1516.6904,5.0103127
1517.4174,5.1615846
1518.1445,5.5167841
1518.8719,5.6053232
1519.5994,5.6624959
1520.3271,5.5784984
1521.0549,5.5101932
1521.7829,5.1752276
1522.5111,5.2324251
1523.2395,5.477864
1523.9681,5.5586032
1524.6968,5.607976
1525.4257,5.2102962
1526.1548,5.2439951
1526.884,5.4894649
1527.6135,5.63298
1528.3431,5.6823837
1529.0728,5.5984603
1529.8028,5.5380724
1530.5329,5.3522006
1531.2632,5.62908
1531.9937,5.7804754
1532.7243,5.6573671
1533.4551,5.5185788
1534.1861,5.3405809
1534.9173,5.3586677
1535.6486,5.7453881
1536.3801,6.0066244
1537.1118,5.6561023
1537.8437,5.6585275
1538.5757,5.7393902
1539.3079,5.867318
1540.0403,5.4070166
1540.7729,5.7702508
1541.5056,6.0158441
1542.2385,5.8692868
1542.9716,5.8795984
1543.7048,5.9056024
1544.4383,6.0414165
1545.1719,6.0909623
1545.9057,6.1326711
1546.6396,6.1979155
1547.3737,6.200421
1548.108,6.0852857
1548.8425,6.1819212
1549.5772,6.231504
1550.312,6.4614852
1551.047,6.369904
1551.7822,6.2077406
1552.5175,6.2181325
1553.253,5.9069619
1553.9887,6.1605034
1554.7246,6.4846393
1555.4606,6.33035
1556.1968,5.9564591
1556.9332,5.8413978
1557.6698,5.7812447
1558.4065,6.0348233
1559.1434,5.9825256
1559.8805,5.9067048
1560.6178,5.9799097
1561.3552,5.833513
1562.0928,6.1733969
1562.8306,6.2074047
1563.5686,6.3120069
1564.3067,6.7224976
1565.045,6.8271121
1565.7835,6.2415368
1566.5222,6.0716539
1567.261,6.2076595
1568,6.2495536
1568.7392,6.5345912
1569.4785,6.6392428
1570.2181,6.594881
1570.9578,6.017192
1571.6976,6.2159798
1572.4377,6.0226169
1573.1779,6.4959269
1573.9183,6.9927724
1574.6589,6.7131535
1575.3996,6.4413839
1576.1405,6.6872676
1576.8816,7.0900202
1577.6229,6.9594457
1578.3643,6.468093
1579.106,6.8943935
1579.8478,6.9050139
1580.5897,6.2019151
1581.3319,6.7537243
1582.0742,7.1251476
1582.8167,6.5004987
1583.5593,6.5738951
1584.3022,6.835533
1585.0452,7.2540398
1585.7883,6.8176508
1586.5317,6.4204837
1587.2752,6.603715
1588.0189,6.6457759
1588.7628,6.5937254
1589.5069,6.7534457
1590.2511,6.8347409
1590.9955,6.8376109
1591.7401,6.9502909
1592.4848,7.3610164
1593.2298,7.1756696
1593.9749,7.0217015
1594.7201,7.3383279
1595.4656,7.6392741
1596.2112,7.8225795
1596.957,7.5353028
1597.703,7.2794048
1598.4491,7.2274346
1599.1955,7.371549
1599.9419,7.429395
1600.6886,7.2048943
1601.4355,7.2392233
1602.1825,7.7912056
1602.9297,7.7863312
1603.677,7.9853846
1604.4246,8.058954
1605.1723,8.0227257
1605.9202,8.0414055
1606.6682,8.0051895
1607.4165,7.9925091
1608.1649,8.3406192
1608.9135,8.2338335
1609.6622,8.3152892
1610.4112,8.1300845
1611.1603,8.1017487
1611.9095,7.9087132
1612.659,7.4960761
1613.4086,7.6010921
1614.1584,7.2747418
1614.9084,7.309182
1615.6586,7.4691186
1616.4089,7.2761202
1617.1594,6.8870495
1617.9101,6.6391614
1618.6609,7.0893188
1619.4119,7.5159529
1620.1631,7.0641618
1620.9145,6.8398279
1621.666,6.8115786
1622.4178,7.1676492
1623.1697,7.4609808
1623.9217,7.6915736
1624.674,7.7653098
1625.4264,7.9723855
1626.179,8.1716242
1626.9317,8.2767515
1627.6847,8.1544339
1628.4378,7.883103
1629.1911,8.2627586
1629.9445,8.2973223
1630.6982,7.7436569
1631.452,7.150782
1632.206,7.679482
1632.9601,7.7768155
1633.7145,7.8270964
1634.469,7.6734619
1635.2237,7.8178728
1635.9785,8.1191526
1636.7335,8.3027916
1637.4887,8.7531034
1638.2441,8.5445978
1638.9997,8.8694318
1639.7554,8.5354483
1640.5113,8.5544123
1641.2674,8.377304
1642.0236,8.9296136
1642.78,8.7838902
1643.5366,7.8852318
1644.2934,8.4218737
1645.0504,8.5271492
1645.8075,7.9187054
1646.5648,7.5769345
1647.3222,7.6979148
1648.0799,7.0189013
1648.8377,7.4065607
1649.5957,7.4255988
1650.3538,7.272094
1651.1122,7.7068307
1651.8707,7.6866716
1652.6294,7.1880873
1653.3882,7.3561759
1654.1473,7.5870158
1654.9065,8.2413912
1655.6659,8.966361
1656.4254,8.3266312
1657.1852,7.4751428
1657.9451,7.3844449
1658.7052,7.8114003
1659.4654,7.6030677
1660.2258,7.9359177
1660.9864,8.1981857
1661.7472,7.6604599
1662.5082,6.8168579
1663.2693,6.5771836
1664.0306,6.6120253
1664.7921,6.8429517
1665.5537,7.3640802
1666.3155,7.8773719
1667.0775,8.4377285
1667.8397,8.354954
1668.6021,8.5937544
1669.3646,8.4404041
1670.1273,8.4125501
1670.8901,8.5807808
1671.6532,8.4431352
1672.4164,7.8192214
1673.1798,7.7600196
1673.9434,8.4145495
1674.7071,8.3788894
1675.471,8.1000983
1676.2351,8.0017055
1676.9994,7.7307699
1677.7638,8.1108209
1678.5284,7.8085251
1679.2932,6.855255
1680.0581,7.8000304
1680.8233,7.6310865
1681.5886,8.0425409
1682.3541,7.97557
1683.1197,9.0144878
1683.8855,9.2534117
1684.6515,9.3668516
1685.4177,8.8999055
1686.1841,8.8957106
1686.9506,9.0797573
1687.7173,8.6363591
1688.4842,8.9145358
1689.2512,8.9574245
1690.0184,8.921888
1690.7858,8.6902793
1691.5534,8.0665199
1692.3212,8.0780607
1693.0891,8.1523529
1693.8572,7.9442983
1694.6254,8.0264459
1695.3939,8.4380115
1696.1625,8.5672303
1696.9313,8.3905729
1697.7002,8.1590198
1698.4694,7.8333552
1699.2387,7.2724026
1700.0082,7.4800837
1700.7778,7.8289475
1701.5477,7.6052683
1702.3177,7.8286542
1703.0879,7.5187129
1703.8582,7.5852484
1704.6288,7.9106136
1705.3995,7.608534
1706.1704,7.7143038
1706.9414,7.5220404
1707.7126,7.5493911
1708.484,7.7022382
1709.2556,7.2354836
1710.0274,7.9295195
1710.7993,8.1529733
1711.5714,8.5176098
1712.3437,8.4508799
1713.1161,8.0625876
1713.8887,8.9684191
1714.6615,8.744845
1715.4345,8.3408849
1716.2076,8.7683035
1716.981,8.5761205
1717.7545,8.5800221
1718.5281,8.9760867
1719.302,9.4035301
1720.076,8.7015679
1720.8502,7.9682393
1721.6245,7.9643286
1722.3991,8.9329731
1723.1738,8.6780944
1723.9487,8.2036141
1724.7237,7.791885
1725.499,8.0938876
1726.2744,8.0115826
1727.05,8.0312446
1727.8257,8.5528735
1728.6017,8.0862734
1729.3778,9.1804637
1730.154,10.007994
1730.9305,9.6276864
1731.7071,9.6081698
1732.4839,9.3690515
1733.2609,8.878959
1734.0381,8.3182844
1734.8154,7.7262435
1735.5929,8.3812675
1736.3706,8.6049252
1737.1484,7.5423146
1737.9264,7.0601023
1738.7046,6.8837785
1739.483,6.3231472
1740.2615,6.4527181
1741.0403,7.3038638
1741.8191,6.1785452
1742.5982,6.3473503
1743.3775,6.1083185
1744.1569,7.3516458
1744.9365,7.5910577
1745.7162,7.7442013
1746.4962,7.5600962
1747.2763,6.6701149
1748.0566,7.1605319
1748.837,7.1411511
1749.6177,7.4198158
1750.3985,6.8984867
1751.1795,7.137948
1751.9606,6.6872194
1752.7419,6.6521833
1753.5234,6.6171534
1754.3051,6.0095806
1755.087,6.3824061
1755.869,6.7317085
1756.6512,6.7908209
1757.4336,6.6773905
1758.2161,6.9169074
1758.9989,7.0466266
1759.7818,7.4508617
1760.5648,6.9452992
1761.3481,7.310331
1762.1315,8.0832122
1762.9151,8.0325701
1763.6989,7.401542
1764.4828,7.2254221
1765.2669,7.0414652
1766.0512,7.4928086
1766.8357,6.9323935
1767.6203,7.3602199
1768.4052,7.2233465
1769.1901,6.5374597
1769.9753,6.9966772
1770.7606,6.4755086
1771.5462,6.8955227
1772.3318,6.8135822
1773.1177,7.1787067
1773.9037,8.4614844
1774.6899,7.8148566
1775.4763,7.6466663
1776.2629,8.443188
1777.0496,9.0201081
1777.8365,9.1970344
1778.6236,9.0759276
1779.4109,8.2411015
1780.1983,7.1317718
1780.9859,7.2302914
1781.7737,7.775876
1782.5616,6.5724472
1783.3497,6.4513775
1784.138,6.9342356
1784.9265,6.232786
1785.7152,6.0725192
1786.504,5.4181409
1787.293,5.2657295
1788.0822,5.5995988
1788.8715,5.9256312
1789.661,6.1183364
1790.4507,5.6286948
1791.2406,5.397883
1792.0306,5.1827636
1792.8208,5.5558856
1793.6112,6.2348962
1794.4018,6.7570503
1795.1925,5.765485
1795.9834,5.754318
1796.7745,5.3745298
1797.5658,5.410434
1798.3572,4.9757562
1799.1488,5.5606924
1799.9406,4.6554387
1800.7326,4.0325441
1801.5247,4.8057341
1802.317,5.9318715
1803.1095,5.6305641
1803.9021,6.5135766
1804.695,6.4946344
1805.488,7.189424
1806.2811,6.5822589
1807.0745,6.1790216
1807.868,6.3169669
1808.6617,6.5019772
1809.4556,5.6830721
1810.2496,5.3347615
1811.0439,5.3707707
1811.8383,6.0891391
1812.6328,5.1761411
1813.4276,5.2906002
1814.2225,5.3580068
1815.0176,5.3626743
1815.8128,5.4928383
1816.6083,5.3328124
1817.4039,5.1571063
1818.1997,5.2872888
1818.9957,5.5586539
1819.7918,6.4496331
1820.5881,7.7798341
1821.3846,7.5178845
1822.1813,7.5069214
1822.9781,7.0175331
1823.7751,7.6026608
1824.5723,7.638775
1825.3696,7.2905818
1826.1672,6.9345515
1826.9649,6.3118608
1827.7628,5.2578037
1828.5608,4.7684586
1829.359,4.2242178
1830.1574,4.9427282
1830.956,4.641637
1831.7548,3.940552
1832.5537,4.4865319
1833.3528,5.0168318
1834.1521,4.2216476
1834.9515,4.4382344
1835.7511,6.1450234
1836.5509,5.8439754
1837.3509,5.4645022
1838.151,4.8654274
1838.9514,3.4898881
1839.7519,3.4476884
1840.5525,4.2054948
1841.3534,3.9750721
1842.1544,3.1093615
1842.9556,3.6789512
1843.7569,3.4014882
1844.5585,2.873051
1845.3602,3.0818749
1846.1621,3.7612932
1846.9641,3.8760118
1847.7664,4.2809327
1848.5688,4.2780166
1849.3713,4.9025577
1850.1741,5.2918108
1850.977,5.1869524
1851.7801,4.7056297
1852.5834,5.6047052
1853.3869,6.8724144
1854.1905,6.210718
1854.9943,5.1804004
1855.7983,4.7696967
1856.6024,5.3786071
1857.4068,5.5404648
1858.2113,4.0552699
1859.0159,4.5465518
1859.8208,3.9554869
1860.6258,4.7605066
1861.431,4.3184736
1862.2364,3.2646821
1863.0419,4.3050145
1863.8476,4.7022157
1864.6535,5.3347173
1865.4596,4.7985976
1866.2658,4.3801311
1867.0722,5.7342199
1867.8788,4.9079226
1868.6856,4.9522198
1869.4925,5.8984839
1870.2996,5.9663228
1871.1069,5.2106385
1871.9144,4.8471172
1872.722,3.6287002
1873.5298,3.8926422
1874.3378,4.1801199
1875.146,3.5734861
1875.9543,2.8099957
1876.7628,2.1170997
1877.5715,3.1967589
1878.3803,3.3587773
1879.1894,2.8541351
1879.9986,2.741656
1880.8079,3.2566341
1881.6175,2.4539713
1882.4272,2.6944519
1883.2371,2.9976837
1884.0472,3.2381767
1884.8574,3.4394601
1885.6679,3.7270243
1886.4785,4.1087122
1887.2892,3.0707985
1888.1002,2.7230871
1888.9113,3.5047936
1889.7226,2.788467
1890.534,2.2525388
1891.3457,1.6852442
1892.1575,2.1140343
1892.9695,2.6840069
1893.7816,2.2186917
1894.594,1.7533826
1895.4065,2.6920012
1896.2192,2.54043
1897.032,3.2280806
1897.8451,3.1235806
1898.6583,2.807322
1899.4717,2.114599
1900.2852,1.4375684
1901.099,1.8821127
1901.9129,1.1815651
1902.7269,1.132004
1903.5412,1.9138217
1904.3556,2.5623122
1905.1702,1.2892403
1905.985,1.3024491
1906.7999,1.7940954
1907.6151,1.2426106
1908.4304,0.54995558
1909.2458,0.97887533
1910.0615,1.3764287
1910.8773,1.5386942
1911.6933,1.8656717
1912.5095,2.3416749
1913.3258,3.3274883
1914.1423,2.4858569
1914.959,2.7658003
1915.7759,2.8653577
1916.5929,1.3257056
1917.4102,1.919393
1918.2275,2.0895572
1919.0451,1.2950216
1919.8628,1.229904
1920.6808,1.3216554
1921.4988,0.44086387
1922.3171,-1.1536469
1923.1355,0.083220956
1923.9541,0.4495068
1924.7729,-0.72145607
1925.5919,-0.89633434
1926.411,-0.31826526
1927.2303,0.49510412
1928.0498,0.19475419
1928.8694,-0.24676604
1929.6893,0.4254454
1930.5093,0.8623689
1931.3294,-0.26148573
1932.1498,0.18329326
1932.9703,-0.54054902
1933.791,-0.040751683
1934.6119,-0.34093982
1935.4329,-0.47640756
1936.2542,0.35284511
1937.0756,0.31152407
1937.8971,0.23100186
1938.7189,0.24461183
1939.5408,0.046471606
1940.3629,0.41305179
1941.1851,0.45023473
1942.0076,1.2560597
1942.8302,0.91680105
1943.653,-0.19107047
1944.476,1.0069549
1945.2991,1.6559751
1946.1224,0.83050012
1946.9459,-0.0028035122
1947.7695,-0.37334752
1948.5934,0.29926024
1949.4174,-0.039882174
1950.2416,-0.41038262
1951.0659,-0.2475352
1951.8905,-0.21016346
1952.7152,-0.36885563
1953.54,-0.09616073
1954.3651,0.5138036
1955.1903,0.37868441
1956.0157,-0.30543987
1956.8413,1.0496661
1957.667,1.5812571
1958.493,2.1756078
1959.3191,1.6954632
1960.1453,1.4741566
1960.9718,0.68031555
1961.7984,0.12178313
1962.6252,0.94365739
1963.4522,1.412605
1964.2793,0.74431223
1965.1066,0.42897515
1965.9341,0.27051535
1966.7618,0.61403085
1967.5896,1.3575609
1968.4176,1.105027
1969.2458,1.0093704
1970.0742,0.58431652
1970.9027,0.32398307
1971.7314,1.255821
1972.5603,1.0974774
1973.3894,0.70385416
1974.2186,1.19652
1975.048,1.328416
1975.8776,0.93483636
1976.7074,0.078526132
1977.5373,-0.0091421183
1978.3674,0.59340023
1979.1977,0.69399632
1980.0281,-0.46813816
1980.8588,0.36189874
1981.6896,0.52528349
1982.5205,0.81417297
1983.3517,0.45209657
1984.183,0.94493666
1985.0145,2.0652423
1985.8462,1.8286996
1986.678,1.9451127
1987.51,1.9831089
1988.3422,1.4564138
1989.1746,1.4238508
1990.0072,1.4148318
1990.8399,0.92739588
1991.6728,1.0674255
1992.5058,1.230999
1993.3391,0.10831261
1994.1725,0.03662109
1995.0061,1.1492578
1995.8398,0.82661495
1996.6738,0.049084647
1997.5079,0.28333357
1998.3422,0.14896957
1999.1766,-0.063811288
2000.0113,0.16263807
2000.8461,0.5694941
2001.6811,0.49009015
2002.5162,0.84207327
2003.3515,0.41760032
2004.187,0.01667131
2005.0227,0.43928623
2005.8586,1.0579941
2006.6946,1.2218145
2007.5308,0.90721814
2008.3672,0.027930368
2009.2037,0.43493163
2010.0404,0.34782977
2010.8773,0.21368361
2011.7144,-0.16358529
2012.5517,-0.24280045
2013.3891,-0.58082461
2014.2267,0.35175399
2015.0644,-0.16663329
2015.9024,-0.8653982
2016.7405,0.11428279
2017.5788,-0.01974719
2018.4173,-0.1223901
2019.2559,0.88086387
2020.0947,0.58217157
2020.9337,0.14231733
2021.7729,1.4671835
2022.6122,1.4508877
2023.4517,1.5757829
2024.2914,1.1203005
2025.1313,1.2060091
2025.9713,0.48388901
2026.8115,0.09903839
2027.6519,-0.21520947
2028.4924,-0.051011443
2029.3332,0.88182856
2030.1741,1.2107615
2031.0152,1.2338267
2031.8564,1.9471024
2032.6978,2.2054907
2033.5394,2.895266
2034.3812,2.7379971
2035.2232,3.0121152
2036.0653,2.2744832
2036.9076,1.5760813
2037.7501,2.3443607
2038.5927,2.3126546
2039.4355,0.69664924
2040.2785,1.1434035
2041.1217,1.0489959
2041.965,0.24087725
2042.8085,0.021008446
2043.6522,0.10703651
2044.4961,0.3185693
2045.3401,-0.51302064
2046.1844,-0.28577254
2047.0287,0.10619598
2047.8733,0.45896333
2048.718,1.0940981
2049.5629,0.59983571
2050.408,1.0938231
2051.2533,0.7015505
2052.0987,1.4387042
2052.9443,1.0621469
2053.7901,-0.39674879
2054.6361,0.19142886
2055.4822,1.1482485
2056.3285,0.87371008
2057.175,1.0305587
2058.0216,1.1717357
2058.8685,0.54429965
2059.7155,-0.67920027
2060.5626,-0.60072488
2061.41,0.52090229
2062.2575,0.097445935
2063.1052,-0.34168217
2063.9531,-0.035697711
2064.8011,-0.145385
2065.6493,-0.1138813
2066.4977,-0.2549121
2067.3463,0.30995398
2068.195,0.027775757
2069.044,-0.48183892
2069.8931,0.45169818
2070.7423,0.95387725
2071.5918,0.42077672
2072.4414,-0.026034766
2073.2912,-0.017929772
2074.1411,0.82156229
2074.9913,0.50028457
2075.8416,0.54764881
2076.6921,1.6067923
2077.5427,1.1835973
2078.3935,1.3643385
2079.2446,1.3411726
2080.0957,0.91802123
2080.9471,0.39292359
2081.7986,1.1698013
2082.6503,0.048654245
2083.5022,-0.59404688
2084.3543,0.16718809
2085.2065,-0.42058203
2086.0589,-1.031867
2086.9115,-1.1019611
2087.7642,-1.4151778
2088.6171,-1.0852428
2089.4702,-0.41019518
2090.3235,-0.59787816
2091.1769,-0.53456623
2092.0306,-1.0202594
2092.8844,0.070532576
2093.7383,0.43192729
2094.5925,-0.12431053
2095.4468,0.87240735
2096.3013,0.87306132
2097.1559,0.74039648
2098.0108,0.67049126
2098.8658,0.60844371
2099.721,0.78170479
2100.5763,0.75105882
2101.4319,0.25778477
2102.2876,-0.50998615
2103.1435,-0.66597941
2103.9995,-0.0062734554
2104.8558,-0.58577024
2105.7122,-0.53780309
2106.5688,-0.81139163
2107.4255,-0.54379074
2108.2824,-0.048725933
2109.1395,-0.45560896
2109.9968,0.24340331
2110.8543,-0.4536499
2111.7119,-0.068337227
2112.5697,1.0228707
2113.4277,0.75722893
2114.2858,0.37395299
2115.1441,1.1279449
2116.0026,0.71332231
2116.8613,-0.26599321
2117.7202,0.19784146
2118.5792,0.44992438
2119.4384,0.20790259
2120.2977,0.51491336
2121.1573,-0.31531782
2122.017,-0.227889
2122.8769,-0.030643312
2123.737,-1.1588749
2124.5972,-0.1851327
2125.4576,-1.0309854
2126.3182,-0.79447226
2127.179,-0.76186772
2128.0399,-0.72925024
2128.901,-0.014266862
2129.7623,0.19092554
2130.6238,0.43534657
2131.4854,0.42095702
2132.3472,-0.46400781
2133.2092,0.039275588
2134.0713,0.29943468
2134.9337,0.49686163
2135.7962,0.035477988
2136.6588,0.42900926
2137.5217,1.1519652
2138.3847,-0.65839917
2139.2479,0.11164153
2140.1113,-0.77320679
2140.9748,0.051761763
2141.8386,-0.072276347
2142.7025,0.14095339
2143.5665,0.079686275
2144.4308,-0.17672441
2145.2952,-0.45665295
2146.1598,-0.49343269
2147.0246,-0.083142054
2147.8895,-0.025781041
2148.7546,-0.26644769
2149.6199,0.55172074
2150.4854,-0.38696202
2151.351,-0.49426069
2152.2168,-0.15448897
2153.0828,-0.057842964
2153.949,0.17999107
2154.8153,-0.53118295
2155.6818,-1.2501886
2156.5485,-1.0672218
2157.4154,-0.42149846
2158.2824,-0.16007726
2159.1496,-0.22021313
2160.017,0.66083902
2160.8845,0.97719684
2161.7523,1.7719976
2162.6202,3.1550452
2163.4882,3.9969278
2164.3565,5.0898025
2165.2249,5.9552376
2166.0935,5.0951942
2166.9623,4.5959466
2167.8312,3.9790635
2168.7004,3.824937
2169.5697,5.0041555
2170.4391,3.8069149
2171.3088,2.735176
2172.1786,1.7497232
2173.0486,2.191733
2173.9188,2.7592445
2174.7891,1.8993165
2175.6596,2.0433217
2176.5303,1.4657698
2177.4012,0.23724907
2178.2722,0.77344577
2179.1434,1.2625952
2180.0148,0.65371696
2180.8864,0.10759537
2181.7581,0.66736769
2182.63,1.8153869
2183.5021,0.91635874
2184.3744,0.7153814
2185.2468,-0.10519223
2186.1194,0.16444177
2186.9922,1.6419305
2187.8651,1.4096268
2188.7383,1.6087072
2189.6116,0.70191681
2190.4851,0.46180464
2191.3587,1.249155
2192.2325,1.0874973
2193.1065,1.600361
2193.9807,1.1250009
2194.8551,1.3006328
2195.7296,0.26058993
2196.6043,0.34212725
2197.4791,0.32955848
2198.3542,0.45817774
2199.2294,-0.25240715
2200.1048,0.11937246
2200.9804,0.49116363
2201.8561,0.87865262
2202.732,0.60732963
2203.6081,0.22621427
2204.4844,-1.0019484
2205.3608,-0.96735434
2206.2374,-0.50921936
2207.1142,0.3332409
2207.9912,0.014928401
2208.8683,0.2534902
2209.7456,0.85629715
2210.6231,0.50225204
2211.5008,0.26586466
2212.3786,-0.080315952
2213.2566,-0.94413295
2214.1348,-0.10597848
2215.0131,0.12042196
2215.8917,-0.35904927
2216.7704,-0.030666685
2217.6493,-0.55717538
2218.5283,-0.36994791
2219.4075,-0.28467054
2220.2869,0.22414692
2221.1665,-0.27878965
2222.0463,0.77906878
2222.9262,0.88791828
2223.8063,1.1144255
2224.6865,1.3095709
2225.567,0.86158967
2226.4476,1.7391093
2227.3284,0.47546321
2228.2094,1.7686905
2229.0905,1.8383991
2229.9718,1.9630203
2230.8533,1.4052992
2231.735,1.4750398
2232.6168,2.5016539
2233.4988,1.7635727
2234.381,1.3156983
2235.2634,0.96195219
2236.1459,0.12194227
2237.0286,-0.16119423
2237.9115,0.073327017
2238.7946,0.84119227
2239.6778,0.94240154
2240.5612,0.7926411
2241.4448,1.4977933
2242.3285,1.0970738
2243.2125,1.378718
2244.0966,1.7388042
2244.9808,1.6596853
2245.8653,1.4472439
2246.7499,1.8465778
2247.6347,1.8772949
2248.5197,1.9237091
2249.4048,2.5662123
2250.2902,2.2989222
2251.1757,1.9296821
2252.0613,1.4271193
2252.9472,1.0186849
2253.8332,1.6847709
2254.7194,2.9312597
2255.6058,2.0757985
2256.4923,1.3850538
2257.379,0.75706489
2258.2659,0.23104745
2259.153,0.6775897
2260.0402,0.41826028
2260.9276,0.62168664
2261.8152,0.7231629
2262.703,0.53445375
2263.5909,0.47124548
2264.479,-0.15665799
2265.3673,-0.25906059
2266.2558,0.49344946
2267.1444,0.18714665
2268.0332,-0.34659646
2268.9222,-0.31562301
2269.8113,-0.51208985
2270.7007,-0.21442837
2271.5902,-0.089305233
2272.4798,0.37308349
2273.3697,-0.11353672
2274.2597,-0.30210703
2275.1499,-0.14556863
2276.0403,0.22369126
2276.9308,-0.058019908
2277.8216,-0.3083492
2278.7125,0.28838966
2279.6035,0.022392754
2280.4948,-0.36124188
2281.3862,-0.0076122852
2282.2778,-0.39122826
2283.1695,0.13496902
2284.0615,-0.16235379
2284.9536,0.38739156
2285.8459,1.1018521
2286.7384,0.45945927
2287.631,0.2092326
2288.5238,1.1276427
2289.4168,1.06567
2290.31,1.13704
2291.2033,1.3495957
2292.0968,0.77000396
2292.9905,0.95120582
2293.8843,0.40300526
2294.7784,-0.50597029
2295.6726,-0.78748553
2296.567,-0.81801105
2297.4615,-0.072056648
2298.3562,-0.31432821
2299.2511,-0.023257111
2300.1462,0.65213705
2301.0415,0.73930524
2301.9369,0.81863962
2302.8325,0.78817942
2303.7283,0.09890501
2304.6242,0.0057183656
2305.5203,0.86156066
2306.4166,0.66643189
2307.3131,1.302685
2308.2098,0.11149646
2309.1066,-0.036545493
2310.0036,1.0860101
2310.9007,0.51445741
2311.7981,0.91546305
2312.6956,0.79098783
2313.5933,0.31358076
2314.4911,0.33814381
2315.3892,0.46467697
2316.2874,0.48141554
2317.1858,0.87463402
2318.0843,1.3149207
2318.9831,0.60227546
2319.882,0.81512978
2320.7811,1.5221111
2321.6803,0.63694484
2322.5798,-0.15409442
2323.4794,0.22350311
2324.3791,0.31091388
2325.2791,0.87676536
2326.1792,-0.32207972
2327.0795,-0.59542527
2327.98,1.0214346
2328.8807,1.5245783
2329.7815,1.9022411
2330.6825,1.1818741
2331.5837,1.1987713
2332.485,1.2784229
2333.3865,2.2129858
2334.2882,1.1240286
2335.1901,2.1448846
2336.0921,1.7069265
2336.9944,0.97878164
2337.8967,1.5055481
2338.7993,2.0401669
2339.7021,1.1551873
2340.605,0.93688366
2341.5081,1.5734913
2342.4113,1.4336377
2343.3148,1.8898719
2344.2184,2.6206252
2345.1222,2.0102113
2346.0261,1.0154931
2346.9303,0.53843122
2347.8346,1.4966728
2348.739,1.7490414
2349.6437,2.3778899
2350.5485,1.8930222
2351.4535,1.1493403
2352.3587,0.82919719
2353.2641,0.57180849
2354.1696,0.51835069
2355.0753,0.2923532
2355.9812,1.5565611
2356.8872,1.2756803
2357.7935,0.77520101
2358.6999,0.76100555
2359.6064,0.77034882
2360.5132,1.9797014
2361.4201,1.2361222
2362.3272,1.1435327
2363.2345,1.4666388
2364.1419,1.7740679
2365.0495,1.2893495
2365.9573,1.8007189
2366.8653,2.1473917
2367.7734,1.7176033
2368.6817,1.3427261
2369.5902,1.3600152
2370.4989,1.063588
2371.4077,0.81422908
2372.3167,0.7452716
2373.2259,1.5704411
2374.1353,0.33287484
2375.0448,0.060023784
2375.9545,1.2067899
2376.8644,0.3221928
2377.7745,-0.82121849
2378.6847,0.019693263
2379.5951,0.86845749
2380.5057,0.26625065
2381.4164,0.016994319
2382.3274,0.606963
2383.2385,1.0557645
2384.1498,1.1045754
2385.0612,0.22790543
2385.9728,0.22183301
2386.8846,0.77263266
2387.7966,-0.0020485605
2388.7087,-0.19632829
2389.6211,0.81724445
2390.5336,0.51317946
2391.4462,0.75030027
2392.3591,0.20311668
2393.2721,-0.43817522
2394.1853,-0.31083034
2395.0987,0.15377877
2396.0122,0.085063875
2396.9259,-0.093445609
2397.8398,0.32413267
2398.7539,0.16132812
2399.6681,0.79068976
2400.5825,-0.15640985
2401.4971,-0.82899033
2402.4119,0.012164006
2403.3268,1.4180336
2404.2419,0.72195166
2405.1572,0.22980065
2406.0726,-0.050576315
2406.9883,-0.28388513
2407.9041,-0.45443951
2408.8201,-0.70341594
2409.7362,-0.37983402
2410.6525,-0.11898787
2411.569,0.47912252
2412.4857,0.43410498
2413.4026,0.1224301
2414.3196,0.73625475
2415.2368,0.51087305
2416.1542,1.1482458
2417.0717,1.3150396
2417.9894,0.91713685
2418.9073,0.34669443
2419.8254,0.29390839
2420.7436,-0.072593804
2421.6621,0.04718784
2422.5807,-0.10753099
2423.4994,-0.53675029
2424.4184,-0.71497987
2425.3375,0.016603796
2426.2568,0.065843856
2427.1762,-0.46529891
2428.0959,-0.21211862
2429.0157,0.49597296
2429.9357,0.38054445
2430.8558,0.23375273
2431.7762,0.58108799
2432.6967,0.042158063
2433.6173,-0.80264488
2434.5382,-0.5729287
2435.4592,0.18228702
2436.3804,1.4943748
2437.3018,0.72019741
2438.2234,0.46367641
2439.1451,0.23853729
2440.067,0.60164279
2440.9891,1.498091
2441.9113,0.7631759
2442.8338,0.98513292
2443.7564,0.68945221
2444.6791,-0.24935642
2445.6021,-0.23913612
2446.5252,0.39070136
2447.4485,0.11858739
2448.372,-0.067242749
2449.2956,-0.54325963
2450.2194,-0.37612993
2451.1434,-0.052128156
2452.0676,0.16207903
2452.9919,0.10962888
2453.9164,0.16699198
2454.8411,-0.73249834
2455.766,-0.34570482
2456.691,-0.037333333
2457.6162,-0.12831935
2458.5416,-0.10165034
2459.4672,-0.51418905
2460.3929,0.42229983
2461.3188,-0.38237979
2462.2449,-0.23803183
2463.1712,-0.093675893
2464.0976,0.35657037
2465.0242,0.27349126
2465.951,0.81787112
2466.8779,0.33480796
2467.8051,0.14194885
2468.7324,0.56870556
2469.6598,0.39154868
2470.5875,0.80263506
2471.5153,1.5274549
2472.4433,1.3816945
2473.3715,1.2830009
2474.2998,0.58823678
2475.2284,0.41112773
2476.157,1.0653992
2477.0859,1.0137963
2478.015,1.1269072
2478.9442,1.6164968
2479.8736,0.86687855
2480.8031,0.2819742
2481.7329,0.95982292
2482.6628,1.4416012
2483.5929,0.52730898
2484.5231,0.48361299
2485.4536,-0.02282012
2486.3842,0.49036258
2487.315,-0.42389772
2488.2459,-0.27148339
2489.1771,-0.65239442
2490.1084,0.23729076
2491.0399,0.3034545
2491.9715,-0.25782476
2492.9033,-0.21517449
2493.8354,-0.086241731
2494.7675,0.081914685
2495.6999,0.069686917
2496.6324,0.16727104
2497.5651,-0.04101921
2498.498,-0.35910541
2499.431,-0.26149737
2500.3643,0.13415786
2501.2977,0.090605384
2502.2312,0.63529617
2503.165,0.26234787
2504.0989,0.21097617
2505.033,0.97529872
2505.9673,0.72002139
2506.9017,-0.40583619
2507.8363,-0.19835247
2508.7711,0.53462942
2509.7061,0.73428595
2510.6412,-0.030755436
2511.5765,0.059113116
2512.512,0.69016611
2513.4477,0.18397218
2514.3835,-0.3457432
2515.3195,-0.26368589
2516.2557,0.68896762
2517.1921,-0.22503756
2518.1286,-0.19001516
2519.0653,0.048936785
2520.0022,0.20162219
2520.9393,0.29157047
2521.8765,0.58544829
2522.8139,0.63619683
2523.7515,0.31048275
2524.6892,-0.18777237
2525.6272,-0.11347051
2526.5653,0.72162365
2527.5035,0.91358852
2528.442,0.25850254
2529.3806,-0.18481076
2530.3194,0.12482509
2531.2584,-0.17729579
2532.1975,0.21078737
2533.1369,-0.11484698
2534.0763,-0.41694394
2535.016,-0.67981725
2535.9559,0.70437624
2536.8959,0.92779339
2537.8361,0.61004204
2538.7764,0.66876925
2539.717,-0.2058289
2540.6577,-0.20983085
2541.5986,-0.17460913
2542.5396,0.55081664
2543.4809,0.19389744
2544.4223,0.15855484
2545.3639,-0.1120739
2546.3056,-0.18661625
2547.2476,-0.66899375
2548.1897,0.41726417
2549.132,0.25647123
2550.0744,-0.37490196
2551.017,-0.44174546
2551.9598,-0.030149648
2552.9028,-0.2303106
2553.846,-0.77556166
2554.7893,-0.31688321
2555.7328,0.031999261
2556.6765,0.514223
2557.6203,0.87880762
2558.5644,-0.21542335
2559.5086,-0.13317579
2560.4529,0.30986402
2561.3975,0.086245099
2562.3422,0.3018498
2563.2871,0.18020755
2564.2322,-0.5375052
2565.1774,-0.52579825
2566.1228,-0.40427944
2567.0684,-0.32196837
2568.0142,-0.22396309
2568.9601,-0.27496948
2569.9062,0.1446203
2570.8525,0.030884691
2571.799,0.10539231
2572.7456,0.69755493
2573.6924,-0.36517647
2574.6394,-0.07381565
2575.5866,-0.44127237
2576.5339,0.022649436
2577.4814,0.32187135
2578.4291,-0.24164585
2579.377,-0.075745303
2580.325,-0.30199563
2581.2732,1.0011718
2582.2216,0.16316872
2583.1701,-0.031691101
2584.1188,-0.093211607
2585.0677,0.11978367
2586.0168,0.63866729
2586.9661,0.13010592
2587.9155,0.53135445
2588.8651,0.57966779
2589.8149,0.61230084
2590.7648,1.3508222
2591.7149,1.2971927
2592.6652,1.3925888
2593.6157,1.2840694
2594.5663,0.95594802
2595.5172,1.1925385
2596.4681,1.5232527
2597.4193,2.034365
2598.3707,1.8239147
2599.3222,1.0879801
2600.2739,1.0893065
2601.2257,1.216129
2602.1778,1.2096241
2603.13,0.69332136
2604.0823,1.1495736
2605.0349,0.83720437
2605.9876,0.26601759
2606.9405,0.43993484
2607.8936,0.33150513
2608.8469,0.27798337
2609.8003,-0.18337554
2610.7539,-0.11923827
2611.7077,0.49392459
2612.6617,0.0012110772
2613.6158,0.018307475
2614.5701,-0.13713916
2615.5246,-0.41807001
2616.4792,0.022573756
2617.434,-0.10932551
2618.389,-0.28043449
2619.3442,-0.27114532
2620.2995,0.78913023
2621.2551,0.92392157
2622.2108,0.029883947
2623.1666,0.59467416
2624.1227,0.084958867
2625.0789,-0.032595257
2626.0353,-0.31485096
2626.9918,-0.36180824
2627.9486,-0.2989573
2628.9055,-0.23610206
2629.8626,-0.85559545
2630.8198,-0.53390807
2631.7773,0.31327381
2632.7349,0.16438156
2633.6927,-0.086467166
2634.6506,0.062688408
2635.6088,0.32165221
2636.5671,0.070816386
2637.5256,-0.80746611
2638.4842,-0.3367247
2639.443,-0.085586823
2640.402,-0.75209171
2641.3612,-0.42251385
2642.3206,-0.022343461
2643.2801,0.67587045
2644.2398,0.84859847
2645.1997,0.087997453
2646.1597,0.13524388
2647.12,0.096220101
2648.0804,-0.068289572
2649.0409,0.54367565
2650.0017,0.12035105
2650.9626,0.26173664
2651.9237,0.3325383
2652.885,-0.067243974
2653.8464,-0.043492534
2654.808,0.17634164
2655.7698,0.2863762
2656.7318,-0.55260455
2657.6939,-0.37981629
2658.6562,0.38121157
2659.6187,0.30302805
2660.5814,0.083672353
2661.5442,0.42902685
2662.5072,1.4410523
2663.4704,0.91582717
2664.4338,0.83766516
2665.3973,0.79088001
2666.361,0.39115798
2667.3249,0.34438143
2668.2889,0.64270722
2669.2532,1.9763314
2670.2176,1.6864305
2671.1822,-0.15640723
2672.1469,-0.14041717
2673.1118,-0.35971692
2674.0769,-0.50842413
2675.0422,0.58993178
2676.0077,0.32358611
2676.9733,-0.23295133
2677.9391,0.44188809
2678.905,0.15202592
2679.8712,0.30138374
2680.8375,0.41153018
2681.804,0.27854366
2682.7707,0.012228121
2683.7375,0.37336786
2684.7045,0.22470798
2685.6717,0.53879751
2686.6391,0.092107019
2687.6066,-0.44085368
2688.5743,0.18697425
2689.5422,0.37559079
2690.5103,0.99558418
2691.4785,0.70577795
2692.4469,0.13362309
2693.4155,1.2242176
2694.3843,1.201091
2695.3532,1.1073804
2696.3223,1.7430859
2697.2916,2.2533055
2698.2611,2.2066666
2699.2307,2.1129732
2700.2005,2.8506567
2701.1705,2.8275602
2702.1406,3.7064288
2703.111,5.0872624
2704.0815,5.4484925
2705.0521,5.5038446
2706.023,5.8337107
2706.994,6.3988753
2707.9652,6.893456
2708.9366,6.1645115
2709.9081,6.2198851
2710.8798,7.4517335
2711.8517,6.5894687
2712.8238,5.0291689
2713.796,5.8531871
2714.7685,5.155641
2715.741,4.2620208
2716.7138,3.3056598
2717.6867,3.3061658
2718.6599,2.9223624
2719.6331,2.3424849
2720.6066,2.7116313
2721.5802,2.2180369
2722.5541,1.4891527
2723.528,2.6112532
2724.5022,2.1098286
2725.4765,1.7025259
2726.451,1.663855
2727.4257,1.9938158
2728.4006,1.4375064
2729.3756,1.4851229
2730.3508,0.96803786
2731.3262,0.69409433
2732.3017,1.7770179
2733.2775,1.5815143
2734.2534,0.75072095
2735.2294,0.57875543
2736.2057,0.43816675
2737.1821,0.90150395
2738.1587,1.1530807
2739.1355,1.2791716
2740.1124,0.44840411
2741.0895,0.7392095
2742.0668,-0.20135336
2743.0443,0.06593123
2744.0219,0.30969071
2744.9998,-0.14458473
2745.9778,-0.15964018
2746.9559,-0.47273053
2747.9343,0.61810498
2748.9128,0.49325852
2749.8915,-0.070799323
2750.8703,-0.28191168
2751.8494,0.1265881
2752.8286,0.048817677
2753.808,0.080855479
2754.7875,0.50505445
2755.7672,0.41161066
2756.7472,0.51424961
2757.7272,0.38944188
2758.7075,1.0567953
2759.6879,0.24180011
2760.6685,0.61896607
2761.6493,0.98045006
2762.6302,0.92625209
2763.6114,0.70735253
2764.5927,0.18257492
2765.5741,0.8342722
2766.5558,1.2271503
2767.5376,0.83571889
2768.5196,0.79723301
2769.5018,0.70384946
2770.4841,0.74380356
2771.4667,0.97984038
2772.4493,-0.25862829
2773.4322,0.055848517
2774.4153,0.13503551
2775.3985,-0.036753588
2776.3819,0.10518711
2777.3654,-0.16855417
2778.3492,-0.45013428
2779.3331,-0.51210224
2780.3172,-0.12700708
2781.3014,-0.13406447
2782.2859,-0.34503913
2783.2705,-0.22659773
2784.2553,0.9271421
2785.2402,0.52010192
2786.2254,-0.043796708
2787.2107,-0.26259299
2788.1961,0.028418951
2789.1818,1.4253175
2790.1676,0.97124006
2791.1536,0.50148059
2792.1398,1.1062352
2793.1262,1.6639354
2794.1127,1.1628163
2795.0994,1.1950348
2796.0863,2.505689
2797.0733,2.4673279
2798.0605,3.166226
2799.0479,3.6612069
2800.0355,4.4856038
2801.0232,4.3296128
2802.0112,4.393234
2802.9993,4.5588203
2803.9875,4.4106854
2804.976,3.8939274
2805.9646,3.7614874
2806.9534,3.4329732
2807.9423,3.6221105
2808.9315,3.0426245
2809.9208,3.3494174
2810.9103,3.2405283
2811.8999,2.2924279
2812.8898,2.9364886
2813.8798,2.52173
2814.87,2.1540346
2815.8603,2.4451671
2816.8509,2.2029705
2817.8416,2.3058762
2818.8324,2.3774137
2819.8235,3.0058182
2820.8147,2.4420702
2821.8061,1.7293069
2822.7977,3.0479204
2823.7895,3.1979108
2824.7814,3.9518271
2825.7735,3.1763359
2826.7658,2.9655549
2827.7582,3.9155625
2828.7508,4.0263587
2829.7436,4.6469631
2830.7366,5.7773758
2831.7297,6.178381
2832.7231,6.4303709
2833.7166,6.8862866
2834.7102,7.4912263
2835.7041,6.880484
2836.6981,7.6501382
2837.6923,8.6707771
2838.6866,8.7345575
2839.6812,8.8610873
2840.6759,7.5209548
2841.6708,7.9141599
2842.6658,8.8485457
2843.6611,9.1633281
2844.6565,10.121252
2845.6521,10.483102
2846.6478,8.0449558
2847.6437,7.8813239
2848.6399,7.3412258
2849.6361,6.683485
2850.6326,6.6767288
2851.6292,5.6346828
2852.626,4.5769548
2853.623,4.2721723
2854.6202,4.4379824
2855.6175,3.9214438
2856.615,3.6794193
2857.6127,3.3432815
2858.6105,2.7404813
2859.6085,3.0710188
2860.6067,2.3662664
2861.6051,2.8928909
2862.6036,2.7685393
2863.6024,1.844192
2864.6012,1.7904373
2865.6003,2.3249221
2866.5996,2.4672544
2867.599,2.3507675
2868.5986,3.1127162
2869.5983,1.7648653
2870.5983,1.6562344
2871.5984,1.4613333
2872.5987,1.1644757
2873.5991,2.044093
2874.5998,2.5864597
2875.6006,2.7288308
2876.6016,2.5574806
2877.6027,1.9939778
2878.604,1.7912637
2879.6055,1.6905147
2880.6072,1.934868
2881.6091,1.6929511
2882.6111,2.0549601
2883.6133,1.7895224
2884.6157,1.5476184
2885.6182,1.6586599
2886.621,2.1932351
2887.6239,2.0219323
2888.6269,1.7486729
2889.6302,1.7499277
2890.6336,2.2845201
2891.6372,1.5249992
2892.641,1.3537179
2893.6449,0.99420558
2894.649,2.030776
2895.6533,1.655586
2896.6578,1.3902043
2897.6624,1.1875719
2898.6673,1.6280811
2899.6723,1.7862417
2900.6774,1.5365634
2901.6828,1.6476737
2902.6883,2.0019256
2903.694,1.5797112
2904.6998,1.1967168
2905.7058,0.39804048
2906.7121,0.61113313
2907.7184,1.2085438
2908.725,1.3902725
2909.7317,0.79553492
2910.7386,0.82825262
2911.7457,1.8884256
2912.753,1.2544852
2913.7604,0.76172565
2914.768,1.445441
2915.7758,0.60759194
2916.7837,0.64817859
2917.7919,0.72798524
2918.8002,0.48622756
2919.8086,0.47192516
2920.8173,0.15174472
2921.8261,1.2041176
2922.8351,0.83688693
2923.8443,-0.22053551
2924.8536,0.82400714
2925.8631,0.4803188
2926.8728,0.5444779
2927.8827,1.4086413
2928.8927,1.1512404
2929.9029,0.89384376
2930.9133,1.1540985
2931.9239,1.210436
2932.9346,0.59226796
2933.9455,0.13881012
2934.9566,0.59516051
2935.9679,0.61229951
2936.9793,0.86473694
2937.9909,1.2897277
2939.0027,1.1735463
2940.0147,0.60246719
2941.0268,0.56472574
2942.0391,0.73091017
2943.0516,0.97553028
2944.0643,0.64760567
2945.0771,0.77458732
2946.0901,0.98000465
2947.1033,1.1854263
2948.1166,0.64575418
2949.1301,0.44334128
2950.1438,0.3899523
2951.1577,0.63460683
2952.1718,1.067501
2953.186,0.63765429
2954.2004,0.19996879
2955.2149,0.35052289
2956.2297,-0.032252046
2957.2446,0.10262438
2958.2597,0.6767208
2959.275,0.011605836
2960.2904,0.044534389
2961.306,-0.11076805
2962.3218,0.2986397
2963.3378,0.30020861
2964.3539,0.019428891
2965.3702,-0.20644457
2966.3867,0.20298039
2967.4034,0.23510077
2968.4202,0.024085361
2969.4372,0.14248319
2970.4544,0.0020589635
2971.4718,-0.24816771
2972.4893,-0.55329488
2973.507,-0.19175391
2974.5249,-0.34001539
2975.5429,-0.55102049
2976.5612,-0.23653392
2977.5796,-0.50243804
2978.5981,-0.92520344
2979.6169,-0.87737912
2980.6358,0.29201529
2981.6549,0.15945039
2982.6742,-0.68683853
2983.6936,-0.72528284
2984.7133,0.46764688
2985.7331,-0.23746115
2986.753,-0.42492066
2987.7732,-0.27512378
2988.7935,0.062909858
2989.814,-0.35199621
2990.8346,-0.73552825
2991.8555,-0.10729412
2992.8765,-0.82953546
2993.8977,-0.59491283
2994.9191,0.055397296
2995.9406,0.65864982
2996.9623,0.51680553
2997.9842,0.21809972
2999.0062,0.71939513
3000.0285,0.60108392
3001.0509,0.23179354
3002.0735,0.34093576
3003.0962,0.26968705
3004.1192,1.139616
3005.1423,1.3193501
3006.1655,1.18536
3007.189,0.86313579
3008.2126,0.070324564
3009.2364,0.53241652
3010.2604,0.89254892
3011.2846,0.76640803
3012.3089,0.6481115
3013.3334,0.68667894
3014.3581,0.6625025
3015.3829,0.16773906
3016.4079,0.66121213
3017.4331,0.89586289
3018.4585,0.95796586
3019.484,0.87889358
3020.5098,0.51746958
3021.5356,1.0423213
3022.5617,1.2612919
3023.588,1.1900677
3024.6144,1.4090407
3025.641,0.92997578
3026.6677,1.078363
3027.6947,1.6894966
3028.7218,1.6967099
3029.7491,1.3901988
3030.7765,1.0993753
3031.8042,0.87129811
3032.832,0.062829966
3033.8599,1.3171081
3034.8881,0.83805422
3035.9164,0.90802112
3036.9449,0.39759708
3037.9736,0.31070369
3039.0025,-0.1997179
3040.0315,-1.0552363
3041.0607,0.081403381
3042.0901,0.35529919
3043.1196,0.19782367
3044.1494,-0.1243565
3045.1793,-0.2661433
3046.2093,-0.29812495
3047.2396,0.022835802
3048.27,-0.58953556
3049.3006,-1.1548469
3050.3314,-0.72407853
3051.3623,-0.26977956
3052.3934,-0.4978323
3053.4247,-0.60039362
3054.4562,-0.26373803
3055.4878,0.049389364
3056.5196,-0.24924672
3057.5516,-0.54003844
3058.5838,0.51034753
3059.6161,-0.72161822
3060.6486,-0.98103373
3061.6813,-0.36985977
3062.7142,-0.18221401
3063.7472,0.3034722
3064.7804,-0.2696639
3065.8138,-0.29377918
3066.8474,-0.53750107
3067.8811,-0.38906487
3068.915,-0.052392157
3069.9491,0.65672172
3070.9833,0.48740476
3072.0178,-0.96818615
3073.0524,-1.0433844
3074.0871,0.49710423
3075.1221,0.60229926
3076.1572,0.52710267
3077.1925,0.27935761
3078.228,0.11788761
3079.2636,0.35641814
3080.2995,0.72043942
3081.3355,1.2256377
3082.3716,1.0327973
3083.408,1.3732908
3084.4445,1.1333927
3085.4812,0.75231869
3086.518,1.8222256
3087.5551,2.2882115
3088.5923,2.362041
3089.6297,2.6711652
3090.6672,2.525388
3091.705,2.6384349
3092.7429,3.1750117
3093.781,2.6606087
3094.8192,3.3618925
3095.8577,3.67102
3096.8963,4.83505
3097.9351,5.4892766
3098.974,5.7748763
3100.0132,6.7898883
3101.0525,6.4480381
3102.0919,6.247365
3103.1316,7.3878688
3104.1714,9.4617065
3105.2114,9.5669173
3106.2516,10.644678
3107.2919,12.357733
3108.3325,13.584514
3109.3732,15.360315
3110.414,15.002783
3111.4551,16.143292
3112.4963,17.817134
3113.5377,19.679212
3114.5793,20.325604
3115.621,21.168075
3116.6629,22.034076
3117.705,22.586352
3118.7473,24.942551
3119.7897,25.071298
3120.8324,24.454949
3121.8751,24.371933
3122.9181,23.935977
3123.9612,22.32355
3125.0046,20.828771
3126.048,21.067326
3127.0917,19.52549
3128.1355,18.52483
3129.1795,18.481034
3130.2237,16.429395
3131.2681,15.750306
3132.3126,14.898668
3133.3573,12.980364
3134.4022,11.665982
3135.4472,11.17513
3136.4925,11.43722
3137.5379,10.836566
3138.5835,10.063363
3139.6292,10.050944
3140.6751,9.5993108
3141.7212,7.2810113
3142.7675,5.5352613
3143.8139,6.9502962
3144.8606,6.6947434
3145.9074,5.8509558
3146.9543,6.0581492
3148.0015,5.2535784
3149.0488,4.5901846
3150.0963,4.0365953
3151.1439,4.196732
3152.1918,3.823536
3153.2398,3.7170071
3154.288,4.7869494
3155.3364,4.3196373
3156.3849,3.6484042
3157.4336,3.8948187
3158.4825,3.1451553
3159.5315,3.7052964
3160.5808,3.3870067
3161.6302,3.4216586
3162.6798,4.0367033
3163.7295,3.1066505
3164.7795,2.8824806
3165.8296,3.0347818
3166.8798,3.7125737
3167.9303,3.0570329
3168.9809,2.2132573
3170.0317,2.7420313
3171.0827,2.7453156
3172.1339,3.9093848
3173.1852,4.0773761
3174.2367,3.0688973
3175.2883,3.2055172
3176.3402,3.1774317
3177.3922,3.1336604
3178.4444,3.050674
3179.4968,3.1402372
3180.5493,2.7043108
3181.602,2.448777
3182.6549,1.7775575
3183.708,1.3808484
3184.7612,2.1684535
3185.8147,2.0148827
3186.8682,1.1868026
3187.922,2.068527
3188.9759,1.5306441
3190.03,1.4711932
3191.0843,1.7489976
3192.1388,2.0738615
3193.1934,2.1006866
3194.2482,1.4373163
3195.3032,1.6915935
3196.3584,1.6321458
3197.4137,1.4001496
3198.4692,1.45835
3199.5249,1.0538059
3200.5807,1.8178898
3201.6368,1.7584448
3202.693,1.3539023
3203.7493,1.3415173
3204.8059,0.56834841
3205.8626,1.0343958
3206.9195,0.92789471
3207.9766,1.0488451
3209.0338,1.4443059
3210.0913,1.769179
3211.1489,1.6391507
3212.2066,0.85814251
3213.2646,0.60262508
3214.3227,0.67651996
3215.381,1.244533
3216.4394,1.3419584
3217.4981,0.58448236
3218.5569,0.61916373
3219.6159,0.52835545
3220.675,0.1630379
3221.7344,0.82517188
3222.7939,0.27946327
3223.8536,0.46316697
3224.9134,-0.09822683
3225.9735,-0.38511028
3227.0337,0.20643819
3228.0941,-0.62946378
3229.1546,0.15816421
3230.2153,0.58500842
3231.2762,-0.070499755
3232.3373,0.097522023
3233.3986,0.72828944
3234.46,1.0531751
3235.5216,0.052571013
3236.5834,0.51863418
3237.6453,0.77293319
3238.7075,0.68213471
3239.7698,0.85800343
3240.8322,0.99465701
3241.8949,1.3352327
3242.9577,1.1973776
3244.0207,-0.19537897
3245.0839,0.90598267
3246.1472,0.76028603
3247.2107,0.60674681
3248.2744,0.90026694
3249.3383,-0.0062123734
3250.4023,0.4441716
3251.4665,0.22788945
3252.5309,-0.058980392
3253.5955,-0.45848475
3254.6602,-0.46583089
3255.7251,-0.41827369
3256.7902,-0.71581318
3257.8555,-0.63688071
3258.9209,-0.33049589
3259.9865,-0.32999207
3261.0523,-0.63536923
3262.1182,-1.1446666
3263.1844,-1.0029822
3264.2507,-0.99462978
3265.3172,-0.44509953
3266.3838,-1.1896856
3267.4506,-1.236231
3268.5176,-0.79650057
3269.5848,-0.71755309
3270.6522,-0.29350621
3271.7197,-0.59886973
3272.7874,0.021258312
3273.8553,-0.78606326
3274.9233,-0.39338347
3275.9915,-0.52619251
3277.0599,-0.43154921
3278.1285,-0.15651238
3279.1972,-0.79912125
3280.2662,-0.37506209
3281.3352,-0.20982509
3282.4045,-0.44458673
3283.4739,-0.18522936
3284.5436,0.29373722
3285.6133,1.1727052
3286.6833,1.4791255
3287.7534,1.8482922
3288.8238,2.9860878
3289.8942,3.3787867
3290.9649,4.3518791
3292.0357,4.3759533
3293.1067,3.9608131
3294.1779,3.9064586
3295.2493,4.0011251
3296.3208,3.6722636
3297.3925,3.092423
3298.4644,2.9439563
3299.5364,3.2582361
3300.6087,3.1960467
3301.6811,3.1809175
3302.7536,2.61677
3303.8264,2.1232121
3304.8993,2.2335772
3305.9724,1.7635514
3307.0457,1.8268604
3308.1191,1.7019354
3309.1928,1.7652471
3310.2666,1.8520896
3311.3405,1.4526589
3312.4147,0.83362174
3313.489,0.83419379
3314.5635,0.7720221
3315.6381,0.57651845
3316.713,1.0476828
3317.788,0.71884856
3318.8632,1.1743294
3319.9385,0.82196845
3321.0141,0.43039319
3322.0898,0.9250938
3323.1657,0.97273695
3324.2417,0.73802852
3325.318,0.24449793
3326.3944,0.19802753
3327.471,0.48097026
3328.5477,0.96783591
3329.6246,0.62333039
3330.7017,0.020002699
3331.779,0.059813629
3332.8565,0.86825337
3333.9341,0.8374788
3335.0119,0.52435264
3336.0899,0.3680906
3337.168,0.48633972
3338.2463,0.4555706
3339.3248,0.23656755
3340.4035,0.44893842
3341.4824,0.65346751
3342.5614,0.47368424
3343.6406,0.33311802
3344.7199,1.0082394
3345.7995,0.99316614
3346.8792,1.3153491
3347.9591,1.4022393
3349.0392,1.8263858
3350.1194,1.2073964
3351.1998,2.1256633
3352.2804,1.8439315
3353.3612,2.072005
3354.4421,2.5667466
3355.5232,2.3634503
3356.6045,3.054273
3357.686,3.3686264
3358.7676,4.0280793
3359.8494,5.1816512
3360.9314,5.2136558
3362.0135,6.571152
3363.0959,6.6345319
3364.1784,6.8626191
3365.261,8.2044331
3366.3439,7.9227191
3367.4269,7.5939476
3368.5101,6.8730206
3369.5935,6.3481734
3370.677,6.7096021
3371.7608,7.4475027
3372.8447,7.4716792
3373.9287,6.8919355
3375.013,7.2063108
3376.0974,7.0579424
3377.182,6.6507518
3378.2668,6.2435626
3379.3517,6.7853943
3380.4368,7.1154627
3381.5221,6.0572972
3382.6076,5.1481526
3383.6932,5.2507742
3384.779,4.9220245
3385.865,3.6520997
3386.9512,4.0527646
3388.0375,3.841666
3389.124,4.1795885
3390.2107,3.7645712
3391.2976,3.0907316
3392.3846,3.1149327
3393.4718,3.931292
3394.5592,3.5398095
3395.6467,2.2620539
3396.7345,2.4588094
3397.8224,2.6085075
3398.9105,2.6797756
3399.9987,2.3745744
3401.0871,1.4105511
3402.1757,1.6151566
3403.2645,1.733489
3404.3535,2.157705
3405.4426,2.5427068
3406.5319,2.2845726
3407.6213,2.8970281
3408.711,2.2702692
3409.8008,2.404296
3410.8908,2.2167556
3411.981,2.0292165
3413.0713,2.6259925
3414.1618,1.6462993
3415.2525,2.1175878
3416.3434,1.8124072
3417.4344,1.3268357
3418.5256,1.609893
3419.617,1.508638
3420.7086,1.3524824
3421.8003,1.4708379
3422.8922,1.1891948
3423.9843,1.2918668
3425.0766,1.2063049
3426.169,1.8501561
3427.2616,1.7332244
3428.3544,2.1182548
3429.4474,1.6640709
3430.5405,1.0530256
3431.6338,1.9635503
3432.7273,1.6740763
3433.8209,2.0983292
3434.9147,1.8010149
3436.0087,0.91546659
3437.1029,0.90835104
3438.1973,1.1208447
3439.2918,1.9058888
3440.3865,0.92622828
3441.4814,0.80931427
3442.5764,2.370833
3443.6716,2.042157
3444.767,2.3252471
3445.8626,2.1142209
3446.9583,2.2875098
3448.0542,1.9274667
3449.1503,2.4380132
3450.2466,2.2740513
3451.343,2.753228
3452.4397,3.397112
3453.5364,3.0292326
3454.6334,3.5633153
3455.7305,3.6424975
3456.8278,4.0432497
3457.9253,5.6596894
3459.023,5.9663267
3460.1208,6.0533574
3461.2188,6.9796052
3462.317,7.7882073
3463.4154,9.0752422
3464.5139,9.1779647
3465.6126,10.088532
3466.7115,9.7755706
3467.8105,10.011631
3468.9098,10.522202
3470.0092,10.491598
3471.1087,10.382564
3472.2085,9.3950995
3473.3084,9.8821466
3474.4085,10.384881
3475.5088,10.24448
3476.6092,10.543296
3477.7098,9.8852508
3478.8106,9.5487753
3479.9116,9.6828894
3481.0127,9.5973971
3482.114,9.9354355
3483.2155,8.5166126
3484.3172,8.6272028
3485.419,8.2828924
3486.5211,7.4915245
3487.6232,7.4923149
3488.7256,6.9754595
3489.8281,6.5919389
3490.9308,5.777047
3492.0337,6.0758821
3493.1368,6.6021695
3494.24,5.5363013
3495.3434,5.466513
3496.447,5.4124123
3497.5508,4.7622346
3498.6547,4.4493131
3499.7588,4.2148243
3500.8631,4.4901408
3501.9675,4.2948705
3503.0722,4.7662682
3504.177,4.0847261
3505.2819,3.6227932
3506.3871,4.2745871
3507.4924,4.1734412
3508.5979,4.315434
3509.7036,3.8064477
3510.8094,3.4464824
3511.9154,3.4629891
3513.0216,4.6245951
3514.128,4.0371829
3515.2345,4.1399682
3516.3412,4.140794
3517.4481,3.7965232
3518.5552,3.1149988
3519.6624,3.249162
3520.7699,3.5401894
3521.8774,2.8900417
3522.9852,2.4124443
3524.0931,2.5779856
3525.2012,2.5474498
3526.3095,2.1012291
3527.418,1.6942254
3528.5266,2.1185957
3529.6354,2.5586535
3530.7444,1.4771442
3531.8536,1.3446558
3532.9629,1.400404
3534.0724,1.644389
3535.1821,1.2530811
3536.2919,1.8421668
3537.4019,2.1096852
3538.5121,1.3262246
3539.6225,1.1310007
3540.7331,1.3122487
3541.8438,1.6268314
3542.9547,1.1571017
3544.0658,0.85207931
3545.177,1.0254896
3546.2884,1.465568
3547.4,1.4978046
3548.5118,1.6633759
3549.6237,1.6093407
3550.7358,1.16315
3551.8481,1.4620587
3552.9606,1.4550864
3554.0732,1.2598802
3555.186,1.2607538
3556.299,0.97143265
3557.4122,1.6781913
3558.5255,2.251618
3559.639,1.8289676
3560.7527,1.1788677
3561.8666,1.9013181
3562.9806,1.9022012
3564.0948,1.9972034
3565.2092,1.8176971
3566.3238,1.7401529
3567.4385,2.7920219
3568.5534,2.5889903
3569.6685,2.440862
3570.7837,2.7554802
3571.8991,2.1367664
3573.0147,2.9376618
3574.1305,3.7071861
3575.2465,3.2139666
3576.3626,2.0227092
3577.4789,2.588316
3578.5954,2.8951005
3579.712,3.1626708
3580.8288,2.6694581
3581.9458,2.7958547
3583.063,3.2359781
3584.1803,3.0721812
3585.2978,3.4574054
3586.4155,3.450474
3587.5334,2.870995
3588.6514,2.9346547
3589.7696,2.9355705
3590.888,2.1286446
3592.0066,2.858975
3593.1253,2.232444
3594.2442,2.3902281
3595.3633,2.5323273
3596.4826,1.9528592
3597.602,1.6714317
3598.7216,1.2802016
3599.8414,2.2379925
3600.9613,2.1604907
3602.0815,1.8241667
3603.2018,1.8407852
3604.3223,1.3005424
3605.4429,1.0034381
3606.5637,0.94947252
3607.6847,0.29158671
3608.8059,0.30821206
3609.9273,0.97581917
3611.0488,0.86695706
3612.1705,0.75025317
3613.2923,0.57080555
3614.4144,0.62665341
3615.5366,0.70603205
3616.659,1.0363924
3617.7816,0.99812675
3618.9043,0.5755487
3620.0272,0.69414848
3621.1503,0.4284359
3622.2736,0.052920767
3623.397,0.1636815
3624.5206,0.80777694
3625.6444,1.0518737
3626.7684,0.558717
3627.8925,0.59105183
3629.0168,0.81162331
3630.1413,0.79690204
3631.266,0.67237821
3632.3908,0.55569888
3633.5158,0.64294249
3634.641,0.032148243
3635.7663,0.40174752
3636.8919,1.163505
3638.0176,0.6860482
3639.1434,0.31055354
3640.2695,0.54682494
3641.3957,0.89290162
3642.5221,0.58015614
3643.6487,0.31447085
3644.7754,0.85663007
3645.9024,1.0380063
3647.0295,0.52918788
3648.1567,0.34978255
3649.2842,0.5076335
3650.4118,-0.048239686
3651.5396,0.23510418
3652.6675,0.54197883
3653.7957,0.54297248
3654.924,0.1439675
3656.0525,0.87437565
3657.1812,0.64792242
3658.31,0.63323526
3659.439,1.1754122
3660.5682,0.87837484
3661.6976,0.26761334
3662.8271,0.54312771
3663.9568,0.49707483
3665.0867,0.48239585
3666.2167,0.30301236
3667.347,0.47657141
3668.4774,0.46973967
3669.608,0.22761517
3670.7387,-0.2968609
3671.8696,0.35513498
3673.0007,0.40321065
3674.132,0.27873867
3675.2635,0.6483857
3676.3951,0.092543901
3677.5269,-0.27506124
3678.6589,0.25929577
3679.791,0.58188943
3680.9233,-0.29551554
3682.0558,-0.31017405
3683.1885,0.012423712
3684.3213,-0.34733011
3685.4544,-0.38551393
3686.5876,-0.0001669816
3687.7209,0.23616173
3688.8545,0.18229572
3689.9882,0.026470291
3691.1221,0.027508973
3692.2561,-0.065568627
3693.3904,0.11586657
3694.5248,-0.33014786
3695.6594,0.023839086
3696.7941,0.071945041
3697.9291,-0.78975156
3699.0642,-0.176937
3700.1995,-0.16804263
3701.3349,-0.30032338
3702.4705,0.31249528
3703.6063,0.14884472
3704.7423,0.62833277
3705.8785,0.54311631
3707.0148,0.85005808
3708.1513,0.49817768
3709.288,0.452181
3710.4248,1.0179504
3711.5619,0.64254467
3712.6991,0.87890502
3713.8364,0.40154125
3714.974,0.55162983
3716.1117,0.772308
3717.2496,0.22436009
3718.3877,0.49209981
3719.5259,0.52454679
3720.6643,0.36091669
3721.8029,0.50317032
3722.9417,0.45719001
3724.0806,0.30925029
3725.2197,0.0044491809
3726.359,0.20161022
3727.4985,0.57916479
3728.6381,0.50181876
3729.778,0.81663096
3730.9179,0.86477785
3732.0581,0.26978885
3733.1984,0.25519338
3734.3389,1.0955012
3735.4796,1.1593399
3736.6205,0.54867005
3737.7615,0.94976631
3738.9027,0.66851099
3740.0441,0.15980606
3741.1856,0.40404366
3742.3274,0.88357675
3743.4693,1.0336994
3744.6114,1.2308823
3745.7536,0.43198814
3746.896,0.73113453
3748.0386,1.069498
3749.1814,1.4627647
3750.3244,1.4325035
3751.4675,1.1669494
3752.6108,1.4817889
3753.7542,1.5064337
3754.8979,1.084021
3756.0417,1.4459234
3757.1857,1.3215527
3758.3299,1.7305166
3759.4742,1.3159526
3760.6187,0.71315454
3761.7634,1.3887893
3762.9083,1.413445
3764.0533,0.41065104
3765.1985,0.12158397
3766.3439,1.0089889
3767.4895,1.1748265
3768.6352,0.71321448
3769.7811,0.73003523
3770.9272,0.37038675
3772.0734,0.43426905
3773.2199,0.45109389
3774.3665,0.25615538
3775.5133,0.69651236
3776.6602,0.22706679
3777.8073,0.2674265
3778.9546,0.60582679
3780.1021,0.41089511
3781.2498,0.4904746
3782.3976,-0.23778769
3783.5456,-0.0091858606
3784.6938,0.070397723
3785.8421,0.071551298
3786.9906,-0.24886239
3788.1393,-0.56927471
3789.2882,0.33384374
3790.4372,0.084022385
3791.5865,0.085182784
3792.7359,0.54124651
3793.8854,-0.28111977
3795.0352,-0.27211214
3796.1851,-0.46702472
3797.3352,0.20080917
3798.4854,-0.33135558
3799.6359,-0.2203817
3800.7865,0.40824059
3801.9373,0.017256413
3803.0882,-0.0050989529
3804.2394,-0.12941374
3805.3907,-0.018433042
3806.5421,-0.025098039
3807.6938,-0.38256289
3808.8456,0.012913937
3809.9976,0.36917558
3811.1498,0.31759459
3812.3022,-0.11045649
3813.4547,-0.052232556
3814.6074,-0.15087087
3815.7603,0.20539329
3816.9133,-0.15991068
3818.0666,0.047334866
3819.22,-0.30228183
3820.3735,0.34418041
3821.5273,0.82593727
3822.6812,0.30377307
3823.8353,0.3149427
3824.9896,0.11434812
3826.144,-0.28232438
3827.2986,-0.012329719
3828.4534,0.86158702
3829.6084,0.73158268
3830.7635,0.36628474
3831.9188,0.58137945
3833.0743,0.17686682
3834.23,0.60372724
3835.3858,0.6384313
3836.5418,0.50842999
3837.698,0.65293897
3838.8544,0.10725238
3840.0109,0.27529179
3841.1676,0.066861103
3842.3245,0.52509759
3843.4816,1.2735307
3844.6388,0.84549363
3845.7962,0.70765319
3846.9538,0.25608777
3848.1115,0.06334637
3849.2695,0.36472312
3850.4276,0.077865084
3851.5858,-0.28742383
3852.7443,0.36689561
3853.9029,0.59768614
3855.0617,0.3108301
3856.2207,0.54946477
3857.3798,0.59202151
3858.5391,0.54830424
3859.6986,-0.2483537
3860.8583,-0.06461899
3862.0182,0.23676329
3863.1782,0.33422449
3864.3384,0.36894111
3865.4987,0.18405038
3866.6593,0.1560229
3867.82,0.25348612
3868.9809,-0.32355997
3870.1419,-0.12413496
3871.3032,0.23215329
3872.4646,0.43942244
3873.6262,0.34080973
3874.7879,1.0029818
3875.9499,0.0024093625
3877.112,-0.38639791
3878.2743,0.58165806
3879.4367,0.14579296
3880.5993,0.43934013
3881.7621,0.34073094
3882.9251,0.57153402
3884.0883,0.90429839
3885.2516,0.31157306
3886.4151,-0.10860275
3887.5788,-0.097405509
3888.7426,0.1177138
3889.9067,0.097539502
3891.0709,-0.3226343
3892.2352,-0.28790564
3893.3998,0.55466667
3894.5645,0.65948485
3895.7294,-0.52197692
3896.8945,-0.44069902
3898.0597,-0.12413245
3899.2251,-0.13698307
3900.3907,-0.57336855
3901.5565,-0.88426927
3902.7224,-0.57556758
3903.8885,-1.0904007
3905.0548,-1.017004
3906.2213,-0.441652
3907.3879,-0.61924658
3908.5547,-0.65567011
3909.7217,-0.62151086
3910.8889,-0.60304331
3912.0562,-0.16105179
3913.2237,0.39073822
3914.3914,-0.20257526
3915.5593,-0.25471769
3916.7273,-0.25980675
3917.8955,0.11941249
3919.0639,0.3966655
3920.2324,0.42293269
3921.4012,0.51978267
3922.5701,0.5930978
3923.7391,0.4154271
3924.9084,0.25343724
3926.0778,0.71104979
3927.2474,0.19610788
3928.4172,-0.24825124
3929.5871,0.78973715
3930.7572,0.87085736
3931.9275,0.48922703
3933.098,0.49974813
3934.2686,-0.14855974
3935.4395,0.99136224
3936.6105,1.401867
3937.7816,0.86334676
3938.953,0.55227205
3940.1245,0.90785856
3941.2962,1.7654004
3942.468,1.5562702
3943.6401,1.7471345
3944.8123,1.5536796
3945.9847,1.4386507
3947.1572,1.2138125
3948.33,0.51053737
3949.5029,0.61509999
3950.6759,0.49220619
3951.8492,0.16538538
3953.0226,0.63855914
3954.1962,0.31172746
3955.37,-0.12491358
3956.544,-0.14587379
3957.7181,-0.17468256
3958.8924,0.23571891
3960.0669,0.010820823
3961.2415,-0.47290623
3962.4163,-0.63507009
3963.5913,-0.65606292
3964.7665,-0.69274746
3965.9419,-0.12551587
3967.1174,-0.35044658
3968.2931,-0.59891213
3969.4689,-0.30620666
3970.645,0.18257181
3971.8212,-0.10512575
3972.9976,-0.62027973
3974.1742,-0.36681169
3975.3509,-0.11334909
3976.5278,0.14010808
3977.7049,-0.061342159
3978.8822,-0.47456254
3980.0596,0.17103518
3981.2372,0.46368627
3982.415,-0.19446372
3983.593,-0.13104615
3984.7711,-0.028413951
3985.9494,0.0350015
3987.1279,0.35723942
3988.3065,0.84418216
3989.4854,0.22524149
3990.6644,0.43767231
3991.8435,0.19520011
3993.0229,0.046844489
3994.2024,1.1926055
3995.3821,1.3658163
3996.562,0.25275167
3997.7421,0.36321534
3998.9223,1.2030897
4000.1027,0.6468846
4001.2832,0.33381568
4002.464,0.88349079
4003.6449,1.4096354
4004.826,1.4102888
4006.0073,0.61094115
4007.1887,0.85472967
4008.3703,1.3102818
4009.5521,1.5932839
4010.7341,1.8527555
4011.9162,2.0102653
4013.0985,1.7128721
4014.281,3.086066
4015.4637,3.6984745
4016.6465,3.6206859
4017.8295,4.0370139
4019.0127,4.7043213
4020.1961,5.1755491
4021.3796,5.7957955
4022.5633,7.568982
4023.7472,8.5264812
4024.9313,8.9741754
4026.1155,9.4453979
4027.2999,10.928384
4028.4845,12.270193
4029.6692,13.204157
4030.8542,15.330277
4032.0393,17.887769
4033.2245,21.927613
4034.41,25.536083
4035.5956,30.219062
4036.7814,34.149098
4037.9674,39.208545
4039.1535,45.703286
4040.3398,49.837241
4041.5263,55.194724
4042.713,58.591422
4043.8998,60.725373
4045.0869,62.663246
4046.2741,63.95798
4047.4614,63.550752
4048.649,64.429797
4049.8367,63.920606
4051.0246,64.446709
4052.2126,65.074771
4053.4009,64.934204
4054.5893,63.546578
4055.7779,61.672676
4056.9666,61.91642
4058.1555,61.626829
4059.3447,60.019591
4060.5339,57.149606
4061.7234,56.593346
4062.913,53.6763
4064.1028,51.614155
4065.2928,49.481421
4066.483,45.089863
4067.6733,44.000264
4068.8638,40.25184
4070.0545,36.723024
4071.2453,34.621657
4072.4363,32.567348
4073.6275,31.0699
4074.8189,29.313629
4076.0104,28.835787
4077.2022,27.228533
4078.3941,26.915395
4079.5861,26.759118
4080.7784,24.994998
4081.9708,23.826955
4083.1634,24.58048
4084.3561,22.596748
4085.5491,21.695369
4086.7422,21.695949
4087.9355,21.202411
4089.1289,22.371616
4090.3226,21.862389
4091.5164,20.121789
4092.7104,19.816481
4093.9045,19.009212
4095.0989,19.34704
4096.2934,18.563298
4097.4881,17.779555
4098.6829,18.258556
4099.8779,17.906183
4101.0731,16.440084
4102.2685,16.31516
4103.4641,15.021608
4104.6598,15.351584
4105.8557,15.516853
4107.0518,14.889964
4108.248,14.286604
4109.4445,13.753831
4110.6411,14.209292
4111.8378,14.915732
4113.0348,14.547661
4114.2319,14.17959
4115.4292,16.023282
4116.6267,16.039522
4117.8243,15.718506
4119.0221,16.715136
4120.2201,15.852941
4121.4183,17.218197
4122.6166,18.834431
4123.8151,19.219292
4125.0138,18.302192
4126.2127,19.353717
4127.4117,20.107203
4128.6109,20.295981
4129.8103,19.810249
4131.0099,19.426476
4132.2096,20.46231
4133.4095,21.051084
4134.6096,19.820249
4135.8098,20.189414
4137.0103,20.699753
4138.2109,19.947347
4139.4116,20.183174
4140.6126,19.924883
4141.8137,20.074434
4143.015,19.220063
4144.2165,18.51471
4145.4181,19.589748
4146.62,19.417726
4147.822,17.716291
4149.0241,16.093287
4150.2265,16.870282
4151.429,16.455118
4152.6317,15.953679
4153.8346,15.67969
4155.0376,15.860602
4156.2408,14.645435
4157.4442,14.904776
4158.6478,15.328822
4159.8515,14.98424
4161.0554,14.710244
4162.2595,14.028405
4163.4638,14.31127
4164.6682,13.511781
4165.8728,13.143664
4167.0776,13.787311
4168.2826,14.289779
4169.4877,14.219698
4170.693,14.290792
4171.8985,14.659925
4173.1041,13.899644
4174.31,13.366814
4175.516,13.547708
4176.7222,14.105071
4177.9285,14.82714
4179.135,13.894305
4180.3417,14.78892
4181.5486,14.546279
4182.7557,14.554618
4183.9629,15.794328
4185.1703,15.810507
4186.3778,16.509039
4187.5856,15.450706
4188.7935,15.796294
4190.0016,16.06345
4191.2099,17.04433
4192.4183,17.131092
4193.6269,16.943342
4194.8357,17.986964
4196.0447,19.344311
4197.2538,20.176166
4198.4631,19.00802
4199.6726,18.898697
4200.8823,20.216823
4202.0921,21.370243
4203.3021,20.053073
4204.5123,19.967275
4205.7227,21.450103
4206.9332,23.73293
4208.1439,24.40007
4209.3548,24.808385
4210.5659,26.181405
4211.7771,26.997562
4212.9885,27.782344
4214.2001,26.849479
4215.4118,28.716612
4216.6237,30.458254
4217.8358,32.105778
4219.0481,34.121928
4220.2606,35.291018
4221.4732,36.146381
4222.686,36.146841
4223.899,36.829654
4225.1121,38.790896
4226.3254,41.795275
4227.5389,42.603574
4228.7526,43.851088
4229.9664,47.004484
4231.1804,48.675525
4232.3946,50.668134
4233.609,52.315643
4234.8235,55.63374
4236.0382,57.579287
4237.2531,58.96797
4238.4682,60.748809
4239.6834,60.702195
4240.8988,61.769307
4242.1144,62.765828
4243.3302,64.26431
4244.5461,65.2373
4245.7622,66.563231
4246.9785,66.587199
4248.195,65.450383
4249.4116,65.090035
4250.6284,66.557138
4251.8454,66.565416
4253.0625,66.369772
4254.2798,65.742754
4255.4973,65.00593
4256.715,64.473028
4257.9329,63.689144
4259.1509,63.13271
4260.3691,63.211568
4261.5875,61.470818
4262.806,60.31046
4264.0247,58.938335
4265.2436,57.660327
4266.4627,57.143102
4267.6819,54.719994
4268.9013,52.641982
4270.1209,51.520833
4271.3407,49.427133
4272.5606,48.956962
4273.7807,48.61228
4275.001,46.722499
4276.2215,43.734677
4277.4421,42.158619
4278.6629,40.83354
4279.8839,39.869245
4281.1051,39.501027
4282.3264,38.364181
4283.5479,37.117529
4284.7696,36.757151
4285.9915,34.898733
4287.2135,35.369726
4288.4357,34.687776
4289.6581,34.34308
4290.8806,32.696422
4292.1033,31.739959
4293.3262,31.559966
4294.5493,31.458403
4295.7726,31.411741
4296.996,31.302333
4298.2196,31.357629
4299.4434,30.997239
4300.6673,29.923121
4301.8914,30.699983
4303.1157,30.755276
4304.3402,29.924293
4305.5648,29.908995
4306.7896,30.450558
4308.0146,31.31369
4309.2398,30.30231
4310.4651,30.530145
4311.6906,30.201116
4312.9163,30.334832
4314.1422,30.492075
4315.3682,30.563043
4316.5944,31.135971
4317.8208,31.74027
4319.0474,31.638686
4320.2741,31.152787
4321.501,31.859044
4322.7281,32.800594
4323.9553,32.416653
4325.1828,30.652318
4326.4104,29.80563
4327.6382,29.923646
4328.8661,30.112249
4330.0942,30.92046
4331.3225,30.277688
4332.551,30.654524
4333.7797,31.156849
4335.0085,29.667015
4336.2375,28.741887
4337.4666,27.72264
4338.696,28.601431
4339.9255,28.444927
4341.1552,28.20999
4342.3851,27.386817
4343.6151,26.242075
4344.8453,27.034586
4346.0757,27.027096
4347.3063,25.490193
4348.537,25.325839
4349.7679,24.73011
4350.999,24.887322
4352.2303,24.958259
4353.4617,23.946841
4354.6933,23.9315
4355.9251,22.92008
4357.1571,22.598856
4358.3892,22.95214
4359.6215,22.654442
4360.854,22.443018
4362.0866,23.439436
4363.3195,22.875068
4364.5525,21.502857
4365.7856,22.29535
4367.019,22.978038
4368.2525,22.311706
4369.4862,21.480666
4370.7201,21.716293
4371.9541,21.097016
4373.1884,21.011071
4374.4228,20.63493
4375.6573,20.282316
4376.8921,20.02382
4378.127,20.259439
4379.3621,20.17349
4380.5974,19.475774
4381.8328,20.707469
4383.0684,20.864653
4384.3042,18.912033
4385.5402,18.771175
4386.7763,19.869533
4388.0126,20.340438
4389.2491,19.627029
4390.4858,19.329305
4391.7226,19.510011
4392.9596,18.631893
4394.1968,18.177303
4395.4342,18.608986
4396.6717,19.652434
4397.9094,18.742938
4399.1473,19.064815
4400.3853,18.539631
4401.6236,19.049741
4402.862,19.528477
4404.1005,18.517015
4405.3393,19.317318
4406.5782,18.564678
4407.8173,18.89439
4409.0566,19.969199
4410.296,19.530282
4411.5357,18.793324
4412.7754,19.295581
4414.0154,19.923327
4415.2556,19.460875
4416.4959,19.186658
4417.7364,18.308519
4418.977,18.826457
4420.2179,18.591452
4421.4589,18.6388
4422.7001,18.623401
4423.9415,17.611923
4425.183,17.172993
4426.4247,17.690924
4427.6666,17.72258
4428.9086,17.126784
4430.1509,17.056477
4431.3933,17.025384
4432.6359,16.264879
4433.8786,16.751432
4435.1216,17.128179
4436.3647,15.944141
4437.6079,16.038534
4438.8514,16.266259
4440.095,16.384178
4441.3388,16.760921
4442.5828,15.921975
4443.827,15.930088
4445.0713,16.259768
4446.3158,15.389448
4447.5605,15.562263
4448.8053,15.74292
4450.0503,15.821616
4451.2955,15.963056
4452.5409,16.433906
4453.7864,16.018481
4455.0322,15.555996
4456.2781,15.564098
4457.5241,16.356513
4458.7704,16.717554
4460.0168,17.235457
4461.2634,17.102378
4462.5101,16.741847
4463.7571,16.726413
4465.0042,16.24039
4466.2515,16.781817
4467.4989,17.393832
4468.7466,17.237217
4469.9944,17.213935
4471.2423,17.645554
4472.4905,17.669328
4473.7388,18.234278
4474.9873,18.195306
4476.236,18.517116
4477.4849,19.042847
4478.7339,19.105832
4479.9831,19.364895
4481.2325,19.004348
4482.482,19.083016
4483.7318,18.989134
4484.9817,18.722702
4486.2317,19.295484
4487.482,19.021207
4488.7324,19.727321
4489.983,19.907943
4491.2338,19.704251
4492.4847,19.743695
4493.7358,19.257647
4494.9871,20.536305
4496.2386,20.293393
4497.4902,20.144597
4498.742,19.603643
4499.994,19.823473
4501.2462,19.541341
4502.4985,18.670972
4503.751,18.29472
4505.0037,18.757683
4506.2566,18.797115
4507.5096,18.460076
4508.7628,18.005388
4510.0162,17.574229
4511.2698,17.739147
4512.5235,17.033476
4513.7774,16.994471
4515.0315,17.943699
4516.2857,18.179201
4517.5402,18.100977
4518.7948,17.277654
4520.0496,17.034721
4521.3045,17.49767
4522.5596,17.301794
4523.8149,16.870623
4525.0704,17.498275
4526.326,17.082788
4527.5819,16.251614
4528.8379,16.636125
4530.094,16.816714
4531.3504,17.303184
4532.6069,16.83279
4533.8636,16.472199
4535.1205,17.037097
4536.3775,16.41768
4537.6347,16.355125
4538.8921,16.967079
4540.1497,16.794717
4541.4074,16.630198
4542.6653,16.238227
4543.9234,16.795275
4545.1817,17.822909
4546.4401,16.81917
4547.6987,17.235038
4548.9575,17.56463
4550.2164,17.643241
4551.4756,18.082635
4552.7349,17.792617
4553.9944,17.643773
4555.254,17.141988
4556.5138,16.891181
4557.7738,17.47959
4559.034,17.80133
4560.2944,17.730913
4561.5549,18.264416
4562.8156,17.809683
4564.0765,18.162792
4565.3375,18.657076
4566.5987,18.704301
4567.8601,18.51623
4569.1217,18.665413
4570.3834,20.045968
4571.6454,19.520639
4572.9075,20.57178
4574.1697,20.893507
4575.4322,20.156411
4576.6948,20.007548
4577.9576,20.229927
4579.2205,20.457533
4580.4837,20.737425
4581.747,21.132349
4583.0105,21.503743
4584.2741,22.029384
4585.538,22.766789
4586.802,23.397003
4588.0661,23.823294
4589.3305,23.666578
4590.595,24.048423
4591.8597,24.594972
4593.1246,25.329756
4594.3897,26.153428
4595.6549,27.115661
4596.9203,28.109265
4598.1859,28.661038
4599.4516,29.108235
4600.7176,29.605104
4601.9837,30.101972
4603.2499,30.651126
4604.5164,31.383286
4605.783,32.227863
4607.0498,33.179629
4608.3168,34.03989
4609.5839,34.910608
4610.8512,35.640149
4612.1187,36.437662
4613.3864,37.439095
4614.6542,38.639221
4615.9222,39.656338
4617.1904,41.086527
4618.4588,42.294492
4619.7273,43.188731
4620.996,43.358786
4622.2649,44.451715
4623.534,45.837454
4624.8032,47.346067
4626.0726,48.381477
4627.3422,49.309697
4628.612,50.959483
4629.8819,52.277243
4631.152,53.895655
4632.4223,55.184655
4633.6927,56.753392
4634.9634,58.094676
4636.2342,59.164065
4637.5051,59.522341
4638.7763,60.087152
4640.0476,60.905557
4641.3191,62.160562
4642.5908,63.237788
4643.8626,64.26534
4645.1346,65.457597
4646.4068,66.51129
4647.6792,67.227728
4648.9518,67.518021
4650.2245,67.957332
4651.4974,68.205793
4652.7704,68.543141
4654.0437,68.632122
4655.3171,68.81522
4656.5907,68.870213
4657.8644,68.909518
4659.1384,68.865161
4660.4125,68.786817
4661.6868,68.792132
4662.9612,68.839276
4664.2359,68.899491
4665.5107,68.870815
4666.7857,68.870897
4668.0608,68.839605
4669.3361,68.821385
4670.6116,68.784862
4671.8873,68.795397
4673.1632,68.824232
4674.4392,68.816464
4675.7154,68.824382
4676.9918,68.787854
4678.2683,68.753939
4679.5451,68.767082
4680.822,68.806368
4682.099,68.835196
4683.3763,68.788205
4684.6537,68.675853
4685.9313,68.427553
4687.2091,68.176638
4688.487,67.674741
4689.7651,67.256503
4691.0434,66.574212
4692.3219,65.735057
4693.6005,64.58479
4694.8793,63.374391
4696.1583,61.983598
4697.4375,60.305223
4698.7168,58.927501
4699.9963,57.947163
4701.276,56.92238
4702.5559,55.607399
4703.8359,54.352548
4705.1161,53.832337
4706.3965,53.063759
4707.6771,52.101715
4708.9578,50.969736
4710.2387,50.47305
4711.5198,49.934532
4712.801,49.173792
4714.0825,47.942462
4715.3641,47.252307
4716.6458,47.380452
4717.9278,47.945198
4719.2099,48.685105
4720.4922,48.384489
4721.7747,47.738774
4723.0573,46.708743
4724.3401,46.426425
4725.6231,46.368941
4726.9063,46.583352
4728.1897,46.630442
4729.4732,46.648773
4730.7569,46.497168
4732.0407,46.957326
4733.3248,47.827941
4734.609,48.518163
4735.8934,48.410998
4737.1779,48.309061
4738.4627,48.565292
4739.7476,48.753549
4741.0327,48.816314
4742.3179,48.583654
4743.6034,48.879097
4744.889,48.649049
4746.1747,48.426843
4747.4607,48.27261
4748.7468,48.489617
4750.0331,48.518388
4751.3196,48.021668
4752.6063,47.360241
4753.8931,46.806002
4755.1801,46.756338
4756.4673,46.659613
4757.7546,46.353738
4759.0421,45.69492
4760.3298,45.4361
4761.6177,45.250483
4762.9058,44.962904
4764.194,44.181205
4765.4824,43.619114
4766.7709,43.268787
4768.0597,43.185125
4769.3486,43.185122
4770.6377,42.884464
4771.927,42.387727
4773.2164,41.789028
4774.506,41.441308
4775.7958,41.281823
4777.0858,40.816454
4778.3759,40.416444
4779.6662,40.168066
4780.9567,40.209884
4782.2474,40.053007
4783.5382,39.70528
4784.8292,39.446441
4786.1204,39.415052
4787.4117,39.41242
4788.7033,39.315669
4789.995,38.97578
4791.2869,38.748308
4792.5789,38.463318
4793.8711,38.311661
4795.1635,38.269807
4796.4561,38.46586
4797.7489,38.612239
4799.0418,38.703715
4800.3349,38.439634
4801.6282,38.319343
4802.9216,38.023888
4804.2152,37.720588
4805.509,37.49049
4806.803,37.281306
4808.0971,37.425062
4809.3914,37.354438
4810.6859,37.391003
4811.9806,37.126912
4813.2754,36.998769
4814.5705,36.622258
4815.8656,36.541171
4817.161,36.656162
4818.4565,36.975073
4819.7523,37.121434
4821.0481,36.927924
4822.3442,36.773629
4823.6404,36.742209
4824.9368,36.802291
4826.2334,36.700281
4827.5302,36.867551
4828.8271,36.917172
4830.1242,37.175943
4831.4215,37.183732
4832.7189,37.528775
4834.0166,38.017608
4835.3144,38.629316
4836.6123,38.89331
4837.9105,39.050114
4839.2088,39.379465
4840.5073,39.510123
4841.806,39.418557
4843.1048,39.256402
4844.4038,39.768756
4845.703,40.372612
4847.0024,40.62614
4848.302,40.680975
4849.6017,40.691363
4850.9016,40.767111
4852.2016,40.599719
4853.5019,40.152589
4854.8023,39.833562
4856.1029,39.307997
4857.4036,39.12753
4858.7046,39.158827
4860.0057,38.729991
4861.307,38.361285
4862.6084,37.806958
4863.9101,37.60557
4865.2119,37.210718
4866.5138,36.643315
4867.816,36.43931
4869.1183,36.078441
4870.4208,35.602538
4871.7235,34.967157
4873.0264,34.18537
4874.3294,33.654562
4875.6326,33.178655
4876.936,33.013859
4878.2395,32.655597
4879.5432,32.088183
4880.8471,31.507697
4882.1512,30.822634
4883.4555,30.503584
4884.7599,30.262964
4886.0645,30.249793
4887.3692,30.18172
4888.6742,30.040443
4889.9793,30.016812
4891.2846,29.846775
4892.5901,29.74471
4893.8957,29.634802
4895.2015,29.462147
4896.5075,29.234589
4897.8137,28.952128
4899.12,28.685352
4900.4265,28.63034
4901.7332,28.54134
4903.04,28.630117
4904.3471,28.682291
4905.6543,28.697863
4906.9617,28.87814
4908.2692,28.815279
4909.577,28.553723
4910.8849,28.161448
4912.1929,27.831916
4913.5012,27.912841
4914.8096,28.106184
4916.1182,28.116518
4917.427,27.805284
4918.7359,27.718884
4920.0451,27.682157
4921.3544,27.606213
4922.6638,27.221771
4923.9735,27.226871
4925.2833,27.098636
4926.5933,26.944256
4927.9035,26.802947
4929.2138,26.946605
4930.5243,26.938627
4931.835,26.807773
4933.1459,26.648159
4934.4569,26.642793
4935.7681,26.525007
4937.0795,26.341861
4938.3911,26.048909
4939.7028,25.928506
4941.0147,26.00418
4942.3268,25.828873
4943.6391,25.802584
4944.9515,25.543614
4946.2641,25.50948
4947.5769,25.255737
4948.8898,25.059509
4950.203,24.946941
4951.5163,24.904959
4952.8298,25.025068
4954.1434,25.17132
4955.4572,25.126721
4956.7712,25.144866
4958.0854,24.844056
4959.3998,24.645205
4960.7143,24.148314
4962.029,23.97822
4963.3438,23.836882
4964.6589,23.823648
4965.9741,23.857472
4967.2895,23.548811
4968.6051,23.242764
4969.9208,23.169395
4971.2367,23.281646
4972.5528,23.338994
4973.8691,23.051243
4975.1855,22.773948
4976.5021,22.593384
4977.8189,22.373604
4979.1359,22.593038
4980.453,22.639922
4981.7703,22.637132
4983.0878,22.312772
4984.4055,22.051156
4985.7233,22.134637
4987.0413,22.006353
4988.3595,21.959113
4989.6779,21.681806
4990.9964,21.639793
4992.3151,21.820001
4993.634,21.885175
4994.953,21.824858
4996.2722,21.591991
4997.5916,21.484613
4998.9112,21.364162
5000.231,21.107762
5001.5509,20.689269
5002.871,20.639403
5004.1913,20.892804
5005.5117,21.135747
5006.8323,20.84274
5008.1531,20.4347
5009.4741,20.643652
5010.7952,20.962407
5012.1165,20.97005
5013.438,20.381614
5014.7597,20.17749
5016.0815,20.127613
5017.4036,20.239827
5018.7257,20.323282
5020.0481,20.304775
5021.3706,20.367312
5022.6933,19.98279
5024.0162,19.85709
5025.3393,19.783676
5026.6625,19.793922
5027.9859,19.717892
5029.3095,19.5216
5030.6333,19.246875
5031.9572,19.155156
5033.2813,18.95886
5034.6056,18.956027
5035.93,18.872148
5037.2547,18.73598
5038.5795,18.955366
5039.9044,18.764294
5041.2296,18.625509
5042.5549,18.342931
5043.8804,18.243359
5045.2061,18.151629
5046.5319,18.1148
5047.8579,18.263591
5049.1841,18.271204
5050.5105,18.166398
5051.837,17.988388
5053.1638,17.96724
5054.4906,17.624522
5055.8177,17.305333
5057.1449,17.213593
5058.4724,17.359761
5059.7999,17.466712
5061.1277,17.317453
5062.4556,17.066233
5063.7838,16.890828
5065.112,17.023918
5066.4405,17.065505
5067.7691,16.934541
5069.0979,16.479393
5070.4269,16.25431
5071.7561,16.238376
5073.0854,16.410676
5074.4149,16.358138
5075.7446,16.208867
5077.0744,16.198158
5078.4045,16.252806
5079.7347,16.218565
5081.065,16.058833
5082.3956,15.967073
5083.7263,16.026946
5085.0572,15.961328
5086.3883,15.877409
5087.7195,15.733357
5089.0509,15.615448
5090.3825,15.704075
5091.7143,15.669824
5093.0462,15.643415
5094.3784,15.34511
5095.7106,15.355301
5097.0431,15.540653
5098.3757,15.922084
5099.7086,15.83031
5101.0415,15.521542
5102.3747,15.348721
5103.708,15.293546
5105.0416,15.154709
5106.3752,14.955741
5107.7091,15.080954
5109.0431,15.211396
5110.3773,15.205888
5111.7117,15.004302
5113.0463,14.977877
5114.381,15.027268
5115.7159,15.0479
5117.051,15.060688
5118.3862,15.013345
5119.7217,14.756849
5121.0573,14.513425
5122.393,14.277843
5123.729,14.572978
5125.0651,14.494256
5126.4014,14.287429
5127.7379,14.012627
5129.0745,14.08815
5130.4113,14.038183
5131.7483,13.732005
5133.0855,13.475499
5134.4228,13.383698
5135.7604,13.362484
5137.098,13.283753
5138.4359,13.259922
5139.7739,13.013869
5141.1122,12.600494
5142.4505,12.270778
5143.7891,12.11361
5145.1278,12.217879
5146.4667,12.126068
5147.8058,12.146675
5149.1451,12.052248
5150.4845,12.031023
5151.8241,12.082999
5153.1639,11.933666
5154.5039,11.888908
5155.844,11.744803
5157.1843,11.979781
5158.5248,12.146784
5159.8654,12.08895
5161.2062,11.952684
5162.5472,11.88439
5163.8884,11.844853
5165.2298,11.690282
5166.5713,11.384077
5167.913,11.373295
5169.2549,11.425257
5170.5969,11.576565
5171.9391,11.625911
5173.2815,11.513164
5174.6241,11.395187
5175.9668,11.384399
5177.3097,11.444198
5178.6528,11.582428
5179.9961,11.464447
5181.3395,11.207903
5182.6831,10.980116
5184.0269,11.026838
5185.3709,11.337611
5186.715,11.303285
5188.0593,11.065036
5189.4038,10.672538
5190.7485,10.562392
5192.0933,10.580349
5193.4383,10.572162
5194.7835,10.5143
5196.1289,10.286502
5197.4744,10.228638
5198.8201,10.016525
5200.166,9.9821884
5201.512,10.031511
5202.8582,10.237695
5204.2046,10.271329
5205.5512,10.01738
5206.898,9.7608161
5208.2449,9.6898718
5209.592,9.7548742
5210.9392,9.6368689
5212.2867,9.5920653
5213.6343,9.4871298
5214.9821,9.7429776
5216.3301,9.5805236
5217.6782,9.6350621
5219.0265,9.6242401
5220.375,9.9114561
5221.7237,9.9790633
5223.0725,9.8924211
5224.4215,9.7221177
5225.7707,9.6851465
5227.1201,9.9723573
5228.4696,10.317083
5229.8193,10.54939
5231.1692,10.577774
5232.5193,10.684589
5233.8695,10.880291
5235.2199,10.953116
5236.5705,11.185418
5237.9212,11.579809
5239.2722,12.023873
5240.6233,12.015649
5241.9745,11.748599
5243.326,11.842333
5244.6776,12.090315
5246.0294,11.969668
5247.3814,11.63464
5248.7335,11.464318
5250.0859,11.782883
5251.4384,11.894911
5252.791,11.761187
5254.1439,11.737265
5255.4969,11.449291
5256.8501,10.855432
5258.2035,10.447194
5259.557,10.339608
5260.9107,10.956204
5262.2646,10.995021
5263.6187,10.801158
5264.9729,10.196835
5266.3273,9.8199632
5267.6819,9.7280572
5269.0367,9.3956273
5270.3916,8.9455492
5271.7467,8.3176924
5273.102,8.1368932
5274.4574,8.0685114
5275.8131,7.9739846
5277.1689,7.7984111
5278.5249,7.6489803
5279.881,7.5204634
5281.2373,7.4207037
5282.5939,7.1457795
5283.9505,7.0041876
5285.3074,6.9567123
5286.6644,7.0347261
5288.0216,6.7310395
5289.379,6.4456525
5290.7365,6.3903298
5292.0942,6.4186661
5293.4521,6.3894851
5294.8102,6.1276233
5296.1685,6.0513813
5297.5269,5.8025892
5298.8855,5.6819007
5300.2442,5.7599039
5301.6032,5.7359452
5302.9623,5.7276718
5304.3216,5.6644954
5305.681,5.6928211
5307.0407,5.3002308
5308.4005,4.905025
5309.7605,4.6248509
5311.1206,4.8414077
5312.481,5.0475059
5313.8415,5.135956
5315.2022,4.9864966
5316.563,4.7010884
5317.9241,4.7163327
5319.2853,4.773406
5320.6466,4.8592365
5322.0082,4.6417979
5323.3699,4.4139007
5324.7318,4.4631266
5326.0939,4.6692143
5327.4562,4.8465427
5328.8186,4.7650465
5330.1812,4.5057715
5331.544,4.2020509
5332.9069,4.1832967
5334.27,4.1776132
5335.6333,4.3444778
5336.9968,4.4564393
5338.3604,4.4219945
5339.7242,4.2908166
5341.0882,4.0681344
5342.4524,4.1487191
5343.8167,4.2162309
5345.1813,4.1373363
5346.546,3.9852381
5347.9108,3.8279101
5349.2759,3.8483588
5350.6411,3.8112901
5352.0065,3.8761811
5353.372,3.7240776
5354.7377,3.5484436
5356.1037,3.2734622
5357.4697,3.0220091
5358.836,2.888202
5360.2024,2.7805376
5361.569,2.7879049
5362.9358,2.9207612
5364.3028,2.9281264
5365.6699,3.0086931
5367.0372,2.9323959
5368.4047,2.9031566
5369.7723,3.0307789
5371.1401,3.0276812
5372.5081,3.1003995
5373.8763,2.8567768
5375.2447,2.7098851
5376.6132,2.4845609
5377.9819,2.0788436
5379.3508,1.7489421
5380.7198,1.6046606
5382.089,1.7348877
5383.4584,1.872957
5384.828,1.9352081
5386.1977,1.8771968
5387.5676,1.7485962
5388.9377,1.6304521
5390.308,1.6142677
5391.6784,1.5431802
5393.049,1.3805884
5394.4198,1.0768191
5395.7908,0.98481346
5397.1619,0.79607472
5398.5332,0.63086432
5399.9047,0.39506463
5401.2764,0.44684557
5402.6482,0.52215487
5404.0202,0.46935854
5405.3924,0.31721473
5406.7647,0.27748817
5408.1373,0.3188063
5409.51,0.28953514
5410.8828,0.21320409
5412.2559,0.16040139
5413.6291,0.12066952
5415.0025,0.099237252
5416.3761,0.028130719
5417.7498,0.065637868
5419.1238,0.15543868
5420.4978,0.14067041
5421.8721,0.076235021
5423.2466,0.10592336
5424.6212,0.2454217
5425.996,0.42937057
5427.3709,0.2656131
5428.7461,-0.010556585
5430.1214,-0.30502084
5431.4969,-0.30928294
5432.8725,-0.12268928
5434.2484,-0.10863857
5435.6244,-0.097196144
5437.0006,-0.17725091
5438.3769,0.15315793
5439.7535,0.3267101
5441.1302,0.42706573
5442.5071,0.24507451
5443.8841,0.17027891
5445.2614,-0.030000796
5446.6388,-0.17275809
5448.0163,-0.31289491
5449.3941,-0.24910409
5450.772,-0.31341176
5452.1501,-0.154741
5453.5284,-0.0065219135
5454.9069,0.11294485
5456.2855,0.10169851
5457.6643,0.15320312
5459.0432,0.25700115
5460.4224,0.070608945
5461.8017,-0.2674114
5463.1812,-0.29431478
5464.5609,-0.054545654
5465.9407,0.078039778
5467.3207,0.0014807289
5468.7009,-0.22932084
5470.0813,-0.21959369
5471.4618,-0.37718095
5472.8426,-0.37528524
5474.2234,-0.31063859
5475.6045,-0.099580859
5476.9857,0.22651539
5478.3672,0.33300965
5479.7487,0.23820256
5481.1305,0.0048392324
5482.5124,-0.13178623
5483.8945,-0.15598754
5485.2768,-0.256
5486.6593,-0.33419041
5488.0419,-0.26858532
5489.4247,-0.064413504
5490.8077,0.14237734
5492.1909,0.30211399
5493.5742,0.22133242
5494.9577,0.093496661
5496.3414,0.038868161
5497.7252,0.005159335
5499.1092,0.13877541
5500.4934,0.18089286
5501.8778,0.1550411
5503.2623,0.11350771
5504.6471,0.18178288
5506.032,0.286664
5507.417,0.31311838
5508.8023,0.21147284
5510.1877,0.20917834
5511.5733,0.086627047
5512.9591,-0.080364049
5514.345,-0.090487758
5515.7311,-0.074463034
5517.1174,-0.013989223
5518.5039,-0.16004672
5519.8905,-0.052504799
5521.2773,0.013211696
5522.6643,0.20703741
5524.0515,0.12374358
5525.4388,0.019539361
5526.8263,-0.055902046
5528.214,0.017680797
5529.6018,-0.036836293
5530.9899,-0.12795005
5532.3781,-0.31840557
5533.7664,-0.19513095
5535.155,-0.040479148
5536.5437,0.059275339
5537.9326,-0.023972069
5539.3217,-0.3242083
5540.711,-0.16953792
5542.1004,0.12369918
5543.49,0.37249649
5544.8798,0.31541608
5546.2697,0.26356908
5547.6598,0.3633607
5549.0501,0.38211121
5550.4406,0.246618
5551.8312,0.10851506
5553.222,-0.019125733
5554.613,0.010100865
5556.0042,0.12037786
5557.3955,0.2045157
5558.7871,0.38539021
5560.1787,0.30483146
5561.5706,0.28963682
5562.9626,0.052224607
5564.3549,0.026581739
5565.7472,-0.0068996237
5567.1398,-0.069134514
5568.5325,0.098700597
5569.9254,0.1854946
5571.3185,0.18340435
5572.7118,-0.07750478
5574.1052,-0.2103047
5575.4988,-0.12087775
5576.8926,-0.065433083
5578.2866,0.073676352
5579.6807,0.079457097
5581.075,0.17674575
5582.4695,0.030901793
5583.8641,-0.10970876
5585.2589,-0.15096828
5586.6539,-0.095491117
5588.0491,0.13776846
5589.4444,0.23769935
5590.84,0.24569605
5592.2357,0.28768361
5593.6315,0.13882544
5595.0276,0.073631328
5596.4238,-0.10659153
5597.8202,-0.16654901
5599.2167,-0.23696007
5600.6135,-0.33612536
5602.0104,-0.2888815
5603.4075,-0.05078402
5604.8048,0.077513469
5606.2022,0.017579599
5607.5998,-0.2096706
5608.9976,-0.1310345
5610.3955,0.11492578
5611.7937,0.21709916
5613.192,0.23300196
5614.5905,0.031915227
5615.9891,0.12887165
5617.388,0.11079932
5618.787,0.2469793
5620.1861,0.14264034
5621.5855,0.046148447
5622.985,-0.15230029
5624.3847,-0.26708497
5625.7846,-0.1904976
5627.1846,-0.07730526
5628.5849,-0.11312885
5629.9853,-0.12280497
5631.3858,-0.12201991
5632.7866,0.098376679
5634.1875,-0.068151167
5635.5886,-0.1640871
5636.9899,-0.20773178
5638.3913,0.0022219808
5639.7929,0.16250622
5641.1947,0.12933008
5642.5967,-0.039790103
5643.9988,-0.15661903
5645.4011,-0.082594603
5646.8036,0.004505391
5648.2063,0.018406445
5649.6091,-0.053963337
5651.0121,0.022690163
5652.4153,0.0915042
5653.8187,0.13940688
5655.2222,0.28665964
5656.6259,0.5803213
5658.0298,0.62300624
5659.4339,0.51144649
5660.8381,0.40511918
5662.2425,0.52624652
5663.6471,0.50358668
5665.0518,0.3580547
5666.4568,0.23605581
5667.8619,0.17942007
5669.2671,0.14893179
5670.6726,0.008643266
5672.0782,-0.011380146
5673.484,0.047031489
5674.89,0.053159217
5676.2961,0.08543441
5677.7024,0.10725576
5679.1089,0.19444026
5680.5156,0.29208596
5681.9225,0.28516016
5683.3295,0.37758444
5684.7367,0.27654835
5686.144,-0.0074906088
5687.5516,0.10585973
5688.9593,0.15123989
5690.3672,0.30904202
5691.7752,0.12959292
5693.1835,0.06518018
5694.5919,0.1393332
5696.0005,0.21871866
5697.4092,0.21183328
5698.8182,0.10821955
5700.2273,-0.22545587
5701.6365,-0.18265702
5703.046,-0.13462574
5704.4556,-0.016002553
5705.8654,-0.17188549
5707.2754,-0.28854908
5708.6856,-0.15161421
5710.0959,-0.064348874
5711.5064,0.033377653
5712.9171,0.010846416
5714.3279,-0.0064523882
5715.7389,0.12788647
5717.1501,0.066150569
5718.5615,0.072392199
5719.9731,-0.08083962
5721.3848,-0.13733574
5722.7967,0.075452861
5724.2087,0.066022914
5725.621,0.03306723
5727.0334,-0.1855057
5728.446,-0.13740828
5729.8588,0.02572549
5731.2717,-0.0059260007
5732.6848,0.06177178
5734.0981,0.032740401
5735.5116,0.10828705
5736.9252,0.00083003228
5738.339,-0.10139536
5739.753,-0.1278009
5741.1672,-0.13851729
5742.5815,0.052076371
5743.996,-0.031836904
5745.4107,-0.10790418
5746.8255,-0.1813542
5748.2406,-0.037807899
5749.6558,0.16848637
5751.0711,0.18131945
5752.4867,0.1444822
5753.9024,0.068432124
5755.3183,0.060358772
5756.7344,0.1751641
5758.1506,0.19585466
5759.5671,0.08321474
5760.9837,-0.18628505
5762.4004,-0.21264473
5763.8174,-0.069066894
5765.2345,0.077128185
5766.6518,0.042933973
5768.0693,-0.090603777
5769.4869,-0.2189099
5770.9047,-0.25570989
5772.3227,-0.075513556
5773.7409,0.04455493
5775.1592,0.10972432
5776.5777,0.088622071
5777.9964,0.24530046
5779.4153,0.38368107
5780.8343,0.37565931
5782.2535,0.32842473
5783.6729,0.20799041
5785.0925,0.20520601
5786.5122,0.11092121
5787.9321,0.21794646
5789.3522,0.24915759
5790.7725,0.31697289
5792.1929,0.29590217
5793.6135,0.3506513
5795.0343,0.35311573
5796.4552,0.43140001
5797.8763,0.62471984
5799.2976,0.78666998
5800.7191,0.79176025
5802.1408,0.61646123
5803.5626,0.54574023
5804.9846,0.63972799
5806.4068,0.67881665
5807.8291,0.6394768
5809.2516,0.55569538
5810.6743,0.57387761
5812.0972,0.63389276
5813.5202,0.54489118
5814.9434,0.62844148
5816.3668,0.76428224
5817.7904,0.80339383
5819.2141,0.57322724
5820.6381,0.26463214
5822.0621,0.15473273
5823.4864,0.25921526
5824.9108,0.48134772
5826.3355,0.66688174
5827.7602,0.65634019
5829.1852,0.48893876
5830.6103,0.51500426
5832.0356,0.68224909
5833.4611,0.78936606
5834.8868,0.66380617
5836.3126,0.48596156
5837.7386,0.49374073
5839.1648,0.47015022
5840.5911,0.39950375
5842.0177,0.44389283
5843.4444,0.77063771
5844.8712,0.93790834
5846.2983,0.94831908
5847.7255,0.71036669
5849.1529,0.56130604
5850.5805,0.50375153
5852.0082,0.39129793
5853.4361,0.33636353
5854.8642,0.24221632
5856.2925,0.24218961
5857.7209,0.095760545
5859.1496,0.087896437
5860.5784,0.12447964
5862.0073,0.21858205
5863.4365,0.30484419
5864.8658,0.30744906
5866.2953,0.3100568
5867.7249,0.18717721
5869.1548,0.10351617
5870.5848,0.043387411
5872.015,0.0041765506
5873.4453,-0.055946476
5874.8758,-0.027177748
5876.3065,0.053881429
5877.7374,0.26566243
5879.1685,0.39117178
5880.5997,0.31799119
5882.0311,0.19514026
5883.4627,0.074906581
5884.8944,0.074937204
5886.3264,-0.076663294
5887.7585,-0.089698833
5889.1908,-0.0661302
5890.6232,-0.19680707
5892.0558,-0.21767714
5893.4886,-0.23070122
5894.9216,-0.024114583
5896.3547,-0.065891095
5897.7881,-0.1756386
5899.2215,-0.073618526
5900.6552,-0.031726308
5902.0891,-0.02643253
5903.5231,-0.19629929
5904.9573,-0.23282984
5906.3916,-0.19876929
5907.8262,-0.013071895
5909.2609,0.1416133
5910.6958,0.25447039
5912.1308,0.21569545
5913.5661,0.069732923
5915.0015,-0.10760019
5916.4371,-0.099310439
5917.8728,-0.0099729749
5919.3088,0.027078865
5920.7449,0.0092307021
5922.1811,0.11687469
5923.6176,0.21406312
5925.0542,0.26942345
5926.491,0.18622364
5927.928,0.18145716
5929.3652,0.027673027
5930.8025,-0.021533983
5932.24,-0.081196551
5933.6777,0.049992511
5935.1155,0.32236
5936.5535,0.64440265
5937.9917,0.64749301
5939.4301,0.52248075
5940.8686,0.45498679
5942.3074,0.42671048
5943.7463,0.3383054
5945.1853,0.3597062
5946.6246,0.32359262
5948.064,0.33453982
5949.5036,0.17032557
5950.9433,0.217878
5952.3833,0.42752388
5953.8234,0.47508022
5955.2637,0.58015485
5956.7041,0.2773883
5958.1448,0.27527731
5959.5856,0.24179573
5961.0266,0.18217231
5962.4677,0.19575346
5963.9091,0.14920585
5965.3506,0.26475171
5966.7922,0.27049559
5968.2341,0.27624144
5969.6761,0.363035
5971.1183,0.40538606
5972.5607,0.4085234
5974.0033,0.37244702
5975.446,0.26578435
5976.8889,0.20618246
5978.332,0.26684397
5979.7752,0.24123293
5981.2186,0.31497025
5982.6622,0.25799057
5984.106,0.29251612
5985.5499,0.30874298
5986.9941,0.25176917
5988.4384,0.29414373
5989.8828,0.27116077
5991.3275,0.27693794
5992.7723,0.034351047
5994.2173,-0.040913624
5995.6624,-0.032516205
5997.1078,0.10398775
5998.5533,0.013042673
5999.999,-0.13018802
6001.4448,-0.069495193
6002.8909,0.080088483
6004.3371,0.18261529
6005.7835,0.13873883
6007.23,0.12885126
6008.6768,0.39086106
6010.1237,0.50385322
6011.5707,0.53841596
6013.018,0.5050068
6014.4654,0.60754732
6015.913,0.76499175
6017.3608,0.67145774
6018.8088,0.61452701
6020.2569,0.67001652
6021.7052,0.80393937
6023.1537,0.86727595
6024.6023,0.71623539
6026.0511,0.75604646
6027.5001,0.61546734
6028.9493,0.56900782
6030.3986,0.44673326
6031.8482,0.35060446
6033.2979,0.3930397
6034.7477,0.58188213
6036.1978,0.99817749
6037.648,1.215782
6039.0984,1.0569179
6040.5489,0.98694461
6041.9997,0.88298637
6043.4506,0.94373597
6044.9017,0.82148099
6046.3529,0.62602535
6047.8044,0.639722
6049.256,0.56714609
6050.7078,0.68542182
6052.1597,0.7278825
6053.6119,0.77295953
6055.0642,0.7448359
6056.5166,0.56508024
6057.9693,0.47421542
6059.4221,0.503614
6060.8751,0.47026945
6062.3283,0.46568501
6063.7817,0.44018751
6065.2352,0.65521483
6066.6889,0.61926372
6068.1428,0.53102699
6069.5968,0.28854385
6071.051,0.33364437
6072.5054,0.36044618
6073.96,0.30097545
6075.4147,0.20229099
6076.8697,0.13759541
6078.3248,0.1853201
6079.78,0.097099024
6081.2355,0.024566184
6082.6911,0.014780399
6084.1469,0.080813564
6085.6028,0.11286176
6087.059,0.14752629
6088.5153,0.18219278
6089.9718,0.26392005
6091.4284,0.38225059
6092.8853,0.57640007
6094.3423,0.62414629
6095.7995,0.57254805
6097.2568,0.4555923
6098.7143,0.35693916
6100.1721,0.19554288
6101.6299,0.1910113
6103.088,0.22046861
6104.5462,0.45646382
6106.0046,0.42056556
6107.4632,0.22519214
6108.9219,0.10563767
6110.3809,0.10634659
6111.84,0.27176336
6113.2992,0.28293371
6114.7587,0.28364851
6116.2183,0.39939794
6117.6781,0.46286175
6119.1381,0.4661968
6120.5982,0.2943704
6122.0585,0.09117342
6123.519,0.070984929
6124.9797,0.11877225
6126.4405,0.17179029
6127.9016,0.19343774
6129.3628,0.23077341
6130.8241,0.2498104
6132.2857,0.11982973
6133.7474,0.14671376
6135.2093,0.05072394
6136.6713,0.04885372
6138.1336,-0.10464853
6139.596,0.0085178449
6141.0585,0.12430056
6142.5213,0.12505255
6143.9842,0.008159433
6145.4473,0.024601612
6146.9106,0.17437908
6148.3741,0.34507354
6149.8377,0.33014904
6151.3015,0.15574938
6152.7655,-0.052635257
6154.2296,-0.13814212
6155.694,-0.011882315
6157.1585,0.022876177
6158.6231,-0.0051084713
6160.088,-0.10106502
6161.553,-0.00094117647
6163.0182,0.032082226
6164.4836,0.13046686
6165.9491,0.056304218
6167.4148,0.0030583617
6168.8807,-0.047571365
6170.3468,-0.051140518
6171.813,-0.14621119
6173.2794,-0.19160691
6174.746,-0.15072636
6176.2128,-0.18304668
6177.6797,-0.19445022
6179.1469,-0.14310691
6180.6141,-0.026402376
6182.0816,0.014486918
6183.5492,-0.11455668
6185.017,0.0021531096
6186.485,0.016903864
6187.9532,0.042113884
6189.4215,0.0019661783
6190.89,-0.032951019
6192.3587,0.11775445
6193.8276,0.17434402
6195.2966,0.076686975
6196.7658,-0.091556555
6198.2352,-0.20751075
6199.7047,-0.12477039
6201.1744,0.023331201
6202.6443,0.17927768
6204.1144,0.29078146
6205.5847,0.34477066
6207.0551,0.44320605
6208.5257,0.60700266
6209.9964,0.54335005
6211.4674,0.44571226
6212.9385,0.37683439
6214.4098,0.49357918
6215.8813,0.5632669
6217.3529,0.42642042
6218.8247,0.36016393
6220.2967,0.37756932
6221.7689,0.51262352
6223.2412,0.61630692
6224.7137,0.74090711
6226.1864,0.79753518
6227.6593,0.73651795
6229.1323,0.58661358
6230.6055,0.64847567
6232.0789,0.65543755
6233.5525,0.76697634
6235.0262,0.79747113
6236.5001,0.72077812
6237.9742,0.70421759
6239.4484,0.69288756
6240.9229,0.88286648
6242.3975,0.92905629
6243.8722,0.907274
6245.3472,0.75738888
6246.8223,0.7225382
6248.2976,0.62232978
6249.7731,0.70251528
6251.2487,0.78793128
6252.7246,0.92563662
6254.2006,0.99014109
6255.6767,0.82981071
6257.1531,0.6537958
6258.6296,0.65294605
6260.1063,0.86647712
6261.5831,0.92053283
6263.0602,0.60857721
6264.5374,0.32276714
6266.0148,0.24872352
6267.4924,0.43350518
6268.9701,0.40652389
6270.448,0.34294304
6271.9261,0.30289335
6273.4044,0.30728985
6274.8828,0.58096916
6276.3614,0.67425805
6277.8402,0.58977092
6279.3191,0.43992606
6280.7983,0.21165158
6282.2776,0.29710434
6283.7571,0.29889871
6285.2367,0.44448569
6286.7165,0.38615285
6288.1965,0.31474987
6289.6767,0.34530942
6291.1571,0.25038052
6292.6376,0.21819847
6294.1183,0.15464563
6295.5992,0.28455858
6297.0802,0.24192427
6298.5614,0.16791916
6300.0428,0.11483083
6301.5244,0.11403183
6303.0061,0.068790142
6304.4881,0.15426916
6305.9701,0.014913318
6307.4524,-0.040780638
6308.9349,-0.11738788
6310.4175,0.0046994449
6311.9003,0.16861858
6313.3832,0.065872804
6314.8664,0.21410917
6316.3497,0.31790284
6317.8332,0.43999891
6319.3168,0.3032732
6320.8007,0.15870611
6322.2847,0.082114626
6323.7688,-0.044148313
6325.2532,-0.14949447
6326.7377,-0.16856436
6328.2224,-0.1641031
6329.7073,-0.2197708
6331.1924,-0.34079623
6332.6776,-0.17423821
6334.163,0.036766009
6335.6486,0.17979812
6337.1343,0.11106727
6338.6203,-0.036093195
6340.1064,-0.07606237
6341.5926,0.019917917
6343.0791,0.12635747
6344.5657,0.28770074
6346.0525,0.2425098
6347.5395,0.17997081
6349.0266,-0.031587161
6350.5139,-0.1045824
6352.0014,-0.13051818
6353.4891,-0.044035023
6354.9769,0.052906288
6356.4649,-0.038387059
6357.9531,0.01672546
6359.4415,-0.11116792
6360.93,-0.097884194
6362.4187,-0.21531879
6363.9076,-0.20987692
6365.3967,-0.073715469
6366.8859,-0.073501091
6368.3753,-0.20661941
6369.8649,-0.33189396
6371.3547,-0.19834433
6372.8446,0.037166708
6374.3347,0.084443093
6375.825,0.02714495
6377.3154,0.019520648
6378.8061,0.10340025
6380.2969,0.2604831
6381.7878,0.067239794
6383.279,0.046546143
6384.7703,-0.089179552
6386.2618,-0.039283695
6387.7535,-0.012916613
6389.2453,0.05789555
6390.7374,0.21236848
6392.2296,0.12631917
6393.7219,0.027198603
6395.2145,-0.061463811
6396.7072,-0.035092909
6398.2001,0.067095622
6399.6931,0.10131093
6401.1864,0.03095172
6402.6798,-0.081236923
6404.1734,-0.041790942
6405.6671,-0.033716874
6407.1611,0.099848027
6408.6552,0.10269461
6410.1495,0.13168562
6411.6439,0.045644589
6413.1386,0.040649945
6414.6334,0.12454483
6416.1284,0.15876714
6417.6235,0.06227114
6419.1189,-0.034224226
6420.6144,-0.08627451
6422.11,0.028129237
6423.6059,0.082402496
6425.1019,0.050401476
6426.5981,0.026243825
6428.0945,0.054373987
6429.591,0.017144903
6431.0878,-0.18740421
6432.5847,-0.31352172
6434.0817,-0.28277626
6435.579,-0.15529853
6437.0764,-0.056578749
6438.574,-0.02321821
6440.0718,0.046743867
6441.5697,-0.021855916
6443.0678,-0.064311678
6444.5661,-0.0074208024
6446.0646,0.041627167
6447.5632,0.051459681
6449.0621,0.0063904656
6450.561,0.071125403
6452.0602,0.17769064
6453.5595,0.069877017
6455.0591,0.035266243
6456.5587,-0.083004431
6458.0586,-0.0051964416
6459.5586,0.0020235433
6461.0588,-0.003828136
6462.5592,-0.15085605
6464.0598,-0.15932165
6465.5605,-0.073669368
6467.0614,0.14008772
6468.5625,0.20743981
6470.0637,0.16498821
6471.5652,0.041491093
6473.0668,-0.050633246
6474.5686,-0.030339054
6476.0705,-0.044031558
6477.5726,-0.055109452
6479.0749,-0.17860542
6480.5774,-0.21844102
6482.08,-0.35239403
6483.5829,-0.25628146
6485.0859,-0.0059202899
6486.589,0.16078098
6488.0924,0.17323412
6489.5959,-0.0025478089
6491.0996,-0.065911203
6492.6034,0.066804064
6494.1075,0.19690518
6495.6117,0.29563399
6497.1161,0.18550944
6498.6207,-0.076249434
6500.1254,-0.18376028
6501.6303,-0.23114075
6503.1354,-0.043227441
6504.6406,-0.040935387
6506.1461,-0.098774392
6507.6517,-0.070339226
6509.1575,0.0077688022
6510.6634,0.17999414
6512.1696,0.14306881
6513.6759,0.085228103
6515.1823,0.12934784
6516.689,0.019218879
6518.1958,0.097324868
6519.7028,0.060397838
6521.21,0.32935282
6522.7173,0.39438589
6524.2249,0.19536634
6525.7326,0.18719612
6527.2404,0.14242426
6528.7485,0.31203113
6530.2567,0.10778146
6531.7651,-0.072939136
6533.2737,0.07575169
6534.7824,0.11202388
6536.2913,0.15613886
6537.8004,-0.061184406
6539.3097,-0.030141998
6540.8191,0.29109615
6542.3287,0.22017709
6543.8385,0.17278711
6545.3485,-0.034080339
6546.8586,-0.034412179
6548.3689,0.030615118
6549.8794,-0.079521324
6551.3901,0.12668176
6552.9009,0.032230918
6554.4119,0.12601503
6555.9231,0.02894912
6557.4345,0.026000522
6558.946,-0.0083209649
6560.4577,-0.00081272636
6561.9696,0.20800236
6563.4816,0.49524848
6564.9939,0.5655008
6566.5063,0.51549134
6568.0188,0.37397827
6569.5316,0.4154714
6571.0445,0.62689883
6572.5576,0.61087494
6574.0709,0.57132129
6575.5843,0.30170195
6577.098,0.24384697
6578.6117,0.40298512
6580.1257,0.50199221
6581.6399,0.60884209
6583.1542,0.46732563
6584.6687,0.51665849
6586.1833,0.55030475
6587.6982,0.5290487
6589.2132,0.47380538
6590.7284,0.61202578
6592.2437,0.88880793
6593.7593,1.0165701
6595.275,0.88550846
6596.7909,0.80934841
6598.3069,0.64691351
6599.8232,0.68317108
6601.3396,0.61223877
6602.8562,0.82104469
6604.3729,0.86253
6605.8898,0.93277314
6607.4069,0.8827545
6608.9242,0.85887932
6610.4417,0.91866392
6611.9593,1.0176639
6613.4771,1.2316962
6614.9951,1.3855974
6616.5132,1.4113937
6618.0316,1.1600655
6619.5501,0.95579579
6621.0687,1.0521793
6622.5876,1.4283011
6624.1066,1.6005009
6625.6258,1.6184521
6627.1452,1.6128735
6628.6647,1.693569
6630.1844,1.6906041
6631.7043,1.7529983
6633.2244,1.7134314
6634.7446,1.775825
6636.265,1.7205711
6637.7856,1.686232
6639.3064,1.717252
6640.8273,1.8005592
6642.3484,1.938768
6643.8697,2.0273033
6645.3912,2.0661651
6646.9128,1.8252879
6648.4346,1.6549987
6649.9566,1.8141209
6651.4787,2.1562492
6653.0011,2.5062204
6654.5236,2.482335
6656.0463,2.4479918
6657.5691,2.418877
6659.0921,2.5727683
6660.6153,2.9122803
6662.1387,3.1916612
6663.6623,3.3063359
6665.186,3.5334285
6666.7099,3.6637888
6668.234,3.9091814
6669.7582,4.0839854
6671.2826,4.1280701
6672.8072,4.292416
6674.332,4.6240817
6675.8569,5.1021524
6677.382,5.5593077
6678.9073,5.9328025
6680.4328,6.4317871
6681.9584,6.7843662
6683.4843,7.0768142
6685.0102,7.4215495
6686.5364,7.8238008
6688.0627,8.1737641
6689.5893,8.5550997
6691.1159,9.0383957
6692.6428,9.6759397
6694.1698,10.088647
6695.697,10.362791
6697.2244,10.744125
6698.752,11.096701
6700.2797,11.114635
6701.8076,11.221458
6703.3357,11.524359
6704.8639,12.020724
6706.3924,12.307938
6707.921,12.278812
6709.4497,12.372562
6710.9787,12.298991
6712.5078,12.484243
6714.0371,12.379298
6715.5666,12.12272
6717.0962,11.941958
6718.6261,12.171653
6720.156,12.521609
6721.6862,12.620584
6723.2166,12.659429
6724.7471,12.685201
6726.2778,12.758032
6727.8086,12.640012
6729.3397,12.375587
6730.8709,12.129463
6732.4023,11.645429
6733.9338,11.446363
6735.4656,11.168865
6736.9975,11.16849
6738.5296,11.107985
6740.0618,11.089309
6741.5943,11.018346
6743.1269,10.678101
6744.6596,10.296025
6746.1926,9.9244073
6747.7257,9.6939652
6749.259,9.2779019
6750.7925,9.0317729
6752.3262,8.7490423
6753.86,8.623174
6755.394,8.4058021
6756.9282,8.3975803
6758.4625,8.1488352
6759.997,7.8425734
6761.5317,7.5180106
6763.0666,7.2614214
6764.6017,7.1067926
6766.1369,6.7848432
6767.6723,6.5439392
6769.2078,6.3736231
6770.7436,6.2477511
6772.2795,6.4382186
6773.8156,6.4116924
6775.3519,6.379937
6776.8883,6.2305343
6778.4249,6.0419155
6779.9617,5.8585251
6781.4987,5.8136965
6783.0358,5.8054688
6784.5731,5.8835153
6786.1106,5.6975092
6787.6482,5.5951629
6789.1861,5.4300712
6790.7241,5.2545215
6792.2623,5.1129585
6793.8006,4.9400226
6795.3392,4.9239491
6796.8779,4.9104896
6798.4167,4.7349383
6799.9558,4.7711514
6801.495,4.7420046
6803.0344,4.8644915
6804.574,4.8614878
6806.1137,5.017961
6807.6537,5.19012
6809.1938,5.2995337
6810.734,5.1213653
6812.2745,5.0608436
6813.8151,4.8852889
6815.3559,5.0051587
6816.8969,5.1537863
6818.438,5.3207142
6819.9793,5.2235895
6821.5208,5.0035886
6823.0625,5.0763979
6824.6043,5.3034552
6826.1463,5.5331265
6827.6885,5.6085492
6829.2309,5.6473701
6830.7734,5.680962
6832.3161,5.4505013
6833.859,5.2409552
6835.4021,5.3111474
6836.9453,5.4362412
6838.4887,5.5508771
6840.0323,5.4406761
6841.576,5.4638081
6843.12,5.5758286
6844.6641,5.6956919
6846.2083,5.8103262
6847.7528,5.8962019
6849.2974,5.9402472
6850.8422,6.128083
6852.3872,6.3080754
6853.9323,6.3678059
6855.4777,6.2811309
6857.0232,6.1892269
6858.5688,6.4136623
6860.1147,6.6537837
6861.6607,6.7684145
6863.2069,6.86213
6864.7533,6.8068255
6866.2998,6.9397559
6867.8465,6.9916403
6869.3934,7.2186877
6870.9405,7.4849505
6872.4877,7.6989254
6874.0351,8.1220502
6875.5827,8.5530179
6877.1305,8.9447695
6878.6784,9.1064554
6880.2265,9.2707554
6881.7748,9.6232903
6883.3233,10.0804
6884.8719,10.584568
6886.4207,10.992004
6887.9697,11.488328
6889.5188,11.979424
6891.0682,12.261368
6892.6177,12.66096
6894.1674,13.19127
6895.7172,13.9072
6897.2672,14.43751
6898.8174,14.523374
6900.3678,14.836689
6901.9184,15.144775
6903.4691,15.604495
6905.02,15.87075
6906.571,15.930469
6908.1223,16.275155
6909.6737,16.329645
6911.2253,16.25603
6912.7771,16.059538
6914.329,16.179386
6915.8811,16.445639
6917.4334,16.390323
6918.9859,16.340235
6920.5385,16.765964
6922.0913,17.426987
6923.6443,17.66448
6925.1975,17.358182
6926.7508,17.012668
6928.3043,17.477611
6929.858,17.866737
6931.4119,17.706842
6932.9659,16.644987
6934.5201,15.860255
6936.0745,15.757877
6937.6291,15.893406
6939.1838,16.104752
6940.7387,15.944855
6942.2938,15.583651
6943.849,14.984539
6945.4044,14.639021
6946.96,14.452979
6948.5158,14.188506
6950.0718,13.769784
6951.6279,13.484395
6953.1842,13.251294
6954.7407,13.033878
6956.2973,12.672671
6957.8541,12.301006
6959.4111,12.243067
6960.9683,12.062251
6962.5256,11.915422
6964.0831,11.399965
6965.6408,11.164246
6967.1987,11.119377
6968.7567,10.969932
6970.3149,10.749898
6971.8733,10.422675
6973.4319,10.160811
6974.9906,9.946005
6976.5495,9.7102838
6978.1086,9.4327323
6979.6679,9.1604092
6981.2273,8.9063864
6982.7869,8.8771999
6984.3467,8.6702353
6985.9067,8.5939893
6987.4668,8.4131677
6989.0271,8.2297315
6990.5876,8.0149223
6992.1482,7.7138384
6993.709,7.6924926
6995.27,7.5691857
6996.8312,7.6785582
6998.3926,7.7408716
6999.9541,7.7561257
7001.5158,7.6014449
7003.0777,7.5016658
7004.6397,7.2633242
7006.2019,7.0092959
7007.7643,6.8755288
7009.3269,6.9509117
7010.8896,7.0576667
7012.4525,6.8454672
7014.0156,6.6411105
7015.5789,6.6145312
7017.1423,6.5670366
7018.7059,6.3103913
7020.2697,6.0720462
7021.8337,6.0820669
7023.3978,6.2881657
7024.9621,6.4079896
7026.5266,6.3970942
7028.0913,6.320839
7029.6561,6.2916423
7031.2211,6.2519877
7032.7863,6.2515485
7034.3517,6.217122
7035.9172,6.2924991
7037.4829,6.3103595
7039.0488,6.1608993
7040.6148,5.9905237
7042.181,5.9273373
7043.7474,5.9373533
7045.314,5.7905061
7046.8808,5.6175148
7048.4477,5.5255689
7050.0148,5.5564985
7051.582,5.6214146
7053.1495,5.7804481
7054.7171,5.8767361
7056.2849,5.9233506
7057.8529,5.943821
7059.421,6.0218074
7060.9893,6.1363947
7062.5578,6.1777791
7064.1265,5.9106664
7065.6953,5.6592396
7067.2643,5.3659825
7068.8335,5.3995224
7070.4029,5.4853495
7071.9724,5.631307
7073.5421,5.6465452
7075.112,5.5702798
7076.6821,5.5776742
7078.2523,5.6425846
7079.8227,5.7231809
7081.3933,5.8037769
7082.964,5.7850262
7084.535,5.7166019
7086.1061,5.5749746
7087.6774,5.639883
7089.2488,5.7021766
7090.8204,5.6415941
7092.3922,5.5339524
7093.9642,5.5674868
7095.5364,5.794485
7097.1087,5.9116789
7098.6812,5.9112254
7100.2538,5.8427977
7101.8267,5.9129318
7103.3997,5.8654184
7104.9729,5.7891466
7106.5463,5.7468613
7108.1198,5.7359482
7109.6935,5.753793
7111.2674,5.7298074
7112.8415,5.8156253
7114.4157,5.9772599
7115.9901,5.8931426
7117.5647,5.7593516
7119.1395,5.6098741
7120.7144,5.5911152
7122.2895,5.6429442
7123.8648,5.4882369
7125.4403,5.5086926
7127.0159,5.5945075
7128.5917,5.8136554
7130.1677,5.8314958
7131.7438,5.7839763
7133.3202,5.6789402
7134.8967,5.6444919
7136.4733,5.5786708
7138.0502,5.3455291
7139.6272,5.3032366
7141.2044,5.1903557
7142.7818,5.1637489
7144.3593,5.0743966
7145.9371,4.9928872
7147.515,4.8930767
7149.093,4.8455535
7150.6713,4.8712326
7152.2497,4.9884146
7153.8283,4.8310865
7155.407,4.7992482
7156.986,4.7830958
7158.5651,4.9394922
7160.1444,4.8971953
7161.7239,4.729408
7163.3035,4.4753458
7164.8833,4.399061
7166.4633,4.461338
7168.0435,4.4817846
7169.6238,4.4054988
7171.2043,4.462546
7172.785,4.5980242
7174.3658,4.6367701
7175.9469,4.4637509
7177.5281,4.3874634
7179.1095,4.3033325
7180.691,4.2584169
7182.2727,4.1063114
7183.8546,4.0378657
7185.4367,4.047851
7187.019,3.9924765
7188.6014,4.0965788
7190.184,3.968001
7191.7668,3.8315797
7193.3497,3.6350274
7194.9328,3.6868408
7196.5161,3.8249283
7198.0996,3.8113815
7199.6833,3.6801873
7201.2671,3.5908228
7202.8511,3.6034188
7204.4352,3.785949
7206.0196,3.8403744
7207.6041,3.8895706
7209.1888,3.6825574
7210.7736,3.7056092
7212.3587,3.7940201
7213.9439,3.939947
7215.5293,3.957769
7217.1148,3.6644796
7218.7006,3.4809937
7220.2865,3.3680957
7221.8726,3.3571582
7223.4588,3.3357628
7225.0453,3.3614259
7226.6319,3.4838207
7228.2186,3.3761498
7229.8056,3.2318773
7231.3927,3.2261664
7232.98,3.3799324
7234.5675,3.3899072
7236.1551,3.0939993
7237.743,3.080444
7239.331,3.0276727
7240.9191,2.974901
7242.5075,2.9169002
7244.096,3.0366769
7245.6847,3.292401
7247.2736,3.2683861
7248.8626,2.9646323
7250.4518,2.8804861
7252.0412,2.7911107
7253.6308,2.8219965
7255.2205,2.7221629
7256.8105,2.6354009
7258.4005,2.6453706
7259.9908,2.65534
7261.5813,2.7175966
7263.1719,2.8033822
7264.7626,2.8551806
7266.3536,2.8782205
7267.9447,2.8568156
7269.5361,2.6654758
7271.1275,2.366946
7272.7192,2.1834486
7274.311,2.2038724
7275.903,2.2661259
7277.4952,2.3257647
7279.0876,2.4272333
7280.6801,2.4921002
7282.2728,2.496836
7283.8657,2.4728133
7285.4587,2.5951955
7287.0519,2.5868585
7288.6453,2.4922465
7290.2389,2.5205101
7291.8327,2.3762243
7293.4266,2.3783434
7295.0207,2.2340569
7296.615,2.3146066
7298.2094,2.3193391
7299.804,2.2796267
7301.3988,2.4621363
7302.9938,2.427652
7304.5889,2.2964354
7306.1842,2.1390746
7307.7797,2.0967462
7309.3754,2.3027834
7310.9712,2.2761406
7312.5672,2.2834843
7314.1634,2.3274291
7315.7598,2.4001316
7317.3563,2.4493044
7318.953,2.3651436
7320.5499,2.4064726
7322.147,2.4295005
7323.7442,2.42377
7325.3416,2.2428758
7326.9392,2.2946609
7328.5369,2.4876222
7330.1349,2.7171844
7331.733,2.8081842
7333.3312,2.5540857
7334.9297,2.4176338
7336.5283,2.5138614
7338.1271,2.5865592
7339.7261,2.6304985
7341.3252,2.402542
7342.9246,2.4726244
7344.524,2.628981
7346.1237,2.756579
7347.7236,2.8894055
7349.3236,2.797395
7350.9238,2.7367568
7352.5241,2.6918045
7354.1247,2.8586165
7355.7254,2.9156243
7357.3263,2.8236121
7358.9273,2.6636258
7360.5286,2.5794561
7362.13,2.7358089
7363.7316,2.7143836
7365.3333,2.5883828
7366.9353,2.3081333
7368.5374,2.1010861
7370.1397,2.2522085
7371.7421,2.2804547
7373.3448,2.1701385
7374.9476,1.9604755
7376.5505,1.8083286
7378.1537,1.8444166
7379.757,1.8883474
7381.3605,1.9218203
7382.9642,1.963136
7384.5681,1.8188305
7386.1721,1.6849822
7387.7763,1.5798916
7389.3806,1.5819903
7390.9852,1.6651344
7392.5899,1.5992586
7394.1948,1.5595262
7395.7999,1.3524732
7397.4051,1.2630669
7399.0105,1.2913073
7400.6161,1.2149723
7402.2219,1.3347153
7403.8278,1.2792946
7405.434,1.4330239
7407.0402,1.4481907
7408.6467,1.3195664
7410.2533,1.282445
7411.8602,1.250552
7413.4671,1.3206194
7415.0743,1.3671571
7416.6816,1.3666356
7418.2891,1.4340877
7419.8968,1.5407551
7421.5047,1.6265071
7423.1127,1.4560496
7424.7209,1.3169644
7426.3293,1.303369
7427.9379,1.5172242
7429.5466,1.6369615
7431.1555,1.5344762
7432.7646,1.5208794
7434.3738,1.546498
7435.9832,1.6453188
7437.5928,1.7911982
7439.2026,1.7174693
7440.8126,1.7640016
7442.4227,1.7111871
7444.033,1.7524899
7445.6434,1.8277793
7447.2541,1.8194083
7448.8649,1.8293375
7450.4759,1.6876324
7452.0871,1.6531166
7453.6984,1.712718
7455.3099,1.7801622
7456.9216,1.936495
7458.5335,2.1085137
7460.1455,2.2962184
7461.7577,2.3793475
7463.3701,2.4781626
7464.9827,2.595278
7466.5954,2.7437656
7468.2083,2.7719914
7469.8214,2.8315895
7471.4346,2.6402068
7473.0481,2.5847715
7474.6617,2.5763946
7476.2755,2.5732462
7477.8894,2.504738
7479.5035,2.4702163
7481.1178,2.6396159
7482.7323,2.8090151
7484.347,2.7875644
7485.9618,2.6667668
7487.5768,2.5224396
7489.192,2.3728832
7490.8073,2.2520847
7492.4228,2.0894557
7494.0385,2.2379375
7495.6544,2.3759615
7497.2704,2.6081028
7498.8867,2.5944921
7500.503,2.559966
7502.1196,2.6613873
7503.7364,2.6137887
7505.3533,2.4459283
7506.9704,2.0898322
7508.5876,1.9062848
7510.2051,2.0286195
7511.8227,2.1117381
7513.4405,2.1007387
7515.0584,2.0400658
7516.6765,1.9793925
7518.2949,1.9291765
7519.9133,1.8057574
7521.532,1.73724
7523.1508,1.6216634
7524.7698,1.5113153
7526.389,1.4271106
7528.0084,1.5128402
7529.6279,1.5985694
7531.2476,1.6241676
7532.8675,1.5399615
7534.4875,1.4165394
7536.1077,1.2539013
7537.7281,1.2690406
7539.3487,1.3390816
7540.9695,1.3150045
7542.5904,1.2464827
7544.2115,1.146588
7545.8327,1.1904838
7547.4542,1.3703269
7549.0758,1.144941
7550.6976,1.0528881
7552.3196,0.78567138
7553.9417,1.0178008
7555.564,1.1950278
7557.1865,1.2833657
7558.8092,1.32203
7560.432,1.2404325
7562.055,1.1588347
7563.6782,1.0144915
7565.3016,0.83354661
7566.9251,0.725804
7568.5488,0.85074078
7570.1727,1.0358079
7571.7967,1.1842735
7573.421,1.0817582
7575.0454,1.0315303
7576.6699,1.1669229
7578.2947,1.2866289
7579.9196,1.3540469
7581.5447,1.3116607
7583.17,1.2535879
7584.7955,1.2373448
7586.4211,1.3387485
7588.0469,1.4087792
7589.6729,1.5441691
7591.299,1.3998201
7592.9253,1.5822681
7594.5518,1.6810556
7596.1785,1.8190585
7597.8053,1.721767
7599.4323,1.4676123
7601.0595,1.3912351
7602.6869,1.4847922
7604.3144,1.729983
7605.9422,1.8496832
7607.57,1.8386641
7609.1981,1.8511741
7610.8263,1.87937
7612.4548,1.9258663
7614.0833,2.0743229
7615.7121,2.207093
7617.341,2.3241765
7618.9701,2.4517171
7620.5994,2.5923293
7622.2289,2.7067973
7623.8585,2.572899
7625.4883,2.5357324
7627.1183,2.5822256
7628.7484,2.7176073
7630.3788,2.6255377
7632.0093,2.5805266
7633.6399,2.6296328
7635.2708,2.8173007
7636.9018,2.9134651
7638.533,2.8815245
7640.1644,2.9384725
7641.7959,2.9169887
7643.4277,2.9425635
7645.0596,2.934151
7646.6916,3.1009015
7648.3239,3.2388935
7649.9563,3.0971467
7651.5889,2.8769681
7653.2216,2.8528676
7654.8546,3.0379171
7656.4877,2.8987832
7658.121,2.7230477
7659.7544,2.6623445
7661.3881,2.9676541
7663.0219,3.13963
7664.6559,3.0946121
7666.29,2.754169
7667.9244,2.5104576
7669.5589,2.3974648
7671.1936,2.4883933
7672.8284,2.555792
7674.4634,2.3983537
7676.0986,2.2304576
7677.734,1.9632148
7679.3696,1.7927036
7681.0053,1.7163098
7682.6412,1.6765169
7684.2773,1.7177694
7685.9135,1.5943157
7687.55,1.3898159
7689.1866,1.2715903
7690.8233,1.1795081
7692.4603,1.3122622
7694.0974,1.3404408
7695.7347,1.3921485
7697.3722,1.341895
7699.0098,1.3439288
7700.6476,1.3485766
7702.2856,1.3532241
7703.9238,1.3186555
7705.5621,1.2082697
7707.2006,1.171086
7708.8393,1.1731178
7710.4782,1.1986786
7712.1172,1.1170495
7713.7564,1.103394
7715.3958,1.1080387
7717.0354,1.0760818
7718.6751,0.89510501
7720.315,0.8317749
7721.9551,0.97498039
7723.5953,0.98485221
7725.2358,0.99472369
7726.8764,0.95230725
7728.5172,0.94126301
7730.1581,0.88054524
7731.7992,0.76753954
7733.4405,0.66499102
7735.082,0.65394543
7736.7237,0.64812825
7738.3655,0.63185322
7740.0075,0.58943406
7741.6497,0.58623025
7743.292,0.80263394
7744.9345,0.84648827
7746.5772,0.69426383
7748.2201,0.49498022
7749.8631,0.48393157
7751.5063,0.56177147
7753.1497,0.48797704
7754.7933,0.26777704
7756.437,0.099864287
7758.081,0.11495773
7759.725,0.2084822
7761.3693,0.35167954
7763.0137,0.30141248
7764.6583,0.27206012
7766.3031,0.13551787
7767.9481,0.2604132
7769.5932,0.23105981
7771.2385,0.30628126
7772.884,0.35012981
7774.5297,0.43842246
7776.1755,0.41429648
7777.8215,0.12873225
7779.4677,-0.039185264
7781.114,-0.097299195
7782.7606,-0.071753336
7784.4073,-0.030521541
7786.0541,-0.15138159
7787.7012,0.023182858
7789.3484,0.056570495
7790.9958,0.024598316
7792.6434,-0.20606701
7794.2911,-0.34261504
7795.939,-0.29354248
7797.5871,-0.1752234
7799.2354,-0.11442059
7800.8838,-0.1294347
7802.5325,-0.23333762
7804.1813,-0.25619473
7805.8302,-0.069901433
7807.4794,0.09286252
7809.1287,0.3366723
7810.7782,0.29551482
7812.4278,0.3197169
7814.0777,0.37790597
7815.7277,0.44393825
7817.3779,0.47075492
7819.0282,0.30410761
7820.6787,0.39628389
7822.3295,0.46231646
7823.9803,0.57540792
7825.6314,0.63621187
7827.2826,0.8460355
7828.934,1.0814801
7830.5856,1.2076438
7832.2374,1.3369447
7833.8893,1.4082065
7835.5414,1.4088802
7837.1937,1.5068088
7838.8461,1.6455218
7840.4987,1.796784
7842.1515,1.8900069
7843.8045,2.0130339
7845.4576,2.0858648
7847.111,2.1304605
7848.7645,2.1844681
7850.4181,2.3200444
7852.072,2.3991501
7853.726,2.4845304
7855.3802,2.5730481
7857.0345,2.6098011
7858.6891,2.5775345
7860.3438,2.5217387
7861.9987,2.4000605
7863.6537,2.3819119
7865.309,2.3214103
7866.9644,2.3267912
7868.62,2.3949173
7870.2757,2.5179454
7871.9317,2.529601
7873.5878,2.5585116
7875.2441,2.5011477
7876.9005,2.519078
7878.5571,2.6154398
7880.2139,2.5941546
7881.8709,2.5744381
7883.5281,2.6519766
7885.1854,2.5899073
7886.8429,2.4886223
7888.5006,2.5504747
7890.1584,2.701739
7891.8164,2.8294739
7893.4746,2.9807382
7895.133,3.0300419
7896.7916,3.1671888
7898.4503,3.1819828
7900.1092,3.1936396
7901.7682,3.2351004
7903.4275,3.3455809
7905.0869,3.2678262
7906.7465,3.2732088
7908.4063,3.3319248
7910.0662,3.3780918
7911.7263,3.4446511
7913.3866,3.6241516
7915.0471,3.6860052
7916.7077,3.6443294
7918.3685,3.6826536
7920.0295,3.6645074
7921.6906,3.6573416
7923.352,3.7427249
7925.0135,3.9285004
7926.6752,4.0546682
7928.337,4.1776988
7929.999,4.3885725
7931.6613,4.4002307
7933.3236,4.3397321
7934.9862,4.3262924
7936.6489,4.421088
7938.3118,4.4672563
7939.9749,4.5871501
7941.6381,4.787044
7943.3016,4.9587026
7944.9652,5.0205574
7946.6289,5.0275104
7948.2929,5.2195614
7949.957,5.325338
7951.6213,5.3824872
7953.2857,5.5039502
7954.9504,5.6160016
7956.6152,5.6888373
7958.2802,5.9671632
7959.9454,6.2784305
7961.6107,6.4955801
7963.2762,6.6578279
7964.9419,6.8718404
7966.6078,6.9885981
7968.2738,7.033199
7969.94,7.3068196
7971.6064,7.6729893
7973.273,8.0313159
7974.9397,8.3080739
7976.6066,8.664832
7978.2737,9.0686491
7979.9409,9.4348191
7981.6084,9.7194206
7983.276,10.245591
7984.9437,10.760781
7986.6117,11.147343
7988.2798,11.671945
7989.9481,12.328311
7991.6166,12.744678
7993.2852,13.214378
7994.9541,13.734274
7996.6231,14.396915
7998.2922,15.075243
7999.9616,15.99514
8001.6311,17.012291
8003.3008,18.13454
8004.9707,19.101496
8006.6407,20.013549
8008.3109,20.991485
8009.9813,22.019617
8011.6519,23.017946
8013.3226,24.334705
8014.9935,25.842838
8016.6646,27.365088
8018.3359,29.041063
8020.0073,30.983706
8021.6789,32.885564
8023.3507,34.586637
8025.0227,36.711241
8026.6948,38.848393
8028.3671,40.892997
8030.0396,42.796424
8031.7122,45.024557
8033.3851,47.237004
8035.0581,49.43847
8036.7312,51.572486
8038.4046,53.830423
8040.0781,56.020909
8041.7518,57.758062
8043.4257,59.31796
8045.0997,60.744525
8046.774,62.202463
8048.4484,63.517656
8050.1229,64.771672
8051.7977,65.763727
8053.4726,66.757351
8055.1477,67.467054
8056.823,68.143815
8058.4984,68.539793
8060.174,69.045574
8061.8498,69.399198
8063.5258,69.632039
8065.2019,69.831938
8066.8782,70.190268
8068.5547,70.415266
8070.2314,70.638695
8071.9082,70.855849
8073.5852,70.865944
8075.2624,70.593687
8076.9398,70.181822
8078.6173,69.809173
8080.295,69.477308
8081.9729,69.024659
8083.6509,68.774363
8085.3292,68.732694
8087.0076,68.563967
8088.6861,68.208573
8090.3649,67.893963
8092.0438,67.585628
8093.7229,67.297685
8095.4022,66.846605
8097.0816,66.365721
8098.7613,65.862877
8100.4411,65.146699
8102.121,64.212482
8103.8012,63.262579
8105.4815,62.320519
8107.162,61.353361
8108.8426,60.496007
8110.5235,59.644928
8112.2045,58.715417
8113.8857,57.778064
8115.5671,56.846984
8117.2486,55.845317
8118.9303,54.79816
8120.6122,53.79963
8122.2943,52.619139
8123.9765,51.476296
8125.6589,50.298943
8127.3415,49.189041
8129.0242,47.96306
8130.7072,46.856295
8132.3903,45.73855
8134.0736,44.641197
8135.757,43.791688
8137.4406,43.321786
8139.1245,42.806394
8140.8084,42.413355
8142.4926,42.152081
8144.1769,41.726101
8145.8614,41.003651
8147.5461,40.450612
8149.2309,39.872476
8150.9159,39.353947
8152.6011,38.813458
8154.2865,38.458067
8155.9721,38.159146
8157.6578,37.941794
8159.3437,37.64758
8161.0297,37.472581
8162.716,37.473269
8164.4024,37.480231
8166.089,37.255036
8167.7758,37.163175
8169.4627,37.181118
8171.1498,37.056315
8172.8371,36.762102
8174.5245,36.678084
8176.2122,36.470144
8177.9,36.230833
8179.588,36.013482
8181.2761,35.879268
8182.9645,35.774858
8184.653,35.725351
8186.3417,35.740157
8188.0305,35.991826
8189.7195,36.125848
8191.4087,36.217517
8193.0981,36.451932
8194.7877,36.444778
8196.4774,36.378016
8198.1673,36.405371
8199.8574,36.415472
8201.5476,36.524397
8203.238,36.641164
8204.9286,36.558717
8206.6194,36.581367
8208.3103,36.823625
8210.0015,36.847844
8211.6928,36.914416
8213.3842,36.95589
8215.0759,37.132266
8216.7677,37.153348
8218.4597,37.130508
8220.1518,37.107669
8221.8442,37.257379
8223.5367,37.421206
8225.2294,37.592877
8226.9222,37.579449
8228.6153,37.587983
8230.3085,37.547889
8232.0019,37.517207
8233.6954,37.307701
8235.3891,37.308392
8237.0831,37.257318
8238.7771,37.145068
8240.4714,36.943405
8242.1658,36.758998
8243.8604,36.593415
8245.5552,36.597243
8247.2501,36.428522
8248.9453,36.212743
8250.6406,36.062846
8252.336,35.86589
8254.0317,35.585798
8255.7275,35.330803
8257.4235,35.099337
8259.1197,34.979245
8260.816,34.843466
8262.5125,34.723373
8264.2092,34.678575
8265.9061,34.553777
8267.6031,34.204665
8269.3004,33.944965
8270.9978,33.658598
8272.6953,33.438114
8274.3931,33.18312
8276.091,33.039498
8277.7891,32.85823
8279.4873,32.590687
8281.1857,32.276085
8282.8844,32.066582
8284.5831,31.788059
8286.2821,31.382477
8287.9812,31.227876
8289.6805,31.214451
8291.38,31.116321
8293.0797,30.975837
8294.7795,31.075354
8296.4795,31.061929
8298.1797,30.805368
8299.88,30.580179
8301.5806,30.613813
8303.2813,30.703919
8304.9821,30.571279
8306.6832,30.719423
8308.3844,30.961686
8310.0858,31.081595
8311.7874,30.961505
8313.4891,30.985728
8315.191,31.113481
8316.8931,31.104763
8318.5954,31.09134
8320.2978,31.162622
8322.0004,31.221355
8323.7032,31.190677
8325.4062,31.197646
8327.1093,31.239125
8328.8126,31.374721
8330.5161,31.513455
8332.2198,31.697679
8333.9236,31.972884
8335.6276,32.215147
8337.3318,32.419764
8339.0362,32.621243
8340.7407,32.755271
8342.4454,32.84381
8344.1503,33.082936
8345.8553,33.351867
8347.5606,33.631778
8349.266,34.077963
8350.9715,34.419051
8352.6773,34.697394
8354.3832,35.025932
8356.0893,35.343491
8357.7956,35.499481
8359.502,35.831157
8361.2087,36.194206
8362.9155,36.587058
8364.6224,36.961088
8366.3296,37.369627
8368.0369,37.663657
8369.7444,38.022
8371.4521,38.367794
8373.1599,38.831236
8374.8679,39.28056
8376.5761,39.820864
8378.2845,40.215286
8379.993,40.526571
8381.7017,40.809621
8383.4106,41.006396
8385.1197,41.356897
8386.8289,41.883084
8388.5383,42.486134
8390.2479,43.035851
8391.9576,43.786352
8393.6676,44.563519
8395.3777,45.190099
8397.088,45.761777
8398.7984,46.564043
8400.509,47.259642
8402.2198,47.757595
8403.9308,48.349665
8405.642,49.051539
8407.3533,49.671845
8409.0648,50.321955
8410.7765,51.132064
8412.4883,51.956292
8414.2003,52.60797
8415.9125,53.237688
8417.6249,53.981916
8419.3374,54.851634
8421.0502,55.765273
8422.7631,56.645972
8424.4761,57.536082
8426.1894,58.319526
8427.9028,59.093558
8429.6164,60.054256
8431.3301,61.010249
8433.0441,61.892517
8434.7582,62.766941
8436.4725,63.531562
8438.1869,63.885202
8439.9016,64.278058
8441.6164,64.754051
8443.3314,65.353966
8445.0465,65.690352
8446.7618,66.149091
8448.4773,66.766261
8450.193,67.300294
8451.9089,67.608444
8453.6249,68.053066
8455.3411,68.463177
8457.0575,68.713289
8458.774,68.991636
8460.4908,69.174297
8462.2077,69.313036
8463.9247,69.523932
8465.642,69.670515
8467.3594,69.726117
8469.077,69.73466
8470.7948,69.80438
8472.5127,69.761159
8474.2308,69.619115
8475.9491,69.569619
8477.6676,69.65032
8479.3862,69.672982
8481.105,69.463487
8482.824,69.30105
8484.5432,69.006849
8486.2625,68.569903
8487.982,68.07335
8489.7017,67.64111
8491.4216,67.372007
8493.1416,67.091924
8494.8618,66.725567
8496.5822,66.337248
8498.3028,66.094813
8500.0235,65.634338
8501.7444,65.062491
8503.4655,64.589467
8505.1867,64.091345
8506.9082,63.292047
8508.6298,62.633926
8510.3515,62.178157
8512.0735,61.609448
8513.7956,60.974856
8515.5179,60.66497
8517.2404,60.107241
8518.963,59.315786
8520.6859,58.635704
8522.4089,58.057583
8524.132,57.311619
8525.8554,56.564087
8527.5789,55.880868
8529.3026,55.280787
8531.0264,54.567764
8532.7505,53.694741
8534.4747,52.868778
8536.1991,51.92203
8537.9236,50.975282
8539.6484,50.174417
8541.3733,49.351591
8543.0984,48.771902
8544.8236,48.397704
8546.5491,47.883897
8548.2747,47.468915
8550.0005,47.267265
8551.7264,46.968361
8553.4526,46.603575
8555.1789,46.358004
8556.9053,46.115571
8558.632,45.968824
8560.3588,45.796979
8562.0858,45.73337
8563.813,45.638388
8565.5403,45.523014
8567.2679,45.467248
8568.9956,45.408344
8570.7234,45.393362
8572.4515,45.4474
8574.1797,45.449674
8575.9081,45.417437
8577.6367,45.377358
8579.3654,45.277671
8581.0943,45.214062
8582.8234,45.213198
8584.5527,45.091551
8586.2821,45.078138
8588.0117,45.14002
8589.7415,45.090529
8591.4715,44.998685
8593.2016,45.076254
8594.9319,45.011077
8596.6624,44.826684
8598.3931,44.731704
8600.1239,44.793586
8601.8549,44.805272
8603.5861,44.650684
8605.3175,44.626292
8607.049,44.598763
8608.7807,44.466136
8610.5126,44.255077
8612.2446,44.296568
8613.9769,44.297274
8615.7093,44.144255
8617.4418,43.926922
8619.1746,43.900962
8620.9075,43.815394
8622.6406,43.811395
8624.3739,43.851317
8626.1073,43.825357
8627.841,43.699006
8629.5748,43.643242
8631.3087,43.515322
8633.0429,43.288578
8634.7772,43.033599
8636.5117,42.761365
8638.2463,42.438935
8639.9812,42.169838
8641.7162,41.991722
8643.4514,41.85439
8645.1867,41.89902
8646.9223,41.882472
8648.658,41.646317
8650.3939,41.436829
8652.1299,41.304204
8653.8662,40.835892
8655.6026,40.582482
8657.3392,40.540838
8659.0759,40.414487
8660.8129,40.114019
8662.55,40.048845
8664.2872,39.81269
8666.0247,39.43536
8667.7623,39.183519
8669.5001,39.033639
8671.2381,38.810034
8672.9762,38.672704
8674.7146,38.518119
8676.4531,38.369808
8678.1917,38.36738
8679.9306,38.306912
8681.6696,38.037817
8683.4088,37.883232
8685.1482,37.752177
8686.8877,37.429749
8688.6274,37.192027
8690.3673,37.133129
8692.1074,37.030309
8693.8476,36.963567
8695.588,36.92663
8697.3286,36.756359
8699.0694,36.540599
8700.8103,36.365622
8702.5514,36.115352
8704.2927,35.844689
8706.0342,35.622654
8707.7758,35.554345
8709.5176,35.42329
8711.2596,35.420863
8713.0018,35.445103
8714.7441,35.652872
8716.4866,35.653583
8718.2293,35.588411
8719.9721,35.540494
8721.7152,35.476891
8723.4584,35.176426
8725.2017,34.993607
8726.9453,34.92373
8728.689,34.751892
8730.4329,34.617701
8732.177,34.558804
8733.9212,34.597163
8735.6656,34.555521
8737.4102,34.433879
8739.155,34.528708
8740.8999,34.556087
8742.6451,34.481504
8744.3904,34.436726
8746.1358,34.424888
8747.8815,34.177757
8749.6273,34.070234
8751.3733,33.99722
8753.1194,33.960285
8754.8658,33.946879
8756.6123,33.883278
8758.359,33.88399
8760.1058,33.845487
8761.8529,33.744238
8763.6001,33.702598
8765.3474,33.69233
8767.095,33.691474
8768.8427,33.576108
8770.5906,33.594076
8772.3387,33.497534
8774.087,33.463737
8775.8354,33.279351
8777.584,33.165555
8779.3328,33.123915
8781.0817,33.127765
8782.8308,33.026518
8784.5801,32.977035
8786.3296,33.029513
8788.0793,32.893756
8789.8291,32.80192
8791.5791,32.702242
8793.3292,32.64021
8795.0796,32.476218
8796.8301,32.400069
8798.5808,32.352156
8800.3317,32.387379
8802.0827,32.312799
8803.8339,32.142533
8805.5853,32.024031
8807.3369,31.907098
8809.0886,31.816832
8810.8405,31.812841
8812.5926,31.816692
8814.3449,31.877015
8816.0973,31.824396
8817.8499,31.850209
8819.6027,31.82112
8821.3556,31.771638
8823.1088,31.577843
8824.8621,31.545617
8826.6155,31.416136
8828.3692,31.294498
8830.123,31.232468
8831.877,31.192399
8833.6312,31.009585
8835.3855,30.858143
8837.1401,30.725525
8838.8948,30.641535
8840.6496,30.554407
8842.4047,30.572378
8844.1599,30.551133
8845.9153,30.547143
8847.6709,30.565114
8849.4266,30.653673
8851.1825,30.637134
8852.9386,30.691183
8854.6949,30.658958
8856.4513,30.648694
8858.2079,30.525489
8859.9647,30.454048
8861.7217,30.341823
8863.4788,30.27352
8865.2361,30.227178
8866.9936,30.224757
8868.7513,30.27567
8870.5091,30.314034
8872.2671,30.299064
8874.0253,30.207232
8875.7837,30.116969
8877.5422,30.064353
8879.3009,30.008599
8881.0598,29.973238
8882.8188,29.939445
8884.578,29.882124
8886.3374,29.842057
8888.097,29.773755
8889.8568,29.689766
8891.6167,29.69519
8893.3768,29.865319
8895.1371,29.82839
8896.8975,29.879304
8898.6581,30.083943
8900.4189,30.197602
8902.1799,30.26734
8903.941,30.335509
8905.7024,30.290737
8907.4638,30.260083
8909.2255,30.260801
8910.9873,30.194069
8912.7494,30.246552
8914.5116,30.317859
8916.2739,30.26995
8918.0364,30.209492
8919.7992,30.183544
8921.562,30.251714
8923.3251,30.308903
8925.0883,30.298642
8926.8517,30.421714
8928.6153,30.500864
8930.3791,30.543937
8932.143,30.593283
8933.9071,30.634787
8935.6714,30.602565
8937.4358,30.648775
8939.2005,30.544396
8940.9653,30.598449
8942.7302,30.760738
8944.4954,30.75832
8946.2607,30.691589
8948.0262,30.780152
8949.7919,30.628715
8951.5577,30.492964
8953.3238,30.561136
8955.0899,30.510091
8956.8563,30.385321
8958.6229,30.418983
8960.3896,30.41186
8962.1565,30.298071
8963.9235,30.22036
8965.6908,30.169316
8967.4582,30.06337
8969.2258,30.006051
8970.9935,29.915792
8972.7615,29.845924
8974.5296,29.760371
8976.2979,29.654425
8978.0663,29.553185
8979.835,29.552338
8981.6038,29.532667
8983.3727,29.487898
8985.1419,29.552933
8986.9112,29.599145
8988.6807,29.537121
8990.4504,29.616274
8992.2203,29.60131
8993.9903,29.448306
8995.7605,29.334518
8997.5309,29.248965
8999.3014,29.157138
9001.0721,29.000998
9002.843,28.799367
9004.6141,28.618128
9006.3853,28.545125
9008.1568,28.388984
9009.9284,28.330099
9011.7001,28.49239
9013.4721,28.491544
9015.2442,28.391874
9017.0165,28.284362
9018.7889,28.201947
9020.5616,28.086592
9022.3344,28.110844
9024.1074,28.097449
9025.8805,28.084055
9027.6539,28.166346
9029.4274,28.096481
9031.2011,28.001518
9032.9749,28.005379
9034.749,28.115906
9036.5232,28.185649
9038.2976,28.255392
9040.0721,28.373763
9041.8468,28.482722
9043.6217,28.525798
9045.3968,28.534365
9047.1721,28.564893
9048.9475,28.546794
9050.7231,28.505165
9052.4989,28.565497
9054.2748,28.575633
9056.0509,28.570082
9057.8272,28.547277
9059.6037,28.526041
9061.3804,28.478138
9063.1572,28.524352
9064.9342,28.634881
9066.7113,28.745409
9068.4887,28.851232
9070.2662,28.840977
9072.0439,28.890329
9073.8218,28.95223
9075.5998,28.912171
9077.378,28.919171
9079.1564,29.009308
9080.935,28.999052
9082.7137,28.95115
9084.4926,29.052268
9086.2717,29.175346
9088.0509,29.262346
9089.8304,29.419934
9091.61,29.586935
9093.3898,29.730405
9095.1697,29.944465
9096.9498,30.095779
9098.7302,30.182779
9100.5106,30.268211
9102.2913,30.424231
9104.0721,30.610055
9105.8531,30.656272
9107.6343,30.796606
9109.4156,30.976156
9111.1972,31.003549
9112.9788,30.939962
9114.7607,31.128924
9116.5428,31.451219
9118.325,31.627632
9120.1074,31.744437
9121.8899,31.947517
9123.6727,32.114518
9125.4556,32.223481
9127.2387,32.409306
9129.022,32.728464
9130.8054,33.069584
9132.589,33.289919
9134.3728,33.471038
9136.1568,33.691373
9137.9409,33.928964
9139.7252,34.128907
9141.5097,34.372772
9143.2943,34.591539
9145.0792,34.93109
9146.8642,35.278485
9148.6494,35.672938
9150.4347,36.090921
9152.2202,36.494786
9154.006,36.876691
9155.7918,37.145654
9157.5779,37.486775
9159.3641,37.873385
9161.1505,38.194114
9162.9371,38.613666
9164.7238,39.216747
9166.5108,39.65826
9168.2979,40.040166
9170.0851,40.437757
9171.8726,40.750643
9173.6602,40.983529
9175.448,41.37014
9177.2359,41.813222
9179.0241,42.282971
9180.8124,42.776249
9182.6009,43.456194
9184.3896,44.040453
9186.1784,44.503927
9187.9674,45.020735
9189.7566,45.619112
9191.546,46.048077
9193.3355,46.509983
9195.1252,47.097379
9196.9151,47.675364
9198.7051,48.174917
9200.4954,48.713686
9202.2858,49.286966
9204.0764,49.965343
9205.8671,50.748818
9207.658,51.400529
9209.4492,51.984788
9211.2404,52.584735
9213.0319,53.200367
9214.8235,53.662274
9216.6153,54.293593
9218.4073,55.083343
9220.1994,55.880937
9221.9918,56.634609
9223.7842,57.360045
9225.5769,58.254894
9227.3698,59.021115
9229.1628,59.625768
9230.956,60.29944
9232.7493,61.108015
9234.5429,61.627962
9236.3366,62.284379
9238.1305,63.077268
9239.9246,63.769764
9241.7188,64.314809
9243.5132,65.063776
9245.3078,65.751567
9247.1026,66.371907
9248.8975,67.084795
9250.6926,67.907488
9252.4879,68.496455
9254.2833,69.138756
9256.079,69.727724
9257.8748,70.155123
9259.6708,70.628012
9261.4669,71.260901
9263.2632,71.809085
9265.0597,72.308641
9266.8564,72.908589
9268.6533,73.513243
9270.4503,73.950054
9272.2475,74.330395
9274.0449,74.704461
9275.8424,75.017351
9277.6401,75.1373
9279.438,75.298033
9281.2361,75.457197
9283.0344,75.654009
9284.8328,75.821017
9286.6314,76.008417
9288.4301,76.220915
9290.2291,76.436551
9292.0282,76.548657
9293.8275,76.6639
9295.6269,76.757183
9297.4266,76.773603
9299.2264,76.786886
9301.0264,76.855071
9302.8265,76.854236
9304.6269,76.876931
9306.4274,76.896489
9308.2281,76.839184
9310.0289,76.828938
9311.83,76.820261
9313.6312,76.830407
9315.4325,76.779377
9317.2341,76.765994
9319.0358,76.66163
9320.8377,76.55413
9322.6398,76.407413
9324.4421,76.343835
9326.2445,76.267707
9328.0471,76.051971
9329.8499,75.859765
9331.6528,75.681677
9333.4559,75.469079
9335.2592,75.184324
9337.0627,74.971726
9338.8663,74.737167
9340.6702,74.381824
9342.4742,74.023344
9344.2783,73.677413
9346.0827,73.309521
9347.8872,72.882022
9349.6919,72.550209
9351.4967,72.122709
9353.3018,71.547759
9355.107,70.933593
9356.9124,70.371192
9358.7179,69.623693
9360.5237,68.860508
9362.3296,68.207127
9364.1357,67.519236
9365.9419,66.63056
9367.7483,65.851689
9369.555,65.063406
9371.3617,64.259437
9373.1687,63.496252
9374.9758,62.739342
9376.7831,61.952628
9378.5906,61.314934
9380.3982,60.809004
9382.2061,60.282682
9384.0141,59.858322
9385.8222,59.476314
9387.6306,59.153914
9389.4391,58.734259
9391.2478,58.345977
9393.0567,57.94044
9394.8657,57.671374
9396.6749,57.305053
9398.4843,57.032849
9400.2939,56.796725
9402.1036,56.660992
9403.9136,56.636632
9405.7236,56.711095
9407.5339,56.680461
9409.3444,56.641984
9411.155,56.648996
9412.9658,56.492872
9414.7767,56.206552
9416.5878,56.051996
9418.3992,55.971166
9420.2106,55.766414
9422.0223,55.500486
9423.8341,55.421225
9425.6461,55.185101
9427.4583,54.942703
9429.2707,54.714422
9431.0832,54.462613
9432.8959,54.006881
9434.7088,53.731542
9436.5218,53.583262
9438.335,53.397334
9440.1484,53.191015
9441.962,53.039597
9443.7758,52.966612
9445.5897,52.757155
9447.4038,52.585346
9449.2181,52.506086
9451.0325,52.456629
9452.8471,52.264428
9454.6619,52.018894
9456.4769,51.862771
9458.292,51.772531
9460.1073,51.588173
9461.9228,51.395972
9463.7385,51.293183
9465.5543,51.154315
9467.3703,50.999762
9469.1865,50.898542
9471.0029,50.806733
9472.8194,50.528258
9474.6361,50.26547
9476.453,49.943073
9478.2701,49.752442
9480.0873,49.535143
9481.9047,49.374316
9483.7223,49.174273
9485.54,49.12168
9487.358,48.971834
9489.1761,48.746692
9490.9943,48.700375
9492.8128,48.712097
9494.6314,48.588917
9496.4502,48.377894
9498.2692,48.237459
9500.0883,48.031142
9501.9077,47.893845
9503.7272,47.731449
9505.5468,47.603564
9507.3667,47.384698
9509.1867,47.211323
9511.0069,46.935986
9512.8273,46.574376
9514.6478,46.297471
9516.4685,46.147625
9518.2894,46.033858
9520.1105,45.879306
9521.9317,45.789068
9523.7531,45.581184
9525.5747,45.329377
9527.3965,45.03365
9529.2184,44.844589
9531.0405,44.639841
9532.8628,44.522937
9534.6852,44.395053
9536.5079,44.223247
9538.3307,43.96203
9540.1537,43.865518
9541.9768,43.734497
9543.8001,43.647397
9545.6236,43.497553
9547.4473,43.281826
9549.2712,43.072373
9551.0952,42.931941
9552.9194,42.670724
9554.7438,42.487938
9556.5683,42.374172
9558.393,42.227465
9560.2179,42.063504
9562.043,41.993659
9563.8682,41.868914
9565.6937,41.87907
9567.5193,41.828049
9569.345,41.72997
9571.171,41.650715
9572.9971,41.634205
9574.8234,41.525145
9576.6498,41.397263
9578.4765,41.245851
9580.3033,41.154046
9582.1303,40.975968
9583.9574,40.860634
9585.7848,40.687262
9587.6123,40.675458
9589.44,40.61189
9591.2678,40.542047
9593.0958,40.470635
9594.924,40.425891
9596.7524,40.291734
9598.581,40.176401
9600.4097,40.213225
9602.2386,40.124559
9604.0677,40.043737
9605.8969,40.014679
9607.7264,40.038954
9609.556,39.976955
9611.3857,40.049858
9613.2157,40.199624
9615.0458,40.231742
9616.8761,40.27641
9618.7066,40.313235
9620.5372,40.28104
9622.368,40.248846
9624.199,40.254298
9626.0302,40.206417
9627.8615,40.117752
9629.693,40.096538
9631.5247,40.175717
9633.3566,40.251758
9635.1886,40.258779
9637.0208,40.397566
9638.8532,40.456352
9640.6858,40.425727
9642.5185,40.437454
9644.3514,40.450751
9646.1845,40.504832
9648.0178,40.598128
9649.8512,40.678876
9651.6848,40.667074
9653.5186,40.705469
9655.3525,40.66857
9657.1867,40.590886
9659.021,40.511634
9660.8554,40.419833
9662.6901,40.408032
9664.5249,40.361722
9666.3599,40.378156
9668.1951,40.33812
9670.0304,40.359261
9671.866,40.388245
9673.7017,40.434483
9675.5375,40.403859
9677.3736,40.355981
9679.2098,40.221827
9681.0462,40.087674
9682.8827,39.914305
9684.7195,39.740937
9686.5564,39.598941
9688.3935,39.532239
9690.2307,39.34789
9692.0682,39.201188
9693.9058,39.057624
9695.7436,38.972099
9697.5815,38.841083
9699.4197,38.724186
9701.258,38.677876
9703.0965,38.69745
9704.9351,38.509964
9706.774,38.394635
9708.613,38.24166
9710.4521,37.95692
9712.2915,37.626689
9714.131,37.545871
9715.9707,37.416425
9717.8106,37.232077
9719.6506,37.127729
9721.4909,37.021813
9723.3313,36.737073
9725.1718,36.447628
9727.0126,36.178574
9728.8535,35.918933
9730.6946,35.712625
9732.5359,35.54867
9734.3773,35.434911
9736.2189,35.319583
9738.0607,35.213667
9739.9027,35.016771
9741.7448,34.873209
9743.5872,34.729646
9745.4296,34.571966
9747.2723,34.389188
9749.1151,34.305234
9750.9582,34.081672
9752.8013,33.861247
9754.6447,33.687881
9756.4882,33.467456
9758.3319,33.316051
9760.1758,33.296411
9762.0199,33.281476
9763.8641,33.272816
9765.7085,33.199843
9767.5531,32.991968
9769.3978,32.846838
9771.2428,32.707982
9773.0879,32.57697
9774.9331,32.574585
9776.7786,32.562788
9778.6242,32.494521
9780.47,32.503117
9782.316,32.459948
9784.1621,32.34776
9786.0085,32.241846
9787.855,32.124952
9789.7016,31.877862
9791.5485,31.706066
9793.3955,31.606427
9795.2427,31.524043
9797.09,31.419698
9798.9376,31.354569
9800.7853,31.24395
9802.6332,31.119213
9804.4813,31.076045
9806.3295,30.956014
9808.1779,30.895592
9810.0265,30.886934
9811.8752,30.864158
9813.7242,30.726873
9815.5733,30.657038
9817.4226,30.485244
9819.272,30.310311
9821.1217,30.165183
9822.9715,30.059271
9824.8214,30.011398
9826.6716,30.005878
9828.5219,29.992514
9830.3724,29.96974
9832.2231,29.870102
9834.0739,29.732818
9835.925,29.572004
9837.7762,29.533543
9839.6275,29.419788
9841.4791,29.318582
9843.3308,29.287965
9845.1827,29.240092
9847.0348,29.110651
9848.887,29.056505
9850.7394,29.041574
9852.592,28.945074
9854.4448,28.856418
9856.2977,28.74737
9858.1508,28.552047
9860.0041,28.449273
9861.8576,28.362186
9863.7112,28.312746
9865.565,28.175462
9867.419,28.171512
9869.2732,28.023249
9871.1275,27.884397
9872.982,27.836526
9874.8367,27.802772
9876.6916,27.751764
9878.5466,27.736834
9880.4018,27.765826
9882.2572,27.688151
9884.1127,27.572829
9885.9685,27.449664
9887.8244,27.364147
9889.6804,27.245688
9891.5367,27.157033
9893.3931,27.099751
9895.2497,26.940508
9897.1065,26.894206
9898.9634,26.813394
9900.8205,26.682387
9902.6778,26.634517
9904.5353,26.669784
9906.393,26.584267
9908.2508,26.517574
9910.1088,26.392841
9911.9669,26.252422
9913.8253,26.121415
9915.6838,25.995114
9917.5425,25.837441
9919.4013,25.736238
9921.2604,25.738565
9923.1196,25.66246
9924.979,25.529885
9926.8385,25.486722
9928.6983,25.506303
9930.5582,25.409807
9932.4182,25.335271
9934.2785,25.332892
9936.1389,25.281886
9937.9995,25.216763
9939.8603,25.140659
9941.7213,25.070829
9943.5824,25.004137
9945.4437,24.797837
9947.3052,24.637028
9949.1668,24.491904
9951.0286,24.332664
9952.8906,24.198521
9954.7528,24.235359
9956.6152,24.190628
9958.4777,24.07374
9960.3404,23.997637
9962.2032,23.877612
9964.0663,23.723078
9965.9295,23.66423
9967.7929,23.600676
9969.6565,23.532416
9971.5202,23.431215
9973.3841,23.33472
9975.2482,23.191167
9977.1125,23.158986
9978.9769,23.015432
9980.8415,22.956585
9982.7063,22.938522
9984.5713,22.837321
9986.4364,22.67965
9988.3017,22.680411
9990.1672,22.709407
9992.0328,22.584678
9993.8987,22.505438
9995.7647,22.445023
9997.6308,22.37049
9999.4972,22.250466
10001.364,22.232404
10003.23,22.20493
10005.097,22.153926
10006.964,21.993119
10008.832,21.813488
10010.699,21.685622
10012.567,21.604815
10014.434,21.545969
10016.302,21.538887
10018.17,21.498865
10020.039,21.414921
10021.907,21.287055
10023.776,21.179582
10025.644,21.086226
10027.513,21.008557
10029.383,20.810103
10031.252,20.64616
10033.121,20.518294
10034.991,20.431214
10036.861,20.317466
10038.731,20.327641
10040.601,20.308011
10042.471,20.257009
10044.342,20.210713
10046.213,20.128338
10048.084,20.118121
10049.955,20.107903
10051.826,20.052196
10053.697,19.991783
10055.569,19.950193
10057.441,19.894485
10059.312,19.746229
10061.185,19.666992
10063.057,19.554815
10064.929,19.497539
10066.802,19.394773
10068.675,19.326517
10070.548,19.314732
10072.421,19.254319
10074.294,19.139005
10076.168,19.094278
10078.041,19.057395
10079.915,18.887179
10081.789,18.804806
10083.663,18.676943
10085.538,18.580452
10087.412,18.507491
10089.287,18.415706
10091.162,18.358432
10093.037,18.396843
10094.912,18.323882
10096.788,18.233667
10098.663,18.240706
10100.539,18.142647
10102.415,18.010079
10104.291,17.919863
10106.167,17.835923
10108.044,17.74257
10109.92,17.644512
10111.797,17.579395
10113.674,17.471925
10115.551,17.380141
10117.429,17.278946
10119.306,17.196574
10121.184,17.164399
10123.062,17.135361
10124.94,17.104754
10126.818,17.066304
10128.696,16.983933
10130.575,16.870189
10132.453,16.756445
10134.332,16.677211
10136.211,16.588566
10138.091,16.570508
10139.97,16.499118
10141.85,16.416747
10143.729,16.303004
10145.609,16.230045
10147.489,16.172772
10149.37,16.09197
10151.25,16.008031
10153.131,15.975857
10155.012,15.90133
10156.893,15.759351
10158.774,15.708354
10160.655,15.684023
10162.537,15.645574
10164.418,15.569479
10166.3,15.573384
10168.182,15.569445
10170.064,15.454134
10171.947,15.345098
10173.829,15.286258
10175.712,15.172515
10177.595,15.025832
10179.478,14.966992
10181.361,14.942662
10183.245,14.918332
10185.128,14.796747
10187.012,14.719084
10188.896,14.715146
10190.78,14.654738
10192.664,14.583349
10194.549,14.552745
10196.434,14.468808
10198.318,14.414675
10200.203,14.277404
10202.089,14.136996
10203.974,14.045216
10205.859,14.014612
10207.745,13.910283
10209.631,13.798111
10211.517,13.762801
10213.403,13.688276
10215.29,13.557281
10217.176,13.495305
10219.063,13.508623
10220.95,13.440373
10222.837,13.456829
10224.724,13.449755
10226.612,13.372094
10228.499,13.302275
10230.387,13.234025
10232.275,13.109305
10234.163,13.014388
10236.051,12.97908
10237.94,12.882595
10239.828,12.795522
10241.717,12.794724
10243.606,12.737455
10245.495,12.648813
10247.385,12.677819
10249.274,12.662903
10251.164,12.629164
10253.054,12.629935
10254.944,12.588352
10256.834,12.502849
10258.725,12.40009
10260.615,12.269096
10262.506,12.235357
10264.397,12.174952
10266.288,12.097292
10268.179,12.085514
10270.071,12.025109
10271.962,11.963135
10273.854,11.871357
10275.746,11.796834
10277.638,11.752116
10279.53,11.754456
10281.423,11.73013
10283.315,11.705803
10285.208,11.665791
10287.101,11.614798
10288.994,11.544982
10290.888,11.461048
10292.781,11.373977
10294.675,11.335533
10296.569,11.300227
10298.463,11.239823
10300.357,11.206086
10302.252,11.191172
10304.146,11.166846
10306.041,11.092325
10307.936,11.022509
10309.831,10.96838
10311.726,10.936212
10313.622,10.924435
10315.517,10.871875
10317.413,10.839707
10319.309,10.758911
10321.205,10.67341
10323.101,10.606732
10324.998,10.554172
10326.895,10.534553
10328.791,10.535327
10330.688,10.580022
10332.586,10.569815
10334.483,10.551765
10336.38,10.513323
10338.278,10.46547
10340.176,10.339185
10342.074,10.231723
10343.972,10.201125
10345.871,10.175232
10347.769,10.077183
10349.668,10.041879
10351.567,10.009712
10353.466,9.9242118
10355.365,9.8465548
10357.265,9.836349
10359.164,9.8261432
10361.064,9.6888786
10362.964,9.6222024
10364.864,9.6072909
10366.765,9.5406148
10368.665,9.4755074
10370.566,9.4260863
10372.467,9.3970575
10374.368,9.2707738
10376.269,9.2025294
10378.17,9.1562459
10380.072,9.1742761
10381.974,9.1468163
10383.875,9.0765554
10385.777,9.0605242
10387.68,9.0400114
10389.582,9.0015714
10391.485,8.98442
10393.387,8.9840755
10395.29,8.9859718
10397.193,8.9867478
10399.097,8.9438264
10401,8.91323
10402.904,8.9252107
10404.808,8.905819
10406.712,8.8561752
10408.616,8.8278199
10410.52,8.8241147
10412.425,8.8506615
10414.329,8.8514382
10416.234,8.8264446
10418.139,8.8350645
10420.044,8.8022279
10421.95,8.820932
10423.855,8.8071432
10425.761,8.792234
10427.667,8.7941316
10429.573,8.7545727
10431.479,8.743025
10433.386,8.7807772
10435.292,8.7333753
10437.199,8.7352733
10439.106,8.7282077
10441.013,8.6662403
10442.92,8.6412477
10444.828,8.586003
10446.735,8.5240358
10448.643,8.5169706
10450.551,8.4314741
10452.459,8.4120841
10454.368,8.4307894
10456.276,8.4091586
10458.185,8.385287
10460.094,8.3558133
10462.003,8.3386645
10463.912,8.3584907
10465.821,8.3245353
10467.731,8.312989
10469.641,8.2812747
10471.551,8.218188
10473.461,8.1539808
10475.371,8.0774488
10477.281,8.0042782
10479.192,7.9064579
10481.103,7.8276852
10483.014,7.7735624
10484.925,7.735126
10486.836,7.7090146
10488.747,7.6403262
10490.659,7.5873242
10492.571,7.538804
10494.483,7.4600318
10496.395,7.4092709
10498.307,7.3439442
10500.22,7.2606905
10502.133,7.1819186
10504.045,7.1266761
10505.958,7.0714338
10507.872,7.0128302
10509.785,6.8869997
10511.699,6.8171917
10513.612,6.7709133
10515.526,6.6932623
10517.44,6.6055274
10519.355,6.5009858
10521.269,6.3942034
10523.184,6.3468048
10525.098,6.2422635
10527.013,6.1063496
10528.929,6.0286992
10530.844,5.9320011
10532.759,5.8577122
10534.675,5.7946277
10536.591,5.685605
10538.507,5.6090753
10540.423,5.5975318
10542.339,5.5288454
10544.256,5.4691226
10546.172,5.4049182
10548.089,5.3104617
10550.006,5.3056412
10551.924,5.2739299
10553.841,5.1738714
10555.759,5.1119082
10557.676,5.0073681
10559.594,4.9745367
10561.512,4.9271395
10563.431,4.8606948
10565.349,4.8155387
10567.268,4.7670213
10569.186,4.7431538
10571.105,4.7248887
10573.024,4.632674
10574.944,4.6121681
10576.863,4.555808
10578.783,4.4703162
10580.703,4.4453287
10582.623,4.3777643
10584.543,4.3561383
10586.463,4.3558009
10588.384,4.3050434
10590.304,4.2722131
10592.225,4.2752372
10594.146,4.2211186
10596.068,4.1804454
10597.989,4.1173633
10599.911,4.0531609
10601.832,3.9867176
10603.754,3.9628514
10605.676,3.8863242
10607.599,3.8333265
10609.521,3.8273878
10611.444,3.811365
10613.366,3.7818969
10615.289,3.7647539
10617.213,3.7050338
10619.136,3.7058181
10621.059,3.6920366
10622.983,3.6715324
10624.907,3.6342217
10626.831,3.639488
10628.755,3.6010569
10630.679,3.5615054
10632.604,3.5029064
10634.529,3.4476688
10636.454,3.3834677
10638.379,3.3248689
10640.304,3.2741133
10642.229,3.2681757
10644.155,3.2151794
10646.081,3.2081215
10648.006,3.1775343
10649.933,3.1200563
10651.859,3.1051555
10653.785,3.0185461
10655.712,2.9745138
10657.639,2.9215179
10659.566,2.8304269
10661.493,2.7942379
10663.42,2.7535672
10665.348,2.736426
10667.275,2.7226462
10669.203,2.64276
10671.131,2.6379439
10673.059,2.6185621
10674.988,2.5801327
10676.916,2.573076
10678.845,2.5010333
10680.774,2.4726881
10682.703,2.4689929
10684.632,2.4339253
10686.562,2.3954963
10688.491,2.3548265
10690.421,2.2951092
10692.351,2.2768485
10694.281,2.2126495
10696.211,2.1540529
10698.142,2.1178653
10700.072,2.0682323
10702.003,2.0040336
10703.934,1.982412
10705.865,1.9081294
10707.797,1.8607377
10709.728,1.8077438
10711.66,1.7569908
10713.592,1.7073584
10715.524,1.6857372
10717.456,1.62378
10719.388,1.5976771
10721.321,1.6343195
10723.253,1.6429507
10725.186,1.5955596
10727.119,1.5660957
10729.053,1.5332706
10730.986,1.4959637
10732.92,1.4541751
10734.853,1.360846
10736.787,1.2742396
10738.721,1.2559806
10740.656,1.2287581
10742.59,1.2138606
10744.525,1.1653498
10746.46,1.1078754
10748.395,1.0660874
10750.33,1.00077
10752.265,0.93881407
10754.201,0.90711029
10756.136,0.83843179
10758.072,0.83473936
10760.008,0.79967445
10761.944,0.75228468
10763.881,0.76764008
10765.817,0.75722524
10767.754,0.7288833
10769.691,0.71958906
10771.628,0.6665974
10773.565,0.64833971
10775.503,0.61215492
10777.44,0.54683855
10779.378,0.49496762
10781.316,0.41060377
10783.254,0.3217582
10785.192,0.28669422
10787.131,0.23258268
10789.069,0.1874348
10791.008,0.12660072
10792.947,0.056803122
10794.886,0.04638935
10796.826,-0.0032400375
10798.765,-0.074157869
10800.705,-0.050957983
10802.645,-0.038281218
10804.585,-0.0054334357
10806.525,0.03077864
10808.465,0.017693945
10810.406,0.069598194
10812.347,0.095735084
10814.288,0.015432346
10816.229,-0.0066041366
10818.17,-0.029758119
10820.111,-0.080920356
10822.053,-0.061491408
10823.995,-0.087997887
10825.937,-0.079767523
10827.879,-0.042402557
10829.821,-0.04312988
10831.764,-0.019204393
10833.706,0.020410317
10835.649,0.011848705
10837.592,0.0032900422
10839.535,-0.03663822
10841.479,-0.036227399
10843.422,-0.01676601
10845.366,0.0038187771
10847.31,-0.042820377
10849.254,-0.059204482
10851.198,-0.023412486
10853.142,-0.0077857517
10855.087,-0.007842487
10857.032,-0.0090168654
10858.977,-0.051645021
10860.922,0.014413102
10862.867,0.030053862
10864.812,0.030011152
10866.758,0.062464245
10868.704,0.062427146
10870.65,0.05791106
10872.596,0.055638675
10874.542,0.018635201
10876.489,0.021970667
10878.435,0.016345353
10880.382,-0.022890601
10882.329,-0.030751201
10884.276,-0.0083568947
10886.224,-0.00052560978
10888.171,0.0095493766
10890.119,0.0084226865
10892.067,-0.011748818
10894.015,0.00057548076
10895.963,0.011782136
10897.911,-0.0095014006
10899.86,0.031325229
10901.809,0.021734439
10903.758,0.0087850525
10905.707,0.037294997
10907.656,0.019869314
10909.605,-0.0076376544
10911.555,-0.00040798096
10913.505,-0.02342766
10915.455,-0.02291518
10917.405,-0.021279502
10919.355,-0.053254523
10921.306,-0.041529316
10923.256,-0.001790156
10925.207,0.0065792029
10927.158,0.016071758
10929.109,0.0053989942
10931.061,0.017137942
10933.012,0.021036501
10934.964,0.010371981
10936.916,0.017637381
10938.868,-0.04344181
10940.82,-0.049616292
10942.773,-0.030017718
10944.725,-0.061957012
10946.678,-0.027787115
10948.631,-0.018340112
10950.584,-0.04362456
10952.537,0.010645253
10954.491,-0.033681931
10956.444,-0.046634125
10958.398,0.0020407725
10960.352,-0.036676846
10962.306,-0.0014424437
10964.26,0.010264989
10966.215,-0.0037954453
10968.17,0.016880456
10970.124,-0.0016568878
10972.079,-0.0022646188
10974.035,-0.0095925974
10975.99,-0.030363513
10977.946,-0.035445712
10979.901,-0.069657122
10981.857,-0.035518751
10983.813,-0.013702869
10985.769,-0.046786506
10987.726,0.018731738
10989.682,0.012543741
10991.639,0.0052377366
10993.596,0.034908964
10995.553,-0.0048851541
10997.511,0.011899449
10999.468,0.021963655
11001.426,-0.02847405
11003.383,-0.043055121
11005.341,-0.035224938
11007.3,-0.0094652915
11009.258,0.0028512678
11011.216,0.0084474295
11013.175,-0.00276084
11015.134,0.026369316
11017.093,0.044297282
11019.052,0.04990261
11021.011,0.051028436
11022.971,0.044313417
11024.931,0.047684723
11026.891,0.070105939
11028.851,0.039868382
11030.811,0.045487458
11032.771,0.023097622
11034.732,0.03544397
11036.693,0.055635747
11038.654,0.041095922
11040.615,0.040003767
11042.576,0.028829869
11044.537,0.0086946779
11046.499,-0.015030456
11048.461,-0.0499579
11050.423,-0.06807645
11052.385,-0.083951932
11054.347,-0.094223002
11056.31,-0.06751711
11058.273,-0.067699804
11060.235,-0.047712258
11062.198,-0.040047471
11064.162,-0.060391717
11066.125,-0.023590935
11068.089,-0.017040082
11070.052,-0.012727953
11072.016,-0.0028114126
11073.98,0.029516263
11075.945,0.046159836
11077.909,0.070648717
11079.874,0.036876465
11081.838,0.043442518
11083.803,0.045528951
11085.768,0.063303829
11087.734,0.058671915
11089.699,0.030512761
11091.665,0.041571464
11093.631,0.044789202
11095.597,0.056972697
11097.563,0.028822229
11099.529,-0.0060487573
11101.496,-0.0039427818
11103.462,-0.0040755312
11105.429,-0.018771935
11107.396,-0.0099367564
11109.363,-0.033592403
11111.331,0.007740116
11113.298,0.031147636
11115.266,0.0074985034
11117.234,0.02866947
11119.202,0.016229162
11121.17,0.023959093
11123.139,0.036172989
11125.107,0.015896058
11127.076,0.012428022
11129.045,0.016805294
11131.014,-0.0090673626
11132.983,0.025566354
11134.953,0.045636415
11136.923,0.0074453426
11138.892,0.01967661
11140.862,0.025187359
11142.833,0.0071708683
11144.803,0.033653898
11146.773,0.016441492
11148.744,-0.016455144
11150.715,-0.0045318086
11152.686,-0.0049313593
11154.657,-0.029978726
11156.629,-0.04157867
11158.6,-0.064381052
11160.572,-0.054688393
11162.544,-0.06292086
11164.516,-0.04874232
11166.488,-0.076018319
11168.461,-0.059594794
11170.433,-0.0084353316
11172.406,0.0035104885
11174.379,-0.028239126
11176.352,-0.037577733
11178.325,-0.035709815
11180.299,-0.029358059
11182.272,0.0072478412
11184.246,-0.0076848306
11186.22,-0.014772321
11188.194,0.043128227
11190.169,0.055092444
11192.143,0.050251982
11194.118,0.04205222
11196.093,0.018168227
11198.068,0.039104206
11200.043,0.037633265
11202.019,0.019357645
11203.994,0.014529448
11205.97,0.011944191
11207.946,0.029529045
11209.922,0.013502498
11211.898,-0.0036424527
11213.875,-0.021905808
11215.851,-0.053612497
11217.828,-0.042740111
11219.805,-0.016179407
11221.782,-0.025471
11223.759,-0.04708548
11225.737,-0.055252537
11227.715,-0.017479174
11229.692,-0.016678558
11231.67,-0.028200827
11233.649,-0.06549136
11235.627,-0.061323267
11237.605,-0.035864614
11239.584,-0.031692433
11241.563,-0.028638655
11243.542,-0.0090136989
11245.521,0.0061312909
11247.501,0.025759899
11249.48,0.026342715
11251.46,0.052697664
11253.44,0.038718305
11255.42,0.0090544971
11257.4,0.014126409
11259.381,0.021441043
11261.361,0.035480192
11263.342,0.031593996
11265.323,0.027709626
11267.304,0.02494753
11269.286,0.018825916
11271.267,0.038476435
11273.249,-0.012459454
11275.231,-0.0073711092
11277.213,0.0066826473
11279.195,-0.015116112
11281.177,0.028072949
11283.16,0.025325461
11285.142,-0.012154095
11287.125,0.018715513
11289.108,-0.00083321984
11291.092,0.016594663
11293.075,0.017217649
11295.059,0.015601564
11297.042,0.019589546
11299.026,0.028061147
11301.01,0.055582193
11302.995,0.047250723
11304.979,0.035559734
11306.964,0.045159087
11308.949,0.024508165
11310.934,0.087892682
11312.919,0.071727204
11314.904,0.055563553
11316.89,0.066292483
11318.875,0.042289346
11320.861,0.039576551
11322.847,0.011095273
11324.833,0.0016634397
11326.82,0.0090401554
11328.806,-0.013833404
11330.793,-0.0042121399
11332.78,-0.010275325
11334.767,-0.015216235
11336.754,0.021301263
11338.742,-0.064308265
11340.729,-0.017703081
11342.717,-0.0061944358
11344.705,-0.037261224
11346.693,0.024670785
11348.681,-0.029922219
11350.67,-0.04529794
11352.658,0.00095258739
11354.647,-0.05027428
11356.636,-0.015225039
11358.625,-0.0081854054
11360.615,-0.06500972
11362.604,-0.019871653
11364.594,-0.016188571
11366.584,-0.0046607545
11368.574,0.0035073154
11370.564,-0.033140944
11372.554,-0.032812816
11374.545,-0.036964883
11376.535,-0.034392664
11378.526,-0.02957795
11380.517,-0.011316261
11382.509,0.015910611
11384.5,0.027452807
11386.492,0.044598841
11388.483,0.046060198
11390.475,0.046402704
11392.468,0.064673979
11394.46,0.017960857
11396.452,0.0026218822
11398.445,-0.004872358
11400.438,-0.016846793
11402.431,-0.013133357
11404.424,0.0085088487
11406.417,0.012225481
11408.411,0.032750433
11410.404,0.021904434
11412.398,0.033468996
11414.392,0.022626192
11416.387,0.012905434
11418.381,0.0020658257
11420.375,-0.032301597
11422.37,-0.040897114
11424.365,-0.047250137
11426.36,-0.046878873
11428.355,-0.027458393
11430.351,-0.0169999
11432.346,0.0091464642
11434.342,0.0039218775
11436.338,0.032312334
11438.334,0.045018113
11440.331,0.047641457
11442.327,0.046672622
11444.324,0.023296011
11446.321,-0.019127034
11448.318,-0.01336962
11450.315,-0.058031188
11452.312,-0.05339185
11454.31,-0.056594463
11456.307,-0.054193649
11458.305,-0.009214617
11460.303,-0.051629357
11462.301,-0.038020502
11464.3,-0.024410461
11466.298,-0.037689989
11468.297,-0.0050299561
11470.296,-0.039595627
11472.295,-0.077521457
11474.294,-0.020208005
11476.294,-0.068215496
11478.293,-0.05459715
11480.293,-0.030893584
11482.293,-0.097945135
11484.293,-0.073118749
11486.293,-0.08302507
11488.294,-0.069400792
11490.295,-0.018800539
11492.295,-0.019739716
11494.296,-0.037484428
11496.298,-0.012650924
11498.299,0.012183766
11500.3,0.05158547
11502.302,0.061856706
11504.304,0.071008681
11506.306,0.083523187
11508.308,0.092677535
11510.311,0.12536248
11512.313,0.11995337
11514.316,0.15152024
11516.319,0.1505953
11518.322,0.17096006
11520.325,0.20141005
11522.329,0.17359791
11524.332,0.19620712
11526.336,0.20089036
11528.34,0.17420222
11530.344,0.20241724
11532.349,0.17349059
11534.353,0.17929901
11536.358,0.21760162
11538.363,0.20100345
11540.368,0.2314653
11542.373,0.26865102
11544.378,0.2890312
11546.384,0.33182153
11548.389,0.36228812
11550.395,0.4252489
11552.401,0.41089993
11554.407,0.39319081
11556.414,0.40797587
11558.42,0.38354643
11560.427,0.36584086
11562.434,0.30555945
11564.441,0.28337447
11566.448,0.31273129
11568.456,0.28830778
11570.464,0.24595829
11572.471,0.19576684
11574.479,0.21280347
11576.487,0.21975726
11578.496,0.19758058
11580.504,0.22246391
11582.513,0.21373498
11584.522,0.21957306
11586.531,0.2478213
11588.54,0.20772338
11590.549,0.22588995
11592.559,0.19699888
11594.569,0.16922945
11596.578,0.18964048
11598.588,0.18540283
11600.599,0.1632392
11602.609,0.18813558
11604.62,0.16373343
11606.63,0.16062097
11608.641,0.15190746
11610.652,0.16112231
11612.664,0.12888177
11614.675,0.14258078
11616.687,0.1148244
11618.699,0.11395996
11620.711,0.10749447
11622.723,0.075259854
11624.735,0.092326145
11626.748,0.1205981
11628.76,0.10293287
11630.773,0.080787038
11632.786,0.083292248
11634.799,0.081316852
11636.813,0.08046309
11638.826,0.02694945
11640.84,0.017134475
11642.854,0.035331891
11644.868,0.046807804
11646.882,0.036996389
11648.897,0.049595123
11650.911,0.046508769
11652.926,0.043423601
11654.941,0.03361693
11656.956,0.014847861
11658.971,-0.0016791265
11660.987,-0.004759549
11663.002,-0.0044774407
11665.018,-0.0041941461
11667.034,0.020740195
11669.05,0.016544069
11671.067,0.0078673375
11673.083,-0.010892242
11675.1,-0.0038803264
11677.117,-0.00022856934
11679.134,-0.0044187632
11681.151,-0.009728219
11683.168,-0.025120522
11685.186,-0.02146402
11687.203,-0.0021200566
11689.221,-0.023111042
11691.239,-0.0026442577
11693.258,-0.0071471246
11695.276,-0.016130626
11697.295,-0.0038244526
11699.313,0.01408512
11701.332,0.033116299
11703.352,0.026378329
11705.371,-0.011731032
11707.39,-0.00053951384
11709.41,0.0039304736
11711.43,0.016244757
11713.45,-0.011775936
11715.47,-0.0084229207
11717.49,0.0094970793
11719.511,0.03862272
11721.531,0.041979211
11723.552,0.029650586
11725.573,0.018443567
11727.595,0.040851153
11729.616,0.059898553
11731.637,0.056538148
11733.659,0.04197442
11735.681,0.040857228
11737.703,0.019573128
11739.725,0.024060494
11741.748,0.024067227
11743.77,-0.02560992
11745.793,-0.04503384
11747.816,-0.052131705
11749.839,-0.052505755
11751.863,-0.041674199
11753.886,-0.057732273
11755.91,-0.067066532
11757.934,-0.056231599
11759.958,-0.031950162
11761.982,-0.035678805
11764.006,-0.014756462
11766.031,0.0050465584
11768.055,0.043898323
11770.08,0.054740009
11772.105,0.070064613
11774.13,0.064101826
11776.156,0.071585544
11778.181,0.062263664
11780.207,0.047340669
11782.233,0.029057454
11784.259,-0.0071518057
11786.285,-0.010866943
11788.312,-0.036989918
11790.338,-0.033980116
11792.365,-0.03545098
11794.392,-0.035987291
11796.419,-0.033161148
11798.446,-0.011286277
11800.474,-0.012939708
11802.502,0.020141864
11804.529,0.006165722
11806.557,-0.0089297591
11808.586,-0.017301442
11810.614,-0.050321875
11812.642,-0.063173132
11814.671,-0.052493867
11816.7,-0.073186042
11818.729,-0.051300077
11820.758,-0.054062863
11822.788,-0.033295127
11824.817,0.013244026
11826.847,0.0048823273
11828.877,0.013328461
11830.907,0.00048718845
11832.937,-0.019075664
11834.968,0.0073009688
11836.998,-0.0077778719
11839.029,0.01187829
11841.06,0.047221836
11843.091,0.010857808
11845.123,0.048444469
11847.154,0.055780139
11849.186,0.040707954
11851.218,0.04356405
11853.25,-0.020805636
11855.282,-0.003381495
11857.314,0.0028392732
11859.347,0.0045793581
11861.379,-0.011606619
11863.412,-0.03115283
11865.445,-0.015964039
11867.478,-0.014219517
11869.512,-0.043846434
11871.545,-0.017449833
11873.579,-0.03587005
11875.613,-0.0038689898
11877.647,0.0046037684
11879.681,0.018679877
11881.716,0.056286506
11883.75,0.045714973
11885.785,0.027301413
11887.82,0.012250306
11889.855,-0.00055879527
11891.891,0.020246658
11893.926,-0.018330532
11895.962,-0.019880898
11897.998,-0.02479159
11900.034,-0.039785297
11902.07,-0.0054782674
11904.106,-0.0059041132
11906.143,-0.014172078
11908.18,0.0044517306
11910.216,-0.015018681
11912.253,-0.0098382143
11914.291,-0.0035362818
11916.328,0.0027666685
11918.366,-0.016699671
11920.403,-0.019358271
11922.441,-0.010811371
11924.479,-0.0089861418
11926.518,0.013008172
11928.556,0.022678574
11930.595,0.0065796857
11932.634,0.012890779
11934.673,0.010239304
11936.712,0.022154674
11938.751,0.032950613
11940.791,0.020218158
11942.83,0.041100167
11944.87,0.026128852
11946.91,0.033049605
11948.95,0.037730436
11950.991,-0.0057670313
11953.031,-0.0010842532
11955.072,-0.019929913
11957.113,-0.042135944
11959.154,-0.017282178
11961.195,-0.04060671
11963.236,-0.060568924
11965.278,-0.0278691
11967.32,-0.043347573
11969.362,-0.020729836
11971.404,-0.029483673
11973.446,-0.049441019
11975.489,-0.016736326
11977.531,-0.0098009687
11979.574,-0.023032704
11981.617,-0.0060113658
11983.66,-0.022602499
11985.704,0.020191095
11987.747,0.023769976
11989.791,0.0026999715
11991.835,0.0085216965
11993.879,-0.0069441204
11995.923,0.014565826
11997.967,0.026752222
12000.012,-0.0058785576
12002.056,0.00070710106
12004.101,0.010654856
12006.146,0.01612157
12008.192,0.028311726
12010.237,-0.020001569
12012.283,-0.029098425
12014.328,-0.035953633
12016.374,-0.050651226
12018.42,-0.029493726
12020.467,-0.019539955
12022.513,-0.016308122
12024.56,0.012694772
12026.607,0.030493935
12028.654,0.04269161
12030.701,0.057130933
12032.748,0.021150839
12034.796,0.019905392
12036.843,0.038828763
12038.891,0.019657648
12040.939,0.0049690782
12042.987,-0.015320981
12045.036,-0.0075990836
12047.084,-0.0043582271
12049.133,-0.021284686
12051.182,-0.029246807
12053.231,-0.031605936
12055.28,-0.035084761
12057.33,-0.00046759548
12059.379,-0.027474328
12061.429,0.0015420999
12063.479,0.031679728
12065.529,-0.0020474378
12067.579,-0.0010399584
12069.63,-0.0045135197
12071.681,-0.0259135
12073.731,-0.015940179
12075.782,-0.030615967
12077.834,-0.067699966
12079.885,-0.037556322
12081.936,-0.041025372
12083.988,-0.023205154
12086.04,-0.027793148
12088.092,-0.018935012
12090.144,0.0067305985
12092.197,0.0099879974
12094.249,0.0031621147
12096.302,0.014264155
12098.355,0.024246499
12100.408,0.02827708
12102.461,0.032308383
12104.515,0.017292789
12106.568,0.033650467
12108.622,0.027599904
12110.676,0.032754544
12112.73,0.024464528
12114.784,0.028500165
12116.839,0.01012756
12118.893,-0.013846563
12120.948,-0.032217724
12123.003,-0.011372476
12125.058,-0.016296814
12127.114,-0.034665807
12129.169,-0.013818393
12131.225,0.017113778
12133.281,0.0301195
12135.337,0.05769177
12137.393,0.070698937
12139.45,0.063538758
12141.506,0.063101991
12143.563,0.059304601
12145.62,0.048785244
12147.677,0.055073333
12149.734,0.04455542
12151.792,0.018351956
12153.849,0.035846693
12155.907,0.07911246
12157.965,0.046188473
12160.023,0.037915068
12162.081,0.031883282
12164.14,0.0068045988
12166.199,0.02990591
12168.257,0.010430912
12170.316,-0.015766053
12172.376,0.0039760804
12174.435,0.0057917647
12176.494,0.030017135
12178.554,0.040797849
12180.614,0.016845392
12182.674,0.03435024
12184.734,0.0081583304
12186.795,0.020062382
12188.855,0.017401329
12190.916,-0.01102931
12192.977,0.0075995968
12195.038,0.020626985
12197.099,0.031414199
12199.161,0.05788841
12201.222,0.048509001
12203.284,0.059298382
12205.346,0.063365796
12207.408,0.066313484
12209.471,0.061418756
12211.533,0.054283855
12213.596,0.067317743
12215.659,0.089315939
12217.722,0.087785445
12219.785,0.081773881
12221.848,0.076883487
12223.912,0.061909782
12225.975,0.059261729
12228.039,0.028603193
12230.103,0.012511206
12232.168,0.0009017345
12234.232,0.013942845
12236.297,0.015780195
12238.361,0.01649782
12240.426,0.020577512
12242.491,0.057150922
12244.557,0.042184439
12246.622,0.068675261
12248.688,0.063794256
12250.753,0.056673076
12252.819,0.068600238
12254.886,0.062600952
12256.952,0.045397905
12259.018,0.038279615
12261.085,0.034523391
12263.152,0.022924752
12265.219,0.019169973
12267.286,0.022138605
12269.353,-0.0096259343
12271.421,0.011271313
12273.489,0.022085249
12275.557,-0.0063157793
12277.625,0.0011382565
12279.693,0.0085930144
12281.761,0.020530287
12283.83,0.030227386
12285.899,-0.010494961
12287.968,0.0048058231
12290.037,0.0044210548
12292.106,0.020843732
12294.175,0.0070150296
12296.245,-0.023619673
12298.315,0.019695927
12300.385,0.022676114
12302.455,0.01557299
12304.525,0.00062745098
12306.596,-0.017063133
12308.667,-0.02130766
12310.737,-0.0042629914
12312.808,-0.021951537
12314.88,-0.014989542
12316.951,-0.018110902
12319.023,0.0022978305
12321.094,0.0047800715
12323.166,0.0095038885
12325.238,-0.014903267
12327.31,-0.038189295
12329.383,-0.025620302
12331.455,-0.018652869
12333.528,-0.015046102
12335.601,-0.0024750692
12337.674,0.02466247
12339.748,0.048439344
12341.821,0.058771519
12343.895,0.048936307
12345.968,0.026776845
12348.042,0.038231508
12350.117,0.021675646
12352.191,-0.021770292
12354.265,-0.02263852
12356.34,-0.036951446
12358.415,-0.019891144
12360.49,0.017337906
12362.565,-0.00033432554
12364.641,0.0032826381
12366.716,0.031550141
12368.792,0.026204879
12370.868,0.045510156
12372.944,0.0043119117
12375.02,-0.016717586
12377.097,-0.011976096
12379.173,-0.00051123675
12381.25,0.010954302
12383.327,0.011216039
12385.404,0.021562489
12387.481,0.031909619
12389.559,0.0030417418
12391.636,0.011149335
12393.714,0.0080531255
12395.792,-0.0028855412
12397.87,0.0074649873
12399.949,-0.025881284
12402.027,-0.012168051
12404.106,0.013870791
12406.185,0.0085377641
12408.264,0.0065667612
12410.343,0.00347599
12412.422,-0.008577687
12414.502,0.021946347
12416.582,0.022218959
12418.662,0.035937629
12420.742,0.020525327
12422.822,0.012956841
12424.902,0.023316206
12426.983,0.022471769
12429.064,0.0048212894
12431.145,0.0084600046
12433.226,0.012099399
12435.307,0.01798037
12437.389,-0.00078783873
12439.47,0.017419422
12441.552,0.0042548129
12443.634,0.0045362619
12445.716,0.017143321
12447.799,-0.031873591
12449.881,-0.00021755335
12451.964,-0.0032947299
12454.047,-0.046707361
12456.13,-0.01168794
12458.213,-0.024847111
12460.296,-0.030162465
12462.38,-0.014449401
12464.464,-0.034590208
12466.548,-0.00094903202
12468.632,0.0046814102
12470.716,-0.0098557443
12472.8,-0.0019834646
12474.885,-0.013158333
12476.97,0.0081602658
12479.055,0.0059499237
12481.14,-0.023150704
12483.225,-0.018637416
12485.311,-0.0085214163
12487.396,0.0027155021
12489.482,0.010591547
12491.568,0.021829406
12493.654,0.035308633
12495.741,0.044306537
12497.827,0.081316117
12499.914,0.064544654
12502.001,0.072423522
12504.088,0.095989135
12506.175,0.05120788
12508.262,0.051245023
12510.35,0.070330255
12512.438,0.031152652
12514.526,0.064804652
12516.614,0.054759644
12518.702,0.037992416
12520.79,0.061561794
12522.879,0.050397749
12524.968,0.052679553
12527.057,0.061684516
12529.146,0.057244572
12531.235,0.049443754
12533.325,0.056209233
12535.414,0.074179664
12537.504,0.073102947
12539.594,0.074267596
12541.684,0.072071372
12543.775,0.026178139
12545.865,0.045271371
12547.956,0.046437904
12550.047,-0.0028152619
12552.138,0.0061953485
12554.229,-0.00047984491
12556.321,-0.020599946
12558.412,0.020905074
12560.504,0.022074429
12562.596,0.00083529173
12564.688,0.027775897
12566.78,0.011019493
12568.873,0.0032271457
12570.965,0.0055193024
12573.058,-0.019078827
12575.151,-0.035833348
12577.244,-0.001046782
12579.338,0.0046086017
12581.431,0.0091440078
12583.525,0.048413778
12585.619,0.042866092
12587.713,0.048523358
12589.807,0.051940198
12591.901,0.007178237
12593.996,0.037486775
12596.09,0.019616511
12598.185,-0.0173009
12600.28,0.014129497
12602.376,0.0085855757
12604.471,0.014246607
12606.567,0.025510349
12608.662,-0.0024411246
12610.758,0.034593867
12612.854,0.018968265
12614.951,-0.0011386597
12617.047,0.0056456428
12619.144,-0.023423926
12621.241,-0.003193304
12623.338,-0.013214312
12625.435,-0.031077987
12627.532,-0.01308685
12629.63,-0.0049302874
12631.727,-0.0036204373
12633.825,0.0037901011
12635.923,0.025144465
12638.021,0.010769453
12640.12,0.020795782
12642.218,0.0064217104
12644.317,0.0033770855
12646.416,0.019505045
12648.515,0.010361143
12650.614,0.012546688
12652.714,0.018218542
12654.813,0.013433351
12656.913,0.013005929
12659.013,0.015193356
12661.113,0.040039206
12663.213,0.044841954
12665.314,0.059231229
12667.414,0.066649297
12669.515,0.063610319
12671.616,0.053600135
12673.717,0.054919396
12675.819,0.059724968
12677.92,0.047101816
12680.022,0.050165409
12682.124,0.048000714
12684.226,0.01794978
12686.328,0.025372083
12688.43,0.0092654456
12690.533,0.014074311
12692.636,0.025855325
12694.738,0.020207615
12696.842,0.052904602
12698.945,0.022856962
12701.048,0.006753148
12703.152,0.022022353
12705.256,0.0041765608
12707.36,0.036004442
12709.464,0.035588784
12711.568,0.017744403
12713.672,0.022558445
12715.777,-0.0022566717
12717.882,0.015630207
12719.987,0.02131712
12722.092,0.020904286
12724.197,0.011777326
12726.303,-0.013035438
12728.409,-0.016061239
12730.514,-0.012114892
12732.62,-0.017754131
12734.727,-0.02077852
12736.833,-0.038617254
12738.94,-0.023340049
12741.046,-0.040306381
12743.153,-0.036357211
12745.26,-0.027178811
12747.368,-0.013642643
12749.475,0.0025083752
12751.583,-0.0039980882
12753.69,-0.0052753229
12755.798,-0.010037926
12757.906,-0.023514655
12760.015,-0.0064898241
12762.123,-0.011251015
12764.232,0.0014174583
12766.341,-0.029486582
12768.45,-0.03860366
12770.559,-0.038134211
12772.668,-0.036792831
12774.778,-0.013664488
12776.887,-0.010001015
12778.997,-0.0054657805
12781.107,-0.013130679
12783.218,-0.0068519197
12785.328,0.020342175
12787.439,0.010063805
12789.549,0.017214931
12791.66,0.0095515448
12793.771,0.0053743
12795.883,0.0099119547
12797.994,0.0013780164
12800.106,0.016373792
12802.217,0.0017402412
12804.329,-0.012021548
12806.441,-0.0013821629
12808.554,0.004900226
12810.666,0.021640434
12812.779,0.02182321
12814.892,0.021134828
12817.005,0.0073748543
12819.118,0.0014583199
12821.231,0.0051281446
12823.345,0.0044409733
12825.458,0.0063684836
12827.572,0.011782135
12829.686,0.0064714238
12831.801,0.0063897511
12833.915,0.008922738
12836.03,0.017556223
12838.144,0.018346852
12840.259,-0.0035201915
12842.374,-0.0097006797
12844.49,-0.005423371
12846.605,-0.023803734
12848.721,-0.029983381
12850.836,-0.046620263
12852.952,-0.053670809
12855.069,-0.037191662
12857.185,-0.03465559
12859.301,0.0062249887
12861.418,0.022704977
12863.535,-0.0035162797
12865.652,0.019935947
12867.769,0.022473421
12869.886,0.056383725
12872.004,0.078093874
12874.122,0.057102778
12876.24,0.067484511
12878.358,0.043879597
12880.476,0.043804375
12882.594,0.077716362
12884.713,0.063698345
12886.832,0.080181699
12888.951,0.023462719
12891.07,0.00073094711
12893.189,0.027672659
12895.308,0.031085239
12897.428,0.051055833
12899.548,0.026582264
12901.668,0.015180871
12903.788,0.023823331
12905.908,0.0063222807
12908.029,0.052438069
12910.149,0.053238233
12912.27,0.061010355
12914.391,0.06268254
12916.512,0.02426786
12918.634,0.043369799
12920.755,0.049400124
12922.877,0.05194489
12924.999,0.050132639
12927.121,0.033505853
12929.243,0.042151679
12931.366,0.011582099
12933.488,0.027200163
12935.611,0.043689967
12937.734,0.034036261
12939.857,0.035711812
12941.98,0.019958449
12944.104,0.024248939
12946.227,0.024182412
12948.351,0.021501786
12950.475,0.04670815
12952.599,0.013526996
12954.724,0.022176187
12956.848,0.0055533276
12958.973,0.017688919
12961.098,0.042025226
12963.223,0.032374885
12965.348,0.047997157
12967.473,0.036604458
12969.599,0.030440797
12971.724,0.054778507
12973.85,0.037286432
12975.976,0.06685346
12978.103,0.039775889
12980.229,0.0065983807
12982.356,0.020479976
12984.482,0.0090895211
12986.609,0.026457516
12988.737,-0.010226607
12990.864,-0.039938774
12992.991,-0.02172038
12995.119,-0.035745715
12997.247,-0.034955957
12999.375,-0.040266138
13001.503,-0.044704581
13003.631,-0.046528366
13005.76,-0.062295228
13007.888,-0.047560721
13010.017,-0.034568855
13012.146,-0.033777146
13014.275,-0.013813046
13016.405,-0.010406401
13018.534,0.014787016
13020.664,-0.011435411
13022.794,-0.0088993899
13024.924,0.019780701
13027.054,0.0048880861
13029.185,0.026597057
13031.315,0.0029904023
13033.446,-0.012772836
13035.577,0.0063225914
13037.708,-0.027740744
13039.839,0.017499032
13041.971,0.011322965
13044.103,-0.011410558
13046.234,0.012043562
13048.366,-0.015918162
13050.499,0.018865491
13052.631,0.0083335184
13054.763,-0.013527151
13056.896,0.0134142
13059.029,-0.0014742347
13061.162,0.0071670208
13063.295,0.007093958
13065.429,0.013992851
13067.562,0.016534725
13069.696,-0.0061954538
13071.83,0.012033252
13073.964,0.023290558
13076.098,0.033676684
13078.233,0.045806008
13080.367,0.050092473
13082.502,0.062222354
13084.637,0.051694561
13086.772,0.071668137
13088.907,0.069855499
13091.043,0.053228324
13093.178,0.055773542
13095.314,0.033046707
13097.45,0.032106644
13099.586,0.018966423
13101.723,-0.0020166565
13103.859,0.019702068
13105.996,-0.01348089
13108.133,-0.0022191245
13110.27,0.020371896
13112.407,-0.0058385486
13114.544,0.022853247
13116.682,0.0053579568
13118.82,0.016621115
13120.958,0.033984771
13123.096,0.011261559
13125.234,0.033854529
13127.372,0.035532746
13129.511,0.029368104
13131.65,0.038890016
13133.789,0.015296737
13135.928,0.021333367
13138.067,0.022141518
13140.207,0.032536004
13142.346,0.0089438399
13144.486,-0.012905126
13146.626,-0.022553377
13148.766,-0.042915163
13150.907,-0.031904143
13153.047,-0.020892865
13155.188,-0.016853007
13157.329,-0.0084555921
13159.47,-0.046245284
13161.611,-0.027389837
13163.753,-0.042521061
13165.894,-0.027150937
13168.036,0.008263017
13170.178,-0.019939329
13172.32,0.0085034636
13174.462,-0.034513181
13176.605,-0.038313882
13178.747,-0.014227615
13180.89,-0.024128018
13183.033,0.023488177
13185.176,-0.0029694448
13187.319,-0.021583671
13189.463,0.0059897238
13191.607,-0.038767778
13193.75,0.022793061
13195.894,0.018123221
13198.039,0.00038174285
13200.183,0.021856209
13202.327,-0.014635273
13204.472,0.0081327252
13206.617,0.0065000733
13208.762,-0.010818632
13210.907,0.018050248
13213.053,-0.015825749
13215.198,-0.001771241
13217.344,8.3052278e-005
13219.49,0.0080377847
13221.636,0.023835876
13223.782,0.0065187193
13225.929,0.018831414
13228.075,0.023301193
13230.222,0.022542434
13232.369,0.025269736
13234.516,0.014925364
13236.664,0.031596464
13238.811,0.0073091786
13240.959,0.013523204
13243.107,0.018865992
13245.255,-0.0089064682
13247.403,0.0095086571
13249.551,-0.015648981
13251.7,-0.0085623894
13253.848,-0.025876448
13255.997,-0.023146712
13258.146,0.0083414151
13260.296,-0.0046146811
13262.445,0.0024730171
13264.595,0.013918235
13266.744,0.014034698
13268.894,0.028966197
13271.044,0.025597264
13273.195,0.037914827
13275.345,0.043260933
13277.496,0.025949309
13279.647,0.038267535
13281.798,0.03141387
13283.949,0.038503781
13286.1,0.02467888
13288.252,0.01259712
13290.403,0.024044993
13292.555,0.02939287
13294.707,0.026026371
13296.859,0.0095881974
13299.012,0.019294036
13301.164,0.028128637
13303.317,0.035220539
13305.47,0.044055582
13307.623,0.047662088
13309.776,0.039939839
13311.93,0.046161167
13314.083,0.034082062
13316.237,0.058604486
13318.391,0.02996809
13320.545,0.023118407
13322.699,0.014526026
13324.854,-0.010623867
13327.008,0.005185066
13329.163,7.9187863e-005
13331.318,0.0010737488
13333.473,0.0011970714
13335.629,-0.00042230417
13337.784,0.027588171
13339.94,0.025097778
13342.096,0.036550962
13344.252,0.061947722
13346.408,0.055972155
13348.564,0.07352622
13350.721,0.070165474
13352.878,0.085977062
13355.034,0.086102598
13357.192,0.074027918
13359.349,0.099426227
13361.506,0.093452209
13363.664,0.070920677
13365.822,0.084119214
13367.979,0.065945423
13370.138,0.070429806
13372.296,0.090600684
13374.454,0.069813178
13376.613,0.078655523
13378.772,0.070068896
13380.931,0.066711247
13383.09,0.099955128
13385.249,0.090497704
13387.409,0.098469696
13389.569,0.10034169
13391.728,0.084784713
13393.888,0.10844364
13396.049,0.105959
13398.209,0.10783188
13400.37,0.10273331
13402.53,0.098506412
13404.691,0.096022658
13406.852,0.089181826
13409.014,0.082341215
13411.175,0.062428931
13413.337,0.042516867
13415.498,0.044391518
13417.66,0.029708655
13419.822,0.047270022
13421.985,0.029973223
13424.147,0.025748541
13426.31,0.038953273
13428.473,0.034729033
13430.636,0.057520265
13432.799,0.058525226
13434.962,0.049072892
13437.126,0.063150191
13439.289,0.049341
13441.453,0.074747718
13443.617,0.087082761
13445.781,0.08634613
13447.946,0.096067236
13450.11,0.086616451
13452.275,0.094595081
13454.44,0.10605977
13456.605,0.10881008
13458.77,0.11591792
13460.936,0.11082554
13463.101,0.093532943
13465.267,0.095412683
13467.433,0.088578047
13469.599,0.088715309
13471.766,0.090595713
13473.932,0.087247579
13476.099,0.077799449
13478.266,0.06835154
13480.433,0.078947425
13482.6,0.09651521
13484.767,0.077481908
13486.935,0.090692836
13489.102,0.06294538
13491.27,0.073542372
13493.438,0.078910827
13495.607,0.06423593
13497.775,0.086162562
13499.943,0.074102486
13502.112,0.056813874
13504.281,0.058697597
13506.45,0.038795048
13508.62,0.059851326
13510.789,0.045177978
13512.959,0.023533174
13515.128,0.03500406
13517.298,0.022945755
13519.468,0.010887671
13521.639,0.030202357
13523.809,0.041674128
13525.98,0.034845466
13528.151,0.04457476
13530.322,0.033389242
13532.493,0.06751985
13534.664,0.064177912
13536.836,0.059964736
13539.008,0.05836616
13541.179,0.034981313
13543.351,0.025540042
13545.524,0.025685049
13547.696,0.017115681
13549.869,0.025104268
13552.041,0.0025919867
13554.214,0.0036093387
13556.387,-0.010187903
13558.561,-0.0091701083
13560.734,-0.01599523
13562.908,-0.014105533
13565.082,-0.0026295582
13567.256,-0.0050967173
13569.43,-0.002334897
13571.604,-0.012644751
13573.779,-0.021211464
13575.953,-0.021063359
13578.128,-0.022657952
13580.303,-0.013855933
13582.478,-0.0041822379
13584.654,-0.011066061
13586.829,-0.0031348522
13589.005,-0.004789484
13591.181,-0.002086601
13593.357,0.012816934
13595.533,0.025977766
13597.709,0.036524436
13599.886,0.031385047
13602.063,0.023631496
13604.24,0.035050274
13606.417,0.022939857
13608.594,0.02913031
13610.772,0.03096368
13612.949,0.027568509
13615.127,0.020687716
13617.305,0.015550058
13619.483,0.026098891
13621.661,0.037519401
13623.84,0.048940126
13626.019,0.060361068
13628.197,0.076139525
13630.376,0.08668944
13632.556,0.085039136
13634.735,0.081646129
13636.915,0.059081225
13639.094,0.065274707
13641.274,0.062753808
13643.454,0.042803932
13645.634,0.035054708
13647.815,-0.00058100936
13649.995,0.011713773
13652.176,0.0039651978
13654.357,0.011031654
13656.538,0.03901336
13658.72,0.019936458
13660.901,0.016546047
13663.083,0.024484829
13665.264,0.017609012
13667.446,0.039491582
13669.629,0.023030141
13671.811,0.012669135
13673.993,0.017123159
13676.176,-0.0010805516
13678.359,0.0086026641
13680.542,0.0034712814
13682.725,-0.028675136
13684.909,-0.0085337544
13687.092,-0.0040784314
13689.276,-0.0058399591
13691.46,0.011570694
13693.644,-0.0041340523
13695.828,-0.0067668356
13698.012,-0.01288539
13700.197,-0.023361174
13702.382,-0.011178939
13704.567,-0.037340862
13706.752,-0.043459144
13708.937,-0.030405244
13711.123,-0.052209665
13713.308,-0.049613146
13715.494,-0.020001308
13717.68,-0.051391581
13719.866,-0.01393647
13722.053,-1.070282e-005
13724.239,-0.011357199
13726.426,0.0060545433
13728.613,-0.019235172
13730.8,-0.0044376726
13732.987,-0.0053263801
13735.174,-0.012315237
13737.362,0.033855015
13739.55,0.0033368818
13741.737,0.009420124
13743.926,0.036418467
13746.114,0.026815571
13748.302,0.036384856
13750.491,0.038982531
13752.68,0.052037791
13754.869,0.040692248
13757.058,0.038061369
13759.247,0.066803108
13761.436,0.065915285
13763.626,0.075485046
13765.816,0.091155093
13768.006,0.11641127
13770.196,0.14951064
13772.386,0.16343797
13774.577,0.16865078
13776.768,0.17822095
13778.959,0.17210491
13781.15,0.20084733
13783.341,0.20693186
13785.532,0.19471581
13787.724,0.18075691
13789.915,0.168541
13792.107,0.16591121
13794.299,0.20075425
13796.492,0.21468233
13798.684,0.2303534
13800.877,0.23469556
13803.07,0.24339508
13805.263,0.27736701
13807.456,0.30349587
13809.649,0.33398209
13811.842,0.36272546
13814.036,0.3871116
13816.23,0.40714051
13818.424,0.41322613
13820.618,0.42715496
13822.812,0.42104029
13825.007,0.42364027
13827.202,0.44366952
13829.397,0.42012586
13831.592,0.44015525
13833.787,0.41399734
13835.982,0.41398329
13838.178,0.46277105
13840.373,0.46014275
13842.569,0.52374546
13844.766,0.53331774
13846.962,0.52197506
13849.158,0.57686337
13851.355,0.5681352
13853.552,0.60210863
13855.749,0.61865292
13857.946,0.57332365
13860.143,0.58899662
13862.341,0.56545397
13864.538,0.56195497
13866.736,0.56542771
13868.934,0.53491359
13871.132,0.52967187
13873.331,0.49828643
13875.529,0.48607317
13877.728,0.47908873
13879.927,0.46687561
13882.126,0.48080634
13884.325,0.45987875
13886.524,0.49298173
13888.724,0.4868691
13890.924,0.49208551
13893.124,0.51473118
13895.324,0.49293247
13897.524,0.52254996
13899.724,0.49726555
13901.925,0.45890931
13904.126,0.48242678
13906.327,0.42489857
13908.528,0.41181487
13910.729,0.38478788
13912.931,0.3481749
13915.132,0.3612352
13917.334,0.33682279
13919.536,0.32809673
13921.738,0.31849928
13923.941,0.2696862
13926.143,0.27316078
13928.346,0.2513631
13930.549,0.26790971
13932.752,0.27835616
13934.955,0.25655868
13937.159,0.27049112
13939.362,0.26438005
13941.566,0.2591405
13943.77,0.28091628
13945.974,0.27567687
13948.178,0.29570986
13950.383,0.27914162
13952.587,0.26170198
13954.792,0.2616916
13956.997,0.23815188
13959.202,0.2433704
13961.408,0.24248877
13963.613,0.22592093
13965.819,0.21545337
13968.025,0.18668524
13970.231,0.18841825
13972.437,0.1910228
13974.643,0.19362741
13976.85,0.18403166
13979.056,0.18576495
13981.263,0.17529788
13983.47,0.17790276
13985.678,0.19183669
13987.885,0.1883415
13990.093,0.17874615
13992.3,0.16130774
13994.508,0.14386939
13996.716,0.15257491
13998.925,0.13862253
14001.133,0.13948505
14003.342,0.15777682
14005.551,0.16038239
14007.76,0.18390305
14009.969,0.16733664
14012.178,0.18214285
14014.388,0.18387723
14016.597,0.17864
14018.807,0.1786316
14021.017,0.18820932
14023.227,0.17774353
14025.438,0.16727782
14027.648,0.17598428
14029.859,0.1742333
14032.07,0.16899654
14034.281,0.18554635
14036.492,0.14980864
14038.704,0.16897296
14040.915,0.15327897
14043.127,0.16634321
14045.339,0.14977788
14047.551,0.11839782
14049.763,0.13320518
14051.976,0.12622612
14054.189,0.13580486
14056.401,0.15932702
14058.614,0.13579043
14060.827,0.15408397
14063.041,0.12793314
14065.254,0.1357693
14067.468,0.16103473
14069.682,0.15057037
14071.896,0.18803637
14074.11,0.17321485
14076.324,0.17059383
14078.539,0.2002169
14080.754,0.19759602
14082.969,0.2080471
14085.184,0.20716928
14087.399,0.19234817
14089.614,0.20279946
14091.83,0.17229221
14094.046,0.15659985
14096.262,0.16879426
14098.478,0.15310203
14100.694,0.13566695
14102.911,0.11648902
14105.127,0.12171202
14107.344,0.13216386
14109.561,0.11385759
14111.778,0.10688036
14113.996,0.099031748
14116.213,0.083340063
14118.431,0.064162607
14120.649,0.065900252
14122.867,0.077224022
14125.085,0.077218883
14127.303,0.045841263
14129.522,0.058036697
14131.741,0.076332416
14133.96,0.07458463
14136.179,0.090266106
14138.398,0.10594765
14140.617,0.095485471
14142.837,0.097223797
14145.057,0.092861972
14147.277,0.11377255
14149.497,0.12422567
14151.717,0.098949019
14153.938,0.10765936
14156.158,0.089354522
14158.379,0.068435371
14160.6,0.089346354
14162.821,0.081499234
14165.043,0.074523643
14167.264,0.073648337
14169.486,0.076258938
14171.708,0.082355446
14173.93,0.080608885
14176.152,0.08234823
14178.374,0.11023143
14180.597,0.1058707
14182.82,0.11458193
14185.043,0.13723658
14187.266,0.14769086
14189.489,0.13810164
14191.712,0.12415518
14193.936,0.13548113
14196.16,0.14506422
14198.384,0.1241463
14200.608,0.13547245
14202.832,0.13546969
14205.057,0.12762386
14207.281,0.12326394
14209.506,0.11367533
14211.731,0.13545934
14213.956,0.12848525
14216.182,0.11279662
14218.407,0.15549587
14220.633,0.13806446
14222.859,0.12063312
14225.085,0.13196002
14227.311,0.12847217
14229.537,0.12149855
14231.764,0.12149668
14233.991,0.13282385
14236.218,0.15199423
14238.445,0.11887709
14240.672,0.13281884
14242.9,0.14327483
14245.127,0.12322979
14247.355,0.12322839
14249.583,0.13019874
14251.811,0.13281186
14254.039,0.13281066
14256.268,0.13106662
14258.497,0.12932264
14260.725,0.12757874
14262.954,0.14326409
14265.184,0.13890594
14267.413,0.13629078
14269.642,0.1441332
14271.872,0.14151817
14274.102,0.16417554
14276.332,0.15633189
14278.562,0.1702748
14280.793,0.18334632
14283.023,0.1467447
14285.254,0.18160285
14287.485,0.18508852
14289.716,0.18944571
14291.947,0.21820384
14294.179,0.16940213
14296.41,0.19990332
14298.642,0.18596014
14300.874,0.17637431
14303.106,0.23127658
14305.339,0.21384776
14307.571,0.23650615
14309.804,0.25045001
14312.037,0.22343534
14314.27,0.27310918
14316.503,0.23825151
14318.736,0.25916732
14320.97,0.28356904
14323.204,0.26352638
14325.437,0.2887997
14327.672,0.27834323
14329.906,0.27137268
14332.14,0.29926057
14334.375,0.27921826
14336.61,0.30536337
14338.844,0.29839309
14341.08,0.29403725
14343.315,0.29055294
14345.55,0.26789658
14347.786,0.26354095
14350.022,0.26267122
14352.258,0.23827215
14354.494,0.22171629
14356.73,0.22346114
14358.967,0.21562001
14361.203,0.19209267
14363.44,0.20865254
14365.677,0.19296848
14367.914,0.19471367
14370.152,0.20691645
14372.389,0.20169011
14374.627,0.2295793
14376.865,0.23219623
14379.103,0.22958447
14381.341,0.24265905
14383.58,0.21477509
14385.818,0.22872126
14388.057,0.23220999
14390.296,0.20171186
14392.535,0.2121724
14394.774,0.19126046
14397.014,0.16860567
14399.254,0.19562415
14401.493,0.18081263
14403.733,0.20521687
14405.974,0.2182922
14408.214,0.21306694
14410.454,0.2392143
14412.695,0.23834648
14414.936,0.2488077
14417.177,0.25839753
14419.418,0.24010072
14421.66,0.242719
14423.901,0.22180795
14426.143,0.18695361
14428.385,0.19044356
14430.627,0.19654796
14432.869,0.18958053
14435.111,0.20439966
14437.354,0.20091821
14439.597,0.18175055
14441.84,0.18959821
14444.083,0.17914528
14446.326,0.20442227
14448.57,0.2000697
14450.813,0.17915946
14453.057,0.1904933
14455.301,0.1565113
14457.545,0.14693024
14459.79,0.16523596
14462.034,0.13561146
14464.279,0.14520272
14466.524,0.1103496
14468.769,0.10512618
14471.014,0.10164575
14473.259,0.081607652
14475.505,0.095556549
14477.751,0.094690699
14479.997,0.1007966
14482.243,0.11823154
14484.489,0.10865129
14486.735,0.13218659
14488.982,0.12347794
14491.229,0.11215498
14493.476,0.11913275
14495.723,0.11391014
14497.97,0.11043053
14500.218,0.09736492
14502.465,0.087785222
14504.713,0.10260646
14506.961,0.10348442
14509.209,0.11481996
14511.458,0.12005534
14513.706,0.10786161
14515.955,0.11396859
14518.204,0.12181856
14520.453,0.1296686
14522.702,0.14449039
14524.951,0.12968261
14527.201,0.12184658
14529.451,0.12359668
14531.701,0.13231852
14533.951,0.12622561
14536.201,0.12797591
14538.451,0.1183973
14540.702,0.12886233
14542.953,0.1184124
14545.204,0.11929151
14547.455,0.1349855
14549.706,0.13935058
14551.958,0.14110136
14554.209,0.16202431
14556.461,0.15767501
14558.713,0.16204037
14560.965,0.16291995
14563.218,0.15944231
14565.47,0.15770765
14567.723,0.16643058
14569.976,0.16905336
14572.229,0.17341912
14574.482,0.18039934
14576.735,0.17953648
14578.989,0.20568894
14581.243,0.19088287
14583.497,0.19612043
14585.751,0.2266304
14588.005,0.20572431
14590.26,0.20486186
14592.514,0.20399948
14594.769,0.19703695
14597.024,0.2092466
14599.279,0.19531253
14601.534,0.22320859
14603.79,0.23454699
14606.046,0.22932772
14608.301,0.24938085
14610.557,0.24677609
14612.814,0.26944373
14615.07,0.28513977
14617.326,0.30257879
14619.583,0.31914642
14621.84,0.28168362
14624.097,0.29127971
14626.354,0.29564711
14628.612,0.30785771
14630.869,0.33226882
14633.127,0.31746431
14635.385,0.32618927
14637.643,0.31399928
14639.901,0.30529519
14642.16,0.31924912
14644.418,0.30095911
14646.677,0.3035842
14648.936,0.30272352
14651.195,0.2826908
14653.455,0.28531609
14655.714,0.26266913
14657.974,0.2513512
14660.234,0.25920546
14662.494,0.25573081
14664.754,0.27491418
14667.014,0.26882529
14669.275,0.25489332
14671.536,0.25751916
14673.796,0.25404485
14676.058,0.25928521
14678.319,0.24971082
14680.58,0.24449379
14682.842,0.24363413
14685.104,0.24174463
14687.365,0.22195067
14689.628,0.214991
14691.89,0.19804922
14694.152,0.18966366
14696.415,0.18127816
14698.678,0.16932767
14700.941,0.1716375
14703.204,0.15184401
14705.467,0.14773687
14707.731,0.14648184
14709.994,0.13239265
14712.258,0.13755487
14714.522,0.13273499
14716.786,0.14217542
14719.051,0.13878169
14721.315,0.14109213
14723.58,0.14482867
14725.845,0.13573105
14728.11,0.1387547
14730.375,0.12680517
14732.641,0.1376721
14734.906,0.12358366
14737.172,0.11377337
14739.438,0.11964942
14741.704,0.099857085
14743.97,0.10359423
14746.237,0.088793123
14748.504,0.069714007
14750.77,0.070599308
14753.037,0.06078949
14755.304,0.082352289
14757.572,0.056856333
14759.839,0.063446006
14762.107,0.06789671
14764.375,0.042400958
14766.643,0.05041686
14768.911,0.034903419
14771.179,0.045058494
14773.448,0.059491713
14775.717,0.05396065
14777.986,0.062689905
14780.255,0.041472704
14782.524,0.049489082
14784.793,0.059644566
14787.063,0.048409744
14789.333,0.058565364
14791.603,0.04804369
14793.873,0.039661122
14796.143,0.023435484
14798.414,0.012201002
14800.684,0.011661775
14802.955,-0.0059896836
14805.226,0.00060135023
14807.497,0.0043404022
14809.769,-0.021867002
14812.04,-0.024544926
14814.312,-0.02936182
14816.584,-0.015640321
14818.856,-0.0047708044
14821.128,0.002533718
14823.4,-0.00085687861
14825.673,-0.0099515071
14827.946,0.013752507
14830.219,0.0025189767
14832.492,-0.0080014726
14834.765,0.0035815329
14837.038,-0.0076517928
14839.312,-0.003198776
14841.586,-0.018710041
14843.86,-0.019960988
14846.134,-0.031194041
14848.408,-0.021749665
14850.683,-0.0087401582
14852.957,-0.025677108
14855.232,-0.0098154149
14857.507,-0.023187166
14859.782,-0.021010829
14862.058,-0.0060002092
14864.333,-0.011666894
14866.609,0.016178064
14868.885,0.0083724568
14871.161,0.022670293
14873.437,0.017716851
14875.713,0.0084853903
14877.99,0.023496412
14880.267,0.013552054
14882.543,0.042110427
14884.821,0.047139446
14887.098,0.049316473
14889.375,0.056484644
14891.653,0.033706349
14893.931,0.03944861
14896.209,0.044477917
14898.487,0.043090168
14900.765,0.049545614
14903.044,0.033897731
14905.322,0.036075217
14907.601,0.031122636
14909.88,0.030448187
14912.159,0.034764883
14914.439,0.033377536
14916.718,0.03555531
14918.998,0.034168078
14921.278,0.020659692
14923.558,0.022124625
14925.838,0.026441666
14928.118,0.040027926
14930.399,0.037927969
14932.68,0.03582807
14934.961,0.023746053
14937.242,0.025211331
14939.523,0.036658841
14941.804,0.041689296
14944.086,0.064545121
14946.368,0.073853766
14948.65,0.076032343
14950.932,0.089619178
14953.214,0.079676658
14955.497,0.086133483
14957.779,0.086886265
14960.062,0.087639105
14962.345,0.08482694
14964.628,0.07559772
14966.912,0.067794583
14969.195,0.05072234
14971.479,0.050049442
14973.763,0.057219739
14976.047,0.047990806
14978.331,0.056587243
14980.616,0.052349513
14982.9,0.050250877
14985.185,0.064551586
14987.47,0.063166078
14989.755,0.079605939
14992.04,0.093193807
14994.326,0.1046427
14996.611,0.12821285
14998.897,0.12540161
15001.183,0.13898971
15003.469,0.1261964
15005.756,0.1390716
15008.042,0.15123385
15010.329,0.15769205
15012.616,0.17627152
15014.903,0.14921826
15017.19,0.16922387
15019.477,0.15429193
15021.765,0.13222992
15024.052,0.14795763
15026.34,0.12660875
15028.628,0.14304959
15030.917,0.15307337
15033.205,0.13528972
15035.494,0.13176638
15037.782,0.12681708
15040.071,0.13969314
15042.36,0.12262273
15044.65,0.12694276
15046.939,0.13625394
15049.229,0.13273094
15051.519,0.15131139
15053.809,0.1527796
15056.099,0.1506828
15058.389,0.17710656
15060.68,0.1764359
15062.97,0.18503446
15065.261,0.19363308
15067.552,0.2043708
15069.843,0.22009966
15072.135,0.20944711
15074.426,0.20948981
15076.718,0.22807089
15079.01,0.23666986
15081.302,0.23813875
15083.594,0.24602482
15085.887,0.25177191
15088.179,0.24682386
15090.472,0.2547101
15092.765,0.25047519
15095.058,0.25265744
15097.351,0.27551711
15099.645,0.28197756
15101.938,0.27560384
15104.232,0.26994318
15106.526,0.28638597
15108.82,0.28500351
15111.115,0.28718617
15113.409,0.3022031
15115.704,0.29582972
15117.999,0.30157762
15120.294,0.31802075
15122.589,0.31093453
15124.884,0.3166826
15127.18,0.32670879
15129.476,0.34172613
15131.771,0.32964905
15134.068,0.32898024
15136.364,0.33401557
15138.66,0.32051264
15140.957,0.34194738
15143.254,0.35767808
15145.551,0.34488834
15147.848,0.36489722
15150.145,0.36565483
15152.442,0.37282961
15154.74,0.38998662
15157.038,0.39573549
15159.336,0.43570901
15161.634,0.44644908
15163.932,0.48000561
15166.231,0.48218964
15168.53,0.48152168
15170.828,0.52149549
15173.128,0.5236797
15175.427,0.53798518
15177.726,0.54516059
15180.026,0.549484
15182.325,0.57091978
15184.625,0.55242691
15186.925,0.57029774
15189.226,0.5696303
15191.526,0.58393618
15193.827,0.58825994
15196.127,0.56406326
15198.428,0.58977751
15200.73,0.60550964
15203.031,0.61125966
15205.332,0.62913094
15207.634,0.6248989
15209.936,0.6370662
15212.238,0.63568632
15214.54,0.63573253
15216.842,0.63506577
15219.145,0.65650247
15221.448,0.67437416
15223.75,0.6523172
15226.053,0.6644849
15228.357,0.66453145
15230.66,0.63748358
15232.964,0.65606857
15235.267,0.64114203
15237.571,0.64831893
15239.875,0.65121782
15242.18,0.64627363
15244.484,0.64988564
15246.789,0.6527847
15249.093,0.65140574
15251.398,0.64289671
15253.704,0.6322487
15256.009,0.65368631
15258.314,0.6473165
15260.62,0.66233711
15262.926,0.66737561
15265.232,0.66528404
15267.538,0.67388771
15269.844,0.65896203
15272.151,0.64474942
15274.458,0.66690051
15276.764,0.64698391
15279.072,0.65416185
15281.379,0.64636658
15283.686,0.63144125
15285.994,0.6236461
15288.301,0.6044428
15290.609,0.60092584
15292.917,0.59241784
15295.226,0.56679761
15297.534,0.56114178
15299.843,0.5319566
15302.152,0.532718
15304.461,0.52563632
15306.77,0.51071156
15309.079,0.51503819
15311.388,0.48727932
15313.698,0.48091088
15316.008,0.46812539
15318.318,0.45177489
15320.628,0.46251892
15322.939,0.44902059
15325.249,0.44550449
15327.56,0.43771037
15329.871,0.42278618
15332.182,0.40786206
15334.493,0.3879469
15336.804,0.39726531
15339.116,0.38162834
15341.428,0.38025168
15343.74,0.38101411
15346.052,0.38462865
15348.364,0.38681722
15350.676,0.3747456
15352.989,0.36909115
15355.302,0.35844567
15357.615,0.35778243
15359.928,0.3549802
15362.241,0.35003899
15364.555,0.34652387
15366.868,0.34372181
15369.182,0.35375404
15371.496,0.32171859
15373.811,0.32462081
15376.125,0.32110597
15378.439,0.31046106
15380.754,0.31906755
15383.069,0.30699674
15385.384,0.30419514
15387.699,0.28356829
15390.015,0.291462
15392.33,0.28509551
15394.646,0.25234762
15396.962,0.2830579
15399.278,0.26243134
15401.594,0.25891713
15403.911,0.25896805
15406.227,0.23049852
15408.544,0.2276975
15410.861,0.20635821
15413.178,0.22209563
15415.496,0.20646056
15417.813,0.2000947
15420.131,0.21939736
15422.449,0.19520631
15424.767,0.1988228
15427.085,0.19245718
15429.403,0.18894366
15431.722,0.20610756
15434.041,0.20829826
15436.36,0.22760132
15438.679,0.20840176
15440.998,0.20417551
15443.317,0.20351439
15445.637,0.17647187
15447.957,0.18436701
15450.277,0.17015882
15452.597,0.16165479
15454.917,0.19450555
15457.237,0.17744548
15459.558,0.18534091
15461.879,0.17255904
15464.2,0.15478613
15466.521,0.16767282
15468.842,0.16344727
15471.164,0.17419504
15473.486,0.1528573
15475.807,0.16004012
15478.129,0.17078806
15480.452,0.12806012
15482.774,0.13381709
15485.097,0.11176663
15487.419,0.1111066
15489.742,0.12470687
15492.065,0.10764767
15494.389,0.11055287
15496.712,0.10775404
15499.036,0.11778948
15501.359,0.11142569
15503.683,0.11076607
15506.007,0.11295855
15508.332,0.10445589
15510.656,0.1187697
15512.981,0.10884114
15515.306,0.10675577
15517.631,0.11393963
15519.956,0.096168102
15522.281,0.093369896
15524.607,0.090571747
15526.932,0.096329806
15529.258,0.087827672
15531.584,0.086455721
15533.91,0.095779014
15536.237,0.076581866
15538.563,0.078775149
15540.89,0.085959577
15543.217,0.073179713
15545.544,0.073947144
15547.871,0.078992707
15550.199,0.084038328
15552.526,0.076249781
15554.854,0.078443466
15557.182,0.072081059
15559.51,0.063579673
15561.839,0.076468718
15564.167,0.081514683
15566.496,0.08513468
15568.824,0.080911598
15571.153,0.086670748
15573.483,0.073178619
15575.812,0.053982447
15578.142,0.056889719
15580.471,0.046962824
15582.801,0.051296236
15585.131,0.053490669
15587.461,0.037859846
15589.792,0.024368119
15592.122,0.0073113867
15594.453,0.0038019489
15596.784,0.00029256851
15599.115,0.0046263828
15601.446,-0.0010219201
15603.778,0.016859246
15606.109,0.021193233
15608.441,0.01483209
15610.773,0.020592216
15613.105,0.017796251
15615.438,0.032825654
15617.77,0.035020891
15620.103,0.037216184
15622.435,0.040837561
15624.768,0.028059707
15627.102,0.041663373
15629.435,0.01319936
15631.769,0.018246992
15634.102,0.024720705
15636.436,0.0098041015
15638.77,0.025547092
15641.104,0.017047716
15643.439,0.020669609
15645.773,0.020726497
15648.108,0.010088256
15650.443,0.022979484
15652.778,0.01305437
15655.113,0.033075837
15657.449,0.021724813
15659.784,0.021069034
15662.12,0.025404399
15664.456,0.02332271
15666.792,0.02195409
15669.129,0.0048992533
15671.465,0.020643048
15673.802,0.024265688
15676.139,0.022184286
15678.476,0.028659091
15680.813,0.012317554
15683.15,0.023070548
15685.488,0.0095811761
15687.825,0.020334286
15690.163,0.01896624
15692.501,0.012607165
15694.84,0.036194672
15697.178,0.01486245
15699.517,0.027754884
15701.855,0.021396038
15704.194,0.0064811009
15706.533,0.020799732
15708.873,0.0087369596
15711.212,0.023768718
15713.552,0.01455811
15715.892,0.014616722
15718.231,0.015388404
15720.572,0.0026129057
15722.912,0.0062367521
15725.252,-0.0022605562
15727.593,-0.0014886448
15729.934,0.014969598
15732.275,0.007185475
15734.616,0.017939733
15736.958,0.015859825
15739.299,0.008788886
15741.641,0.011700179
15743.983,0.02031563
15746.325,0.026079088
15748.667,0.023999467
15751.009,0.019067853
15753.352,0.024831484
15755.695,0.018473959
15758.038,0.014968543
15760.381,5.4983859e-005
15762.724,-0.0041633304
15765.067,-0.001964475
15767.411,-0.0019045996
15769.755,-0.0061227415
15772.099,-0.0096278136
15774.443,0.0011274214
15776.787,-0.0059425982
15779.132,-0.0073084604
15781.477,-0.0029701655
15783.821,-0.00077085047
15786.166,0.0064196093
15788.512,0.0057669893
15790.857,0.00012333936
15793.203,0.0001838467
15795.548,-0.0097377632
15797.894,0.0024440712
15800.24,0.0017917383
15802.586,0.001139463
15804.933,0.0069043574
15807.279,0.001974122
15809.626,0.017721306
15811.973,0.022060348
15814.32,0.026399447
15816.668,0.039294753
15819.015,0.027947693
15821.363,0.042982152
15823.71,0.035200268
15826.058,0.037400617
15828.407,0.041740061
15830.755,0.041801488
15833.103,0.052558159
15835.452,0.029090288
15837.801,0.028438875
15840.15,0.022083419
15842.499,0.023571157
15844.849,0.020067866
15847.198,0.022268732
15849.548,0.017339531
15851.898,0.0010021871
15854.248,0.012472388
15856.598,-0.003864841
15858.949,-0.009506825
15861.299,-0.0094446518
15863.65,-0.012234471
15866.001,-0.016450258
15868.352,-0.039204312
15870.703,-0.024168646
15873.055,-0.031236311
15875.406,-0.021904631
15877.758,-0.0047297559
15880.11,-0.028196535
15882.462,-0.0088825078
15884.815,-0.01167181
15887.167,-0.0051918926
15889.52,-0.012259155
15891.873,-0.0079181599
15894.226,0.0085441045
15896.579,-0.0020880478
15898.932,-0.00059893048
15901.286,-0.027345762
15903.64,-0.019154956
15905.994,0.002583113
15908.348,-0.0099033914
15910.702,-0.00099949584
15913.056,-0.0027907617
15915.411,0.01609536
15917.766,0.02143427
15920.121,0.014651994
15922.476,0.033538193
15924.831,0.035312119
15927.187,0.053485357
15929.542,0.031729921
15931.898,0.017104637
15934.254,0.023869752
15936.61,0.012809582
15938.967,0.016722699
15941.323,0.0078016167
15943.68,-0.0004064269
15946.037,0.0092108671
15948.394,-0.001849175
15950.751,-0.012196179
15953.108,-0.0097089324
15955.466,0.0013344895
15957.824,0.011664925
15960.181,0.0077351359
15962.54,0.016639598
15964.898,0.014135885
15967.256,0.015197261
15969.615,0.029092887
15971.974,0.02302419
15974.333,0.022659618
15976.692,0.037981346
15979.051,0.036903813
15981.411,0.037965344
15983.77,0.032609787
15986.13,0.035097394
15988.49,0.025463814
15990.85,0.023673397
15993.211,0.028300119
15995.571,0.013675529
15997.932,0.011172177
16000.293,0.010807888
16002.654,-0.0023905999
16005.015,-0.0077459247
16007.376,-0.015240261
16009.738,-0.014178422
16012.1,-0.02238572
16014.462,-0.021323829
16016.824,-0.010992751
16019.186,-0.021339009
16021.548,0.0046783957
16023.911,0.0028883392
16026.274,0.0053763832
16028.637,0.020698678
16031,0.016056648
16033.363,0.039222131
16035.727,0.046701366
16038.09,0.049902551
16040.454,0.060946899
16042.818,0.052739936
16045.182,0.075192535
16047.547,0.053438387
16049.911,0.065908863
16052.276,0.071962252
16054.641,0.063755418
16057.006,0.084782121
16059.371,0.073010275
16061.737,0.069081593
16064.102,0.082265236
16066.468,0.074771543
16068.834,0.087955237
16071.2,0.076896533
16073.566,0.084376179
16075.933,0.100412
16078.299,0.087214336
16080.666,0.097546109
16083.033,0.085061508
16085.4,0.079707058
16087.767,0.097169033
16090.135,0.093953672
16092.503,0.1057116
16094.87,0.095366165
16097.238,0.11068921
16099.607,0.11888215
16101.975,0.10853679
16104.344,0.12029484
16106.712,0.11208858
16109.081,0.11814258
16111.45,0.13988289
16113.819,0.13310272
16116.189,0.13773078
16118.558,0.13665477
16120.928,0.14056987
16123.298,0.12737269
16125.668,0.10918445
16128.039,0.11523867
16130.409,0.11986688
16132.78,0.11665198
16135.15,0.11557615
16137.521,0.097388039
16139.893,0.085617069
16142.264,0.080263236
16144.635,0.10129089
16147.007,0.090946023
16149.379,0.07774913
16151.751,0.093785775
16154.123,0.074884834
16156.495,0.075948268
16158.868,0.080576791
16161.241,0.073797139
16163.614,0.079138725
16165.987,0.07948925
16168.36,0.071996663
16170.733,0.060939039
16173.107,0.064141691
16175.481,0.065918344
16177.855,0.059138872
16180.229,0.061628589
16182.603,0.039875907
16184.978,0.03523555
16187.352,0.038438356
16189.727,0.031659013
16192.102,0.030583796
16194.477,0.048046929
16196.852,0.025581388
16199.228,0.037340473
16201.604,0.045534521
16203.979,0.054441607
16206.355,0.061922694
16208.732,0.077246943
16211.108,0.084728082
16213.485,0.082227071
16215.861,0.087569223
16218.238,0.085781277
16220.615,0.069020093
16222.993,0.07650136
16225.37,0.064731316
16227.748,0.058665397
16230.125,0.047608417
16232.503,0.04154255
16234.881,0.025494534
16237.26,0.027984868
16239.638,0.040457402
16242.017,0.017279338
16244.396,0.046151211
16246.775,0.044363573
16249.154,0.038297886
16251.533,0.047205487
16253.913,0.043278888
16256.292,0.053612565
16258.672,0.046833969
16261.052,0.05788071
16263.432,0.044685052
16265.813,0.039332558
16268.193,0.056796488
16270.574,0.033618733
16272.955,0.047517653
16275.336,0.046443336
16277.717,0.052499169
16280.099,0.076380341
16282.48,0.061758864
16284.862,0.079222975
16287.244,0.063888537
16289.626,0.074222574
16292.009,0.068870363
16294.391,0.065657214
16296.774,0.077417354
16299.156,0.055665933
16301.539,0.061009011
16303.923,0.057795966
16306.306,0.038896671
16308.689,0.047091877
16311.073,0.033896734
16313.457,0.046370066
16315.841,0.034601
16318.225,0.037092208
16320.61,0.05027863
16322.994,0.030666503
16325.379,0.040287914
16327.764,0.034223076
16330.149,0.019602114
16332.534,0.024232515
16334.92,0.022445828
16337.305,0.017094106
16339.691,0.030280733
16342.077,0.035624249
16344.463,0.038828754
16346.849,0.027773034
16349.236,0.025986502
16351.623,0.039173258
16354.009,0.042377866
16356.396,0.057703711
16358.784,0.058056319
16361.171,0.054130879
16363.558,0.076586926
16365.946,0.055549237
16368.334,0.078718348
16370.722,0.081210123
16373.11,0.084414936
16375.499,0.098314962
16377.887,0.085833552
16380.276,0.089038442
16382.665,0.084400221
16385.054,0.0840401
16387.443,0.085819043
16389.833,0.088311023
16392.222,0.08509893
16394.612,0.071904687
16397.002,0.074396745
16399.392,0.071184729
16401.783,0.075815876
16404.173,0.081873073
16406.564,0.085791259
16408.955,0.085431395
16411.346,0.083645532
16413.737,0.089702833
16416.128,0.07294376
16418.52,0.096113411
16420.911,0.089336564
16423.303,0.08755083
16425.695,0.087191146
16428.088,0.091822576
16430.48,0.092175957
16432.872,0.078982126
16435.265,0.10429099
16437.658,0.1132006
16440.051,0.10998902
16442.445,0.13601098
16444.838,0.12566933
16447.232,0.14099615
16449.625,0.1506189
16452.019,0.16238071
16454.414,0.17200351
16456.808,0.17449621
16459.202,0.19481425
16461.597,0.17591663
16463.992,0.17627037
16466.387,0.1973015
16468.782,0.1983683
16471.177,0.21797346
16473.573,0.21547525
16475.969,0.21155105
16478.365,0.20976591
16480.761,0.1972856
16483.157,0.19763955
16485.553,0.20298461
16487.95,0.20405162
16490.347,0.20939673
16492.744,0.20404668
16495.141,0.18586243
16497.538,0.17480833
16499.935,0.16945836
16502.333,0.17052552
16504.731,0.17373175
16507.129,0.16481679
16509.527,0.18513537
16511.925,0.16267323
16514.324,0.15732341
16516.722,0.16052977
16519.121,0.14305879
16521.52,0.14697821
16523.919,0.14733259
16526.319,0.15695616
16528.718,0.15374554
16531.118,0.15623904
16533.518,0.16728871
16535.918,0.14197477
16538.318,0.16371969
16540.719,0.16193521
16543.119,0.16300282
16545.52,0.17120057
16547.921,0.17939835
16550.322,0.18403109
16552.723,0.18367277
16555.125,0.18545351
16557.526,0.17083499
16559.928,0.1619206
16562.33,0.17796167
16564.732,0.16690829
16567.135,0.17581929
16569.537,0.16761801
16571.94,0.18009413
16574.343,0.17117989
16576.746,0.17367388
16579.149,0.1540645
16581.552,0.15370649
16583.956,0.16333068
16586.36,0.17152887
16588.764,0.17330997
16591.168,0.17580412
16593.572,0.16403803
16595.976,0.17009729
16598.381,0.16085423
16600.786,0.17146584
16603.191,0.1627713
16605.596,0.16071329
16608.001,0.17796148
16610.407,0.16564711
16612.812,0.17324227
16615.218,0.17480427
16617.624,0.15887006
16620.03,0.16525866
16622.436,0.15535768
16624.843,0.1508866
16627.25,0.1614985
16629.657,0.15280425
16632.064,0.13626688
16634.471,0.13300253
16636.878,0.13275481
16639.286,0.12828388
16641.693,0.13225944
16644.101,0.12718524
16646.509,0.11728453
16648.918,0.12849998
16651.326,0.12161591
16653.735,0.12981482
16656.143,0.13258389
16658.552,0.11363353
16660.962,0.13510552
16663.371,0.13244481
16665.78,0.14547039
16668.19,0.14582632
16670.6,0.13833914
16673.01,0.14110839
16675.42,0.13663785
16677.83,0.14544033
16680.241,0.13131675
16682.652,0.13951597
16685.062,0.15555835
16687.473,0.14445144
16689.885,0.14782419
16692.296,0.1324941
16694.708,0.12862709
16697.119,0.13260323
16699.531,0.1365794
16701.943,0.15081201
16704.356,0.14996169
16706.768,0.1660043
16709.181,0.16515403
16711.593,0.16430379
16714.006,0.16164361
16716.419,0.14571046
16718.833,0.15572002
16721.246,0.16934952
16723.66,0.16910272
16726.074,0.16764931
16728.488,0.16317933
16730.902,0.15810606
16733.316,0.15725605
16735.731,0.16726579
16738.145,0.1555561
16740.56,0.15229289
16742.975,0.14842639
16745.391,0.14938646
16747.806,0.14913992
16750.222,0.15311663
16752.637,0.14140709
16755.053,0.14659049
16757.469,0.14996396
16759.886,0.144891
16762.302,0.14766121
16764.719,0.12750534
16767.135,0.12967228
16769.552,0.13063261
16771.97,0.13521287
16774.387,0.15970266
16776.804,0.14678674
16779.222,0.15257372
16781.64,0.1444844
16784.058,0.15027143
16786.476,0.14821534
16788.894,0.13771283
16791.313,0.14470657
16793.732,0.13903065
16796.151,0.15567754
16798.57,0.14638176
16800.989,0.14915238
16803.408,0.14166661
16805.828,0.13297423
16808.248,0.14841461
16810.667,0.13911896
16813.088,0.15455939
16815.508,0.14828039
16817.928,0.15225782
16820.349,0.16287178
16822.77,0.16564262
16825.191,0.17082677
16827.612,0.16575453
16830.033,0.17395532
16832.455,0.16043668
16834.876,0.15657115
16837.298,0.16175543
16839.72,0.15306341
16842.142,0.17453733
16844.565,0.1604155
16846.987,0.16137665
16849.41,0.17319755
16851.833,0.1723488
16854.256,0.16969012
16856.679,0.15918832
16859.102,0.16256287
16861.526,0.16714409
16863.95,0.18379169
16866.374,0.19742273
16868.798,0.19536752
16871.222,0.20899861
16873.647,0.20694345
16876.071,0.20790491
16878.496,0.21429626
16880.921,0.192935
16883.346,0.19751644
16885.771,0.19485809
16888.197,0.19823295
16890.623,0.20100452
16893.048,0.19713962
16895.475,0.18965482
16897.901,0.1803601
16900.327,0.18614837
16902.754,0.18228356
16905.18,0.17419556
16907.607,0.1769673
16910.034,0.18094571
16912.462,0.18492415
16914.889,0.19131589
16917.317,0.18443464
16919.744,0.19625629
16922.172,0.20325142
16924.6,0.1843039
16927.029,0.19009244
16929.457,0.19648433
16931.886,0.18055347
16934.315,0.17910227
16936.744,0.17342787
16939.173,0.17077009
16941.602,0.16569906
16944.032,0.16726456
16946.461,0.15555708
16948.891,0.15651931
16951.321,0.15265502
16953.751,0.14396421
16956.182,0.15880284
16958.612,0.14709549
16961.043,0.14745453
16963.474,0.14479701
16965.905,0.1385196
16968.336,0.15396167
16970.768,0.15432082
16973.199,0.17579613
16975.631,0.17615532
16978.063,0.16565481
16980.495,0.17325388
16982.927,0.16094347
16985.36,0.16371604
16987.792,0.15261232
16990.225,0.15659158
16992.658,0.15333104
16995.091,0.1555004
16997.525,0.16430628
16999.958,0.15320269
17002.392,0.14692567
17004.826,0.13039226
17007.26,0.13075179
17009.694,0.15645071
17012.128,0.15862025
17014.563,0.17164954
17016.998,0.17261249
17019.433,0.18262524
17021.868,0.18901811
17024.303,0.18394795
17026.738,0.19637405
17029.174,0.19914709
17031.61,0.19528365
17034.046,0.20167664
17036.482,0.19901989
17038.918,0.20601625
17041.355,0.19853301
17043.791,0.2079427
17046.228,0.19925286
17048.665,0.18754647
17051.102,0.19635292
17053.539,0.18524989
17055.977,0.19646966
17058.415,0.19682973
17060.853,0.1863301
17063.291,0.19332672
17065.729,0.19851341
17068.167,0.20913
17070.606,0.20406033
17073.045,0.20019733
17075.483,0.18849121
17077.922,0.18885149
17080.362,0.19584829
17082.801,0.19258871
17085.241,0.19596565
17087.681,0.20416917
17090.121,0.19246321
17092.561,0.20850992
17095.001,0.21550687
17097.441,0.21104081
17099.882,0.20717809
17102.323,0.21055521
17104.764,0.22961864
17107.205,0.22997922
17109.646,0.24421615
17112.088,0.25724647
17114.53,0.24192086
17116.972,0.25314128
17119.414,0.24324558
17121.856,0.25748264
17124.298,0.26327327
17126.741,0.26604733
17129.184,0.2911442
17131.626,0.28547186
17134.07,0.28703936
17136.513,0.28257371
17138.956,0.28715785
17141.4,0.29596525
17143.844,0.292103
17146.288,0.32262991
17148.732,0.33747057
17151.176,0.3438648
17153.621,0.35568892
17156.065,0.3421737
17158.51,0.3515846
17160.955,0.34168934
17163.4,0.36075338
17165.846,0.38947054
17168.291,0.38802181
17170.737,0.4058793
17173.183,0.40986048
17175.629,0.41987488
17178.075,0.43712912
17180.521,0.44895353
17182.968,0.46138127
17185.415,0.46958582
17187.862,0.48865012
17190.309,0.49142485
17192.756,0.51169584
17195.203,0.5235204
17197.651,0.52689853
17200.099,0.55139282
17202.547,0.568044
17204.995,0.58469521
17207.443,0.61522276
17209.892,0.61980765
17212.34,0.61835939
17214.789,0.63863061
17217.238,0.64924876
17219.687,0.66590012
17222.137,0.69280792
17224.586,0.69618633
17227.036,0.71525104
17229.486,0.725266
17231.936,0.74010754
17234.386,0.74951924
17236.837,0.75350109
17239.287,0.76713607
17241.738,0.76629143
17244.189,0.80948905
17246.64,0.83881038
17249.091,0.843999
17251.543,0.87151043
17253.994,0.87187256
17256.446,0.90843381
17258.898,0.90698603
17261.35,0.91700133
17263.803,0.92400006
17266.255,0.92737891
17268.708,0.96213033
17271.161,0.94258314
17273.614,0.96225166
17276.067,0.94391115
17278.52,0.94367022
17280.974,0.97540518
17283.427,0.97214771
17285.881,0.99543626
17288.335,0.98855893
17290.79,1.0027978
17293.244,1.0212599
17295.699,1.0125726
17298.153,1.0256049
17300.608,1.0175211
17303.063,1.0281401
17305.519,1.0351393
17307.974,1.0409319
17310.43,1.0455178
17312.886,1.042864
17315.342,1.0426234
17317.798,1.0562592
17320.254,1.0475723
17322.711,1.0455218
17325.167,1.0440748
17327.624,1.0420244
17330.081,1.0357508
17332.538,1.028874
17334.996,1.0382867
17337.453,1.0380464
17339.911,1.043236
17342.369,1.0285161
17344.827,1.0204327
17347.285,1.011746
17349.744,0.98978638
17352.202,0.99678604
17354.661,0.99533927
17357.12,0.9932892
17359.579,0.99847898
17362.038,1.0000489
17364.498,0.98774248
17366.957,0.97241952
17369.417,0.96735299
17371.877,0.95022013
17374.337,0.95118684
17376.798,0.9431038
17379.258,0.94165728
17381.719,0.9305577
17384.18,0.91825151
17386.641,0.9077553
17389.102,0.90449893
17391.563,0.90546582
17394.025,0.90341614
17396.487,0.8983499
17398.949,0.9005235
17401.411,0.89606063
17403.873,0.88134137
17406.335,0.86722546
17408.798,0.84466311
17411.261,0.84020034
17413.724,0.83996082
17416.187,0.81619192
17418.65,0.81293586
17421.114,0.79339024
17423.577,0.78832428
17426.041,0.77058866
17428.505,0.76069621
17430.969,0.76407678
17433.434,0.74151469
17435.898,0.75997827
17438.363,0.76396224
17440.828,0.76975619
17443.293,0.76650039
17445.758,0.7596247
17448.223,0.77989837
17450.689,0.77241942
17453.155,0.77157699
17455.62,0.78219764
17458.087,0.78075195
17460.553,0.78895938
17463.019,0.78449715
17465.486,0.78244822
17467.953,0.77315949
17470.42,0.77473052
17472.887,0.75759871
17475.354,0.75977311
17477.822,0.75229444
17480.289,0.75205562
17482.757,0.76146991
17485.225,0.75278469
17487.693,0.74892603
17490.162,0.75592713
17492.63,0.74965526
17495.099,0.73433363
17497.568,0.73168172
17500.037,0.73445969
17502.506,0.72577464
17504.975,0.74484226
17507.445,0.73615727
17509.915,0.71842252
17512.384,0.70853094
17514.855,0.71010244
17517.325,0.71589718
17519.795,0.71083223
17522.266,0.70214738
17524.737,0.70190902
17527.208,0.70287733
17529.679,0.70806888
17532.15,0.70541733
17534.622,0.70095584
17537.093,0.71640389
17539.565,0.71737232
17542.037,0.74247351
17544.509,0.7404254
17546.982,0.74079059
17549.454,0.74477571
17551.927,0.73066132
17554.4,0.73223322
17556.873,0.74647484
17559.346,0.74744347
17561.819,0.75806523
17564.293,0.74938082
17566.767,0.75698604
17569.241,0.75493819
17571.715,0.74866714
17574.189,0.74661934
17576.663,0.76387775
17579.138,0.75278022
17581.613,0.75978227
17584.088,0.76075117
17586.563,0.76835659
17589.038,0.76268904
17591.514,0.76546796
17593.989,0.76161041
17596.465,0.77283585
17598.941,0.7804414
17601.417,0.76632752
17603.894,0.77755303
17606.37,0.78033211
17608.847,0.76501167
17611.324,0.76055098
17613.801,0.75367705
17616.278,0.76852259
17618.756,0.76707858
17621.233,0.77227108
17623.711,0.78048021
17626.189,0.78627609
17628.667,0.7824189
17631.145,0.76468542
17633.624,0.78677096
17636.102,0.79498022
17638.581,0.78870986
17641.06,0.80898553
17643.539,0.82564132
17646.019,0.84410708
17648.498,0.84326669
17650.978,0.83277323
17653.458,0.83072626
17655.938,0.82264613
17658.418,0.83749211
17660.898,0.8481149
17663.379,0.85813439
17665.859,0.8548809
17668.34,0.84438763
17670.821,0.86707688
17673.303,0.87045997
17675.784,0.87022318
17678.266,0.86033333
17680.747,0.86552645
17683.229,0.89002579
17685.711,0.89280569
17688.194,0.89196571
17690.676,0.88509257
17693.159,0.88847587
17695.642,0.89728906
17698.125,0.89282928
17700.608,0.89198943
17703.091,0.88390978
17705.575,0.86074721
17708.058,0.86714725
17710.542,0.86751414
17713.026,0.84917819
17715.51,0.85376836
17717.995,0.85232537
17720.479,0.87923836
17722.964,0.87598547
17725.449,0.86971601
17727.934,0.87611626
17730.419,0.85959045
17732.905,0.87021398
17735.39,0.86454794
17737.876,0.86853502
17740.362,0.85804249
17742.848,0.85056658
17745.334,0.86179355
17747.821,0.8513011
17750.307,0.83718876
17752.794,0.81523331
17755.281,0.81137744
17757.768,0.80390168
17760.256,0.79763258
17762.743,0.81670287
17765.231,0.81164046
17767.719,0.82105772
17770.207,0.8105655
17772.695,0.81636289
17775.183,0.82397027
17777.672,0.81830467
17780.161,0.81746564
17782.65,0.81903991
17785.139,0.82001089
17787.628,0.8113288
17790.117,0.80747329
17792.607,0.80723771
17795.097,0.79493579
17797.587,0.80133676
17800.077,0.77757184
17802.567,0.79060937
17805.058,0.78615069
17807.548,0.77565885
17810.039,0.78085331
17812.53,0.76794826
17815.021,0.76650627
17817.513,0.76928754
17820.004,0.77146551
17822.496,0.75976719
17824.988,0.75229213
17827.48,0.76351996
17829.972,0.74035867
17832.464,0.76425623
17834.957,0.76402108
17837.45,0.74689306
17839.942,0.74726128
17842.436,0.73073662
17844.929,0.72929495
17847.422,0.7344898
17849.916,0.7239984
17852.41,0.73763975
17854.904,0.74464464
17857.398,0.72932677
17859.892,0.72004211
17862.386,0.71256743
17864.881,0.70388614
17867.376,0.70003142
17869.871,0.69014354
17872.366,0.68206565
17874.861,0.68846742
17877.357,0.67918294
17879.853,0.6771383
17882.349,0.68354015
17884.845,0.66761925
17887.341,0.66074814
17889.837,0.66232352
17892.334,0.65183256
17894.831,0.66909426
17897.327,0.64834694
17899.825,0.64207929
17902.322,0.65330788
17904.819,0.63618055
17907.317,0.64318597
17909.815,0.63752174
17912.313,0.6342708
17914.811,0.63101989
17917.309,0.61147941
17919.808,0.63598119
17922.306,0.62126731
17924.805,0.62103309
17927.304,0.61114581
17929.803,0.6060851
17932.303,0.60162773
17934.802,0.59717039
17937.302,0.61262257
17939.802,0.60394206
17942.302,0.61215447
17944.802,0.61011051
17947.302,0.59177697
17949.803,0.60662597
17952.304,0.58829249
17954.805,0.59650504
17957.306,0.59747779
17959.807,0.59302071
17962.308,0.60485324
17964.81,0.59315639
17967.312,0.59171597
17969.814,0.59329217
17972.316,0.58219872
17974.818,0.58196501
17977.321,0.57569815
17979.823,0.58391096
17982.326,0.58307402
17984.829,0.5756006
17987.332,0.5777803
17989.836,0.57332352
17992.339,0.57489995
17994.843,0.56199677
17997.347,0.57865621
17999.851,0.58324931
18002.355,0.5600898
18004.86,0.56709623
18007.364,0.55600313
18009.869,0.5660262
18012.374,0.56096633
18014.879,0.55168327
18017.384,0.54843341
18019.89,0.54458027
18022.395,0.53469396
18024.901,0.53566741
18027.407,0.5372442
18029.913,0.51227502
18032.42,0.51807509
18034.926,0.52689178
18037.433,0.52484876
18039.94,0.53788873
18042.447,0.52136613
18044.954,0.5295796
18047.461,0.53236324
18049.969,0.53152699
18052.476,0.52586422
18054.984,0.53649107
18057.492,0.52720844
18060.001,0.52395902
18062.509,0.53579259
18065.018,0.50599722
18067.526,0.52205406
18070.035,0.51277156
18072.544,0.49021609
18075.054,0.50506637
18077.563,0.47527113
18080.073,0.4846916
18082.583,0.48083909
18085.093,0.4800032
18087.603,0.48701048
18090.113,0.46204191
18092.623,0.47628906
18095.134,0.45795704
18097.645,0.48246065
18100.156,0.47679837
18102.667,0.46268966
18105.179,0.47633361
18107.69,0.460415
18110.202,0.47345569
18112.714,0.4665869
18115.226,0.46092477
18117.738,0.47336222
18120.251,0.45442714
18122.763,0.47048455
18125.276,0.46904576
18127.789,0.47605344
18130.302,0.46918484
18132.815,0.45748971
18135.329,0.47777047
18137.842,0.47572849
18140.356,0.47670312
18142.87,0.48672755
18145.384,0.47865246
18147.899,0.4772139
18150.413,0.46853554
18152.928,0.47795676
18155.443,0.49461782
18157.958,0.48292295
18160.473,0.48631106
18162.988,0.48547597
18165.504,0.47860772
18168.02,0.47535941
18170.535,0.47331776
18173.052,0.47851595
18175.568,0.47345776
18178.084,0.46779628
18180.601,0.48385428
18183.118,0.47276298
18185.635,0.46348167
18188.152,0.46023356
18190.669,0.44733239
18193.186,0.45554738
18195.704,0.4504894
18198.222,0.45146462
18200.74,0.45726641
18203.258,0.44376205
18205.776,0.45077054
18208.295,0.44450604
18210.814,0.44065485
18213.332,0.43982027
18215.851,0.45225872
18218.371,0.45021756
18220.89,0.44877975
18223.41,0.45277182
18225.929,0.44409423
18228.449,0.45411954
18230.969,0.43820219
18233.49,0.44098773
18236.01,0.46368279
18238.531,0.43750911
18241.051,0.46141086
18243.572,0.47445291
18246.094,0.47361867
18248.615,0.47037118
18251.136,0.46712372
18253.658,0.46508292
18256.18,0.4648521
18258.702,0.47005117
18261.224,0.46197726
18263.746,0.47139961
18266.269,0.47116889
18268.792,0.44499551
18271.314,0.46467435
18273.837,0.44393089
18276.361,0.43404718
18278.884,0.43562655
18281.408,0.43479267
18283.931,0.44843845
18286.455,0.43795153
18288.979,0.44858077
18291.504,0.44171381
18294.028,0.43605351
18296.553,0.46116246
18299.077,0.44403917
18301.602,0.463115
18304.128,0.45986807
18306.653,0.45541454
18309.178,0.47147385
18311.704,0.45978055
18314.23,0.46317023
18316.756,0.45570021
18319.282,0.4578833
18321.808,0.46489297
18324.335,0.46224957
18326.862,0.47649911
18329.388,0.46721926
18331.915,0.45793944
18334.443,0.48003219
18336.97,0.47135574
18339.498,0.47534899
18342.025,0.46848255
18344.553,0.46583935
18347.081,0.4734526
18349.61,0.47020614
18352.138,0.47540616
18354.667,0.4769863
18357.196,0.47735982
18359.725,0.46989024
18362.254,0.46785054
18364.783,0.47787724
18367.312,0.47764755
18369.842,0.47922784
18372.372,0.4789982
18374.902,0.47997523
18377.432,0.50086178
18379.963,0.48856586
18382.493,0.49617946
18385.024,0.50861963
18387.555,0.49632379
18390.086,0.52384697
18392.617,0.5157744
18395.148,0.52399145
18397.68,0.53522512
18400.212,0.51387962
18402.744,0.5335598
18405.276,0.54600018
18407.808,0.53977794
18410.34,0.54747227
18412.873,0.53738884
18415.406,0.54612898
18417.939,0.55539201
18420.472,0.54896879
18423.005,0.56293776
18425.539,0.5565146
18428.072,0.57152937
18430.606,0.57347227
18433.14,0.57855245
18435.675,0.59304442
18438.209,0.59132727
18440.743,0.59849903
18443.278,0.59155317
18445.813,0.60656812
18448.348,0.60955695
18450.883,0.61934319
18453.419,0.62128632
18455.954,0.60858896
18458.49,0.62308116
18461.026,0.62136424
18463.562,0.62017022
18466.098,0.62943374
18468.635,0.6277169
18471.171,0.62652295
18473.708,0.61696302
18476.245,0.62256652
18478.782,0.62764716
18481.32,0.64004809
18483.857,0.64512879
18486.395,0.64341212
18488.933,0.64901575
18491.471,0.65461939
18494.009,0.6638832
18496.547,0.65380063
18499.086,0.65731285
18501.625,0.67232836
18504.164,0.67061188
18506.703,0.68353594
18509.242,0.67815938
18511.781,0.68428611
18514.321,0.68413836
18516.861,0.67091873
18519.401,0.67286253
18521.941,0.67114623
18524.481,0.66995283
18527.021,0.67346533
18529.562,0.66495172
18532.103,0.67160153
18534.644,0.67302261
18537.185,0.66816921
18539.726,0.66017857
18542.268,0.65741672
18544.81,0.64785751
18547.351,0.65346173
18549.893,0.65017708
18552.436,0.6458467
18554.978,0.65929413
18557.521,0.65391806
18560.063,0.65847665
18562.606,0.66303527
18565.149,0.6592279
18567.693,0.67215258
18570.236,0.66207075
18572.78,0.6681981
18575.323,0.67171109
18577.867,0.66372084
18580.411,0.65886788
18582.956,0.65767507
18585.5,0.65805091
18588.045,0.65738102
18590.59,0.65984842
18593.135,0.64401519
18595.68,0.63916238
18598.225,0.63535534
18600.771,0.6257967
18603.316,0.62094396
18605.862,0.61452262
18608.408,0.60966994
18610.954,0.60481728
18613.501,0.59525877
18616.047,0.59249766
18618.594,0.59601109
18621.141,0.59377292
18623.688,0.58735176
18626.235,0.58981952
18628.783,0.57294089
18631.33,0.5733172
18633.878,0.5721249
18636.426,0.55995224
18638.974,0.57078614
18641.523,0.55861353
18644.071,0.55532983
18646.62,0.56407231
18649.168,0.54667101
18651.717,0.55070765
18654.267,0.54690119
18656.816,0.53786598
18659.366,0.5267393
18661.915,0.51352115
18664.465,0.50448602
18667.015,0.50904569
18669.565,0.50628513
18672.116,0.50038734
18674.666,0.50076408
18677.217,0.48754608
18679.768,0.48530849
18682.319,0.47993368
18684.87,0.47978765
18687.422,0.47702727
18689.973,0.47374403
18692.525,0.47464383
18695.077,0.46456326
18697.629,0.46494024
18700.182,0.47786626
18702.734,0.46987727
18705.287,0.4707772
18707.839,0.47167715
18710.393,0.45793661
18712.946,0.44994772
18715.499,0.44614187
18718.053,0.45854519
18720.606,0.45212501
18723.16,0.43681597
18725.714,0.45183375
18728.268,0.43181888
18730.823,0.43690207
18733.377,0.44250816
18735.932,0.43817964
18738.487,0.43123676
18741.042,0.42952267
18743.597,0.4257171
18746.153,0.4166828
18748.708,0.42490343
18751.264,0.4263267
18753.82,0.41729247
18756.376,0.4119184
18758.933,0.40811299
18761.489,0.41005923
18764.046,0.40468524
18766.603,0.40401716
18769.16,0.40230335
18771.717,0.39431506
18774.274,0.39364705
18776.832,0.38409019
18779.389,0.38237648
18781.947,0.38380005
18784.505,0.37738052
18787.064,0.37514401
18789.622,0.3823193
18792.181,0.37485409
18794.739,0.37000328
18797.298,0.36828976
18799.857,0.36187038
18802.417,0.35492814
18804.976,0.36105783
18807.536,0.34940977
18810.096,0.3513565
18812.655,0.35853202
18815.216,0.3583873
18817.776,0.37340601
18820.336,0.3763986
18822.897,0.37363958
18825.458,0.37088058
18828.019,0.35714122
18830.58,0.36065679
18833.142,0.35423774
18835.703,0.34677297
18838.265,0.34715136
18840.827,0.34543827
18843.389,0.34267946
18845.951,0.34305792
18848.513,0.34657367
18851.076,0.33231167
18853.639,0.33530459
18856.202,0.31685963
18858.765,0.29998332
18861.328,0.30715933
18863.892,0.30335497
18866.455,0.3068709
18869.019,0.32084437
18871.583,0.3123342
18874.147,0.32526197
18876.711,0.32198062
18879.276,0.30615027
18881.841,0.32273824
18884.405,0.31736546
18886.97,0.31094696
18889.536,0.31760037
18892.101,0.32425381
18894.667,0.31783538
18897.232,0.31978299
18899.798,0.31597899
18902.364,0.32367828
18904.93,0.32405734
18907.497,0.31084165
18910.063,0.3169724
18912.63,0.3115999
18915.197,0.31563919
18917.764,0.3285674
18920.332,0.31587472
18922.899,0.30631931
18925.467,0.30983583
18928.035,0.31178375
18930.602,0.29386241
18933.171,0.30940515
18935.739,0.30403289
18938.307,0.30232078
18940.876,0.29642568
18943.445,0.28739336
18946.014,0.29770747
18948.583,0.28815233
18951.153,0.28905473
18953.722,0.28368264
18956.292,0.27621908
18958.862,0.28130456
18961.432,0.28168418
18964.002,0.28049521
18966.573,0.27669187
18969.143,0.28125458
18971.714,0.2774513
18974.285,0.28201406
18976.856,0.28814548
18979.427,0.28643378
18981.999,0.27687897
18984.57,0.26523268
18987.142,0.27240995
18989.714,0.26546959
18992.286,0.25852926
18994.859,0.26570661
18997.431,0.2509232
19000.004,0.25862347
19002.577,0.25063749
19005.15,0.24056004
19007.723,0.24826039
19010.296,0.23870586
19012.87,0.23490299
19015.444,0.22691714
19018.018,0.22625158
19020.592,0.24022657
19023.166,0.23956106
19025.74,0.24098708
19028.315,0.23300136
19030.89,0.23651893
19033.465,0.23480777
19036.04,0.2362339
19038.615,0.2235424
19041.191,0.23385746
19043.766,0.23580654
19046.342,0.232004
19048.918,0.23813614
19051.494,0.24113104
19054.071,0.24517172
19056.647,0.23457191
19059.224,0.23756689
19061.801,0.23951614
19064.378,0.23414516
19066.955,0.24027748
19069.532,0.24327256
19072.11,0.24365329
19074.688,0.24455692
19077.266,0.26376123
19079.844,0.25368453
19082.422,0.24726797
19085,0.24974034
19087.579,0.24541534
19090.158,0.24161324
19092.737,0.25402033
19095.316,0.2455124
19097.895,0.24327901
19100.475,0.23790839
19103.054,0.22312603
19105.634,0.23448749
19108.214,0.22022805
19110.794,0.22636081
19113.375,0.21837593
19115.955,0.20463946
19118.536,0.2039749
19121.117,0.20017311
19123.698,0.19793998
19126.279,0.1821121
19128.86,0.1845849
19131.442,0.17294008
19134.024,0.18587045
19136.606,0.19304921
19139.188,0.18401884
19141.77,0.19538066
19144.352,0.18478172
19146.935,0.18986908
19149.518,0.17979306
19152.101,0.17912884
19154.684,0.18630778
19157.267,0.16995733
19159.851,0.18550234
19162.434,0.17908658
19165.018,0.18417412
19167.602,0.18403293
19170.186,0.16768261
19172.771,0.1732931
19175.355,0.16269447
19177.94,0.17039652
19180.525,0.1671182
19183.11,0.16540853
19185.695,0.1678819
19188.281,0.16303503
19190.866,0.16550845
19193.452,0.15961588
19196.038,0.17672987
19198.624,0.17972624
19201.21,0.18272264
19203.797,0.1804903
19206.383,0.18348675
19208.97,0.17497996
19211.557,0.1769307
19214.144,0.18411024
19216.732,0.18083228
19219.319,0.19951513
19221.907,0.18787121
19224.495,0.19034496
19227.083,0.19647887
19229.671,0.18483502
19232.259,0.19881212
19234.848,0.18507683
19237.436,0.18075332
19240.025,0.18008997
19242.614,0.17942665
19245.204,0.18294636
19247.793,0.19274061
19250.383,0.18998586
19252.972,0.18200238
19255.562,0.18081631
19258.152,0.16864987
19260.743,0.1664181
19263.333,0.17359812
19265.924,0.16143176
19268.514,0.17279484
19271.105,0.15435402
19273.697,0.15473676
19276.288,0.1535509
19278.879,0.15497944
19281.471,0.16111389
19284.063,0.15313071
19286.655,0.15508221
19289.247,0.14396183
19291.84,0.143299
19294.432,0.14577344
19297.025,0.14615641
19299.618,0.15856555
19302.211,0.15476557
19304.804,0.15724012
19307.397,0.15710031
19309.991,0.15591478
19312.585,0.16466392
19315.179,0.16034119
19317.773,0.15863286
19320.367,0.15221867
19322.962,0.14737314
19325.556,0.15037077
19328.151,0.15284555
19330.746,0.15270598
19333.341,0.14786055
19335.936,0.14615241
19338.532,0.14130703
19341.128,0.12966429
19343.724,0.13945949
19346.32,0.13304556
19348.916,0.1365663
19351.512,0.13433543
19354.109,0.12844446
19356.705,0.12569076
19359.302,0.13653187
19361.899,0.13796123
19364.497,0.13207036
19367.094,0.12983964
19369.692,0.12290307
19372.289,0.12433254
19374.887,0.11112151
19377.485,0.11725691
19380.084,0.12600672
19382.682,0.11436439
19385.281,0.12677438
19387.88,0.128204
19390.479,0.12335914
19393.078,0.12374306
19395.677,0.12098975
19398.277,0.11719072
19400.876,0.11234596
19403.476,0.11377573
19406.076,0.11468266
19408.677,0.12290987
19411.277,0.1227711
19413.877,0.13413562
19416.478,0.12615376
19419.079,0.11974055
19421.68,0.13685678
19424.281,0.12782924
19426.883,0.13082788
19429.484,0.1390553
19432.086,0.13996248
19434.688,0.14139257
19437.29,0.13497954
19439.893,0.13850118
19442.495,0.13783984
19445.098,0.13299551
19447.701,0.12187671
19450.304,0.11964682
19452.907,0.11689407
19455.51,0.12041587
19458.114,0.11975468
19460.717,0.10602162
19463.321,0.10692912
19465.925,0.10051637
19468.529,0.099332412
19471.134,0.10285436
19473.738,0.098010321
19476.343,0.10362382
19478.948,0.096165457
19481.553,0.089752867
19484.158,0.099026578
19486.764,0.093136916
19489.369,0.10241068
19491.975,0.091292309
19494.581,0.097428868
19497.187,0.096245191
19499.794,0.092970036
19502.4,0.099106672
19505.007,0.095308693
19507.614,0.10301401
19510.221,0.10183046
19512.828,0.10535282
19515.435,0.10416932
19518.043,0.1040316
19520.65,0.1127828
19523.258,0.1068935
19525.866,0.11773625
19528.474,0.11341562
19531.083,0.12634993
19533.691,0.11732347
19536.3,0.11980031
19538.909,0.12280005
19541.518,0.11481943
19544.127,0.11886497
19546.737,0.10983865
19549.346,0.096106466
19551.956,0.10381222
19554.566,0.10158336
19557.176,0.11556367
19559.787,0.11647211
19562.397,0.10640019
19565.008,0.11306032
19567.619,0.1061257
19570.23,0.099191113
19572.841,0.11160295
19575.452,0.10309979
19578.064,0.10453129
19580.675,0.11432882
19583.287,0.10373423
19585.899,0.11039457
19588.512,0.11130329
19591.124,0.10593754
19593.737,0.1115522
19596.349,0.094160348
19598.962,0.098729308
19601.575,0.11114143
19604.189,0.10054704
19606.802,0.10720759
19609.416,0.10916227
19612.029,0.087587568
19614.643,0.09372531
19617.258,0.09463432
19619.872,0.086654467
19622.486,0.092792286
19625.101,0.086903988
19627.716,0.091473231
19630.331,0.088199363
19632.946,0.079696763
19635.561,0.087403338
19638.177,0.080469417
19640.793,0.067783887
19643.409,0.07549054
19646.025,0.064373689
19648.641,0.059008497
19651.257,0.076649868
19653.874,0.072853356
19656.491,0.070102621
19659.108,0.068397663
19661.725,0.065124104
19664.342,0.055053185
19666.959,0.057008435
19669.577,0.061055214
19672.195,0.060919013
19674.813,0.064442968
19677.431,0.0690127
19680.049,0.070445203
19682.668,0.07344636
19685.286,0.067035777
19687.905,0.072651364
19690.524,0.064149329
19693.144,0.058784575
19695.763,0.064923115
19698.382,0.058512661
19701.002,0.060468246
19703.622,0.06451536
19706.242,0.055490604
19708.862,0.05326326
19711.483,0.051035941
19714.103,0.045148517
19716.724,0.04292125
19719.345,0.046445642
19721.966,0.034806661
19724.587,0.044082739
19727.209,0.041332699
19729.831,0.035968305
19732.452,0.044198709
19735.074,0.040402994
19737.697,0.047064821
19740.319,0.047452165
19742.941,0.049408161
19745.564,0.057638693
19748.187,0.051751604
19750.81,0.047956043
19753.433,0.047297764
19756.057,0.046116634
19758.68,0.043889778
19761.304,0.050551837
19763.928,0.041527647
19766.552,0.040869496
19769.176,0.041257123
19771.8,0.033801637
19774.425,0.034189315
19777.05,0.03196264
19779.675,0.034964748
19782.3,0.041104137
19784.925,0.039400414
19787.551,0.031422208
19790.176,0.023444027
19792.802,0.029583519
19795.428,0.024219768
19798.054,0.029836436
19800.681,0.028655743
19803.307,0.031658083
19805.934,0.036751952
19808.561,0.036094213
19811.188,0.038050878
19813.815,0.03739319
19816.442,0.037258404
19819.07,0.034509264
19821.698,0.017119627
19824.325,0.014370539
19826.954,0.026261999
19829.582,0.032401851
19832.21,0.02965284
19834.839,0.018537842
19837.468,0.011083
19840.097,0.0099026934
19842.726,0.0055851578
19845.355,0.0023133995
19847.984,0.0032246735
19850.614,-4.7033267e-005
19853.244,0.0019100438
19855.874,-0.00031585987
19858.504,0.00059551706
19861.134,0.003598423
19863.765,0.0060784788
19866.396,0.011695815
19869.026,0.0058099095
19871.658,0.004107036
19874.289,0.012861705
19876.92,0.006975876
19879.552,0.0084103346
19882.183,0.0093219431
19884.815,0.0065734466
19887.447,0.0080079823
19890.08,0.0036909098
19892.712,0.0040797454
19895.345,0.0023771035
19897.978,-0.0024627676
19900.61,0.0021091517
19903.244,-0.0042992954
19905.877,-0.020119482
19908.51,-0.0045670929
19911.144,-0.0073153321
19913.778,-0.010063546
19916.412,0.0054889203
19919.046,-0.0035337515
19921.68,0.0073128835
19924.315,0.0029961454
19926.95,-0.0028891943
19929.584,0.014232028
19932.22,0.0067781119
19934.855,0.012918993
19937.49,0.011739639
19940.126,0.0011485453
19942.761,0.0099038828
19945.397,0.0087246055
19948.033,0.012251236
19950.67,0.0037517491
19953.306,0.00048104575
19955.943,0.0081907603
19958.58,0.0028286051
19961.217,-0.0020106485
19963.854,-5.2490755e-005
19966.491,0.0050429476
19969.128,0.0012495228
19971.766,-0.013001393
19974.404,-0.017840518
19977.042,-0.019019486
19979.68,-0.018629801
19982.319,-0.018240091
19984.957,-0.017850355
19987.596,-0.017460593
19990.235,-0.017070805
19992.874,-0.016680992
19995.513,-0.016291153
