M/Z,Intensity
-7.8602611e-005,-0.37396078
2.1773576e-007,-0.31905882
9.6021472e-005,-0.272
0.00036601382,0.033882353
0.00081019477,0.19858824
0.0014285643,0.36329412
0.0022211225,-1.9425882
0.0031878693,-2.4523922
0.0043288047,-3.244549
0.0056439287,-3.7857255
0.0071332413,-3.6210196
0.0087967426,-3.8798431
0.010634432,-3.6602353
0.012646311,-3.8142161
0.014832378,-3.6777514
0.017192634,-0.41162534
0.019727078,4.3606326
0.022435711,9.2586302
0.025318532,5.9764852
0.028375542,3.5573347
0.031606741,7.8207868
0.035012128,2.3668413
0.038591704,-3.6986194
0.042345469,-3.0030463
0.046273422,4.5163058
0.050375564,2.1143388
0.054651894,-0.32659444
0.059102413,0.42487872
0.063727121,0.36091513
0.068526017,-2.6361323
0.073499102,-0.27606743
0.078646375,7.3391489
0.083967837,8.9624579
0.089463488,3.3389575
0.095133327,-2.5980188
0.10097736,-3.6327848
0.10699557,-3.6555365
0.11318798,-3.6074506
0.11955457,-2.4140171
0.12609535,-0.62425558
0.13281032,-0.70091126
0.13969948,-1.0439841
0.14676283,0.4877024
0.15400037,1.6902266
0.16141209,3.1361376
0.16899801,2.1195531
0.17675811,1.3541984
0.1846924,2.3381129
0.19280088,2.0360023
0.20108355,-0.33644692
0.20954041,-2.387078
0.21817145,-1.7394204
0.22697669,0.50064359
0.23595611,1.7605649
0.24510972,1.5932848
0.25443752,1.0811562
0.26393951,1.5261398
0.27361569,0.65372593
0.28346605,-1.7007914
0.29349061,-1.5609416
0.30368935,-1.6169207
0.31406228,-2.8255914
0.3246094,-3.0144048
0.33533071,-1.3676746
0.34622621,-0.14422424
0.3572959,0.85986778
0.36853977,1.7073466
0.37995783,1.8256631
0.39155009,1.4579546
0.40331653,1.5610839
0.41525716,2.2683843
0.42737197,2.105346
0.43966098,1.989616
0.45212418,2.1251159
0.46476156,1.7510614
0.47757313,0.52235444
0.49055889,0.21154407
0.50371884,-0.46764423
0.51705298,-1.319132
0.53056131,-1.0566448
0.54424382,-0.74684931
0.55810053,-0.56229445
0.57213142,-0.26768616
0.5863365,-0.4042009
0.60071577,0.079141717
0.61526923,0.39802797
0.62999688,0.60735981
0.64489871,1.1228235
0.65997473,1.0509674
0.67522495,1.1594888
0.69064935,0.7032897
0.70624794,0.23923279
0.72202072,-0.17777995
0.73796769,-0.16343478
0.75408884,-0.40008466
0.77038419,-0.3857688
0.78685372,-0.62244798
0.80349744,-0.0042398427
0.82031535,-0.51545812
0.83730745,-0.69727929
0.85447374,0.062061373
0.87181421,-0.75508321
0.88932888,-0.58400714
0.90701773,-0.18549474
0.92488077,-0.030134248
0.942918,-0.3375335
0.96112942,0.076621224
0.97951503,0.46723189
0.99807483,0.54410241
1.0168088,0.80919358
1.035717,1.6468191
1.0547993,1.5354104
1.0740559,1.4632027
1.0934866,1.8301961
1.1130916,1.6246258
1.1328707,1.0347271
1.152824,1.1977549
1.1729515,1.2588074
1.1932532,0.97474707
1.213729,1.0671427
1.2343791,0.99481786
1.2552033,0.93816462
1.2762018,0.92855555
1.2973744,1.099324
1.3187212,1.2857641
1.3402422,0.931013
1.3619374,1.0233061
1.3838068,0.65283949
1.4058504,0.63529939
1.4280681,1.0334309
1.4504601,1.0472341
1.4730262,1.0610226
1.4957665,1.0042082
1.518681,0.94737915
1.5417697,0.69445703
1.5650326,0.53563792
1.5884697,0.4709218
1.612081,0.20226947
1.6358664,0.027720134
1.6598261,0.1590385
1.6839599,0.13347948
1.7082679,0.11574894
1.7327501,0.2548665
1.7574065,0.27632235
1.7822371,0.35266551
1.8072419,0.5701705
1.8324209,0.47393534
1.857774,0.53454828
1.8833013,0.4539701
1.9090029,0.357691
1.9348786,0.26139725
1.9609285,0.11803003
1.9871526,0.10798149
2.0135509,0.07438889
2.0401234,0.20548752
2.06687,0.085591116
2.0937909,0.3107781
2.1208859,0.34771514
2.1481551,0.36895126
2.1755985,0.39801586
2.2032161,0.24667366
2.2310079,0.33061093
2.2589739,0.3204159
2.2871141,0.16118661
2.3154285,0.45684464
2.343917,0.3917037
2.3725797,0.43635204
2.4014167,0.52020141
2.4304278,0.47854594
2.4596131,0.40550327
2.4889726,0.41872046
2.5185062,0.49466811
2.5482141,0.24118933
2.5780962,0.33279395
2.6081524,0.32242313
2.6383828,0.21007688
2.6687875,0.17614736
2.6993663,0.23632083
2.7301193,0.10040122
2.7610465,0.089957162
2.7921478,0.18145924
2.8234234,0.069025093
2.8548732,0.22324297
2.8864971,-0.046083218
2.9182952,0.24928183
2.9502676,-0.19262267
2.9824141,0.25173268
3.0147348,0.27254398
3.0472296,0.34824259
3.0798987,0.22000498
3.112742,0.22508605
3.1457594,0.51250542
3.1789511,0.20383171
3.2123169,0.35788844
3.2458569,0.77075406
3.2795711,0.17184032
3.3134595,0.41997076
3.3475221,0.61318458
3.3817589,0.43775631
3.4161698,0.56819574
3.450755,0.47116954
3.4855143,0.91530516
3.5204478,0.42609281
3.5555556,0.68980697
3.5908375,0.84370257
3.6262936,0.44856391
3.6619238,0.80635178
3.6977283,0.61510539
3.733707,0.67482474
3.7698598,0.6404118
3.8061868,0.55108225
3.8426881,0.73624786
3.8793635,0.56845763
3.9162131,0.64379002
3.9532369,0.8132254
3.9904348,0.54343045
4.027807,0.5167581
4.0653534,0.53712993
4.1030739,0.40062436
4.1409686,0.41312375
4.1790376,0.37070654
4.2172807,0.35964722
4.255698,0.24661247
4.2942895,0.28258268
4.3330551,0.27147941
4.371995,0.095655617
4.411109,0.23354266
4.4503973,0.14396408
4.4898597,-0.031903664
4.5294963,0.13731198
4.5693071,0.11827769
4.6092921,-0.026261451
4.6494513,-0.076697594
4.6897847,-0.087932699
4.7302923,-0.028594217
4.770974,-0.14966254
4.8118299,-0.051137672
4.8528601,0.063058824
4.8940644,-0.095554655
4.9354429,0.04386368
4.9769956,-0.067705778
5.0187225,-0.085164989
5.0606235,-0.047729641
5.1026988,0.075972815
5.1449482,-0.012096835
5.1873719,-0.029585651
5.2299697,0.0078200921
5.2727417,-0.072428624
5.3156879,0.10613879
5.3588083,-0.036869829
5.4021029,0.047565133
5.4455717,0.084933871
5.4892146,-0.018881263
5.5330318,0.018472673
5.5770231,0.079348619
5.6211886,0.1480603
5.6655283,0.1148038
5.7100422,0.27761833
5.7547303,0.056111727
5.7995926,0.20322518
5.8446291,0.26405672
5.8898397,0.11311615
5.9352245,0.39354073
5.9807836,0.20336967
6.0265168,0.20142651
6.0724242,0.37202497
6.1185058,0.11908661
6.1647616,0.21908203
6.2111916,0.26416808
6.2577957,0.14454086
6.3045741,0.40921995
6.3515266,0.39153871
6.3986533,0.083653984
6.4459543,0.5208599
6.4934294,0.071783899
6.5410787,0.22662207
6.5889021,0.20890382
6.6368998,0.48137424
6.6850717,-0.014790181
6.7334177,0.49295956
6.781938,0.13011367
6.8306324,0.10451527
6.879501,0.32988987
6.9285438,0.33564922
6.9777608,0.16885216
7.027152,0.26087122
7.0767174,0.25092209
7.1264569,0.24096557
7.1763707,0.12119772
7.2264586,0.3229911
7.2767207,0.41497315
7.327157,-0.12050318
7.3777675,0.31656212
7.4285522,0.27518864
7.4795111,-0.001486365
7.5306442,0.31790967
7.5819514,0.26082771
7.6334329,0.039032463
7.6850885,0.14664158
7.7369183,0.081694284
7.7889223,0.095170955
7.8411005,0.16354219
7.8934529,0.17700406
7.9459795,0.21398794
7.9986802,0.12547422
8.0515552,0.044796237
8.1046043,0.03469909
8.1578277,0.12655533
8.2112252,-0.032576231
8.2647969,0.098480889
8.3185428,0.056981589
8.3724629,-0.070799623
8.4265572,0.12298039
8.4808256,-0.19871547
8.5352683,0.091352964
8.5898851,-0.11269666
8.6446761,-0.16772708
8.6996413,0.06743817
8.7547808,-0.16798522
8.8100943,0.027963521
8.8655821,-0.042754809
8.9212441,-0.11347355
8.9770803,-0.097918183
9.0330906,-0.19216715
9.0892751,-0.082494956
9.1456339,-0.12184278
9.2021668,-0.020014538
9.2588739,-0.15348082
9.3157552,-0.059496539
9.3728107,-0.036100897
9.4300403,-0.13819586
9.4874442,0.065591123
9.5450222,-0.0051321076
9.6027745,0.010418764
9.6607009,-0.028932734
9.7188015,0.080734967
9.7770763,-0.0056761713
9.8355253,0.049088753
9.8941485,0.11953954
9.9529458,-0.045304193
10.011917,0.0016163679
10.071063,-0.0063654398
10.130383,0.017024893
10.189877,0.056101092
10.249545,0.087333745
10.309388,0.11072285
10.369405,0.11058214
10.429596,0.079068471
10.489961,0.22010341
10.5505,0.016039906
10.611213,0.14923089
10.672101,0.11771559
10.733163,0.14110184
10.794399,0.2115465
10.855809,0.054539778
10.917393,0.19557186
10.979152,0.17974079
11.041085,0.22665441
11.103192,0.085332325
11.165473,0.28126473
11.227928,0.2811183
11.290558,-0.0013814753
11.353361,0.35141245
11.416339,0.13165696
11.479491,0.16288144
11.542818,0.16273297
11.606318,0.33513311
11.669993,0.099689702
11.733841,0.11522628
11.797864,0.42880166
11.862062,-0.057623359
11.926433,-0.018558595
11.990979,0.29501556
12.055698,0.090942256
12.120592,-0.019013813
12.185661,0.15338265
12.250903,0.26303361
12.316319,-0.011629568
12.38191,-0.027469624
12.447675,0.49002325
12.513614,-0.14542547
12.579727,-0.067149104
12.646015,0.41896999
12.712477,-0.26353877
12.779112,0.073559897
12.845923,0.10477581
12.912907,0.057559935
12.980065,-0.09161713
13.047398,-0.11530441
13.114905,0.24532163
13.182586,-0.13130764
13.250441,-0.053035354
13.31847,0.18209926
13.386674,-0.24943319
13.455051,0.15040649
13.523603,-0.179166
13.592329,-0.030307519
13.66123,0.19698192
13.730304,-0.26592513
13.799553,0.24371644
13.868976,-0.1721326
13.938573,-0.17229578
14.008344,0.14126613
14.07829,-0.2039959
14.148409,0.054663231
14.218703,-0.11020746
14.289171,-0.016255029
14.359813,0.022795033
14.43063,-0.12639061
14.50162,0.077364519
14.572785,-0.063978801
14.644124,0.022128451
14.715637,0.09254902
14.787324,0.011387619
14.859186,0.055709782
14.931221,0.060809624
15.003431,-0.0046854019
15.075815,0.0082443109
15.148374,-0.033734571
15.221106,-0.044347537
15.294013,0.07052306
15.367094,-0.081279644
15.440349,0.04926396
15.513778,0.10136956
15.587381,0.059350875
15.661159,0.0094824218
15.735111,-0.0090201161
15.809237,0.12149032
15.883537,-0.030358818
15.958011,0.084452077
16.03266,0.05023673
16.107482,0.023857887
16.182479,0.16217829
16.25765,0.025982262
16.332996,0.21919136
16.408515,-0.058194408
16.484209,0.22911907
16.560077,0.069367095
16.636119,0.050784954
16.712335,0.11062755
16.788725,0.013600773
16.86529,-0.012844405
16.942029,-0.0079236677
17.018942,0.051892397
17.096029,-0.0059452308
17.17329,0.093073253
17.250726,-0.035365877
17.328335,0.00089424176
17.406119,0.22538302
17.484077,-0.11484072
17.56221,0.086105385
17.640516,0.043907597
17.718997,-0.13947329
17.797652,0.29674702
17.876481,-0.1533138
17.955484,-0.015145968
18.034662,0.31909366
18.114013,-0.24863412
18.193539,0.2659844
18.273239,-0.058619395
18.353113,0.071672135
18.433162,0.029408012
18.513384,-0.067764706
18.593781,0.23398263
18.674352,0.018073952
18.755097,0.092352392
18.836016,0.064661088
18.91711,-0.25323525
18.998377,0.15042807
19.079819,-0.24591756
19.161435,0.040080794
19.243226,-0.034714128
19.32519,-0.27422389
19.407329,-0.019624967
19.489642,-0.2905252
19.572129,-0.17712066
19.65479,-0.055881946
19.737625,-0.23269141
19.820635,-0.16637257
19.903819,-0.20202348
19.987177,-0.17493825
20.070709,-0.11648942
20.154415,-0.26197113
20.238296,0.094498988
20.32235,0.19213662
20.406579,0.20349078
20.490982,0.0030712786
20.57556,3.4418585
20.660311,11.26495
20.745237,6.4135237
20.830337,2.0091468
20.915611,0.24005507
21.001059,0.2905622
21.086681,0.56851136
21.172478,0.085667244
21.258449,0.27732397
21.344594,0.21014821
21.430913,0.16649291
21.517406,0.16204433
21.604074,0.079155418
21.690915,0.12174774
21.777931,0.32903699
21.865121,0.21474866
21.952486,0.28084352
22.040024,0.088105892
22.127737,-0.16738579
22.215624,0.18887827
22.303685,0.035329453
22.39192,-0.086855774
22.480329,0.081146118
22.568913,-0.10380213
22.657671,0.017123024
22.746603,0.090980392
22.835709,-0.11539798
22.924989,-0.14154231
23.014444,-0.24627614
23.104073,-0.39822692
23.193876,-0.42484562
23.283853,-0.49083814
23.374004,-0.61973388
23.46433,-0.85074852
23.554829,-0.87799972
23.645503,-0.84266395
23.736351,-1.1133687
23.827373,-0.9685452
23.91857,-1.231723
24.009941,-1.1342746
24.101485,-1.186004
24.193204,-1.4731856
24.285098,-1.344839
24.377165,-1.7735133
24.469407,-1.5984242
24.561822,-1.7764344
24.654412,-2.0408772
24.747176,-1.897635
24.840115,-2.0212176
24.933227,-2.1606445
25.026514,-2.1747394
25.119975,-2.2987964
25.21361,-2.2504624
25.307419,-2.0846396
25.401403,-0.98564147
25.49556,1.2739828
25.589892,12.756978
25.684398,25.047659
25.779078,8.2087697
25.873933,16.522663
25.968961,88.852085
26.064164,89.244094
26.159541,89.1732
26.255092,88.960971
26.350818,80.136819
26.446717,65.249764
26.542791,47.005688
26.639039,48.330082
26.735461,59.183729
26.832057,62.774473
26.928828,60.145451
27.025772,61.186859
27.122891,58.424187
27.220184,55.653514
27.317652,52.435624
27.415293,45.986204
27.513109,41.630743
27.611098,36.004535
27.709262,30.150719
27.807601,27.073215
27.906113,23.595553
28.0048,20.007928
28.10366,17.894656
28.202695,16.236127
28.301904,14.812735
28.401288,13.640164
28.500845,13.236063
28.600577,11.827882
28.700483,10.388171
28.800563,10.171831
28.900817,9.6102343
29.001246,8.9073034
29.101848,7.4591163
29.202625,7.7441045
29.303576,7.887758
29.404701,6.1567436
29.506001,6.3941985
29.607474,5.7295346
29.709122,5.150987
29.810944,5.2311048
29.91294,4.0326331
30.01511,3.8614543
30.117455,3.5332546
30.219974,3.6990144
30.322666,3.3077534
30.425534,2.4222166
30.528575,2.297306
30.63179,2.1408647
30.73518,1.7803437
30.838744,1.7647626
30.942482,1.7647097
31.046394,1.9056752
31.15048,1.505306
31.254741,0.95575911
31.359176,1.0178188
31.463785,0.97775958
31.568568,1.2512677
31.673525,1.0148138
31.778657,1.0056528
31.883963,0.66692186
31.989442,0.67313085
32.095097,1.3929072
32.200925,0.87330974
32.306927,0.18100514
32.413104,-0.0094967991
32.519455,0.21552941
32.62598,0.069216198
32.732679,-0.60251866
32.839553,-0.70163595
32.9466,-0.4869592
33.053822,-0.79770409
33.161218,-0.43387063
33.268788,-0.52487058
33.376532,-1.133449
33.484451,-0.27529228
33.592544,0.89665852
33.700811,1.9588739
33.809252,2.5897854
33.917867,4.3501771
34.026657,6.8400492
34.13562,8.6084212
34.244758,8.565097
34.35407,7.3139982
34.463556,5.3963014
34.573217,5.1806338
34.683052,3.8356231
34.79306,2.8357789
34.903243,1.2007092
35.013601,0.083355058
35.124132,1.0366577
35.234838,0.24100933
35.345717,0.37876282
35.456771,1.5048202
35.567999,2.0034951
35.679402,3.2002777
35.790978,2.8990897
35.902729,3.264637
36.014654,2.6420174
36.126753,1.0861331
36.239026,1.5773762
36.351474,-0.080331771
36.464095,0.55222487
36.576891,0.87112458
36.689861,0.39793597
36.803005,0.49736493
36.916324,0.58117617
37.029816,0.83760498
37.143483,0.49018076
37.257324,-0.029723915
37.371339,0.79945956
37.485529,-0.057562916
37.599892,-0.036085473
37.71443,0.31487229
37.829142,-0.3850818
37.944028,-0.28496733
38.059088,-0.27105882
38.174323,-0.26896779
38.289731,-0.35310068
38.405314,-0.64110455
38.521071,-0.25454804
38.637002,-0.46401938
38.753108,-0.24991072
38.869387,-0.23967304
38.985841,-0.36271812
39.102469,-0.14061457
39.219271,-0.34198985
39.336248,-0.12762827
39.453398,-0.29752984
39.570723,0.0032074199
39.688222,-0.19012239
39.805895,-0.26575455
39.923742,-0.18447339
40.041764,-0.38549459
40.15996,-0.045288728
40.278329,-0.19914993
40.396873,-0.26668604
40.515592,-0.2557402
40.634484,-0.24474377
40.753551,0.017283636
40.872792,-0.065736415
40.992207,0.070901961
41.111796,-0.63107279
41.231559,-0.45493034
41.351497,-0.74184718
41.471608,-1.2408429
41.591894,-1.1911332
41.712355,-1.4005612
41.832989,-1.531872
41.953797,-1.7497715
42.07478,-1.9209263
42.195937,-2.068866
42.317268,-2.4837864
42.438773,-2.1774525
42.560453,-0.24790325
42.682306,7.7676063
42.804334,17.916135
42.926536,3.978075
43.048912,8.2044067
43.171463,82.093169
43.294187,82.554167
43.417086,82.324654
43.540159,80.816396
43.663406,60.876451
43.786828,36.340113
43.910423,10.783853
44.034193,1.9645342
44.158137,8.4782343
44.282255,8.6935811
44.406547,5.3243
44.531014,7.4684301
44.655654,6.6553834
44.780469,7.7479048
44.905458,7.8910925
45.030621,5.4927894
45.155959,4.2314271
45.28147,10.507006
45.407156,37.205799
45.533016,22.1082
45.65905,1.7161695
45.785259,-1.4134304
45.911641,0.61743991
46.038198,-0.72455302
46.164929,-2.9531346
46.291834,-2.2094814
46.418913,-1.6543777
46.546167,-2.6839018
46.673595,-2.4039362
46.801196,-2.3125201
46.928972,-1.4371045
47.056923,-0.24827749
47.185047,2.0304314
47.313346,3.1316235
47.441819,2.436848
47.570466,4.6206146
47.699287,9.5809625
47.828282,4.1571075
47.957452,-0.82742104
48.086795,-0.89419177
48.216313,-0.44320467
48.346006,-1.8274009
48.475872,-2.2859962
48.605912,4.0163036
48.736127,16.342244
48.866516,10.754569
48.997079,10.40622
49.127816,20.803081
49.258728,32.502013
49.389813,35.801056
49.521073,34.072758
49.652507,43.76418
49.784115,69.941986
49.915898,51.570884
50.047854,21.890088
50.179985,17.134894
50.31229,17.234712
50.444769,13.554249
50.577423,11.568014
50.71025,9.7073799
50.843252,12.215484
50.976428,10.55115
51.109778,7.6790841
51.243302,6.4149717
51.377001,5.2450878
51.510873,4.5929617
51.64492,2.8193777
51.779141,2.6380613
51.913536,2.8568557
52.048106,2.1894864
52.182849,1.5928161
52.317767,0.80017807
52.452859,1.1292195
52.588125,0.67405789
52.723566,0.71312474
52.85918,-0.14965843
52.994969,-0.14174261
53.130932,0.062362417
53.267069,-0.14126493
53.40338,-0.56438936
53.539866,-0.58740302
53.676525,-0.60246277
53.813359,-0.84486275
53.950367,-0.6530142
54.08755,-1.1983661
54.224906,-1.2573891
54.362437,-1.0967497
54.500141,-0.98311474
54.63802,-1.0498175
54.776074,-0.86548535
54.914301,-0.57129487
55.052703,-0.76332444
55.191278,-0.52392701
55.330028,1.2763092
55.468952,2.3471881
55.608051,2.5475332
55.747323,1.0459719
55.88677,0.56407299
56.026391,0.097914776
56.166186,-0.83093408
56.306155,-0.92051281
56.446298,-0.96297825
56.586616,-1.0210755
56.727108,-0.69480462
56.867774,-0.59593024
57.008614,-0.33229552
57.149629,-0.53135146
57.290817,-0.69898039
57.43218,-0.61069576
57.573717,-0.55381019
57.715428,-0.034206045
57.857313,0.59517551
57.999373,1.2323737
58.141607,-0.036337012
58.284014,-0.36389775
58.426597,-0.61305364
58.569353,-0.47007917
58.712283,-0.48399397
58.855388,-0.71754313
58.998667,-0.72366783
59.14212,0.0074358661
59.285747,-0.56344774
59.429548,-0.49906375
59.573524,-0.85823569
59.717674,-0.37037532
59.861998,-0.53352185
60.006496,-0.62610667
60.151168,-0.64028663
60.296015,-1.0152774
60.441036,1.1430386
60.58623,2.5797595
60.7316,-0.4149187
60.877143,-2.1547214
61.02286,-1.9023938
61.168752,-1.1246025
61.314818,-1.3429162
61.461058,-1.482825
61.607472,0.50272986
61.754061,-0.39017315
61.900823,-0.78898503
62.04776,2.380804
62.194871,2.8760568
62.342156,3.2693222
62.489616,7.5527572
62.637249,31.506754
62.785057,23.664646
62.933039,3.940158
63.081195,-0.027493504
63.229525,2.4832599
63.37803,0.95477108
63.526708,0.90860869
63.675561,5.215361
63.824588,5.992675
63.97379,3.4758448
64.123165,6.3315371
64.272715,11.877399
64.422439,15.368332
64.572337,17.416102
64.722409,21.903061
64.872655,21.095876
65.023076,13.394546
65.17367,10.563778
65.324439,9.8035722
65.475383,6.5178494
65.6265,6.424257
65.777791,19.381618
65.929257,23.946796
66.080897,7.8452813
66.232711,0.50452402
66.384699,2.9990343
66.536862,2.403322
66.689198,0.70170079
66.841709,1.4314256
66.994394,2.2709279
67.147254,0.35746244
67.300287,-0.63053932
67.453495,-0.44209701
67.606876,-0.95172043
67.760432,-0.49666449
67.914162,2.0054238
68.068067,3.4251326
68.222145,-0.66106752
68.376398,-1.7825882
68.530825,-1.3587188
68.685426,-1.4917206
68.840201,-1.2717897
68.995151,-0.69108297
69.150274,-1.0280317
69.305572,-1.7179301
69.461044,-2.0548958
69.616691,-2.219321
69.772511,-2.1014016
69.928506,0.30670534
70.084674,5.6873529
70.241017,1.5464233
70.397535,-2.6337305
70.554226,-1.8413436
70.711092,-1.0411221
70.868131,-0.79777182
71.025345,-1.5348221
71.182733,-1.3307045
71.340296,-1.2677717
71.498032,-1.6283768
71.655943,-1.5733041
71.814028,-1.7064752
71.972287,-1.3063214
72.13072,-1.298333
72.289327,-0.30996078
72.448109,1.1446893
72.607065,3.4228814
72.766195,4.4853999
72.925499,3.6969506
73.084977,2.6183179
73.24463,3.8220507
73.404457,4.0375609
73.564458,0.61386799
73.724633,-1.249028
73.884982,-0.64132303
74.045506,-1.1316447
74.206203,-1.0494047
74.367075,-0.89656385
74.528121,-0.97900449
74.689342,-1.4222168
74.850736,-1.0654165
75.012305,-1.8066428
75.174048,-2.1400133
75.335965,3.5423151
75.498056,13.452107
75.660321,4.5697549
75.822761,-1.4341533
75.985375,-1.0458921
76.148163,-0.61055933
76.311125,2.7189037
76.474261,25.005242
76.637572,22.201397
76.801056,1.8681528
76.964715,-2.4572357
77.128548,1.6409179
77.292556,0.61751553
77.456737,8.464714
77.621093,27.402121
77.785623,11.821894
77.950327,-1.319105
78.115205,-0.81303249
78.280257,0.42246442
78.445484,2.1520916
78.610885,13.622908
78.77646,10.662364
78.942209,1.0743823
79.108132,-0.042998824
79.27423,2.0161033
79.440502,3.7379631
79.606947,18.032385
79.773568,25.777799
79.940362,8.4879321
80.10733,2.7510189
80.274473,5.6729419
80.44179,3.3870344
80.609281,13.407022
80.776946,69.52114
80.944786,65.423505
81.112799,9.7415698
81.280987,-4.5521177
81.449349,5.6169525
81.617885,3.1272118
81.786596,2.5433661
81.95548,4.5399252
82.124539,1.9953204
82.293772,-0.070840305
82.463179,0.019874317
82.63276,0.29883686
82.802516,0.28761596
82.972446,0.48032926
83.142549,-0.040670308
83.312828,-0.051853321
83.48328,-0.50223939
83.653906,-0.6310442
83.824707,-0.50101285
83.995682,-0.18273358
84.166831,-0.076206387
84.338154,-0.76182342
84.509651,-0.31017293
84.681323,-0.054588235
84.853169,-0.17555368
85.025189,-0.42991146
85.197383,-0.99805376
85.369751,-0.96233349
85.542294,-0.96588793
85.71501,-1.0949916
85.887901,-0.24376209
86.060966,0.45838879
86.234206,0.046755155
86.407619,0.63898408
86.581207,0.76840889
86.754969,-0.52183316
86.928905,3.2937481
87.103015,36.772016
87.277299,39.073753
87.451758,5.9793536
87.626391,-3.4837325
87.801198,2.5825341
87.976179,4.2252123
88.151334,24.887439
88.326664,33.95745
88.502168,11.035246
88.677845,4.3561192
88.853698,12.774973
89.029724,15.334944
89.205924,16.914464
89.382299,16.658631
89.558848,12.245876
89.735571,9.5585523
89.912468,7.0907774
90.08954,6.081767
90.266785,14.17858
90.444205,20.542001
90.621799,8.207323
90.799567,2.7588609
90.97751,2.0162221
91.155626,3.540191
91.333917,31.903317
91.512382,46.289912
91.691021,10.237234
91.869834,-3.9331511
92.048822,2.8454247
92.227984,2.5337454
92.407319,11.42985
92.586829,18.004327
92.766514,6.3748239
92.946372,1.3648693
93.126405,0.66073802
93.306612,6.654587
93.486993,53.189553
93.667548,60.29701
93.848277,16.157348
94.029181,-5.7784505
94.210259,5.0307896
94.391511,8.9301668
94.572937,28.821642
94.754537,19.026783
94.936312,2.2201012
95.11826,-0.21801252
95.300383,2.0889128
95.48268,2.7016614
95.665152,6.914351
95.847797,6.0760012
96.030617,5.2532786
96.213611,0.78343824
96.396779,3.0507938
96.580121,42.086718
96.763637,75.593171
96.947328,41.695643
97.131193,-2.256845
97.315232,3.3592351
97.499445,7.1321189
97.683832,4.8500417
97.868394,5.5639839
98.053129,4.5680632
98.238039,4.6858089
98.423123,2.9525153
98.608382,3.3524959
98.793814,5.5641823
98.979421,3.8228685
99.165202,2.1128682
99.351157,1.3753579
99.537286,1.2495533
99.723589,1.3746701
99.910067,1.5781592
100.09672,1.0678639
100.28354,1.4516271
100.47055,0.58827257
100.65772,0.8856433
100.84507,5.7476609
101.03259,12.115502
101.22029,3.926421
101.40816,-1.933307
101.5962,-1.2676039
101.78442,0.51960879
101.97282,4.2675468
102.16139,5.9056219
102.35013,3.0730497
102.53904,0.57767348
102.72813,0.9685127
102.9174,15.22596
103.10684,55.585308
103.29645,36.446559
103.48624,3.8567697
103.6762,1.2669216
103.86633,6.9123087
104.05664,6.0164604
104.24713,6.0617294
104.43779,0.80497871
104.62862,-2.4832036
104.81963,-2.579288
105.01081,-0.87935304
105.20216,9.0871896
105.39369,7.6262222
105.58539,-2.2112747
105.77727,-4.7076543
105.96932,-3.3844849
106.16155,-2.1005903
106.35395,-0.54224491
106.54652,-4.0819977
106.73927,-5.0335743
106.93219,-5.0440334
107.12529,-1.9878848
107.31856,7.538793
107.51201,3.481098
107.70563,-3.3026156
107.89942,-5.9765459
108.09339,-5.0112812
108.28753,4.4480806
108.48185,15.468206
108.67634,2.6608598
108.871,-5.8563109
109.06584,-5.2989924
109.26085,-1.5260083
109.45604,7.8469552
109.6514,3.9963686
109.84694,-2.7875719
110.04264,-5.56369
110.23853,-2.1515933
110.43459,25.785973
110.63082,41.245087
110.82722,4.437514
111.02381,-8.7936091
111.22056,-0.53455676
111.41749,-0.36964271
111.61459,1.5442703
111.81187,-1.1143863
112.00932,-3.2397302
112.20695,-4.0552908
112.40475,-0.52577403
112.60272,28.862546
112.80087,28.870453
112.99919,-1.2079356
113.19769,-8.5255602
113.39636,-1.4667348
113.5952,0.87050139
113.79422,2.6273248
113.99342,-2.7374411
114.19278,-5.2002668
114.39233,-3.3964465
114.59204,1.59951
114.79193,6.5091714
114.992,2.0148907
115.19223,-2.7539206
115.39265,-4.4560857
115.59323,19.465258
115.794,70.421875
115.99493,57.582393
116.19604,0.45269433
116.39732,-9.3358485
116.59878,3.8795096
116.80041,15.981122
117.00222,17.870948
117.2042,3.4234994
117.40635,-3.8318132
117.60868,-0.67930337
117.81119,15.273186
118.01386,41.609968
118.21672,14.205553
118.41974,-4.3753525
118.62294,-2.320985
118.82631,5.8902246
119.02986,21.897492
119.23358,6.6576801
119.43748,-4.0252898
119.64155,-4.3004372
119.8458,0.83615945
120.05022,14.749206
120.25481,6.1288988
120.45958,-3.9894684
120.66452,-5.4019738
120.86963,0.31491189
121.07492,13.945502
121.28039,7.1211704
121.48603,-2.9345548
121.69184,-4.4961829
121.89783,-3.0931259
122.10399,4.3099106
122.31032,4.2384166
122.51683,-2.915451
122.72351,-6.0497884
122.93037,-4.737124
123.1374,-0.96177158
123.34461,1.1350925
123.55199,-3.5053554
123.75954,-6.6556643
123.96727,-4.7942655
124.17518,2.3141352
124.38325,6.9989493
124.5915,-2.5280582
124.79993,-7.5217895
125.00853,-5.0645974
125.2173,9.0866553
125.42625,23.418243
125.63537,1.7889897
125.84467,-8.5383601
126.05414,-5.2108649
126.26378,-0.57362283
126.4736,4.5184642
126.6836,-1.7463686
126.89376,-3.4936114
127.10411,-2.5977739
127.31462,0.078398705
127.52531,5.2800045
127.73618,-0.81256445
127.94721,-4.7561708
128.15843,-3.0763048
128.36981,6.2427199
128.58137,17.600903
128.79311,4.9511865
129.00502,-2.3887835
129.2171,0.82020919
129.42936,10.287968
129.64179,24.587043
129.8544,12.807629
130.06718,0.10266828
130.28013,3.2329444
130.49326,52.159242
130.70656,67.987443
130.92004,49.227352
131.13369,5.4162236
131.34751,11.369744
131.56151,63.848698
131.77569,67.998182
131.99004,66.202512
132.20456,27.653843
132.41925,24.924726
132.63412,58.972022
132.84917,67.44279
133.06439,53.058599
133.27978,8.439057
133.49535,4.8312228
133.71109,14.172351
133.927,18.227148
134.14309,3.1132601
134.35936,-1.4359787
134.5758,0.9402156
134.79241,6.979098
135.00919,10.790472
135.22615,2.1547309
135.44329,-1.8300873
135.6606,-1.046335
135.87808,3.2040269
136.09574,3.2582534
136.31357,-2.5150282
136.53158,-3.7236609
136.74976,-1.9990173
136.96811,5.3255693
137.18664,5.2383342
137.40534,0.24123803
137.62422,-1.9088563
137.84327,-0.90606648
138.06249,5.0299996
138.28189,2.0875774
138.50147,-4.9803922
138.72121,-5.7723824
138.94114,0.46312198
139.16123,10.267297
139.3815,-0.28142457
139.60195,-7.2065735
139.82257,-5.3316789
140.04336,0.86482809
140.26433,9.594712
140.48547,0.57562002
140.70678,-6.5218597
140.92827,-4.0114527
141.14993,8.9068412
141.37177,6.8761591
141.59378,-4.6525186
141.81597,-6.432133
142.03833,-3.3881744
142.26087,-0.10887798
142.48358,0.88026601
142.70646,-3.1736836
142.92952,0.035155524
143.15275,39.44796
143.37615,66.688259
143.59973,44.132523
143.82349,-7.2702279
144.04741,-2.0533274
144.27152,10.912636
144.49579,12.270801
144.72024,-0.83373643
144.94487,-4.1107789
145.16967,1.8357516
145.39464,26.127424
145.61979,28.136787
145.84511,0.62462477
146.07061,-7.1620034
146.29628,3.388667
146.52212,13.884479
146.74814,5.0156289
146.97433,-3.9002365
147.2007,-3.3493915
147.42724,8.1505168
147.65395,20.693606
147.88084,3.6367387
148.10791,-5.6396927
148.33515,-2.6180412
148.56256,4.1840461
148.79014,2.8606868
149.0179,-3.2626288
149.24584,-4.1466851
149.47395,-0.68559966
149.70223,3.6147451
149.93069,-0.14413095
150.15932,-4.2403711
150.38812,-4.3524066
150.6171,-2.3547475
150.84626,-1.0866092
151.07559,-2.9009331
151.30509,-3.0683074
151.53476,-3.8867712
151.76461,-3.042599
151.99464,-2.8573596
152.22484,-3.9114451
152.45521,-3.3421103
152.68576,-2.1297474
152.91648,-1.33318
153.14738,-4.7014277
153.37845,-5.18351
153.60969,-3.1951132
153.84111,-1.2460413
154.0727,-0.8892355
154.30447,-5.5992055
154.53641,-4.5681082
154.76852,15.968762
155.00081,42.827092
155.23328,22.657862
155.46591,9.3512677
155.69872,36.664172
155.93171,61.325987
156.16487,62.693575
156.39821,31.998308
156.63171,32.840188
156.8654,64.168233
157.09925,63.982443
157.33328,63.616152
157.56749,63.29681
157.80187,63.447947
158.03642,63.575446
158.27115,63.098914
158.50605,62.802665
158.74113,62.521994
158.97638,62.680428
159.2118,62.470127
159.4474,62.353833
159.68318,57.021744
159.91912,48.332683
160.15524,52.914102
160.39154,52.84443
160.62801,28.476611
160.86465,16.100839
161.10147,28.344565
161.33846,39.309751
161.57563,18.063064
161.81297,4.2045019
162.05049,7.7654389
162.28818,19.506659
162.52604,18.369338
162.76408,4.9024968
163.00229,1.1531932
163.24067,6.470447
163.47923,14.320925
163.71797,4.8301174
163.95688,-1.8764856
164.19596,-0.11260966
164.43522,6.3021375
164.67465,4.8971677
164.91425,0.48032403
165.15403,-1.5523151
165.39398,-0.19682815
165.63411,1.6212947
165.87441,-1.2195151
166.11489,-3.370238
166.35554,0.80049855
166.59637,10.665244
166.83736,1.9024284
167.07854,-4.2095155
167.31988,-2.4078431
167.5614,8.6817759
167.8031,8.9004783
168.04497,-3.7909518
168.28701,-7.9258476
168.52923,-2.1316601
168.77162,-0.18878159
169.01419,-7.0854472
169.25693,-9.5981276
169.49985,-5.8209404
169.74293,-0.69506216
169.9862,-6.3773555
170.22963,-11.534487
170.47325,-6.3546924
170.71703,9.7581072
170.96099,2.8195979
171.20513,-12.825122
171.44943,-14.689779
171.69392,-8.6488814
171.93857,-5.5102733
172.1834,-13.7367
172.42841,-15.398749
172.67359,-0.95132202
172.91894,30.484011
173.16447,9.4798004
173.41017,-18.418857
173.65605,-12.702156
173.9021,15.900491
174.14832,5.922417
174.39472,-13.248142
174.64129,1.8397935
174.88804,41.335244
175.13496,42.634287
175.38206,30.356532
175.62932,31.247075
175.87677,41.08631
176.12439,40.776196
176.37218,40.395166
176.62014,39.841258
176.86828,39.553688
177.1166,40.261868
177.36509,40.232465
177.61375,39.198812
177.86259,37.811889
178.1116,38.040324
178.36079,39.044901
178.61014,37.500129
178.85968,31.107971
179.10939,21.5547
179.35927,15.695218
179.60933,2.1569755
179.85956,-2.3698303
180.10996,8.5540157
180.36054,11.838318
180.61129,-7.1443756
180.86222,-13.23328
181.11332,-5.6832967
181.3646,0.7134167
181.61605,-9.5803945
181.86767,-15.058848
182.11947,-12.419983
182.37144,0.42247548
182.62359,2.1822523
182.87591,17.204446
183.12841,29.512585
183.38108,28.353729
183.63392,27.116114
183.88694,26.874248
184.14013,27.243818
184.39349,26.428747
184.64703,25.064327
184.90075,24.601539
185.15464,24.561953
185.4087,24.067136
185.66294,23.195519
185.91735,22.676516
186.17193,22.329733
186.42669,21.935563
186.68163,21.266554
186.93673,20.722707
187.19202,20.327551
187.44747,19.971283
187.7031,19.332333
187.95891,18.685211
188.21489,17.708349
188.47104,13.664492
188.72737,9.7771692
188.98387,5.5444198
189.24054,-6.1553248
189.49739,-7.3455939
189.75442,13.989299
190.01162,15.245431
190.26899,12.767902
190.52654,3.6390642
190.78426,9.4510741
191.04215,13.396089
191.30022,12.344697
191.55846,7.3321918
191.81688,6.3507308
192.07547,10.019922
192.33424,1.1946667
192.59318,-7.4860864
192.85229,-5.1315442
193.11158,-1.1770009
193.37104,-8.9871625
193.63068,-10.24046
193.89049,2.6631058
194.15048,9.5980455
194.41064,-3.0826999
194.67097,-11.457562
194.93148,-7.1892857
195.19216,-3.7759103
195.45302,-7.8684162
195.71405,-6.298176
195.97525,7.2250066
196.23663,10.708975
196.49818,2.961571
196.75991,9.472992
197.02181,10.580493
197.28389,10.723288
197.54614,11.195497
197.80856,11.079471
198.07116,10.885015
198.33393,11.874874
198.59688,12.739244
198.86,12.984007
199.12329,12.766026
199.38676,12.610791
199.6504,9.6241849
199.91422,3.68856
200.17821,9.6117598
200.44238,12.860451
200.70672,7.8738488
200.97123,6.7460714
201.23592,12.88104
201.50078,13.29052
201.76582,11.97451
202.03103,13.340855
202.29642,13.342495
202.56198,13.344135
202.82771,13.212444
203.09362,12.453303
203.3597,11.976515
203.62595,11.382082
203.89238,11.226865
204.15899,11.74616
204.42577,12.006632
204.69272,11.427889
204.95985,11.115814
205.22715,11.321387
205.49462,11.628922
205.76227,11.489399
206.0301,11.263603
206.2981,11.061338
206.56627,11.478681
206.83461,11.83328
207.10313,12.572194
207.37183,13.373854
207.6407,13.375515
207.90974,12.930119
208.17896,6.9160961
208.44835,-7.0194943
208.71791,-6.4060641
208.98765,0.3563869
209.25757,-4.4027297
209.52766,-7.3108648
209.79792,-3.1680185
210.06836,-2.6722299
210.33897,-8.8666363
210.60975,-9.0453553
210.88071,0.22690708
211.15184,-0.19494708
211.42315,-8.5775845
211.69463,-9.9484561
211.96629,-1.5781501
212.23812,-2.1411765
212.51012,-7.838085
212.7823,1.1159499
213.05465,13.097399
213.32718,12.72587
213.59988,3.3974407
213.87276,-2.5192604
214.14581,8.9365505
214.41903,6.6276186
214.69243,-1.9637031
214.966,1.8135656
215.23975,10.500601
215.51367,6.7876001
215.78776,-0.20386949
216.06203,11.008546
216.33647,12.142492
216.61109,10.797971
216.88588,2.8887064
217.16085,9.1754834
217.43598,10.105361
217.7113,4.4940248
217.98679,1.0002989
218.26245,9.733987
218.53829,9.2441088
218.8143,3.1306642
219.09048,5.0877709
219.36684,10.205625
219.64337,10.186187
219.92008,9.1157321
220.19696,10.758966
220.47402,10.825691
220.75125,10.76689
221.02865,10.25315
221.30623,11.088393
221.58398,10.668696
221.86191,10.797982
222.14001,11.060565
222.41828,11.244679
222.69673,11.18562
222.97536,10.71868
223.25415,10.079154
223.53313,10.490571
223.81227,9.8274419
224.09159,6.2152562
224.37109,9.7010727
224.65076,10.253519
224.9306,9.9588693
225.21061,9.9779083
225.49081,10.185146
225.77117,9.8982284
226.05171,9.6740193
226.33242,10.296832
226.61331,10.354902
226.89437,10.012935
227.17561,10.235637
227.45702,10.175949
227.73861,10.116224
228.02036,10.056462
228.3023,9.9966635
228.5844,9.9368277
228.86669,9.8769551
229.14914,9.8170454
229.43177,9.7570989
229.71457,9.6971154
229.99755,9.6370949
230.28071,9.5299787
230.56403,0.35615881
230.84753,5.9587726
231.13121,9.3966436
231.41506,8.5521247
231.69908,-1.3590979
231.98328,5.9296427
232.26765,6.0183462
232.55219,-6.0498499
232.83691,-12.565142
233.12181,-1.0255686
233.40688,-5.3935318
233.69212,-12.663455
233.97754,-7.1490649
234.26313,0.87513003
234.54889,-5.7359688
234.83483,-11.413734
235.12095,-2.660126
235.40723,1.6385803
235.69369,-4.8862424
235.98033,-3.2934177
236.26714,6.3386232
236.55413,5.0216449
236.84128,-3.3541566
237.12862,-1.690742
237.41612,1.7060064
237.70381,-2.7795978
237.99166,-0.66912312
238.27969,7.9197833
238.56789,7.810651
238.85627,2.1877935
239.14482,6.0316031
239.43355,8.9891387
239.72245,7.7819687
240.01153,1.0061717
240.30077,8.3480222
240.5902,8.6781083
240.87979,6.4905478
241.16957,7.7382819
241.45951,8.9389575
241.74963,8.6729668
242.03993,8.7050158
242.33039,8.611575
242.62104,8.7063699
242.91185,8.6443024
243.20284,8.9665491
243.49401,8.8025217
243.78535,8.8659457
244.07686,8.6627034
244.36855,8.5692654
244.66041,8.6248474
244.95245,8.6804299
245.24466,8.6497382
245.53704,8.7680666
245.8296,8.9020816
246.12233,8.5968814
246.41524,8.9191325
246.70832,9.0060899
247.00158,9.0067733
247.295,8.3878492
247.58861,9.0081411
247.88239,9.0088257
248.17634,9.0095106
248.47046,9.010196
248.76476,9.0108818
249.05924,9.0115679
249.35389,9.0122545
249.64871,9.0129415
249.94371,9.0136289
250.23888,9.0143167
250.53422,9.0150049
250.82974,9.0156935
251.12544,9.0163825
251.42131,9.0170719
251.71735,9.0177617
252.01356,9.0184519
252.30996,9.0191426
252.60652,8.7061081
252.90326,0.79307408
253.20017,3.2957267
253.49726,2.1905366
253.79452,1.4539744
254.09196,4.3958439
254.38957,3.4632041
254.68735,1.2286038
254.98531,5.5351805
255.28344,8.1946987
255.58175,5.1836291
255.88023,1.4431481
256.17888,7.0124715
256.47771,8.7151286
256.77672,8.8256292
257.0759,8.8420126
257.37525,8.5525141
257.67477,7.5179179
257.97447,6.6950868
258.27435,8.719315
258.5744,8.139622
258.87462,4.7913019
259.17502,8.8782764
259.47559,8.8240748
259.77633,8.4404619
260.07725,6.9117513
260.37835,8.3948059
260.67961,8.4739392
260.98106,7.2197397
261.28267,7.534168
261.58446,8.7113418
261.88643,8.3198885
262.18857,8.2029455
262.49088,8.3997284
262.79337,8.7769038
263.09603,8.832511
263.39886,8.6449814
263.70187,8.8182364
264.00506,8.9444331
264.30842,8.7804341
264.61195,8.7340825
264.91565,8.8602804
265.21954,8.7276552
265.52359,8.689148
265.82782,8.7682882
266.13222,9.0513505
266.4368,9.0520602
266.74155,8.7861036
267.04648,9.0534808
267.35158,9.0541918
267.65685,8.8666678
267.9623,8.9379678
268.26792,9.056327
268.57372,9.0570395
268.87969,8.971478
269.18584,9.0427796
269.49216,7.8905522
269.79865,7.0991095
270.10532,8.2057064
270.41216,7.3358332
270.71917,8.1130191
271.02637,9.0627546
271.33373,9.0634708
271.64127,9.0014423
271.94898,9.0649044
272.25687,9.0656218
272.56493,9.0663396
272.87316,9.0670579
273.18157,9.0677765
273.49016,9.0684956
273.79892,9.069215
274.10785,8.9601309
274.41696,8.9137924
274.72624,8.969415
275.03569,8.7975871
275.34532,9.0022301
275.65512,8.6343246
275.9651,7.9683802
276.27525,9.059299
276.58558,9.0757083
276.89608,9.0372162
277.20675,8.3399009
277.5176,8.5367036
277.82862,8.231546
278.13982,7.596977
278.45119,8.5624084
278.76273,8.1709775
279.07445,6.2893509
279.38635,8.7763522
279.69841,9.0829617
280.01066,8.895454
280.32307,7.6334369
280.63566,8.8420084
280.94843,7.8701881
281.26137,6.7493487
281.57448,8.3657646
281.88777,8.4998279
282.20123,8.4613426
282.51486,6.2816813
282.82867,8.023589
283.14265,7.875301
283.45681,8.5662291
283.77114,9.0532361
284.08565,7.2029885
284.40033,5.27431
284.71519,7.863279
285.03021,6.3581307
285.34542,6.123571
285.6608,9.0576392
285.97635,8.9721
286.29207,8.4944043
286.60797,6.6520032
286.92405,8.9272495
287.24029,7.594653
287.55672,2.1679394
287.87331,8.4353437
288.19008,8.1301995
288.50703,1.78584
288.82415,3.7787358
289.14144,6.3206516
289.45891,3.0351168
289.77655,7.0123276
290.09437,9.0130681
290.41236,8.6451817
290.73052,5.6341583
291.04886,8.5368609
291.36737,8.7179952
291.68606,8.3108947
292.00492,9.1116377
292.32395,9.1123811
292.64316,6.2974386
292.96255,6.7530848
293.2821,8.5734372
293.60184,6.2682999
293.92174,8.9043394
294.24182,9.11685
294.56208,9.1175962
294.88251,7.5575585
295.20311,8.8759527
295.52389,8.9551315
295.84484,8.8931343
296.16596,9.1213335
296.48726,9.1220822
296.80874,9.0600862
297.13038,7.2804435
297.45221,8.5047228
297.7742,4.8348849
298.09637,-2.2153448
298.41872,2.7657984
298.74124,2.0528245
299.06393,-0.44054126
299.3868,2.3994268
299.70984,2.5099834
300.03305,1.5146581
300.35644,8.276196
300.68001,9.1161656
301.00375,7.6973121
301.32766,7.7215963
301.65174,9.1341162
301.97601,9.0407541
302.30044,8.3042552
302.62505,9.0030508
302.94983,9.1371409
303.27479,8.7378981
303.59992,9.0210087
303.92523,9.0609824
304.25071,6.4264467
304.57636,7.6115192
304.90219,8.8985529
305.22819,8.3267636
305.55437,9.0647785
305.88072,9.1439703
306.20725,9.0662998
306.53395,8.0317669
306.86082,9.0599796
307.18787,9.0372122
307.51509,8.4497394
307.84249,9.1485415
308.17006,9.1336185
308.4978,8.0128136
308.82572,8.9155385
309.15381,8.9947344
309.48208,8.7209895
309.81052,8.7374411
310.13914,8.9029127
310.46793,8.8252474
310.79689,8.826014
311.12603,9.1561927
311.45534,9.1491169
311.78483,9.055767
312.11449,9.0016332
312.44432,9.1592645
312.77433,8.8698374
313.10452,8.7843322
313.43487,9.0752981
313.7654,9.0525389
314.09611,8.9905644
314.42699,9.1481981
314.75804,9.0391656
315.08927,8.843859
315.42068,9.0720822
315.75225,9.1669724
316.084,5.8500984
316.41593,-3.6942262
316.74803,-7.7405112
317.0803,-5.9358154
317.41275,6.5277044
317.74537,2.2382834
318.07817,-9.3687843
318.41114,-6.1925115
318.74428,-5.722117
319.0776,-10.287013
319.41109,-8.0362181
319.74476,-6.7344391
320.0786,-7.6052051
320.41262,-2.7975357
320.74681,-2.3584898
321.08117,-4.9155184
321.41571,3.5156924
321.75042,7.4684758
322.08531,2.0644005
322.42037,6.825035
322.7556,8.8797912
323.09101,5.7345513
323.42659,4.1422567
323.76235,8.6754562
324.09828,7.3498363
324.43439,3.9457889
324.77067,5.5770397
325.10712,1.7730003
325.44375,7.9219061
325.78055,9.3492473
326.11753,9.3569847
326.45468,9.364726
326.792,9.3018832
327.1295,9.2547305
327.46718,8.2507192
327.80502,9.1761236
328.14305,8.3681987
328.48124,9.1916503
328.81961,9.1602039
329.15816,9.1052322
329.49687,9.2149703
329.83577,9.2854968
330.17483,9.1677919
330.51407,5.1363656
330.85349,7.5755315
331.19308,9.0970543
331.53284,7.8734831
331.87278,7.8185433
332.21289,9.3479213
332.55318,7.1125974
332.89364,6.1400226
333.23427,9.0262753
333.57508,5.6223359
333.91607,3.6772241
334.25722,8.0772143
334.59855,7.3948556
334.94006,9.4575989
335.28174,9.4889736
335.62359,9.4340779
335.96562,9.4811469
336.30782,9.590965
336.6502,9.5047087
336.99275,9.6066917
337.33548,9.614561
337.67837,9.6224343
338.02145,9.6303117
338.36469,9.638193
338.70812,9.6460783
339.05171,9.6539677
339.39548,9.661861
339.73943,9.6697583
340.08354,9.6619734
340.42784,9.685565
340.7723,9.6385724
341.11694,3.9445249
341.46176,5.2465599
341.80675,6.6348734
342.15191,4.1251517
342.49725,9.0664143
342.84276,8.5567006
343.18845,-2.1334013
343.53431,-0.55683251
343.88034,-1.9998676
344.22655,-5.0272124
344.57293,3.8513292
344.91949,3.1847767
345.26622,-4.3209874
345.61313,-2.4306692
345.96021,-1.1834842
346.30746,-3.7637461
346.65489,-0.27341587
347.00249,2.5816243
347.35027,3.8288253
347.69822,9.7191675
348.04634,9.4997099
348.39464,4.6135896
348.74311,5.6490419
349.09176,7.4295962
349.44058,0.73956631
349.78958,0.68483454
350.13875,2.3948126
350.48809,0.096951606
350.83761,2.9598789
351.1873,5.9012415
351.53717,6.4190788
351.88721,9.3290769
352.23742,9.439079
352.58781,9.3922223
352.93838,9.5649775
353.28911,9.6122465
353.64003,9.6203039
353.99111,9.6362083
354.34237,9.7070187
354.69381,9.8092057
355.04541,9.762377
355.3972,9.9665328
355.74915,10.005987
356.10128,9.8807386
356.45359,9.9829456
356.80607,9.8577056
357.15872,9.7638421
357.51155,9.8111591
357.86455,10.085931
358.21773,9.9999227
358.57108,10.102154
358.9246,9.6945847
359.2783,9.3419217
359.63217,8.6284784
359.98622,-0.97123545
360.34044,-1.3160433
360.69484,-1.8490825
361.04941,-10.115451
361.40415,-1.6972742
361.75907,3.6777628
362.11416,-7.0256343
362.46943,-6.3015831
362.82487,-5.3657697
363.18048,-11.888783
363.53627,-9.8235626
363.89224,-9.5308944
364.24837,-9.3794053
364.60468,-4.9377228
364.96117,-6.6685918
365.31783,-5.1445616
365.67466,1.9324072
366.03167,0.56231456
366.38885,9.0981016
366.74621,10.065259
367.10374,8.3343738
367.46145,9.1132902
367.81933,10.05691
368.17738,9.8240564
368.53561,2.8304159
368.89401,5.1387336
369.25259,-0.25491212
369.61134,-1.9544428
369.97026,3.3577886
370.32936,-1.9260611
370.68863,-0.59814873
371.04808,3.0905453
371.4077,-1.9109593
371.76749,-2.0967803
372.12746,0.58014123
372.48761,1.7825503
372.84793,9.2908391
373.20842,9.3638311
373.56908,5.9387813
373.92992,8.6705916
374.29094,9.0102424
374.65213,9.4910671
375.01349,9.7679675
375.37503,9.7076105
375.73674,9.8668586
376.09862,9.6025747
376.46068,9.4480921
376.82292,9.473999
377.18533,9.4293151
377.54791,9.5650207
377.91067,8.8771943
378.2736,9.0050515
378.6367,8.5760433
378.99998,9.7313462
379.36343,9.6395877
379.72706,9.5791991
380.09086,9.3697882
380.45484,9.5917473
380.81899,9.7195861
381.18331,9.8552654
381.54781,9.8497656
381.91248,9.7972044
382.27733,9.8387582
382.64235,9.8332505
383.00755,9.6316618
383.37292,9.6418351
383.73846,9.6441627
384.10418,9.5837425
384.47007,9.6331237
384.83613,9.5962277
385.20237,9.7867801
385.56879,9.7890945
385.93538,9.7129749
386.30214,9.2368527
386.66908,8.6117083
387.03619,2.0179338
387.40347,-7.2503531
387.77093,-4.9813878
388.13857,-8.767327
388.50638,-6.6003277
388.87436,-1.9784291
389.24251,-5.466337
389.61084,-0.86012994
389.97935,4.7970549
390.34803,4.7601195
390.71688,8.1741618
391.08591,9.5019271
391.45511,9.6610622
391.82449,9.6947045
392.19404,9.6891285
392.56376,9.6835499
392.93366,9.6701255
393.30373,9.4919925
393.67398,9.5334648
394.0444,9.3631698
394.41499,7.7889506
394.78576,3.602964
395.1567,4.9307003
395.52782,-2.0317621
395.89911,-0.95501144
396.27058,0.49820717
396.64222,-2.5270082
397.01403,1.2556169
397.38602,2.6225531
397.75819,7.8718396
398.13052,9.1054373
398.50303,9.2723656
398.87572,9.1020364
399.24858,9.300332
399.62161,9.2554878
399.99482,9.3753468
400.3682,9.3697129
400.74176,9.5601549
401.11549,9.5545158
401.48939,9.4076976
401.86347,9.5432298
402.23772,9.5375828
402.61215,9.5319332
402.98675,9.1654967
403.36153,9.1833712
403.73648,9.2639882
404.1116,9.4073477
404.4869,9.2840379
404.86237,9.1058235
405.23802,9.1707438
405.61384,9.2278183
405.98983,8.9633215
406.366,9.153724
406.74235,9.1637318
407.11886,8.9305997
407.49556,3.8504061
407.87242,2.5976609
408.24946,-2.2315576
408.62668,0.41373118
409.00406,1.7492134
409.38163,-4.3584443
409.75936,-2.5053203
410.13727,-5.3502382
410.51536,-9.301041
410.89362,-7.5341994
411.27205,-9.9399095
411.65066,-6.6750339
412.02944,-2.2180041
412.4084,-5.0943103
412.78753,-0.93532496
413.16683,-1.7018325
413.54631,-7.064421
413.92596,-4.7642671
414.30579,-4.9817629
414.68579,-3.5600456
415.06597,5.3989239
415.44632,4.6559301
415.82684,0.32861984
416.20754,3.0758168
416.58841,7.5249719
416.96946,9.3153009
417.35068,9.3095488
417.73207,9.186147
418.11364,9.1568602
418.49538,9.1824728
418.8773,8.941416
419.25939,9.2180037
419.64166,8.2318437
420.0241,6.1947007
420.40671,8.2203001
420.7895,9.2106028
421.17246,9.2518832
421.5556,9.2461022
421.93891,9.2403185
422.32239,8.9678656
422.70605,8.8758022
423.08989,8.8621675
423.47389,8.7700989
423.85808,9.0074393
424.24243,9.1114439
424.62696,8.9879948
425.01167,9.1155234
425.39654,9.0626573
425.7816,9.1039062
426.16682,9.176525
426.55222,9.1707098
426.9378,9.164892
427.32355,9.1120128
427.70947,7.5924642
428.09557,0.0023248017
428.48184,-3.862327
428.86829,-5.8367855
429.25491,-9.3328151
429.6417,-5.9112003
430.02867,-8.4660588
430.41582,-12.644449
430.80313,-11.128725
431.19062,-12.358101
431.57829,-10.622774
431.96613,-8.816861
432.35414,-12.375657
432.74233,-10.789357
433.13069,-9.0383543
433.51923,-7.7187266
433.90794,-3.230474
434.29682,-5.5030084
434.68588,-2.9049572
435.07512,1.504856
435.46452,-0.84611765
435.85411,2.1389996
436.24386,3.4221616
436.63379,7.8974862
437.0239,9.0865418
437.41417,9.0991325
437.80463,9.1117288
438.19525,9.1243307
438.58605,9.003605
438.97703,9.0868063
439.36818,9.1621702
439.7595,8.9473436
440.151,9.1874246
440.54267,9.0353544
440.93452,9.126427
441.32654,9.1077014
441.71873,9.128197
442.1111,9.250659
442.50364,9.161362
442.89636,6.1073647
443.28925,6.7004318
443.68232,7.5287987
444.07556,8.7885437
444.46897,8.8012355
444.86256,7.9747173
445.25632,7.2893812
445.65026,7.3413056
446.04437,8.4991179
446.43865,8.9510535
446.83311,8.9324065
447.22774,8.6941573
447.62255,9.0833647
448.01753,9.4176757
448.41269,9.4382669
448.80802,9.2314127
449.20352,9.3226033
449.5992,9.2726231
449.99505,8.4853936
450.39108,6.0511109
450.78728,6.1893829
451.18365,-0.17430036
451.5802,0.60712007
451.97693,-0.054591128
452.37382,-4.84963
452.77089,-1.0642712
453.16814,-1.5063577
453.56556,-1.0856935
453.96315,0.51144697
454.36092,-3.6796423
454.75887,-2.6079808
455.15698,-2.4461176
455.55527,-1.9806659
455.95374,2.3514538
456.35238,0.095339291
456.75119,0.81177502
457.15018,0.90860408
457.54934,-1.582801
457.94868,-0.79577345
458.34819,-1.39698
458.74787,-0.029558008
459.14773,2.067277
459.54776,0.83077981
459.94797,2.0413427
460.34835,3.1264165
460.74891,5.8193346
461.14964,8.8024501
461.55054,7.8169392
461.95162,8.1490766
462.35287,9.0929799
462.7543,9.2839432
463.1559,9.725888
463.55767,9.7286184
463.95962,9.7313499
464.36174,9.7340826
464.76404,9.6348558
465.16651,9.5513164
465.56916,9.4913075
465.97198,9.3058097
466.37497,9.3320778
466.77814,9.4995235
467.18148,9.3218723
467.585,9.3010851
467.98869,9.4214756
468.39256,9.2673574
468.79659,9.1916717
469.20081,9.2728501
469.6052,9.3461864
470.00976,9.4195239
470.41449,9.398745
470.8194,9.4877712
471.22449,9.600328
471.62975,9.4854349
472.03518,9.5666215
472.44079,9.6164367
472.84657,9.6113512
473.25252,9.6925413
473.65865,9.6953013
474.06496,6.4588467
474.47143,-6.4638811
474.87809,-9.2768039
475.28491,-8.6387451
475.69191,-4.6449921
476.09909,-3.4747746
476.50644,-7.5829945
476.91396,-6.8441616
477.32166,-7.3288641
477.72953,-8.0174943
478.13757,-6.2198559
478.54579,-7.7084981
478.95419,-5.4245973
479.36275,-5.7210947
479.7715,-4.637206
480.18041,-1.9454801
480.5895,-3.7165054
480.99877,0.034031888
481.40821,1.3061318
481.81782,3.8801865
482.22761,6.6659998
482.63757,5.7969051
483.04771,7.9552554
483.45802,8.4430115
483.8685,9.5111536
484.27916,9.4969368
484.68999,9.4513414
485.101,9.0920145
485.51218,8.6228776
485.92353,7.369421
486.33506,8.3198799
486.74677,6.4781759
487.15864,5.7345052
487.5707,8.6065146
487.98292,9.2902827
488.39532,9.3465939
488.8079,9.2146636
489.22064,8.9493941
489.63357,9.1076479
490.04666,8.9835427
490.45994,8.7339413
490.87338,9.0098241
491.287,8.8151126
491.70079,8.8792186
492.11476,9.1315539
492.5289,8.9368243
492.94322,8.8048338
493.35771,8.4767589
493.77238,8.3918151
494.18722,8.8166692
494.60223,8.8179879
495.01742,8.7722418
495.43278,6.8362935
495.84831,7.174849
496.26402,4.9565358
496.67991,1.4990008
497.09596,0.4414598
497.5122,-3.5415774
497.9286,-3.2814835
498.34518,-4.2213955
498.76194,-3.4907253
499.17887,-3.4659436
499.59597,-2.9235207
500.01325,-1.3928687
500.4307,-3.4230069
500.84833,-2.0335434
501.26613,-1.9303604
501.6841,-2.203654
502.10225,-0.13969877
502.52057,-1.4404554
502.93907,-0.6314142
503.35774,-0.54394762
503.77659,-0.82511453
504.1956,1.8584184
504.6148,3.2870434
505.03417,6.1509564
505.45371,5.9481968
505.87342,6.8669997
506.29331,8.609326
506.71338,8.7045875
507.13362,8.7057253
507.55403,8.6911708
507.97462,8.6766102
508.39538,8.6620436
508.81631,8.5611965
509.23742,8.609363
509.65871,8.4536019
510.08017,8.0782268
510.5018,8.4793164
510.92361,8.5745176
511.34559,8.5599088
511.76774,8.545294
512.19007,8.1385162
512.61257,7.5434972
513.03525,7.1210212
513.4581,6.9103038
513.88113,7.3505608
514.30433,5.2966941
514.7277,3.4702724
515.15125,3.6595309
515.57497,4.797803
515.99887,2.0066573
516.42294,-0.039396441
516.84719,1.4282693
517.2716,2.9978898
517.6962,4.261622
518.12097,1.7684853
518.54591,2.2322054
518.97102,3.2370959
519.39631,1.4341372
519.82178,2.2507804
520.24742,2.6987901
520.67323,4.0565976
521.09922,4.9045953
521.52538,6.5525868
521.95171,7.9652783
522.37822,8.1779637
522.80491,8.1631921
523.23176,8.1484144
523.6588,8.1336308
524.086,8.1188411
524.51338,8.1040453
524.94094,8.0892436
525.36867,8.0509064
525.79657,8.059622
526.22465,8.0448021
526.6529,8.0299763
527.08132,8.0151443
527.50992,7.8905025
527.9387,7.0207566
528.36765,7.2647301
528.79677,3.9557564
529.22606,3.862463
529.65553,3.5024968
530.08518,5.5346815
530.515,4.5629387
530.94499,1.5676603
531.37516,2.1566897
531.8055,0.75355613
532.23602,1.891593
532.66671,0.97472195
533.09757,1.9715703
533.52861,5.6115499
533.95982,6.9142686
534.39121,7.7620793
534.82277,7.7392957
535.25451,7.6694472
535.68641,7.5839065
536.1185,7.3493401
536.55076,7.1696696
536.98319,4.8801892
537.41579,1.9946243
537.84857,1.7286613
538.28153,-0.46671958
538.71466,0.059462163
539.14796,-2.0418131
539.58144,-1.1234866
540.01509,-0.29144056
540.44891,-2.4868516
540.88291,-2.8391313
541.31709,-2.3992603
541.75144,-0.75155213
542.18596,-1.4567912
542.62065,-0.72674215
543.05552,0.77192831
543.49057,-0.23921118
543.92579,0.71042761
544.36118,1.4639819
544.79675,3.7547851
545.23249,4.2259745
545.66841,5.8187264
546.1045,7.2075507
546.54076,7.1218592
546.9772,7.2165538
547.41381,7.3112424
547.8506,7.296121
548.28756,7.2809936
548.72469,7.2658602
549.162,7.2507208
549.59949,7.2355753
550.03714,7.2204238
550.47498,7.2052662
550.91298,7.1901026
551.35116,7.174933
551.78952,7.1597574
552.22804,7.1445757
552.66675,7.129388
553.10562,7.0749786
553.54468,7.0989945
553.9839,7.0602593
554.4233,7.0607338
554.86287,6.935712
555.30262,6.9204881
555.74254,6.5680033
556.18264,5.6037478
556.62291,3.9257607
557.06335,2.1693362
557.50397,2.028592
557.94477,-1.5709818
558.38573,-2.5980126
558.82688,-3.6721082
559.26819,-3.263857
559.70968,-0.055611746
560.15134,-2.5963922
560.59318,-1.9122371
561.03519,-3.2280876
561.47738,-2.3792376
561.91974,-1.6637264
562.36228,-2.8384168
562.80499,-1.2052695
563.24787,-2.9838924
563.69093,-2.6370306
564.13416,-1.992135
564.57756,0.4331472
565.02114,1.1015612
565.4649,-0.9829714
565.90883,-0.13417616
566.35293,-0.40695503
566.79721,1.5790842
567.24166,2.3102159
567.68628,4.6491853
568.13108,6.5254042
568.57606,6.5584803
569.0212,6.591551
569.46652,6.389322
569.91202,6.0145386
570.35769,5.7417104
570.80354,3.704171
571.24955,3.5646652
571.69575,2.9545658
572.14211,3.9993628
572.58866,5.020625
573.03537,6.1516856
573.48226,6.1376426
573.92932,6.225555
574.37656,6.2193443
574.82397,6.2601869
575.27156,6.1755339
575.71932,6.3340126
576.16726,6.3669957
576.61536,6.3529145
577.06365,6.2996121
577.5121,6.1365003
577.96074,6.3027948
578.40954,5.6533976
578.85852,3.756936
579.30768,4.6683122
579.757,5.077722
580.20651,5.008695
580.65618,4.8298587
581.10603,4.9333698
581.55606,5.2721695
582.00626,4.5599834
582.45663,3.8242624
582.90718,3.0650065
583.3579,2.6665294
583.8088,2.5190273
584.25987,0.68524513
584.71111,1.3298889
585.16253,1.103939
585.61412,2.446611
586.06589,2.3069246
586.51783,1.8064485
586.96995,2.3177315
587.42224,3.2133229
587.8747,4.8853793
588.32734,3.7809597
588.78015,4.4490836
589.23313,4.544653
589.6863,5.0010013
590.13963,5.1436186
590.59314,4.5646618
591.04682,5.4288368
591.50068,5.7910455
591.95471,5.7846213
592.40892,5.8095642
592.86329,5.7952859
593.31785,5.828061
593.77258,5.7274973
594.22748,5.5720261
594.68256,5.6361573
595.13781,5.755185
595.59323,5.6389131
596.04883,5.7422435
596.5046,5.7279215
596.96055,5.5410449
597.41667,5.4953393
597.87297,5.5280597
598.32944,5.5450883
598.78608,5.5307388
599.2429,5.3987369
599.69989,5.1647686
600.15706,4.820991
600.6144,4.7595608
601.07192,4.8393017
601.52961,4.8249194
601.98747,4.8183748
602.44551,4.7882953
602.90372,4.3660534
603.3621,3.6222375
603.82066,2.8548867
604.2794,3.1385108
604.73831,3.5789921
605.19739,2.301821
605.65665,2.8991541
606.11608,3.5827563
606.57568,4.2977256
607.03546,3.844062
607.49542,3.2570595
607.95554,3.5720124
608.41585,3.3614695
608.87632,2.962686
609.33697,2.3678185
609.7978,3.6631416
610.2588,3.5545377
610.71997,4.1596538
611.18132,3.2824114
611.64284,3.3228107
612.10453,4.022028
612.5664,4.7133967
613.02845,4.8165246
613.49067,4.8020001
613.95306,4.905117
614.41563,4.7964639
614.87837,4.6721189
615.34128,4.7673763
615.80437,5.0194911
616.26763,4.5735611
616.73107,4.1825276
617.19468,4.2542337
617.65847,4.1376991
618.12243,4.8054727
618.58656,4.7046133
619.05087,4.627278
619.51535,4.8401332
619.98001,4.7549437
620.44484,4.7089645
620.90985,4.6080778
621.37503,4.5699307
621.84038,4.1866802
622.30591,3.9838163
622.77161,4.4240842
623.23749,4.487876
623.70354,4.018329
624.16976,4.0742668
624.63616,4.3498069
625.10273,4.3978906
625.56948,4.5400864
626.0364,4.3214924
626.5035,4.0715205
626.97077,4.3235038
627.43821,4.5205797
627.90583,4.4274541
628.37362,3.9421661
628.84159,2.962755
629.30973,2.8539266
629.77804,2.8862693
630.24653,1.7107633
630.71519,2.5038793
631.18403,1.8930683
631.65304,2.2469577
632.12223,1.7380965
632.59159,2.9076612
633.06112,3.1909459
633.53083,2.3448134
634.00071,1.875146
634.47077,2.3937085
634.941,3.5554027
635.41141,3.5327777
635.88199,4.0591668
636.35274,3.7384917
636.82367,4.0766346
637.29477,3.3716347
637.76604,3.1764333
638.23749,3.1616186
638.70912,3.233073
639.18092,3.1476591
639.65289,2.8191025
640.12504,3.4474032
640.59736,2.3031493
641.06985,2.413792
641.54252,2.1087429
642.01537,3.1370217
642.48838,3.3182361
642.96158,2.9268961
643.43494,2.5198643
643.90848,2.6461604
644.3822,3.2665687
644.85609,2.5144225
645.33015,3.0014864
645.80439,3.3473685
646.2788,3.5677548
646.75338,3.3332338
647.22814,3.373217
647.70308,3.3269203
648.17819,3.5472848
648.65347,3.1637222
649.12892,2.5370169
649.60456,2.7652081
650.08036,1.9973154
650.55634,2.4607898
651.03249,1.3948469
651.50882,0.36027108
651.98532,-0.59587883
652.462,-0.21870087
652.93885,0.040824552
653.41587,0.62191313
653.89307,1.3441727
654.37044,2.9997601
654.84799,3.4396558
655.32571,2.8442519
655.80361,2.5547249
656.28168,2.2102904
656.75992,3.5129093
657.23834,3.3566992
657.71693,2.9338169
658.19569,3.2638704
658.67463,3.288036
659.15375,2.8494511
659.63304,3.2265469
660.1125,3.0859902
660.59214,3.0866045
661.07195,3.0558408
661.55193,2.3897775
662.03209,2.5315519
662.51243,2.17136
662.99294,2.3209666
663.47362,2.0235088
663.95447,1.5927123
664.43551,1.6324985
664.91671,2.8958086
665.39809,2.2767604
665.87964,1.0616282
666.36137,0.35629449
666.84327,0.36468078
667.32535,1.1260028
667.8076,0.012809498
668.29002,0.22510094
668.77262,0.97072024
669.25539,2.453589
669.73834,1.6070405
670.22146,1.0349963
670.70475,0.83941723
671.18822,2.0634405
671.67187,2.5972623
672.15568,1.727157
672.63968,1.7511639
673.12384,0.46536138
673.60818,-0.42828974
674.0927,-1.2748875
674.57738,-1.4077653
675.06225,-2.5288838
675.54728,-1.2656941
676.0325,-3.0299608
676.51788,-0.9085975
677.00344,0.24022092
677.48917,2.0400239
677.97508,1.7064976
678.46116,0.45532851
678.94742,0.88259489
679.43385,-0.45484046
679.92045,-0.6001148
680.40723,-1.5061693
680.89419,-0.68672947
681.38131,-0.41630509
681.86861,0.79529991
682.35609,0.13239925
682.84374,1.8695027
683.33156,1.183081
683.81956,2.4809771
684.30773,2.7592695
684.79608,2.3552131
685.2846,3.0962589
685.7733,3.0294657
686.26217,2.9626767
686.75121,3.0135388
687.24043,3.0251895
687.72982,3.0682168
688.21938,2.9543855
688.70912,2.8248721
689.19904,3.0169315
689.68913,2.9972303
690.17939,3.0245921
690.66983,3.1931345
691.16044,3.0479556
691.65122,3.0361141
692.14218,3.1340808
692.63331,3.6242084
693.12462,3.5731637
693.6161,3.2397702
694.10776,3.3455966
694.59959,3.2318192
695.09159,3.1415754
695.58377,3.0827083
696.07613,3.0630611
696.56865,2.3532219
697.06135,1.1022104
697.55423,0.25904619
698.04728,-0.54489819
698.5405,0.062926278
699.0339,-0.38806863
699.52747,-0.74494175
700.02122,-1.0704382
700.51514,1.1923049
701.00923,1.4393658
701.5035,1.1374112
701.99795,1.2746765
702.49256,1.5374361
702.98736,2.5060822
703.48232,2.6904187
703.97746,2.1767202
704.47277,1.6316533
704.96826,2.9689434
705.46393,2.9180025
705.95976,3.9023597
706.45577,3.388682
706.95196,3.5338319
707.44832,3.3731035
707.94485,3.4163009
708.44156,3.545777
708.93844,3.4478062
709.4355,3.3576828
709.93273,3.4636419
710.43013,3.5774482
710.92771,3.4402784
711.42546,2.4717401
711.92339,0.58555894
712.42149,0.24447995
712.91976,0.24066001
713.41821,1.3976285
713.91684,0.75852278
714.41563,0.42530353
714.91461,3.3862061
715.41375,3.5235833
715.91307,3.4413569
716.41257,2.2610954
716.91224,0.1553479
717.41208,-0.60921901
717.9121,-2.8482916
718.41229,-4.1540267
718.91265,-4.0087772
719.41319,-4.3576413
719.91391,-4.8476776
720.4148,-3.2828079
720.91586,-3.145385
721.41709,-2.953056
721.9185,-2.9097424
722.42009,-3.2664247
722.92185,-0.88584796
723.42378,0.72610549
723.92589,0.63610231
724.42817,-0.19115163
724.93063,-0.97134259
725.43326,0.38964706
725.93606,1.9460951
726.43904,0.60059983
726.94219,0.45512211
727.44552,1.1645639
727.94902,3.0897094
728.45269,3.3442842
728.95654,3.1596609
729.46057,2.4652511
729.96476,2.3904667
730.46914,2.0333469
730.97368,3.4880094
731.4784,3.9387677
731.9833,4.7817005
732.48837,4.6991605
732.99361,3.9656577
733.49902,3.436094
734.00462,4.1065478
734.51038,2.7848622
735.01632,2.1063315
735.52243,2.7062496
736.02872,3.7610872
736.53518,2.2433932
737.04182,1.0315992
737.54863,2.2198227
738.05562,4.0198284
738.56277,4.1414202
739.07011,2.8747943
739.57762,2.7375977
740.0853,2.0906146
740.59315,2.0240412
741.10118,1.306505
741.60939,3.090947
742.11776,3.1185438
742.62632,3.5069425
743.13504,3.3071234
743.64394,3.405361
744.15302,3.5036161
744.66227,4.417575
745.17169,3.8962574
745.68129,3.4847611
746.19106,2.6889687
746.70101,1.6971153
747.21113,1.7405736
747.72142,3.0860102
748.23189,1.8040133
748.74253,0.74164174
749.25335,0.4086995
749.76434,1.8091081
750.2755,2.4565931
750.78684,3.5668406
751.29836,4.2065175
751.81005,6.6109177
752.32191,7.0859237
752.83394,6.9256531
753.34615,6.2085373
753.85854,5.3816351
754.3711,4.3116131
754.88383,5.4298439
755.39674,3.904955
755.90982,2.6781229
756.42307,2.58072
756.9365,3.5186287
757.45011,3.7271433
757.96388,2.8454792
758.47784,1.8148131
758.99196,1.7253409
759.50626,1.3849059
760.02074,-0.1711979
760.53539,-1.8763038
761.05021,-1.4402157
761.56521,-1.0511688
762.08038,-0.69347707
762.59573,-0.4455717
763.11125,0.92391982
763.62694,0.52872297
764.14281,-0.24292695
764.65885,1.7932838
765.17507,1.8530415
765.69146,0.9559539
766.20802,0.60790346
766.72476,1.255949
767.24168,1.786365
767.75876,2.7246416
768.27602,3.5374455
768.79346,4.2326199
769.31107,3.5317334
769.82886,3.3092958
770.34681,2.8437385
770.86495,3.1154535
771.38325,3.9283626
771.90173,4.733446
772.42039,2.9816842
772.93922,2.202489
773.45822,2.0899779
773.9774,2.8088569
774.49675,0.46108676
775.01628,1.0701969
775.53598,0.22834411
776.05585,0.71984219
776.5759,-0.31805397
777.09613,-0.49318751
777.61652,-1.3035977
778.13709,-1.2120295
778.65784,-1.3322085
779.17876,-0.55040925
779.69985,-1.6666317
780.22112,-1.3632287
780.74256,-2.2519652
781.26418,-0.53676248
781.78597,-1.0489933
782.30794,-0.094539867
782.83008,-0.88908856
783.35239,-0.54636483
783.87488,-1.7487216
784.39754,-0.84125698
784.92037,-1.4396572
785.44338,-1.0576477
785.96657,-1.3344442
786.48993,-1.0935762
787.01346,-0.12327883
787.53717,0.65880072
788.06105,-0.080670834
788.5851,-0.35737977
789.10933,-1.1674045
789.63373,-0.31466667
790.15831,0.30141878
790.68306,1.2704625
791.20799,1.9336408
791.73309,2.0242873
792.25836,1.3933821
792.78381,0.77818034
793.30944,-1.4291613
793.83523,-0.67177992
794.3612,0.77581456
794.88735,0.86656335
795.41367,0.14948607
795.94016,1.957916
796.46683,1.7193043
796.99367,2.2022782
797.52069,6.2068378
798.04788,10.517297
798.57525,9.3297336
799.10278,8.1892463
799.6305,8.0526977
800.15838,8.7789112
800.68645,6.0933771
801.21468,2.5843306
801.74309,2.1811836
802.27168,1.6917791
802.80043,-0.62505938
803.32937,-2.3458023
803.85847,-2.4116262
804.38775,-2.8852762
804.91721,-4.0647915
805.44684,-3.6678191
805.97664,-3.7806336
806.50662,-3.7522546
807.03677,-3.6846428
807.5671,-3.1150532
808.0976,-1.6905445
808.62827,-1.2228816
809.15912,0.46048472
809.69014,3.0615151
810.22134,3.1213862
810.75271,1.4793134
811.28426,0.80980681
811.81597,-0.28321217
812.34787,0.78849178
812.87994,2.1974677
813.41218,4.3515587
813.94459,2.7331178
814.47718,2.3303802
815.00995,2.1158949
815.54289,1.7680934
816.076,-0.046357695
816.60929,0.64901216
817.14275,0.88165398
817.67638,0.53392071
818.21019,-1.954972
818.74418,-0.86737701
819.27834,0.37709776
819.81267,1.7470798
820.34718,1.1406083
820.88186,1.2165068
821.41671,1.0649714
821.95174,2.3644334
822.48694,5.1384223
823.02232,5.3712518
823.55787,4.9374317
824.0936,5.327158
824.6295,4.2110191
825.16557,3.8399953
825.70182,2.3395767
826.23824,1.4195674
826.77484,0.23290848
827.31161,0.52861955
827.84856,1.2086614
828.38567,0.0063673955
828.92297,0.34134534
829.46044,0.8567325
829.99808,1.2231171
830.53589,0.61696977
831.07388,-1.0401409
831.61205,-1.8893914
832.15039,-1.2013699
832.6889,-1.2741157
833.22759,1.2962929
833.76645,1.0824048
834.30548,-0.15891727
834.84469,-1.1963007
835.38408,-1.0807258
835.92363,-2.2592516
836.46337,-1.3828583
837.00327,-0.61625193
837.54335,1.1386068
838.08361,-0.032007545
838.62404,0.10719906
839.16464,0.77975606
839.70542,2.1189968
840.24637,0.60335262
840.78749,0.47596081
841.32879,2.9525076
841.87027,4.715346
842.41192,3.2938877
842.95374,4.5155838
843.49574,12.113767
844.03791,14.119811
844.58025,12.086657
845.12277,11.073127
845.66546,8.7419669
846.20833,6.1441575
846.75137,5.3267572
847.29459,4.164276
847.83798,3.4018119
848.38154,0.20799226
848.92528,0.37889557
849.46919,0.10275712
850.01328,0.24232201
850.55754,0.013276503
851.10198,0.21562061
851.64659,-0.099665286
852.19137,1.0438894
852.73633,0.26589254
853.28146,-0.38659707
853.82677,-0.90573629
854.37225,-0.099368252
854.9179,0.487409
855.46373,0.046752341
856.00973,-0.64486765
856.55591,-0.72470588
857.10226,-0.75984374
857.64879,-1.2106516
858.19549,-1.5045804
858.74236,-2.1279046
859.28941,-1.6767027
859.83663,-0.64509241
860.38403,1.8688872
860.9316,1.1358242
861.47934,0.5596403
862.02726,-0.28319397
862.57535,2.9445763
863.12362,2.0704021
863.67206,1.3295775
864.22068,1.1142595
864.76947,1.7930753
865.31843,3.185633
865.86757,6.3978148
866.41688,9.9472678
866.96637,11.645757
867.51603,12.654066
868.06587,17.027097
868.61588,17.345243
869.16606,17.467327
869.71642,17.550211
870.26695,17.240954
870.81765,15.449361
871.36853,12.849941
871.91959,9.6074007
872.47082,7.0236997
873.02222,4.8713876
873.5738,1.9739937
874.12555,0.2217142
874.67747,0.42239217
875.22957,0.75641978
875.78185,-0.43894808
876.3343,-0.66175061
876.88692,-0.39826233
877.43971,-0.2288754
877.99268,-0.23986431
878.54583,-0.43122908
879.09915,3.463697
879.65264,4.2998158
880.20631,3.5045783
880.76015,3.3054357
881.31416,3.3886622
881.86835,2.0915129
882.42272,3.1316348
882.97726,4.4854985
883.53197,5.9648687
884.08686,5.9697454
884.64192,8.3746384
885.19715,14.003077
885.75256,13.60016
886.30814,10.577651
886.8639,8.5669224
887.41983,7.9287597
887.97594,7.5259074
888.53222,5.9701302
889.08867,9.6300556
889.6453,18.12137
890.2021,17.859759
890.75908,15.496204
891.31623,14.411097
891.87356,14.518162
892.43106,12.648774
892.98873,10.269598
893.54658,7.6708299
894.1046,4.9465883
894.6628,3.4929513
895.22117,3.7020756
895.77971,5.5818045
896.33843,4.8027261
896.89732,3.4668013
897.45639,2.3034418
898.01563,1.5557849
898.57505,1.874811
899.13463,2.9624809
899.6944,1.8697748
900.25434,0.18884982
900.81445,-0.48029419
901.37474,-0.05138267
901.9352,1.2481334
902.49583,1.7084501
903.05664,1.6825085
903.61762,2.3859951
904.17878,4.3914587
904.74011,4.8439974
905.30162,8.4887093
905.8633,18.000104
906.42515,20.389947
906.98718,19.901374
907.54938,16.597132
908.11176,13.873298
908.67431,12.937715
909.23703,12.284502
909.79993,13.482286
910.36301,14.962438
910.92625,14.552411
911.48968,15.860048
912.05327,19.379465
912.61704,21.267526
913.18099,20.779133
913.74511,19.145658
914.3094,17.229847
914.87386,14.576797
915.43851,11.131606
916.00332,8.8550589
916.56831,7.2295086
917.13347,5.3294648
917.69881,3.6647315
918.26432,2.0000145
918.83001,3.1196275
919.39587,3.0941588
919.96191,2.8334122
920.52811,3.7020937
921.0945,4.6805955
921.66105,4.3414665
922.22779,6.1670596
922.79469,9.0514926
923.36177,9.4967263
923.92902,8.8988389
924.49645,7.446066
925.06406,9.6246818
925.63183,11.803314
926.19978,11.487845
926.76791,9.2037645
927.33621,10.629504
927.90468,12.470947
928.47333,16.594759
929.04215,19.393096
929.61114,18.528706
930.18031,14.809429
930.74966,11.121541
931.31918,10.241513
931.88887,8.3262067
932.45874,7.1246423
933.02878,6.0407413
933.59899,7.3254841
934.16938,6.3592628
934.73995,7.3146264
935.31068,14.442555
935.88159,17.986187
936.45268,16.274933
937.02394,13.42644
937.59538,11.291689
938.16698,9.7922485
938.73877,8.504589
939.31072,5.0522399
939.88286,3.2861816
940.45516,2.4299436
941.02764,1.354114
941.60029,2.866536
942.17312,3.9868174
942.74612,3.4443701
943.3193,0.54899786
943.89265,1.4575635
944.46618,0.91516507
945.03987,1.0394496
945.61375,0.82649553
946.18779,0.26845972
946.76202,0.43985198
947.33641,0.10145663
947.91098,1.7473913
948.48573,1.2443227
949.06064,0.69421152
949.63574,1.7990186
950.211,2.9979597
950.78644,4.0714269
951.36206,5.0743221
951.93785,6.6027239
952.51381,7.0252595
953.08995,6.2556547
953.66626,5.6743014
954.24275,5.5321801
954.81941,5.609683
955.39624,4.4087708
955.97325,3.788267
956.55043,3.2618972
957.12779,2.6414261
957.70532,4.177834
958.28303,7.0397484
958.8609,7.5095223
959.43896,5.2185281
960.01719,3.4608836
960.59559,2.7934515
961.17416,1.4750552
961.75291,1.1370675
962.33184,0.75988032
962.91094,1.5670232
963.49021,1.323202
964.06966,1.0401814
964.64928,3.1414908
965.22907,3.9094832
965.80904,2.2382763
966.38919,1.6964973
966.96951,2.0566955
967.55,3.1933806
968.13067,3.130082
968.71151,2.91778
969.29252,2.4623572
969.87371,1.4187153
970.45507,2.6809721
971.03661,5.9275589
971.61832,5.6839659
972.20021,4.1776442
972.78227,3.5340838
973.3645,2.9768143
973.94691,2.2156395
974.52949,1.9485986
975.11225,2.9992211
975.69518,4.0106442
976.27829,2.7240444
976.86156,1.6178531
977.44502,2.0175604
978.02865,2.9584605
978.61245,2.1503573
979.19642,2.1971724
979.78057,1.8204744
980.3649,0.43202791
980.9494,3.5063429
981.53407,11.702243
982.11892,13.004041
982.70394,10.698013
983.28913,8.2037657
983.8745,8.5565935
984.46005,4.8780651
985.04576,3.2858276
985.63166,0.77595921
986.21772,-0.6123242
986.80396,-0.34568935
987.39038,-0.69864604
987.97697,-0.12609623
988.56373,0.43862674
989.15067,-0.11820261
989.73778,0.219102
990.32506,-0.84749867
990.91252,-0.56506342
991.50016,-0.45516088
992.08797,-0.50210479
992.67595,-0.25099318
993.2641,-0.57241429
993.85244,-0.90950537
994.44094,-0.78383504
995.02962,-0.64246214
995.61847,-0.10107293
996.2075,-0.085157621
996.7967,-0.79079463
997.38608,-0.74347416
997.97563,0.50386261
998.56535,1.4061176
999.15525,0.46798336
999.74532,1.2632018
1000.3356,3.8388319
1000.926,2.3831088
1001.5166,1.374464
1002.1074,1.4952504
1002.6983,0.016056159
1003.2894,-0.66311862
1003.8807,-1.0756073
1004.4722,-1.8880766
1005.0638,-1.6181735
1005.6556,-0.83060386
1006.2476,-0.67830896
1006.8398,-1.0201123
1007.4321,-1.063857
1008.0246,-1.4291508
1008.6173,-1.0728567
1009.2102,-1.7518372
1009.8032,-1.0896218
1010.3964,-0.50581836
1010.9898,-0.94944648
1011.5834,-0.53815322
1012.1771,-1.5778209
1012.771,-1.8409986
1013.3651,-1.2178824
1013.9593,-0.98721196
1014.5538,-0.60750722
1015.1484,-0.78465049
1015.7431,-0.34217118
1016.3381,0.12385228
1016.9332,4.448714
1017.5285,3.5343748
1018.124,2.8082856
1018.7196,1.4626033
1019.3154,1.214975
1019.9114,1.8693222
1020.5076,0.75897819
1021.1039,1.8447274
1021.7005,1.5108835
1022.2972,0.055485704
1022.894,-1.0234268
1023.4911,-1.443501
1024.0883,-1.440031
1024.6857,-2.4796836
1025.2832,-1.7624586
1025.881,-0.84129743
1026.4789,-2.0142391
1027.077,1.385383
1027.6752,7.4438433
1028.2737,7.6434948
1028.8723,5.0510043
1029.471,3.6663716
1030.07,2.1641065
1030.6691,0.81871901
1031.2684,0.24197365
1031.8679,-0.4053452
1032.4676,-1.7506885
1033.0674,-0.75876221
1033.6674,-0.53544861
1034.2676,-0.84545361
1034.8679,-1.0142674
1035.4684,-1.5909096
1036.0691,-0.58322331
1036.67,-0.83042426
1037.2711,-1.391336
1037.8723,-0.86203685
1038.4737,-1.7288014
1039.0752,-1.0975121
1039.677,-0.28581578
1040.2789,-0.28979105
1040.881,-0.77218295
1041.4833,-1.2231876
1042.0857,2.3258226
1042.6883,4.4160239
1043.2911,5.3297694
1043.8941,4.6435296
1044.4972,3.643579
1045.1005,2.745604
1045.704,2.1378398
1046.3077,1.8438159
1046.9115,2.600787
1047.5155,3.5067925
1048.1197,3.0951657
1048.724,1.4364948
1049.3286,0.083720998
1049.9333,0.27605996
1050.5382,-0.51197849
1051.1432,-0.18627671
1051.7484,-1.9703641
1052.3538,-2.7583584
1052.9594,-2.7228085
1053.5652,-2.8911654
1054.1711,-2.3849978
1054.7772,-2.9376389
1055.3835,-3.6157556
1055.9899,-3.2899359
1056.5965,-2.1641015
1057.2033,-0.55197781
1057.8103,-0.61042765
1058.4174,-0.16690196
1059.0247,0.29729382
1059.6322,1.7967976
1060.2399,1.7825899
1060.8477,0.3331019
1061.4558,0.30323569
1062.0639,0.97926574
1062.6723,2.6278587
1063.2808,5.0137205
1063.8896,4.3486159
1064.4984,2.365878
1065.1075,2.7125659
1065.7167,3.4749539
1066.3261,2.2687284
1066.9357,1.4782031
1067.5455,0.94651527
1068.1554,-0.18908025
1068.7655,0.44788717
1069.3758,0.10447634
1069.9862,-0.25460685
1070.5969,-1.1548526
1071.2077,-0.59626091
1071.8186,-1.1435377
1072.4298,-0.71825146
1073.0411,2.1384212
1073.6526,6.3754999
1074.2643,5.9145533
1074.8761,3.0300912
1075.4882,2.5613294
1076.1004,1.7396402
1076.7127,0.37678849
1077.3253,-0.86840225
1077.938,-1.0076967
1078.5509,-1.6489381
1079.1639,-1.57644
1079.7772,-0.57843784
1080.3906,-0.2627747
1081.0042,-1.2569016
1081.6179,-1.8745439
1082.2319,-1.4647214
1082.846,-0.90586536
1083.4603,-0.79405423
1084.0747,-0.61164094
1084.6894,0.95902156
1085.3042,1.3767568
1085.9192,3.1278393
1086.5343,3.8044259
1087.1496,4.2457322
1087.7651,5.3066604
1088.3808,6.2028965
1088.9967,6.777578
1089.6127,5.6816851
1090.2289,4.5701199
1090.8453,3.3566078
1091.4618,0.42546257
1092.0786,0.86688026
1092.6954,0.33576284
1093.3125,-0.10906616
1093.9298,-0.78917535
1094.5472,-1.3280942
1095.1648,-2.1415089
1095.7826,-2.4137332
1096.4005,-2.6467279
1097.0186,-2.8169636
1097.6369,-2.5401266
1098.2554,-2.7338639
1098.874,-2.5354304
1099.4928,-2.3840418
1100.1118,-2.7738158
1100.731,-2.026321
1101.3503,-1.3258711
1101.9698,-0.28030921
1102.5895,0.95350187
1103.2094,2.8304641
1103.8294,3.5858717
1104.4496,6.2707049
1105.07,10.783003
1105.6905,11.099237
1106.3113,8.5997978
1106.9322,5.645471
1107.5532,4.973511
1108.1745,3.8231336
1108.7959,3.5512014
1109.4175,2.7694793
1110.0393,2.497575
1110.6613,2.6021551
1111.2834,1.60871
1111.9057,0.40351412
1112.5281,-0.17421689
1113.1508,-0.42252223
1113.7736,-1.2198333
1114.3966,-1.76615
1115.0198,-1.0575508
1115.6431,-1.3685456
1116.2666,-1.8050167
1116.8903,-1.5983366
1117.5142,-1.2975249
1118.1382,-1.208464
1118.7624,-0.69585984
1119.3868,3.0638171
1120.0114,3.568606
1120.6361,3.0145853
1121.261,2.4448922
1121.8861,1.8987424
1122.5114,0.77221439
1123.1368,0.045700294
1123.7624,0.98194521
1124.3882,0.3103609
1125.0142,0.66624149
1125.6403,4.6613517
1126.2666,7.7780444
1126.8931,8.4398491
1127.5197,8.3173539
1128.1466,6.4850688
1128.7736,5.4920133
1129.4007,5.8793638
1130.0281,5.4745714
1130.6556,5.8305772
1131.2833,8.2179694
1131.9112,13.123023
1132.5392,17.267306
1133.1674,19.364543
1133.7958,18.881403
1134.4244,16.178669
1135.0531,13.075949
1135.6821,10.177164
1136.3111,6.4234908
1136.9404,5.6659103
1137.5698,3.4652064
1138.1995,2.9978497
1138.8293,1.5893305
1139.4592,0.76906053
1140.0893,1.0311574
1140.7197,1.1442486
1141.3501,0.77892226
1141.9808,0.20184517
1142.6116,1.5777232
1143.2426,2.3810661
1143.8738,2.0942268
1144.5052,1.9721073
1145.1367,1.4813743
1145.7684,2.2534003
1146.4003,2.0764206
1147.0323,2.2445529
1147.6646,1.7695618
1148.297,2.8318395
1148.9295,5.0549155
1149.5623,5.6544759
1150.1952,5.2187562
1150.8283,5.3948151
1151.4616,4.3630447
1152.095,3.1901118
1152.7286,3.2485654
1153.3624,4.1540917
1153.9964,4.0243378
1154.6306,5.1024409
1155.2649,7.4825187
1155.8994,7.2116301
1156.534,5.1603632
1157.1689,4.7796985
1157.8039,4.6657143
1158.4391,3.0850774
1159.0744,1.5201407
1159.71,1.2336493
1160.3457,0.59423055
1160.9816,0.39404145
1161.6176,1.0173957
1162.2538,1.2956658
1162.8903,0.86806744
1163.5268,0.7542085
1164.1636,0.73448113
1164.8005,1.7422186
1165.4376,3.4636956
1166.0749,4.5734217
1166.7124,3.526299
1167.35,3.608602
1167.9878,2.3340561
1168.6258,1.4359948
1169.2639,1.1810846
1169.9022,0.89481574
1170.5407,1.3850314
1171.1794,2.2360453
1171.8182,3.5576614
1172.4573,2.3224286
1173.0965,2.9460333
1173.7358,3.2010244
1174.3754,2.9932843
1175.0151,2.5032053
1175.655,1.4484342
1176.295,2.0015202
1176.9353,1.236973
1177.5757,1.1391065
1178.2163,1.9275283
1178.857,2.2140033
1179.498,2.0612765
1180.1391,1.8222891
1180.7804,2.0146882
1181.4218,0.64631689
1182.0635,-0.80831503
1182.7053,-0.64724676
1183.3472,-0.086164579
1183.9894,-0.88193123
1184.6317,0.34584544
1185.2742,1.3069694
1185.9169,-0.02208888
1186.5598,-0.057015565
1187.2028,0.33160108
1187.846,0.95552575
1188.4894,0.74024865
1189.1329,0.30537762
1189.7766,0.57640285
1190.4205,1.4827361
1191.0646,1.2675147
1191.7088,0.69152282
1192.3533,0.52338802
1192.9979,0.62193381
1193.6426,0.64206213
1194.2876,0.36416515
1194.9327,0.99608601
1195.578,0.89076587
1196.2234,0.27565573
1196.8691,0.84487323
1197.5149,0.31606542
1198.1609,-0.60488533
1198.807,-0.44346923
1199.4534,0.023843137
1200.0999,-0.21131109
1200.7466,0.47120079
1201.3934,0.80079056
1202.0405,0.62843859
1202.6877,0.19728215
1203.335,-0.51620817
1203.9826,-0.99438532
1204.6303,-1.1823473
1205.2782,-0.82911382
1205.9263,-1.087626
1206.5746,-0.56964844
1207.223,-0.3496911
1207.8716,0.14479511
1208.5204,-0.074425112
1209.1693,0.082844308
1209.8184,0.3499367
1210.4677,0.97783247
1211.1172,3.0018257
1211.7668,2.9474067
1212.4167,2.9949674
1213.0667,2.1013708
1213.7168,1.5058324
1214.3672,0.53384255
1215.0177,0.75402857
1215.6684,0.61344934
1216.3192,-0.53103241
1216.9703,0.16764216
1217.6215,0.39574754
1218.2729,-0.36436331
1218.9244,0.50691744
1219.5762,2.0213545
1220.2281,1.5828694
1220.8802,1.3247956
1221.5324,1.3412506
1222.1849,1.2557639
1222.8375,1.7977472
1223.4902,4.4809261
1224.1432,6.191575
1224.7963,6.137537
1225.4496,5.9188123
1226.1031,5.0099105
1226.7568,3.2853415
1227.4106,1.8588308
1228.0646,0.3303783
1228.7188,0.8882194
1229.3731,0.61470702
1230.0276,-0.80388435
1230.6823,-0.94402529
1231.3372,-0.91159816
1231.9922,-0.62032844
1232.6475,-0.862373
1233.3029,-1.1671436
1233.9584,-1.1816991
1234.6142,-1.0393727
1235.2701,-1.0303607
1235.9262,-0.51152562
1236.5824,-1.4044362
1237.2389,-0.83066112
1237.8955,0.26862324
1238.5523,-0.035994908
1239.2092,-0.29353518
1239.8664,0.35090439
1240.5237,0.43850028
1241.1812,0.67513482
1241.8388,0.34708254
1242.4967,0.19159834
1243.1547,0.25574104
1243.8128,0.85323612
1244.4712,-0.39238699
1245.1297,-0.99485379
1245.7884,-0.69534075
1246.4473,-0.31737729
1247.1064,-0.3472379
1247.7656,-0.29864809
1248.425,0.063686275
1249.0846,0.29265505
1249.7443,0.1686934
1250.4042,-0.23761043
1251.0643,-0.7066486
1251.7246,-0.85410738
1252.385,-1.1584182
1253.0457,-0.77252209
1253.7064,-0.34739959
1254.3674,0.093419951
1255.0286,0.12640711
1255.6899,0.74764032
1256.3514,0.42770782
1257.013,1.8489625
1257.6749,1.9368947
1258.3369,0.6366023
1258.9991,0.74808538
1259.6614,0.85173607
1260.324,0.6338289
1260.9867,0.055148168
1261.6496,0.14314486
1262.3126,-0.066886904
1262.9758,-0.033770656
1263.6392,-0.039859338
1264.3028,0.8717098
1264.9666,2.2225054
1265.6305,1.9654686
1266.2946,1.8339327
1266.9589,2.6592704
1267.6233,1.3669717
1268.288,-0.91355145
1268.9528,-1.2097501
1269.6177,-1.2000557
1270.2829,-0.82172312
1270.9482,-0.44337975
1271.6137,-1.2728688
1272.2794,-1.1533274
1272.9452,-1.0337753
1273.6112,-0.60048691
1274.2774,-0.89659955
1274.9438,-1.3181916
1275.6103,-0.50055726
1276.2771,-0.40448077
1276.9439,-0.7476092
1277.611,-0.48680531
1278.2783,-0.83775537
1278.9457,0.16032494
1279.6132,-0.16707419
1280.281,-0.52583512
1280.9489,-0.58654607
1281.6171,0.16059688
1282.2853,1.2606918
1282.9538,1.7411896
1283.6224,1.1001295
1284.2912,1.9649625
1284.9602,0.67294355
1285.6294,0.91034712
1286.2987,1.4850163
1286.9682,0.87538261
1287.6379,-0.14992665
1288.3077,-0.48502907
1288.9778,-0.57698348
1289.648,-1.2414762
1290.3183,-0.98046787
1290.9889,-1.3076841
1291.6596,-1.2897916
1292.3305,-1.1542412
1293.0016,-1.410837
1293.6728,-0.85173569
1294.3442,-0.15929031
1295.0158,0.15669523
1295.6876,-0.013582977
1296.3595,-0.14463474
1297.0316,-0.46391104
1297.7039,-0.20278443
1298.3764,0.14462745
1299.049,-0.40457705
1299.7218,-0.72632046
1300.3948,-0.52256356
1301.068,-0.35801225
1301.7413,-0.013058668
1302.4148,0.159356
1303.0885,1.5396239
1303.7624,1.9708823
1304.4364,1.6570528
1305.1106,1.264802
1305.785,0.96667899
1306.4595,1.9548406
1307.1343,2.0802672
1307.8092,1.4213902
1308.4843,0.80173893
1309.1595,1.3115096
1309.8349,1.4918786
1310.5105,2.7310812
1311.1863,4.3859802
1311.8622,5.3742226
1312.5384,3.7585536
1313.2147,2.3154437
1313.8911,0.91940278
1314.5678,-0.053098653
1315.2446,-0.66480567
1315.9216,-1.3549339
1316.5988,-1.3705423
1317.2761,-0.68025822
1317.9536,-1.1585915
1318.6313,-1.7624048
1319.3092,-1.6132669
1319.9872,-1.0013737
1320.6654,-1.0953528
1321.3438,-1.0481453
1322.0224,-0.39700617
1322.7011,0.4659078
1323.38,0.034714233
1324.0591,-0.37293981
1324.7384,-0.1374465
1325.4178,-0.21566857
1326.0974,-0.5605472
1326.7772,-0.45835689
1327.4571,0.47521607
1328.1372,1.1656619
1328.8176,0.51494133
1329.498,0.61717207
1330.1787,1.0488247
1330.8595,0.65695798
1331.5405,0.77490531
1332.2217,0.24188235
1332.903,-0.1218524
1333.5845,-0.36793283
1334.2662,-0.11988834
1334.9481,-0.37379737
1335.6302,-1.0120129
1336.3124,-1.3208093
1336.9948,-1.4727358
1337.6773,-1.2089687
1338.3601,-0.66284138
1339.043,-0.31278524
1339.7261,0.75100365
1340.4093,1.6108782
1341.0928,1.8276228
1341.7764,2.5620218
1342.4602,2.2925064
1343.1441,2.807312
1343.8283,3.38487
1344.5126,3.836945
1345.1971,4.1635371
1345.8817,5.9568032
1346.5666,6.4010569
1347.2516,5.9668865
1347.9367,5.6425273
1348.6221,6.0083714
1349.3076,5.8565758
1349.9933,6.653807
1350.6792,7.6784965
1351.3652,8.5541736
1352.0515,11.476917
1352.7379,13.576138
1353.4244,13.298896
1354.1112,11.374602
1354.7981,9.834629
1355.4852,8.1064281
1356.1725,7.6409796
1356.8599,8.8382835
1357.5475,8.0669672
1358.2353,7.115266
1358.9233,5.8969054
1359.6114,3.6040423
1360.2998,2.1660884
1360.9882,2.1477496
1361.6769,2.129418
1362.3657,1.4287408
1363.0548,1.7319925
1363.7439,2.4430945
1364.4333,2.1738116
1365.1228,2.1084576
1365.8125,2.7097775
1366.5024,3.0679674
1367.1925,2.9791058
1367.8827,3.7843691
1368.5731,4.1268945
1369.2637,4.9321723
1369.9545,6.4276535
1370.6454,5.6721615
1371.3365,5.1755003
1372.0278,5.055317
1372.7192,3.9390625
1373.4108,3.7090898
1374.1026,5.173242
1374.7946,5.5942642
1375.4868,6.0466662
1376.1791,5.7147618
1376.8716,5.8534529
1377.5642,3.8980336
1378.2571,3.4720333
1378.9501,3.0146677
1379.6433,3.278878
1380.3367,2.7274094
1381.0302,2.6779087
1381.7239,2.6833173
1382.4178,2.3514783
1383.1119,1.6274897
1383.8061,1.7348809
1384.5005,1.8893381
1385.1951,2.8594889
1385.8899,2.7708235
1386.5848,3.1919692
1387.2799,2.915083
1387.9752,3.0774198
1388.6706,1.710352
1389.3663,1.857017
1390.0621,2.1762383
1390.7581,2.4405649
1391.4542,3.3166634
1392.1505,3.4633575
1392.847,2.3943726
1393.5437,3.0351988
1394.2406,4.1230911
1394.9376,3.5796182
1395.6348,3.0126231
1396.3322,4.5397529
1397.0297,4.7806155
1397.7274,4.6842304
1398.4253,5.0898134
1399.1234,6.0993252
1399.8216,6.2068835
1400.5201,5.8595471
1401.2187,5.9200611
1401.9174,6.3335236
1402.6164,8.8018953
1403.3155,10.627137
1404.0148,8.224935
1404.7142,5.3835245
1405.4139,3.5852586
1406.1137,2.987
1406.8137,2.8436505
1407.5138,1.6650143
1408.2142,2.0550127
1408.9147,2.4842341
1409.6153,2.1762078
1410.3162,1.8132869
1411.0172,2.3052752
1411.7184,1.2443296
1412.4198,1.03045
1413.1214,1.6636366
1413.8231,0.91643827
1414.525,2.216306
1415.2271,2.4652007
1415.9293,2.0709653
1416.6318,3.0414431
1417.3344,2.4982027
1418.0371,2.7941852
1418.7401,1.7646848
1419.4432,1.0959759
1420.1465,2.5057058
1420.85,2.3154428
1421.5536,1.4663636
1422.2574,0.92317408
1422.9614,0.10548197
1423.6656,0.5034834
1424.3699,0.6897274
1425.0744,-0.06519781
1425.7791,-0.21619419
1426.484,-0.19463427
1427.189,0.25830545
1427.8942,-0.7083554
1428.5996,-0.50638153
1429.3052,-0.076949419
1430.0109,-0.81613749
1430.7168,0.31134837
1431.4229,1.4231552
1432.1292,1.5859497
1432.8356,2.6271829
1433.5422,2.5939135
1434.249,2.3881024
1434.9559,1.7352397
1435.6631,1.0039529
1436.3704,1.2530655
1437.0778,0.69434222
1437.7855,1.2415086
1438.4933,0.76907437
1439.2013,0.66527488
1439.9095,1.5261885
1440.6178,1.5714232
1441.3263,1.208822
1442.035,2.1952476
1442.7439,1.9973668
1443.4529,1.901454
1444.1622,1.8604505
1444.8716,1.0978856
1445.5811,1.4019947
1446.2909,0.7884639
1447.0008,0.81807767
1447.7109,2.5418163
1448.4211,5.6694839
1449.1316,7.8795116
1449.8422,7.5326838
1450.553,5.85253
1451.2639,3.2939521
1451.9751,2.6883226
1452.6864,2.0356416
1453.3978,0.89669326
1454.1095,0.22049734
1454.8213,0.061955743
1455.5333,0.64851945
1456.2455,0.15273748
1456.9579,-0.68813526
1457.6704,0.40825417
1458.3831,0.15563126
1459.096,-0.47345498
1459.809,-0.7339065
1460.5222,0.47231592
1461.2356,1.4981534
1461.9492,0.95537078
1462.663,0.50671303
1463.3769,0.4894351
1464.091,0.24471345
1464.8052,0.74509711
1465.5197,0.25725274
1466.2343,-0.6384275
1466.9491,-0.43606126
1467.6641,-0.021923047
1468.3792,-1.2705227
1469.0945,-1.1857817
1469.81,-0.74024912
1470.5257,-0.27902302
1471.2415,-0.85308377
1471.9575,-1.1212549
1472.6737,-0.48706411
1473.3901,-0.072477608
1474.1066,-0.26180913
1474.8233,-1.0785881
1475.5402,-1.0247753
1476.2572,-0.29644908
1476.9745,0.078939462
1477.6919,0.87786097
1478.4095,2.359139
1479.1272,2.1149303
1479.8451,1.1413134
1480.5632,0.26966089
1481.2815,-0.1157136
1482,0.079307621
1482.7186,-0.1648833
1483.4374,-0.087502049
1484.1564,-0.33952901
1484.8755,-0.27782694
1485.5948,0.2936826
1486.3143,0.20637216
1487.034,0.072006436
1487.7538,0.039605048
1488.4739,0.36799152
1489.194,0.93951879
1489.9144,1.2835986
1490.6349,1.0629761
1491.3557,0.67765131
1492.0765,0.73938885
1492.7976,0.31485543
1493.5188,2.7373844
1494.2403,5.7559953
1494.9618,7.2059823
1495.6836,6.4598945
1496.4055,5.2589082
1497.1276,3.8461607
1497.8499,2.7000835
1498.5724,1.3579314
1499.295,0.21970442
1500.0178,1.0971673
1500.7408,0.99424147
1501.4639,1.5187702
1502.1873,1.8315378
1502.9108,0.41097561
1503.6345,0.32375029
1504.3583,0.66790107
1505.0823,0.66695735
1505.8065,0.75229169
1506.5309,1.1905708
1507.2554,1.5112063
1507.9802,1.2279238
1508.7051,-0.47496292
1509.4301,-0.27196379
1510.1554,0.0016271267
1510.8808,-0.0071313511
1511.6064,0.28999607
1512.3321,-0.18934355
1513.0581,-1.3353463
1513.7842,-0.58330626
1514.5105,-0.85871368
1515.2369,-1.1890195
1515.9636,-1.362459
1516.6904,-0.63393423
1517.4174,0.69851568
1518.1445,1.9368515
1518.8719,2.437936
1519.5994,2.8135338
1520.3271,2.4675665
1521.0549,2.4353283
1521.7829,2.0109367
1522.5111,1.7120389
1523.2395,2.173929
1523.9681,2.9573912
1524.6968,3.3016413
1525.4257,2.3282478
1526.1548,1.8176031
1526.884,1.0795109
1527.6135,0.78848101
1528.3431,0.45039589
1529.0728,-0.12297979
1529.8028,0.44090296
1530.5329,0.81655398
1531.2632,-0.45485029
1531.9937,-0.38507454
1532.7243,-0.25255014
1533.4551,0.36625232
1534.1861,0.99290145
1534.9173,0.77249532
1535.6486,1.140328
1536.3801,1.1160074
1537.1118,1.1779648
1537.8437,1.4360043
1538.5757,0.90189037
1539.3079,2.9795447
1540.0403,4.2023007
1540.7729,5.8407464
1541.5056,6.5144899
1542.2385,4.968629
1542.9716,2.6619874
1543.7048,0.60632968
1544.4383,1.146754
1545.1719,0.61267199
1545.9057,0.37663278
1546.6396,0.67393045
1547.3737,0.63397676
1548.108,1.0959874
1548.8425,0.53839376
1549.5772,-1.0231179
1550.312,-0.60815545
1551.047,-1.024562
1551.7822,-0.60959244
1552.5175,0.31518459
1553.253,0.76153379
1553.9887,0.87847477
1554.7246,-0.024188547
1555.4606,-0.36214243
1556.1968,-0.84911238
1556.9332,-0.7713729
1557.6698,-0.63872791
1558.4065,-0.75705976
1559.1434,-0.16166258
1559.8805,-0.7976344
1560.6178,-0.53164189
1561.3552,-1.1127047
1562.0928,-0.1408227
1562.8306,0.47027849
1563.5686,0.014716557
1564.3067,-0.095743787
1565.045,0.060466083
1565.7835,0.71864028
1566.5222,0.5062298
1567.261,0.41146991
1568,0.99122338
1568.7392,2.7552941
1569.4785,4.0330939
1570.2181,3.9932502
1570.9578,3.7965472
1571.6976,3.6155341
1572.4377,3.9521716
1573.1779,4.3280283
1573.9183,4.4685945
1574.6589,3.4405368
1575.3996,2.4987571
1576.1405,1.847177
1576.8816,0.92893382
1577.6229,0.97540006
1578.3643,1.0532424
1579.106,0.98991182
1579.8478,1.7344279
1580.5897,1.2005162
1581.3319,1.6077845
1582.0742,2.6032916
1582.8167,2.2733121
1583.5593,1.2217675
1584.3022,0.94669704
1585.0452,3.0402576
1585.7883,5.2044099
1586.5317,7.2901344
1587.2752,7.2660585
1588.0189,5.9713979
1588.7628,5.084584
1589.5069,4.4252247
1590.2511,3.1227316
1590.9955,2.7535754
1591.7401,2.7295208
1592.4848,3.8819404
1593.2298,4.9794615
1593.9749,3.5750254
1594.7201,2.8921614
1595.4656,3.409301
1596.2112,3.5342873
1596.957,3.2200615
1597.703,3.0940744
1598.4491,2.9367184
1599.1955,3.6185817
1599.9419,3.0141739
1600.6886,2.7470246
1601.4355,3.6641926
1602.1825,5.4362661
1602.9297,10.235794
1603.677,17.968659
1604.4246,24.28192
1605.1723,24.218713
1605.9202,21.739824
1606.6682,16.123683
1607.4165,12.021272
1608.1649,9.346315
1608.9135,7.0478322
1609.6622,5.1650391
1610.4112,4.0038183
1611.1603,2.5837775
1611.9095,2.5127598
1612.659,2.2064516
1613.4086,2.0805391
1614.1584,1.7742379
1614.9084,3.107156
1615.6586,3.8439992
1616.4089,4.1181009
1617.1594,3.6784806
1617.9101,2.1329815
1618.6609,1.9443487
1619.4119,2.4066999
1620.1631,1.8808193
1620.9145,1.5510206
1621.666,1.3231863
1622.4178,2.7973164
1623.1697,1.6283127
1623.9217,1.5965675
1624.674,1.5412964
1625.4264,3.6428916
1626.179,5.838608
1626.9317,6.9833475
1627.6847,8.9594632
1628.4378,8.402249
1629.1911,5.7352345
1629.9445,4.5662628
1630.6982,4.1188632
1631.452,6.3773495
1632.206,7.5691727
1632.9601,7.9374701
1633.7145,6.7449866
1634.469,4.6348597
1635.2237,3.2776775
1635.9785,2.2577537
1636.7335,2.351559
1637.4887,3.1669364
1638.2441,4.076435
1638.9997,4.1310353
1639.7554,3.7385802
1640.5113,3.9500503
1641.2674,2.6713278
1642.0236,2.4514324
1642.78,1.4236974
1643.5366,1.7371424
1644.2934,2.450591
1645.0504,2.7169843
1645.8075,2.2774988
1646.5648,1.44586
1647.3222,1.4534404
1648.0799,1.8845538
1648.8377,2.6529256
1649.5957,2.6448304
1650.3538,1.8210524
1651.1122,1.7502192
1651.8707,1.7186052
1652.6294,1.0281712
1653.3882,-0.26618076
1654.1473,0.14143157
1654.9065,0.82355726
1655.6659,0.72137276
1656.4254,0.64272123
1657.1852,0.30524971
1657.9451,1.010919
1658.7052,0.4067879
1659.4654,0.20266036
1660.2258,0.68873244
1660.9864,0.97872964
1661.7472,1.4491225
1662.5082,1.7940288
1663.2693,1.5585464
1664.0306,1.0720872
1664.7921,0.74249431
1665.5537,-0.53611466
1666.3155,-0.089229892
1667.0775,0.090991758
1667.8397,0.72611892
1668.6021,2.0592888
1669.3646,1.1414819
1670.1273,1.1177962
1670.8901,1.4862709
1671.6532,2.0351412
1672.4164,2.3800936
1673.1798,1.6034809
1673.9434,2.1366756
1674.7071,2.4188935
1675.471,2.4971934
1676.2351,2.3872615
1676.9994,2.2616469
1677.7638,3.0615261
1678.5284,4.4025853
1679.2932,4.7946284
1680.0581,3.241577
1680.8233,1.6336272
1681.5886,0.78646523
1682.3541,0.83342449
1683.1197,0.98234807
1683.8855,1.4293144
1684.6515,1.5311863
1685.4177,0.95855187
1686.1841,0.69180337
1686.9506,0.64466625
1687.7173,-0.39070261
1688.4842,-0.95547969
1689.2512,-0.0065277275
1690.0184,1.0836042
1690.7858,-0.17920141
1691.5534,-0.40670939
1692.3212,0.25206067
1693.0891,0.46377546
1693.8572,1.0441213
1694.6254,0.76956863
1695.3939,0.04086661
1696.1625,-0.036847744
1696.9313,-0.13808424
1697.7002,-0.090293849
1698.4694,-0.042496189
1699.2387,-0.54371086
1700.0082,-0.52727121
1700.7778,-0.20494193
1701.5477,0.32131619
1702.3177,-0.15633998
1703.0879,-0.67320457
1703.8582,-0.63319914
1704.6288,-1.0402453
1705.3995,-1.1727743
1706.1704,-0.30921765
1706.9414,0.2641502
1707.7126,0.7904665
1708.484,0.36777047
1709.2556,-0.35295751
1710.0274,0.14985119
1710.7993,-0.50027401
1711.5714,-0.57784291
1712.3437,-0.63971827
1713.1161,-0.51335106
1713.8887,-0.12030992
1714.6615,0.50018948
1715.4345,0.4775589
1716.2076,0.67454343
1716.981,0.94212347
1717.7545,1.9548088
1718.5281,1.0929916
1719.302,1.046868
1720.076,1.1811438
1720.8502,1.0644465
1721.6245,1.269325
1722.3991,1.5291129
1723.1738,2.9653785
1723.9487,4.087926
1724.7237,4.1830297
1725.499,3.6820623
1726.2744,1.5026708
1727.05,0.22524733
1727.8257,0.077242904
1728.6017,0.78414771
1729.3778,0.94204019
1730.154,1.7352341
1730.9305,1.9245136
1731.7071,1.2824279
1732.4839,1.0089769
1733.2609,0.57867047
1734.0381,0.14837129
1734.8154,-0.085842193
1735.5929,-0.15534252
1736.3706,-0.90718852
1737.1484,-0.16098802
1737.9264,0.11463151
1738.7046,0.22555243
1739.483,-0.38508801
1740.2615,-0.65846627
1741.0403,0.048554898
1741.8191,0.30852451
1742.5982,-0.18443977
1743.3775,0.0049561531
1744.1569,-0.15073869
1744.9365,0.015142372
1745.7162,0.094756193
1746.4962,0.14300474
1747.2763,0.30890761
1748.0566,0.066974625
1748.837,0.028970478
1749.6177,-0.44824208
1750.3985,-0.67446698
1751.1795,-0.2889199
1751.9606,-0.18571849
1752.7419,0.30180392
1753.5234,0.47988445
1754.3051,0.34424421
1755.087,-0.065901097
1755.869,-0.45251227
1756.6512,-0.41558929
1757.4336,-0.30807336
1758.2161,-0.27114093
1758.9989,-0.31263514
1759.7818,0.19489498
1760.5648,0.051449446
1761.3481,0.62173413
1762.1315,0.031239223
1762.9151,0.51525885
1763.6989,0.41889105
1764.4828,0.98135151
1765.2669,0.87715004
1766.0512,1.0317768
1766.8357,1.5158201
1767.6203,0.75280927
1768.4052,1.4564699
1769.1901,2.6228803
1769.9753,2.2990993
1770.7606,2.9086564
1771.5462,2.5848849
1772.3318,1.8297456
1773.1177,1.1687287
1773.9037,0.67242238
1774.6899,1.27416
1775.4763,1.4366867
1776.2629,1.8266691
1777.0496,1.6519503
1777.8365,1.4301774
1778.6236,1.5142916
1779.4109,0.47684194
1780.1983,-0.3253089
1780.9859,-0.16274912
1781.7737,0.61158009
1782.5616,1.1114042
1783.3497,0.71711544
1784.138,-0.24971764
1784.9265,-0.30674206
1785.7152,0.53819903
1786.504,0.32432132
1787.293,-0.4856301
1788.0822,0.16324675
1788.8715,0.23173617
1789.661,0.91983816
1790.4507,0.96480762
1791.2406,1.5038995
1792.0306,1.9567215
1792.8208,2.3624895
1793.6112,2.5800269
1794.4018,2.0681573
1795.1925,1.5092335
1795.9834,0.22090277
1796.7745,1.0815963
1797.5658,1.6364123
1798.3572,0.85789963
1799.1488,0.76958779
1799.9406,0.21069243
1800.7326,0.50670377
1801.5247,0.4576218
1802.317,0.71442691
1803.1095,0.67319753
1803.9021,0.89079641
1804.695,0.55153727
1805.488,1.4907142
1806.2811,0.62597437
1807.0745,1.6279059
1807.868,1.5239598
1808.6617,1.6082537
1809.4556,2.3435328
1810.2496,1.4866597
1811.0439,2.6533207
1811.8383,2.3846924
1812.6328,2.7670492
1813.4276,3.0396068
1814.2225,2.8023652
1815.0176,3.631795
1815.8128,3.7945628
1816.6083,5.251453
1817.4039,4.4887402
1818.1997,2.8554438
1818.9957,2.7358776
1819.7918,1.7927868
1820.5881,1.5477399
1821.3846,1.3026977
1822.1813,2.3047191
1822.9781,3.0636079
1823.7751,2.0342662
1824.5723,1.7813998
1825.3696,1.3952048
1826.1672,1.0796028
1826.9649,1.3600839
1827.7628,0.77782466
1828.5608,1.042629
1829.359,0.98586938
1830.1574,0.78793805
1830.956,0.96648203
1831.7548,0.58816801
1832.5537,1.8882901
1833.3528,1.6276326
1834.1521,1.6336465
1834.9515,1.4357435
1835.7511,0.8849041
1836.5509,1.2438733
1837.3509,1.6499061
1838.151,1.8363358
1838.9514,1.2855153
1839.7519,1.2601898
1840.5525,1.007418
1841.3534,0.45661168
1842.1544,0.90973168
1842.9556,0.2883466
1843.7569,0.81990743
1844.5585,0.94362986
1845.3602,1.1065727
1846.1621,1.5518732
1846.9641,1.1814922
1847.7664,0.47386096
1848.5688,0.95839134
1849.3713,1.3331225
1850.1741,1.0804075
1850.977,1.1178932
1851.7801,0.87303075
1852.5834,1.1693495
1853.3869,1.3637122
1854.1905,1.0953345
1854.9943,1.5563733
1855.7983,1.6331031
1856.6024,1.9921906
1857.4068,1.7865769
1858.2113,1.9495954
1859.0159,1.8067363
1859.8208,1.6638819
1860.6258,2.6426009
1861.431,2.9311285
1862.2364,2.7804451
1863.0419,1.8925116
1863.8476,1.3888966
1864.6535,1.1833255
1865.4596,1.1581512
1866.2658,1.2114131
1867.0722,1.6568366
1867.8788,1.9140295
1868.6856,1.8731879
1869.4925,1.832351
1870.2996,1.854264
1871.1069,0.7781425
1871.9144,0.43928062
1872.722,1.2690509
1873.5298,1.471375
1874.3378,0.38742923
1875.146,0.16623332
1875.9543,0.5254343
1876.7628,0.46895373
1877.5715,0.91443868
1878.3803,0.92071267
1879.1894,0.2132659
1879.9986,0.04700033
1880.8079,0.61015125
1881.6175,0.26350298
1882.4272,0.97568297
1883.2371,0.69178926
1884.0472,0.93339047
1884.8574,0.28087877
1885.6679,0.85974434
1886.4785,0.77194798
1887.2892,0.15082301
1888.1002,0.13362434
1888.9113,-0.071804901
1889.7226,0.77375098
1890.534,0.37225278
1891.3457,-0.10767208
1892.1575,-0.45425887
1892.9695,-0.0086840642
1893.7816,-0.25330061
1894.594,-0.33320655
1895.4065,0.31630401
1896.2192,0.51876048
1897.032,0.1173001
1897.8451,0.36682485
1898.6583,0.45949158
1899.4717,0.85020225
1900.2852,1.374251
1901.099,1.0983045
1901.9129,0.70471559
1902.7269,1.5895628
1903.5412,0.55284617
1904.3556,-0.18582654
1905.1702,0.44021135
1905.985,0.93292065
1906.7999,1.2295562
1907.6151,0.23992205
1908.4304,0.70911612
1909.2458,0.68419727
1910.0615,0.17300864
1910.8773,-0.33033213
1911.6933,-0.50425639
1912.5095,0.66300054
1913.3258,1.4616347
1914.1423,1.0289011
1914.959,0.753035
1915.7759,0.31246771
1916.5929,-0.02613407
1917.4102,0.13722967
1918.2275,0.6300099
1919.0451,0.095343877
1919.8628,-0.19618016
1920.6808,0.20249661
1921.4988,-0.4968611
1922.3171,-0.32562585
1923.1355,-0.099483914
1923.9541,-0.36745489
1924.7729,-0.11777408
1925.5919,0.33583302
1926.411,0.25611153
1927.2303,-0.22360524
1928.0498,0.049623898
1928.8694,0.064034236
1929.6893,-0.062727168
1930.5093,-0.19732698
1931.3294,-0.018196572
1932.1498,-0.1684732
1932.9703,-0.30305882
1933.791,-0.12428024
1934.6119,-0.22784994
1935.4329,-0.22945421
1936.2542,-0.30164206
1937.0756,-0.56206055
1937.8971,0.071643255
1938.7189,0.42299877
1939.5408,0.037104036
1940.3629,-0.16055075
1941.1851,0.8182697
1942.0076,0.73827127
1942.8302,0.344552
1943.653,0.044955036
1944.476,0.7100686
1945.2991,0.34773584
1946.1224,0.44030969
1946.9459,0.32896662
1947.7695,-0.17452866
1948.5934,0.090608168
1949.4174,0.33222023
1950.2416,0.25226832
1951.0659,0.42330145
1951.8905,0.68061374
1952.7152,0.60851892
1953.54,0.54427189
1954.3651,0.10355892
1955.1903,-0.18812979
1956.0157,-0.35432365
1956.8413,-0.20678737
1957.667,-0.16905036
1958.493,-0.0058184984
1959.3191,0.44761409
1960.1453,0.53242388
1960.9718,0.22508145
1961.7984,0.051077017
1962.6252,0.096685073
1963.4522,0.13445464
1964.2793,-0.14933976
1965.1066,-0.072345201
1965.9341,-0.34828717
1966.7618,-0.10657742
1967.5896,0.19788208
1968.4176,-0.070202798
1969.2458,0.24995227
1970.0742,0.67207278
1970.9027,0.77262932
1971.7314,0.78691599
1972.5603,-0.1713417
1973.3894,0.35275819
1974.2186,0.52392157
1975.048,0.22980343
1975.8776,0.11608156
1976.7074,-0.42900874
1977.5373,-0.22115374
1978.3674,-0.32702012
1979.1977,-0.40150983
1980.0281,-0.65638758
1980.8588,-0.59753572
1981.6896,-0.39750327
1982.5205,-0.24452553
1983.3517,-0.26409269
1984.183,0.35948152
1985.0145,0.41835397
1985.8462,-0.056102796
1986.678,-0.24035937
1987.51,0.28911367
1988.3422,0.15192416
1989.1746,-0.40094751
1990.0072,0.28540063
1990.8399,0.14822347
1991.6728,0.11301121
1992.5058,0.20329327
1993.3391,0.042599055
1994.1725,0.29759523
1995.0061,0.45847788
1995.8398,0.14093327
1996.6738,-0.30209742
1997.5079,-0.47061418
1998.3422,-0.11363663
1999.1766,0.0080509196
2000.0113,0.153272
2000.8461,-0.18777731
2001.6811,-0.2543127
2002.5162,-0.2424126
2003.3515,0.11458965
2004.187,0.53434113
2005.0227,0.11488103
2005.8586,0.41699368
2006.6946,0.30342417
2007.5308,0.072211724
2008.3672,0.33512104
2009.2037,0.65293644
2010.0404,0.40605007
2010.8773,0.22975605
2011.7144,0.75150537
2012.5517,0.33992547
2013.3891,0.093055574
2014.2267,-0.24792785
2015.0644,-0.5967503
2015.9024,-0.38086275
2016.7405,0.10703482
2017.5788,-0.063887548
2018.4173,-0.18774749
2019.2559,-0.68807443
2020.0947,0.019445366
2020.9337,-0.22205085
2021.7729,-0.58903366
2022.6122,0.18124203
2023.4517,0.033874255
2024.2914,-0.26250953
2025.1313,-0.58241913
2025.9713,-0.31408983
2026.8115,0.54247835
2027.6519,0.37944229
2028.4924,0.65562551
2029.3332,0.77494959
2030.1741,0.18839491
2031.0152,1.0528242
2031.8564,1.0937277
2032.6978,1.7777721
2033.5394,2.6265259
2034.3812,3.7968519
2035.2232,4.418162
2036.0653,5.572809
2036.9076,4.813734
2037.7501,4.4860353
2038.5927,4.1112813
2039.4355,3.4698642
2040.2785,2.6088429
2041.1217,1.7164526
2041.965,1.6240659
2042.8085,1.5316829
2043.6522,0.8510681
2044.4961,0.45280987
2045.3401,0.93298661
2046.1844,1.6641473
2047.0287,0.78746853
2047.8733,0.96177371
2048.718,2.0302001
2049.5629,1.6398066
2050.408,1.3592206
2051.2533,1.1727559
2052.0987,0.62551044
2052.9443,0.82336662
2053.7901,1.6329911
2054.6361,1.3132074
2055.4822,1.5267607
2056.3285,0.53247436
2057.175,0.4950544
2058.0216,0.55175569
2058.8685,0.49865666
2059.7155,0.30438475
2060.5626,0.47090076
2061.41,0.71585173
2062.2575,0.65492395
2063.1052,0.87635271
2063.9531,0.71347134
2064.8011,0.21333866
2065.6493,0.52105272
2066.4977,0.55426058
2067.3463,0.030609283
2068.195,0.36970668
2069.044,0.47351357
2069.8931,0.89104953
2070.7423,0.83800087
2071.5918,1.5535832
2072.4414,1.57113
2073.2912,1.055347
2074.1411,1.1591755
2074.9913,0.87869383
2075.8416,0.63743146
2076.6921,0.5059766
2077.5427,0.15491749
2078.3935,-0.086334095
2079.2446,0.72339831
2080.0957,1.0390167
2080.9471,1.0095406
2081.7986,0.61928377
2082.6503,0.73099135
2083.5022,0.95250645
2084.3543,0.98578985
2085.2065,0.70535135
2086.0589,0.1190341
2086.9115,0.16017143
2087.7642,0.8209202
2088.6171,0.68951571
2089.4702,-0.19482637
2090.3235,-0.34190994
2091.1769,-0.065460505
2092.0306,0.23452194
2092.8844,-0.085099864
2093.7383,0.34037997
2094.5925,0.64821634
2095.4468,0.88546808
2096.3013,0.95801753
2097.1559,1.2344921
2098.0108,0.67175468
2098.8658,0.76784433
2099.721,1.060016
2100.5763,0.99925012
2101.4319,0.96201723
2102.2876,0.29733696
2103.1435,0.69148382
2103.9995,0.12092839
2104.8558,0.18567068
2105.7122,0.35237735
2106.5688,0.62889154
2107.4255,0.5210956
2108.2824,0.3584013
2109.1395,0.50943608
2109.9968,0.44870976
2110.8543,0.66249684
2111.7119,0.81354241
2112.5697,1.3724347
2113.4277,1.8058404
2114.2858,2.3647399
2115.1441,2.2961921
2116.0026,3.0041184
2116.8613,2.5983228
2117.7202,1.7925308
2118.5792,1.6220365
2119.4384,1.4201733
2120.2977,1.1398823
2121.1573,0.63214394
2122.017,0.18715426
2122.8769,0.41667797
2123.737,-0.020461378
2124.5972,-0.018381447
2125.4576,0.1562511
2126.3182,0.41716176
2127.179,0.33297797
2128.0399,-0.51198653
2128.901,-0.047143515
2129.7623,0.32358545
2130.6238,0.29431802
2131.4854,0.39838751
2132.3472,-0.39165704
2133.2092,0.026145138
2134.0713,0.13022543
2134.9337,0.18725049
2135.7962,0.2756517
2136.6588,0.11307611
2137.5217,0.29560216
2138.3847,0.79970043
2139.2479,0.064586619
2140.1113,0.37261366
2140.9748,0.35123253
2141.8386,0.37691382
2142.7025,0.53593204
2143.5665,0.25573818
2144.4308,0.10103811
2145.2952,-0.0065995455
2146.1598,0.20733503
2147.0246,0.42911634
2147.8895,0.14109732
2148.7546,0.33935641
2149.6199,0.35722694
2150.4854,0.31235598
2151.351,0.0086650746
2152.2168,0.097134634
2153.0828,0.55423524
2153.949,-0.157288
2154.8153,-0.15508216
2155.6818,-0.24699037
2156.5485,0.053261884
2157.4154,0.72214519
2158.2824,0.24593405
2159.1496,0.1069814
2160.017,0.05430687
2160.8845,0.18987123
2161.7523,0.42739997
2162.6202,0.65708917
2163.4882,0.69070353
2164.3565,0.44196855
2165.2249,0.53833521
2166.0935,0.41509763
2166.9623,0.5585303
2167.8312,0.050986186
2168.7004,0.10030841
2169.5697,0.2908107
2170.4391,0.46563032
2171.3088,1.0796692
2172.1786,1.0976333
2173.0486,0.84893428
2173.9188,0.57670946
2174.7891,0.34370393
2175.6596,0.3852118
2176.5303,0.19927228
2177.4012,0.46823832
2178.2722,-0.15690968
2179.1434,0.30029885
2180.0148,0.13006
2180.8864,0.069628666
2181.7581,0.40135779
2182.63,0.59191405
2183.5021,0.71188567
2184.3744,-0.43872736
2185.2468,0.096937731
2186.1194,0.07574367
2186.9922,0.078082618
2187.8651,-0.076437582
2188.7383,0.68669288
2189.6116,0.69688575
2190.4851,0.21296458
2191.3587,0.33296857
2192.2325,0.31964283
2193.1065,0.29847755
2193.9807,0.089080573
2194.8551,0.13066758
2195.7296,0.22716015
2196.6043,0.25306809
2197.4791,0.32603844
2198.3542,0.24999278
2199.2294,-0.37506889
2200.1048,0.30183383
2200.9804,0.17874014
2201.8561,-0.085526424
2202.732,-0.067436448
2203.6081,-0.32385268
2204.4844,0.180519
2205.3608,-0.036674345
2206.2374,-0.034256253
2207.1142,0.27404779
2207.9912,-0.15489947
2208.8683,-0.24658824
2209.7456,0.059891617
2210.6231,0.29578491
2211.5008,-0.37028091
2212.3786,-0.36183524
2213.2566,0.19563171
2214.1348,-0.086115356
2215.0131,-0.30511564
2215.8917,0.13470927
2216.7704,-0.13918963
2217.6493,-0.036616259
2218.5283,0.081645058
2219.4075,-0.08244489
2220.2869,0.10640801
2221.1665,0.76585083
2222.0463,-0.025685072
2222.9262,0.28081992
2223.8063,-0.05581067
2224.6865,-0.2904788
2225.567,0.047403769
2226.4476,-0.46177081
2227.3284,-0.068982932
2228.2094,0.041453682
2229.0905,-0.0049707726
2229.9718,0.10546919
2230.8533,0.32571476
2231.735,0.12243258
2232.6168,0.17013248
2233.4988,0.46097131
2234.381,0.39887063
2235.2634,0.077948105
2236.1459,0.1256547
2237.0286,0.10277474
2237.9115,0.46421019
2238.7946,-0.12337231
2239.6778,-0.15409038
2240.5612,0.26225205
2241.4448,0.498204
2242.3285,0.29494194
2243.2125,0.091681555
2244.0966,-0.088047743
2244.9808,0.13222463
2245.8653,0.85445947
2246.7499,0.71395089
2247.6347,-0.08537955
2248.5197,0.13489953
2249.4048,0.41008225
2250.2902,0.63036468
2251.1757,0.2624135
2252.0613,-0.027104641
2252.9472,0.45200635
2253.8332,-0.0022143188
2254.7194,0.23376277
2255.6058,0.23444741
2256.4923,0.093957263
2257.379,0.22013546
2258.2659,0.18945258
2259.153,-0.15495411
2260.0402,-0.06014344
2260.9276,-0.1770958
2261.8152,0.17654175
2262.703,-0.018838625
2263.5909,-0.15931537
2264.479,-0.025280631
2265.3673,0.17934402
2266.2558,0.50946054
2267.1444,0.20428462
2268.0332,0.048129978
2268.9222,0.22923192
2269.8113,0.4024924
2270.7007,0.097323178
2271.5902,0.52941054
2272.4798,0.4203231
2273.3697,0.36613931
2274.2597,0.68842777
2275.1499,0.2499336
2276.0403,0.50163718
2276.9308,0.5337346
2277.8216,0.31485329
2278.7125,0.25283641
2279.6035,0.6300369
2280.4948,0.75625866
2281.3862,0.42758014
2282.2778,0.0047856522
2283.1695,0.052581073
2284.0615,0.092535032
2284.9536,-0.16554855
2285.8459,-0.070689277
2286.7384,0.36142657
2287.631,0.30726959
2288.5238,0.12762408
2289.4168,-0.099078568
2290.31,0.20755379
2291.2033,0.25536429
2292.0968,-0.13603921
2292.9905,0.12353935
2293.8843,0.39096272
2294.7784,0.28191718
2295.6726,0.34542234
2296.567,0.54226251
2297.4615,0.96655533
2298.3562,0.37124199
2299.2511,0.073969533
2300.1462,0.42767915
2301.0415,0.42844926
2301.9369,0.28020145
2302.8325,0.7201906
2303.7283,0.27390692
2304.6242,0.54919354
2305.5203,0.16565831
2306.4166,0.8017326
2307.3131,0.40251444
2308.2098,-0.098662821
2309.1066,0.42761257
2310.0036,0.49114454
2310.9007,0.51546251
2311.7981,0.24174293
2312.6956,0.25037796
2313.5933,-0.062553949
2314.4911,0.095104049
2315.3892,0.6057049
2316.2874,0.10454272
2317.1858,0.71710771
2318.0843,1.1728116
2318.9831,0.12263486
2319.882,0.045008799
2320.7811,0.26542363
2321.6803,0.13289895
2322.5798,0.38468968
2323.4794,0.016874241
2324.3791,0.23729577
2325.2791,0.37928761
2326.1792,0.35657523
2327.0795,0.16915865
2327.98,0.16997904
2328.8807,0.13942856
2329.7815,0.36770329
2330.6825,1.0195091
2331.5837,0.8321009
2332.485,0.85645908
2333.3865,0.83376011
2334.2882,0.99145498
2335.1901,0.95307309
2336.0921,1.2519478
2336.9944,1.2135692
2337.8967,0.86931003
2338.7993,1.1368172
2339.7021,1.6239339
2340.605,0.98948362
2341.5081,0.81778013
2342.4113,0.64607832
2343.3148,0.36457426
2344.2184,0.70267972
2345.1222,0.68784567
2346.0261,0.87693488
2346.9303,0.46994732
2347.8346,0.11786341
2348.739,0.75401646
2349.6437,0.6137006
2350.5485,0.95966093
2351.4535,0.81150529
2352.3587,0.43590034
2353.2641,0.78970883
2354.1696,0.13175429
2355.0753,0.49340927
2355.9812,0.015850243
2356.8872,-0.069550248
2357.7935,0.32348231
2358.6999,0.1596538
2359.6064,0.027199511
2360.5132,0.39670768
2361.4201,-0.025939328
2362.3272,0.38278788
2363.2345,0.45426187
2364.1419,0.58063949
2365.0495,0.24427369
2365.9573,0.53536055
2366.8653,0.25390006
2367.7734,-0.03540189
2368.6817,0.67921941
2369.5902,0.23305806
2370.4989,-0.38565062
2371.4077,0.42309335
2372.3167,0.40046645
2373.2259,0.048429454
2374.1353,-0.32713527
2375.0448,0.089458537
2375.9545,0.50605402
2376.8644,0.27951393
2377.7745,0.076504928
2378.6847,0.4852623
2379.5951,0.20382528
2380.5057,0.43219385
2381.4164,0.63703469
2382.3274,0.30070073
2383.2385,0.395741
2384.1498,0.42803784
2385.0612,0.51523832
2385.9728,0.21812675
2386.8846,-0.11819883
2387.7966,0.16508511
2388.7087,0.43268446
2389.6211,0.55126586
2390.5336,0.1757313
2391.4462,-0.19195845
2392.3591,-0.057685734
2393.2721,-0.088117229
2394.1853,-0.071488225
2395.0987,0.4392601
2396.0122,0.33040226
2396.9259,0.088212766
2397.8398,-0.15397506
2398.7539,-0.42753375
2399.6681,-0.34814959
2400.5825,-0.14327356
2401.4971,-0.36192527
2402.4119,0.21158156
2403.3268,0.40861948
2404.2419,0.33899241
2405.1572,0.44975917
2406.0726,0.71739036
2406.9883,0.93796439
2407.9041,0.71148128
2408.8201,0.82225475
2409.7362,0.81538283
2410.6525,0.42419886
2411.569,0.29968324
2412.4857,-0.12286993
2413.4026,-0.22385279
2414.3196,-0.16797123
2415.2368,-0.65326446
2416.1542,0.15556163
2417.0717,-0.070904727
2417.9894,-0.05423215
2418.9073,0.66048132
2419.8254,0.22225529
2420.7436,-0.34145926
2421.6621,0.19286707
2422.5807,0.19386176
2423.4994,-0.26004385
2424.4184,0.25075811
2425.3375,0.24391468
2426.2568,0.23707293
2427.1762,-0.028590675
2428.0959,0.1057474
2429.0157,0.50675381
2429.9357,0.076389349
2430.8558,0.014654016
2431.7762,-0.38433454
2432.6967,-0.22645868
2433.6173,-0.45289487
2434.5382,-0.3263882
2435.4592,0.28639465
2436.3804,0.17761055
2437.3018,0.24922028
2438.2234,0.39926306
2439.1451,0.32969967
2440.067,0.31503992
2440.9891,0.2062642
2441.9113,0.21513721
2442.8338,0.38871778
2443.7564,0.20935885
2444.6791,-0.23666507
2445.6021,-0.57288339
2446.5252,-0.093413765
2447.4485,-0.44531501
2448.372,-0.35015576
2449.2956,-0.22362228
2450.2194,0.098991308
2451.1434,0.65690069
2452.0676,0.67363527
2452.9919,0.44723428
2453.9164,0.032599665
2454.8411,-0.11536661
2455.766,0.1994139
2456.691,-0.13678431
2457.6162,-0.18326132
2458.5416,0.17810639
2459.4672,-0.29189685
2460.3929,-0.11091812
2461.3188,0.030846506
2462.2449,-0.046995121
2463.1712,-0.10914889
2464.0976,-0.092869694
2465.0242,0.0096855947
2465.951,0.22204639
2466.8779,0.15205583
2467.8051,0.035008037
2468.7324,0.059138297
2469.6598,0.24013289
2470.5875,0.38975652
2471.5153,0.64918566
2472.4433,0.36743991
2473.3715,0.728833
2474.2998,0.79218847
2475.2284,0.2829965
2476.157,0.29929631
2477.0859,0.5665781
2478.015,0.72405756
2478.9442,0.24624448
2479.8736,-0.011959167
2480.8031,-0.13682789
2481.7329,-0.20679307
2482.6628,0.29579235
2483.5929,0.053281324
2484.5231,-0.22060067
2485.4536,0.22708756
2486.3842,0.015953838
2487.315,-0.022629277
2488.2459,-0.35140688
2489.1771,-0.38214369
2490.1084,-0.25601616
2491.0399,-0.42008313
2491.9715,-0.50571713
2492.9033,-0.026643672
2493.8354,0.374
2494.7675,0.37464527
2495.6999,0.36744898
2496.6324,0.344568
2497.5651,0.32953174
2498.498,0.43998727
2499.431,0.11907184
2500.3643,-0.1155675
2501.2977,-0.30314643
2502.2312,-0.012292405
2503.165,0.10601419
2504.0989,0.51451845
2505.033,0.14655371
2505.9673,0.23349251
2506.9017,1.0655309
2507.8363,0.77600233
2508.7711,0.36098511
2509.7061,0.99694987
2510.6412,0.9976221
2511.5765,0.81790375
2512.512,0.95191248
2513.4477,0.99964829
2514.3835,0.85130725
2515.3195,0.47551682
2516.2557,1.1193358
2517.1921,0.8141368
2518.1286,0.86188054
2519.0653,0.76844939
2520.0022,0.1416865
2520.9393,0.040415388
2521.8765,0.048949785
2522.8139,0.26140734
2523.7515,0.042493926
2524.6892,0.043189945
2525.6272,0.23996598
2526.5653,0.052429877
2527.5035,0.32764046
2528.442,0.069519292
2529.3806,0.7133605
2530.3194,0.18857584
2531.2584,-0.17150136
2532.1975,0.24489363
2533.1369,0.20638823
2534.0763,0.51298247
2535.016,0.34114691
2535.9559,0.53009726
2536.8959,0.42100998
2537.8361,0.296238
2538.7764,0.29695781
2539.717,-0.0082031412
2540.6577,0.42389239
2541.5986,0.055989509
2542.5396,0.095931351
2543.4809,0.59077674
2544.4223,0.46601587
2545.3639,0.011844824
2546.3056,-0.097226597
2547.2476,0.052527097
2548.1897,-0.056541152
2549.132,-0.055803894
2550.0744,0.21944475
2551.017,-0.07785403
2551.9598,0.52680956
2552.9028,0.064808061
2553.846,-0.16189773
2554.7893,-0.074876445
2555.7328,-0.34863789
2556.6765,0.067798335
2557.6203,0.09207928
2558.5644,0.17910691
2559.5086,0.093587107
2560.4529,0.43944144
2561.3975,-0.05391833
2562.3422,-0.17080592
2563.2871,-0.005338991
2564.2322,-0.028105766
2565.1774,-0.011655268
2566.1228,-0.19912475
2567.0684,0.34281911
2568.0142,0.29652927
2568.9601,-0.18113153
2569.9062,-0.13330056
2570.8525,-0.054095443
2571.799,-0.52390835
2572.7456,-0.19371968
2573.6924,0.11294118
2574.6394,-0.084655235
2575.5866,0.086376968
2576.5339,0.029959354
2577.4814,0.19315075
2578.4291,0.25438252
2579.377,-0.28830612
2580.325,0.086653474
2581.2732,0.02239854
2582.2216,-0.026168956
2583.1701,0.46644118
2584.1188,-0.037025948
2585.0677,-0.13264878
2586.0168,0.069768772
2586.9661,0.076109054
2587.9155,0.61578383
2588.8651,0.16722448
2589.8149,-0.21074547
2590.7648,0.12501123
2591.7149,0.06861223
2592.6652,0.6867242
2593.6157,0.69307262
2594.5663,0.47197123
2595.5172,1.22342
2596.4681,1.1983994
2597.4193,1.6518113
2598.3707,1.4385577
2599.3222,1.0762857
2600.2739,0.82381869
2601.2257,1.0027254
2602.1778,0.65614317
2603.13,0.47426793
2604.0823,0.52768798
2605.0349,0.21248174
2605.9876,-0.15762529
2606.9405,0.11540609
2607.8936,0.46687
2608.8469,-0.44441001
2609.8003,0.056075838
2610.7539,0.031072657
2611.7077,0.27273731
2612.6617,0.13008939
2613.6158,-0.22432206
2614.5701,-0.17873235
2615.5246,-0.07823952
2616.4792,0.17127408
2617.434,0.20902415
2618.389,0.38795184
2619.3442,0.48844933
2620.2995,0.19679111
2621.2551,0.06199681
2622.2108,0.34288994
2623.1666,0.31790189
2624.1227,0.04977774
2625.0789,0.024792011
2626.0353,-0.12568275
2626.9918,0.10815738
2627.9486,0.43611631
2628.9055,-0.15357064
2629.8626,-0.19423683
2630.8198,-0.19568617
2631.7773,-0.11085983
2632.7349,-0.28485586
2633.6927,-0.058850724
2634.6506,-0.20931501
2635.6088,-0.35977814
2636.5671,0.21132852
2637.5256,0.2255736
2638.4842,0.40452573
2639.443,-0.036128819
2640.402,0.21341387
2641.3612,0.40021263
2642.3206,0.17132627
2643.2801,0.30322539
2644.2398,0.41159627
2645.1997,0.49643889
2646.1597,0.3538317
2647.12,0.15632371
2648.0804,-0.033339979
2649.0409,0.23189946
2650.0017,-0.20089916
2650.9626,0.15061711
2651.9237,-0.62727722
2652.885,-0.36203313
2653.8464,0.31105526
2654.808,0.2233605
2655.7698,0.41801985
2656.7318,0.079347023
2657.6939,-0.18089327
2658.6562,0.092200941
2659.6187,0.067257096
2660.5814,0.22270657
2661.5442,-0.18654867
2662.5072,-0.12521452
2663.4704,0.13219923
2664.4338,-0.041758401
2665.3973,-0.035322716
2666.361,0.21425139
2667.3249,-0.29695766
2668.2889,-0.10228319
2669.2532,-0.033097754
2670.2176,-0.12861704
2671.1822,0.22292367
2672.1469,0.0019165176
2673.1118,0.17306739
2674.0769,0.57951355
2675.0422,0.35066675
2676.0077,0.11397798
2676.9733,0.23023155
2677.9391,0.51119216
2678.905,0.43136962
2679.8712,0.42213649
2680.8375,0.20113981
2681.804,-0.14534591
2682.7707,-0.060457908
2683.7375,-0.16380404
2684.7045,-0.10244312
2685.6717,-0.19010065
2686.6391,0.090870431
2687.6066,0.34047013
2688.5743,0.36262001
2689.5422,0.63575145
2690.5103,0.57162915
2691.4785,-0.22974689
2692.4469,0.34142725
2693.4155,0.5831908
2694.3843,0.1504457
2695.3532,0.28240765
2696.3223,0.31240997
2697.2916,0.38947229
2698.2611,0.46653577
2699.2307,1.2024239
2700.2005,1.6794897
2701.1705,1.6153802
2702.1406,2.2022523
2703.111,2.7734392
2704.0815,3.1250195
2705.0521,3.2962088
2706.023,3.6399482
2706.994,3.8974143
2707.9652,3.5117443
2708.9366,3.4319579
2709.9081,2.5443294
2710.8798,2.1508198
2711.8517,2.5180956
2712.8238,2.2736079
2713.796,2.3899057
2714.7685,2.3336556
2715.741,1.9558381
2716.7138,1.8290021
2717.6867,1.4198143
2718.6599,1.8890591
2719.6331,1.5426188
2720.6066,1.3687286
2721.5802,0.97523179
2722.5541,1.0993832
2723.528,0.86275142
2724.5022,0.46141493
2725.4765,0.63262864
2726.451,0.16854938
2727.4257,0.35545169
2728.4006,0.85608064
2729.3756,1.0037696
2730.3508,0.61812636
2731.3262,1.2756216
2732.3017,1.1017454
2733.2775,0.73963503
2734.2534,0.95007489
2735.2294,0.80757474
2736.2057,1.0572326
2737.1821,1.1892446
2738.1587,0.30164988
2739.1355,0.61405634
2740.1124,0.84803259
2741.0895,1.0114218
2742.0668,0.65716506
2743.0443,0.20879186
2744.0219,0.60747864
2744.9998,0.1434215
2745.9778,0.16564002
2746.9559,-0.0082187208
2747.9343,-0.056586103
2748.9128,0.32642023
2749.8915,0.4741336
2750.8703,0.91204422
2751.8494,0.62838737
2752.8286,0.26630032
2753.808,1.0257831
2754.7875,0.82840421
2755.7672,0.75651672
2756.7472,0.19835589
2757.7272,0.63627465
2758.7075,0.83890046
2759.6879,0.28858625
2760.6685,1.0480771
2761.6493,0.58403976
2762.6302,0.50431728
2763.6114,0.52655675
2764.5927,0.29781699
2765.5741,1.0416274
2766.5558,0.90700763
2767.5376,0.62336939
2768.5196,0.70051664
2769.5018,0.29139054
2770.4841,0.19599109
2771.4667,0.29667124
2772.4493,0.1542153
2773.4322,0.58430954
2774.4153,0.36342455
2775.3985,0.3699917
2776.3819,0.23538355
2777.3654,0.50077656
2778.3492,0.49166093
2779.3331,0.10607588
2780.3172,0.24598218
2781.3014,0.49569357
2782.2859,0.34540613
2783.2705,0.29708063
2784.2553,0.16248179
2785.2402,0.27102136
2786.2254,0.19916994
2787.2107,0.048888311
2788.1961,0.18096079
2789.1818,0.24244619
2790.1676,0.49216805
2791.1536,0.69483225
2792.1398,0.10534076
2793.1262,0.24526219
2794.1127,0.4949887
2795.0994,0.54079481
2796.0863,0.58660209
2797.0733,0.88339091
2798.0605,0.73312208
2799.0479,0.89657991
2800.0355,0.61298007
2801.0232,0.59604806
2802.0112,1.0026466
2802.9993,0.5543444
2803.9875,0.41976883
2804.976,0.65382186
2805.9646,0.61336626
2806.9534,0.24350006
2807.9423,-0.15773753
2808.9315,-0.30015043
2809.9208,0.2005751
2810.9103,0.59149786
2811.8999,0.5432061
2812.8898,0.61256257
2813.8798,0.2191751
2814.87,0.45323977
2815.8603,0.49907031
2816.8509,-0.18450975
2817.8416,0.065244693
2818.8324,0.70715716
2819.8235,0.40005118
2820.8147,0.64980911
2821.8061,0.63290153
2822.7977,0.86697551
2823.7895,0.63830556
2824.7814,0.28414657
2825.7735,0.90253777
2826.7658,0.82289091
2827.7582,0.60206875
2828.7508,0.45183599
2829.7436,0.41925144
2830.7366,0.66117787
2831.7297,0.69134075
2832.7231,0.86268127
2833.7166,1.1595131
2834.7102,1.385758
2835.7041,1.0551412
2836.6981,1.0225648
2837.6923,1.1468523
2838.6866,0.816239
2839.6812,0.91699943
2840.6759,0.89227082
2841.6708,0.87538652
2842.6658,0.59967985
2843.6611,0.52789591
2844.6565,0.51101509
2845.6521,0.36864524
2846.6478,0.36745303
2847.6437,0.35841884
2848.6399,0.15330739
2849.6361,-0.114548
2850.6326,-0.20985321
2851.6292,0.22033294
2852.626,0.78385359
2853.623,0.68070874
2854.6202,0.30305524
2855.6175,0.6391284
2856.615,0.39481057
2857.6127,0.53480762
2858.6105,0.7297078
2859.6085,0.21088365
2860.6067,0.021472432
2861.6051,-0.19146704
2862.6036,0.37206525
2863.6024,0.2846183
2864.6012,0.079525462
2865.6003,0.18815927
2866.5996,0.030127585
2867.599,0.33484216
2868.5986,0.44347946
2869.5983,-0.059646779
2870.5983,-0.06081107
2871.5984,0.25959443
2872.5987,0.57215796
2873.5991,-0.048610688
2874.5998,-0.15957425
2875.6006,0.13730649
2876.6016,0.17536487
2877.6027,0.064404802
2878.604,-0.054397241
2879.6055,0.28170384
2880.6072,-0.29199783
2881.6091,0.091164397
2882.6111,0.08217093
2883.6133,0.22219823
2884.6157,0.3622267
2885.6182,-0.10166523
2886.621,0.17954203
2887.6239,0.2803583
2888.6269,0.22431299
2889.6302,0.33297473
2890.6336,-0.044636882
2891.6372,0.024811495
2892.641,0.039359074
2893.6449,0.22645684
2894.649,-0.064875611
2895.6533,-0.066010815
2896.6578,0.19952181
2897.6624,-0.16239538
2898.6673,-0.053723175
2899.6723,-0.14897137
2900.6774,0.28911493
2901.6828,0.40563376
2902.6883,0.31038905
2903.694,0.42691021
2904.6998,0.12774626
2905.7058,0.20505407
2906.7121,0.40785323
2907.7184,0.053790809
2908.725,0.099729552
2909.7317,0.0044929885
2910.7386,-0.30250712
2911.7457,0.11206257
2912.753,0.17369224
2913.7604,-0.31369653
2914.768,-0.048142966
2915.7758,0.3507451
2916.7837,-0.052411997
2917.7919,-0.28301926
2918.8002,0.10598212
2919.8086,-0.1403098
2920.8173,-0.10424797
2921.8261,0.010246045
2922.8351,-0.29094541
2923.8443,-0.082332128
2924.8536,-0.10116902
2925.8631,-0.33176981
2926.8728,-0.37413449
2927.8827,0.18742321
2928.8927,0.25486406
2929.9029,0.14975671
2930.9133,0.53876782
2931.9239,0.22974051
2932.9346,-0.00085460442
2933.9455,-0.027527345
2934.9566,-0.014983589
2935.9679,0.43677666
2936.9793,0.39442008
2937.9909,-0.094994521
2939.0027,0.019513258
2940.0147,0.071276749
2941.0268,0.20147242
2942.0391,-0.11538992
2943.0516,0.10108189
2944.0643,0.16069175
2945.0771,-0.24244267
2946.0901,0.39756098
2947.1033,-0.17812084
2948.1166,-0.2361548
2949.1301,0.21561598
2950.1438,0.23601502
2951.1577,0.15445409
2952.1718,0.057207691
2953.186,-0.16552809
2954.2004,0.082325166
2955.2149,-0.140409
2956.2297,0.0054850956
2957.2446,0.0023603928
2958.2597,-0.35370468
2959.275,0.098074201
2960.2904,-0.1011265
2961.306,-0.025816595
2962.3218,0.19851373
2963.3378,0.022844869
2964.3539,-0.12145064
2965.3702,0.079352709
2966.3867,-0.43356863
2967.4034,-0.376544
2968.4202,0.096167268
2969.4372,0.19240831
2970.4544,0.21021834
2971.4718,0.086852271
2972.4893,-0.24043501
2973.507,0.044042784
2974.5249,-0.032263375
2975.5429,-0.12425544
2976.5612,-0.028011856
2977.5796,0.31921249
2978.5981,0.33702543
2979.6169,0.3469956
2980.6358,0.24716221
2981.6549,0.1081135
2982.6742,0.1259279
2983.6936,0.23786031
2984.7133,0.41253818
2985.7331,-0.11866594
2986.753,-0.17928146
2987.7732,-0.31048485
2988.7935,0.01321408
2989.814,0.34475651
2990.8346,0.15080912
2991.8555,-0.26274576
2992.8765,-0.20571204
2993.8977,0.44740047
2994.9191,0.41031728
2995.9406,-0.16009889
2996.9623,0.38321079
2997.9842,0.14220712
2999.0062,-0.090953059
3000.0285,0.12294595
3001.0509,0.023119838
3002.0735,0.25270585
3003.0962,-0.14515875
3004.1192,-0.025375932
3005.1423,-0.13304373
3006.1655,-0.36620136
3007.189,-0.034652742
3008.2126,0.39101389
3009.2364,0.33040637
3010.2604,0.1207796
3011.2846,0.25625124
3012.3089,0.38388011
3013.3334,0.40170542
3014.3581,0.34109972
3015.3829,-0.11950562
3016.4079,0.03949725
3017.4331,0.1592848
3018.4585,-0.01112337
3019.484,0.55572373
3020.5098,0.42453198
3021.5356,0.45020333
3022.5617,0.45234564
3023.588,0.5799785
3024.6144,0.61349409
3025.641,0.46661788
3026.6677,0.16287929
3027.6947,0.38463126
3028.7218,0.71618751
3029.7491,1.1026461
3030.7765,0.88518346
3031.8042,0.51870159
3032.832,0.34829851
3033.8599,0.35044482
3034.8881,0.29768953
3035.9164,0.28415029
3036.9449,0.098062397
3037.9736,0.13158271
3039.0025,0.0082406383
3040.0315,0.11234991
3041.0607,-0.18354045
3042.0901,0.28135387
3043.1196,0.44036619
3044.1494,-0.20846426
3045.1793,0.31133311
3046.2093,0.25858182
3047.2396,0.072497562
3048.27,0.12955092
3049.3006,-0.064375746
3050.3314,0.19659991
3051.3623,-0.044384855
3052.3934,0.26365035
3053.4247,-0.055765058
3054.4562,-0.045768339
3055.4878,0.16030717
3056.5196,0.15461835
3057.5516,-0.086364237
3058.5838,0.36284962
3059.6161,0.20814228
3060.6486,0.47696471
3061.6813,0.36931691
3062.7142,0.18323811
3063.7472,0.012845944
3064.7804,0.52480708
3065.8138,-0.0063686676
3066.8474,0.19971085
3067.8811,0.07637896
3068.915,0.039321946
3069.9491,0.55912804
3070.9833,0.31815019
3072.0178,0.4144276
3073.0524,0.44796027
3074.0871,0.33247371
3075.1221,0.64051691
3076.1572,0.55640362
3077.1925,0.46444756
3078.228,0.63915852
3079.2636,0.46877181
3080.2995,0.66701292
3081.3355,0.22211713
3082.3716,0.765457
3083.408,0.75193449
3084.4445,0.32272607
3085.4812,0.54449841
3086.518,0.49960444
3087.5551,0.3841226
3088.5923,0.94315093
3089.6297,0.66296393
3090.6672,1.0102283
3091.705,0.7065126
3092.7429,0.49691494
3093.781,0.84418038
3094.8192,0.9639952
3095.8577,1.4289084
3096.8963,1.7055867
3097.9351,1.386187
3098.974,1.7256111
3100.0132,2.5434669
3101.0525,2.7024996
3102.0919,2.1634935
3103.1316,2.7774288
3104.1714,2.8345018
3105.2114,3.2994183
3106.2516,3.9525705
3107.2919,4.6841544
3108.3325,5.5569151
3109.3732,5.5983037
3110.414,5.6789083
3111.4551,6.6379446
3112.4963,6.0597264
3113.5377,6.6736654
3114.5793,5.8993695
3115.621,5.987819
3116.6629,6.8135238
3117.705,6.4706016
3118.7473,5.8217973
3119.7897,5.2906405
3120.8324,4.7359546
3121.8751,4.9420534
3122.9181,4.4422702
3123.9612,3.7620952
3125.0046,3.4897637
3126.048,3.7429228
3127.0917,3.6823567
3128.1355,3.276693
3129.1795,2.6357355
3130.2237,2.4967391
3131.2681,1.9734294
3132.3126,1.9207083
3133.3573,2.3228895
3134.4022,2.1368358
3135.4472,1.9507825
3136.4925,1.8274746
3137.5379,1.813971
3138.5835,1.6514482
3139.6292,0.94774922
3140.6751,1.4048349
3141.7212,1.4697642
3142.7675,1.4405761
3143.8139,1.6074669
3144.8606,1.2331815
3145.9074,0.81183767
3146.9543,1.8493177
3148.0015,1.4044452
3149.0488,1.0929064
3150.0963,1.4401915
3151.1439,1.0737514
3152.1918,1.0602529
3153.2398,1.1957744
3154.288,0.86855114
3155.3364,1.2942694
3156.3849,1.4611645
3157.4336,1.6908051
3158.4825,1.7949558
3159.5315,1.789303
3160.5808,2.4346309
3161.6302,2.2642729
3162.6798,2.415484
3163.7295,2.3078718
3164.7795,2.6316326
3165.8296,3.0573545
3166.8798,2.4164101
3167.9303,2.5676229
3168.9809,2.7894243
3170.0317,2.6504418
3171.0827,2.4408714
3172.1339,2.2940465
3173.1852,1.8570258
3174.2367,1.5533389
3175.2883,2.0653386
3176.3402,2.1773386
3177.3922,2.4226724
3178.4444,2.0327124
3179.4968,1.9878508
3180.5493,1.6527935
3181.602,1.3020502
3182.6549,1.6179741
3183.708,1.2201727
3184.7612,0.90864628
3185.8147,1.444179
3186.8682,0.89735918
3187.922,0.88387304
3188.9759,1.2076422
3190.03,1.1235685
3191.0843,1.1179266
3192.1388,1.2299321
3193.1934,0.92625171
3194.2482,0.78727756
3195.3032,0.82085278
3196.3584,0.60344798
3197.4137,0.37820041
3198.4692,1.0313846
3199.5249,0.77476518
3200.5807,0.19657752
3201.6368,0.51250787
3202.693,0.75785035
3203.7493,0.86201672
3204.8059,0.43285012
3205.8626,0.63113487
3206.9195,0.60981214
3207.9766,0.77672506
3209.0338,0.52795208
3210.0913,0.17721867
3211.1489,1.0421719
3212.2066,0.9188902
3213.2646,0.28580495
3214.3227,0.24095535
3215.381,0.72943945
3216.4394,1.2179239
3217.4981,1.094644
3218.5569,0.74391353
3219.6159,0.87945791
3220.675,1.3601007
3221.7344,0.87603795
3222.7939,0.76844617
3223.8536,0.66085474
3224.9134,0.98463623
3225.9735,0.2809671
3227.0337,0.44788658
3228.0941,0.38735543
3229.1546,0.13858936
3230.2153,0.39178443
3231.2762,0.29988182
3232.3373,0.45111684
3233.3986,0.41411693
3234.46,0.30652914
3235.5216,0.52051034
3236.5834,0.57762917
3237.6453,0.38376796
3238.7075,0.52716202
3239.7698,0.53722311
3240.8322,0.48453947
3241.8949,0.38479737
3242.9577,0.69289876
3244.0207,0.35002013
3245.0839,0.030671278
3246.1472,0.35446004
3247.2107,0.58413152
3248.2744,0.60203866
3249.3383,0.3768089
3250.4023,0.63785402
3251.4665,0.67144853
3252.5309,0.3913179
3253.5955,0.51118764
3254.6602,0.73301853
3255.7251,0.41367331
3256.7902,0.54138728
3257.8555,0.52792514
3258.9209,0.70269866
3259.9865,1.0421784
3261.0523,0.76989385
3262.1182,0.73290376
3263.1844,0.32728658
3264.2507,0.25892466
3265.3172,0.63762193
3266.3838,1.0006333
3267.4506,0.6656058
3268.5176,0.33057867
3269.5848,0.41908131
3270.6522,0.22523138
3271.7197,0.40000927
3272.7874,0.16694438
3273.8553,0.43584063
3274.9233,0.59493333
3275.9915,0.0089283597
3277.0599,0.1915512
3278.1285,0.34280185
3279.1972,0.14895483
3280.2662,0.50412778
3281.3352,0.067144233
3282.4045,0.57133752
3283.4739,0.15004097
3284.5436,0.43462714
3285.6133,1.0878411
3286.6833,0.32144763
3287.7534,0.74721136
3288.8238,0.38081859
3289.8942,0.75168109
3290.9649,1.1774459
3292.0357,0.82674051
3293.1067,1.2289766
3294.1779,1.1998406
3295.2493,0.5981559
3296.3208,1.1023539
3297.3925,0.75165033
3298.4644,1.1774177
3299.5364,1.3286756
3300.6087,1.0956202
3301.6811,0.78413375
3302.7536,0.67656924
3303.8264,0.63959332
3304.8993,0.57124523
3305.9724,0.12642691
3307.0457,0.21494228
3308.1191,0.20149724
3309.1928,-0.086457249
3310.2666,0.68441216
3311.3405,0.49057605
3312.4147,0.32811285
3313.489,0.89506178
3314.5635,0.61495225
3315.6381,0.052490143
3316.713,0.17238134
3317.788,0.70795918
3318.8632,0.31804718
3319.9385,0.26539045
3321.0141,0.59704781
3322.0898,0.70125455
3323.1657,0.46820675
3324.2417,0.13319854
3325.318,0.14328872
3326.3944,0.16122241
3327.471,0.045823125
3328.5477,0.20493401
3329.6246,0.34835898
3330.7017,0.15452942
3331.779,0.54893551
3332.8565,0.50412628
3333.9341,0.12990565
3335.0119,-0.43254991
3336.0899,0.032445875
3337.168,0.48175575
3338.2463,0.14675226
3339.3248,0.46272953
3340.4035,0.46498167
3341.4824,-0.0033540665
3342.5614,-0.15796394
3343.6406,0.22860301
3344.7199,0.29360171
3345.7995,0.19389488
3346.8792,-0.16463511
3347.9591,0.033698005
3349.0392,0.043796192
3350.1194,0.18722808
3351.1998,0.77771915
3352.2804,0.65448509
3353.3612,0.39007493
3354.4421,0.0080180708
3355.5232,0.29262824
3356.6045,0.57723878
3357.686,0.39910458
3358.7676,0.087637415
3359.8494,0.70950394
3360.9314,0.49215515
3362.0135,0.37676751
3363.0959,0.6143214
3364.1784,0.47540507
3365.261,0.68158714
3366.3439,0.90345586
3367.4269,0.59983474
3368.5101,0.73542966
3369.5935,0.46318182
3370.677,0.50465983
3371.7608,0.7971186
3372.8447,0.40722478
3373.9287,0.40164506
3375.013,0.066653936
3376.0974,0.49244749
3377.182,0.94961396
3378.2668,0.42638863
3379.3517,0.7737519
3380.4368,0.30542926
3381.5221,0.29985208
3382.6076,0.33349096
3383.6932,0.37497333
3384.779,0.079201166
3385.865,0.37166466
3386.9512,0.69550107
3388.0375,0.43110254
3389.124,0.38631222
3390.2107,0.25524776
3391.2976,-0.056208497
3392.3846,0.055865021
3393.4718,0.23852714
3394.5592,0.42903276
3395.6467,0.18816619
3396.7345,0.29239803
3397.8224,0.0123165
3398.9105,-0.040313682
3399.9987,0.087448657
3401.0871,-0.3024357
3402.1757,0.076307759
3403.2645,0.14132609
3404.3535,0.33183498
3405.4426,0.20077561
3406.5319,0.085402876
3407.6213,-0.20251851
3408.711,-0.38847876
3409.8008,-0.0018896141
3410.8908,0.15724891
3411.981,-0.099298476
3413.0713,0.13827215
3414.1618,0.22682353
3415.2525,-0.16662223
3416.3434,-0.26202898
3417.4344,-0.15351437
3418.5256,-0.044999965
3419.617,0.00076913651
3420.7086,0.33673411
3421.8003,0.19426751
3422.8922,-0.026630675
3423.9843,0.089725839
3425.0766,-0.13117276
3426.169,-0.39128724
3427.2616,-0.086696051
3428.3544,-0.12720311
3429.4474,-0.19123978
3430.5405,0.01139001
3431.6338,0.33166665
3432.7273,0.25194309
3433.8209,-0.0630748
3434.9147,0.18661299
3436.0087,0.25590841
3437.1029,-0.074796365
3438.1973,0.40234179
3439.2918,0.48732287
3440.3865,0.7526959
3441.4814,0.70434324
3442.5764,0.31873547
3443.6716,0.56057848
3444.767,0.41026441
3445.8626,0.40896975
3446.9583,0.69002782
3448.0542,0.26520334
3449.1503,0.56979041
3450.2466,0.5214361
3451.343,0.55151296
3452.4397,0.52668765
3453.5364,0.054803314
3454.6334,0.22605603
3455.7305,0.35024971
3456.8278,0.074443183
3457.9253,0.1672639
3459.023,0.69930011
3460.1208,1.0431008
3461.2188,0.9869013
3462.317,0.83658394
3463.4154,1.2117566
3464.5139,1.1241839
3465.6126,0.87190515
3466.7115,1.6706066
3467.8105,1.8497
3468.9098,1.4170284
3470.0092,1.0941606
3471.1087,0.85756709
3472.2085,1.3817577
3473.3084,1.1216343
3474.4085,1.4105304
3475.5088,1.6131518
3476.6092,1.0706749
3477.7098,0.77133501
3478.8106,0.96611261
3479.9116,1.3726547
3481.0127,1.3399809
3482.114,1.7465226
3483.2155,1.6432601
3484.3172,1.6184289
3485.419,1.3347739
3486.5211,1.5373931
3487.6232,1.7478554
3488.7256,1.6210625
3489.8281,1.2746615
3490.9308,0.72433883
3492.0337,0.78578062
3493.1368,1.1138889
3494.24,0.96356555
3495.3434,1.2210852
3496.447,1.0786046
3497.5508,1.1322022
3498.6547,0.74658391
3499.7588,0.54135759
3500.8631,0.69691538
3501.9675,0.5858063
3503.0722,0.44332446
3504.177,0.92045027
3505.2819,0.71522292
3506.3871,0.22764243
3507.4924,0.60280683
3508.5979,0.71130435
3509.7036,1.2119585
3510.8094,0.826338
3511.9154,1.0838545
3513.0216,1.0354885
3514.128,0.96359282
3515.2345,1.291697
3516.3412,0.82764402
3517.4481,1.0302575
3518.5552,0.92698852
3519.6624,0.9335232
3520.7699,0.83809689
3521.8774,0.60149391
3522.9852,0.63155739
3524.0931,0.63024811
3525.2012,0.55050726
3526.3095,0.26684463
3527.418,0.57141709
3528.5266,0.60932267
3529.6354,0.29428688
3530.7444,0.40278029
3531.8536,0.07990094
3532.9629,0.32172727
3534.0724,0.78316124
3535.1821,0.60145775
3536.2919,0.68642072
3537.4019,0.22236387
3538.5121,0.14262055
3539.6225,0.31385741
3540.7331,0.17921171
3541.8438,0.74260502
3542.9547,0.38050793
3544.0658,0.10468515
3545.177,0.55043078
3546.2884,0.15696053
3547.4,0.62623516
3548.5118,0.57786253
3549.6237,0.25497989
3550.7358,0.26150881
3551.8481,-0.20255071
3552.9606,0.18044839
3554.0732,0.19481983
3555.186,0.13075969
3556.299,0.53728758
3557.4122,0.14381527
3558.5255,0.76210745
3559.639,0.83922296
3560.7527,0.50849513
3561.8666,0.67972787
3562.9806,0.47448982
3564.0948,0.42611431
3565.2092,0.19734644
3566.3238,0.38426463
3567.4385,0.72020223
3568.5534,0.79731609
3569.6685,1.1567827
3570.7837,0.90448438
3571.8991,1.7894408
3573.0147,1.5685146
3574.1305,1.3554313
3575.2465,1.9266616
3576.3626,1.6194603
3577.4789,1.1789255
3578.5954,1.4756453
3579.712,1.7880512
3580.8288,1.8416334
3581.9458,1.9344311
3583.063,2.6782089
3584.1803,2.6690454
3585.2978,3.0363523
3586.4155,3.5762079
3587.5334,3.5984163
3588.6514,3.8480755
3589.7696,3.5644011
3590.888,3.5238638
3592.0066,3.4441106
3593.1253,3.3408278
3594.2442,3.3944075
3595.3633,3.1499478
3596.4826,2.5368605
3597.602,2.386518
3598.7216,1.7655871
3599.8414,1.5132834
3600.9613,1.629607
3602.0815,1.2047539
3603.2018,1.1720574
3604.3223,0.95896864
3605.4429,1.1537228
3606.5637,0.83867277
3607.6847,1.0020539
3608.8059,1.1654349
3609.9273,1.2425411
3611.0488,1.0059217
3612.1705,0.824204
3613.2923,1.1915057
3614.4144,1.2686111
3615.5366,1.4712065
3616.659,0.98360567
3617.7816,0.59796538
3618.9043,0.85546213
3620.0272,0.65805672
3621.1503,0.64104326
3622.2736,0.99265705
3623.397,0.97564318
3624.5206,0.84882518
3625.6444,0.1808305
3626.7684,0.38342386
3627.8925,1.0252327
3629.0168,0.30233544
3630.1413,0.23826151
3631.266,0.86438345
3632.3908,1.2395248
3633.5158,0.8068228
3634.641,0.72706177
3635.7663,1.4394574
3636.8919,1.2734214
3638.0176,0.9818951
3639.1434,1.1374274
3640.2695,1.1047241
3641.3957,1.1033932
3642.5221,0.87461116
3643.6487,1.0458289
3644.7754,0.98959541
3645.9024,1.1529696
3647.0295,0.77516707
3648.1567,0.73461926
3649.2842,0.94505164
3650.4118,1.108425
3651.5396,0.69140596
3652.6675,0.56458282
3653.7957,0.55540653
3654.924,0.98544572
3656.0525,0.79587686
3657.1812,0.48866073
3658.31,0.44026793
3659.439,0.58011022
3660.5682,0.70426602
3661.6976,0.13822554
3662.8271,0.52904761
3663.9568,0.66888907
3665.0867,0.79304405
3666.2167,0.14072824
3667.347,0.54723575
3668.4774,0.63217443
3669.608,0.28574036
3670.7387,0.40989431
3671.8696,0.54973433
3673.0007,0.61898592
3674.132,0.53921768
3675.2635,0.16141003
3676.3951,0.089484523
3677.5269,0.35481371
3678.6589,0.17308387
3679.791,0.29723618
3680.9233,0.62530985
3682.0558,0.2553441
3683.1885,0.30890755
3684.3213,0.20560805
3685.4544,0.32975933
3686.5876,0.57155746
3687.7209,0.81335539
3688.8545,0.39632958
3689.9882,0.70087219
3691.1221,0.62110087
3692.2561,0.54917248
3693.3904,0.65763604
3694.5248,0.60923666
3695.6594,0.57652334
3696.7941,0.59086863
3697.9291,0.20521373
3699.0642,0.070539004
3700.1995,0.17115819
3701.3349,0.68746345
3702.4705,0.41161164
3703.6063,0.73183806
3704.7423,0.50304466
3705.8785,-0.04731757
3707.0148,0.24937882
3708.1513,0.61666323
3709.288,0.13688862
3710.4248,0.20613341
3711.5619,-0.014818089
3712.6991,0.12501452
3713.8364,0.33543517
3714.974,0.17722815
3716.1117,0.034707203
3717.2496,0.09610762
3718.3877,0.5731941
3719.5259,0.47773136
3720.6643,-0.5275355
3721.8029,0.098569971
3722.9417,0.065851711
3724.0806,0.15862344
3725.2197,0.34551261
3726.359,0.21867609
3727.4985,0.17027073
3728.6381,-0.1448015
3729.778,-0.20105041
3730.9179,0.36230832
3732.0581,0.72958842
3733.1984,0.22628007
3734.3389,0.27199112
3735.4796,0.27064315
3736.6205,0.19086359
3737.7615,0.3150054
3738.9027,0.24306857
3740.0441,0.38289625
3741.1856,0.32664528
3742.3274,0.3096098
3743.4693,0.67688783
3744.6114,0.49514605
3745.7536,0.47810995
3746.896,0.36695599
3748.0386,0.19305674
3749.1814,0.19170629
3750.3244,0.057022305
3751.4675,0.50273027
3752.6108,0.2896145
3753.7542,0.13140049
3754.8979,0.78102941
3756.0417,0.81889341
3757.1857,0.62930623
3758.3299,0.54167963
3759.4742,0.22660184
3760.6187,0.59387679
3761.7634,0.27095545
3762.9083,0.24607312
3764.0533,0.53491608
3765.1985,0.29826864
3766.3439,-0.079555485
3767.4895,0.29556136
3768.6352,0.40401134
3769.7811,0.40265719
3770.9272,0.2052244
3772.0734,0.070536507
3773.2199,0.20251507
3774.3665,-0.25374186
3775.5133,-0.18450881
3776.6602,-0.53880537
3777.8073,-0.58721978
3778.9546,0.015345987
3780.1021,-0.22130413
3781.2498,-0.19913093
3782.3976,-0.23185989
3783.5456,-0.12341259
3784.6938,0.26738744
3785.8421,-0.16534214
3786.9906,0.099967289
3788.1393,0.2162569
3789.2882,0.081565921
3790.4372,-0.092340955
3791.5865,-0.0074245064
3792.7359,0.32847213
3793.8854,-0.15131772
3795.0352,-0.23110777
3796.1851,-0.005015674
3797.3352,-0.069119863
3798.4854,0.15697182
3799.6359,0.014435848
3800.7865,0.3424879
3801.9373,0.24701034
3803.0882,0.19074826
3804.2394,0.087427152
3805.3907,-0.17275691
3806.5421,-0.22901961
3807.6938,-0.065092209
3808.8456,-0.026655125
3809.9976,0.07452694
3811.1498,-0.27919307
3812.3022,-0.12310928
3813.4547,0.00160184
3814.6074,-0.014863625
3815.7603,-0.054858619
3816.9133,-0.11838314
3818.0666,0.12397457
3819.22,0.20162628
3820.3735,-0.18346723
3821.5273,-0.027384377
3822.6812,0.19928659
3823.8353,0.20634959
3824.9896,0.33105954
3826.144,0.44008309
3827.2986,0.4157732
3828.4534,0.68165926
3829.6084,0.41421187
3830.7635,0.2800977
3831.9188,0.2714736
3833.0743,0.94520233
3834.23,0.83461722
3835.3858,0.59854179
3836.5418,0.13501527
3837.698,0.58129255
3838.8544,0.51776578
3840.0109,0.36012126
3841.1676,0.18679034
3842.3245,0.12326323
3843.4816,0.13816737
3844.6388,0.19228708
3845.7962,0.026798824
3846.9538,0.62209477
3848.1115,0.49582197
3849.2695,0.44013728
3850.4276,0.76092307
3851.5858,0.72092443
3852.7443,0.53974919
3853.9029,0.538966
3855.0617,0.74210426
3856.2207,0.7570071
3857.3798,0.93661571
3858.5391,0.98289087
3859.6986,0.79387179
3860.8583,0.58916632
3862.0182,0.79230387
3863.1782,1.434657
3864.3384,1.904461
3865.4987,2.0605393
3866.6593,1.840147
3867.82,1.4785781
3868.9809,1.7209306
3870.1419,1.0613223
3871.3032,2.1899491
3872.4646,2.2205365
3873.6262,2.0707317
3874.7879,1.9993582
3875.9499,1.6377884
3877.112,1.3232774
3878.2743,1.0087662
3879.4367,1.3217059
3880.5993,1.430724
3881.7621,0.70836932
3882.9251,0.89581848
3884.0883,0.7224832
3885.2516,0.54130467
3886.4151,0.68953779
3887.5788,0.68875118
3888.7426,0.59384681
3889.9067,0.74992271
3891.0709,0.70207692
3892.2352,0.30913298
3893.3998,0.22991441
3894.5645,0.59775455
3895.7294,0.6361828
3896.8945,-0.21950671
3898.0597,0.25029386
3899.2251,0.72009431
3900.3907,0.42911032
3901.5565,0.64008701
3902.7224,0.91380867
3903.8885,0.70909885
3905.0548,0.93576145
3906.2213,1.1388945
3907.3879,0.86359612
3908.5547,0.32163092
3909.7217,0.34437148
3910.8889,0.5082884
3912.0562,0.84475422
3913.2237,0.35769051
3914.3914,0.64709728
3915.5593,1.1168961
3916.7273,1.3357144
3917.8955,1.350611
3919.0639,1.2478604
3920.2324,1.4196195
3921.4012,1.3560844
3922.5701,1.8886276
3923.7391,1.7701903
3924.9084,2.0203803
3926.0778,1.6431192
3927.2474,2.0501717
3928.4172,1.8140869
3929.5871,2.2917274
3930.7572,1.9928972
3931.9275,1.3254395
3933.098,1.3011189
3934.2686,1.096406
3935.4395,1.3544381
3936.6105,1.894823
3937.7816,1.6822666
3938.953,1.579514
3940.1245,1.5395064
3941.2962,1.970087
3942.468,2.3614517
3943.6401,2.4077183
3944.8123,2.3128082
3945.9847,2.4061334
3947.1572,2.530831
3948.33,2.4359206
3949.5029,2.0978728
3950.6759,2.0578642
3951.8492,2.3158946
3953.0226,1.9072583
3954.1962,1.8907787
3955.37,2.1331225
3956.544,1.8421329
3957.7181,1.7785941
3958.8924,1.2052513
3960.0669,1.9024966
3961.2415,1.7213104
3962.4163,1.3989476
3963.5913,1.5079573
3964.7665,1.0444178
3965.9419,1.4122508
3967.1174,1.3094954
3968.2931,1.4577203
3969.4689,1.4412391
3970.645,1.5345618
3971.8212,1.4553353
3972.9976,1.9486578
3974.1742,2.1047252
3975.3509,2.3235376
3976.5278,2.1894087
3977.7049,2.9650836
3978.8822,2.7133075
3980.0596,2.8301586
3981.2372,3.2764214
3982.415,2.9305272
3983.593,3.4003192
3984.7711,3.4857973
3985.9494,4.3006871
3987.1279,3.9940081
3988.3065,3.2088977
3989.4854,3.3649636
3990.6644,3.6700489
3991.8435,3.6614087
3993.0229,3.9978664
3994.2024,4.0755005
3995.3821,3.9648991
3996.562,3.7523368
3997.7421,3.626049
3998.9223,4.1193688
4000.1027,3.2558258
4001.2832,2.9099297
4002.464,2.8620728
4003.6449,3.6299019
4004.826,4.0055742
4006.0073,3.5812462
4007.1887,3.8706437
4008.3703,4.3404332
4009.5521,4.5121834
4010.7341,4.5819726
4011.9162,4.3380363
4013.0985,5.0352763
4014.281,4.634477
4015.4637,4.7042658
4016.6465,5.4093486
4017.8295,5.0556077
4019.0127,5.1567687
4020.1961,6.1520472
4021.3796,6.6924236
4022.5633,7.3975058
4023.7472,7.537882
4024.9313,7.8037483
4026.1155,8.2500067
4027.2999,8.1629315
4028.4845,8.9935033
4029.6692,9.4162319
4030.8542,10.089941
4032.0393,10.716591
4033.2245,12.96677
4034.41,15.02087
4035.5956,15.592618
4036.7814,16.39966
4037.9674,19.716505
4039.1535,23.174527
4040.3398,27.063921
4041.5263,30.419982
4042.713,36.348591
4043.8998,42.920338
4045.0869,49.217575
4046.2741,51.703047
4047.4614,53.561068
4048.649,58.517128
4049.8367,63.198678
4051.0246,61.872385
4052.2126,62.012758
4053.4009,63.941367
4054.5893,62.60723
4055.7779,58.143681
4056.9666,55.868368
4058.1555,50.18129
4059.3447,45.607937
4060.5339,43.230662
4061.7234,38.037702
4062.913,36.34278
4064.1028,32.357662
4065.2928,30.317642
4066.483,27.093308
4067.6733,24.543484
4068.8638,23.774051
4070.0545,22.243835
4071.2453,20.964598
4072.4363,19.614774
4073.6275,18.476714
4074.8189,19.919045
4076.0104,19.416279
4077.2022,18.788023
4078.3941,18.465648
4079.5861,19.170725
4080.7784,18.134625
4081.9708,18.918133
4083.1634,19.231052
4084.3561,17.998873
4085.5491,16.900027
4086.7422,17.299221
4087.9355,16.953316
4089.1289,15.901529
4090.3226,15.430134
4091.5164,15.178347
4092.7104,14.448128
4093.9045,14.188497
4095.0989,13.160239
4096.2934,12.281
4097.4881,11.746859
4098.6829,12.146051
4099.8779,12.357008
4101.0731,11.697377
4102.2685,12.04951
4103.4641,11.774192
4104.6598,10.667501
4105.8557,10.886301
4107.0518,10.563924
4108.248,9.2846837
4109.4445,9.6995612
4110.6411,10.349733
4111.8378,10.019512
4113.0348,9.9559578
4114.2319,9.9708349
4115.4292,10.299437
4116.6267,10.949608
4117.8243,10.384093
4119.0221,10.328381
4120.2201,10.515807
4121.4183,11.424801
4122.6166,12.145559
4123.8151,11.768278
4125.0138,11.900802
4126.2127,11.045089
4127.4117,12.283494
4128.6109,12.753272
4129.8103,13.042657
4131.0099,12.484984
4132.2096,12.20182
4133.4095,12.444146
4134.6096,12.88255
4135.8098,12.395465
4137.0103,11.33583
4138.2109,10.974234
4139.4116,10.871461
4140.6126,10.713787
4141.8137,10.312975
4143.015,9.5749078
4144.2165,9.9897819
4145.4181,10.075244
4146.62,9.5646278
4147.822,9.2422467
4149.0241,8.5747674
4150.2265,8.6366997
4151.429,8.9731418
4152.6317,8.9880151
4153.8346,9.0421039
4155.0376,8.8765848
4156.2408,8.9698891
4157.4442,9.0475071
4158.6478,9.0859092
4159.8515,9.0223504
4161.0554,9.0136934
4162.2595,9.3501344
4163.4638,8.6355949
4164.6682,8.5406631
4165.8728,8.5790645
4167.0776,8.8919756
4168.2826,9.5656709
4169.4877,7.8472092
4170.693,8.5758062
4171.8985,7.9083246
4173.1041,7.1545685
4174.31,7.0831651
4175.516,7.0352911
4176.7222,7.2854562
4177.9285,6.8297387
4179.135,6.6014722
4180.3417,7.0084996
4181.5486,6.6704289
4182.7557,6.7323581
4183.9629,6.9746793
4185.1703,6.6679808
4186.3778,6.6750076
4187.5856,6.3134069
4188.7935,6.8537669
4190.0016,6.7431463
4191.2099,6.3893884
4192.4183,6.4042578
4193.6269,6.7642251
4194.8357,6.8575257
4196.0447,6.6998457
4197.2538,6.6598127
4198.4631,6.6276227
4199.6726,6.2346482
4200.8823,6.429909
4202.0921,6.648699
4203.3021,6.7890576
4204.5123,6.929416
4205.7227,6.4893821
4206.9332,6.4493482
4208.1439,6.6132356
4209.3548,6.6594759
4210.5659,6.7763044
4211.7771,7.0578386
4212.9885,7.2217256
4214.2001,7.2601223
4215.4118,7.4083228
4216.6237,7.4467192
4217.8358,7.1949195
4219.0481,7.0058647
4220.2606,7.2403393
4221.4732,7.3414804
4222.686,7.5916409
4223.899,7.9751347
4225.1121,8.4605892
4226.3254,8.4440828
4227.5389,8.5922821
4228.7526,9.3679323
4229.9664,10.041622
4231.1804,10.495703
4232.3946,10.31449
4233.609,10.988179
4234.8235,12.006966
4236.0382,13.237517
4237.2531,13.47199
4238.4682,14.859404
4239.6834,15.125249
4240.8988,15.665604
4242.1144,16.056939
4243.3302,16.377686
4244.5461,16.776864
4245.7622,16.368199
4246.9785,16.367377
4248.195,15.644986
4249.4116,15.040242
4250.6284,14.459027
4251.8454,13.893499
4253.0625,13.32797
4254.2798,12.629108
4255.4973,12.047893
4256.715,11.741187
4257.9329,10.697227
4259.1509,10.170913
4260.3691,9.7622468
4261.5875,9.8712271
4262.806,9.3370701
4264.0247,9.1715404
4265.2436,8.9118929
4266.4627,8.4953826
4267.6819,8.2043624
4268.9013,7.6388322
4270.1209,7.6223215
4271.3407,7.8097323
4272.5606,7.6834174
4273.7807,7.5492593
4275.001,7.2974541
4276.2215,7.3123154
4277.4421,7.8605099
4278.6629,7.5538023
4279.8839,7.3255259
4281.1051,7.6227397
4282.3264,7.0807376
4283.5479,7.1112845
4284.7696,7.1888901
4285.9915,6.607672
4287.2135,6.9284145
4288.4357,7.2020982
4289.6581,7.3502915
4290.8806,7.514171
4292.1033,7.144717
4293.3262,7.583106
4294.5493,7.8097302
4295.7726,8.0912563
4296.996,7.5335666
4298.2196,7.5484257
4299.4434,7.6730887
4300.6673,7.4369672
4301.8914,8.1733947
4303.1157,8.1255083
4304.3402,7.4423276
4305.5648,7.6924802
4306.7896,8.1387111
4308.0146,8.4359222
4309.2398,7.9409764
4310.4651,7.8852462
4311.6906,8.3079472
4312.9163,7.8835892
4314.1422,7.7729567
4315.3682,7.7485985
4316.5944,7.9516912
4317.8208,8.0763524
4319.0474,8.059837
4320.2741,8.3884195
4321.501,7.7444529
4322.7281,7.7906823
4323.9553,7.4212252
4325.1828,7.7419642
4326.4104,7.0979971
4327.6382,7.6069711
4328.8661,7.8022194
4330.0942,6.9386442
4331.3225,7.5103629
4332.551,7.1330619
4333.7797,7.0459569
4335.0085,6.4961066
4336.2375,6.1344915
4337.4666,6.5571901
4338.696,6.8230257
4339.9255,6.3359201
4341.1552,5.8409712
4342.3851,6.0519046
4343.6151,6.1373476
4344.8453,5.8855356
4346.0757,6.0258804
4347.3063,5.7662251
4348.537,5.2869617
4349.7679,5.592012
4350.999,5.7872583
4352.2303,5.4256417
4353.4617,5.7463779
4354.6933,6.1847611
4355.9251,5.8623598
4357.1571,6.2223113
4358.3892,6.5116745
4359.6215,6.2833905
4360.854,6.3688319
4362.0866,6.3915281
4363.3195,5.5436359
4364.5525,6.1153515
4365.7856,6.1929493
4367.019,5.4627038
4368.2525,5.1089288
4369.4862,5.5316243
4370.7201,5.4915745
4371.9541,5.2632894
4373.1884,5.4193178
4374.4228,6.1322089
4375.6573,5.3549038
4376.8921,5.3383828
4378.127,5.6277442
4379.3621,5.7288701
4380.5974,5.6182311
4381.8328,5.3585725
4383.0684,5.3655804
4384.3042,5.2627842
4385.5402,4.7756743
4386.7763,5.2297406
4388.0126,5.2994932
4389.2491,5.0633632
4390.4858,5.1644881
4391.7226,4.6930638
4392.9596,5.2961491
4394.1968,5.5070776
4395.4342,5.1925156
4396.6717,5.1995223
4397.9094,5.2535876
4399.1473,5.3703979
4400.3853,4.9617178
4401.6236,4.7726455
4402.862,5.2972986
4404.1005,5.4690104
4405.3393,5.4368005
4406.5782,4.8555708
4407.8173,4.7684587
4409.0566,5.3166406
4410.296,5.1510969
4411.5357,5.1188864
4412.7754,5.267068
4414.0154,4.8348573
4415.2556,4.9202935
4416.4959,5.4135727
4417.7364,5.4362636
4418.977,5.3020916
4420.2179,4.9247822
4421.4589,4.7435512
4422.7001,4.9309475
4423.9415,4.224226
4425.183,4.7018181
4426.4247,4.7558807
4427.6666,4.8883746
4428.9086,5.0522409
4430.1509,4.1729698
4431.3933,4.4544829
4432.6359,4.9085449
4433.8786,4.4920186
4435.1216,4.2480411
4436.3647,4.0668087
4437.6079,4.0267526
4438.8514,4.1749316
4440.095,3.8054635
4441.3388,4.2124659
4442.5828,4.2743701
4443.827,3.6696075
4445.0713,4.0922958
4446.3158,4.4287095
4447.5605,4.2396328
4448.8053,4.2701639
4450.0503,4.1987341
4451.2955,4.4880884
4452.5409,4.4480309
4453.7864,4.1569929
4455.0322,4.3757587
4456.2781,4.23374
4457.5241,4.1152507
4458.7704,4.0751925
4460.0168,3.9880755
4461.2634,3.8382132
4462.5101,3.8844293
4463.7571,4.0169197
4465.0042,4.376861
4466.2515,4.1407238
4467.4989,4.053606
4468.7466,4.0057038
4469.9944,3.926429
4471.2423,4.2314678
4472.4905,4.0502319
4473.7388,4.3787998
4474.9873,4.6995245
4476.236,4.6673079
4477.4849,4.7056794
4478.7339,4.8224821
4479.9831,4.7902652
4481.2325,4.5227539
4482.482,4.5219093
4483.7318,4.7171429
4484.9817,4.5359059
4486.2317,5.4056491
4487.482,4.5342158
4488.7324,4.5333705
4489.983,5.2227212
4491.2338,4.8218757
4492.4847,5.0171086
4493.7358,4.7260668
4494.9871,4.8585543
4496.2386,4.6616299
4497.4902,4.3470583
4498.742,4.56582
4499.994,4.58066
4501.2462,4.7053037
4502.4985,4.5711239
4503.751,4.1389047
4505.0037,4.6086461
4506.2566,4.364662
4507.5096,4.5991091
4508.7628,4.7786541
4510.0162,4.5660421
4511.2698,4.7534301
4512.5235,4.1957198
4513.7774,3.4889899
4515.0315,4.1469657
4516.2857,3.92651
4517.5402,4.2786032
4518.7948,4.324814
4520.0496,4.4023972
4521.3045,4.2760587
4522.5596,3.9850142
4523.8149,4.3292637
4525.0704,4.4146895
4526.326,4.7981545
4527.5819,4.4365213
4528.8379,3.910182
4530.094,4.0426662
4531.3504,3.869268
4532.6069,4.2370461
4533.8636,4.3538436
4535.1205,4.4235823
4536.3775,4.3599874
4537.6347,4.3434513
4538.8921,4.3975033
4540.1497,3.9731239
4541.4074,4.0742344
4542.6653,4.3322077
4543.9234,4.1195925
4545.1817,4.4010949
4546.4401,4.1806364
4547.6987,4.1797856
4548.9575,3.9436406
4550.2164,4.0055347
4551.4756,4.5615463
4552.7349,4.0901068
4553.9944,4.9049417
4555.254,5.0531099
4556.5138,4.864023
4557.7738,4.5729752
4559.034,4.4544763
4560.2944,4.6418596
4561.5549,4.8527722
4562.8156,4.906822
4564.0765,5.4471462
4565.3375,5.7208035
4566.5987,5.2179902
4567.8601,5.585765
4569.1217,5.7104024
4570.3834,5.4350397
4571.6454,5.8812455
4572.9075,6.1078434
4574.1697,5.6913038
4575.4322,6.0277054
4576.6948,5.8935185
4577.9576,5.9109656
4579.2205,5.9911576
4580.4837,6.0347482
4581.747,6.0234367
4583.0105,6.0957853
4584.2741,6.1315324
4585.538,6.0993055
4586.802,5.9991047
4588.0661,6.196943
4589.3305,6.2719053
4590.595,6.4775865
4591.8597,6.6884963
4593.1246,6.9255497
4594.3897,7.1416881
4595.6549,7.1512903
4596.9203,7.4092585
4598.1859,7.5338932
4599.4516,7.6559134
4600.7176,8.0053845
4601.9837,8.4359012
4603.2499,9.0285093
4604.5164,9.0276532
4605.783,9.047712
4607.0498,9.1540453
4608.3168,9.5427313
4609.5839,9.9654042
4610.8512,10.341018
4612.1187,10.805521
4613.3864,11.324925
4614.6542,11.972434
4615.9222,12.387263
4617.1904,12.734119
4618.4588,12.843065
4619.7273,13.116717
4620.996,13.630893
4622.2649,14.42742
4623.534,15.19519
4624.8032,15.8976
4626.0726,16.568637
4627.3422,17.307648
4628.612,17.819208
4629.8819,18.328154
4631.152,18.970433
4632.4223,20.054541
4633.6927,21.078519
4634.9634,21.707726
4636.2342,22.438893
4637.5051,23.551759
4638.7763,24.7509
4640.0476,25.795792
4641.3191,26.720423
4642.5908,28.340478
4643.8626,29.657266
4645.1346,31.031569
4646.4068,32.761428
4647.6792,35.327888
4648.9518,38.077355
4650.2245,40.186298
4651.4974,41.973673
4652.7704,43.917911
4654.0437,46.19156
4655.3171,48.248215
4656.5907,50.032975
4657.8644,50.834729
4659.1384,51.829946
4660.4125,52.359804
4661.6868,53.624302
4662.9612,54.033898
4664.2359,54.022579
4665.5107,52.607338
4666.7857,50.609091
4668.0608,48.859209
4669.3361,47.234817
4670.6116,46.305851
4671.8873,45.013485
4673.1632,43.347263
4674.4392,41.252283
4675.7154,39.389982
4676.9918,38.35644
4678.2683,37.084989
4679.5451,35.625302
4680.822,33.70287
4682.099,32.418347
4683.3763,31.188725
4684.6537,30.322502
4685.9313,29.302031
4687.2091,28.231886
4688.487,27.258473
4689.7651,26.316433
4691.0434,25.852824
4692.3219,25.590522
4693.6005,25.47201
4694.8793,24.472453
4696.1583,23.770935
4697.4375,23.325626
4698.7168,23.152212
4699.9963,22.631086
4701.276,21.707345
4702.5559,21.272493
4703.8359,21.169667
4705.1161,21.231546
4706.3965,21.21238
4707.6771,20.699096
4708.9578,20.290387
4710.2387,20.184946
4711.5198,20.364473
4712.801,20.62243
4714.0825,20.689538
4715.3641,20.772331
4716.6458,20.679962
4717.9278,20.660795
4719.2099,20.665157
4720.4922,20.740107
4721.7747,20.741854
4723.0573,21.067785
4724.3401,21.649924
4725.6231,22.22422
4726.9063,22.492634
4728.1897,22.572812
4729.4732,22.888284
4730.7569,23.548855
4732.0407,24.141451
4733.3248,24.386334
4734.609,24.372394
4735.8934,24.682637
4737.1779,25.565429
4738.4627,26.186783
4739.7476,26.557156
4741.0327,26.530144
4742.3179,26.35934
4743.6034,26.13102
4744.889,25.630805
4746.1747,25.216864
4747.4607,24.272204
4748.7468,23.296171
4750.0331,22.829942
4751.3196,22.572863
4752.6063,22.50402
4753.8931,22.116222
4755.1801,21.451299
4756.4673,20.598142
4757.7546,19.517533
4759.0421,19.161107
4760.3298,18.969387
4761.6177,18.858712
4762.9058,18.65392
4764.194,18.064814
4765.4824,17.828649
4766.7709,17.331046
4768.0597,17.152397
4769.3486,16.86133
4770.6377,16.750654
4771.927,16.872659
4773.2164,16.576362
4774.506,16.214706
4775.7958,16.025599
4777.0858,16.0561
4778.3759,16.201633
4779.6662,15.88965
4780.9567,15.661326
4782.2474,15.435617
4783.5382,15.411215
4784.8292,15.371127
4786.1204,15.500973
4787.4117,15.575917
4788.7033,15.648247
4789.995,15.383321
4791.2869,15.168069
4792.5789,14.871771
4793.8711,14.632989
4795.1635,14.483095
4796.4561,14.254771
4797.7489,14.125792
4799.0418,13.84518
4800.3349,13.582868
4801.6282,13.380686
4802.9216,13.374583
4804.2152,13.629918
4805.509,13.74669
4806.803,13.387646
4808.0971,12.90834
4809.3914,12.58851
4810.6859,12.642537
4811.9806,12.560616
4813.2754,12.37412
4814.5705,12.266055
4815.8656,12.22335
4817.161,12.285219
4818.4565,12.119638
4819.7523,12.155363
4821.0481,12.028997
4822.3442,11.978448
4823.6404,11.906983
4824.9368,12.057741
4826.2334,12.106538
4827.5302,12.001086
4828.8271,11.817203
4830.1242,11.803254
4831.4215,11.76839
4832.7189,11.806729
4834.0166,11.863368
4835.3144,12.029811
4836.6123,12.123051
4837.9105,12.0542
4839.2088,11.927832
4840.5073,11.811922
4841.806,11.803201
4843.1048,11.807551
4844.4038,11.602752
4845.703,11.494684
4847.0024,11.289884
4848.302,11.336064
4849.6017,11.332571
4850.9016,11.457183
4852.2016,11.451075
4853.5019,11.280262
4854.8023,11.180036
4856.1029,11.22883
4857.4036,11.115533
4858.7046,10.989163
4860.0057,10.870637
4861.307,11.052764
4862.6084,10.991753
4863.9101,10.828782
4865.2119,10.757314
4866.5138,10.704146
4867.816,10.520259
4869.1183,10.307614
4870.4208,10.353792
4871.7235,10.264023
4873.0264,9.8814429
4874.3294,9.493634
4875.6326,9.3777204
4876.936,9.429127
4878.2395,9.4151739
4879.5432,9.3593907
4880.8471,9.4055681
4882.1512,9.331484
4883.4555,9.4168769
4884.7599,9.3271062
4886.0645,9.3366819
4887.3692,9.2939698
4888.6742,9.2800158
4889.9793,9.1641009
4891.2846,8.9723689
4892.5901,8.8721401
4893.8957,8.764068
4895.2015,8.7056689
4896.5075,8.6158972
4897.8137,8.5731842
4899.12,8.6062881
4900.4265,8.5060586
4901.7332,8.392757
4903.04,8.146122
4904.3471,8.1243234
4905.6543,8.076381
4906.9617,8.1617717
4908.2692,8.1347441
4909.577,8.0528143
4910.8849,7.9238256
4912.1929,7.8837257
4913.5012,7.9377434
4914.8096,7.8924145
4916.1182,7.8366279
4917.427,7.7756125
4918.7359,7.8610022
4920.0451,7.9490062
4921.3544,7.885376
4922.6638,7.8008307
4923.9735,7.5777232
4925.2833,7.5951385
4926.5933,7.5785667
4927.9035,7.6378118
4929.2138,7.7990175
4930.5243,7.7929029
4931.835,7.6403829
4933.1459,7.3676014
4934.4569,7.2804407
4935.7681,7.3135413
4937.0795,7.362328
4938.3911,7.2856245
4939.7028,7.2716659
4941.0147,7.1949621
4942.3268,7.13133
4943.6391,7.0572404
4944.9515,7.0458957
4946.2641,7.0371653
4947.5769,7.0911798
4948.8898,7.1765668
4950.203,7.2645681
4951.5163,7.1747914
4952.8298,6.9935114
4954.1434,7.0527541
4955.4572,7.1695131
4956.7712,7.1241804
4958.0854,6.9664293
4959.3998,6.9054102
4960.7143,6.9855673
4962.029,6.9506917
4963.3438,6.839999
4964.6589,6.7449924
4965.9741,6.5924694
4967.2895,6.6151096
4968.6051,6.6926517
4969.9208,6.7440499
4971.2367,6.5836833
4972.5528,6.585408
4973.8691,6.7858254
4975.1855,6.9365695
4976.5021,6.8415619
4977.8189,6.8459006
4979.1359,6.9757293
4980.453,7.1264729
4981.7703,7.081138
4983.0878,7.0645612
4984.4055,7.0558273
4985.7233,7.175198
4987.0413,7.2919541
4988.3595,7.3877951
4989.6779,7.2823287
4990.9964,7.4513721
4992.3151,7.6439447
4993.634,8.0352101
4994.953,8.0238609
4996.2722,7.9288515
4997.5916,7.8103126
4998.9112,7.6656298
5000.231,7.5889207
5001.5509,7.543584
5002.871,7.7204694
5004.1913,7.7744789
5005.5117,7.5801223
5006.8323,7.4014518
5008.1531,7.3587289
5009.4741,7.3081628
5010.7952,7.0118449
5012.1165,6.8514746
5013.438,6.8113656
5014.7597,6.794786
5016.0815,6.6239578
5017.4036,6.5916916
5018.7257,6.6169416
5020.0481,6.6238909
5021.3706,6.5210361
5022.6933,6.3789656
5024.0162,6.2342805
5025.3393,6.1810985
5026.6625,6.1043871
5027.9859,6.0093749
5029.3095,5.7444279
5030.6333,5.5657553
5031.9572,5.5465597
5033.2813,5.5639653
5034.6056,5.7147041
5035.93,5.7138088
5037.2547,5.744286
5038.5795,5.6518872
5039.9044,5.6300765
5041.2296,5.5664356
5042.5549,5.5916836
5043.8804,5.5358856
5045.2061,5.5114601
5046.5319,5.4556619
5047.8579,5.4573799
5049.1841,5.4747841
5050.5105,5.4294431
5051.837,5.4154745
5053.1638,5.4250352
5054.4906,5.3692363
5055.8177,5.3866399
5057.1449,5.173978
5058.4724,5.2515121
5059.7999,5.2140134
5061.1277,5.1817433
5062.4556,5.1756169
5063.7838,4.9812551
5065.112,5.0640173
5066.4405,4.984688
5067.7691,4.9393454
5069.0979,5.0038067
5070.4269,4.8669606
5071.7561,4.9366504
5073.0854,4.8782354
5074.4149,4.9505393
5075.7446,4.9757843
5077.0744,4.8467808
5078.4045,4.7491497
5079.7347,4.6855054
5081.065,4.6846062
5082.3956,4.6627917
5083.7263,4.4841144
5085.0572,4.4178553
5086.3883,4.4143411
5087.7195,4.5964478
5089.0509,4.5354171
5090.3825,4.5188307
5091.7143,4.5257736
5093.0462,4.5797752
5094.3784,4.5919466
5095.7106,4.5230722
5097.0431,4.4724983
5098.3757,4.3121203
5099.7086,4.2537031
5101.0415,4.2894033
5102.3747,4.2937309
5103.708,4.3242021
5105.0416,4.3677452
5106.3752,4.500177
5107.7091,4.5489485
5109.0431,4.4800729
5110.3773,4.3249227
5111.7117,4.2429749
5113.0463,4.270831
5114.381,4.3196019
5115.7159,4.2428826
5117.051,4.179235
5118.3862,4.1286592
5119.7217,4.1905016
5121.0573,4.1791413
5122.393,4.1599377
5123.729,4.0178582
5125.0651,4.0012687
5126.4014,3.9140909
5127.7379,3.9184163
5129.0745,4.0325454
5130.4113,4.1885045
5131.7483,4.2137445
5133.0855,4.0246053
5134.4228,3.8929824
5135.7604,3.8842351
5137.098,3.7343113
5138.4359,3.7700082
5139.7739,3.6906724
5141.1122,3.7917286
5142.4505,3.8404971
5143.7891,3.8866511
5145.1278,3.8857461
5146.4667,3.7175208
5147.8058,3.5885111
5149.1451,3.4778019
5150.4845,3.4350664
5151.8241,3.5753373
5153.1639,3.5665885
5154.5039,3.6702579
5155.844,3.6588945
5157.1843,3.7860931
5158.5248,3.7904157
5159.8654,3.6143461
5161.2062,3.5506946
5162.5472,3.4975006
5163.8884,3.6246986
5165.2298,3.5688899
5166.5713,3.6124275
5167.913,3.5200173
5169.2549,3.4642083
5170.5969,3.3587259
5171.9391,3.208799
5173.2815,3.1686759
5174.6241,3.1076377
5175.9668,3.258364
5177.3097,3.2286981
5178.6528,3.1023
5179.9961,3.0595619
5181.3395,3.0455819
5182.6831,3.0446737
5184.0269,3.0333078
5185.3709,2.9801117
5186.715,3.0288763
5188.0593,2.9965951
5189.4038,3.097647
5190.7485,3.261444
5192.0933,3.0775284
5193.4383,2.8779264
5194.7835,2.4953177
5196.1289,2.5649965
5197.4744,2.660819
5198.8201,2.7592558
5200.166,2.6589996
5201.512,2.5587433
5202.8582,2.5865915
5204.2046,2.6719559
5205.5512,2.6788888
5206.898,2.6884359
5208.2449,2.6927542
5209.592,2.694458
5210.9392,2.5706715
5212.2867,2.4259698
5213.6343,2.4276732
5214.9821,2.3927752
5216.3301,2.4415372
5217.6782,2.4667697
5219.0265,2.4789302
5220.375,2.5276919
5221.7237,2.4065188
5223.0725,2.4657377
5224.4215,2.3131918
5225.7707,2.3331949
5227.1201,2.2277076
5228.4696,2.2294097
5229.8193,2.3147719
5231.1692,2.33216
5232.5193,2.3260187
5233.8695,2.3590929
5235.2199,2.3503369
5236.5705,2.4906004
5237.9212,2.3511253
5239.2722,2.2377938
5240.6233,2.1532204
5241.9745,2.0764899
5243.326,2.245511
5244.6776,2.2079961
5246.0294,2.3064287
5247.3814,2.3055148
5248.7335,2.2915289
5250.0859,2.2749285
5251.4384,2.2897005
5252.791,2.2234267
5254.1439,2.151924
5255.4969,2.0542774
5256.8501,2.055977
5258.2035,2.1334936
5259.557,2.0881342
5260.9107,2.2257812
5262.2646,2.1961078
5263.6187,2.0984605
5264.9729,2.0008131
5266.3273,1.9632962
5267.6819,2.0486551
5269.0367,2.0451249
5270.3916,2.0834247
5271.7467,2.2733584
5273.102,2.2855141
5274.4574,2.2793691
5275.8131,2.1346619
5277.1689,2.2121768
5278.5249,2.1171426
5279.881,2.1606703
5281.2373,2.0734789
5282.5939,2.0882483
5283.9505,1.9539979
5285.3074,1.8981787
5286.6644,1.9730784
5288.0216,2.1054943
5289.379,2.2640539
5290.7365,2.2971231
5292.0942,2.1837871
5293.4521,2.0181633
5294.8102,1.9911015
5296.1685,2.1522749
5297.5269,2.2036442
5298.8855,2.210569
5300.2442,2.1129185
5301.6032,2.0963136
5302.9623,2.0875517
5304.3216,2.1546067
5305.681,2.2112041
5307.0407,2.2024419
5308.4005,2.1727646
5309.7605,2.177074
5311.1206,2.1290958
5312.481,2.2249082
5313.8415,2.2971912
5315.2022,2.3511734
5316.563,2.3920835
5317.9241,2.4408367
5319.2853,2.6464525
5320.6466,2.6141597
5322.0082,2.4929779
5323.3699,2.4920575
5324.7318,2.5904833
5326.0939,2.9843338
5327.4562,3.2134783
5328.8186,3.4949103
5330.1812,3.5619631
5331.544,3.5871857
5332.9069,3.528748
5334.27,3.551356
5335.6333,3.7778854
5336.9968,4.0174866
5338.3604,4.1838851
5339.7242,4.2038783
5341.0882,4.456551
5342.4524,4.9236027
5343.8167,5.0586282
5345.1813,5.031562
5346.546,5.0227964
5347.9108,5.3146843
5349.2759,5.6745459
5350.6411,5.6814661
5352.0065,5.6543994
5353.372,5.3868097
5354.7377,5.1584355
5356.1037,5.0790808
5357.4697,5.0415561
5358.836,4.9961881
5360.2024,4.7076827
5361.569,4.4949942
5362.9358,4.3659657
5364.3028,4.3075254
5365.6699,3.9432026
5367.0372,3.5292064
5368.4047,3.1936415
5369.7723,3.0646124
5371.1401,2.9564983
5372.5081,2.806554
5373.8763,2.797786
5375.2447,2.8831355
5376.6132,2.7880928
5377.9819,2.6512199
5379.3508,2.6006214
5380.7198,2.5029639
5382.089,2.520339
5383.4584,2.3416356
5384.828,2.4583569
5386.1977,2.3162545
5387.5676,2.2029102
5388.9377,2.1470821
5390.308,2.0834107
5391.6784,2.155687
5393.049,2.0972441
5394.4198,2.1355332
5395.7908,2.0875477
5397.1619,1.8800849
5398.5332,1.7536677
5399.9047,1.6507798
5401.2764,1.7256696
5402.6482,1.8031737
5404.0202,1.8859064
5405.3924,1.8248481
5406.7647,1.6932015
5408.1373,1.5850842
5409.51,1.5370975
5410.8828,1.4446662
5412.2559,1.3339341
5413.6291,1.2571889
5415.0025,1.3320775
5416.3761,1.2318026
5417.7498,1.155057
5419.1238,1.1070694
5420.4978,1.1192125
5421.8721,1.2359306
5423.2466,1.2533021
5424.6212,1.1190396
5425.996,1.157326
5427.3709,1.0570501
5428.7461,1.1711533
5430.1214,1.1074785
5431.4969,1.0621043
5432.8725,1.0637887
5434.2484,0.90338159
5435.6244,0.87630766
5437.0006,0.85446236
5438.3769,0.82477382
5439.7535,0.87090215
5441.1302,0.8124552
5442.5071,0.84289702
5443.8841,0.68248904
5445.2614,0.58744043
5446.6388,0.59958124
5448.0163,0.60126442
5449.3941,0.56896056
5450.772,0.47391147
5452.1501,0.5252675
5453.5284,0.56616589
5454.9069,0.58353476
5456.2855,0.49632834
5457.6643,0.53984076
5459.0432,0.51799359
5460.4224,0.5458195
5461.8017,0.56841653
5463.1812,0.53349711
5464.5609,0.5064207
5465.9407,0.52901738
5467.3207,0.64050283
5468.7009,0.73107313
5470.0813,0.61249299
5471.4618,0.52005652
5472.8426,0.43284869
5474.2234,0.31426819
5475.6045,0.35255032
5476.9857,0.30978659
5478.3672,0.358526
5479.7487,0.36282085
5481.1305,0.45861885
5482.5124,0.55441673
5483.8945,0.43583541
5485.2768,0.2884958
5486.6593,0.20128679
5488.0419,0.15590773
5489.4247,0.17850241
5490.8077,0.27691397
5492.1909,0.32303782
5493.5742,0.32994587
5494.9577,0.24796492
5496.3414,0.21827143
5497.7252,0.28008108
5499.1092,0.31051808
5500.4934,0.38539939
5501.8778,0.29296033
5503.2623,0.18483488
5504.6471,0.13945441
5506.032,0.20126336
5507.417,0.24477154
5508.8023,0.26213581
5510.1877,0.27949997
5511.5733,0.20797512
5512.9591,0.073705047
5514.345,-0.10500958
5515.7311,-0.13209034
5517.1174,-0.049367301
5518.5039,-0.060762023
5519.8905,-0.072156863
5521.2773,-0.17684521
5522.6643,-0.114212
5524.0515,-0.08556441
5525.4388,-0.096131212
5526.8263,-0.028265341
5528.214,0.010843658
5529.6018,0.12577095
5530.9899,0.026320457
5532.3781,0.015760152
5533.7664,-0.0052563707
5535.155,0.0024865762
5536.5437,0.031145855
5537.9326,-0.081370037
5539.3217,-0.086695088
5540.711,-0.073718186
5542.1004,-0.013681161
5543.49,0.1038735
5544.8798,-0.013864651
5546.2697,-0.045326996
5547.6598,0.0068720892
5549.0501,0.077373127
5550.4406,0.12434605
5551.8312,-0.024758154
5553.222,0.006531095
5554.613,0.035207265
5556.0042,0.15015924
5557.3955,0.21543932
5558.7871,0.097714157
5560.1787,0.037506635
5561.5706,0.021744857
5562.9626,0.16807588
5564.3549,0.18368925
5565.7472,0.13133006
5567.1398,0.11557348
5568.5325,0.1625633
5569.9254,0.15726683
5571.3185,0.16765794
5572.7118,0.14144904
5574.1052,0.094326404
5575.4988,0.099492651
5576.8926,0.088973923
5578.2866,0.14904473
5579.6807,0.14114298
5581.075,0.1123275
5582.4695,0.059983899
5583.8641,0.033785393
5585.2589,0.02327446
5586.6539,0.023222344
5588.0491,0.017942768
5589.4444,-0.00040740371
5590.84,0.0047731356
5592.2357,-0.03448947
5593.6315,-0.03714947
5595.0276,0.038623203
5596.4238,0.12224031
5597.8202,0.16141428
5599.2167,0.20320392
5600.6135,0.1404197
5602.0104,0.22142762
5603.4075,0.22923423
5604.8048,0.32070228
5606.2022,0.32589711
5607.5998,0.27619128
5608.9976,0.24740178
5610.3955,0.18201227
5611.7937,0.098323414
5613.192,0.15058357
5614.5905,0.11918489
5615.9891,0.18190515
5617.388,0.10345025
5618.787,0.10865677
5620.1861,0.061577014
5621.5855,-0.0534753
5622.985,-0.12669625
5624.3847,-0.1502427
5625.7846,-0.011696343
5627.1846,0.027504906
5628.5849,-0.0038807814
5629.9853,0.10852568
5631.3858,0.12158704
5632.7866,0.21830982
5634.1875,0.087582927
5635.5886,0.079733148
5636.9899,-0.064063044
5638.3913,-0.17125663
5639.7929,-0.16080186
5641.1947,-0.11374448
5642.5967,-0.053613905
5643.9988,-0.02746896
5645.4011,0.11893872
5646.8036,0.1163281
5648.2063,0.11633315
5649.6091,-0.0091506975
5651.0121,0.032687018
5652.4153,0.08498355
5653.8187,0.090222557
5655.2222,0.10592038
5656.6259,0.017044338
5658.0298,0.10856175
5659.4339,0.069361513
5660.8381,0.03539133
5662.2425,0.072010682
5663.6471,0.10863133
5665.0518,0.24982845
5666.4568,0.1740334
5667.8619,0.1034684
5669.2671,0.069506016
5670.6726,0.017244275
5672.0782,0.10093155
5673.484,0.053901161
5674.89,0.067002794
5676.2961,-0.053227606
5677.7024,-0.12116913
5679.1089,-0.10283484
5680.5156,-0.10018552
5681.9225,-0.12106432
5683.3295,-0.27266077
5684.7367,-0.22817749
5686.144,-0.10526154
5687.5516,0.028113221
5688.9593,0.15364615
5690.3672,0.13277515
5691.7752,0.09099041
5693.1835,0.0073769083
5694.5919,-0.065777778
5696.0005,-0.029827144
5697.4092,-0.014790653
5698.8182,-0.070341508
5700.2273,0.059729441
5701.6365,0.053853567
5703.046,0.1708544
5704.4556,0.044718868
5705.8654,-0.057886364
5707.2754,-0.0088567191
5708.6856,0.032330678
5710.0959,0.1310353
5711.5064,0.13562317
5712.9171,0.13759755
5714.3279,0.12127217
5715.7389,-0.010085008
5717.1501,-0.11268312
5718.5615,-0.066260743
5719.9731,-0.014608714
5721.3848,-0.0021714821
5722.7967,-0.0080340143
5724.2087,-0.0034381406
5725.621,0.11880568
5727.0334,0.052815099
5728.446,-0.05500466
5729.8588,-0.17589542
5731.2717,-0.28064724
5732.6848,-0.15533308
5734.0981,-0.064005223
5735.5116,-0.061565631
5736.9252,-0.043439142
5738.339,-0.056684579
5739.753,0.026802632
5741.1672,0.052774127
5742.5815,0.073517487
5743.996,0.17007846
5745.4107,0.12284921
5746.8255,0.065163067
5748.2406,0.064993885
5749.6558,0.043910293
5751.0711,0.18230445
5752.4867,0.18736589
5753.9024,0.21595737
5755.3183,0.16350372
5756.7344,0.095364422
5758.1506,0.14225842
5759.5671,0.027061545
5760.9837,0.10010058
5762.4004,0.21758469
5763.8174,0.18343543
5765.2345,0.19896
5766.6518,0.036707407
5768.0693,0.091448906
5769.4869,0.072988413
5770.9047,0.030999131
5772.3227,0.15110197
5773.7409,0.098656422
5775.1592,0.12987162
5776.5777,0.095727969
5777.9964,0.040669906
5779.4153,0.11633142
5780.8343,0.19460794
5782.2535,0.306872
5783.6729,0.24920205
5785.0925,0.1575458
5786.5122,0.13386402
5787.9321,0.2931894
5789.3522,0.25120821
5790.7725,0.31118844
5792.1929,0.3058098
5793.6135,0.32657558
5795.0343,0.32381258
5796.4552,0.21386065
5797.8763,0.26861523
5799.2976,0.32859919
5800.7191,0.31538115
5802.1408,0.37536636
5803.5626,0.34384892
5804.9846,0.49272426
5806.4068,0.52656754
5807.8291,0.43492125
5809.2516,0.30144551
5810.6743,0.26993119
5812.0972,0.30639134
5813.5202,0.27487826
5814.9434,0.16754881
5816.3668,0.052376843
5817.7904,-4.9402331e-005
5819.2141,-0.010644959
5820.6381,0.1042503
5822.0621,0.18777364
5823.4864,0.15626492
5824.9108,0.17965878
5826.3355,0.098478103
5827.7602,0.17938955
5829.1852,0.17664149
5830.6103,0.2052666
5832.0356,0.24957861
5833.4611,0.17362981
5834.8868,0.29637443
5836.3126,0.20212622
5837.7386,0.18369562
5839.1648,0.16265127
5840.5911,0.16513695
5842.0177,0.1493226
5843.4444,0.049848744
5844.8712,0.14122518
5846.2983,0.20907283
5847.7255,0.19848973
5849.1529,0.2323517
5850.5805,0.29235808
5852.0082,0.39158077
5853.4361,0.23459493
5854.8642,0.054080305
5856.2925,0.056572837
5857.7209,-0.0010647273
5859.1496,0.11646173
5860.5784,-0.030063477
5862.0073,0.022104749
5863.4365,0.15793373
5864.8658,0.16304438
5866.2953,0.24658702
5867.7249,0.14973813
5869.1548,0.23066764
5870.5848,0.21748013
5872.015,0.15984879
5873.4453,0.21986514
5874.8758,0.25896707
5876.3065,0.30591277
5877.7374,0.30057151
5879.1685,0.22202825
5880.5997,0.21668823
5882.0311,0.15906126
5883.4627,0.11712118
5884.8944,0.12746931
5886.3264,0.11690302
5887.7585,0.11679488
5889.1908,0.035641604
5890.6232,-0.074269216
5892.0558,0.0014415008
5893.4886,-0.014350427
5894.9216,0.053518399
5896.3547,-0.017174244
5897.7881,0.021937657
5899.2215,0.13948155
5900.6552,0.12369274
5902.0891,0.14450586
5903.5231,0.016299987
5904.9573,0.089401931
5906.3916,0.12067443
5907.8262,0.17024821
5909.2609,0.11786183
5910.6958,-0.012955308
5912.1308,-0.02612476
5913.5661,-0.049751106
5915.0015,-0.0080173514
5916.4371,0.028488268
5917.8728,0.046693856
5919.3088,0.12503079
5920.7449,0.054348731
5922.1811,0.054255534
5923.6176,0.0071041366
5925.0542,0.035770355
5926.491,0.10365288
5927.928,0.12186283
5929.3652,0.15837406
5930.8025,0.12691205
5932.24,0.071921249
5933.6777,0.13719251
5935.1155,0.08220296
5936.5535,0.069044096
5937.9917,-0.019931139
5939.4301,0.019198825
5940.8686,0.074015685
5942.3074,-0.056787746
5943.7463,-0.015041535
5945.1853,-0.0020528713
5946.6246,0.02662269
5948.064,0.03699822
5949.5036,-0.023213862
5950.9433,0.08389494
5952.3833,0.0027690713
5953.8234,0.0079183349
5955.2637,-0.01307557
5956.7041,0.036519384
5958.1448,0.031213
5959.5856,-0.06559603
5961.0266,-0.11273123
5962.4677,-0.099735096
5963.9091,0.0073793118
5965.3506,-0.089427226
5966.7922,-0.16793249
5968.2341,-0.20722144
5969.6761,-0.055660097
5971.1183,0.027928013
5972.5607,0.035699752
5974.0033,0.090530938
5975.446,0.12967647
5976.8889,0.087776877
5978.332,-0.061311637
5979.7752,-0.15026881
5981.2186,0.0065262746
5982.6622,0.097962505
5984.106,0.11619674
5985.5499,0.079529643
5986.9941,0.069006957
5988.4384,0.10292934
5989.8828,0.00090463057
5991.3275,-0.020073703
5992.7723,0.079210024
5994.2173,0.12097803
5995.6624,0.084315294
5997.1078,-0.028163816
5998.5533,-0.093583481
5999.999,0.047533426
6001.4448,0.12590586
6002.8909,0.24872336
6004.3371,0.22513625
6005.7835,0.10743212
6007.23,0.083846255
6008.6768,0.026274088
6010.1237,0.11510777
6011.5707,0.086295021
6013.018,0.073169167
6014.4654,0.049586419
6015.913,-0.049812699
6017.3608,-0.028949756
6018.8088,0.012828842
6020.2569,0.054608063
6021.7052,-0.023873532
6023.1537,-0.02653751
6024.6023,0.025701096
6026.0511,0.10669849
6027.5001,-0.050211981
6028.9493,-0.17052053
6030.3986,-0.18102453
6031.8482,-0.013750128
6033.2979,0.14568176
6034.7477,0.16655217
6036.1978,0.11944936
6037.648,0.043588993
6039.0984,-0.034885128
6040.5489,-0.081986076
6041.9997,-0.01928248
6043.4506,0.061722392
6044.9017,0.1662573
6046.3529,0.20020459
6047.8044,0.16356428
6049.256,0.066793862
6050.7078,-0.019518413
6052.1597,-0.064
6053.6119,-0.010525312
6055.0642,-0.027638404
6056.5166,-0.021221628
6057.9693,-0.13506583
6059.4221,-0.13649128
6060.8751,-0.19020386
6062.3283,-0.094896369
6063.7817,-0.062333523
6065.2352,0.0042167085
6066.6889,0.023708572
6068.1428,-0.087518063
6069.5968,-0.13861352
6071.051,-0.16879349
6072.5054,-0.078711571
6073.96,-0.006929846
6075.4147,0.036094165
6076.8697,0.081733012
6078.3248,0.2162612
6079.78,0.15471142
6081.2355,0.11146274
6082.6911,-0.018059984
6084.1469,-0.10052343
6085.6028,-0.11501257
6087.059,-0.15825942
6088.5153,-0.11261693
6089.9718,-0.051287701
6091.4284,-0.063160635
6092.8853,-0.035817426
6094.3423,-0.071218859
6095.7995,-0.028188464
6097.2568,0.027914283
6098.7143,0.12061879
6100.1721,0.22378127
6101.6299,0.19883964
6103.088,0.085009568
6104.5462,0.028696294
6106.0046,0.029899816
6107.4632,0.15136523
6108.9219,0.092438947
6110.3809,0.1485458
6111.84,0.12883611
6113.2992,0.22677394
6114.7587,0.36131353
6116.2183,0.28147449
6117.6781,0.16242022
6119.1381,-0.014149927
6120.5982,0.002744429
6122.0585,0.1242144
6123.519,0.24045608
6124.9797,0.23905115
6126.4405,0.16182968
6127.9016,0.014020437
6129.3628,-0.026598811
6130.8241,0.045200699
6132.2857,0.090856873
6133.7474,0.10514095
6135.2093,0.033150982
6136.6713,0.099723557
6138.1336,0.21074103
6139.596,0.23809883
6141.0585,0.23147016
6142.5213,0.20131254
6143.9842,0.18684164
6145.4473,0.11746924
6146.9106,0.11345677
6148.3741,0.21140554
6149.8377,0.25445281
6151.3015,0.28965739
6152.7655,0.2542742
6154.2296,0.25549277
6155.694,0.2567118
6157.1585,0.22394435
6158.6231,0.22777867
6160.088,0.23422782
6161.553,0.24590619
6163.0182,0.25497063
6164.4836,0.16991788
6165.9491,0.18159762
6167.4148,0.12007519
6168.8807,0.21541597
6170.3468,0.26892714
6171.813,0.26492242
6173.2794,0.1929443
6174.746,0.10266599
6176.2128,0.26859728
6177.6797,0.27766629
6179.1469,0.25274882
6180.6141,0.1781586
6182.0816,0.13494139
6183.5492,0.20152856
6185.017,0.17138416
6186.485,0.16215524
6187.9532,0.13724051
6189.4215,0.065267409
6190.89,0.097869928
6192.3587,-0.0080891887
6193.8276,-0.066989026
6195.2966,-0.018698864
6196.7658,0.04004927
6198.2352,0.14062793
6199.7047,0.029442331
6201.1744,0.077734316
6202.6443,0.14694179
6204.1144,0.2684373
6205.5847,0.28274373
6207.0551,0.27613558
6208.5257,0.35841677
6209.9964,0.35180953
6211.4674,0.27200013
6212.9385,0.14513237
6214.4098,0.11761146
6215.8813,0.18159428
6217.3529,0.18021808
6218.8247,0.15008417
6220.2967,0.14086574
6221.7689,0.027072609
6223.2412,-0.044890003
6224.7137,-0.0070482381
6226.1864,0.022950846
6227.6593,-0.022866608
6229.1323,-0.15234374
6230.6055,-0.070055702
6232.0789,0.12726547
6233.5525,0.14158056
6235.0262,0.090536625
6236.5001,0.094395111
6237.9742,0.085182156
6239.4484,0.11518534
6240.9229,0.030156309
6242.3975,0.10199047
6243.8722,0.15291006
6245.3472,0.1175556
6246.8223,0.074358452
6248.2976,0.025933003
6249.7731,0.14482827
6251.2487,0.18529262
6252.7246,0.11856789
6254.2006,0.049229233
6255.6767,0.097538091
6257.1531,0.1589193
6258.6296,0.24644476
6260.1063,0.22416675
6261.5831,0.26724867
6263.0602,0.27372974
6264.5374,0.19132238
6266.0148,0.20303312
6267.4924,0.13631295
6268.9701,0.15063898
6270.448,0.10744913
6271.9261,0.06164536
6273.4044,0.047214592
6274.8828,0.027555521
6276.3614,0.0052825274
6277.8402,-0.0013037357
6279.3191,0.015639869
6280.7983,0.11362968
6282.2776,0.14887485
6283.7571,0.21549303
6285.2367,0.20629466
6286.7165,0.2415412
6288.1965,0.14345486
6289.6767,0.1551729
6291.1571,0.13551885
6292.6376,0.11847963
6294.1183,0.043924525
6295.5992,-0.069845808
6297.0802,-0.10256993
6298.5614,-0.10392105
6300.0428,-0.024225968
6301.5244,-0.036033693
6303.0061,0.035819168
6304.4881,0.018783597
6305.9701,0.12723868
6307.4524,0.15987722
6308.9349,0.1951306
6310.4175,0.21469816
6311.9003,0.12184787
6313.3832,0.04206994
6314.8664,-0.008949367
6316.3497,-0.041667565
6317.8332,-0.027326483
6319.3168,-0.015599325
6320.8007,-0.03262988
6322.2847,0.09413087
6323.7688,-0.0013301456
6325.2532,0.096673347
6326.7377,0.048272066
6328.2224,0.11228954
6329.7073,0.092647344
6331.1924,-0.021112045
6332.6776,0.061207453
6334.163,0.091239825
6335.6486,0.15787396
6337.1343,0.070260186
6338.6203,-0.027810649
6340.1064,0.062354266
6341.5926,0.10284643
6343.0791,0.14595344
6344.5657,0.026969394
6346.0525,-0.042340991
6347.5395,-0.05413458
6349.0266,-0.081613988
6350.5139,0.060841701
6352.0014,0.067350134
6353.4891,0.15229039
6354.9769,0.082982746
6356.4649,0.052891239
6357.9531,0.1090747
6359.4415,-0.012519165
6360.93,0.098567167
6362.4187,0.073706243
6363.9076,0.11159087
6365.3967,0.034443278
6366.8859,-0.055775756
6368.3753,-0.020504137
6369.8649,-0.16300984
6371.3547,-0.15910986
6372.8446,-0.055863017
6374.3347,0.078756831
6375.825,0.095730076
6377.3154,0.047344299
6378.8061,0.038174665
6380.2969,-0.010210199
6381.7878,-0.10303905
6383.279,-0.096521043
6384.7703,0.017186964
6386.2618,0.060307192
6387.7535,-0.014219184
6389.2453,-0.14626144
6390.7374,-0.076996056
6392.2296,0.041942989
6393.7219,0.24977138
6395.2145,0.13341722
6396.7072,0.12948181
6398.2001,0.020971704
6399.6931,0.0091940746
6401.1864,-0.020883752
6402.6798,-0.0065166783
6404.1734,0.023537126
6405.6671,-0.035297503
6407.1611,-0.13596174
6408.6552,-0.04316147
6410.1495,0.1071556
6411.6439,0.21825743
6413.1386,0.24047083
6414.6334,0.17641018
6416.1284,0.20908202
6417.6235,0.084891558
6419.1189,0.015603517
6420.6144,-0.04845531
6422.11,-0.0053241381
6423.6059,0.014278078
6425.1019,-0.0027205573
6426.5981,0.01949695
6428.0945,0.026028638
6429.591,0.006416992
6431.0878,-0.052409885
6432.5847,-0.14522323
6434.0817,-0.081173381
6435.579,-0.05372438
6437.0764,-0.00013113142
6438.574,-0.032811937
6440.0718,-0.081178561
6441.5697,-0.066799631
6443.0678,-0.060263383
6444.5661,-0.079870469
6446.0646,-0.091633962
6447.5632,-0.079867587
6449.0621,0.023402511
6450.561,0.061313589
6452.0602,0.012950613
6453.5595,0.0038037788
6455.0591,0.075703153
6456.5587,0.090086642
6458.0586,0.07048366
6459.5586,-0.028968184
6461.0588,-0.013387057
6462.5592,-0.010877533
6464.0598,0.028233588
6465.5605,0.0072142824
6467.0614,0.048940366
6468.5625,0.046222296
6470.0637,0.069648309
6471.5652,-0.011500551
6473.0668,-0.027289642
6474.5686,-0.0483072
6476.0705,-0.048409433
6477.5726,-0.027596343
6479.0749,0.029818346
6480.5774,0.079390188
6482.08,0.11327605
6483.5829,0.055658931
6485.0859,0.011114001
6486.589,-0.012515605
6488.0924,0.13117534
6489.5959,0.18597769
6491.0996,0.13359079
6492.6034,0.13349176
6494.1075,0.18306622
6495.6117,0.20649719
6497.1161,0.080908839
6498.6207,-0.028992947
6500.1254,-0.031704898
6501.6303,-0.068403486
6503.1354,0.025617171
6504.6406,0.054278643
6506.1461,0.080326027
6507.6517,0.080229911
6509.1575,0.10889226
6510.6634,0.18461372
6512.1696,0.119159
6513.6759,0.1007634
6515.1823,0.087596841
6516.689,0.11364626
6518.1958,0.10048029
6519.7028,-0.0041886553
6521.21,-0.067027247
6522.7173,-0.056662933
6524.2249,-0.06721336
6525.7326,-0.025475914
6527.2404,-0.054326412
6528.7485,-0.025660278
6530.2567,0.018692421
6531.7651,-0.051987269
6533.2737,0.010666667
6534.7824,0.096720095
6536.2913,0.05989768
6537.8004,-0.03182672
6539.3097,-0.11309363
6540.8191,0.056619827
6542.3287,0.16358816
6543.8385,0.024804834
6545.3485,-0.1531942
6546.8586,-0.22400373
6548.3689,-0.080434187
6549.8794,0.00039022729
6551.3901,0.0080120021
6552.9009,-5.2523099e-005
6554.4119,0.01018358
6555.9231,0.036105932
6557.4345,-0.019017494
6558.946,0.095793696
6560.4577,0.142631
6561.9696,0.1999258
6563.4816,0.17094607
6564.9939,0.12628003
6566.5063,0.15743096
6568.0188,0.1467518
6569.5316,0.14914451
6571.0445,-0.021011823
6572.5576,-0.073521125
6574.0709,-0.052827837
6575.5843,0.046296797
6577.098,0.10097696
6578.6117,0.10336952
6580.1257,0.12144833
6581.6399,0.1029258
6583.1542,-0.030629433
6584.6687,-0.096210834
6586.1833,-0.10166154
6587.6982,-0.086197242
6589.2132,0.065214744
6590.7284,0.0048619989
6592.2437,0.051698771
6593.7593,0.014875387
6595.275,0.030339558
6596.7909,0.035346188
6598.3069,-0.032849822
6599.8232,-0.09320272
6601.3396,-0.017607931
6602.8562,0.12073193
6604.3729,0.24599987
6605.8898,0.16211746
6607.4069,0.075620642
6608.9242,0.044025761
6610.4417,0.05164654
6611.9593,0.01220847
6613.4771,-0.0089289714
6614.9951,0.040521797
6616.5132,0.13703136
6618.0316,0.12373698
6619.5501,0.026782445
6621.0687,-0.059714602
6622.5876,-0.054708405
6624.1066,0.033957896
6625.6258,-0.018552299
6627.1452,-0.029232454
6628.6647,-0.021611981
6630.1844,-0.02444905
6631.7043,-0.016828628
6633.2244,-0.11639777
6634.7446,-0.10093427
6636.265,-0.085470783
6637.7856,-0.096151116
6639.3064,0.031730616
6640.8273,0.049808401
6642.3484,0.11233061
6643.8697,0.065048862
6645.3912,0.041296506
6646.9128,0.067217326
6648.4346,-0.0062082844
6649.9566,-0.0012025478
6651.4787,0.0038031634
6653.0011,0.11338401
6654.5236,0.22819359
6656.0463,0.25411426
6657.5691,0.25389111
6659.0921,0.19353722
6660.6153,0.18808526
6662.1387,0.21923458
6663.6623,0.30790022
6665.186,0.35996453
6666.7099,0.30222488
6668.234,0.27324339
6669.7582,0.2651769
6671.2826,0.25188162
6672.8072,0.20198501
6674.332,0.25404917
6675.8569,0.2302963
6677.382,0.22745844
6678.9073,0.18540487
6680.4328,0.27145584
6681.9584,0.38103621
6683.4843,0.51937472
6685.0102,0.60281124
6686.5364,0.5032412
6688.0627,0.4324293
6689.5893,0.4217481
6691.1159,0.55224335
6692.6428,0.55986275
6694.1698,0.49689389
6695.697,0.46268317
6697.2244,0.43108681
6698.752,0.46746428
6700.2797,0.51168486
6701.8076,0.54283352
6703.3357,0.68640046
6704.8639,0.75676475
6706.3924,0.84020091
6707.921,0.71187235
6709.4497,0.61753068
6710.9787,0.66697984
6712.5078,0.77133094
6714.0371,0.89659704
6715.5666,0.91467358
6717.0962,0.81510303
6718.6261,0.82533637
6720.156,0.79896839
6721.6862,0.83534547
6723.2166,0.72270293
6724.7471,0.66757669
6726.2778,0.66735239
6727.8086,0.66974245
6729.3397,0.75056385
6730.8709,0.7973983
6732.4023,0.73704318
6733.9338,0.59825667
6735.4656,0.49607143
6736.9975,0.46970316
6738.5296,0.60804075
6740.0618,0.70977701
6741.5943,0.88733024
6743.1269,0.79821677
6744.6596,0.70387452
6746.1926,0.60953224
6747.7257,0.5700919
6749.259,0.61692604
6750.7925,0.61931571
6752.3262,0.65830667
6753.86,0.6214806
6755.394,0.5114519
6756.9282,0.48769768
6758.4625,0.343682
6759.997,0.37221531
6761.5317,0.37983356
6763.0666,0.40575244
6764.6017,0.35323992
6766.1369,0.27196921
6767.6723,0.3501756
6769.2078,0.37609437
6770.7436,0.37848372
6772.2795,0.40440244
6773.8156,0.51659565
6775.3519,0.63140322
6776.8883,0.69915194
6778.4249,0.53944965
6779.9617,0.51569504
6781.4987,0.43442407
6783.0358,0.54923151
6784.5731,0.52809121
6786.1106,0.51217964
6787.6482,0.45705236
6789.1861,0.36793813
6790.7241,0.38862779
6792.2623,0.4380756
6793.8006,0.50320966
6795.3392,0.41932408
6796.8779,0.29883717
6798.4167,0.23063782
6799.9558,0.27747112
6801.495,0.43149394
6803.0344,0.50708536
6804.574,0.51470289
6806.1137,0.53016354
6807.6537,0.49333659
6809.1938,0.60291483
6810.734,0.5687022
6812.2745,0.51096013
6813.8151,0.44798928
6815.3559,0.31704455
6816.8969,0.43185143
6818.438,0.49959945
6819.9793,0.51505987
6821.5208,0.44163138
6823.0625,0.22179763
6824.6043,0.1718985
6826.1463,0.12984247
6827.6885,0.074714531
6829.2309,0.12154735
6830.7734,0.12655007
6832.3161,0.29364427
6833.859,0.37707832
6835.4021,0.46835548
6836.9453,0.57531888
6838.4887,0.62215155
6840.0323,0.6794417
6841.576,0.66875797
6843.12,0.62931605
6844.6641,0.62647541
6846.2083,0.6157916
6847.7528,0.67046725
6849.2974,0.65194025
6850.8422,0.71707337
6852.3872,0.71161822
6853.9323,0.55452906
6855.4777,0.46279935
6857.0232,0.56714804
6858.5688,0.7603856
6860.1147,0.85689111
6861.6607,0.84620705
6863.2069,0.83029421
6864.7533,0.84313951
6866.2998,0.89258609
6867.8465,0.9472614
6869.3934,0.96272101
6870.9405,0.87360542
6872.4877,0.8733787
6874.0351,0.87576633
6875.5827,0.93567027
6877.1305,0.97465916
6878.6784,0.94305979
6880.2265,1.0578656
6881.7748,1.0680963
6883.3233,1.2116602
6884.8719,1.2401914
6886.4207,1.4255854
6887.9697,1.6214369
6889.5188,1.4852621
6891.0682,1.4954926
6892.6177,1.4377492
6894.1674,1.6519012
6895.7172,1.8242232
6897.2672,1.7690941
6898.8174,1.9048146
6900.3678,1.9438031
6901.9184,2.0769093
6903.4691,2.1394271
6905.02,2.1548861
6906.571,2.2566196
6908.1223,2.274693
6909.6737,2.3894983
6911.2253,2.4363298
6912.7771,2.6557102
6914.329,2.7679011
6915.8811,2.6395691
6917.4334,2.566139
6918.9859,2.6129704
6920.5385,2.9395403
6922.0913,2.9393127
6923.6443,2.7848368
6925.1975,2.7610798
6926.7508,2.8654273
6928.3043,2.8521278
6929.858,2.7499393
6931.4119,2.6974241
6932.9659,2.6710526
6934.5201,2.6472954
6936.0745,2.6366101
6937.6291,2.6651405
6939.1838,2.7041284
6940.7387,2.638541
6942.2938,2.6592282
6943.849,2.6485428
6945.4044,2.4705371
6946.96,2.3160608
6948.5158,2.0334799
6950.0718,2.0489381
6951.6279,2.1297559
6953.1842,2.255018
6954.7407,2.1789729
6956.2973,1.9617514
6957.8541,1.9562945
6959.4111,2.0527984
6960.9683,2.0708708
6962.5256,1.9529956
6964.0831,1.722702
6965.6408,1.5525391
6967.1987,1.429435
6968.7567,1.3194028
6970.3149,1.2773444
6971.8733,1.3581618
6973.4319,1.4023778
6974.9906,1.4988814
6976.5495,1.3993066
6978.1086,1.4199932
6979.6679,1.3936209
6981.2273,1.273131
6982.7869,1.1474122
6984.3467,0.93541897
6985.9067,1.0763669
6987.4668,1.1597984
6989.0271,1.1046678
6990.5876,1.0233934
6992.1482,0.91597513
6993.709,0.97587713
6995.27,0.8501582
6996.8312,0.72182486
6998.3926,0.66146535
6999.9541,0.66385091
7001.5158,0.74466782
7003.0777,0.81764157
7004.6397,0.83571333
7006.2019,0.7622818
7007.7643,0.67054959
7009.3269,0.7984252
7010.8896,0.9602877
7012.4525,1.0594051
7014.0156,0.88662703
7015.5789,0.82626724
7017.1423,0.72146298
7018.7059,0.68463255
7020.2697,0.63995896
7021.8337,0.68678861
7023.3978,0.81989274
7024.9621,0.85103607
7026.5266,0.84819244
7028.0913,0.64927035
7029.6561,0.53662275
7031.2211,0.53377905
7032.7863,0.51263466
7034.3517,0.5097909
7035.9172,0.38407131
7037.4829,0.36292685
7039.0488,0.39145556
7040.6148,0.40691236
7042.181,0.52171553
7043.7474,0.54501541
7045.314,0.50034141
7046.8808,0.37200726
7048.4477,0.32210445
7050.0148,0.43690749
7051.582,0.39484777
7053.1495,0.37631743
7054.7171,0.35778707
7056.2849,0.38631551
7057.8529,0.41222954
7059.421,0.37278407
7060.9893,0.50850197
7062.5578,0.51872965
7064.1265,0.39562397
7065.6953,0.32742022
7067.2643,0.22261515
7068.8335,0.33480351
7070.4029,0.303201
7071.9724,0.25591218
7073.5421,0.2138521
7075.112,0.18224951
7076.6821,0.31535278
7078.2523,0.38309654
7079.8227,0.44561153
7081.3933,0.38525066
7082.964,0.27783095
7084.535,0.272372
7086.1061,0.33750126
7087.6774,0.48367624
7089.2488,0.49128911
7090.8204,0.39955554
7092.3922,0.26860627
7093.9642,0.18994455
7095.5364,0.17925666
7097.1087,0.23392822
7098.6812,0.19448211
7100.2538,0.19686604
7101.8267,0.13650485
7103.3997,0.073529251
7104.9729,0.088985
7106.5463,0.11489824
7108.1198,0.2846023
7109.6935,0.25038477
7111.2674,0.26322604
7112.8415,0.32574049
7114.4157,0.30459477
7115.9901,0.26514838
7117.5647,0.11851242
7119.1395,0.16272611
7120.7144,0.15203782
7122.2895,0.18840832
7123.8648,0.15419056
7125.4403,0.16964597
7127.0159,0.12235627
7128.5917,0.15872667
7130.1677,0.26045652
7131.7438,0.26022556
7133.3202,0.25738019
7134.8967,0.24407729
7136.4733,0.31966324
7138.0502,0.29328839
7139.6272,0.29567168
7141.2044,0.26929678
7142.7818,0.32658198
7144.3593,0.22700441
7145.9371,0.19540067
7147.515,0.19516946
7149.093,0.17140881
7150.6713,0.1267331
7152.2497,0.095129255
7153.8283,0.22038813
7155.407,0.1443398
7156.986,0.047376404
7158.5651,-0.086188323
7160.1444,-0.013217128
7161.7239,0.13818541
7163.3035,0.17194087
7164.8833,0.19523879
7166.4633,0.069517071
7168.0435,0.14248814
7169.6238,0.2259167
7171.2043,0.32241713
7172.785,0.23329661
7174.3658,0.10757477
7175.9469,0.052441134
7177.5281,-0.070666383
7179.1095,0.0023045059
7180.691,0.046517199
7182.2727,0.11425928
7183.8546,0.14278565
7185.4367,0.035364277
7187.019,0.035132424
7188.6014,0.0035279967
7190.184,0.0059104718
7191.7668,0.11025371
7193.3497,0.02636162
7194.9328,0.060116567
7196.5161,-0.0028605369
7198.0996,-0.0083213267
7199.6833,0.03850544
7201.2671,0.027815841
7202.8511,0.027583732
7204.4352,-0.017092846
7206.0196,-0.0042531098
7207.6041,-0.038472223
7209.1888,-0.054390708
7210.7736,-0.12782556
7212.3587,-0.060083963
7213.9439,-0.042015596
7215.5293,-0.00041784338
7217.1148,0.035951126
7218.7006,0.040947521
7220.2865,0.079930818
7221.8726,0.0064957889
7223.4588,-0.077396782
7225.0453,-0.09854428
7226.6319,-0.070018601
7228.2186,-0.0075060199
7229.8056,-0.049568627
7231.3927,-0.024838278
7232.98,-0.031480632
7234.5675,0.0089356822
7236.1551,-0.03430829
7237.743,-0.082781175
7239.331,-0.084195391
7240.9191,-0.012407149
7242.5075,0.025394011
7244.096,0.023979329
7245.6847,0.067008936
7247.2736,0.15709721
7248.8626,0.26548599
7250.4518,0.3242014
7252.0412,0.28879902
7253.6308,0.26123961
7255.2205,0.18139247
7256.8105,0.13553211
7258.4005,0.14195916
7259.9908,0.072569075
7261.5813,0.20971478
7263.1719,0.18999758
7264.7626,0.21472467
7266.3536,0.10873266
7267.9447,0.018426758
7269.5361,-0.053578641
7271.1275,0.036507308
7272.7192,0.15535127
7274.311,0.16439116
7275.903,0.15774462
7277.4952,0.13018289
7279.0876,0.21242492
7280.6801,0.28420929
7282.2728,0.34815036
7283.8657,0.38594748
7285.4587,0.12570524
7287.0519,-0.0038182066
7288.6453,0.091494794
7290.2389,0.14759195
7291.8327,0.18015955
7293.4266,0.016648551
7295.0207,0.17470603
7296.615,0.27001825
7298.2094,0.30781398
7299.804,0.24626315
7301.3988,0.082751384
7302.9938,0.15453358
7304.5889,0.2158581
7306.1842,0.31639815
7307.7797,0.30451975
7309.3754,0.16192223
7310.9712,0.19448797
7312.5672,0.26104047
7314.1634,0.43216798
7315.7598,0.50133455
7317.3563,0.48422646
7318.953,0.48019011
7320.5499,0.45262419
7322.147,0.39107119
7323.7442,0.38180561
7325.3416,0.3699255
7326.9392,0.40248968
7328.5369,0.43766809
7330.1349,0.54082019
7331.733,0.5237107
7333.3312,0.60071871
7334.9297,0.51824943
7336.5283,0.4985251
7338.1271,0.39775486
7339.7261,0.4303178
7341.3252,0.56745574
7342.9246,0.68106412
7344.524,0.76068542
7346.1237,0.80109087
7347.7236,0.7003197
7349.3236,0.61000589
7350.9238,0.56413637
7352.5241,0.58624056
7354.1247,0.63971713
7355.7254,0.56508898
7357.3263,0.57150642
7358.9273,0.4785773
7360.5286,0.49545195
7362.13,0.53062709
7363.7316,0.49782823
7365.3333,0.49901613
7366.9353,0.41392938
7368.5374,0.51707776
7370.1397,0.54702337
7371.7421,0.39919105
7373.3448,0.32194681
7374.9476,0.24731679
7376.5505,0.30079119
7378.1537,0.26276217
7379.757,0.20381797
7381.3605,0.22853373
7382.9642,0.1591317
7384.5681,0.089729511
7386.1721,0.1667324
7387.7763,0.17314689
7389.3806,0.26060698
7390.9852,0.14675973
7392.5899,0.12964434
7394.1948,0.10207129
7395.7999,0.087569973
7397.4051,0.15149988
7399.0105,0.019351193
7400.6161,0.025764445
7402.2219,0.016491269
7403.8278,0.15623754
7405.434,0.25938236
7407.0402,0.23180806
7408.6467,0.15978917
7410.2533,-0.061249491
7411.8602,-0.17771314
7413.4671,-0.10071289
7415.0743,-0.0054121483
7416.6816,-0.048673649
7418.2891,-0.16513792
7419.8968,-0.22931476
7421.5047,0.0019330738
7423.1127,0.071089253
7424.7209,-0.01138871
7426.3293,-0.091252449
7427.9379,-0.14235817
7429.5466,0.062745098
7431.1555,0.078250153
7432.7646,0.049310461
7434.3738,-0.01884522
7435.9832,-0.11837375
7437.5928,0.056607215
7439.2026,0.12178396
7440.8126,0.21571857
7442.4227,0.15279013
7444.033,0.066331984
7445.6434,0.060919282
7447.2541,0.039820003
7448.8649,0.086694277
7450.4759,0.11265322
7452.0871,0.13599747
7453.6984,0.19332836
7455.3099,0.2428158
7456.9216,0.29491732
7458.5335,0.32348912
7460.1455,0.27624363
7461.7577,0.31004359
7463.3701,0.3124707
7464.9827,0.41947266
7466.5954,0.41667041
7468.2083,0.39818157
7469.8214,0.31694734
7471.4346,0.35597424
7473.0481,0.35839953
7474.6617,0.4000402
7476.2755,0.40246489
7477.8894,0.53560822
7479.5035,0.45960093
7481.1178,0.38882209
7482.7323,0.29189916
7484.347,0.38059684
7485.9618,0.44315043
7487.5768,0.49263182
7489.192,0.48198219
7490.8073,0.46087474
7492.4228,0.42930947
7494.0385,0.41343017
7495.6544,0.36617802
7497.2704,0.22480792
7498.8867,0.16971203
7500.503,0.1564459
7502.1196,0.23729711
7503.7364,0.30246175
7505.3533,0.23952151
7506.9704,0.21841103
7508.5876,0.19207149
7510.2051,0.25462054
7511.8227,0.29102549
7513.4405,0.24638439
7515.0584,0.18605672
7516.6765,0.062983638
7518.2949,0.078472349
7519.9133,0.1514771
7521.532,0.25585409
7523.1508,0.17983863
7524.7698,0.075064689
7526.389,0.0042773766
7528.0084,0.032836167
7529.6279,0.019564589
7531.2476,0.06119467
7532.8675,0.027007454
7534.4875,-0.0019513064
7536.1077,-0.093655467
7537.7281,-0.21934686
7539.3487,-0.27967908
7540.9695,-0.28510964
7542.5904,-0.26701109
7544.2115,-0.2907429
7545.8327,-0.30663189
7547.4542,-0.17350157
7549.0758,0.072046754
7550.6976,0.12151634
7552.3196,0.12094989
7553.9417,0.068095524
7555.564,0.17733232
7557.1865,0.20813739
7558.8092,0.10822318
7560.432,0.099811885
7562.055,0.16721725
7563.6782,0.25030854
7565.3016,0.2941838
7566.9251,0.14720905
7568.5488,0.076050957
7570.1727,-0.11014016
7571.7967,-0.071495021
7573.421,0.069110563
7575.0454,0.13128443
7576.6699,0.19345796
7578.2947,0.15367036
7579.9196,0.14786935
7581.5447,0.13422486
7583.17,0.15718133
7584.7955,0.0886342
7586.4211,0.15864882
7588.0469,0.019512763
7589.6729,0.073840421
7591.299,0.06280826
7592.9253,0.080533927
7594.5518,0.20022004
7596.1785,0.121213
7597.8053,0.17292457
7599.4323,0.1488188
7601.0595,0.15347087
7602.6869,0.20779579
7604.3144,0.183689
7605.9422,0.26938579
7607.57,0.41782734
7609.1981,0.54012475
7610.8263,0.61274862
7612.4548,0.57556823
7614.0833,0.56453129
7615.7121,0.57963779
7617.341,0.52938448
7618.9701,0.4948171
7620.5994,0.36090297
7622.2289,0.55378589
7623.8585,0.66562272
7625.4883,0.79314547
7627.1183,0.63831495
7628.7484,0.50701349
7630.3788,0.53257444
7632.0093,0.58950759
7633.6399,0.78761688
7635.2708,0.8131768
7636.9018,0.81259259
7638.533,0.74664856
7640.1644,0.68070419
7641.7959,0.67750458
7643.4277,0.67953338
7645.0596,0.75999322
7646.6916,0.72803441
7648.3239,0.75097722
7649.9563,0.71378897
7651.5889,0.66875724
7653.2216,0.67862714
7654.8546,0.63359472
7656.4877,0.65392145
7658.121,0.54352888
7659.7544,0.47496603
7661.3881,0.35934401
7663.0219,0.30646676
7664.6559,0.32156302
7666.29,0.18763932
7667.9244,0.0275715
7669.5589,-0.025307123
7671.1936,0.096977311
7672.8284,0.16174506
7674.4634,0.14023796
7676.0986,0.18931876
7677.734,0.264543
7679.3696,0.30577998
7681.0053,0.19015387
7682.6412,0.07975617
7684.2773,-0.028027489
7685.9135,0.0079793612
7687.55,0.07012966
7689.1866,0.13227962
7690.8233,0.123841
7692.4603,0.086643867
7694.0974,0.093890839
7695.7347,0.10113747
7697.3722,0.1528282
7699.0098,0.1417735
7700.6476,0.12287531
7702.2856,0.10920554
7703.9238,0.072006019
7705.5621,0.1419957
7707.2006,0.17799811
7708.8393,0.22445769
7710.4782,0.35719144
7712.1172,0.34874838
7713.7564,0.39520694
7715.3958,0.3109462
7717.0354,0.34956094
7718.6751,0.45092044
7720.315,0.34835802
7721.9551,0.3791286
7723.5953,0.20074851
7725.2358,0.22106088
7726.8764,0.20477161
7728.5172,0.24861272
7730.1581,0.43624433
7731.7992,0.3362939
7733.4405,0.35660457
7735.082,0.31678418
7736.7237,0.31879351
7738.3655,0.42276329
7740.0075,0.32542553
7741.6497,0.31697632
7743.292,0.26931108
7744.9345,0.20595923
7746.5772,0.37005802
7748.2201,0.37729372
7749.8631,0.47080358
7751.5063,0.38130657
7753.1497,0.24736478
7754.7933,0.25459911
7756.437,0.22784617
7758.081,0.34749812
7759.725,0.31290136
7761.3693,0.1737291
7763.0137,0.02932774
7764.6583,-0.081087036
7766.3031,-0.050325682
7767.9481,0.00657912
7769.5932,0.10269927
7771.2385,0.21711973
7772.884,0.21650716
7774.5297,0.16360668
7776.1755,0.040117616
7777.8215,-0.0049404154
7779.4677,-0.055227547
7781.114,-0.0061686143
7782.7606,0.0010599111
7784.4073,0.047503781
7786.0541,0.14623489
7787.7012,0.19267808
7789.3484,0.20251962
7790.9958,0.055498068
7792.6434,0.036580753
7794.2911,0.041192508
7795.939,0.027503268
7797.5871,-0.044457517
7799.2354,-0.14256196
7800.8838,-0.13086235
7802.5325,-0.18975085
7804.1813,-0.18589412
7805.8302,-0.1009915
7807.4794,-0.0004024767
7809.1287,0.1472455
7810.7782,0.088357661
7812.4278,0.047770606
7814.0777,0.046399369
7815.7277,0.089472708
7817.3779,0.15084683
7819.0282,0.078887752
7820.6787,0.056602008
7822.3295,0.13627718
7823.9803,0.27869758
7825.6314,0.27994164
7827.2826,0.38314662
7828.934,0.46752819
7830.5856,0.57700794
7832.2374,0.65825253
7833.8893,0.71753646
7835.5414,0.80662445
7837.1937,0.79061452
7838.8461,0.78715375
7840.4987,0.94683037
7842.1515,1.0923895
7843.8045,1.266184
7845.4576,1.4431159
7847.111,1.5714205
7848.7645,1.6605095
7850.4181,1.6962654
7852.072,1.6928056
7853.726,1.7144441
7855.3802,1.7909846
7857.0345,1.8361527
7858.6891,1.9001445
7860.3438,1.9892345
7861.9987,2.0296971
7863.6537,1.9995717
7865.309,2.0196424
7866.9644,2.0444191
7868.62,2.0174313
7870.2757,2.0296593
7871.9317,2.060711
7873.5878,2.0807824
7875.2441,2.0428147
7876.9005,2.0315138
7878.5571,2.0641346
7880.2139,1.985383
7881.8709,1.9599649
7883.5281,1.9251351
7885.1854,1.9059917
7886.8429,1.8476328
7888.5006,1.856725
7890.1584,1.8266016
7891.8164,1.7682431
7893.4746,1.7443945
7895.133,1.6672127
7896.7916,1.6308153
7898.4503,1.6555946
7900.1092,1.6615504
7901.7682,1.6471142
7903.4275,1.7126782
7905.0869,1.7672619
7906.7465,1.7685124
7908.4063,1.8403512
7910.0662,1.8933667
7911.7263,1.8977548
7913.3866,1.9366529
7915.0471,1.9284923
7916.7077,1.953273
7918.3685,2.116093
7920.0295,2.3071485
7921.6906,2.4527139
7923.352,2.6249461
7925.0135,2.7940412
7926.6752,2.8439207
7928.337,2.9502709
7929.999,3.0613272
7931.6613,3.1378737
7933.3236,3.1438322
7934.9862,3.2235163
7936.6489,3.2624162
7938.3118,3.3311202
7939.9749,3.346491
7941.6381,3.4340187
7943.3016,3.5356642
7944.9652,3.5494668
7946.6289,3.5773871
7948.2929,3.6507977
7949.957,3.7147967
7951.6213,3.7395802
7953.2857,3.8333834
7954.9504,3.8973828
7956.6152,3.9504019
7958.2802,4.0771466
7959.9454,4.1615386
7961.6107,4.274166
7963.2762,4.3162052
7964.9419,4.3927544
7966.6078,4.422245
7968.2738,4.4250689
7969.94,4.495344
7971.6064,4.6456192
7973.273,4.8084436
7974.9397,5.0089152
7976.6066,5.2470339
7978.2737,5.4239763
7979.9409,5.6040561
7981.6084,5.8217831
7983.276,6.0285298
7984.9437,6.2039041
7986.6117,6.335357
7988.2798,6.571908
7989.9481,6.8790475
7991.6166,7.1516772
7993.2852,7.4305816
7994.9541,7.8004665
7996.6231,8.1813319
7998.2922,8.4523935
7999.9616,8.7344357
8001.6311,9.0776544
8003.3008,9.4679321
8004.9707,9.8550727
8006.6407,10.326919
8008.3109,10.792492
8009.9813,11.419633
8011.6519,11.915009
8013.3226,12.471562
8014.9935,13.09086
8016.6646,13.744668
8018.3359,14.389065
8020.0073,15.193462
8021.6789,16.070015
8023.3507,16.891667
8025.0227,17.925084
8026.6948,19.09654
8028.3671,20.255447
8030.0396,21.557099
8031.7122,23.067379
8033.3851,24.696875
8035.0581,26.257351
8036.7312,28.049985
8038.4046,30.044971
8040.0781,32.214075
8041.7518,34.41612
8043.4257,36.801695
8045.0997,39.160604
8046.774,41.357944
8048.4484,43.575676
8050.1229,45.72282
8051.7977,47.844866
8053.4726,49.946521
8055.1477,51.999548
8056.823,53.865908
8058.4984,55.594229
8060.174,57.077845
8061.8498,58.473617
8063.5258,59.841154
8065.2019,60.985947
8066.8782,61.934661
8068.5547,62.795532
8070.2314,63.151305
8071.9082,63.22002
8073.5852,63.420499
8075.2624,63.498625
8076.9398,63.258321
8078.6173,63.04782
8080.295,62.829476
8081.9729,62.338191
8083.6509,61.503377
8085.3292,60.576015
8087.0076,59.667475
8088.6861,58.418544
8090.3649,56.830789
8092.0438,55.258721
8093.7229,53.377633
8095.4022,51.25184
8097.0816,49.000556
8098.7613,46.655155
8100.4411,44.333284
8102.121,42.284353
8103.8012,40.436208
8105.4815,38.696297
8107.162,37.080309
8108.8426,35.894124
8110.5235,35.018528
8112.2045,34.317049
8113.8857,33.711257
8115.5671,33.274877
8117.2486,32.650262
8118.9303,32.00996
8120.6122,31.490443
8122.2943,30.950534
8123.9765,30.485919
8125.6589,30.123266
8127.3415,29.752769
8129.0242,29.493644
8130.7072,29.270599
8132.3903,29.11971
8134.0736,28.917057
8135.757,28.714404
8137.4406,28.395672
8139.1245,28.177333
8140.8084,27.995073
8142.4926,27.715557
8144.1769,27.384278
8145.8614,27.057704
8147.5461,26.702895
8149.2309,26.359066
8150.9159,26.156414
8152.6011,26.040037
8154.2865,25.779346
8155.9721,25.477871
8157.6578,25.204631
8159.3437,24.744725
8161.0297,24.212662
8162.716,23.798247
8164.4024,23.438733
8166.089,22.906671
8167.7758,22.597353
8169.4627,22.377448
8171.1498,22.141856
8172.8371,21.907834
8174.5245,21.753811
8176.2122,21.479004
8177.9,21.180668
8179.588,20.887038
8181.2761,20.601251
8182.9645,20.346837
8184.653,20.227325
8186.3417,20.092127
8188.0305,19.942811
8189.7195,19.9033
8191.4087,19.9532
8193.0981,19.95761
8194.7877,20.034177
8196.4774,20.13898
8198.1673,20.146528
8199.8574,20.092899
8201.5476,20.141232
8203.238,20.166035
8204.9286,20.262995
8206.6194,20.416426
8208.3103,20.631033
8210.0015,20.738974
8211.6928,20.908092
8213.3842,21.041131
8215.0759,21.17417
8216.7677,21.242896
8218.4597,21.360249
8220.1518,21.325446
8221.8442,21.242015
8223.5367,21.274663
8225.2294,21.385742
8226.9222,21.470155
8228.6153,21.526333
8230.3085,21.549569
8232.0019,21.473983
8233.6954,21.319965
8235.3891,21.343202
8237.0831,21.333497
8238.7771,21.228107
8240.4714,21.229384
8242.1658,21.056543
8243.8604,20.706447
8245.5552,20.428509
8247.2501,20.202335
8248.9453,19.855377
8250.6406,19.599399
8252.336,19.310481
8254.0317,18.976072
8255.7275,18.694997
8257.4235,18.500196
8259.1197,18.192455
8260.816,17.836086
8262.5125,17.619325
8264.2092,17.39629
8265.9061,17.024235
8267.6031,16.711788
8269.3004,16.485616
8270.9978,16.259444
8272.6953,16.028566
8274.3931,15.855728
8276.091,15.778576
8277.7891,15.651228
8279.4873,15.520743
8281.1857,15.396533
8282.8844,15.192322
8284.5831,15.119877
8286.2821,14.983118
8287.9812,14.835378
8289.6805,14.740973
8291.38,14.646567
8293.0797,14.531769
8294.7795,14.413834
8296.4795,14.273939
8298.1797,14.102671
8299.88,13.961207
8301.5806,13.69739
8303.2813,13.560632
8304.9821,13.533679
8306.6832,13.382804
8308.3844,13.35585
8310.0858,13.440269
8311.7874,13.43214
8313.4891,13.304795
8315.191,13.370391
8316.8931,13.415595
8318.5954,13.292956
8320.2978,13.218944
8322.0004,13.199835
8323.7032,13.158765
8325.4062,13.03299
8327.1093,12.987214
8328.8126,13.00889
8330.5161,12.964683
8332.2198,12.953418
8333.9236,12.890388
8335.6276,12.855593
8337.3318,12.789427
8339.0362,12.818946
8340.7407,12.784152
8342.4454,12.707005
8344.1503,12.702015
8345.8553,12.723692
8347.5606,12.679487
8349.266,12.588223
8350.9715,12.561273
8352.6773,12.54844
8354.3832,12.52149
8356.0893,12.494541
8357.7956,12.511513
8359.502,12.592798
8361.2087,12.634869
8362.9155,12.57341
8364.6224,12.548029
8366.3296,12.516374
8368.0369,12.519229
8369.7444,12.525222
8371.4521,12.551607
8373.1599,12.684658
8374.8679,12.830259
8376.5761,12.933507
8378.2845,13.003814
8379.993,13.121179
8381.7017,13.125604
8383.4106,13.153558
8385.1197,13.208179
8386.8289,13.218879
8388.5383,13.256246
8390.2479,13.299887
8391.9576,13.279214
8393.6676,13.255405
8395.3777,13.321007
8397.088,13.413276
8398.7984,13.510251
8400.509,13.707618
8402.2198,13.919104
8403.9308,14.028628
8405.642,14.142859
8407.3533,14.319834
8409.0648,14.430928
8410.7765,14.493394
8412.4883,14.65939
8414.2003,14.856758
8415.9125,14.97099
8417.6249,15.171496
8419.3374,15.492786
8421.0502,15.848586
8422.7631,16.100857
8424.4761,16.334305
8426.1894,16.523831
8427.9028,16.727475
8429.6164,17.000139
8431.3301,17.489273
8433.0441,18.034878
8434.7582,18.569503
8436.4725,19.091579
8438.1869,19.514832
8439.9016,19.754555
8441.6164,20.039769
8443.3314,20.290473
8445.0465,20.602354
8446.7618,20.854626
8448.4773,21.03788
8450.193,21.203879
8451.9089,21.420073
8453.6249,21.521759
8455.3411,21.694032
8457.0575,21.889835
8458.774,22.010344
8460.4908,22.096344
8462.2077,22.136853
8463.9247,22.001676
8465.642,21.874343
8467.3594,21.833284
8469.077,21.767127
8470.7948,21.641363
8472.5127,21.546971
8474.2308,21.476109
8475.9491,21.260933
8477.6676,20.993992
8479.3862,20.742738
8481.105,20.471092
8482.824,20.169642
8484.5432,19.924663
8486.2625,19.540076
8487.982,19.069215
8489.7017,18.566981
8491.4216,18.047493
8493.1416,17.534279
8494.8618,17.119889
8496.5822,16.667852
8498.3028,16.410325
8500.0235,16.119857
8501.7444,15.841938
8503.4655,15.629901
8505.1867,15.48061
8506.9082,15.22779
8508.6298,14.987518
8510.3515,14.750384
8512.0735,14.533642
8513.7956,14.417293
8515.5179,14.205257
8517.2404,14.049692
8518.963,13.969422
8520.6859,13.806014
8522.4089,13.678685
8524.132,13.618807
8525.8554,13.601282
8527.5789,13.464541
8529.3026,13.362311
8531.0264,13.299296
8532.7505,13.226869
8534.4747,13.097973
8536.1991,12.983193
8537.9236,12.957826
8539.6484,12.880694
8541.3733,12.847484
8543.0984,12.797019
8544.8236,12.726163
8546.5491,12.540796
8548.2747,12.416606
8550.0005,12.334769
8551.7264,12.227834
8553.4526,12.204037
8555.1789,12.222593
8556.9053,12.142325
8558.632,12.019704
8560.3588,12.002182
8562.0858,11.945444
8563.813,11.849491
8565.5403,11.759812
8567.2679,11.762682
8568.9956,11.696533
8570.7234,11.652345
8572.4515,11.680313
8574.1797,11.709851
8575.9081,11.638996
8577.6367,11.646573
8579.3654,11.696503
8581.0943,11.688394
8582.8234,11.724207
8584.5527,11.730216
8586.2821,11.646813
8588.0117,11.633999
8589.7415,11.665106
8591.4715,11.603664
8593.2016,11.562615
8594.9319,11.656468
8596.6624,11.526007
8598.3931,11.412801
8600.1239,11.373321
8601.8549,11.429527
8603.5861,11.520244
8605.3175,11.606254
8607.049,11.635794
8608.7807,11.65906
8610.5126,11.649384
8612.2446,11.567552
8613.9769,11.534348
8615.7093,11.494869
8617.4418,11.474213
8619.1746,11.450421
8620.9075,11.34506
8622.6406,11.258523
8624.3739,11.259829
8626.1073,11.185841
8627.841,11.127539
8629.5748,11.125708
8631.3087,11.084662
8633.0429,11.032635
8634.7772,11.055903
8636.5117,10.994465
8638.2463,10.903223
8639.9812,10.885706
8641.7162,10.871327
8643.4514,10.742439
8645.1867,10.662178
8646.9223,10.699564
8648.658,10.631852
8650.3939,10.499827
8652.1299,10.433684
8653.8662,10.378522
8655.6026,10.259046
8657.3392,10.266629
8659.0759,10.209898
8660.8129,10.215913
8662.55,10.220359
8664.2872,10.213825
8666.0247,10.175918
8667.7623,10.202326
8669.5001,10.1754
8671.2381,10.273964
8672.9762,10.223509
8674.7146,10.154231
8676.4531,10.14456
8678.1917,10.167831
8679.9306,10.054632
8681.6696,10.082609
8683.4088,10.101174
8685.1482,10.133857
8686.8877,10.15556
8688.6274,10.119224
8690.3673,10.049947
8692.1074,9.9900812
8693.8476,9.8862944
8695.588,9.7354489
8697.3286,9.6959761
8699.0694,9.7066996
8700.8103,9.6985996
8702.5514,9.7124605
8704.2927,9.7733804
8706.0342,9.7527318
8707.7758,9.6865931
8709.5176,9.736533
8711.2596,9.6735319
8713.0018,9.563472
8714.7441,9.5381182
8716.4866,9.5409998
8718.2293,9.4529011
8719.9721,9.4448026
8721.7152,9.4445473
8723.4584,9.3689981
8725.2017,9.2840372
8726.9453,9.2900568
8728.689,9.2301942
8730.4329,9.2503318
8732.177,9.2689008
8733.9212,9.3015877
8735.6656,9.2370197
8737.4102,9.1959813
8739.155,9.1455313
8740.8999,9.1186108
8742.6451,9.0963963
8744.3904,9.031829
8746.1358,9.0268697
8747.8815,9.0266164
8749.6273,8.9698927
8751.3733,8.9319926
8753.1194,8.9678181
8754.8658,8.9707026
8756.6123,8.9579009
8758.359,9.0125504
8760.1058,9.0436706
8761.8529,9.0496928
8763.6001,9.0682642
8765.3474,9.0131103
8767.095,8.9407016
8768.8427,8.8729989
8770.5906,8.7927473
8772.3387,8.7736723
8774.087,8.7216562
8775.8354,8.7104247
8777.584,8.6850755
8779.3328,8.6722756
8781.0817,8.7159464
8782.8308,8.7549114
8784.5801,8.7248569
8786.3296,8.6665673
8788.0793,8.6349445
8789.8291,8.5468512
8791.5791,8.4838561
8793.3292,8.5039983
8795.0796,8.5335525
8796.8301,8.4815382
8798.5808,8.374622
8800.3317,8.4104511
8802.0827,8.3882411
8803.8339,8.265639
8805.5853,8.2622528
8807.3369,8.2980824
8809.0886,8.1990102
8810.8405,8.0826832
8812.5926,8.0949837
8814.3449,8.1276766
8816.0973,8.0897814
8817.8499,8.0346314
8819.6027,8.0375207
8821.3556,8.0262925
8823.1088,7.9319272
8824.8621,7.8971699
8826.6155,7.9173147
8828.3692,7.8653027
8830.123,7.8274085
8831.877,7.7691223
8833.6312,7.7139735
8835.3855,7.636864
8837.1401,7.6209311
8838.8948,7.5532336
8840.6496,7.5153402
8842.4047,7.4962705
8844.1599,7.4583774
8845.9153,7.4157785
8847.6709,7.3967091
8849.4266,7.4341105
8851.1825,7.4432767
8852.9386,7.4916587
8854.6949,7.5118056
8856.4513,7.5366585
8858.2079,7.5175899
8859.9647,7.4561686
8861.7217,7.3978846
8863.4788,7.3521497
8865.2361,7.3252386
8866.9936,7.3642099
8868.7513,7.4706323
8870.5091,7.5503882
8872.2671,7.5391638
8874.0253,7.5451945
8875.7837,7.5339704
8877.5422,7.4380405
8879.3009,7.4111304
8881.0598,7.4485341
8882.8188,7.4812321
8884.578,7.4574597
8886.3374,7.4932952
8888.097,7.5275622
8889.8568,7.5837901
8891.6167,7.5804103
8893.3768,7.5142855
8895.1371,7.523455
8896.8975,7.4494874
8898.6581,7.4068924
8900.4189,7.3972388
8902.1799,7.4346441
8903.941,7.4595005
8905.7024,7.459259
8907.4638,7.4480373
8909.2255,7.4854431
8910.9873,7.472653
8912.7494,7.4394709
8914.5116,7.4909948
8916.2739,7.4750678
8918.0364,7.4214939
8919.7992,7.4259593
8921.562,7.4774837
8923.3251,7.4270475
8925.0883,7.4722976
8926.8517,7.5599009
8928.6153,7.6098572
8930.3791,7.5829509
8932.143,7.5623192
8933.9071,7.5793347
8935.6714,7.5194876
8937.4358,7.5521897
8939.2005,7.5048918
8940.9653,7.6003393
8942.7302,7.6267672
8944.4954,7.6061364
8946.2607,7.5980548
8948.0262,7.6386008
8949.7919,7.6132646
8951.5577,7.5738108
8953.3238,7.6755337
8955.0899,7.628237
8956.8563,7.6091758
8958.6229,7.6042324
8960.3896,7.5977205
8962.1565,7.5331694
8963.9235,7.4999911
8965.6908,7.4683815
8967.4582,7.4430466
8969.2258,7.3769275
8970.9935,7.3406124
8972.7615,7.2839053
8974.5296,7.2271984
8976.2979,7.1548053
8978.0663,7.1310398
8979.835,7.1151175
8981.6038,7.1023327
8983.3727,7.0691558
8985.1419,7.035979
8986.9112,6.9808416
8988.6807,6.9131553
8990.4504,6.8642927
8992.2203,6.9064106
8993.9903,6.9281364
8995.7605,6.926333
8997.5309,6.9449219
8999.3014,6.9242952
9001.0721,6.8377863
9002.843,6.8406893
9004.6141,6.85771
9006.3853,6.8292407
9008.1568,6.7944971
9009.9284,6.7801457
9011.7001,6.7187356
9013.4721,6.6965413
9015.2442,6.6853276
9017.0165,6.7086238
9018.7889,6.7585868
9020.5616,6.7944323
9022.3344,6.8145916
9024.1074,6.8049471
9025.8805,6.8470675
9027.6539,6.86409
9029.4274,6.8873871
9031.2011,6.9059785
9032.9749,6.9182955
9034.749,6.9588479
9036.5232,6.9037141
9038.2976,6.842306
9040.0721,6.8452118
9041.8468,6.859098
9043.6217,6.8322001
9045.3968,6.8523612
9047.1721,6.8521302
9048.9475,6.8456248
9050.7231,6.8281392
9052.4989,6.7886929
9054.2748,6.8668938
9056.0509,6.8588204
9057.8272,6.825649
9059.6037,6.8222817
9061.3804,6.8722478
9063.1572,6.9033905
9064.9342,6.9737491
9066.7113,7.0801862
9068.4887,7.1474078
9070.2662,7.1722766
9072.0439,7.135969
9073.8218,7.1200537
9075.5998,7.0570797
9077.378,7.0694
9079.1564,7.1209361
9080.935,7.0940409
9082.7137,7.1612635
9084.4926,7.237898
9086.2717,7.2659052
9088.0509,7.3409714
9089.8304,7.414469
9091.61,7.4675747
9093.3898,7.5002883
9095.1697,7.6302569
9096.9498,7.6739512
9098.7302,7.7945083
9100.5106,7.8617322
9102.2913,7.9242504
9104.0721,7.8722589
9105.8531,7.8736009
9107.6343,7.8937665
9109.4156,7.9217754
9111.1972,7.9795884
9112.9788,8.1126956
9114.7607,8.1924696
9116.5428,8.2565574
9118.325,8.3331945
9120.1074,8.4176747
9121.8899,8.4582336
9123.6727,8.5176161
9125.4556,8.550332
9127.2387,8.587754
9129.022,8.6628232
9130.8054,8.7394611
9132.589,8.8443345
9134.3728,8.9727374
9136.1568,9.1246698
9137.9409,9.3064063
9139.7252,9.470888
9141.5097,9.5585071
9143.2943,9.6288715
9145.0792,9.711785
9146.8642,9.683326
9148.6494,9.6878084
9150.4347,9.8130752
9152.2202,9.9901069
9154.006,10.076158
9155.7918,10.250053
9157.5779,10.453752
9159.3641,10.604117
9161.1505,10.732522
9162.9371,10.911123
9164.7238,11.144626
9166.5108,11.284012
9168.2979,11.431241
9170.0851,11.525137
9171.8726,11.653542
9173.6602,11.792928
9175.448,12.035844
9177.2359,12.300721
9179.0241,12.600107
9180.8124,12.89322
9182.6009,13.158097
9184.3896,13.374346
9186.1784,13.629812
9187.9674,13.935474
9189.7566,14.228586
9191.546,14.46366
9193.3355,14.712852
9195.1252,14.91969
9196.9151,15.204961
9198.7051,15.476113
9200.4954,15.838247
9202.2858,16.192537
9204.0764,16.614278
9205.8671,17.003079
9207.658,17.374624
9209.4492,17.699111
9211.2404,18.106735
9213.0319,18.415536
9214.8235,18.725906
9216.6153,19.139805
9218.4073,19.494096
9220.1994,19.76525
9221.9918,20.215228
9223.7842,20.630697
9225.5769,21.043028
9227.3698,21.547908
9229.1628,22.145338
9230.956,22.680022
9232.7493,23.189609
9234.5429,23.863901
9236.3366,24.453488
9238.1305,24.977193
9239.9246,25.547956
9241.7188,26.170485
9243.5132,26.703601
9245.3078,27.290052
9247.1026,28.039639
9248.8975,28.955502
9250.6926,29.744305
9252.4879,30.48605
9254.2833,31.285834
9256.079,32.019736
9257.8748,32.494815
9259.6708,33.208325
9261.4669,34.052031
9263.2632,34.854954
9265.0597,35.695523
9266.8564,36.575308
9268.6533,37.371956
9270.4503,38.077624
9272.2475,38.734664
9274.0449,39.277195
9275.8424,39.818157
9277.6401,40.345002
9279.438,40.769886
9281.2361,41.243398
9283.0344,41.718478
9284.8328,42.057088
9286.6314,42.43962
9288.4301,42.845681
9290.2291,43.108998
9292.0282,43.33153
9293.8275,43.558768
9295.6269,43.629143
9297.4266,43.473637
9299.2264,43.515777
9301.0264,43.545369
9302.8265,43.353784
9304.6269,43.033572
9306.4274,42.824732
9308.2281,42.422952
9310.0289,41.575681
9311.83,41.038999
9313.6312,40.62467
9315.4325,40.007988
9317.2341,39.108954
9319.0358,38.624037
9320.8377,37.97912
9322.6398,37.128713
9324.4421,36.408502
9326.2445,35.802802
9328.0471,35.029258
9329.8499,34.302773
9331.6528,33.703348
9333.4559,33.08353
9335.2592,32.521751
9337.0627,32.080757
9338.8663,31.445253
9340.6702,30.816024
9342.4742,30.31856
9344.2783,29.72541
9346.0827,29.141671
9347.8872,28.764992
9349.6919,28.355371
9351.4967,27.988104
9353.3018,27.733778
9355.107,27.48102
9356.9124,27.149831
9358.7179,26.93629
9360.5237,26.713337
9362.3296,26.479403
9364.1357,26.247039
9365.9419,26.057027
9367.7483,25.909369
9369.555,25.680142
9371.3617,25.534052
9373.1687,25.331492
9374.9758,25.218344
9376.7831,25.050294
9378.5906,24.905774
9380.3982,24.681253
9382.2061,24.575949
9384.0141,24.53339
9385.8222,24.395144
9387.6306,24.371409
9389.4391,24.368066
9391.2478,24.316095
9393.0567,24.191968
9394.8657,23.990978
9396.6749,23.722537
9398.4843,23.54194
9400.2939,23.461735
9402.1036,23.475647
9403.9136,23.500541
9405.7236,23.592885
9407.5339,23.625622
9409.3444,23.623848
9411.155,23.51384
9412.9658,23.621871
9414.7767,23.585589
9416.5878,23.724993
9418.3992,23.956946
9420.2106,24.086938
9422.0223,24.129087
9423.8341,24.25908
9425.6461,24.370249
9427.4583,24.250831
9429.2707,24.195726
9431.0832,24.206503
9432.8959,24.176496
9434.7088,24.148058
9436.5218,24.259228
9438.335,24.290399
9440.1484,24.334118
9441.962,24.515877
9443.7758,24.677243
9445.5897,24.79312
9447.4038,25.003114
9449.2181,24.949579
9451.0325,24.739182
9452.8471,24.564863
9454.6619,24.396818
9456.4769,24.227206
9458.292,24.153279
9460.1073,24.168765
9461.9228,24.010133
9463.7385,23.758952
9465.5543,23.573653
9467.3703,23.457375
9469.1865,23.127763
9471.0029,22.807563
9472.8194,22.589324
9474.6361,22.253438
9476.453,22.03363
9478.2701,21.856176
9480.0873,21.623819
9481.9047,21.41813
9483.7223,21.22499
9485.54,20.758908
9487.358,20.440278
9489.1761,20.134197
9490.9943,19.799881
9492.8128,19.495369
9494.6314,19.321053
9496.4502,19.142031
9498.2692,18.926931
9500.0883,18.602027
9501.9077,18.366536
9503.7272,18.15771
9505.5468,17.883003
9507.3667,17.686727
9509.1867,17.628491
9511.0069,17.524764
9512.8273,17.405352
9514.6478,17.301625
9516.4685,17.279468
9518.2894,17.139663
9520.1105,16.930839
9521.9317,16.712604
9523.7531,16.464565
9525.5747,16.189859
9527.3965,15.982604
9529.2184,15.841232
9531.0405,15.787703
9532.8628,15.734174
9534.6852,15.668096
9536.5079,15.551822
9538.3307,15.435549
9540.1537,15.251824
9541.9768,15.143394
9543.8001,15.045944
9545.6236,14.967318
9547.4473,14.84634
9549.2712,14.810067
9551.0952,14.696931
9552.9194,14.64811
9554.7438,14.578896
9556.5683,14.536349
9558.393,14.471842
9560.2179,14.493609
9562.043,14.41969
9563.8682,14.334791
9565.6937,14.259304
9567.5193,14.208915
9569.345,14.047153
9571.171,13.965392
9572.9971,13.915003
9574.8234,13.814418
9576.6498,13.691873
9578.4765,13.578739
9580.3033,13.498547
9582.1303,13.43561
9583.9574,13.378948
9585.7848,13.303462
9587.6123,13.296996
9589.44,13.205824
9591.2678,13.144456
9593.0958,13.108186
9594.924,13.161329
9596.7524,13.158
9598.581,13.206437
9600.4097,13.198403
9602.2386,13.254683
9604.0677,13.198022
9605.8969,13.081754
9607.7264,13.006269
9609.556,12.918236
9611.3857,12.849027
9613.2157,12.782954
9615.0458,12.757667
9616.8761,12.738654
9618.7066,12.711798
9620.5372,12.659844
9622.368,12.622008
9624.199,12.552799
9626.0302,12.4381
9627.8615,12.450461
9629.693,12.356154
9631.5247,12.27126
9633.3566,12.340091
9635.1886,12.283433
9637.0208,12.284813
9638.8532,12.284625
9640.6858,12.231104
9642.5185,12.150916
9644.3514,12.180533
9646.1845,12.079953
9648.0178,11.988785
9649.8512,11.968206
9651.6848,11.968019
9653.5186,11.939597
9655.3525,11.955097
9657.1867,11.978439
9659.021,11.976684
9660.8554,11.9514
9662.6901,11.888468
9664.5249,11.759655
9666.3599,11.743783
9668.1951,11.726342
9670.0304,11.701058
9671.866,11.663226
9673.7017,11.691275
9675.5375,11.620502
9677.3736,11.51365
9679.2098,11.455426
9681.0462,11.430143
9682.8827,11.33584
9684.7195,11.276048
9686.5564,11.269589
9688.3935,11.220777
9690.2307,11.175103
9692.0682,11.10433
9693.9058,11.111989
9695.7436,11.08357
9697.5815,10.970445
9699.4197,10.916928
9701.258,10.897921
9703.0965,10.816169
9704.9351,10.768927
9706.774,10.735803
9708.613,10.641502
9710.4521,10.598967
9712.2915,10.551725
9714.131,10.462131
9715.9707,10.441556
9717.8106,10.410001
9719.6506,10.369035
9721.4909,10.290422
9723.3313,10.235338
9725.1718,10.155156
9727.0126,10.037327
9728.8535,10.024597
9730.6946,9.9789251
9732.5359,9.9583517
9734.3773,9.9660138
9736.2189,9.9611269
9738.0607,9.8401618
9739.9027,9.8180203
9741.7448,9.7582318
9743.5872,9.7235416
9745.4296,9.7468907
9747.2723,9.7671026
9749.1151,9.7339814
9750.9582,9.7071348
9752.8013,9.6128373
9754.6447,9.5797165
9756.4882,9.5560076
9758.3319,9.5573968
9760.1758,9.5650606
9762.0199,9.5319403
9763.8641,9.5019574
9765.7085,9.4468765
9767.5531,9.319639
9769.3978,9.2959309
9771.2428,9.3224191
9773.0879,9.275182
9774.9331,9.2389253
9776.7786,9.23561
9778.6242,9.2370006
9780.47,9.2007444
9782.316,9.1425274
9784.1621,9.0435263
9786.0085,9.0245254
9787.855,8.906701
9789.7016,8.8233866
9791.5485,8.7761507
9793.3955,8.8481307
9795.2427,8.7852088
9797.09,8.7567969
9798.9376,8.7425027
9800.7853,8.7235028
9802.6332,8.7186206
9804.4813,8.699621
9806.3295,8.7229744
9808.1779,8.6961319
9810.0265,8.6771326
9811.8752,8.5859766
9813.7242,8.5873698
9815.5733,8.5228807
9817.4226,8.4536859
9819.272,8.4048834
9821.1217,8.343532
9822.9715,8.2680631
9824.8214,8.2255354
9826.6716,8.233204
9828.5219,8.2424414
9830.3724,8.2312867
9832.2231,8.2373871
9834.0739,8.1932915
9835.925,8.1695882
9837.7762,8.1349046
9839.6275,8.1127702
9841.4791,8.0937732
9843.3308,8.0732076
9845.1827,8.0259756
9847.0348,8.0493319
9848.887,7.9660217
9850.7394,7.9172214
9852.592,7.8982251
9854.4448,7.8713859
9856.2977,7.7708213
9858.1508,7.7941784
9860.0041,7.7908689
9861.8576,7.7718733
9863.7112,7.748172
9865.565,7.7213336
9867.419,7.7242991
9869.2732,7.7005982
9871.1275,7.6204268
9872.982,7.6155497
9874.8367,7.5981236
9876.6916,7.503835
9878.5466,7.5068014
9880.4018,7.5787875
9882.2572,7.599009
9884.1127,7.5878581
9885.9685,7.6441584
9887.8244,7.6079097
9889.6804,7.5638181
9891.5367,7.4961972
9893.3931,7.4881842
9895.2497,7.4519361
9897.1065,7.3937273
9898.9634,7.3323814
9900.8205,7.3071141
9902.6778,7.2802782
9904.5353,7.2267759
9906.393,7.2611168
9908.2508,7.2389872
9910.1088,7.2309754
9911.9669,7.2088461
9913.8253,7.1663248
9915.6838,7.1065487
9917.5425,7.104812
9919.4013,7.1109185
9921.2604,7.0432997
9923.1196,7.0054849
9924.979,6.9708075
9926.8385,6.9235812
9928.6983,6.8183158
9930.5582,6.8024624
9932.4182,6.8179816
9934.2785,6.7989911
9936.1389,6.7847066
9937.9995,6.7688537
9939.8603,6.7153538
9941.7213,6.7120502
9943.5824,6.652276
9945.4437,6.6787766
9947.3052,6.6942968
9949.1668,6.6988368
9951.0286,6.7096515
9952.8906,6.6937996
9954.7528,6.6653988
9956.6152,6.6197432
9958.4777,6.5929113
9960.3404,6.5692168
9962.2032,6.5863067
9964.0663,6.5265341
9965.9295,6.5138203
9967.7929,6.5120871
9969.6565,6.485256
9971.5202,6.5148956
9973.3841,6.5288491
9975.2482,6.5098615
9977.1125,6.4783251
9978.9769,6.407573
9980.8415,6.3587819
9982.7063,6.2786184
9984.5713,6.2612001
9986.4364,6.2767231
9988.3017,6.2561679
9990.1672,6.2152205
9992.0328,6.2119204
9993.8987,6.1929342
9995.7647,6.1661049
9997.6308,6.1580993
9999.4972,6.1359761
10001.364,6.1091473
10003.23,6.0854558
10005.097,6.0774507
10006.964,6.0239555
10008.832,6.006539
10010.699,5.9310833
10012.567,5.9042552
10014.434,5.8491919
10016.302,5.8113837
10018.17,5.7673011
10020.039,5.764003
10021.907,5.7669795
10023.776,5.7354463
10025.644,5.7462662
10027.513,5.7476744
10029.383,5.7600632
10031.252,5.7128443
10033.121,5.7064098
10034.991,5.6576225
10036.861,5.5915804
10038.731,5.5616169
10040.601,5.5410653
10042.471,5.5032589
10044.342,5.4889821
10046.213,5.4998034
10048.084,5.4808209
10049.955,5.4336033
10051.826,5.4208956
10053.697,5.412894
10055.569,5.3845003
10057.441,5.3670871
10059.312,5.3292819
10061.185,5.29932
10063.057,5.2787699
10064.929,5.2754749
10066.802,5.2282585
10068.675,5.2469245
10070.548,5.2655907
10072.421,5.2011198
10074.294,5.1680215
10076.168,5.1819822
10078.041,5.1222175
10079.915,5.0859824
10081.789,5.106218
10083.663,5.0699831
10085.538,5.0588464
10087.412,5.0900628
10089.287,5.0350048
10091.162,5.0207312
10093.037,4.9876343
10094.912,4.9623806
10096.788,4.924578
10098.663,4.8616775
10100.539,4.8270125
10102.415,4.828426
10104.291,4.7467023
10106.167,4.6885083
10108.044,4.6977653
10109.92,4.6991793
10111.797,4.6990249
10113.674,4.7286744
10115.551,4.7536183
10117.429,4.7393466
10119.306,4.7062514
10121.184,4.6166859
10123.062,4.5616302
10124.94,4.5552022
10126.818,4.5079899
10128.696,4.5313661
10130.575,4.5327815
10132.453,4.5216481
10134.332,4.5230639
10136.211,4.5134993
10138.091,4.4709938
10139.97,4.467704
10141.85,4.4518654
10143.729,4.3701445
10145.609,4.4045022
10147.489,4.3870953
10149.37,4.3634141
10151.25,4.3475761
10153.131,4.366248
10155.012,4.3174691
10156.893,4.2937884
10158.774,4.260696
10160.655,4.2448587
10162.537,4.2447078
10164.418,4.1598511
10166.3,4.1581318
10168.182,4.1626872
10170.064,4.1374388
10171.947,4.1388571
10173.829,4.1418442
10175.712,4.1040472
10177.595,4.0740934
10179.478,4.0676691
10181.361,3.993794
10183.245,4.0077622
10185.128,3.9919266
10187.012,3.9964832
10188.896,3.963393
10190.78,3.9648126
10192.664,3.9411344
10194.549,3.9080445
10196.434,3.8765234
10198.318,3.8575515
10200.203,3.8150502
10202.089,3.8086276
10203.974,3.7849501
10205.859,3.7691159
10207.745,3.7423015
10209.631,3.7201931
10211.517,3.7059279
10213.403,3.7104864
10215.29,3.7087705
10217.176,3.6897999
10219.063,3.6833784
10220.95,3.7036237
10222.837,3.6783789
10224.724,3.6421539
10226.612,3.6718114
10228.499,3.6700964
10230.387,3.6354404
10232.275,3.6054904
10234.163,3.59907
10236.051,3.5816693
10237.94,3.5328962
10239.828,3.5107898
10241.717,3.542017
10243.606,3.5387344
10245.495,3.4758442
10247.385,3.4615815
10249.274,3.4833974
10251.164,3.4236448
10253.054,3.3842845
10254.944,3.371591
10256.834,3.3683094
10258.725,3.2818907
10260.615,3.250374
10262.506,3.2219947
10264.397,3.2312627
10266.288,3.2468052
10268.179,3.2466617
10270.071,3.2731849
10271.962,3.2683357
10273.854,3.2383886
10275.746,3.1974612
10277.638,3.1659458
10279.53,3.1438422
10281.423,3.1656603
10283.315,3.1545374
10285.208,3.1653754
10287.101,3.1511155
10288.994,3.1556793
10290.888,3.1037726
10292.781,3.0801013
10294.675,3.0579988
10296.569,3.0782493
10298.463,3.0467353
10300.357,3.046594
10302.252,3.0433155
10304.146,3.0274881
10306.041,3.0085237
10307.936,2.9770103
10309.831,2.9298108
10311.726,2.9014349
10313.622,2.8605102
10315.517,2.8415464
10317.413,2.850818
10319.309,2.8396976
10321.205,2.8097537
10323.101,2.8111826
10324.998,2.7624155
10326.895,2.7089427
10328.791,2.7088033
10330.688,2.7086641
10332.586,2.7446034
10334.483,2.720935
10336.38,2.7176589
10338.278,2.7128143
10340.176,2.6954208
10342.074,2.6262627
10343.972,2.6229872
10345.871,2.6385353
10347.769,2.6368286
10349.668,2.58022
10351.567,2.564396
10353.466,2.5626897
10355.365,2.5076502
10357.265,2.473003
10359.164,2.526199
10361.064,2.4899835
10362.964,2.453768
10364.864,2.470886
10366.765,2.467612
10368.665,2.4455146
10370.566,2.4359664
10372.467,2.4813202
10374.368,2.4545173
10376.269,2.4339891
10378.17,2.4401276
10380.072,2.418031
10381.974,2.3802483
10383.875,2.3722696
10385.777,2.3714619
10387.68,2.344884
10389.582,2.322788
10391.485,2.3130171
10393.387,2.2954032
10395.29,2.276669
10397.193,2.2725007
10399.097,2.226876
10401,2.222708
10402.904,2.2151788
10404.808,2.2199747
10406.712,2.1933981
10408.616,2.1825079
10410.52,2.1828224
10412.425,2.2055459
10414.329,2.1834517
10416.234,2.1445508
10418.139,2.1269386
10420.044,2.1115675
10421.95,2.0995578
10423.855,2.0673802
10425.761,2.071057
10427.667,2.0534455
10429.573,2.0694475
10431.479,2.0910519
10433.386,2.1261018
10435.292,2.1129726
10437.199,2.1177707
10439.106,2.0699078
10441.013,2.0948742
10442.92,2.1388884
10444.828,2.0955077
10446.735,2.0969451
10448.643,2.0726123
10450.551,2.0583637
10452.459,2.0900536
10454.368,2.0690826
10456.276,2.0212209
10458.185,2.0327431
10460.094,1.9893635
10462.003,2.0132109
10463.912,2.0404198
10465.821,2.0160882
10467.731,2.0309724
10469.641,2.0156046
10471.551,2.0013575
10473.461,2.0375306
10475.371,2.0434517
10477.281,2.0157596
10479.192,1.9925493
10481.103,1.9917482
10483.014,1.9875858
10484.925,1.9912668
10486.836,1.9456481
10488.747,1.9190772
10490.659,1.9137949
10492.571,1.9152354
10494.483,1.9200374
10496.395,1.905792
10498.307,1.8803421
10500.22,1.8851446
10502.133,1.8529723
10504.045,1.8420887
10505.958,1.825603
10507.872,1.7889494
10509.785,1.792632
10511.699,1.7739058
10513.612,1.7831909
10515.526,1.8137647
10517.44,1.8342545
10519.355,1.8513832
10521.269,1.8315372
10523.184,1.8430639
10525.098,1.8321817
10527.013,1.7865658
10528.929,1.7667203
10530.844,1.7289478
10532.759,1.6889345
10534.675,1.6702099
10536.591,1.6783761
10538.507,1.685422
10540.423,1.6902272
10542.339,1.696153
10544.256,1.6919948
10546.172,1.7203298
10548.089,1.7184128
10550.006,1.6952074
10551.924,1.7313859
10553.841,1.7417942
10555.759,1.7331551
10557.676,1.7704544
10559.594,1.7763813
10561.512,1.7968742
10563.431,1.7759107
10565.349,1.7627904
10567.268,1.7608747
10569.186,1.7690432
10571.105,1.7514415
10573.024,1.7607307
10574.944,1.8047539
10576.863,1.7972366
10578.783,1.8199716
10580.703,1.8763201
10582.623,1.8542374
10584.543,1.8814546
10586.463,1.8705766
10588.384,1.865301
10590.304,1.9575046
10592.225,1.969036
10594.146,1.9749653
10596.068,2.0380375
10597.989,2.0282808
10599.911,2.055499
10601.832,2.0871991
10603.754,2.0740815
10605.676,2.0878547
10607.599,2.0982667
10609.521,2.1243651
10611.444,2.173993
10613.366,2.2247416
10615.289,2.279972
10617.213,2.3217572
10619.136,2.3814697
10621.059,2.4131712
10622.983,2.4874498
10624.907,2.550524
10626.831,2.5956712
10628.755,2.6284936
10630.679,2.6445095
10632.604,2.701982
10634.529,2.7426479
10636.454,2.7216894
10638.379,2.7276217
10640.304,2.758204
10642.229,2.8011113
10644.155,2.8888368
10646.081,2.9261421
10648.006,2.9959406
10649.933,3.0713415
10651.859,3.157947
10653.785,3.2086983
10655.712,3.2471248
10657.639,3.2541789
10659.566,3.2242583
10661.493,3.222349
10663.42,3.2338853
10665.348,3.2039651
10667.275,3.2076585
10669.203,3.2203156
10671.131,3.2486591
10673.059,3.3128571
10674.988,3.3423213
10676.916,3.3583402
10678.845,3.3452277
10680.774,3.326513
10682.703,3.2775464
10684.632,3.2140141
10686.562,3.1952998
10688.491,3.1071179
10690.421,3.0088521
10692.351,2.9486816
10694.281,2.8862704
10696.211,2.8193775
10698.142,2.7838573
10700.072,2.6811103
10702.003,2.6411086
10703.934,2.6145524
10705.865,2.5812736
10707.797,2.5289473
10709.728,2.4743803
10711.66,2.3660319
10713.592,2.3058628
10715.524,2.233369
10717.456,2.1563936
10719.388,2.0928636
10721.321,2.0214906
10723.253,1.9994175
10725.186,1.9448515
10727.119,1.8891652
10729.053,1.9007059
10730.986,1.8819947
10732.92,1.8487177
10734.853,1.8210432
10736.787,1.7743211
10738.721,1.7768989
10740.656,1.7402611
10742.59,1.6800941
10744.525,1.6423361
10746.46,1.6505167
10748.395,1.6273248
10750.33,1.5929286
10752.265,1.5484485
10754.201,1.5196548
10756.136,1.4931021
10758.072,1.4497428
10760.008,1.4153473
10761.944,1.3966381
10763.881,1.3678451
10765.817,1.3984359
10767.754,1.3797272
10769.691,1.3643799
10771.628,1.3512736
10773.565,1.3191199
10775.503,1.3127366
10777.44,1.2962694
10779.378,1.2708387
10781.316,1.2297219
10783.254,1.2210982
10785.192,1.2124747
10787.131,1.1803219
10789.069,1.152651
10791.008,1.1328234
10792.947,1.1096345
10794.886,1.1391069
10796.826,1.1215205
10798.765,1.1297046
10800.705,1.1076368
10802.645,1.0945326
10804.585,1.0713445
10806.525,1.0559998
10808.465,1.0294506
10810.406,1.0040221
10812.347,0.96178691
10814.288,0.95428579
10816.229,0.94006211
10818.17,0.94936797
10820.111,0.94186724
10822.053,0.96798008
10823.995,0.93582975
10825.937,0.95634062
10827.879,0.94996086
10829.821,0.92341317
10831.764,0.94168354
10833.706,0.92073835
10835.649,0.87514343
10837.592,0.89789598
10839.535,0.85230132
10841.479,0.86384965
10843.422,0.84738691
10845.366,0.77938369
10847.31,0.76628255
10849.254,0.76102469
10851.198,0.76248964
10853.142,0.77291831
10855.087,0.74301098
10857.032,0.7646444
10858.977,0.76162808
10860.922,0.74852787
10862.867,0.71638016
10864.812,0.69655752
10866.758,0.6509647
10868.704,0.63226277
10870.65,0.61916321
10872.596,0.59373886
10874.542,0.5862418
10876.489,0.59891294
10878.435,0.58581391
10880.382,0.62201472
10882.329,0.62908402
10884.276,0.61486493
10886.224,0.60848911
10888.171,0.58866804
10890.119,0.55988352
10892.067,0.53221958
10894.015,0.49223084
10895.963,0.4746512
10897.911,0.48396244
10899.86,0.4697444
10901.809,0.47121277
10903.758,0.46819947
10905.707,0.44277734
10907.656,0.45993238
10909.605,0.40874021
10911.555,0.38667982
10913.505,0.4049557
10915.455,0.37281154
10917.405,0.36083558
10919.355,0.3477393
10921.306,0.29878881
10923.256,0.28793369
10925.207,0.26699467
10927.158,0.25950116
10929.109,0.25648957
10931.061,0.25683946
10933.012,0.25943037
10934.964,0.25081694
10936.916,0.28478066
10938.868,0.25936077
10940.82,0.25747042
10942.773,0.25670064
10944.725,0.23240159
10946.678,0.23275253
10948.631,0.24094673
10950.584,0.21664807
10952.537,0.21699941
10954.491,0.18597832
10956.444,0.17400498
10958.398,0.19564522
10960.352,0.16910632
10962.306,0.16945831
10964.26,0.14628102
10966.215,0.13654924
10968.17,0.13914251
10970.124,0.10924293
10972.079,0.088307054
10974.035,0.08865983
10975.99,0.081169599
10977.946,0.086004429
10979.901,0.070671324
10981.857,0.074385968
10983.813,0.079221193
10985.769,0.071731618
10987.726,0.056399038
10989.682,0.022018969
10991.639,0.017891133
10993.596,-0.013127328
10995.553,-0.037422969
10997.511,-0.02712077
10999.468,-0.058274436
11001.426,-0.03676632
11003.383,-0.024221072
11005.341,-0.0071933146
11007.3,0.0064738162
11009.258,-0.00786954
11011.216,0.0046785774
11013.175,-0.01190424
11015.134,-0.0015955844
11017.093,0.012075133
11019.052,-0.020191807
11021.011,0.011407517
11022.971,0.0093941126
11024.931,0.01074277
11026.891,0.043464694
11028.851,-0.0067258296
11030.811,0.0035885657
11032.771,-0.00066214794
11034.732,-0.023959763
11036.693,0.012127092
11038.654,3.5393811e-005
11040.615,0.030521443
11042.576,0.058767314
11044.537,0.047798216
11046.499,0.05811835
11048.461,0.03930755
11050.423,0.049629119
11052.385,0.014013031
11054.347,-0.0070365139
11056.31,-0.0011945849
11058.273,-0.035688073
11060.235,-0.0085561937
11062.198,-0.011675698
11064.162,-0.04840793
11066.125,-0.0055876241
11068.089,-0.032234388
11070.052,-0.04319416
11072.016,-0.014937528
11073.98,-0.027016313
11075.945,0.013566684
11077.909,-0.0074742517
11079.874,-0.021791781
11081.838,-0.013699629
11083.803,-0.028015724
11085.768,0.0013663785
11087.734,-0.0017437993
11089.699,-0.0082146041
11091.665,0.007724272
11093.631,-0.033478992
11095.597,-0.015005566
11097.563,-0.0043746337
11099.529,-0.045283674
11101.496,-0.050337728
11103.462,-0.032982174
11105.429,-0.017866873
11107.396,0.027501173
11109.363,0.044858659
11111.331,0.047650962
11113.298,0.056046151
11115.266,0.063321535
11117.234,0.039225014
11119.202,0.035297204
11121.17,0.017924661
11123.139,-0.015133514
11125.107,-0.012336702
11127.076,-0.042032244
11129.045,-0.033631903
11131.014,-0.025230918
11132.983,-0.033636012
11134.953,0.017343291
11136.923,-0.0056263413
11138.892,0.019583942
11140.862,0.041433525
11142.833,0.021827169
11144.803,0.041437144
11146.773,0.029675214
11148.744,0.020154824
11150.715,0.056573453
11152.686,0.036970318
11154.657,0.03977679
11156.629,0.026897632
11158.6,-0.0016671572
11160.572,0.024670659
11162.544,-0.003892842
11164.516,-0.012287631
11166.488,-0.02516357
11168.461,-0.025713934
11170.433,0.011831584
11172.406,0.011282508
11174.379,0.029781695
11176.352,0.0068249436
11178.325,0.013000489
11180.299,0.037103849
11182.272,0.023112615
11184.246,0.034892333
11186.22,0.00073431959
11188.194,-0.03342305
11190.169,-0.018280055
11192.143,-0.036749861
11194.118,-0.026087371
11196.093,-0.018785582
11198.068,-0.018205837
11200.043,-0.0053005185
11202.019,-0.00023769315
11203.994,0.020512051
11205.97,0.014371682
11207.946,0.0059910617
11209.922,0.0009724296
11211.898,-0.023093178
11213.875,0.027911887
11215.851,-0.0095978098
11217.828,-0.01797521
11219.805,-0.0073043477
11221.782,-0.045932561
11223.759,-0.012851447
11225.737,-0.016744478
11227.715,-0.04304583
11229.692,0.0023621467
11231.67,-0.0082516419
11233.649,0.0013032808
11235.627,0.016461088
11237.605,-0.0053552499
11239.584,-0.0025210842
11241.563,-0.015372549
11243.542,-0.010462679
11245.521,5.0062006e-005
11247.501,-0.0028819461
11249.48,0.0087525015
11251.46,0.030471612
11253.44,0.018577907
11255.42,0.012287072
11257.4,0.019442244
11259.381,0.014273116
11261.361,0.022549995
11263.342,0.039791089
11265.323,-0.010194078
11267.304,0.0070482751
11269.286,0.011966327
11271.267,-0.008885299
11273.249,0.012840735
11275.231,-0.025936804
11277.213,-0.02325713
11279.195,-0.014974586
11281.177,-0.041425307
11283.16,0.004953734
11285.142,-0.0013276604
11287.125,-0.022174252
11289.108,-0.00044318285
11291.092,0.0067226891
11293.075,0.027166019
11295.059,0.035284935
11297.042,0.023236299
11299.026,0.013429077
11301.01,0.011465508
11302.995,0.015104695
11304.979,-0.022712183
11306.964,-0.019071963
11308.949,-0.021033467
11310.934,-0.030837593
11312.919,-0.02383448
11314.904,-0.013469506
11316.89,-0.028874324
11318.875,-0.016267421
11320.861,0.0019422389
11322.847,0.0089479331
11324.833,0.0069905581
11326.82,-0.0039298863
11328.806,-0.017090711
11330.793,0.021289597
11332.78,-0.01315871
11334.767,-0.018474849
11336.754,-0.017067782
11338.742,-0.019021544
11340.729,-0.00080672269
11342.717,0.01511352
11344.705,-0.005940515
11346.693,0.0413533
11348.681,0.030384321
11350.67,0.016054509
11352.658,0.0073274492
11354.647,0.0086849345
11356.636,0.011163379
11358.625,0.0057991986
11360.615,-0.019732538
11362.604,-0.0049276289
11364.594,-0.01365162
11366.584,-0.0066888253
11368.574,0.0013949292
11370.564,-0.025254699
11372.554,-0.014929025
11374.545,-0.024770907
11376.535,-0.018926003
11378.526,-0.0029965545
11380.517,-0.012836902
11382.509,-0.0036291198
11384.5,0.0089405188
11386.492,0.023751565
11388.483,0.04640626
11390.475,0.039929814
11392.468,0.055862843
11394.46,0.072916831
11396.452,0.082128194
11398.445,0.092460516
11400.438,0.085986627
11402.431,0.070549664
11404.424,0.053992764
11406.417,0.043038617
11408.411,0.024241843
11410.404,-0.012481589
11412.398,-0.04360227
11414.392,-0.033265856
11416.387,-0.027410724
11418.381,-0.024916424
11420.375,-0.031385199
11422.37,-0.027769429
11424.365,-0.00062373537
11426.36,0.024281573
11428.355,0.0010081215
11430.351,-0.0065785443
11432.346,-0.0018397687
11434.342,0.010742656
11436.338,-0.0035651649
11438.334,-0.021233819
11440.331,-0.028817927
11442.327,-0.038693122
11444.324,-0.034002082
11446.321,-0.013624357
11448.318,-0.015655187
11450.315,0.018168734
11452.312,0.026222756
11454.31,0.010747776
11456.307,0.044572925
11458.305,0.022376074
11460.303,0.012504562
11462.301,0.010476597
11464.3,0.003967248
11466.298,-0.00030079505
11468.297,0.0021542602
11470.296,0.019175551
11472.295,0.033956355
11474.294,0.034171741
11476.294,0.045592019
11478.293,0.032362846
11480.293,0.070674699
11482.293,0.076493963
11484.293,0.055422881
11486.293,0.067965653
11488.294,0.023365977
11490.295,0.010139259
11492.295,-0.0030870488
11494.296,-0.023035637
11496.298,-0.018333956
11498.299,-0.014752314
11500.3,0.01235915
11502.302,0.047314159
11504.304,0.08114913
11506.306,0.079130168
11508.308,0.060304893
11510.311,0.10758647
11512.313,0.075316635
11514.316,0.07329931
11516.319,0.063439258
11518.322,0.032291099
11520.325,0.070611136
11522.329,0.067475
11524.332,0.048652999
11526.336,0.084733368
11528.34,0.046864566
11530.344,0.051573205
11532.349,0.051800459
11534.353,0.026257815
11536.358,0.0197632
11538.363,-0.012501315
11540.368,-0.024597353
11542.373,-0.016524915
11544.378,-0.01293386
11546.384,-0.022787774
11548.389,-0.0191959
11550.395,0.015768931
11552.401,0.03392745
11554.407,0.016232035
11556.414,0.046716302
11558.42,0.024539914
11560.427,0.061747688
11562.434,0.042933463
11564.441,0.02187875
11566.448,0.017631169
11568.456,0.0044204126
11570.464,0.01249858
11572.471,-0.001831806
11574.479,-0.0015959569
11576.487,0.018808369
11578.496,0.028008622
11580.504,0.054016007
11582.513,0.036326322
11584.522,0.027600632
11586.531,0.03792297
11588.54,0.016873169
11590.549,0.019353188
11592.559,-0.030827448
11594.569,-0.039551092
11596.578,-0.02138357
11598.588,-0.031226843
11600.599,-0.0029744695
11602.609,-0.027382751
11604.62,-0.0069726957
11606.63,0.016799113
11608.641,0.015921471
11610.652,0.043055443
11612.664,0.013046967
11614.675,0.017772794
11616.687,0.046028442
11618.699,0.031707468
11620.711,0.028591385
11622.723,0.020993919
11624.735,0.041408067
11626.748,0.048377246
11628.76,0.058708178
11630.773,0.04438966
11632.786,0.030071551
11634.799,0.058330882
11636.813,0.033929558
11638.826,0.039780744
11640.84,0.023223375
11642.854,0.0021846235
11644.868,0.029325553
11646.882,0.010528516
11648.897,0.02758623
11650.911,0.023355838
11652.926,-0.032414762
11654.941,0.0048122475
11656.956,-0.010621399
11658.971,0.0075588097
11660.987,0.027980324
11663.002,0.012547905
11665.018,0.045295168
11667.034,0.048911187
11669.05,0.062611649
11671.067,0.053903557
11673.083,0.011582428
11675.1,0.016320532
11677.117,0.015456805
11679.134,0.013473039
11681.151,0.0025260963
11683.168,-0.017384022
11685.186,-0.016005216
11687.203,-0.029191827
11689.221,-0.014366825
11691.239,-0.0096254464
11693.258,-0.026172174
11695.276,0.0032198824
11697.295,-0.0032419933
11699.313,0.0149464
11701.332,0.010726239
11703.352,0.003145143
11705.371,0.001166697
11707.39,-0.0030522362
11709.41,0.021860893
11711.43,0.023245019
11713.45,0.023509106
11715.47,0.041700774
11717.49,0.039724783
11719.511,0.035508305
11721.531,0.059303441
11723.552,0.016992544
11725.573,0.017259087
11727.595,0.0096829018
11729.616,0.012191159
11731.637,0.022542964
11733.659,0.0026430762
11735.681,0.0085139062
11737.703,0.0043011118
11739.725,0.0068114157
11741.748,0.0082016807
11743.77,-0.013352985
11745.793,0.0076697442
11747.816,-0.0026797131
11749.839,-0.038799115
11751.863,0.00015187329
11753.886,-0.025882769
11755.91,-0.011580914
11757.934,0.0049621999
11759.958,-0.04796211
11761.982,-0.056068129
11764.006,-0.032801237
11766.031,-0.068917735
11768.055,-0.046770564
11770.08,-0.050393339
11772.105,-0.031606787
11774.13,-0.015060768
11776.156,-0.009718868
11778.181,0.0045869805
11780.207,-0.024804287
11782.233,-0.008256816
11784.259,0.0082910181
11786.285,-0.022219608
11788.312,-0.0023097037
11790.338,0.026564149
11792.365,0.019584024
11794.392,0.056301741
11796.419,0.041479204
11798.446,0.049065994
11800.474,0.062255388
11802.502,0.050795285
11804.529,0.049419579
11806.557,0.02675572
11808.586,0.052271496
11810.614,0.049776431
11812.642,0.010306939
11814.671,-0.0067532268
11816.7,-0.01709034
11818.729,-0.010620368
11820.758,-0.010872721
11822.788,-0.018967849
11824.817,-0.020339925
11826.847,-0.031795671
11828.877,-0.012998954
11830.907,0.0069185752
11832.937,-0.01798146
11834.968,-0.0025449978
11836.998,-0.016239825
11839.029,-0.0075253258
11841.06,0.040405223
11843.091,0.044638655
11845.123,0.032811715
11847.154,0.045634965
11849.186,0.045013168
11851.218,0.02758498
11853.25,0.016879811
11855.282,-0.013993094
11857.314,-0.023577152
11859.347,-0.027558639
11861.379,-0.023696657
11863.412,-0.032159275
11865.445,-0.0025263231
11867.478,-0.015470071
11869.512,0.016404438
11871.545,0.0090635928
11873.579,-0.0072405072
11875.613,0.011189617
11877.647,-0.025281888
11879.681,-0.019176032
11881.716,-0.010828948
11883.75,-0.046179012
11885.785,-0.043433508
11887.82,-0.0025924338
11889.855,-0.020014334
11891.891,-0.0071838033
11893.926,-0.0033165266
11895.962,0.008009589
11897.998,0.019336003
11900.034,0.0396263
11902.07,-0.00058730669
11904.106,0.010740001
11906.143,0.025428951
11908.18,0.031154614
11910.216,0.026796542
11912.253,-0.014536023
11914.291,-0.0054481213
11916.328,-0.0019621625
11918.366,-0.019764421
11920.403,-0.0017120401
11922.441,-0.03968177
11924.479,-0.012665207
11926.518,0.018833446
11928.556,0.012237159
11930.595,0.029170582
11932.634,0.040502063
11934.673,0.055195185
11936.712,0.056443228
11938.751,0.049848432
11940.791,0.05109707
11942.83,0.028816595
11944.87,0.025584037
11946.91,0.0033041585
11948.95,-0.004409596
11950.991,0.014767704
11953.031,0.0014523044
11955.072,0.013907511
11957.113,-0.010611774
11959.154,-0.0015173157
11961.195,0.013179682
11963.236,-0.013579606
11965.278,-0.010086494
11967.32,-0.046929219
11969.362,-0.042315063
11971.404,0.00039462841
11973.446,-0.033085858
11975.489,-0.02735036
11977.531,-0.029457701
11979.574,-0.046130571
11981.617,0.015628231
11983.66,0.01576268
11985.704,0.027101909
11987.747,0.063091296
11989.791,0.076672017
11991.835,0.081289452
11993.879,0.076943598
11995.923,0.084922973
11997.967,0.050325615
12000.012,0.045980656
12002.056,0.033792857
12004.101,0.024966702
12006.146,0.044152048
12008.192,0.057735452
12010.237,0.019778538
12012.283,0.035603434
12014.328,0.020056079
12016.374,0.0033885742
12018.42,0.012491675
12020.467,-0.015379715
12022.513,-0.020841844
12024.56,-0.010617401
12026.607,0.00633003
12028.654,0.023277759
12030.701,0.024539511
12032.748,-0.0044505397
12034.796,0.022582117
12036.843,0.0316879
12038.891,0.016144122
12040.939,-0.0038811512
12042.987,-0.022785678
12045.036,-0.011437806
12047.084,0.013355742
12049.133,-0.011000934
12051.182,-0.016309775
12053.231,-0.01601616
12055.28,-0.020204122
12057.33,-0.0053442498
12059.379,-0.0028090921
12061.429,-0.027164475
12063.479,-0.014544853
12065.529,-0.012009049
12067.579,-0.011713926
12069.63,0.0031472394
12071.681,-0.0055207919
12073.731,0.0026181149
12075.782,0.019720823
12077.834,0.0099329895
12079.885,0.012470302
12081.936,0.027332759
12083.988,0.023147814
12086.04,0.017842635
12088.092,0.011417224
12090.144,0.0083533723
12092.197,0.0030488401
12094.249,-0.0067372694
12096.302,0.004765352
12098.355,0.012906844
12100.408,0.019928104
12102.461,0.016865545
12104.515,0.020525891
12106.568,0.034270486
12108.622,0.034569918
12110.676,0.040471807
12112.73,0.029567188
12114.784,0.051155783
12116.839,0.051456077
12118.893,0.042793001
12120.948,0.057659552
12123.003,0.068044526
12125.058,0.059382097
12127.114,0.05856302
12129.169,0.033094299
12131.225,0.049082375
12133.281,0.038179911
12135.337,0.02279587
12137.393,0.020857422
12139.45,-0.001248877
12141.506,0.018101622
12143.563,0.039693232
12145.62,0.037755646
12147.677,0.067190825
12149.734,0.069735462
12151.792,0.065557627
12153.849,0.066982247
12155.907,0.041516327
12157.965,0.018291518
12160.023,0.026439474
12162.081,0.006576441
12164.14,0.014724828
12166.199,0.013909845
12168.257,0.020938214
12170.316,0.023485006
12172.376,0.029393359
12174.435,-0.0050342079
12176.494,-0.015932147
12178.554,0.0023017812
12180.614,0.013813236
12182.674,0.018602218
12184.734,0.033475448
12186.795,0.044987549
12188.855,0.07890883
12190.916,0.083698673
12192.977,0.090729628
12195.038,0.080954076
12197.099,0.087985462
12199.161,0.096137511
12201.222,0.062833194
12203.284,0.06762433
12205.346,0.056729406
12207.408,0.043593802
12209.471,0.053987826
12211.533,0.041973101
12213.596,0.056849347
12215.659,0.075087154
12217.722,0.063073076
12219.785,0.07122728
12221.848,0.073779458
12223.912,0.068488715
12225.975,0.049752809
12228.039,0.059028324
12230.103,0.043654193
12232.168,0.035002967
12234.232,0.056604058
12236.297,0.01882161
12238.361,0.024736857
12240.426,0.019447837
12242.491,-0.012731723
12244.557,0.003268204
12246.622,0.0024616235
12248.688,0.017341533
12250.753,0.0019695572
12252.819,0.011247657
12254.886,0.038453143
12256.952,0.024202261
12259.018,0.040203696
12261.085,0.020351005
12263.152,0.0038598738
12265.219,0.036668678
12267.286,0.02465977
12269.353,0.030578249
12271.421,0.023051565
12273.489,0.0099228553
12275.557,0.029287358
12277.625,0.0083159426
12279.693,0.0030310168
12281.761,0.0044689954
12283.83,-0.014260878
12285.899,0.014068288
12287.968,0.0054228796
12290.037,-0.0043427617
12292.106,0.01838481
12294.175,0.017583185
12296.245,0.011179534
12298.315,0.023823718
12300.385,-0.0083498092
12302.455,0.00093346123
12304.525,0.0046147063
12306.596,-0.019715038
12308.667,-0.012672017
12310.737,-0.028037745
12312.808,-0.040041913
12314.88,-0.0061074895
12316.951,0.00093639283
12319.023,0.022546317
12321.094,0.0172657
12323.166,0.011985299
12325.238,0.023511836
12327.31,0.024954554
12329.383,0.018554351
12331.455,-0.018097737
12333.528,-0.025617958
12335.601,-0.018572136
12337.674,-0.024971478
12339.748,-0.020166122
12341.821,-0.032167273
12343.895,-0.015036556
12345.968,-0.01247145
12348.042,-0.01550837
12350.117,0.011707027
12352.191,-0.0070157361
12354.265,0.015718299
12356.34,0.014923138
12358.415,0.0040441581
12360.49,0.043585562
12362.565,0.013659394
12364.641,0.018467336
12366.716,0.042323112
12368.792,0.016879383
12370.868,0.046337831
12372.944,0.028737671
12375.02,0.034667137
12377.097,0.054042198
12379.173,0.03868358
12381.25,0.051336382
12383.327,0.043821333
12385.404,0.028463362
12387.481,0.033273673
12389.559,-0.0044928309
12391.636,-0.017609259
12393.714,-0.016159646
12395.792,-0.0068666803
12397.87,-0.013259773
12399.949,-0.0039663766
12402.027,0.007568132
12404.106,0.015741512
12406.185,0.042962726
12408.264,0.039932054
12410.343,0.016733531
12412.422,0.037232703
12414.502,0.0095528177
12416.582,-0.00019968088
12418.662,0.009095655
12420.742,-0.0084995499
12422.822,-0.03169678
12424.902,-0.025762142
12426.983,-0.016465945
12429.064,0.015239432
12431.145,0.024536061
12433.226,0.0080625967
12435.307,0.01511876
12437.389,0.02105469
12439.47,0.013545458
12441.552,0.010518234
12443.634,-0.00035191174
12445.716,0.0078257769
12447.799,0.018244577
12449.881,0.01857956
12451.964,0.032360136
12454.047,0.015888826
12456.13,0.013983558
12458.213,-0.0069691128
12460.296,-0.012235294
12462.38,-0.021179634
12464.464,-0.034605578
12466.548,-0.023381473
12468.632,-0.0054344905
12470.716,-0.021100764
12472.8,-0.0053942996
12474.885,-0.022180643
12476.97,-0.01319649
12479.055,0.00026964486
12481.14,0.00029059061
12483.225,-0.014254101
12485.311,-0.011991881
12487.396,0.0059568025
12489.482,-0.0085873223
12491.568,-0.0063245354
12493.654,0.0093838185
12495.741,-0.0074006358
12497.827,0.013910337
12499.914,0.019535224
12502.001,-0.0039713523
12504.088,0.038628703
12506.175,0.0072793669
12508.262,-0.026310676
12510.35,0.00732636
12512.438,-0.0094565826
12514.526,-0.015460955
12516.614,-0.0046584522
12518.702,-0.043155515
12520.79,-0.015545983
12522.879,0.0053410143
12524.968,-0.021951107
12527.057,-0.0066660439
12529.146,-0.0025853093
12531.235,-0.0052271104
12533.325,0.0044561718
12535.414,0.014139608
12537.504,0.018220956
12539.594,0.013338872
12541.684,0.023022768
12543.775,0.042790851
12545.865,0.052475053
12547.956,0.068882099
12550.047,0.049434955
12552.138,0.050156033
12554.229,0.047515919
12556.321,0.051598648
12558.412,0.038874808
12560.504,0.039596499
12562.596,0.031354758
12564.688,0.052244823
12566.78,0.045123837
12568.873,0.05929152
12570.965,0.02191874
12573.058,0.0013528358
12575.151,-0.0068879848
12577.244,-0.0072855147
12579.338,-0.00096020206
12581.431,-0.0035983215
12583.525,-0.033127044
12585.619,0.0056917262
12587.713,0.027703927
12589.807,0.021705077
12591.901,0.032513102
12593.996,0.0085873878
12596.09,0.0037094459
12598.185,0.04028824
12600.28,0.013001641
12602.376,0.018208193
12604.471,0.026776243
12606.567,-0.0094734812
12608.662,0.013660702
12610.758,0.017747419
12612.854,-0.0151405
12614.951,0.020319073
12617.047,-0.011448091
12619.144,-0.0051198642
12621.241,0.03594241
12623.338,-0.0036674313
12625.435,0.016106634
12627.532,0.053808024
12629.63,0.064743305
12631.727,0.043061249
12633.825,0.057109193
12635.923,0.033684523
12638.021,0.013745846
12640.12,0.02866571
12642.218,0.018313396
12644.317,0.010575615
12646.416,-0.0067480696
12648.515,-0.015357004
12650.614,-0.010893889
12652.714,-0.023859815
12654.813,-0.0045815787
12656.913,0.0077251334
12659.013,0.022646378
12661.113,0.013166904
12663.213,-0.0032840931
12665.314,0.010766152
12667.414,-0.0021987001
12669.515,-0.01254902
12671.616,0.00082232026
12673.717,0.0037362409
12675.819,0.0040358795
12677.92,-0.018322337
12680.022,-0.024122722
12682.124,-0.0029077595
12684.226,-0.004350652
12686.328,-0.0066649071
12688.43,0.0067072094
12690.533,3.5849957e-005
12692.636,-0.00053519452
12694.738,0.0032511566
12696.842,0.012266363
12698.945,0.022153126
12701.048,0.011996413
12703.152,0.013168773
12705.256,0.022184368
12707.36,0.024228382
12709.464,0.027143953
12711.568,0.027445242
12713.672,0.033846846
12715.777,0.028919571
12717.882,0.03270699
12719.987,0.019065312
12722.092,0.021981465
12724.197,0.021411877
12726.303,0.030428442
12728.409,0.021144451
12730.514,0.021446614
12732.62,-0.0026519979
12734.727,0.0037505767
12736.833,0.017124926
12738.94,0.017427477
12741.046,0.027316182
12743.153,0.0084468133
12745.26,-0.00083640117
12747.368,0.0090525947
12749.475,-0.0011018853
12751.583,0.026216499
12753.69,0.025648269
12755.798,0.017237
12757.906,0.032355239
12760.015,0.030044382
12762.123,0.056491792
12764.232,0.048080911
12766.341,0.065813917
12768.45,0.062631989
12770.559,0.034177826
12772.668,0.041453607
12774.778,0.026942994
12776.887,0.040319188
12778.997,0.030166067
12781.107,0.019141583
12783.218,0.02816077
12785.328,-0.00029271372
12787.439,0.021798562
12789.549,0.014260306
12791.66,0.011079445
12793.771,0.020099117
12795.883,-0.0074824214
12797.994,-0.0019483941
12800.106,-0.010357625
12802.217,-0.023995517
12804.329,0.0068111329
12806.441,-0.0050836455
12808.554,0.0074225447
12810.666,0.0024996381
12812.779,0.0019341271
12814.892,0.0074689309
12817.005,0.0034177752
12819.118,0.009824233
12821.231,0.013616409
12823.345,-0.011349488
12825.458,-0.0084285783
12827.572,-0.0063790307
12829.686,0.0078710497
12831.801,0.0073064123
12833.915,-0.0037156443
12836.03,-0.0016657085
12838.144,-0.0013585949
12840.259,0.017249269
12842.374,0.029757013
12844.49,0.037036095
12846.605,0.05825863
12848.721,0.040265575
12850.836,0.030987214
12852.952,0.060053177
12855.069,0.047289172
12857.185,0.053697377
12859.301,0.047905244
12861.418,0.044727586
12863.535,0.044164405
12865.652,0.033143805
12867.769,0.036938116
12869.886,0.068619235
12872.004,0.050627248
12874.122,0.064007907
12876.24,0.065188228
12878.358,0.05503967
12880.476,0.061448943
12882.594,0.041714522
12884.713,0.020237279
12886.832,0.027518303
12888.951,-0.0018018835
12891.07,0.0080937136
12893.189,-0.0011827054
12895.308,0.0043557874
12897.428,0.0064085385
12899.548,0.011075766
12901.668,0.013128711
12903.788,0.019539052
12905.908,0.018106353
12908.029,0.013187911
12910.149,0.019598544
12912.27,0.026880732
12914.391,0.011505066
12916.512,0.030987885
12918.634,0.021712631
12920.755,0.011566014
12922.877,0.021463067
12924.999,0.0078308059
12927.121,0.029928489
12929.243,0.02239664
12931.366,0.0052788308
12933.488,0.0021044741
12935.611,-0.028956496
12937.734,-0.015572924
12939.857,-0.0082894734
12941.98,-0.0036203045
12944.104,0.010635018
12946.227,-0.0012533532
12948.351,0.012130704
12950.475,0.017671721
12952.599,0.034541811
12954.724,0.04444032
12956.848,0.028195136
12958.973,0.045065517
12961.098,0.045378261
12963.223,0.053534239
12965.348,0.052975718
12967.473,0.039345398
12969.599,0.051858966
12971.724,0.036485921
12973.85,0.028084651
12975.976,0.030140994
12978.103,0.021739917
12980.229,0.0028814218
12982.356,-0.010748219
12984.482,0.0061233276
12986.609,-0.0040202798
12988.737,-0.0071921125
12990.864,0.0027080473
12992.991,-0.0022065107
12995.119,0.0042080045
12997.247,-0.0033207384
12999.375,0.017908786
13001.503,0.026066511
13003.631,0.015923681
13005.76,0.018852842
13007.888,-4.3910542e-006
13010.017,0.0011820455
13012.146,0.014569015
13014.275,0.0018122904
13016.405,0.02478551
13018.534,0.0059287623
13020.664,0.011472983
13022.794,0.0065597839
13024.924,0.0025181418
13027.054,0.029849146
13029.185,0.02057894
13031.315,0.033095323
13033.446,0.02643969
13035.577,0.013683936
13037.708,0.026200611
13039.839,0.016059431
13041.971,0.028576299
13044.103,0.019306773
13046.234,0.017009021
13048.366,0.03301202
13050.499,0.013285268
13052.631,0.043231816
13054.763,0.023505258
13056.896,0.023822371
13059.029,0.027625419
13061.162,0.0026703948
13063.295,0.031745968
13065.429,0.018120114
13067.562,0.004494357
13069.696,0.0013262132
13071.83,-0.027114165
13073.964,-0.0084956219
13076.098,-0.015149313
13078.233,-0.023545827
13080.367,-0.0092842914
13082.502,-0.034238345
13084.637,-0.023462454
13086.772,-0.017915224
13088.907,-0.011496438
13091.043,0.021937696
13093.178,0.0039558056
13095.314,0.015603642
13097.45,0.016794058
13099.586,0.0092699751
13101.723,0.038347296
13103.859,0.028209028
13105.996,0.041600269
13108.133,0.038433872
13110.27,0.0021521047
13112.407,0.026001153
13114.544,-0.0050516624
13116.682,0.013568822
13118.82,0.011274371
13120.958,-0.014549395
13123.096,-0.0029002974
13125.234,-0.028723869
13127.372,-0.021431876
13129.511,-0.024597301
13131.65,-0.023405331
13133.789,-0.00565553
13135.928,-0.030607157
13138.067,-0.008499863
13140.207,-0.015150642
13142.346,-0.0061150494
13144.486,-0.0057939567
13146.626,0.0058562092
13148.766,0.039064157
13150.907,0.013884383
13153.047,0.015719938
13155.188,0.033241847
13157.329,0.019391284
13159.47,0.030813132
13161.611,0.015219807
13163.753,-0.0056021977
13165.894,-0.0072520104
13168.036,-0.02110218
13170.178,0.010363632
13172.32,0.020043031
13174.462,-0.0051358798
13176.605,-0.0050423809
13178.747,0.0011514144
13180.89,-0.006598067
13183.033,0.023125297
13185.176,0.016247432
13187.319,0.021570081
13189.463,-0.0027368203
13191.607,-0.0017713125
13193.75,0.007037411
13195.894,0.0019028578
13198.039,-0.0032316168
13200.183,-0.0074945534
13202.327,0.0010956616
13204.472,-0.010357636
13206.617,-0.0096104367
13208.762,-0.0010200397
13210.907,-0.024673591
13213.053,-0.0064970157
13215.198,-0.014464171
13217.344,0.0037125255
13219.49,0.013174686
13221.636,0.0060791722
13223.782,0.0042124776
13225.929,-0.017697729
13228.075,-0.014335544
13230.222,-0.00051578232
13232.369,-0.0032536939
13234.516,0.018409327
13236.664,-0.013958093
13238.811,-0.0010095481
13240.959,-0.0028757572
13243.107,0.0065870704
13245.255,0.035222072
13247.403,0.01766977
13249.551,0.028875699
13251.7,0.011323519
13253.848,0.0068432951
13255.997,0.018920866
13258.146,0.012697844
13260.296,0.01344656
13262.445,0.020295554
13264.595,-0.0059708587
13266.744,0.0043640961
13268.894,0.017313491
13271.044,0.004119155
13273.195,-0.0055892811
13275.345,0.0047459164
13277.496,0.00026635975
13279.647,0.0027585414
13281.798,-0.023507386
13283.949,-0.0062002685
13286.1,0.0058781518
13288.252,-0.028230731
13290.403,0.00040554483
13292.555,0.013355607
13294.707,0.012362374
13296.859,0.012240662
13299.012,0.011247551
13301.164,0.032912453
13303.317,0.016233189
13305.47,0.013497341
13307.623,0.022090529
13309.776,0.0237121
13311.93,0.014876216
13314.083,0.01214061
13316.237,0.012890904
13318.391,0.017998557
13320.545,0.029206489
13322.699,0.046514699
13324.854,0.030707501
13327.008,0.037558316
13329.163,0.032208756
13331.318,0.030345096
13333.473,0.036324633
13335.629,0.029232336
13337.784,0.036083454
13339.94,0.027248359
13342.096,0.0096987272
13344.252,0.03920798
13346.408,0.032115986
13348.564,0.025024053
13350.721,0.029261156
13352.878,0.012583288
13355.034,0.030763868
13357.192,0.011471741
13359.349,0.027038064
13361.506,0.039990067
13363.664,0.026798341
13365.822,0.040621926
13367.979,0.031787619
13370.138,0.037768188
13372.296,0.044620278
13374.454,0.030557395
13376.613,0.037409606
13378.772,0.024218304
13380.931,0.033685016
13383.09,0.017007997
13385.249,0.0081741755
13387.409,0.027227125
13389.569,0.025365103
13391.728,0.037446497
13393.888,0.05388525
13396.049,0.058995087
13398.209,0.052776009
13400.37,0.05178575
13402.53,0.05689577
13404.691,0.044576656
13406.852,0.054915555
13409.014,0.038239264
13411.175,0.040735148
13413.337,0.031902115
13415.498,0.0326552
13417.66,0.055194839
13419.822,0.028061335
13421.985,0.047115256
13424.147,0.064426318
13426.31,0.059950948
13428.473,0.072033373
13430.636,0.058843528
13432.799,0.058725639
13434.962,0.038564238
13437.126,0.019274357
13439.289,0.037457303
13441.453,0.02862506
13443.617,0.036350611
13445.781,0.016189513
13447.946,0.0091003713
13450.11,0.011597347
13452.275,-0.0024633514
13454.44,0.031406294
13456.605,0.037389291
13458.77,0.018100016
13460.936,0.031054812
13463.101,0.017865877
13465.267,0.03866393
13467.433,0.053361827
13469.599,0.045401832
13471.766,0.06009985
13473.932,0.028610565
13476.099,0.038079946
13478.266,0.046677928
13480.433,0.020417583
13482.6,0.036858824
13484.767,0.01147006
13486.935,0.012225148
13489.102,0.022566353
13491.27,0.0015350691
13493.438,0.024948291
13495.607,-0.0047974682
13497.775,0.016872956
13499.943,0.047258037
13502.112,0.020998299
13504.281,0.036568687
13506.45,0.030352643
13508.62,0.015422063
13510.789,0.020535116
13512.959,0.0090904962
13515.128,0.014203671
13517.298,0.014088149
13519.468,-0.020014241
13521.639,-0.0070577472
13523.809,-0.0089160071
13525.98,-0.019488803
13528.151,-0.0013033688
13530.322,0.0038102309
13532.493,0.015024109
13534.664,0.032338266
13536.836,0.017408475
13539.008,0.037337132
13541.179,0.046808333
13543.351,0.046693539
13545.524,0.057907781
13547.696,0.045592673
13549.869,0.048092439
13552.041,0.037520371
13554.214,0.026948364
13556.387,0.020733716
13558.561,0.011904749
13560.734,-0.0021529147
13562.908,0.011676192
13565.082,0.013304924
13567.256,0.019291015
13569.43,0.024405707
13571.604,0.02777754
13573.779,0.018077539
13575.953,0.022320953
13578.128,0.022207129
13580.303,0.029065044
13582.478,0.026336963
13584.654,0.026223322
13586.829,0.024366821
13589.005,0.035582277
13591.181,0.038954657
13593.357,0.048427315
13595.533,0.045699598
13597.709,0.053429457
13599.886,0.048958942
13602.063,0.034030971
13604.24,0.0225889
13606.417,0.025090245
13608.594,0.006676617
13610.772,0.0091780829
13612.949,0.0064508512
13615.127,0.010695358
13617.305,-0.00074634952
13619.483,-0.027874271
13621.661,-0.0088147672
13623.84,-0.0063129373
13626.019,0.0040320905
13628.197,0.013505719
13630.376,0.008164594
13632.556,0.0028235294
13634.735,-7.541739e-005
13636.915,0.0031259006
13639.094,0.022885
13641.274,0.0051713788
13643.454,0.004015539
13645.634,0.0028597461
13647.815,-0.018339573
13649.995,-0.027338409
13652.176,-0.013679246
13654.357,-0.01832069
13656.538,-0.0072758131
13658.72,-0.0093027842
13660.901,0.0052280258
13663.083,0.0040726082
13665.264,-0.0023115207
13667.446,0.021805487
13669.629,0.02065021
13671.811,0.029081036
13673.993,0.019211256
13676.176,0.010212983
13678.359,0.025615628
13680.542,-0.0069119634
13682.725,0.011976614
13684.909,0.0073358269
13687.092,0.0061809252
13689.276,0.039012999
13691.46,0.0064856418
13693.644,0.028860293
13695.828,0.031191417
13698.012,0.012607556
13700.197,0.052411542
13702.382,0.032956315
13704.567,0.039644926
13706.752,0.045462124
13708.937,0.032107256
13711.123,0.050996443
13713.308,0.038513128
13715.494,0.044330514
13717.68,0.056248165
13719.866,0.037664773
13722.053,0.027796025
13724.239,0.02751338
13726.426,0.036816839
13728.613,0.0077761188
13730.8,0.017951131
13732.987,0.043812465
13735.174,0.014771885
13737.362,0.028432878
13739.55,0.026407642
13741.737,0.041811647
13743.926,0.047629643
13746.114,0.019460757
13748.302,0.0435795
13750.491,0.041554499
13752.68,0.02558619
13754.869,0.041861936
13757.058,0.020664963
13759.247,0.041298102
13761.436,0.02445852
13763.626,0.021562341
13765.816,0.030866644
13768.006,0.0096699055
13770.196,0.02681744
13772.386,0.021307069
13774.577,0.038454698
13776.768,0.044273397
13778.959,0.018719594
13781.15,0.054168016
13783.341,0.019028251
13785.532,0.025718597
13787.724,0.039380668
13789.915,0.01208418
13792.107,0.026617805
13794.299,0.0097789272
13796.492,0.016469508
13798.684,0.021417217
13800.877,0.0037070201
13803.07,0.030441315
13805.263,0.01795997
13807.456,0.017679108
13809.649,0.009555156
13811.842,0.014503146
13814.036,0.021194102
13816.23,0.01481321
13818.424,0.012789663
13820.618,0.0037944857
13822.812,0.014842928
13825.007,0.021534119
13827.202,0.020382219
13829.397,0.033173722
13831.592,0.0093639642
13833.787,0.019541181
13835.982,0.029718446
13838.178,0.0303097
13840.373,0.050073115
13842.569,0.039335487
13844.766,0.033826664
13846.962,0.044875623
13849.158,0.035881055
13851.355,0.053030325
13853.552,0.043164391
13855.749,0.034169964
13857.946,0.023432665
13860.143,0.010952493
13862.341,0.015901562
13864.538,0.027822355
13866.736,0.031028599
13868.934,0.033363429
13871.132,0.037441226
13873.331,0.032804473
13875.529,0.022939008
13877.728,0.031374244
13879.927,0.047652664
13882.126,0.050859236
13884.325,0.048837097
13886.524,0.02938581
13888.724,0.045664418
13890.924,0.035799282
13893.124,0.017219596
13895.324,0.04482732
13897.524,0.041934002
13899.724,0.032069054
13901.925,0.022204152
13904.126,0.023668274
13906.327,0.037332878
13908.528,0.0082960034
13910.729,0.02544654
13912.931,0.040854204
13915.132,0.036218342
13917.334,0.054240479
13919.536,0.038275735
13921.738,0.039740232
13923.941,0.029875799
13926.143,0.026983091
13928.346,0.039776704
13930.549,0.031655332
13932.752,0.032248603
13934.955,0.021512946
13937.159,0.040406965
13939.362,0.058429571
13941.566,0.056408651
13943.77,0.064845294
13945.974,0.074153444
13948.178,0.076489963
13950.383,0.064883174
13952.587,0.072448545
13954.792,0.068684987
13956.997,0.049235202
13959.202,0.03850006
13961.408,0.053037297
13963.613,0.057117064
13965.819,0.042024764
13968.025,0.055690682
13970.231,0.044955774
13972.437,0.04729281
13974.643,0.05573011
13976.85,0.044995343
13979.056,0.059532955
13981.263,0.02701179
13983.47,0.017148624
13985.678,0.016000102
13987.885,0.021823304
13990.093,0.048561586
13992.3,0.028241091
13994.508,0.01924962
13996.716,0.015486953
13998.925,-0.004833401
14001.133,0.034977011
14003.342,0.026857186
14005.551,0.037909522
14007.76,0.031532711
14009.969,0.019927189
14012.178,0.042308641
14014.388,0.042903648
14016.597,0.046113081
14018.807,0.05367986
14021.017,0.032488515
14023.227,0.062713339
14025.438,0.058951282
14027.648,0.036888619
14029.859,0.035741035
14032.07,0.018035764
14034.281,0.009916596
14036.492,0.019226669
14038.704,0.02592241
14040.915,0.02564652
14043.127,0.011427322
14045.339,0.011151526
14047.551,0.015233076
14049.763,0.021057592
14051.976,0.026010695
14054.189,0.0449072
14056.401,0.047246017
14058.614,0.030412769
14060.827,0.038851898
14063.041,0.015918525
14065.254,0.0078000143
14067.468,0.024082422
14069.682,-0.0058224879
14071.896,0.011331473
14074.11,-0.0046299876
14076.324,-0.013619724
14078.539,0.0026629181
14080.754,-0.011555482
14082.969,0.0064701727
14085.184,0.0088096002
14087.399,-0.0019228208
14089.614,0.016102975
14091.83,0.00014188971
14094.046,0.012939021
14096.262,0.0039497072
14098.478,-0.012011237
14100.694,0.0042718736
14102.911,-0.0099460579
14105.127,-0.0093491276
14107.344,-0.0035233922
14109.561,0.0040453095
14111.778,0.015099897
14113.996,0.026154531
14116.213,0.04330943
14118.431,0.053492699
14120.649,0.058447256
14122.867,0.057301642
14125.085,0.054413155
14127.303,0.048910337
14129.522,0.035564428
14131.741,0.034419002
14133.96,0.0045154527
14136.179,-0.0053444766
14138.398,0.0022248349
14140.617,-0.025935654
14142.837,0.00080586434
14145.057,-0.0055680386
14147.277,-0.0014843783
14149.497,0.011313926
14151.717,-0.0011600541
14153.938,0.020352941
14156.158,0.013979272
14158.379,-0.00023748629
14160.6,0.014303972
14162.821,-0.0042699916
14165.043,0.0041713425
14167.264,-0.0056879301
14169.486,-0.021647374
14171.708,-0.012334439
14173.93,-0.023936491
14176.152,-0.012009083
14178.374,-0.015767903
14180.597,-0.014297918
14182.82,-0.0058562092
14185.043,-0.01427253
14187.266,0.0034549643
14189.489,0.0011389086
14191.712,0.0084089329
14193.936,-7.2940232e-006
14196.16,0.0029054785
14198.384,0.020633089
14200.608,0.010474013
14202.832,0.0029293394
14205.057,0.010199504
14207.281,-0.0069311797
14209.506,0.021254064
14211.731,-0.0028482502
14213.956,6.4709369e-005
14216.182,0.00036331318
14218.407,-0.02635331
14220.633,0.0070608088
14222.859,0.024788677
14225.085,0.020730075
14227.311,0.041943829
14229.537,0.018713161
14231.764,0.031212364
14233.991,0.051554728
14236.218,0.034424348
14238.445,0.062609896
14240.672,0.044608103
14242.9,0.021377576
14245.127,0.039105677
14247.355,0.021975415
14249.583,0.022274369
14251.811,0.024316266
14254.039,0.005443154
14256.268,0.034500348
14258.497,0.026956259
14260.725,0.022026572
14262.954,0.031040264
14265.184,0.023496245
14267.413,0.026409765
14269.642,0.040652285
14271.872,0.04966607
14274.102,0.056065499
14276.332,0.037192621
14278.562,0.046206476
14280.793,0.031690943
14283.023,0.029375869
14285.254,0.035775415
14287.485,0.047403743
14289.716,0.052931876
14291.947,0.055845654
14294.179,0.049173398
14296.41,0.044244085
14298.642,0.029728739
14300.874,0.050071804
14303.106,0.059085916
14305.339,0.035856043
14307.571,0.043127283
14309.804,0.032097892
14312.037,0.03414042
14314.27,0.053612166
14316.503,0.043454305
14318.736,0.059440259
14320.97,0.055382663
14323.204,0.05045363
14325.437,0.070796952
14327.672,0.050181692
14329.906,0.047867109
14332.14,0.039452331
14334.375,0.023194439
14336.61,0.033951822
14338.844,0.018565436
14341.08,0.019736809
14343.315,0.020036745
14345.55,0.021208164
14347.786,0.018022308
14350.022,0.013965016
14352.258,0.016879425
14354.494,0.029379913
14356.73,0.048852103
14358.967,0.062224098
14361.203,0.057295463
14363.44,0.05585269
14365.677,0.048309722
14367.914,0.038152399
14370.152,0.051524511
14372.389,0.035267017
14374.627,0.028595603
14376.865,0.016695454
14379.103,0.0030524085
14381.341,0.014681718
14383.58,0.013239155
14385.818,0.0048249385
14388.057,0.019940157
14390.296,-0.0041602877
14392.535,0.010083518
14394.774,-0.0079166622
14397.014,-0.014587843
14399.254,-0.015158782
14401.493,-0.034901811
14403.733,-0.025015187
14405.974,-0.023843137
14408.214,-0.035749305
14410.454,-0.017154361
14412.695,-0.028189023
14414.936,-7.9760073e-006
14417.177,0.013358279
14419.418,0.010166823
14421.66,0.019175825
14423.901,0.010755656
14426.143,0.013664486
14428.385,0.030516694
14430.627,0.022968054
14432.869,0.019776734
14435.111,0.017456898
14437.354,-0.016235465
14439.597,0.017174592
14441.84,0.0026543883
14444.083,0.0064348611
14446.326,0.018058494
14448.57,0.0026668994
14450.813,0.0038330618
14453.057,0.0032563276
14455.301,-0.0095208193
14457.545,0.016917743
14459.79,-0.015031472
14462.034,7.8160224e-005
14464.279,-0.0022413789
14466.524,-0.01937571
14468.769,-0.015594985
14471.014,0.0012576574
14473.259,-0.00019033054
14475.505,0.01230506
14477.751,0.017828795
14479.997,0.0033089803
14482.243,0.023647576
14484.489,0.017842404
14486.735,0.024237691
14488.982,0.035861759
14491.229,0.020470599
14493.476,0.024251575
14495.723,0.015832138
14497.97,0.0056698049
14500.218,0.032108802
14502.465,0.024560894
14504.713,0.034442202
14506.961,0.046937912
14509.209,0.037647153
14511.458,0.046657071
14513.706,0.062638688
14515.955,0.054219458
14518.204,0.071072581
14520.453,0.058296098
14522.702,0.032447742
14524.951,0.039714877
14527.201,0.018223865
14529.451,0.029848345
14531.701,0.023172193
14533.951,0.026953581
14536.201,0.031606452
14538.451,0.0066297158
14540.702,0.019997229
14542.953,0.01854995
14545.204,0.015359775
14547.455,0.030470277
14549.706,0.016822631
14551.958,0.028447339
14554.209,0.014799739
14556.461,0.028167413
14558.713,0.047635327
14560.965,0.058388667
14563.218,0.091799982
14565.47,0.086867094
14567.723,0.10894948
14569.976,0.11534561
14572.229,0.11041279
14574.482,0.12988087
14576.735,0.12407663
14578.989,0.13831599
14581.243,0.1368691
14583.497,0.1188645
14585.751,0.11916058
14588.005,0.095055806
14590.26,0.10580944
14592.514,0.12353478
14594.769,0.101173
14597.024,0.12412714
14599.279,0.09915102
14601.534,0.10031871
14603.79,0.13111606
14606.046,0.11485461
14608.301,0.13432303
14610.557,0.13549081
14612.814,0.12358673
14615.07,0.14479813
14617.326,0.11633636
14619.583,0.14626241
14621.84,0.15178761
14624.097,0.13378342
14626.354,0.17068121
14628.612,0.15964875
14630.869,0.16953134
14633.127,0.17941395
14635.385,0.16838155
14637.643,0.19482195
14639.901,0.1794323
14642.16,0.17885748
14644.418,0.18699729
14646.677,0.18642252
14648.936,0.1832334
14651.195,0.18527306
14653.455,0.17424085
14655.714,0.17889493
14657.974,0.1669913
14660.234,0.17077397
14662.494,0.16322769
14664.754,0.1582958
14667.014,0.16033562
14669.275,0.1658613
14671.536,0.15831511
14673.796,0.17429835
14676.058,0.17198096
14678.319,0.17227798
14680.58,0.16996064
14682.842,0.1615431
14685.104,0.15360092
14687.365,0.14320284
14689.628,0.12353562
14691.89,0.11812867
14694.152,0.1212779
14696.415,0.099471705
14698.678,0.099055912
14700.941,0.10149219
14703.204,0.07968607
14705.467,0.084261433
14707.731,0.07742862
14709.994,0.086282103
14712.258,0.082301385
14714.522,0.076894665
14716.786,0.08360918
14719.051,0.075350455
14721.315,0.082065016
14723.58,0.082362487
14725.845,0.058417557
14728.11,0.073688336
14730.375,0.071846838
14732.641,0.063588251
14734.906,0.068163911
14737.172,0.054914283
14739.438,0.068046138
14741.704,0.061213668
14743.97,0.046538083
14746.237,0.05182687
14748.504,0.040716393
14750.77,0.054561376
14753.037,0.052007095
14755.304,0.041609699
14757.572,0.064723913
14759.839,0.044344388
14762.107,0.061754548
14764.375,0.059200381
14766.643,0.047377074
14768.911,0.060509228
14771.179,0.055816092
14773.448,0.058966116
14775.717,0.067107251
14777.986,0.058136109
14780.255,0.066277289
14782.524,0.045897993
14784.793,0.03407487
14787.063,0.042929132
14789.333,0.025401954
14791.603,0.027126137
14793.873,0.023859255
14796.143,0.017027333
14798.414,0.015186522
14800.684,0.001937534
14802.955,0.0058008684
14805.226,0.0011080758
14807.497,0.0049714559
14809.769,0.025234146
14812.04,0.0048551474
14814.312,0.027969933
14816.584,0.03325943
14818.856,0.029279787
14821.128,0.031717279
14823.4,0.039145882
14825.673,0.052278607
14827.946,0.042594956
14830.219,0.049310615
14832.492,0.043192072
14834.765,0.023526315
14837.038,0.041650242
14839.312,0.023410555
14841.586,0.023709216
14843.86,0.024720912
14846.134,0.020028532
14848.408,0.0089190615
14850.683,-0.0078944856
14852.957,0.00024742695
14855.232,-0.0044448622
14857.507,-0.0091371286
14859.782,0.0089870273
14862.058,-0.0049743555
14864.333,0.002454659
14866.609,0.0027535715
14868.885,-0.0055036428
14871.161,0.00049941534
14873.437,-0.00062762843
14875.713,-0.0046066992
14877.99,-0.0028816473
14880.267,-0.011138747
14882.543,-0.0044225622
14884.821,-0.011966604
14887.098,-0.011667485
14889.375,-0.011368344
14891.653,-0.01677328
14893.931,-0.014335055
14896.209,-0.019739945
14898.487,0.0019496622
14900.765,0.01151808
14903.044,0.023938571
14905.322,0.030654985
14907.601,0.024537197
14909.88,0.021984494
14912.159,0.018718802
14914.439,0.022583257
14916.718,0.029299785
14918.998,0.01961705
14921.278,0.024907599
14923.558,0.015937921
14925.838,0.013385378
14928.118,0.0086938214
14930.399,0.0047152997
14932.68,0.01499705
14934.961,0.025991837
14937.242,0.031282546
14939.523,0.022313028
14941.804,0.021186671
14944.086,0.045015773
14946.368,0.043889461
14948.65,0.032780998
14950.932,0.025950632
14953.214,0.022685352
14955.497,0.028689257
14957.779,0.025424022
14960.062,0.021445798
14962.345,0.023171696
14964.628,0.033453767
14966.912,0.030901637
14969.195,0.026923504
14971.479,0.025084431
14973.763,0.030375507
14976.047,0.042796729
14978.331,0.035966638
14980.616,0.039118745
14982.9,0.039418824
14985.185,0.040431939
14987.47,0.032888927
14989.755,0.018928825
14992.04,0.023507071
14994.326,0.014538103
14996.611,0.017690369
14998.897,0.010860484
15001.183,0.018290871
15003.469,0.020730194
15005.756,0.018891465
15008.042,0.034878071
15010.329,0.021631187
15012.616,0.029061689
15014.903,0.041483301
15017.19,0.036079624
15019.477,0.035667057
15021.765,0.024559325
15024.052,0.037694041
15026.34,0.031577443
15028.628,0.03473003
15030.917,0.034317577
15033.205,0.02606201
15035.494,0.042761903
15037.782,0.044488557
15040.071,0.05120632
15042.36,0.060776157
15044.65,0.063215891
15046.939,0.083480961
15049.229,0.082355679
15051.519,0.088360544
15053.809,0.1036346
15056.099,0.11106553
15058.389,0.11207938
15060.68,0.10239806
15062.97,0.10555099
15065.261,0.095869719
15067.552,0.09759667
15069.843,0.10217569
15072.135,0.093920516
15074.426,0.095647536
15076.718,0.095235541
15079.01,0.097675618
15081.302,0.095837644
15083.594,0.10326886
15085.887,0.1228213
15088.179,0.1323916
15090.472,0.13055371
15092.765,0.14012405
15095.058,0.14541634
15097.351,0.14643058
15099.645,0.16027906
15101.938,0.15701527
15104.232,0.15517752
15106.526,0.16403499
15108.82,0.145798
15111.115,0.14681237
15113.409,0.12643639
15115.704,0.1438501
15117.999,0.15484672
15120.294,0.14801804
15122.589,0.17113592
15124.884,0.15218608
15127.18,0.15605266
15129.476,0.15207613
15131.771,0.14596059
15134.068,0.17193062
15136.364,0.15583295
15138.66,0.17681195
15140.957,0.17782662
15143.254,0.18026734
15145.551,0.18912519
15147.848,0.17302763
15150.145,0.18972867
15152.442,0.18717839
15154.74,0.19318428
15157.038,0.20632033
15159.336,0.20091807
15161.634,0.21761922
15163.932,0.21934713
15166.231,0.21679699
15168.53,0.19927361
15170.828,0.21098377
15173.128,0.21342478
15175.427,0.21301377
15177.726,0.21188977
15180.026,0.20720073
15182.325,0.21391991
15184.625,0.2028138
15186.925,0.21024605
15189.226,0.22694747
15191.526,0.22582361
15193.827,0.24751617
15196.127,0.22928005
15198.428,0.23956445
15200.73,0.23772767
15203.031,0.25157718
15205.332,0.26542672
15207.634,0.25503385
15209.936,0.28813477
15212.238,0.28558509
15214.54,0.26877518
15216.842,0.2754947
15219.145,0.25725882
15221.448,0.28251671
15223.75,0.26570689
15226.053,0.27884362
15228.357,0.26987699
15230.66,0.26304941
15232.964,0.27903826
15235.267,0.25082036
15237.571,0.26680925
15239.875,0.25926876
15242.18,0.25386732
15244.484,0.26985628
15246.789,0.26017682
15249.093,0.26832269
15251.398,0.25793026
15253.704,0.26393714
15256.009,0.27137007
15258.314,0.25384758
15260.62,0.26270658
15262.926,0.24803619
15265.232,0.24691305
15267.538,0.2657543
15269.844,0.25179698
15272.151,0.25566501
15274.458,0.26095908
15276.764,0.25698402
15279.072,0.2772514
15281.379,0.25331202
15283.686,0.26074523
15285.994,0.25320519
15288.301,0.24067409
15290.609,0.27306279
15292.917,0.23985437
15295.226,0.24015757
15297.534,0.22905258
15299.843,0.21224352
15302.152,0.22324196
15304.461,0.18789462
15306.77,0.21457939
15309.079,0.20989163
15311.388,0.20662992
15313.698,0.22547162
15316.008,0.17871619
15318.318,0.1897148
15320.628,0.18431414
15322.939,0.1782005
15325.249,0.19490327
15327.56,0.17666846
15329.871,0.19051923
15332.182,0.16586735
15334.493,0.14977164
15336.804,0.16718754
15339.116,0.14110971
15341.428,0.15282156
15343.74,0.15241222
15346.052,0.14273374
15348.364,0.14945457
15350.676,0.14619324
15352.989,0.14150592
15355.302,0.15963502
15357.615,0.1528087
15359.928,0.15739061
15362.241,0.14771229
15364.555,0.15443328
15366.868,0.14404199
15369.182,0.13578976
15371.496,0.13823275
15373.811,0.14495383
15376.125,0.13741468
15378.439,0.14413581
15380.754,0.11805839
15383.069,0.11764943
15385.384,0.11438845
15387.699,0.10827545
15390.015,0.092893303
15392.33,0.11030975
15394.646,0.09635368
15396.962,0.084536666
15399.278,0.079849799
15401.594,0.06803283
15403.911,0.066911072
15406.227,0.058659211
15408.544,0.060389548
15410.861,0.059267858
15413.178,0.041033892
15415.496,0.049894422
15417.813,0.040929664
15420.131,0.059059402
15422.449,0.070059039
15424.767,0.056103262
15427.085,0.062824869
15429.403,0.054573238
15431.722,0.066998991
15434.041,0.064451505
15436.36,0.066182116
15438.679,0.070764801
15440.998,0.062513283
15443.317,0.067096014
15445.637,0.05242743
15447.957,0.064140331
15450.277,0.064445054
15452.597,0.068314864
15454.917,0.082879883
15457.237,0.070350451
15459.558,0.074933341
15461.879,0.055986843
15464.2,0.066986891
15466.521,0.072995875
15468.842,0.066170658
15471.164,0.075031737
15473.486,0.047529203
15475.807,0.063520453
15478.129,0.055269302
15480.452,0.035609974
15482.774,0.040906106
15485.097,0.041924186
15487.419,0.064332663
15489.742,0.053942588
15492.065,0.052108687
15494.389,0.065961082
15496.712,0.069118314
15499.036,0.08154473
15501.359,0.054042471
15503.683,0.055773746
15506.007,0.066774207
15508.332,0.059236365
15510.656,0.054550597
15512.981,0.040595689
15515.306,0.036622979
15517.631,0.036928366
15519.956,0.02368654
15522.281,0.019713898
15524.607,0.016454292
15526.932,0.011055671
15529.258,0.034177572
15531.584,0.020222847
15533.91,0.017676345
15536.237,0.030103128
15538.563,0.025417634
15540.89,0.040696512
15543.217,0.033872026
15545.544,0.037742751
15547.871,0.047317598
15550.199,0.041206194
15552.526,0.065754348
15554.854,0.046095753
15557.182,0.054957679
15559.51,0.058828541
15561.839,0.046300138
15564.167,0.055875145
15566.496,0.046911851
15568.824,0.053634854
15571.153,0.046810643
15573.483,0.042838505
15575.812,0.045283502
15578.142,0.033468272
15580.471,0.02878319
15582.801,0.027663193
15585.131,0.036525394
15587.461,0.025423268
15589.792,0.020025265
15592.122,0.020331385
15594.453,0.0099423402
15596.784,0.02878683
15599.115,0.0091286689
15601.446,0.02084308
15603.778,0.026140401
15606.109,0.027159671
15608.441,0.034596075
15610.773,0.018503091
15613.105,0.026652554
15615.438,0.036941077
15617.77,0.024413223
15620.103,0.036127817
15622.435,0.0064877103
15624.768,0.014637288
15627.102,0.012804713
15629.435,-0.0018620634
15631.769,0.00557457
15634.102,-0.0090921606
15636.436,-0.010211631
15638.77,-0.0042009541
15641.104,-0.0088854414
15643.439,-0.0064397809
15645.773,-0.0047071101
15648.108,-0.00012236647
15650.443,0.0066014375
15652.778,-0.0052130601
15655.113,0.0029368145
15657.449,-0.011729687
15659.784,-0.0071448292
15662.12,0.0017181265
15664.456,-0.0029661319
15666.792,-0.0035217651
15669.129,0.00091370071
15671.465,-0.0017809465
15673.802,0.0047935803
15676.139,-0.0036051433
15678.476,0.0086735068
15680.813,0.005265894
15683.15,0.0075623929
15685.488,0.011284928
15687.825,0.0050253009
15690.163,0.0080348474
15692.501,-0.0039288564
15694.84,-0.0051973613
15697.178,0.0063683702
15699.517,-0.0041692734
15701.855,0.011674556
15704.194,-0.0038541512
15706.533,-0.00084452253
15708.873,0.0057301802
15711.212,0.00089669511
15713.552,0.001054309
15715.892,0.0047769971
15718.231,0.022759946
15720.572,0.019352533
15722.912,0.013806094
15725.252,0.017528829
15727.593,0.0077043389
15729.934,0.02069626
15732.275,0.015149868
15734.616,0.021724699
15736.958,0.020456406
15739.299,0.026318249
15741.641,0.024336966
15743.983,-0.007590829
15746.325,0.0039751488
15748.667,-0.010127311
15751.009,0.010707853
15753.352,0.013717716
15755.695,0.0053193915
15758.038,0.015459403
15760.381,0.00064398973
15762.724,0.016488125
15765.067,0.0095158719
15767.411,-0.00030841892
15769.755,0.030509013
15772.099,0.021397758
15774.443,0.018703627
15776.787,0.012444446
15779.132,-0.0030838861
15781.477,0.0020651555
15783.821,0.0086402338
15786.166,0.00024206173
15788.512,-0.0031650112
15790.857,0.00055805236
15793.203,0.0014290778
15795.548,0.0044391523
15797.894,-0.011802098
15800.24,0.012598374
15802.586,-0.010772978
15804.933,-0.0041977939
15807.279,0.00023836425
15809.626,-0.024558977
15811.973,-0.0051495337
15814.32,-0.012834552
15816.668,-0.015528472
15819.015,-0.018935392
15821.363,-0.024481339
15823.71,-0.0050718362
15826.058,-0.016321859
15828.407,-0.0019034202
15830.755,-0.0067363068
15833.103,0.0034040803
15835.452,0.0042753169
15837.801,-0.0091136843
15840.15,0.0017397504
15842.499,-0.0031019907
15844.849,0.010594604
15847.198,0.010743972
15849.548,0.0080413015
15851.898,0.0060516546
15854.248,0.0012099688
15856.598,0.0056374564
15858.949,-0.0020562572
15861.299,0.013779452
15863.65,0.028189148
15866.001,0.0062352177
15868.352,0.020644935
15870.703,0.012238265
15873.055,-0.0047245447
15875.406,0.0061201437
15877.758,-0.0058515561
15880.11,0.0021411046
15882.462,0.0072817264
15884.815,0.0017271721
15887.167,0.0018767287
15889.52,-0.0072428658
15891.873,0.0043149126
15894.226,0.0051775149
15896.579,0.0031880784
15898.932,0.027580115
15901.286,0.022025638
15903.64,0.027166359
15905.994,0.043715291
15908.348,0.029604698
15910.702,0.035458465
15913.056,0.036321156
15915.411,0.026488671
15917.766,0.040185609
15920.121,0.032492183
15922.476,0.04547613
15924.831,0.034930677
15927.187,0.029376322
15929.542,0.038082228
15931.898,0.0075724582
15934.254,0.026260561
15936.61,0.0078720254
15938.967,0.012299901
15941.323,0.038118161
15943.68,0.013312547
15946.037,0.01916648
15948.394,-0.0049260997
15950.751,-0.012619381
15953.108,0.0082078471
15955.466,-0.00091143734
15957.824,0.0070815887
15960.181,0.0029534138
15962.54,0.013085499
15964.898,0.019652534
15967.256,-0.010144057
15969.615,-0.0057160381
15971.974,0.010833204
15974.333,0.018826308
15976.692,0.03466256
15979.051,0.022691336
15981.411,0.022841336
15983.77,0.042955696
15986.13,0.036688605
15988.49,0.041829725
15990.85,0.038414707
15993.211,0.052825011
15995.571,0.074365451
15997.932,0.056690216
16000.293,0.067535492
16002.654,0.078380778
16005.015,0.074252814
16007.376,0.082959085
16009.738,0.070988005
16012.1,0.081120323
16014.462,0.08768759
16016.824,0.080707631
16019.186,0.090839982
16021.548,0.081721008
16023.911,0.088288319
16026.274,0.096994679
16028.637,0.10142297
16031,0.11797249
16033.363,0.1102796
16035.727,0.11969902
16038.09,0.12198832
16040.454,0.11215642
16042.818,0.11515876
16045.182,0.12315219
16047.547,0.13542372
16049.911,0.1448432
16052.276,0.13572437
16054.641,0.13302266
16057.006,0.12818193
16059.371,0.12904531
16061.737,0.13703882
16064.102,0.14146728
16066.468,0.15872998
16068.834,0.16601051
16071.2,0.15475273
16073.566,0.15918124
16075.933,0.15790566
16078.299,0.16447322
16080.666,0.16604971
16083.033,0.16905224
16085.4,0.17419381
16087.767,0.18004841
16090.135,0.17520783
16092.503,0.17036726
16094.87,0.18406503
16097.238,0.19277172
16099.607,0.18650517
16101.975,0.18095163
16104.344,0.18252823
16106.712,0.18053978
16109.081,0.17569929
16111.45,0.20294437
16113.819,0.17600052
16116.189,0.18898537
16118.558,0.19840518
16120.928,0.17716546
16123.298,0.18088118
16125.668,0.18103186
16128.039,0.18118254
16130.409,0.19202843
16132.78,0.18290997
16135.15,0.19090383
16137.521,0.1760813
16139.893,0.1912053
16142.264,0.18493894
16144.635,0.18366368
16147.007,0.19593567
16149.379,0.19180838
16151.751,0.18554206
16154.123,0.17642371
16156.495,0.16801838
16158.868,0.17102126
16161.241,0.17259812
16163.614,0.16347981
16165.987,0.16790875
16168.36,0.16948565
16170.733,0.15252424
16173.107,0.14911007
16175.481,0.14355688
16177.855,0.14584684
16180.229,0.16168404
16182.603,0.15898293
16184.978,0.14772568
16187.352,0.14431158
16189.727,0.14588858
16192.102,0.13177932
16194.477,0.12266115
16196.852,0.11710806
16199.228,0.13080632
16201.604,0.12525324
16203.979,0.14251658
16206.355,0.14694571
16208.732,0.14210569
16211.108,0.15794303
16213.485,0.16023316
16215.861,0.16822739
16218.238,0.18049971
16220.615,0.18706794
16222.993,0.19934028
16225.37,0.18737021
16227.748,0.19821655
16230.125,0.17697734
16232.503,0.147895
16234.881,0.16230643
16237.26,0.15247545
16239.638,0.1433575
16242.017,0.14707378
16244.396,0.13011271
16246.775,0.12313382
16249.154,0.12898917
16251.533,0.11773223
16253.913,0.11788351
16256.292,0.11090467
16258.672,0.12959429
16261.052,0.11762438
16263.432,0.1177757
16265.813,0.11721401
16268.193,0.10167908
16270.574,0.10111742
16272.955,0.097703715
16275.336,0.096429063
16277.717,0.10157153
16280.099,0.1002969
16282.48,0.11827362
16284.862,0.10059973
16287.244,0.11287237
16289.626,0.10304163
16292.009,0.10176706
16294.391,0.11475274
16296.774,0.10991313
16299.156,0.11790775
16301.539,0.11592021
16303.923,0.11393267
16306.306,0.1090931
16308.689,0.094984381
16311.073,0.099413995
16313.457,0.091722407
16315.841,0.10185614
16318.225,0.096303615
16320.61,0.096455198
16322.994,0.10088487
16325.379,0.10887961
16327.764,0.10831821
16330.149,0.11346093
16332.534,0.1214557
16334.92,0.1130512
16337.305,0.1267501
16339.691,0.13545792
16342.077,0.13133153
16344.463,0.12934419
16346.849,0.13092192
16349.236,0.12750857
16351.623,0.12979934
16354.009,0.12424697
16356.396,0.11299052
16358.784,0.10886421
16361.171,0.12113719
16363.558,0.12342801
16365.946,0.11431064
16368.334,0.12159257
16370.722,0.1224574
16373.11,0.094801741
16375.499,0.11776998
16377.887,0.10793965
16380.276,0.1187867
16382.665,0.12321664
16385.054,0.11409936
16387.443,0.10712113
16389.833,0.10370797
16392.222,0.10029483
16394.612,0.10044675
16397.002,0.11414593
16399.392,0.12855813
16401.783,0.10803272
16404.173,0.11174976
16406.564,0.096928477
16408.955,0.1042106
16411.346,0.12218791
16413.737,0.13374813
16416.128,0.12890906
16418.52,0.14831244
16420.911,0.14204737
16423.303,0.13578232
16425.695,0.14092548
16428.088,0.15034672
16430.48,0.1497858
16432.872,0.15136393
16435.265,0.15508111
16437.658,0.14810311
16440.051,0.13042993
16442.445,0.13343413
16444.838,0.11219592
16447.232,0.12304327
16449.625,0.12462148
16452.019,0.11265246
16454.414,0.13633407
16456.808,0.11366989
16459.202,0.12166525
16461.597,0.1225305
16463.992,0.10913551
16466.387,0.13281718
16468.782,0.1301174
16471.177,0.13169571
16473.573,0.13826511
16475.969,0.13057428
16478.365,0.15710805
16480.761,0.12660084
16483.157,0.12889221
16485.553,0.12690552
16487.95,0.12705788
16490.347,0.12578423
16492.744,0.12664962
16495.141,0.126089
16497.538,0.12552839
16499.935,0.11641164
16502.333,0.1301113
16504.731,0.11029939
16507.129,0.119721
16509.527,0.12985563
16511.925,0.12929509
16514.324,0.12374347
16516.722,0.1431473
16519.121,0.1318916
16521.52,0.12776604
16523.919,0.13290965
16526.319,0.12094097
16528.718,0.11895448
16531.118,0.1226721
16533.518,0.11569454
16535.918,0.13010737
16538.318,0.12740791
16540.719,0.11971738
16543.119,0.1091748
16545.52,0.10932743
16547.921,0.11803621
16550.322,0.11034572
16552.723,0.12261959
16555.125,0.1135031
16557.526,0.12149891
16559.928,0.12022558
16562.33,0.11610021
16564.732,0.11054882
16567.135,0.11355359
16569.537,0.12440152
16571.94,0.11243305
16574.343,0.11900292
16576.746,0.12200774
16579.149,0.11503039
16581.552,0.12587837
16583.956,0.11818803
16586.36,0.12761001
16588.764,0.12134572
16591.168,0.12577663
16593.572,0.12379043
16595.976,0.1018399
16598.381,0.095849895
16600.786,0.099622683
16603.191,0.088915845
16605.596,0.082432245
16608.001,0.086808384
16610.407,0.077308215
16612.812,0.070824649
16615.218,0.076407458
16617.624,0.075353778
16620.03,0.082143246
16622.436,0.083502861
16624.843,0.081242577
16627.25,0.095271898
16629.657,0.088788408
16632.064,0.091958022
16634.471,0.098747557
16636.878,0.096487329
16639.286,0.093623793
16641.693,0.09377686
16644.101,0.10780626
16646.509,0.094686346
16648.918,0.082773081
16651.326,0.075686373
16653.735,0.070409631
16656.143,0.09288554
16658.552,0.074939137
16660.962,0.075695611
16663.371,0.08188196
16665.78,0.066952181
16668.19,0.083394963
16670.6,0.071481798
16673.01,0.080684782
16675.42,0.074804822
16677.83,0.071941464
16680.241,0.088987619
16682.652,0.087934238
16685.062,0.097137278
16687.473,0.090654054
16689.885,0.096840525
16692.296,0.10061373
16694.708,0.095337181
16697.119,0.10574691
16699.531,0.093230562
16701.943,0.11148345
16704.356,0.096553852
16706.768,0.091277354
16709.181,0.093844004
16711.593,0.086154255
16714.006,0.092340836
16716.419,0.088874337
16718.833,0.089027758
16721.246,0.090387827
16723.66,0.090541271
16726.074,0.084058225
16728.488,0.080591781
16730.902,0.066265619
16733.316,0.066419107
16735.731,0.079845608
16738.145,0.073965935
16740.56,0.086185821
16742.975,0.080306171
16745.391,0.082269669
16747.806,0.076993358
16750.222,0.059047376
16752.637,0.068250726
16755.053,0.059957858
16757.469,0.05890482
16759.886,0.068108204
16762.302,0.077914916
16764.719,0.075051957
16767.135,0.077618873
16769.552,0.081392436
16771.97,0.071289691
16774.387,0.076269913
16776.804,0.075820282
16779.222,0.079593889
16781.64,0.09664051
16784.058,0.094984275
16786.476,0.089708142
16788.894,0.097101704
16791.313,0.083379138
16793.732,0.083532902
16796.151,0.085496633
16798.57,0.082633828
16800.989,0.088820808
16803.408,0.096214436
16805.828,0.092145029
16808.248,0.07480263
16810.667,0.084609565
16813.088,0.075110326
16815.508,0.079487418
16817.928,0.098947477
16820.349,0.089448272
16822.77,0.10951167
16825.191,0.11931867
16827.612,0.10740623
16830.033,0.10152697
16832.455,0.10349087
16834.876,0.086148595
16837.298,0.10138552
16839.72,0.11058926
16842.142,0.10471007
16844.565,0.11512047
16846.987,0.099588209
16849.41,0.093709046
16851.833,0.090243166
16854.256,0.084364025
16856.679,0.086328033
16859.102,0.082258869
16861.526,0.090859399
16863.95,0.077137165
16866.374,0.084531081
16868.798,0.085288507
16871.222,0.078202807
16873.647,0.081976846
16876.071,0.07428785
16878.496,0.074442002
16880.921,0.073389529
16883.346,0.081990159
16885.771,0.077317798
16888.197,0.068422221
16890.623,0.088485931
16893.048,0.078987058
16895.475,0.093017607
16897.901,0.10282494
16900.327,0.092722781
16902.754,0.095893636
16905.18,0.089411409
16907.607,0.083532511
16910.034,0.086703399
16912.462,0.096510798
16914.889,0.11114475
16917.317,0.1052659
16919.744,0.1205032
16922.172,0.10557459
16924.6,0.10572896
16927.029,0.11975965
16929.457,0.10845099
16931.886,0.1158452
16934.315,0.12082616
16936.744,0.12399716
16939.173,0.134408
16941.602,0.13094253
16944.032,0.1250638
16946.461,0.12039172
16948.891,0.11813292
16951.321,0.11889072
16953.751,0.12387176
16956.182,0.12221632
16958.612,0.10909783
16961.043,0.11226895
16963.474,0.096737217
16965.905,0.10714818
16968.336,0.11755915
16970.768,0.11469713
16973.199,0.12691808
16975.631,0.13008927
16978.063,0.13265715
16980.495,0.13703499
16982.927,0.12270998
16985.36,0.11924471
16987.792,0.13267236
16990.225,0.12498389
16992.658,0.12815515
16995.091,0.14278947
16997.525,0.13329108
16999.958,0.12620596
17002.392,0.1203275
17004.826,0.12711873
17007.26,0.12305024
17009.694,0.1201884
17012.128,0.1281863
17014.563,0.12894439
17016.998,0.13271908
17019.433,0.12623737
17021.868,0.13906186
17024.303,0.11991049
17026.738,0.12790846
17029.174,0.13831971
17031.61,0.12037501
17034.046,0.12957965
17036.482,0.11947811
17038.918,0.12204626
17041.355,0.12159784
17043.791,0.11209965
17046.228,0.13337071
17048.665,0.12025263
17051.102,0.13066398
17053.539,0.13081893
17055.977,0.15148671
17058.415,0.14440187
17060.853,0.13792035
17063.291,0.16401803
17065.729,0.15934648
17068.167,0.16070814
17070.606,0.17051626
17073.045,0.15981157
17075.483,0.17384293
17077.922,0.15227854
17080.362,0.16389666
17082.801,0.16767165
17085.241,0.16239688
17087.681,0.16677521
17090.121,0.17296351
17092.561,0.15682904
17095.001,0.16120741
17097.441,0.16196587
17099.882,0.1609144
17102.323,0.15744966
17104.764,0.16363802
17107.205,0.15715672
17109.646,0.18144465
17112.088,0.18521977
17114.53,0.18718496
17116.972,0.1843236
17119.414,0.17603239
17121.856,0.17679097
17124.298,0.19021924
17126.741,0.18253139
17129.184,0.18932318
17131.626,0.19671831
17134.07,0.19808026
17136.513,0.20668204
17138.956,0.20864733
17141.4,0.20337281
17143.844,0.21680118
17146.288,0.19584041
17148.732,0.20685552
17151.176,0.22088723
17153.621,0.22767913
17156.065,0.24774405
17158.51,0.24669284
17160.955,0.25650137
17163.4,0.25786345
17165.846,0.25560564
17168.291,0.25576111
17170.737,0.27160286
17173.183,0.26391522
17175.629,0.26045081
17178.075,0.26844946
17180.521,0.26498508
17182.968,0.28022357
17185.415,0.27374262
17187.862,0.26726168
17190.309,0.27526038
17192.756,0.26515955
17195.203,0.27315828
17197.651,0.27753711
17200.099,0.29217237
17202.547,0.29293131
17204.995,0.30696326
17207.443,0.32280519
17209.892,0.31873762
17212.34,0.34543929
17214.789,0.32206556
17217.238,0.32161793
17219.687,0.33685659
17222.137,0.32735921
17224.586,0.34742444
17227.036,0.35240672
17229.486,0.36764542
17231.936,0.36900782
17234.386,0.36252709
17236.837,0.370526
17239.287,0.36163202
17241.738,0.37807742
17244.189,0.35772041
17246.64,0.38019901
17249.091,0.38819798
17251.543,0.38292396
17253.994,0.402386
17256.446,0.40193855
17258.898,0.40269775
17261.35,0.3980271
17263.803,0.39456309
17266.255,0.4110086
17268.708,0.39668488
17271.161,0.39141095
17273.614,0.39941004
17276.067,0.40499586
17278.52,0.41118501
17280.974,0.41194431
17283.427,0.40787707
17285.881,0.42673594
17288.335,0.43292513
17290.79,0.44213093
17293.244,0.44771683
17295.699,0.44968283
17298.153,0.45164884
17300.608,0.46990445
17303.063,0.48936672
17305.519,0.4925394
17307.974,0.49872868
17310.43,0.50310802
17312.886,0.50024755
17315.342,0.52272646
17317.798,0.50538638
17320.254,0.50735249
17322.711,0.51897171
17325.167,0.51912788
17327.624,0.5397969
17330.081,0.53090332
17332.538,0.54071263
17334.996,0.54026553
17337.453,0.53740517
17339.911,0.55385101
17342.369,0.53289113
17344.827,0.55657681
17347.285,0.54527004
17349.744,0.53939315
17352.202,0.55221913
17354.661,0.51617635
17357.12,0.51814262
17359.579,0.51407573
17362.038,0.5118188
17364.498,0.51921498
17366.957,0.51514812
17369.417,0.51711445
17371.877,0.50098125
17374.337,0.51199737
17376.798,0.50793056
17379.258,0.49903721
17381.719,0.48954055
17384.18,0.47763063
17386.641,0.48744017
17389.102,0.49724973
17391.563,0.48533985
17394.025,0.49032288
17396.487,0.4778097
17398.949,0.46348657
17401.411,0.45881655
17403.873,0.46017972
17406.335,0.4518898
17408.798,0.453253
17411.261,0.45642615
17413.724,0.47347564
17416.187,0.47121896
17418.65,0.46715233
17421.114,0.46368903
17423.577,0.46324233
17426.041,0.46400228
17428.505,0.45390252
17430.969,0.46974545
17433.434,0.46990211
17435.898,0.47066211
17438.363,0.48228184
17440.828,0.47157881
17443.293,0.47656207
17445.758,0.47430552
17448.223,0.4563627
17450.689,0.47220572
17453.155,0.45607288
17455.62,0.45321306
17458.087,0.44613001
17460.553,0.44508017
17463.019,0.44523696
17465.486,0.43875727
17467.953,0.43348423
17470.42,0.42760788
17472.887,0.42776472
17475.354,0.41585521
17477.822,0.42506185
17480.289,0.43125191
17482.757,0.41994575
17485.225,0.42251592
17487.693,0.41784629
17490.162,0.4342928
17492.63,0.42479664
17495.099,0.42857349
17497.568,0.4305404
17500.037,0.42888741
17502.506,0.44050743
17504.975,0.42558146
17507.445,0.43297828
17509.915,0.41925897
17512.384,0.42846576
17514.855,0.43706925
17517.325,0.43601966
17519.795,0.44160658
17522.266,0.42849064
17524.737,0.42744108
17527.208,0.40768866
17529.679,0.41508558
17532.15,0.41524269
17534.622,0.39911021
17537.093,0.4143503
17539.565,0.41088753
17542.037,0.41587123
17544.509,0.4093919
17546.982,0.40110262
17549.454,0.39401998
17551.927,0.3815075
17554.4,0.38709457
17556.873,0.3908717
17559.346,0.39404552
17561.819,0.38937622
17564.293,0.39255006
17566.767,0.39572392
17569.241,0.38502146
17571.715,0.38095552
17574.189,0.36663318
17576.663,0.36317058
17579.138,0.36272458
17581.613,0.37132837
17584.088,0.38596535
17586.563,0.37345302
17589.038,0.38628006
17591.514,0.37437107
17593.989,0.38719814
17596.465,0.38554558
17598.941,0.38087645
17601.417,0.39430687
17603.894,0.39265434
17606.37,0.40608478
17608.847,0.40382896
17611.324,0.40036652
17613.801,0.39811072
17616.278,0.38077197
17618.756,0.38696265
17621.233,0.37324384
17623.711,0.38667436
17626.189,0.38441862
17628.667,0.37250979
17631.145,0.37870053
17633.624,0.37523818
17636.102,0.3735858
17638.581,0.36529693
17641.06,0.37209103
17643.539,0.371042
17646.019,0.37783612
17648.498,0.38161366
17650.978,0.37996134
17653.458,0.38072231
17655.938,0.37665675
17658.418,0.37500446
17660.898,0.36611238
17663.379,0.36988998
17665.859,0.36160123
17668.34,0.36296559
17670.821,0.37880959
17673.303,0.36207442
17675.784,0.37550517
17678.266,0.3581667
17680.747,0.3655643
17683.229,0.3663254
17685.711,0.35864006
17688.194,0.36483105
17690.676,0.34326941
17693.159,0.35911351
17695.642,0.35384149
17698.125,0.34374293
17700.608,0.35838043
17703.091,0.33681884
17705.575,0.34421655
17708.058,0.32868817
17710.542,0.33608589
17713.026,0.34408695
17715.51,0.34002165
17717.995,0.3407829
17720.479,0.33189108
17722.964,0.34351209
17725.449,0.33100038
17727.934,0.32814177
17730.419,0.33734954
17732.905,0.31458145
17735.39,0.32861579
17737.876,0.32877382
17740.362,0.34280818
17742.848,0.34055295
17745.334,0.31657828
17747.821,0.33121599
17750.307,0.33258071
17752.794,0.34058195
17755.281,0.34435996
17757.768,0.35055126
17760.256,0.35312266
17762.743,0.34483434
17765.231,0.35826549
17767.719,0.34575397
17770.207,0.34168892
17772.695,0.33098737
17775.183,0.32390575
17777.672,0.33492368
17780.161,0.31698235
17782.65,0.31110739
17785.139,0.29497604
17787.628,0.28668783
17790.117,0.28744941
17792.607,0.274938
17795.097,0.2756996
17797.587,0.26861808
17800.077,0.27179297
17802.567,0.27376124
17805.058,0.27995275
17807.548,0.27830114
17810.039,0.27483958
17812.53,0.26353489
17815.021,0.27575962
17817.513,0.28134787
17820.004,0.27728304
17822.496,0.27804476
17824.988,0.28001313
17827.48,0.28077488
17829.972,0.26826363
17832.464,0.26842208
17834.957,0.26315067
17837.45,0.24641623
17839.942,0.26829417
17842.436,0.2630228
17844.929,0.26740453
17847.422,0.27057964
17849.916,0.25625853
17852.41,0.26184693
17854.904,0.26381543
17857.398,0.25975077
17859.892,0.26895911
17862.386,0.26730774
17864.881,0.26565637
17867.376,0.26702161
17869.871,0.26356032
17872.366,0.24803267
17874.861,0.25000126
17877.357,0.25136655
17879.853,0.23221902
17882.349,0.24323742
17884.845,0.23434633
17887.341,0.22847184
17889.837,0.22923386
17892.334,0.21913617
17894.831,0.23980771
17897.327,0.23091667
17899.825,0.24314179
17902.322,0.24149059
17904.819,0.23199627
17907.317,0.24180814
17909.815,0.22386739
17912.313,0.23910915
17914.811,0.23745801
17917.309,0.24726992
17919.808,0.25044535
17922.306,0.24698429
17924.805,0.25679624
17927.304,0.23161574
17929.803,0.23720449
17932.303,0.22348706
17934.802,0.22786919
17937.302,0.2310447
17939.802,0.22517044
17942.302,0.24161897
17944.802,0.22548832
17947.302,0.23469705
17949.803,0.22339298
17952.304,0.21993205
17954.805,0.22431427
17957.306,0.21421686
17959.807,0.22402896
17962.308,0.22177472
17964.81,0.22193375
17967.312,0.21605961
17969.814,0.21259876
17972.316,0.21094788
17974.818,0.20688373
17977.321,0.21005941
17979.823,0.21021851
17982.326,0.2061544
17984.829,0.20148698
17987.332,0.19380298
17989.836,0.18732562
17992.339,0.19774119
17994.843,0.19910699
17997.347,0.20529936
17999.851,0.21812823
18002.355,0.21647748
18004.86,0.21000019
18007.364,0.22101914
18009.869,0.21333524
18012.374,0.19660158
18014.879,0.19977742
18017.384,0.1969201
18019.89,0.21276565
18022.395,0.20870172
18024.901,0.20403447
18027.407,0.19454069
18029.913,0.1940967
18032.42,0.19003281
18034.926,0.19381206
18037.433,0.20181456
18039.94,0.18568433
18042.447,0.19248021
18044.954,0.20108606
18047.461,0.20426205
18049.969,0.21166128
18052.476,0.19975434
18054.984,0.21499673
18057.492,0.20248649
18060.001,0.21350568
18062.509,0.19797887
18065.018,0.19089853
18067.526,0.18683479
18070.035,0.17311797
18072.544,0.19077371
18075.054,0.18731333
18077.563,0.19712595
18080.073,0.19788881
18082.583,0.18356873
18085.093,0.19096812
18087.603,0.1778547
18090.113,0.18404747
18092.623,0.17757057
18095.134,0.18798659
18097.645,0.19719599
18100.156,0.19614898
18102.667,0.20837499
18105.179,0.18681519
18107.69,0.194818
18110.202,0.17627481
18112.714,0.16919468
18115.226,0.18021411
18117.738,0.16348091
18120.251,0.16183067
18122.763,0.165007
18125.276,0.15973688
18127.789,0.15627673
18130.302,0.14799004
18132.815,0.14211663
18135.329,0.14589633
18137.842,0.14605613
18140.356,0.14018276
18142.87,0.15059899
18145.384,0.14774223
18147.899,0.14669544
18150.413,0.15168184
18152.928,0.15425498
18155.443,0.15320822
18157.958,0.15336811
18160.473,0.16076783
18162.988,0.15911778
18165.504,0.17074075
18168.02,0.15581773
18170.535,0.14934117
18173.052,0.15493099
18175.568,0.14845446
18178.084,0.15283766
18180.601,0.15179101
18183.118,0.15255433
18185.635,0.1581442
18188.152,0.15589095
18190.669,0.15363771
18193.186,0.1586243
18195.704,0.15576776
18198.222,0.14748137
18200.74,0.15729454
18203.258,0.16047122
18205.776,0.16907778
18208.295,0.16863457
18210.814,0.15974491
18213.332,0.17317805
18215.851,0.16670169
18218.371,0.16625853
18220.89,0.17064192
18223.41,0.16838882
18225.929,0.16311915
18228.449,0.16750257
18230.969,0.1682661
18233.49,0.17023627
18236.01,0.16858655
18238.531,0.16693684
18241.051,0.17373359
18243.572,0.17872041
18246.094,0.17345082
18248.615,0.17421442
18251.136,0.16532495
18253.658,0.17212176
18256.18,0.17167876
18258.702,0.18028555
18261.224,0.18346248
18263.746,0.1793996
18266.269,0.17352679
18268.792,0.18696016
18271.314,0.17988073
18273.837,0.17943781
18276.361,0.17778827
18278.884,0.1719155
18281.408,0.18112571
18283.931,0.19395583
18286.455,0.18265324
18288.979,0.18643361
18291.504,0.17573436
18294.028,0.17348157
18296.553,0.18269184
18299.077,0.1810424
18301.602,0.18180624
18304.128,0.18558668
18306.653,0.17428417
18309.178,0.19073432
18311.704,0.18787829
18314.23,0.18622891
18316.756,0.18095963
18319.282,0.176897
18321.808,0.19093393
18324.335,0.19471446
18326.862,0.20090827
18329.388,0.20770541
18331.915,0.20364284
18334.443,0.19958027
18336.97,0.20275754
18339.498,0.20774477
18342.025,0.19523578
18344.553,0.1923799
18347.081,0.19012735
18349.61,0.19028808
18352.138,0.18863886
18354.667,0.17673325
18357.196,0.19318361
18359.725,0.18188133
18362.254,0.17118239
18364.783,0.18340955
18367.312,0.18598363
18369.842,0.17166481
18372.372,0.17544555
18374.902,0.17982962
18377.432,0.1908502
18379.963,0.19040775
18382.493,0.19358521
18385.024,0.20279587
18387.555,0.20356008
18390.086,0.18320817
18392.617,0.19422882
18395.148,0.21007602
18397.68,0.21446019
18400.212,0.20979459
18402.744,0.22383188
18405.276,0.21494308
18407.808,0.22781397
18410.34,0.22379195
18412.873,0.23231897
18415.406,0.23614012
18417.939,0.24100703
18420.472,0.23384781
18423.005,0.2397605
18425.539,0.24253594
18428.072,0.23955976
18430.606,0.23972084
18433.14,0.24092769
18435.675,0.25206919
18438.209,0.24857017
18440.743,0.26546333
18443.278,0.25464408
18445.813,0.26264837
18448.348,0.27326704
18450.883,0.25669619
18453.419,0.26051751
18455.954,0.2627702
18458.49,0.27600331
18461.026,0.28975929
18463.562,0.28312314
18466.098,0.28694451
18468.635,0.28710576
18471.171,0.27576375
18473.708,0.28690542
18476.245,0.28445232
18478.782,0.28513649
18481.32,0.29732394
18483.857,0.28964212
18486.395,0.29973809
18488.933,0.30774256
18491.471,0.31626993
18494.009,0.31433979
18496.547,0.3113639
18499.086,0.30891091
18501.625,0.31639256
18504.164,0.32701148
18506.703,0.32403565
18509.242,0.32628858
18511.781,0.33011015
18514.321,0.33497748
18516.861,0.34193633
18519.401,0.3462808
18521.941,0.35062529
18524.481,0.34451228
18527.021,0.35094829
18529.562,0.34012942
18532.103,0.35074846
18534.644,0.35613876
18537.185,0.34688854
18539.726,0.34966448
18542.268,0.33832278
18544.81,0.34841901
18547.351,0.36112962
18549.893,0.3466507
18552.436,0.35204108
18554.978,0.3480197
18557.521,0.33406369
18560.063,0.3415456
18562.606,0.34066151
18565.149,0.34186893
18567.693,0.34987375
18570.236,0.3401008
18572.78,0.33503375
18575.323,0.34722161
18577.867,0.35104347
18580.411,0.35800259
18582.956,0.35293558
18585.5,0.34891433
18588.045,0.35901074
18590.59,0.35342089
18593.135,0.35567419
18595.68,0.35740462
18598.225,0.35390631
18600.771,0.34883937
18603.316,0.35004696
18605.862,0.34288855
18608.408,0.35037067
18610.954,0.35523842
18613.501,0.34337416
18616.047,0.34981056
18618.594,0.34840384
18621.141,0.34072262
18623.688,0.34506755
18626.235,0.33529485
18628.783,0.34225418
18631.33,0.33405013
18633.878,0.32741471
18636.426,0.32339369
18638.974,0.33244457
18641.523,0.33103794
18644.071,0.3411346
18646.62,0.33136198
18649.168,0.33466127
18651.717,0.33116319
18654.267,0.32295924
18656.816,0.31946118
18659.366,0.32694352
18661.915,0.33233437
18664.465,0.33092784
18667.015,0.33318146
18669.565,0.34066385
18672.116,0.34239461
18674.666,0.3503999
18677.217,0.34167317
18679.768,0.33712945
18682.319,0.32212824
18684.87,0.32333618
18687.422,0.3187925
18689.973,0.31790896
18692.525,0.31493393
18695.077,0.3187563
18697.629,0.31002966
18700.182,0.3018259
18702.734,0.29989667
18705.287,0.29221581
18707.839,0.28348921
18710.393,0.28469727
18712.946,0.27074193
18715.499,0.27770164
18718.053,0.2752496
18720.606,0.28377796
18723.16,0.28028019
18725.714,0.28619419
18728.268,0.28635657
18730.823,0.29017909
18733.377,0.28720424
18735.932,0.2842294
18738.487,0.28125457
18741.042,0.28298563
18743.597,0.28523958
18746.153,0.2906308
18748.708,0.28661026
18751.264,0.29095574
18753.82,0.28432085
18756.376,0.28239185
18758.933,0.27366547
18761.489,0.27173649
18764.046,0.26457877
18766.603,0.26683282
18769.16,0.25078622
18771.717,0.24885729
18774.274,0.25111137
18776.832,0.23924782
18779.389,0.23627316
18781.947,0.22440963
18784.505,0.21882062
18787.064,0.22002901
18789.622,0.21548577
18792.181,0.21669418
18794.739,0.22365423
18797.298,0.23009142
18799.857,0.23391424
18802.417,0.23146256
18804.976,0.22482789
18807.536,0.23021937
18810.096,0.23874812
18812.655,0.23420498
18815.216,0.23645924
18817.776,0.24132789
18820.336,0.24044492
18822.897,0.2364247
18825.458,0.23920188
18828.019,0.23204443
18830.58,0.22279549
18833.142,0.21302368
18835.703,0.2074349
18838.265,0.20498337
18840.827,0.19939461
18843.389,0.19851173
18845.951,0.2033805
18848.513,0.18733425
18851.076,0.19586318
18853.639,0.20543787
18856.202,0.18782302
18858.765,0.19007747
18861.328,0.18553454
18863.892,0.18099163
18866.455,0.18899774
18869.019,0.19334374
18871.583,0.18932373
18874.147,0.1905325
18876.711,0.18860401
18879.276,0.18301541
18881.841,0.18160983
18884.405,0.17968138
18886.97,0.19187059
18889.536,0.18785066
18892.101,0.18017062
18894.667,0.19654287
18897.232,0.19356872
18899.798,0.18745733
18902.364,0.18709759
18904.93,0.18098622
18907.497,0.1764435
18910.063,0.17974392
18912.63,0.18670448
18915.197,0.18007028
18917.764,0.18023348
18920.332,0.18353395
18922.899,0.17533116
18925.467,0.16921988
18928.035,0.16729162
18930.602,0.16170324
18933.171,0.155592
18935.739,0.15157227
18938.307,0.16271595
18940.876,0.16706225
18943.445,0.16983994
18946.014,0.17104902
18948.583,0.15814045
18951.153,0.14680053
18953.722,0.15166977
18956.292,0.14869588
18958.862,0.15983964
18961.432,0.1521599
18964.002,0.14761741
18966.573,0.1524867
18969.143,0.15160437
18971.714,0.15751944
18974.285,0.15402275
18976.856,0.14895745
18979.427,0.14389215
18981.999,0.13934975
18984.57,0.13637598
18987.142,0.14595124
18989.714,0.14402325
18992.286,0.15098416
18994.859,0.15533069
18997.431,0.14399097
19000.004,0.15722642
19002.577,0.14222658
19005.15,0.14186728
19007.723,0.13680211
19010.296,0.1306912
19012.87,0.13242344
19015.444,0.1294498
19018.018,0.13484219
19020.592,0.13291433
19023.166,0.12366622
19025.74,0.11755538
19028.315,0.12294781
19030.89,0.10428797
19033.465,0.1143863
19036.04,0.12030165
19038.615,0.1068706
19041.191,0.12690361
19043.766,0.1108582
19046.342,0.1230481
19048.918,0.11902885
19051.494,0.12076126
19054.071,0.13138256
19056.647,0.11795159
19059.224,0.12125265
19061.801,0.12873673
19064.378,0.13360644
19066.955,0.12801865
19069.532,0.1391629
19072.11,0.12311761
19074.688,0.11491547
19077.266,0.12815125
19079.844,0.11262888
19082.422,0.12220455
19085,0.1087737
19087.579,0.11207488
19090.158,0.11746758
19092.737,0.098285128
19095.316,0.10942948
19097.895,0.10279607
19100.475,0.10609731
19103.054,0.0999868
19105.634,0.099627932
19108.214,0.10292921
19110.794,0.10413899
19113.375,0.1048259
19115.955,0.10289845
19118.536,0.11561154
19121.117,0.11316123
19123.698,0.12064558
19126.279,0.11453516
19128.86,0.10633326
19131.442,0.11695489
19134.024,0.11502752
19136.606,0.12878643
19139.188,0.12058457
19141.77,0.13329775
19144.352,0.13712206
19146.935,0.12369147
19149.518,0.12333279
19152.101,0.12088262
19154.684,0.11477233
19157.267,0.11232218
19159.851,0.1151008
19162.434,0.10323891
19165.018,0.10810905
19167.602,0.10461319
19170.186,0.1042546
19172.771,0.10546465
19175.355,0.092557061
19177.94,0.10683903
19180.525,0.1038661
19183.11,0.094618675
19185.695,0.10471767
19188.281,0.10279053
19190.866,0.1008634
19193.452,0.10677941
19196.038,0.098577796
19198.624,0.099265079
19201.21,0.11407002
19203.797,0.10377693
19206.383,0.11544464
19208.97,0.10410582
19211.557,0.095904271
19214.144,0.10234325
19216.732,0.096233228
19219.319,0.093783343
19221.907,0.095516477
19224.495,0.085746354
19227.083,0.089048137
19229.671,0.09130418
19232.259,0.080488338
19234.848,0.091633291
19237.436,0.080294596
19240.025,0.075230421
19242.614,0.082192402
19245.204,0.070330864
19247.793,0.080952997
19250.383,0.074320239
19252.972,0.067687493
19255.562,0.057394626
19258.152,0.056513536
19260.743,0.06399847
19263.333,0.059980146
19265.924,0.063282096
19268.514,0.053512161
19271.105,0.056291256
19273.697,0.049658598
19276.288,0.049300461
19278.879,0.046850832
19281.471,0.049629972
19284.063,0.051886247
19286.655,0.051005278
19289.247,0.049601445
19291.84,0.055517884
19294.432,0.058297079
19297.025,0.053756024
19299.618,0.054443738
19302.211,0.058791594
19304.804,0.054250572
19307.397,0.064350084
19309.991,0.054580326
19312.585,0.06101973
19315.179,0.065367641
19317.773,0.065532557
19320.367,0.067788987
19322.962,0.069522553
19325.556,0.068118874
19328.151,0.068283835
19330.746,0.074723316
19333.341,0.071751043
19335.936,0.082373553
19338.532,0.078878426
19341.128,0.078520566
19343.724,0.082345723
19346.32,0.077804879
19348.916,0.08633594
19351.512,0.08022649
19354.109,0.075685679
19356.705,0.080556643
19359.302,0.077061606
19361.899,0.075658082
19364.497,0.076868949
19367.094,0.081739958
19369.692,0.067264572
19372.289,0.068475472
19374.887,0.062366122
19377.485,0.061485541
19380.084,0.060604971
19382.682,0.058155784
19385.281,0.055183733
19387.88,0.06005483
19390.479,0.056559926
19393.078,0.05829379
19395.677,0.062642045
19398.277,0.055487042
19400.876,0.062449698
19403.476,0.063660731
19406.076,0.062780272
19408.677,0.067128582
19411.277,0.07304553
19413.877,0.067459222
19416.478,0.059781421
19419.079,0.066221279
19421.68,0.063249383
19424.281,0.060800373
19426.883,0.066717388
19429.484,0.057993892
19432.086,0.06129655
19434.688,0.050481572
19437.29,0.045941114
19439.893,0.039309165
19442.495,0.027971345
19445.098,0.02970543
19447.701,0.032485279
19450.304,0.025330498
19452.907,0.024450238
19455.51,0.036119009
19458.114,0.023212627
19460.717,0.027561159
19463.321,0.028249571
19465.925,0.012205967
19468.529,0.023874794
19471.134,0.017765853
19473.738,0.022637316
19476.343,0.026985913
19478.948,0.030288771
19481.553,0.034637391
19484.158,0.035325891
19486.764,0.028171265
19489.369,0.02990554
19491.975,0.031116949
19494.581,0.021870853
19497.187,0.031971174
19499.794,0.023770852
19502.4,0.029688188
19505.007,0.040311417
19507.614,0.036294135
19510.221,0.056329151
19512.828,0.048128884
19515.435,0.049863269
19518.043,0.06100943
19520.65,0.053332072
19523.258,0.052974987
19525.866,0.055232292
19528.474,0.056966733
19531.083,0.058701184
19533.691,0.06618728
19536.3,0.06217012
19538.909,0.060767349
19541.518,0.059887466
19544.127,0.052733084
19546.737,0.056559105
19549.346,0.042084483
19551.956,0.045387651
19554.566,0.04241632
19557.176,0.024281601
19559.787,0.036996566
19562.397,0.035593895
19565.008,0.024256595
19567.619,0.033311463
19570.23,0.018314054
19572.841,0.010114042
19575.452,0.018646067
19578.064,0.014629084
19580.675,0.014795118
19583.287,0.01548404
19585.899,0.0041468281
19588.512,0.0027442681
19591.124,0.0044789742
19593.737,-6.0818512e-005
19596.349,0.0048111646
19598.962,0.0028857731
19601.575,-0.002699738
19604.189,0.0094925398
19606.802,-0.0060275897
19609.416,0.0061647102
19612.029,0.0089452565
19614.643,0.0044055524
19617.258,0.0056174933
19619.872,0.0036921905
19622.486,0.0017668987
19625.101,0.0050703761
19627.716,0.0078509888
19630.331,0.003834227
19632.946,0.013935123
19635.561,0.0073040045
19638.177,0.0032872759
19640.793,0.017571212
19643.409,0.0041427408
19646.025,0.0084920584
19648.641,0.0029067467
19651.257,0.0020273283
19653.874,0.0089910583
19656.491,0.015954799
19659.108,0.019258421
19661.725,0.018901923
19664.342,0.02168269
19666.959,0.018188959
19669.577,0.017832494
19672.195,0.019044668
19674.813,0.021302604
19677.431,0.026697806
19680.049,0.010132235
19682.668,0.030690858
19685.286,0.029811584
19687.905,0.03520683
19690.524,0.03537333
19693.144,0.018284938
19695.763,0.02211159
19698.382,0.008160476
19701.002,0.014078654
19703.622,0.0074478228
19706.242,0.0050000096
19708.862,0.003597959
19711.483,-0.0035557144
19714.103,0.0054997735
19716.724,-0.010542767
19719.345,0.0063558807
19721.966,-0.004980755
19724.587,-0.0053369875
19727.209,-0.0020330782
19729.831,-0.014938308
19732.452,0.0019603946
19735.074,-0.0031016759
19737.697,0.0064767875
19740.319,0.0024604908
19742.941,0.0036729633
19745.564,0.010637081
19748.187,0.010280948
19750.81,0.014630709
19753.433,0.0048628333
19756.057,0.024376015
19758.68,0.011470907
19761.304,0.010069078
19763.928,0.0186019
19766.552,0.0098798317
19769.176,0.021549931
19771.8,0.0086448786
19774.425,0.011948987
19777.05,0.0074099697
19779.675,0.01332848
19782.3,0.019769876
19784.925,0.0073877548
19787.551,0.0065089123
19790.176,0.00040132268
19792.802,-0.0020461251
19795.428,-0.0029249344
19798.054,0.0066537837
19800.681,0.0047292449
19803.307,-0.0060841717
19805.934,-0.0012113027
19808.561,-0.0073188148
19811.188,0.0027828345
19813.815,-0.0059390345
19816.442,0.00050250622
19819.07,0.0017152999
19821.698,-0.010666667
19824.325,-0.00062845578
19826.954,0.00052087309
19829.582,0.0016702088
19832.21,0.0080483096
19834.839,0.0013545218
19837.468,-0.0016791284
19840.097,-0.0036670201
19842.726,9.672902e-005
19845.355,0.003860485
19847.984,0.0039641172
19850.614,0.0024991287
19853.244,-0.0015802319
19855.874,-0.0014765792
19858.504,-0.0092160568
19861.134,0.0081425116
19863.765,0.0092919366
19866.396,0.010964244
19869.026,0.016819565
19871.658,0.0080343704
19874.289,0.0091838228
19876.92,0.0035358965
19879.552,0.0062539901
19882.183,0.0084492148
19884.815,-0.0029503249
19887.447,0.012839685
19890.08,0.0014401587
19892.712,0.016707306
19895.345,0.010013676
19897.978,0.011686066
19900.61,0.0070839535
19903.244,0.0087563573
19905.877,0.0099058921
19908.51,0.0053037998
19911.144,0.01377361
19913.778,0.010740159
19916.412,0.019732858
19919.046,0.016699421
19921.68,0.01000586
19924.315,0.021090083
19926.95,0.01387366
19929.584,0.012931753
19932.22,0.011989853
19934.855,0.013139464
19937.49,0.012720453
19940.126,0.016484456
19942.761,0.0029935645
19945.397,0.0025745748
19948.033,0.0032013437
19950.67,0.00016798867
19953.306,-0.0018196078
19955.943,-0.013741838
19958.58,-0.0005660221
19961.217,-0.0030764738
19963.854,-0.0087241736
19966.491,-0.010711736
19969.128,-0.0032875264
19971.766,-0.0052750749
19974.404,-0.014582878
19977.042,-0.015001785
19979.68,-0.01489781
19982.319,-0.014793827
19984.957,-0.014689838
19987.596,-0.014585842
19990.235,-0.014481839
19992.874,-0.01437783
19995.513,-0.014273813
