M/Z,Intensity
-7.8602611e-005,-0.41788235
2.1773576e-007,-0.2374902
9.6021472e-005,-0.080627451
0.00036601382,-0.25317647
0.00081019477,-0.31592157
0.0014285643,0.5625098
0.0022211225,-2.3551373
0.0031878693,-2.566902
0.0043288047,-3.312
0.0056439287,-3.8218039
0.0071332413,-3.8374902
0.0087967426,-3.8374902
0.010634432,-3.8374902
0.012646311,-3.8347804
0.014832378,-3.7769341
0.017192634,-0.29140222
0.019727078,4.7473055
0.022435711,9.5509537
0.025318532,6.3548365
0.028375542,3.84915
0.031606741,8.1593843
0.035012128,2.2502455
0.038591704,-3.7998353
0.042345469,-3.2379167
0.046273422,4.6183542
0.050375564,1.8395655
0.054651894,0.10414875
0.059102413,0.72190775
0.063727121,0.84578371
0.068526017,-2.1359881
0.073499102,0.1765924
0.078646375,7.603133
0.083967837,9.0142219
0.089463488,3.0059376
0.095133327,-2.8766219
0.10097736,-3.7158096
0.10699557,-3.7077038
0.11318798,-3.6993634
0.11955457,-2.0515727
0.12609535,-0.10550822
0.13281032,-0.1827385
0.13969948,-0.40875378
0.14676283,0.51840672
0.15400037,1.6967822
0.16141209,2.9459806
0.16899801,1.5444331
0.17675811,1.0215517
0.1846924,2.2322382
0.19280088,2.054924
0.20108355,0.22294247
0.20954041,-1.9225299
0.21817145,-1.1579638
0.22697669,0.92448395
0.23595611,2.0973624
0.24510972,1.6547892
0.25443752,0.67911731
0.26393951,1.2252486
0.27361569,0.18730084
0.28346605,-1.9562947
0.29349061,-1.8173027
0.30368935,-1.1996447
0.31406228,-2.6523403
0.3246094,-2.9126445
0.33533071,-0.78055715
0.34622621,0.018431447
0.3572959,0.73922328
0.36853977,1.5778968
0.37995783,1.3658245
0.39155009,1.3422221
0.40331653,1.2874818
0.41525716,2.2368977
0.42737197,2.5747834
0.43966098,2.1678058
0.45212418,2.6081216
0.46476156,2.1074955
0.47757313,0.90906478
0.49055889,0.15792752
0.50371884,-0.84395552
0.51705298,-1.5161922
0.53056131,-1.7411354
0.54424382,-0.79721658
0.55810053,-0.55110236
0.57213142,-0.51651823
0.5863365,0.1065358
0.60071577,0.031785232
0.61526923,0.82785751
0.62999688,0.86338007
0.64489871,0.97756863
0.65997473,1.2037135
0.67522495,0.66121588
0.69064935,0.6363502
0.70624794,-0.12578547
0.72202072,-0.25264211
0.73796769,-0.19912168
0.75408884,-0.20051831
0.77038419,-0.44506728
0.78685372,-0.17198429
0.80349744,-0.15773991
0.82031535,0.060410944
0.83730745,-0.52145329
0.85447374,-0.68764634
0.87181421,-0.10875645
0.88932888,-0.89458752
0.90701773,-0.38631604
0.92488077,0.22390113
0.942918,-0.067857571
0.96112942,0.079584324
0.97951503,0.78387387
0.99807483,0.80579539
1.0168088,0.78848613
1.035717,1.0848873
1.0547993,1.7499008
1.0740559,0.97960507
1.0934866,1.2759609
1.1130916,1.5252429
1.1328707,1.1313725
1.152824,1.1453302
1.1729515,1.3396649
1.1932532,1.4084943
1.213729,0.92044592
1.2343791,1.1774805
1.2552033,1.2227352
1.2762018,0.91503371
1.2973744,0.93672887
1.3187212,0.80154619
1.3402422,0.6820347
1.3619374,0.71152772
1.3838068,0.75669193
1.4058504,1.0606646
1.4280681,1.2234457
1.4504601,1.2371921
1.4730262,1.4626881
1.4957665,1.11562
1.518681,0.88618382
1.5417697,0.71947769
1.5650326,0.40373687
1.5884697,0.15072604
1.612081,0.085935428
1.6358664,0.021129721
1.6598261,0.10532853
1.6839599,0.095394603
1.7082679,0.23446519
1.7327501,0.35783442
1.7574065,0.449816
1.7822371,0.42413544
1.8072419,0.49255743
1.8324209,0.28645453
1.857774,0.50386595
1.8833013,0.21930149
1.9090029,0.23276116
1.9348786,0.3638528
1.9609285,0.20473327
1.9871526,0.35932414
2.0135509,0.16880188
2.0401234,0.35473511
2.06687,0.51712385
2.0937909,0.26381122
2.1208859,0.44185605
2.1481551,0.25125833
2.1755985,0.23319455
2.2032161,0.30139018
2.2310079,0.0087864124
2.2589739,0.39067736
2.2871141,0.25490615
2.3154285,0.4014728
2.343917,0.54802435
2.3725797,0.2710314
2.4014167,0.45676846
2.4304278,0.47778455
2.4596131,0.20074633
2.4889726,0.44918322
2.5185062,0.28976188
2.5482141,0.34209015
2.5780962,0.35518765
2.6081524,0.34474064
2.6383828,0.38918051
2.6687875,0.10419352
2.6993663,0.45448556
2.7301193,0.10672329
2.7610465,0.049142006
2.7921478,0.12487897
2.8234234,-0.10528151
2.8548732,0.064542914
2.8864971,0.17945029
2.9182952,-0.0036966388
2.9502676,0.27588644
2.9824141,0.27310149
3.0147348,0.035007323
3.0472296,0.41650591
3.0798987,0.57838157
3.112742,0.042202922
3.1457594,0.64326408
3.1789511,0.44431016
3.2123169,0.31592937
3.2458569,0.43067075
3.2795711,0.45912253
3.3134595,0.60520628
3.3475221,0.31990239
3.3817589,0.7483089
3.4161698,0.76101405
3.450755,0.4364492
3.4855143,0.77853592
3.5204478,0.7911958
3.5555556,0.53717391
3.5908375,0.56548988
3.6262936,0.79771232
3.6619238,0.7397236
3.6977283,0.54054331
3.733707,0.86683813
3.7698598,0.72252963
3.8061868,0.60173544
3.8426881,0.70837715
3.8793635,0.77578807
3.9162131,0.67063489
3.9532369,0.56546662
3.9904348,0.66420483
4.027807,0.51979069
4.0653534,0.406734
4.1030739,0.50542694
4.1409686,0.43155576
4.1790376,0.31845381
4.2172807,0.35435637
4.255698,0.24906738
4.2942895,0.37121427
4.3330551,0.069816662
4.371995,0.1762471
4.411109,0.14148598
4.4503973,0.0047489786
4.4898597,0.048389047
4.5294963,0.1077003
4.5693071,0.010133716
4.6092921,-0.0090165855
4.6494513,0.0031905717
4.6897847,-0.078735009
4.7302923,0.0040302028
4.770974,-0.11714124
4.8118299,0.06755457
4.8528601,-0.12423529
4.8940644,0.022982939
4.9354429,-0.025884875
4.9769956,-0.17672109
5.0187225,0.080278221
5.0606235,-0.17253401
5.1026988,0.013861836
5.1449482,0.13750497
5.1873719,-0.15454579
5.2299697,0.11025858
5.2727417,-0.0014152569
5.3156879,-0.050351607
5.3588083,0.11246913
5.4021029,-0.014913821
5.4455717,-0.016814193
5.4892146,-0.042251593
5.5330318,0.19897006
5.5770231,0.10292919
5.6211886,0.0460964
5.6655283,0.16180501
5.7100422,0.14417267
5.7547303,0.12653272
5.7995926,0.34417927
5.8446291,0.13828879
5.8898397,0.21474364
5.9352245,0.2755046
5.9807836,0.2656697
6.0265168,0.27151347
6.0724242,0.049898643
6.1185058,0.3537664
6.1647616,0.23409712
6.2111916,0.26343984
6.2577957,0.30846122
6.3045741,0.14171027
6.3515266,0.37495171
6.3986533,0.27093064
6.4459543,0.11984312
6.4934294,0.35306172
6.5410787,0.1235276
6.5889021,0.24692705
6.6368998,0.36247574
6.6850717,0.26625211
6.7334177,0.17002086
6.781938,0.01888004
6.8306324,0.60498651
6.879501,-0.016757781
6.9285438,0.17717659
6.9777608,0.49659355
7.027152,0.24345386
7.0767174,0.06873794
7.1264569,0.42734773
7.1763707,0.25261658
7.2264586,0.070034672
7.2767207,0.16979809
7.327157,0.5440637
7.3777675,-0.093443014
7.4285522,0.19453285
7.4795111,0.38838346
7.5306442,0.017520567
7.5819514,0.078022608
7.6334329,0.26400723
7.6850885,0.1676313
7.7369183,0.09477716
7.7889223,0.13956247
7.8411005,0.19218329
7.8934529,0.0095023901
7.9459795,0.17191191
7.9986802,0.15392166
8.0515552,0.018276731
8.1046043,-0.054630713
8.1578277,0.10774835
8.2112252,0.050511946
8.2647969,-0.0067320685
8.3185428,0.05366336
8.3724629,0.035619802
8.4265572,-0.029490196
8.4808256,-0.092338165
8.5352683,0.056578241
8.5898851,-0.092544898
8.6446761,-0.014217388
8.6996413,-0.11628236
8.7547808,-0.061484925
8.8100943,-0.085119189
8.8655821,-0.069538097
8.9212441,0.048003449
8.9770803,-0.14818083
9.0330906,-0.077698763
9.0892751,-0.015060169
9.1456339,-0.1406572
9.2021668,-0.015274166
9.2588739,-0.046754209
9.3157552,-0.13313654
9.3728107,-0.023440775
9.4300403,-0.047078672
9.4874442,-0.047187486
9.5450222,-0.086512317
9.6027745,-0.0081904198
9.6607009,-0.086731598
9.7188015,0.093550424
9.7770763,-0.11048161
9.8355253,0.030584064
9.8941485,0.085374899
9.9529458,-0.0010110667
10.011917,0.10868107
10.071063,-0.032607519
10.130383,0.10845651
10.189877,0.10834373
10.249545,0.014112974
10.309388,0.18654856
10.369405,0.0060426319
10.429596,0.10788932
10.489961,0.12346117
10.5505,-0.033516338
10.611213,0.2251921
10.672101,0.19370414
10.733163,0.1543727
10.794399,0.17778603
10.855809,0.052179428
10.917393,0.2010823
10.979152,0.10684758
11.041085,0.31065175
11.103192,0.10661245
11.165473,0.18492576
11.227928,0.20049365
11.290558,0.059198457
11.353361,0.41202058
11.416339,0.043273751
11.479491,0.36472267
11.542818,-0.019711099
11.606318,0.23899206
11.669993,0.25455763
11.733841,-0.043602616
11.797864,0.16019759
11.862062,0.44242884
11.926433,-0.17730103
11.990979,0.1755178
12.055698,0.29304217
12.120592,0.12037014
12.185661,-0.16994928
12.250903,0.27698587
12.316319,0.16705795
12.38191,-0.17032129
12.447675,0.21386777
12.513614,0.13531141
12.579727,-0.16285313
12.646015,0.23702121
12.712477,-0.0062420285
12.779112,0.064219892
12.845923,-0.069240086
12.912907,-0.022308238
12.980065,0.095211515
13.047398,-0.1323671
13.114905,0.016524542
13.182586,0.024239383
13.250441,-0.038634341
13.31847,0.016138663
13.386674,-0.046735721
13.455051,0.10215427
13.523603,-0.25091685
13.592329,-0.094184386
13.66123,0.1566654
13.730304,-0.16503417
13.799553,0.15640319
13.868976,-0.016277424
13.938573,-0.063468175
14.008344,-0.11065926
14.07829,-0.008831061
14.148409,-0.0089639797
14.218703,-0.14243056
14.289171,0.053514291
14.359813,-0.095639227
14.43063,0.014030456
14.50162,-0.10375117
14.572785,-0.064670386
14.644124,-0.02558993
14.715637,-0.017882353
14.787324,0.010179816
14.859186,0.022547666
14.931221,0.04275061
15.003431,0.039416098
15.075815,0.012544131
15.148374,0.032722944
15.221106,-0.0020082482
15.294013,0.1279584
15.367094,-0.087181037
15.440349,0.066298934
15.513778,0.02369243
15.587381,0.051666118
15.661159,-0.045858434
15.735111,0.021314853
15.809237,0.080636959
15.883537,-0.048284273
15.958011,0.18357076
16.03266,-0.0081116526
16.107482,0.019805729
16.182479,0.063401342
16.25765,0.0050281271
16.332996,0.13488216
16.408515,0.013747762
16.484209,0.0573112
16.560077,0.038121496
16.636119,0.018923749
16.712335,0.14089443
16.788725,0.035406084
16.86529,-0.070090304
16.942029,0.10675821
17.018942,0.05614769
17.096029,-0.080745378
17.17329,0.0019613531
17.250726,0.014071805
17.328335,-0.099315982
17.406119,-0.00094710779
17.484077,-0.11435098
17.56221,0.14086455
17.640516,-0.12941816
17.718997,0.039506777
17.797652,0.075090335
17.876481,-0.10894199
17.955484,-0.096903934
18.034662,0.29943981
18.114013,-0.01010685
18.193539,-0.42946547
18.273239,0.44528551
18.353113,0.096499038
18.433162,-0.26798175
18.513384,0.66164706
18.593781,0.23312465
18.674352,-0.47776153
18.755097,0.41134149
18.836016,0.022002305
18.91711,-0.12421044
18.998377,-0.12141439
19.079819,0.17941005
19.161435,-0.30409004
19.243226,-0.3954441
19.32519,0.36024985
19.407329,-0.45269446
19.489642,-0.15192411
19.572129,-0.12567437
19.65479,-0.14649428
19.737625,-0.30065834
19.820635,-0.17248028
19.903819,0.057647754
19.987177,-0.19066641
20.070709,-0.43899138
20.154415,0.14404537
20.238296,0.068247775
20.32235,0.3375374
20.406579,0.1832868
20.490982,0.30353518
20.57556,7.0276943
20.660311,14.387137
20.745237,6.7348037
20.830337,0.78442054
20.915611,0.59088934
21.001059,0.59342576
21.086681,0.50183371
21.172478,0.096505358
21.258449,0.37351913
21.344594,0.47012992
21.430913,-0.045034812
21.517406,0.2319465
21.604074,0.40695621
21.690915,0.26038648
21.777931,0.55302162
21.865121,0.061332207
21.952486,0.32257316
22.040024,0.16811701
22.127737,-0.080467593
22.215624,0.243486
22.303685,-0.1227673
22.39192,0.091360737
22.480329,-0.10236518
22.568913,-0.13923917
22.657671,0.098385823
22.746603,-0.22870588
22.835709,0.0019939138
22.924989,-0.30869106
23.014444,-0.45487845
23.104073,-0.22480355
23.193876,-0.60670165
23.283853,-0.79272962
23.374004,-0.75151491
23.46433,-0.96933203
23.554829,-1.0069653
23.645503,-1.1781402
23.736351,-1.4122685
23.827373,-1.3642521
23.91857,-1.6066401
24.009941,-1.6688443
24.101485,-1.574394
24.193204,-1.9664265
24.285098,-1.9037654
24.377165,-2.2177831
24.469407,-2.1712249
24.561822,-2.2817377
24.654412,-2.5022627
24.747176,-2.4563293
24.840115,-2.740016
24.933227,-2.914107
25.026514,-2.892328
25.119975,-2.9884043
25.21361,-2.8493948
25.307419,-2.5458876
25.401403,-1.8896477
25.49556,2.1467762
25.589892,16.206521
25.684398,23.026842
25.779078,5.5332293
25.873933,28.251173
25.968961,91.517928
26.064164,92.078592
26.159541,91.964538
26.255092,86.893413
26.350818,71.327962
26.446717,56.687794
26.542791,51.663103
26.639039,64.842125
26.735461,74.028782
26.832057,76.509348
26.928828,76.97402
27.025772,76.842406
27.122891,74.310582
27.220184,69.70012
27.317652,63.724743
27.415293,60.423667
27.513109,54.518462
27.611098,49.295401
27.709262,43.609387
27.807601,37.96238
27.906113,33.115165
28.0048,29.185389
28.10366,25.804424
28.202695,22.431094
28.301904,21.049713
28.401288,19.558319
28.500845,18.356913
28.600577,17.790593
28.700483,15.851515
28.800563,14.092622
28.900817,14.004108
29.001246,14.182053
29.101848,12.665672
29.202625,11.290259
29.303576,11.608755
29.404701,10.679984
29.506001,9.4608088
29.607474,8.8139743
29.709122,8.4492845
29.810944,7.4334059
29.91294,6.7232014
30.01511,7.0167102
30.117455,5.7962852
30.219974,5.3050637
30.322666,5.5195162
30.425534,3.9612114
30.528575,4.0026983
30.63179,3.65182
30.73518,2.877204
30.838744,2.5494386
30.942482,1.8606805
31.046394,2.1756357
31.15048,1.1256767
31.254741,0.95394083
31.359176,1.1427809
31.463785,1.3000402
31.568568,1.331601
31.673525,1.1825613
31.778657,1.3627251
31.883963,1.4564061
31.989442,1.3773297
32.095097,1.180398
32.200925,1.1322776
32.306927,0.50355678
32.413104,0.11776489
32.519455,-0.064313725
32.62598,-0.39779073
32.732679,-0.82525096
32.839553,-0.45257676
32.9466,-0.77780735
33.053822,-0.67153096
33.161218,-0.18864956
33.268788,-0.44288863
33.376532,-0.78326778
33.484451,-0.26861054
33.592544,1.2265733
33.700811,2.8552249
33.809252,4.0604815
33.917867,7.0697941
34.026657,9.3498293
34.13562,9.5829402
34.244758,10.30246
34.35407,9.1554475
34.463556,7.5615107
34.573217,5.9598652
34.683052,4.0289423
34.79306,2.8040362
34.903243,1.7910292
35.013601,0.62129392
35.124132,0.35365385
35.234838,-0.21973415
35.345717,-0.81651713
35.456771,0.014285294
35.567999,-0.5116406
35.679402,-0.75507912
35.790978,-0.20622635
35.902729,-0.75527837
36.014654,-0.68458812
36.126753,-1.0059203
36.239026,-0.55064747
36.351474,-0.52661276
36.464095,-0.89460049
36.576891,-0.61931653
36.689861,-0.70468246
36.803005,-0.6095218
36.916324,-0.53775613
37.029816,-0.55997368
37.143483,-0.32323327
37.257324,-0.58047608
37.371339,-0.55523152
37.485529,-0.271029
37.599892,-0.42590774
37.71443,-0.32182853
37.829142,-0.21761488
37.944028,-0.019149165
38.059088,-0.24407843
38.174323,-0.17468175
38.289731,0.012383907
38.405314,-0.012293234
38.521071,-0.076164152
38.637002,-0.13217002
38.753108,0.047140136
38.869387,-0.087253287
38.985841,-0.072605191
39.102469,0.15382952
39.219271,-0.24716484
39.336248,0.034215656
39.453398,0.17444159
39.570723,-0.038251744
39.688222,-0.15680552
39.805895,0.014858692
39.923742,-0.1742395
40.041764,-0.23782558
40.15996,-0.19158584
40.278329,-0.1296379
40.396873,-0.09904061
40.515592,-0.24097043
40.634484,-0.076995979
40.753551,-0.022803544
40.872792,-0.25878528
40.992207,-0.016313725
41.111796,-0.45541518
41.231559,-0.6361042
41.351497,-0.78583177
41.471608,-1.4144018
41.591894,-1.3767163
41.712355,-1.6217948
41.832989,-2.2829707
41.953797,-1.9406361
42.07478,-2.5085165
42.195937,-2.9356316
42.317268,-2.9160989
42.438773,-2.7950165
42.560453,1.168792
42.682306,14.394935
42.804334,19.903019
42.926536,1.5832412
43.048912,27.035601
43.171463,82.840492
43.294187,83.570461
43.417086,83.280411
43.540159,77.389951
43.663406,60.37751
43.786828,35.152894
43.910423,15.206298
44.034193,13.078899
44.158137,17.570697
44.282255,15.191495
44.406547,13.596196
44.531014,13.820094
44.655654,13.580835
44.780469,13.254891
44.905458,11.752065
45.030621,9.6841221
45.155959,9.4353761
45.28147,24.935238
45.407156,44.513121
45.533016,18.247456
45.65905,-0.44999378
45.785259,1.8874399
45.911641,1.8244626
46.038198,-0.35657298
46.164929,-1.8635098
46.291834,-0.7120342
46.418913,-1.8041069
46.546167,-2.2299241
46.673595,-1.6679171
46.801196,-2.125929
46.928972,0.63133423
47.056923,1.937206
47.185047,2.8348235
47.313346,3.9061072
47.441819,5.0167726
47.570466,5.9315255
47.699287,6.2346798
47.828282,2.2713333
47.957452,-0.31929809
48.086795,-1.6156459
48.216313,-1.8922198
48.346006,-2.0745101
48.475872,-1.260556
48.605912,6.1339563
48.736127,12.814909
48.866516,8.8136749
48.997079,14.930254
49.127816,32.341116
49.258728,43.234498
49.389813,44.379026
49.521073,45.413916
49.652507,57.986226
49.784115,68.401841
49.915898,44.699974
50.047854,23.821802
50.179985,23.735953
50.31229,20.167918
50.444769,16.317695
50.577423,12.051952
50.71025,11.519709
50.843252,16.36018
50.976428,12.330229
51.109778,9.1788758
51.243302,8.3257276
51.377001,8.0452944
51.510873,6.9728704
51.64492,5.0535535
51.779141,4.6638144
51.913536,4.0624766
52.048106,2.7554224
52.182849,2.4367695
52.317767,1.514361
52.452859,1.1254519
52.588125,1.1680813
52.723566,1.2657786
52.85918,0.81462236
52.994969,0.72441642
53.130932,0.50888628
53.267069,0.097443695
53.40338,0.3998926
53.539866,-0.7092572
53.676525,-0.81431944
53.813359,-0.69960784
53.950367,-0.99006124
54.08755,-0.88042522
54.224906,-1.0373664
54.362437,-1.1706888
54.500141,-0.93529438
54.63802,-1.3115752
54.776074,-0.81717837
54.914301,-1.0128882
55.052703,-0.93399881
55.191278,-0.78443176
55.330028,-1.4347753
55.468952,-1.1360098
55.608051,-1.2920569
55.747323,-1.2205635
55.88677,-1.3450592
56.026391,-1.2498576
56.166186,-1.0369196
56.306155,-1.0905588
56.446298,-0.95587324
56.586616,-0.82894144
56.727108,-0.88231238
56.867774,-0.44931939
57.008614,-0.65937424
57.149629,-0.6654181
57.290817,-0.37333333
57.43218,-0.47305802
57.573717,0.39973041
57.715428,0.2764045
57.857313,0.40402308
57.999373,0.71199792
58.141607,0.87091725
58.284014,0.45725166
58.426597,-0.17605768
58.569353,-0.18979508
58.712283,0.60427476
58.855388,0.81791654
58.998667,0.43544398
59.14212,-0.48824094
59.285747,-0.14921668
59.429548,-0.22591459
59.573524,-0.25558957
59.717674,0.059797577
59.861998,0.15554098
60.006496,-0.046790733
60.151168,-0.33543286
60.296015,-0.22411089
60.441036,1.2440379
60.58623,0.31999398
60.7316,-1.0589878
60.877143,-1.2458487
61.02286,-1.5582356
61.168752,-1.7216389
61.314818,-1.5556663
61.461058,-1.4054158
61.607472,-1.1375542
61.754061,-0.50894422
61.900823,0.0019828252
62.04776,2.4187563
62.194871,2.6943174
62.342156,2.9698427
62.489616,8.6806261
62.637249,25.45804
62.785057,11.160909
62.933039,0.20491787
63.081195,0.41751849
63.229525,1.649691
63.37803,0.09751397
63.526708,1.0786343
63.675561,5.3773658
63.824588,4.7191987
63.97379,4.0374663
64.123165,9.9831489
64.272715,15.528796
64.422439,18.392054
64.572337,20.243511
64.722409,26.259638
64.872655,22.511024
65.023076,14.158452
65.17367,12.009765
65.324439,11.390455
65.475383,8.7554221
65.6265,10.402706
65.777791,25.155837
65.929257,18.575599
66.080897,5.5090501
66.232711,2.0581517
66.384699,4.0346683
66.536862,2.9444824
66.689198,1.9248488
66.841709,2.8973362
66.994394,1.4384151
67.147254,-0.66367912
67.300287,-0.17757396
67.453495,-0.12287726
67.606876,-0.80547136
67.760432,-0.39006214
67.914162,3.5939386
68.068067,1.5935898
68.222145,-1.3401283
68.376398,-2.0778039
68.530825,-1.9184173
68.685426,-1.9472542
68.840201,-1.8584324
68.995151,-0.37352048
69.150274,-1.8454596
69.305572,-3.1291517
69.461044,-2.3814596
69.616691,-2.4886578
69.772511,-2.2507462
69.928506,3.5401182
70.084674,7.6368767
70.241017,1.4826665
70.397535,-2.326434
70.554226,-1.1551306
70.711092,-0.16420767
70.868131,-0.75758679
71.025345,-0.13526794
71.182733,-0.0070550443
71.340296,-0.79647751
71.498032,-0.86431966
71.655943,-0.43803247
71.814028,-0.41173358
71.972287,-0.80110928
72.13072,-0.63361053
72.289327,1.6201744
72.448109,4.2582848
72.607065,6.6140539
72.766195,6.7031681
72.925499,5.4511174
73.084977,4.4108432
73.24463,5.6372473
73.404457,3.428369
73.564458,0.91362007
73.724633,0.32829458
73.884982,0.056706266
74.045506,-0.073693881
74.206203,-0.55702351
74.367075,-0.78151792
74.528121,-0.80207906
74.689342,-1.763805
74.850736,-0.88238195
75.012305,-1.3107512
75.174048,-0.74303023
75.335965,6.5541142
75.498056,7.9924467
75.660321,-0.082934548
75.822761,-2.7386963
75.985375,-1.3160149
76.148163,-1.8305768
76.311125,-0.2980681
76.474261,7.0148444
76.637572,1.778749
76.801056,-2.2965504
76.964715,-0.92870082
77.128548,-0.98044742
77.292556,0.48154317
77.456737,15.292565
77.621093,21.993795
77.785623,3.8009184
77.950327,-3.9056716
78.115205,-0.13774024
78.280257,-0.44038537
78.445484,3.9393341
78.610885,12.672007
78.77646,4.5184161
78.942209,-1.0469274
79.108132,0.36813301
79.27423,1.665558
79.440502,7.5747595
79.606947,30.268286
79.773568,20.867707
79.940362,5.0279241
80.10733,6.7410939
80.274473,7.175844
80.44179,4.8890372
80.609281,45.841458
80.776946,79.335066
80.944786,73.354177
81.112799,0.063495375
81.280987,0.73360975
81.449349,7.7174613
81.617885,3.3915206
81.786596,6.9636309
81.95548,7.6102626
82.124539,2.1235727
82.293772,-0.44545843
82.463179,0.71101231
82.63276,1.138083
82.802516,1.1651653
82.972446,0.72167117
83.142549,-0.16887014
83.312828,-0.23587034
83.48328,0.14419998
83.653906,-0.0090513472
83.824707,-0.13091843
83.995682,-0.11159735
84.166831,-0.3510881
84.338154,-0.41801814
84.509651,-1.0182698
84.681323,-0.30086275
84.853169,-0.35210751
85.025189,-0.27007088
85.197383,-0.47043914
85.369751,-1.1963495
85.542294,-0.81642953
85.71501,-0.21695362
85.887901,-0.40184337
86.060966,-0.053451742
86.234206,-0.49726892
86.407619,0.32160706
86.581207,-0.19290223
86.754969,-1.1858948
86.928905,8.2132175
87.103015,31.337768
87.277299,15.215208
87.451758,-0.84465924
87.626391,-1.3045782
87.801198,1.9452548
87.976179,7.3440554
88.151334,27.778098
88.326664,18.706207
88.502168,7.0617143
88.677845,8.5152091
88.853698,15.960809
89.029724,18.771063
89.205924,18.483225
89.382299,17.536512
89.558848,14.056414
89.735571,9.9488128
89.912468,8.7195911
90.08954,8.4001214
90.266785,15.908051
90.444205,13.612006
90.621799,3.6217927
90.799567,1.6785858
90.97751,2.0725818
91.155626,5.2586828
91.333917,25.974144
91.512382,18.642494
91.691021,2.1264779
91.869834,-1.9739034
92.048822,1.337428
92.227984,2.8134134
92.407319,13.003072
92.586829,12.62013
92.766514,4.3469402
92.946372,-0.46747825
93.126405,1.1729533
93.306612,18.264313
93.486993,67.512484
93.667548,41.82727
93.848277,2.0321992
94.029181,-0.97076618
94.210259,6.9595498
94.391511,15.752559
94.572937,28.694536
94.754537,9.6678331
94.936312,-0.76284307
95.11826,0.8770171
95.300383,2.3364332
95.48268,4.9173659
95.665152,9.0041291
95.847797,5.702605
96.030617,2.8716172
96.213611,1.9386167
96.396779,10.433015
96.580121,70.088146
96.763637,75.327539
96.947328,14.14335
97.131193,-4.4840278
97.315232,8.3708953
97.499445,5.7747861
97.683832,7.5864681
97.868394,7.9314315
98.053129,6.3861468
98.238039,6.2055161
98.423123,6.3307158
98.608382,5.7813537
98.793814,6.4005672
98.979421,5.0432581
99.165202,4.0545246
99.351157,2.948092
99.537286,2.2494506
99.723589,1.7938945
99.910067,2.8363257
100.09672,3.023803
100.28354,3.6504441
100.47055,3.3593861
100.65772,3.7192566
100.84507,7.7339771
101.03259,7.591783
101.22029,2.4142427
101.40816,-0.088839668
101.5962,0.11390836
101.78442,3.602879
101.97282,14.229053
102.16139,9.364978
102.35013,3.724381
102.53904,2.3425556
102.72813,6.1920508
102.9174,29.845416
103.10684,47.381081
103.29645,17.975519
103.48624,2.664022
103.6762,6.9838457
103.86633,5.1232253
104.05664,5.1919647
104.24713,3.5116326
104.43779,0.097915196
104.62862,-1.762913
104.81963,-1.788499
105.01081,0.78978468
105.20216,7.634683
105.39369,1.365804
105.58539,-3.5227349
105.77727,-3.8309335
105.96932,-3.1666351
106.16155,-0.80042785
106.35395,-1.3989784
106.54652,-3.6524829
106.73927,-5.3256471
106.93219,-4.7870986
107.12529,2.8808097
107.31856,10.901607
107.51201,0.92235294
107.70563,-4.8060803
107.89942,-5.2482417
108.09339,-1.5335431
108.28753,18.181153
108.48185,17.425258
108.67634,-1.079659
108.871,-7.7022258
109.06584,-3.5953835
109.26085,-0.69638696
109.45604,2.2339795
109.6514,-1.1101666
109.84694,-5.0347074
110.04264,-4.8729764
110.23853,1.3358108
110.43459,31.458321
110.63082,19.25926
110.82722,-3.7162748
111.02381,-7.1310276
111.22056,-1.8477438
111.41749,1.1218118
111.61459,0.74234518
111.81187,-2.2567319
112.00932,-4.4244391
112.20695,-4.3568549
112.40475,4.6440601
112.60272,32.860659
112.80087,11.171372
112.99919,-5.1375247
113.19769,-5.0621106
113.39636,-1.0102285
113.5952,2.241651
113.79422,-0.26333497
113.99342,-3.5604804
114.19278,-4.3164521
114.39233,-3.5900734
114.59204,0.4774791
114.79193,3.0940485
114.992,0.37728201
115.19223,-4.3473303
115.39265,-1.0641021
115.59323,48.948535
115.794,71.729797
115.99493,29.59341
116.19604,-10.111608
116.39732,-0.50682455
116.59878,7.0587407
116.80041,22.663519
117.00222,12.30751
117.2042,-0.40144229
117.40635,-1.9731426
117.60868,2.3453506
117.81119,24.083449
118.01386,26.817623
118.21672,5.0263044
118.41974,-3.1963895
118.62294,1.0122865
118.82631,5.1974304
119.02986,6.8335521
119.23358,-0.024446482
119.43748,-2.8589183
119.64155,-1.3718242
119.8458,6.8525222
120.05022,13.727846
120.25481,1.1129717
120.45958,-4.7646506
120.66452,-2.7520795
120.86963,2.7271556
121.07492,6.7554077
121.28039,-1.6398723
121.48603,-5.525351
121.69184,-4.532401
121.89783,-0.9590615
122.10399,7.1868244
122.31032,1.3405508
122.51683,-4.5135686
122.72351,-4.9889124
122.93037,-3.0172675
123.1374,2.8837191
123.34461,-0.062423195
123.55199,-5.1105964
123.75954,-5.829428
123.96727,-3.2228395
124.17518,5.5483848
124.38325,3.1587547
124.5915,-3.599573
124.79993,-5.8167943
125.00853,5.6286593
125.2173,50.438749
125.42625,34.464454
125.63537,-3.7452042
125.84467,-8.6294428
126.05414,0.43134662
126.26378,7.5469679
126.4736,6.1291857
126.6836,0.036823574
126.89376,-1.2948243
127.10411,0.81659492
127.31462,11.484807
127.52531,11.776478
127.73618,1.5190595
127.94721,-1.5776449
128.15843,2.8000905
128.36981,14.165991
128.58137,13.955351
128.79311,4.0348368
129.00502,2.655429
129.2171,6.1935981
129.42936,19.770913
129.64179,22.759922
129.8544,10.133175
130.06718,3.1142011
130.28013,18.612804
130.49326,66.095651
130.70656,65.719603
130.92004,25.751329
131.13369,6.0418087
131.34751,35.791041
131.56151,69.618636
131.77569,69.838316
131.99004,41.046162
132.20456,17.461781
132.41925,34.95184
132.63412,67.265358
132.84917,65.672924
133.06439,22.378458
133.27978,6.8407854
133.49535,15.14618
133.71109,18.776994
133.927,9.8744055
134.14309,0.57958959
134.35936,-0.21333563
134.5758,3.4407279
134.79241,10.255506
135.00919,5.2427622
135.22615,-1.9190709
135.44329,-2.5554839
135.6606,0.80803296
135.87808,4.6655974
136.09574,0.39760149
136.31357,-3.0469351
136.53158,-2.6484045
136.74976,0.61280103
136.96811,8.2974659
137.18664,4.6173548
137.40534,-0.85106178
137.62422,-1.3391563
137.84327,2.109934
138.06249,6.115817
138.28189,-2.3489584
138.50147,-5.7706667
138.72121,-4.3826084
138.94114,0.4878649
139.16123,2.8015374
139.3815,-4.3827672
139.60195,-6.6572059
139.82257,-3.7315825
140.04336,5.6803774
140.26433,8.0806346
140.48547,-3.9033599
140.70678,-6.5225865
140.92827,1.8700137
141.14993,12.843068
141.37177,1.9730472
141.59378,-6.4341665
141.81597,-4.4099457
142.03833,-1.6876236
142.26087,2.9877017
142.48358,1.2238733
142.70646,-3.3555793
142.92952,11.249344
143.15275,66.787662
143.37615,68.984866
143.59973,15.033113
143.82349,-8.4087746
144.04741,7.4356743
144.27152,13.593911
144.49579,5.273778
144.72024,-1.7208026
144.94487,-2.8251251
145.16967,6.9176733
145.39464,27.193867
145.61979,10.317182
145.84511,-3.822187
146.07061,-2.6281601
146.29628,8.9894582
146.52212,12.026746
146.74814,-0.0025700613
146.97433,-3.0592755
147.2007,2.6683949
147.42724,18.80397
147.65395,13.700392
147.88084,-1.3168493
148.10791,-4.4752054
148.33515,0.82140258
148.56256,4.5572883
148.79014,-0.64794052
149.0179,-3.7982053
149.24584,-2.3288002
149.47395,1.7994905
149.70223,2.4141176
149.93069,-2.8964962
150.15932,-4.991544
150.38812,-3.6671042
150.6171,-1.1584709
150.84626,-1.8813304
151.07559,-5.2160748
151.30509,-5.4136844
151.53476,-4.1682771
151.76461,-2.3347547
151.99464,-4.4542937
152.22484,-6.1112078
152.45521,-5.5015754
152.68576,-3.2057888
152.91648,-2.6199263
153.14738,-5.9322232
153.37845,-6.6877776
153.60969,-4.0630601
153.84111,-0.46591374
154.0727,-3.5826131
154.30447,-6.3621778
154.53641,-0.74970586
154.76852,24.792058
155.00081,28.945466
155.23328,12.557577
155.46591,25.863686
155.69872,54.675556
155.93171,64.773582
156.16487,55.428349
156.39821,29.879075
156.63171,59.255171
156.8654,66.874284
157.09925,66.712885
157.33328,66.551365
157.56749,65.574039
157.80187,66.227965
158.03642,66.066084
158.27115,65.904084
158.50605,65.741963
158.74113,65.226781
158.97638,65.291871
159.2118,65.192134
159.4474,61.12365
159.68318,47.96485
159.91912,49.441224
160.15524,53.921399
160.39154,38.574002
160.62801,23.18727
160.86465,24.294535
161.10147,53.072269
161.33846,45.042039
161.57563,14.117571
161.81297,7.2478844
162.05049,17.931019
162.28818,28.033642
162.52604,12.810654
162.76408,2.8973492
163.00229,5.4231404
163.24067,18.27038
163.47923,13.752793
163.71797,1.0782239
163.95688,-1.4396031
164.19596,4.8816653
164.43522,7.7283038
164.67465,0.54344949
164.91425,-2.5474074
165.15403,-1.3874041
165.39398,1.4822829
165.63411,-0.76187582
165.87441,-3.5865469
166.11489,-1.6191814
166.35554,10.081397
166.59637,11.272052
166.83736,-2.3374138
167.07854,-6.245039
167.31988,2.035451
167.5614,14.626236
167.8031,2.5657315
168.04497,-7.0480235
168.28701,-5.360127
168.52923,-0.049010362
168.77162,-2.9342814
169.01419,-8.4080971
169.25693,-8.5488886
169.49985,-2.031166
169.74293,-0.4078702
169.9862,-8.2750798
170.22963,-9.3661281
170.47325,2.6562399
170.71703,11.101828
170.96099,-3.582305
171.20513,-12.627532
171.44943,-10.120126
171.69392,-6.6718536
171.93857,-10.212126
172.1834,-15.046825
172.42841,-13.128892
172.67359,6.325987
172.91894,10.651145
173.16447,-11.894595
173.41017,-18.526919
173.65605,-0.077199191
173.9021,12.4428
174.14832,-8.6688832
174.39472,-10.227934
174.64129,26.008784
174.88804,45.821663
175.13496,44.065606
175.38206,15.23473
175.62932,44.034917
175.87677,44.466167
176.12439,44.02652
176.37218,43.586563
176.62014,43.146297
176.86828,42.705722
177.1166,42.264838
177.36509,41.823644
177.61375,41.30371
177.86259,40.940329
178.1116,40.474678
178.36079,38.400875
178.61014,32.12284
178.85968,25.028811
179.10939,18.467805
179.35927,5.4829608
179.60933,-0.11395753
179.85956,1.7554816
180.10996,13.318729
180.36054,1.6502947
180.61129,-12.324331
180.86222,-10.816914
181.11332,0.22744967
181.3646,-3.7088885
181.61605,-14.233771
181.86767,-15.543277
182.11947,-7.0726996
182.37144,2.3309016
182.62359,4.1498799
182.87591,28.211686
183.12841,31.59083
183.38108,31.142214
183.63392,30.693288
183.88694,30.244054
184.14013,29.79451
184.39349,29.344656
184.64703,28.894494
184.90075,28.444022
185.15464,27.993241
185.4087,27.54215
185.66294,27.090751
185.91735,26.639042
186.17193,26.187023
186.42669,25.734696
186.68163,25.282059
186.93673,24.829113
187.19202,24.375858
187.44747,23.922293
187.7031,23.468419
187.95891,23.014236
188.21489,19.846018
188.47104,14.340236
188.72737,14.07336
188.98387,5.9395089
189.24054,-3.3711226
189.49739,9.5846033
189.75442,19.826295
190.01162,19.361794
190.26899,14.238161
190.52654,3.0201006
190.78426,14.719378
191.04215,12.912464
191.30022,-0.96534739
191.55846,-7.0160172
191.81688,8.7369252
192.07547,4.7248526
192.33424,-7.9541961
192.59318,-12.091498
192.85229,-4.3778431
193.11158,-7.064212
193.37104,-12.73884
193.63068,-8.1154526
193.89049,10.907911
194.15048,7.884192
194.41064,-5.782688
194.67097,-9.52018
194.93148,-3.0851467
195.19216,-4.6187647
195.45302,-6.2308378
195.71405,4.3374575
195.97525,14.05867
196.23663,12.383781
196.49818,5.0147496
196.75991,13.951577
197.02181,14.606028
197.28389,14.570259
197.54614,14.534466
197.80856,14.49865
198.07116,14.46281
198.33393,14.426946
198.59688,13.826352
198.86,13.155146
199.12329,14.099603
199.38676,13.396977
199.6504,8.5374649
199.91422,6.7053798
200.17821,12.583075
200.44238,12.123491
200.70672,7.3030994
200.97123,10.5219
201.23592,13.795578
201.50078,13.084919
201.76582,13.166393
202.03103,13.922353
202.29642,13.886132
202.56198,13.849888
202.82771,13.813619
203.09362,13.777327
203.3597,13.741012
203.62595,13.704672
203.89238,13.668309
204.15899,13.631922
204.42577,13.595511
204.69272,13.559076
204.95985,13.522618
205.22715,13.486136
205.49462,13.44963
205.76227,13.4131
206.0301,13.376547
206.2981,13.339969
206.56627,13.303368
206.83461,13.266744
207.10313,13.230095
207.37183,13.193423
207.6407,13.156727
207.90974,11.676869
208.17896,3.0518904
208.44835,-6.9142888
208.71791,0.53911603
208.98765,-0.58005191
209.25757,-4.7815966
209.52766,-4.9047336
209.79792,-1.6239729
210.06836,-3.7157849
210.33897,-7.2899737
210.60975,-4.2445784
210.88071,1.0204009
211.15184,-4.1773886
211.42315,-7.9085352
211.69463,-4.2985291
211.96629,-1.4728605
212.23812,-6.0589804
212.51012,-5.3557512
212.7823,11.700397
213.05465,12.427113
213.32718,11.483218
213.59988,1.5353792
213.87276,6.0502642
214.14581,9.4749313
214.41903,0.8525178
214.69243,-5.5267802
214.966,4.4311548
215.23975,5.2439701
215.51367,-2.0530404
215.78776,2.5087509
216.06203,11.980324
216.33647,11.530307
216.61109,4.5469352
216.88588,2.0655021
217.16085,10.619341
217.43598,7.9496292
217.7113,-0.10049672
217.98679,5.7317085
218.26245,10.089382
218.53829,5.4431123
218.8143,1.7144678
219.09048,8.4956055
219.36684,11.010055
219.64337,9.3754625
219.92008,10.21928
220.19696,11.533664
220.47402,11.389202
220.75125,9.9270718
221.02865,10.857077
221.30623,11.394903
221.58398,11.360158
221.86191,10.235195
222.14001,11.290603
222.41828,11.255793
222.69673,11.064098
222.97536,10.354735
223.25415,11.033585
223.53313,10.928099
223.81227,8.4931802
224.09159,6.5680433
224.37109,10.972296
224.65076,10.976528
224.9306,10.941521
225.21061,10.906493
225.49081,10.871444
225.77117,10.836372
226.05171,10.801279
226.33242,10.766164
226.61331,10.731027
226.89437,10.695868
227.17561,10.660687
227.45702,10.625485
227.73861,10.590261
228.02036,10.555015
228.3023,10.519747
228.5844,10.484458
228.86669,10.449147
229.14914,10.413813
229.43177,10.378459
229.71457,10.343082
229.99755,10.307684
230.28071,9.7546163
230.56403,0.55054683
230.84753,9.9503772
231.13121,9.9227347
231.41506,3.753894
231.69908,-3.3326156
231.98328,6.6318335
232.26765,-0.32138632
232.55219,-11.125608
232.83691,-4.8239697
233.12181,-0.93019608
233.40688,-8.5509169
233.69212,-11.152028
233.97754,-1.6825495
234.26313,-2.4326769
234.54889,-9.3945673
234.83483,-7.1172403
235.12095,1.4189119
235.40723,-2.0449342
235.69369,-5.5401511
235.98033,3.1293396
236.26714,6.2145183
236.55413,-0.53559538
236.84128,-3.8817858
237.12862,2.4818294
237.41612,0.51603458
237.70381,-3.4811311
237.99166,5.2824893
238.27969,9.4421898
238.56789,5.1783626
238.85627,-2.7246785
239.14482,3.1840467
239.43355,4.7241463
239.72245,-0.057321116
240.01153,3.9376838
240.30077,9.5954356
240.5902,8.508091
240.87979,6.2834932
241.16957,9.9961521
241.45951,9.9990087
241.74963,9.88422
242.03993,10.004727
242.33039,10.007589
242.62104,10.010452
242.91185,10.013318
243.20284,10.016185
243.49401,10.019053
243.78535,10.021924
244.07686,10.024796
244.36855,10.02767
244.66041,10.030545
244.95245,10.033422
245.24466,10.036301
245.53704,10.039182
245.8296,10.042064
246.12233,9.5900465
246.41524,10.047834
246.70832,10.050722
247.00158,10.053611
247.295,10.056502
247.58861,10.059395
247.88239,10.062289
248.17634,10.065185
248.47046,10.068083
248.76476,10.070983
249.05924,10.073884
249.35389,10.076787
249.64871,10.079692
249.94371,10.082598
250.23888,10.085506
250.53422,10.088416
250.82974,10.091327
251.12544,10.094241
251.42131,10.097156
251.71735,10.100072
252.01356,10.102991
252.30996,10.105911
252.60652,9.2382447
252.90326,7.8843055
253.20017,8.5068386
253.49726,6.2195696
253.79452,7.1715179
254.09196,8.4371934
254.38957,7.3891452
254.68735,7.101883
254.98531,9.3714853
255.28344,9.1940304
255.58175,6.9852047
255.88023,7.5685376
256.17888,9.5008918
256.47771,9.6293262
256.77672,9.6165858
257.0759,9.9567883
257.37525,9.9048357
257.67477,7.2724926
257.97447,8.9930924
258.27435,9.7646743
258.5744,6.826454
258.87462,8.3274511
259.17502,9.9774696
259.47559,10.176509
259.77633,9.3873155
260.07725,8.7079274
260.37835,10.138345
260.67961,9.9609209
260.98106,6.7011457
261.28267,9.8256859
261.58446,9.758071
261.88643,8.5688892
262.18857,10.022846
262.49088,10.182688
262.79337,10.209197
263.09603,10.212179
263.39886,10.215163
263.70187,10.218148
264.00506,10.221135
264.30842,10.224124
264.61195,10.227115
264.91565,10.230107
265.21954,10.233101
265.52359,10.236096
265.82782,10.239094
266.13222,10.242093
266.4368,10.245094
266.74155,10.248096
267.04648,10.2511
267.35158,10.254106
267.65685,10.257114
267.9623,10.260123
268.26792,10.263134
268.57372,9.0269316
268.87969,10.010338
269.18584,8.5937467
269.49216,6.4634314
269.79865,8.6154706
270.10532,8.1792764
270.41216,8.0568093
270.71917,10.07552
271.02637,10.21188
271.33373,10.29334
271.64127,10.217938
271.94898,10.299402
272.25687,10.192631
272.56493,10.132921
272.87316,10.308507
273.18157,10.311546
273.49016,10.189096
273.79892,9.5490003
274.10785,9.9834166
274.41696,9.7825404
274.72624,9.2679405
275.03569,9.5298129
275.34532,9.3054125
275.65512,8.0300334
275.9651,9.1938717
276.27525,9.9263392
276.58558,9.7019457
276.89608,8.4501029
277.20675,7.9041441
277.5176,8.0875989
277.82862,6.7024279
278.13982,7.3094155
278.45119,8.2693459
278.76273,5.5508468
279.07445,6.4323493
279.38635,9.1805202
279.69841,8.8541831
280.01066,5.4533378
280.32307,7.8799452
280.63566,8.000672
280.94843,4.7802241
281.26137,8.9323269
281.57448,10.292275
281.88777,10.138498
282.20123,6.7533514
282.51486,6.9133042
282.82867,7.8967881
283.14265,8.9822346
283.45681,10.1618
283.77114,9.5923482
284.08565,5.2817214
284.40033,8.5946256
284.71519,7.6565512
285.03021,4.1537726
285.34542,9.9294271
285.6608,10.434495
285.97635,10.343486
286.29207,5.9387539
286.60797,9.4634349
286.92405,8.8234117
287.24029,2.2618216
287.55672,4.8453313
287.87331,8.479823
288.19008,3.6358851
288.50703,2.4703803
288.82415,7.4303675
289.14144,5.7707484
289.45891,5.3895625
289.77655,10.271123
290.09437,10.384059
290.41236,7.7518974
290.73052,8.7432673
291.04886,10.275815
291.36737,9.9103261
291.68606,10.462486
292.00492,10.497
292.32395,9.5824958
292.64316,5.88368
292.96255,9.8005522
293.2821,8.9880143
293.60184,9.5480271
293.92174,10.515885
294.24182,10.519038
294.56208,9.8163113
294.88251,10.054762
295.20311,10.520666
295.52389,10.437552
295.84484,10.448557
296.16596,10.537996
296.48726,10.454887
296.80874,9.5325638
297.13038,10.037694
297.45221,9.3741976
297.7742,2.0440367
298.09637,2.172701
298.41872,4.9288181
298.74124,1.4574858
299.06393,1.680273
299.3868,3.7461991
299.70984,1.9533033
300.03305,6.4113897
300.35644,10.477321
300.68001,10.300117
301.00375,8.2484043
301.32766,10.588851
301.65174,10.592044
301.97601,10.422689
302.30044,9.9552975
302.62505,10.601633
302.94983,10.17346
303.27479,9.6590147
303.59992,10.352414
303.92523,9.1556192
304.25071,7.39412
304.57636,10.448309
304.90219,10.224068
305.22819,10.580221
305.55437,10.630494
305.88072,10.633709
306.20725,9.4839848
306.53395,10.55387
306.86082,10.643365
307.18787,10.097568
307.51509,10.594909
307.84249,10.653037
308.17006,10.311166
308.4978,10.643807
308.82572,10.662724
309.15381,10.579682
309.48208,10.669191
309.81052,10.672427
310.13914,10.675664
310.46793,10.678904
310.79689,10.682145
311.12603,10.685387
311.45534,10.688632
311.78483,10.691878
312.11449,10.695126
312.44432,10.698376
312.77433,10.701627
313.10452,10.70488
313.43487,10.708135
313.7654,10.711392
314.09611,10.71465
314.42699,10.71791
314.75804,10.721171
315.08927,10.724435
315.42068,10.7277
315.75225,10.425084
316.084,2.6165881
316.41593,-2.8703377
316.74803,-9.8553011
317.0803,0.56365888
317.41275,2.7002676
317.74537,-8.1513573
318.07817,-8.8931765
318.41114,-5.4788131
318.74428,-10.817389
319.0776,-10.916749
319.41109,-6.8592441
319.74476,-8.3782086
320.0786,-5.9207012
320.41262,-1.7612316
320.74681,-4.8488194
321.08117,-1.881504
321.41571,6.583852
321.75042,3.653131
322.08531,6.4322152
322.42037,9.9171832
322.7556,9.3629368
323.09101,4.0557506
323.42659,8.8426834
323.76235,9.1904019
324.09828,4.8636119
324.43439,7.3681959
324.77067,5.5119969
325.10712,3.0832502
325.44375,10.811368
325.78055,10.813996
326.11753,10.816626
326.45468,10.45063
326.792,10.625812
327.1295,9.4049164
327.46718,9.5408851
327.80502,9.8494042
328.14305,9.2481208
328.48124,10.835074
328.81961,10.837715
329.15816,10.840357
329.49687,10.827314
329.83577,10.845646
330.17483,9.9698604
330.51407,7.6430963
330.85349,10.720255
331.19308,10.715062
331.53284,9.0079101
331.87278,10.814485
332.21289,9.8602764
332.55318,5.6041087
332.89364,10.171472
333.23427,9.3427577
333.57508,4.1767901
333.91607,8.273569
334.25722,8.3154472
334.59855,9.3612484
334.94006,10.885482
335.28174,10.888149
335.62359,10.890817
335.96562,10.893486
336.30782,10.896157
336.6502,10.898829
336.99275,10.901503
337.33548,10.904178
337.67837,10.906854
338.02145,10.909531
338.36469,10.91221
338.70812,10.773714
339.05171,10.878356
339.39548,10.920255
339.73943,10.922939
340.08354,10.800135
340.42784,10.928312
340.7723,9.0800202
341.11694,3.710161
341.46176,9.022656
341.80675,6.1861328
342.15191,10.17314
342.49725,10.826816
342.84276,3.8099047
343.18845,-2.3442601
343.53431,0.14471374
343.88034,-4.0957229
344.22655,-0.32047183
344.57293,3.8626237
344.91949,-1.6640833
345.26622,-2.7280439
345.61313,0.21584001
345.96021,-2.3696865
346.30746,-2.1081528
346.65489,1.8082842
347.00249,2.1325658
347.35027,9.2254761
347.69822,10.77329
348.04634,7.6701244
348.39464,3.3512741
348.74311,7.4324251
349.09176,3.6155383
349.44058,2.2378686
349.78958,4.8758864
350.13875,2.1491998
350.48809,2.818593
350.83761,7.5664188
351.1873,7.2946382
351.53717,10.920898
351.88721,11.017748
352.23742,11.012638
352.58781,11.023216
352.93838,11.025952
353.28911,11.028689
353.64003,11.031428
353.99111,11.034168
354.34237,11.036909
354.69381,11.039652
355.04541,11.042396
355.3972,11.045142
355.74915,11.047889
356.10128,11.050637
356.45359,11.053386
356.80607,11.056137
357.15872,11.05889
357.51155,11.061643
357.86455,11.064398
358.21773,11.067155
358.57108,10.91305
358.9246,9.5667893
359.2783,8.5185694
359.63217,-1.9649433
359.98622,-2.7229644
360.34044,-0.6260822
360.69484,-10.35665
361.04941,-5.9617255
361.40415,6.0100572
361.75907,-1.6495312
362.11416,-7.4895102
362.46943,-3.4000758
362.82487,-9.3890713
363.18048,-12.021202
363.53627,-9.4062733
363.89224,-9.6070288
364.24837,-6.0587632
364.60468,-5.1928489
364.96117,-5.1818351
365.31783,0.74290574
365.67466,1.114707
366.03167,6.7335686
366.38885,11.136745
366.74621,10.857571
367.10374,7.4097705
367.46145,11.146285
367.81933,11.149468
368.17738,5.8350061
368.53561,4.0107413
368.89401,2.8766741
369.25259,-2.2730778
369.61134,1.2203091
369.97026,0.039187739
370.32936,-0.86742226
370.68863,4.7279301
371.04808,2.0095585
371.4077,-0.44214491
371.76749,1.9532121
372.12746,1.7524922
372.48761,9.7086366
372.84793,11.068704
373.20842,8.4287731
373.56908,9.0751183
373.92992,10.748916
374.29094,10.069774
374.65213,11.210241
375.01349,11.213455
375.37503,11.216671
375.73674,11.196359
376.09862,11.223107
376.46068,11.226327
376.82292,11.229549
377.18533,11.232772
377.54791,11.235997
377.91067,11.12942
378.2736,10.975785
378.6367,11.245681
378.99998,11.248912
379.36343,11.252145
379.72706,11.255379
380.09086,11.258615
380.45484,11.261852
380.81899,11.265091
381.18331,11.268332
381.54781,11.271574
381.91248,11.274817
382.27733,11.278062
382.64235,11.281309
383.00755,11.284557
383.37292,11.287807
383.73846,11.291058
384.10418,11.294311
384.47007,11.297565
384.83613,11.300821
385.20237,11.304078
385.56879,11.307337
385.93538,11.310598
386.30214,11.258958
386.66908,7.9837902
387.03619,-5.2992191
387.40347,-4.2763445
387.77093,-7.4260174
388.13857,-9.5325515
388.50638,-4.211633
388.87436,-7.173066
389.24251,-7.7893993
389.61084,-1.5586723
389.97935,-2.0102967
390.34803,2.9890609
390.71688,9.8943023
391.08591,9.1289571
391.45511,10.983221
391.82449,11.362977
392.19404,11.311362
392.56376,9.3068074
392.93366,9.686568
393.30373,10.544761
393.67398,11.379427
394.0444,10.637624
394.41499,5.1271944
394.78576,5.8206882
395.1567,1.9651639
395.52782,2.5331707
395.89911,7.1796103
396.27058,3.4495809
396.64222,3.5391609
397.01403,6.1699189
397.38602,9.8908745
397.75819,11.415753
398.13052,11.419065
398.50303,11.422378
398.87572,11.425693
399.24858,11.429009
399.62161,11.432327
399.99482,11.435647
400.3682,11.438967
400.74176,11.44229
401.11549,11.445614
401.48939,11.44894
401.86347,11.452267
402.23772,11.455596
402.61215,11.458926
402.98675,11.462258
403.36153,11.465591
403.73648,11.468926
404.1116,11.472262
404.4869,11.4756
404.86237,11.47894
405.23802,11.482281
405.61384,11.485624
405.98983,11.488968
406.366,11.492314
406.74235,11.495661
407.11886,9.6794019
407.49556,3.0003994
407.87242,-0.1648761
408.24946,-1.2203461
408.62668,2.5634011
409.00406,-4.0920658
409.38163,-5.8141979
409.75936,-6.0931911
410.13727,-9.6035554
410.51536,-6.7531338
410.89362,-7.2125145
411.27205,-8.432678
411.65066,-1.9351929
412.02944,-3.2965298
412.4084,-1.6617867
412.78753,0.52982065
413.16683,-4.8079822
413.54631,-5.1810776
413.92596,-4.3227989
414.30579,-3.7547147
414.68579,6.068273
415.06597,8.2049877
415.44632,2.4750373
415.82684,2.6431277
416.20754,7.1876902
416.58841,11.512646
416.96946,11.586624
417.35068,11.519426
417.73207,11.130662
418.11364,11.534055
418.49538,10.933529
418.8773,11.478102
419.25939,11.489344
419.64166,10.386862
420.0241,11.041244
420.40671,11.444647
420.7895,11.6206
421.17246,11.624006
421.5556,11.627414
421.93891,11.630823
422.32239,11.634234
422.70605,11.637647
423.08989,11.641061
423.47389,11.644476
423.85808,11.647893
424.24243,11.651312
424.62696,11.654732
425.01167,11.658153
425.39654,11.661577
425.7816,11.665001
426.16682,11.668428
426.55222,11.671856
426.9378,11.675285
427.32355,11.53754
427.70947,10.607639
428.09557,0.97970025
428.48184,-4.1698053
428.86829,-7.2095054
429.25491,-4.7433216
429.6417,-5.3751755
430.02867,-10.877616
430.41582,-10.615349
430.80313,-10.447198
431.19062,-10.78885
431.57829,-8.1501078
431.96613,-10.146658
432.35414,-10.794188
432.74233,-9.0966172
433.13069,-7.5559081
433.51923,-1.591668
433.90794,-3.2901715
434.29682,-4.2435754
434.68588,2.3716497
435.07512,1.708445
435.46452,3.0217124
435.85411,5.6918441
436.24386,7.2168793
436.63379,11.706622
437.0239,11.757151
437.41417,11.768465
437.80463,11.771938
438.19525,11.602863
438.58605,11.739672
438.97703,11.774522
439.36818,11.464276
439.7595,11.789325
440.151,11.761434
440.54267,11.647271
440.93452,11.799776
441.32654,11.716988
441.71873,11.806751
442.1111,11.810241
442.50364,11.327458
442.89636,10.570166
443.28925,11.54621
443.68232,11.816372
444.07556,11.827713
444.46897,11.815526
444.86256,11.285693
445.25632,11.689196
445.65026,11.763288
446.04437,11.845224
446.43865,11.848731
446.83311,11.82871
447.22774,11.85575
447.62255,11.859261
448.01753,11.862774
448.41269,11.866289
448.80802,11.869805
449.20352,11.873323
449.5992,11.767038
449.99505,10.711735
450.39108,10.166238
450.78728,4.0207424
451.18365,0.7772091
451.5802,1.345442
451.97693,-3.3490686
452.37382,-3.3063228
452.77089,-3.7969088
453.16814,-3.5031795
453.56556,0.014080733
453.96315,-3.7863045
454.36092,-3.2964921
454.75887,-1.8419723
455.15698,-2.5913725
455.55527,2.3519564
455.95374,1.1697891
456.35238,-0.012383992
456.75119,1.2211232
457.15018,-1.6787088
457.54934,-1.6138409
457.94868,-1.5960377
458.34819,0.076661566
458.74787,3.6866098
459.14773,0.68478738
459.54776,0.31041003
459.94797,3.2144581
460.34835,6.0871278
460.74891,10.536262
461.14964,10.216763
461.55054,8.7051012
461.95162,9.7738256
462.35287,10.152348
462.7543,11.668119
463.1559,11.654473
463.55767,11.640821
463.95962,11.627163
464.36174,11.613499
464.76404,11.599829
465.16651,11.586153
465.56916,11.572471
465.97198,11.558783
466.37497,11.54509
466.77814,11.53139
467.18148,11.517685
467.585,11.503973
467.98869,11.490256
468.39256,11.476533
468.79659,11.462803
469.20081,11.449068
469.6052,11.435327
470.00976,11.42158
470.41449,11.407827
470.8194,11.394069
471.22449,11.380304
471.62975,11.366533
472.03518,11.352757
472.44079,11.338975
472.84657,11.325186
473.25252,11.311392
473.65865,11.140729
474.06496,5.5504522
474.47143,-1.5378696
474.87809,-2.5791385
475.28491,-2.0517859
475.69191,0.41281565
476.09909,-2.110824
476.50644,-3.7795676
476.91396,-2.9071406
477.32166,-3.2425627
477.72953,-2.0642652
478.13757,-3.6781305
478.54579,-3.2449429
478.95419,-1.886271
479.36275,-2.0178011
479.7715,1.9526236
480.18041,1.3426503
480.5895,1.1012985
480.99877,4.2324898
481.40821,5.8264203
481.81782,8.6203448
482.22761,8.873087
482.63757,9.8473919
483.04771,10.437377
483.45802,10.705788
483.8685,10.950663
484.27916,10.936709
484.68999,10.781573
485.101,10.516626
485.51218,9.9536349
485.92353,10.355343
486.33506,10.21587
486.74677,9.346978
487.15864,10.65063
487.5707,10.824863
487.98292,10.810856
488.39532,10.796843
488.8079,10.782824
489.22064,10.768798
489.63357,10.754767
490.04666,10.74073
490.45994,10.726688
490.87338,10.712639
491.287,10.698584
491.70079,10.684523
492.11476,10.670457
492.5289,10.656384
492.94322,10.642306
493.35771,10.408614
493.77238,10.300406
494.18722,10.552977
494.60223,10.585933
495.01742,9.4580999
495.43278,8.8635939
495.84831,8.3161407
496.26402,3.6275052
496.67991,0.90749117
497.09596,-2.2517444
497.5122,-2.6737311
497.9286,-3.174155
498.34518,-3.8157613
498.76194,-3.116197
499.17887,-3.4754622
499.59597,-0.47002749
500.01325,-1.0410692
500.4307,-2.2317247
500.84833,-1.3047391
501.26613,-1.3973672
501.6841,0.3609791
502.10225,-0.1159746
502.52057,-1.1184244
502.93907,0.53010025
503.35774,1.0413641
503.77659,3.8977201
504.1956,4.4089721
504.6148,6.3162966
505.03417,7.4942034
505.45371,7.4564181
505.87342,9.489215
506.29331,10.03181
506.71338,10.174399
507.13362,10.160119
507.55403,10.145834
507.97462,10.131542
508.39538,10.070186
508.81631,10.063726
509.23742,10.041574
509.65871,9.5723566
510.08017,9.6599963
510.5018,10.029983
510.92361,10.031336
511.34559,10.016998
511.76774,9.9791235
512.19007,9.8157532
512.61257,9.9739457
513.03525,9.9595832
513.4581,9.9452148
513.88113,9.4445659
514.30433,6.8654798
514.7277,7.6197211
515.15125,9.2131722
515.57497,7.5595585
515.99887,2.9804487
516.42294,2.3934898
516.84719,2.0496623
517.2716,4.5450445
517.6962,2.8521856
518.12097,0.71226185
518.54591,2.1880185
518.97102,-0.11662294
519.39631,0.73951402
519.82178,1.2113313
520.24742,1.471378
520.67323,2.7588698
521.09922,2.8541988
521.52538,7.6632473
521.95171,8.189937
522.37822,8.7166208
522.80491,9.6276123
523.23176,9.6131078
523.6588,9.5044797
524.086,9.5683947
524.51338,9.5695587
524.94094,9.5550304
525.36867,9.5404963
525.79657,9.5259563
526.22465,9.5114103
526.6529,9.4968584
527.08132,8.8548496
527.50992,8.0795016
527.9387,8.927677
528.36765,7.7601603
528.79677,6.3651866
529.22606,7.0564816
529.65553,8.5399275
530.08518,8.3527792
530.515,4.9891544
530.94499,5.1941512
531.37516,5.6736518
531.8055,7.4864799
532.23602,6.6247922
532.66671,4.5474124
533.09757,7.1680658
533.52861,9.1455761
533.95982,9.2485706
534.39121,9.2339122
534.82277,9.1878753
535.25451,9.2045776
535.68641,9.1899014
536.1185,8.932082
536.55076,8.1566097
536.98319,5.6556412
537.41579,4.989961
537.84857,1.7517258
538.28153,1.1409356
538.71466,-1.7129977
539.14796,-2.0806624
539.58144,0.80656894
540.01509,-1.3807155
540.44891,-2.6425156
540.88291,-3.0258902
541.31709,-1.017114
541.75144,-0.25540244
542.18596,-1.2270302
542.62065,-0.40258536
543.05552,-1.1859896
543.49057,-0.0086154864
543.92579,1.6001253
544.36118,3.5147425
544.79675,5.7117067
545.23249,7.1321944
545.66841,8.6075782
546.1045,8.5692305
546.54076,8.5700926
546.9772,8.7356547
547.41381,8.7914069
547.8506,8.776565
548.28756,8.7617172
548.72469,8.7468634
549.162,8.7320037
549.59949,8.7171382
550.03714,8.7022666
550.47498,8.6873892
550.91298,8.6725059
551.35116,8.6576166
551.78952,8.6427214
552.22804,8.6278203
552.66675,8.6129133
553.10562,8.5980003
553.54468,8.5830815
553.9839,8.5681567
554.4233,8.553226
554.86287,8.5382894
555.30262,8.4135429
555.74254,6.6809474
556.18264,4.9797185
556.62291,4.439268
557.06335,5.2792037
557.50397,1.3112904
557.94477,-2.8919229
558.38573,-3.9892598
558.82688,-4.1375831
559.26819,-0.56826513
559.70968,-2.9832669
560.15134,-3.6021961
560.59318,-4.0812934
561.03519,-4.0349039
561.47738,-1.604204
561.91974,-3.2205662
562.36228,-1.9898731
562.80499,-3.1905558
563.24787,-3.6618301
563.69093,-2.3919313
564.13416,-1.1769378
564.57756,2.0380524
565.02114,0.8608823
565.4649,1.4876304
565.90883,1.2516301
566.35293,1.8862147
566.79721,3.7756979
567.24166,4.8651777
567.68628,7.9311247
568.13108,7.8833429
568.57606,8.1022245
569.0212,7.9054164
569.46652,7.6693892
569.91202,7.7313979
570.35769,6.3188935
570.80354,5.9495229
571.24955,5.4154431
571.69575,6.5284188
572.14211,7.0531559
572.58866,7.9308307
573.03537,8.0790905
573.48226,8.1018566
573.92932,8.0932469
574.37656,8.0846339
574.82397,8.0760174
575.27156,8.0673976
575.71932,8.0587745
576.16726,8.050148
576.61536,8.0258319
577.06365,7.9622967
577.5121,8.0242484
577.96074,7.5450203
578.40954,7.1991221
578.85852,6.6806716
579.30768,7.1033942
579.757,6.5457212
580.20651,7.305692
580.65618,7.8225222
581.10603,7.7746431
581.55606,7.6247999
582.00626,6.7926004
582.45663,6.2113779
582.90718,4.4928972
583.3579,3.9587268
583.8088,2.6559256
584.25987,3.4080231
584.71111,3.4307054
585.16253,3.8690706
585.61412,4.6603737
586.06589,3.2477519
586.51783,3.5998325
586.96995,4.2107334
587.42224,6.0451603
587.8747,5.605074
588.32734,5.3924354
588.78015,5.6660679
589.23313,5.6887167
589.6863,7.1231268
590.13963,7.0045924
590.59314,7.4742899
591.04682,7.136141
591.50068,7.4019102
591.95471,7.6206173
592.40892,7.6275564
592.86329,7.7286097
593.31785,7.6335812
593.77258,7.5228631
594.22748,7.3337103
594.68256,7.426907
595.13781,7.551473
595.59323,7.6289767
596.04883,7.3613791
596.5046,7.368288
596.96055,7.4144091
597.41667,7.5546446
597.87297,7.6321316
598.32944,7.6233407
598.78608,7.6145465
599.2429,7.5822195
599.69989,7.4871441
600.15706,7.548928
600.6144,7.2969831
601.07192,7.3273878
601.52961,7.1930833
601.98747,7.1607362
602.44551,6.3597582
602.90372,5.6136789
603.3621,5.306812
603.82066,4.8587652
604.2794,5.383264
604.73831,4.3861909
605.19739,4.4244085
605.65665,4.6979169
606.11608,6.2655396
606.57568,6.0370805
607.03546,5.3301867
607.49542,5.4232896
607.95554,5.0850165
608.41585,5.0996812
608.87632,4.2280681
609.33697,4.4152752
609.7978,5.1436553
610.2588,5.9661498
610.71997,6.3572684
611.18132,5.9483836
611.64284,6.5042013
612.10453,6.9266824
612.5664,7.3256306
613.02845,7.1598697
613.49067,7.260772
613.95306,7.1655926
614.41563,6.9841353
614.87837,7.2497335
615.34128,6.8721911
615.80437,6.6828806
616.26763,6.6269001
616.73107,6.9395436
617.19468,6.6639486
617.65847,6.9138403
618.12243,7.0774542
618.58656,7.1155746
619.05087,6.8870249
619.51535,7.121217
619.98001,7.0495234
620.44484,6.9935127
620.90985,7.01593
621.37503,6.755991
621.84038,6.5666369
622.30591,6.3694363
622.77161,6.721252
623.23749,6.9475741
623.70354,6.6170301
624.16976,6.7806004
624.63616,7.0539712
625.10273,7.1077309
625.56948,6.7614872
626.0364,6.7132794
626.5035,6.6572251
626.97077,7.0090106
627.43821,7.0627534
627.90583,7.0145322
628.37362,5.9388566
628.84159,5.0749424
629.30973,4.909064
629.77804,4.2020058
630.24653,4.4047482
630.71519,4.081997
631.18403,4.0651249
631.65304,3.6090336
632.12223,4.2509783
632.59159,5.0497823
633.06112,4.6407399
633.53083,4.4826744
634.00071,4.403037
634.47077,5.280259
634.941,5.545713
635.41141,5.9758694
635.88199,5.8413166
636.35274,6.3891134
636.82367,6.3565147
637.29477,6.0337166
637.76604,6.0167975
638.23749,5.3959534
638.70912,6.1162824
639.18092,6.2170003
639.65289,6.2079109
640.12504,6.2772495
640.59736,5.6720749
641.06985,5.7570931
641.54252,6.2185785
642.01537,6.421237
642.48838,6.0984019
642.96158,5.571642
643.43494,5.0840943
643.90848,6.2200728
644.3822,6.0227145
644.85609,5.888098
645.33015,5.8397526
645.80439,6.2698353
646.2788,6.5273656
646.75338,6.3456768
647.22814,6.297318
647.70308,6.4607206
648.17819,6.2476492
648.65347,6.0737902
649.12892,5.8842415
649.60456,5.5848856
650.08036,5.9129772
650.55634,5.7391048
651.03249,5.0005231
651.50882,3.6188008
651.98532,3.6331535
652.462,3.8827971
652.93885,3.4030255
653.41587,4.436976
653.89307,5.0709232
654.37044,6.4734945
654.84799,6.1505723
655.32571,5.8041172
655.80361,5.8811883
656.28168,6.1229618
656.75992,6.3255164
657.23834,6.0810087
657.71693,5.6325761
658.19569,5.9057088
658.67463,6.1474656
659.15375,6.21667
659.63304,6.3172436
660.1125,5.9236962
660.59214,5.8909298
661.07195,5.7640423
661.55193,5.7940143
662.03209,5.1181005
662.51243,5.6264972
662.99294,5.2094002
663.47362,4.6903392
663.95447,5.0497061
664.43551,5.4796579
664.91671,5.7292142
665.39809,5.225826
665.87964,4.7381207
666.36137,4.987667
666.84327,5.1430922
667.32535,4.5691024
667.8076,4.6853052
668.29002,4.7779753
668.77262,5.4118185
669.25539,5.9201681
669.73834,5.314789
670.22146,5.0074456
670.70475,5.2961774
671.18822,6.0790234
671.67187,5.9677484
672.15568,6.2015682
672.63968,5.9255806
673.12384,5.3593936
673.60818,3.577517
674.0927,3.5838723
674.57738,3.2764988
675.06225,2.9534357
675.54728,2.222526
676.0325,2.4720052
676.51788,4.266579
677.00344,5.3944828
677.48917,5.5812068
677.97508,4.7640059
678.46116,4.5585663
678.94742,3.6158685
679.43385,4.7359124
679.92045,4.0520314
680.40723,3.195598
680.89419,3.6803377
681.38131,4.8474271
681.86861,4.814513
682.35609,4.8129682
682.84374,5.0624004
683.33156,5.4216331
683.81956,5.7259606
684.30773,5.6616572
684.79608,5.8169584
685.2846,5.9487267
685.7733,5.9393153
686.26217,5.9299004
686.75121,5.9204823
687.24043,5.7228254
687.72982,5.7761457
688.21938,5.6804429
688.70912,5.8592466
689.19904,5.8733411
689.68913,5.8639028
690.17939,5.8544611
690.66983,5.8450161
691.16044,5.8355678
691.65122,5.8261161
692.14218,5.816661
692.63331,5.8072026
693.12462,5.7977408
693.6161,5.7882756
694.10776,5.7788071
694.59959,5.7693353
695.09159,5.7598601
695.58377,5.7503815
696.07613,2.101684
696.56865,-0.92740915
697.06135,-0.70160365
697.55423,0.35557104
698.04728,0.42450709
698.5405,1.0581457
699.0339,-1.2964544
699.52747,-1.4785088
700.02122,0.54335498
700.51514,3.3103135
701.00923,1.6066804
701.5035,0.51480861
701.99795,1.5248943
702.49256,4.8800747
702.98736,5.0038791
703.48232,3.4178763
703.97746,2.3808897
704.47277,3.1086057
704.96826,3.2010242
705.46393,5.2855962
705.95976,5.4015374
706.45577,5.4390439
706.95196,4.8569391
707.44832,4.6513016
707.94485,5.4652686
708.44156,5.5027617
708.93844,5.4931926
709.4355,5.4836201
709.93273,5.4740442
710.43013,5.4252494
710.92771,5.368608
711.42546,4.8335319
711.92339,3.5768838
712.42149,4.0927814
712.91976,5.4008325
713.41821,5.1637822
713.91684,4.613003
714.41563,5.1210441
714.91461,4.9937876
715.41375,4.9841749
715.91307,4.8804412
716.41257,4.2982727
716.91224,0.28080676
717.41208,-3.5954861
717.9121,-6.1776646
718.41229,-7.4421994
718.91265,-7.1616396
719.41319,-6.7163772
719.91391,-8.1926868
720.4148,-8.8454703
720.91586,-7.600218
721.41709,-5.1706553
721.9185,-5.9097234
722.42009,-4.256638
722.92185,-3.0584579
723.42378,0.022071739
723.92589,-2.0974019
724.42817,-2.0364868
724.93063,0.33815042
725.43326,3.3323922
725.93606,2.9074064
726.43904,2.4745797
726.94219,3.7594023
727.44552,5.1069723
727.94902,4.9721914
728.45269,4.9864324
728.95654,4.7261659
729.46057,4.7953133
729.96476,4.6370119
730.46914,3.6630264
730.97368,4.391004
731.4784,5.0248661
731.9833,4.945005
732.48837,4.5357343
732.99361,4.3931324
733.49902,5.0897485
734.00462,5.229504
734.51038,3.6829873
735.01632,2.2305904
735.52243,3.6330977
736.02872,4.110117
736.53518,2.4224326
737.04182,1.0092602
737.54863,2.2313842
738.05562,3.6652751
738.56277,2.8795603
739.07011,2.3134556
739.57762,0.72774533
740.0853,0.96164507
740.59315,1.1877039
741.10118,1.4608237
741.60939,1.8672791
742.11776,3.434521
742.62632,3.5272554
743.13504,3.5572468
743.64394,2.8421424
744.15302,4.1584128
744.66227,4.423705
745.17169,4.092921
745.68129,2.8680216
746.19106,1.8078302
746.70101,1.2182293
747.21113,1.279611
747.72142,1.3645243
748.23189,1.3082634
748.74253,1.675534
749.25335,2.1996697
749.76434,2.8414546
750.2755,4.3303006
750.78684,4.7132664
751.29836,4.9158422
751.81005,5.5105772
752.32191,5.517079
752.83394,5.3196615
753.34615,4.3536188
753.85854,4.4699312
754.3711,4.8293831
754.88383,4.5143274
755.39674,4.1208425
755.90982,3.6724579
756.42307,3.6868206
756.9365,4.3992248
757.45011,3.8410429
757.96388,3.6514906
758.47784,2.4031171
758.99196,1.8684712
759.50626,0.64363153
760.02074,0.15604893
760.53539,0.029252857
761.05021,0.89853743
761.56521,0.38743206
762.08038,1.1861328
762.59573,1.6789534
763.11125,2.7207959
763.62694,3.38617
764.14281,3.1652717
764.65885,2.677709
765.17507,3.413678
765.69146,3.2241589
766.20802,2.8071911
766.72476,3.0882647
767.24168,3.6516935
767.75876,3.7053206
768.27602,4.1040479
768.79346,3.8910127
769.31107,4.2740582
769.82886,3.519851
770.34681,3.8715283
770.86495,3.776149
771.38325,4.080772
771.90173,4.1657893
772.42039,3.348848
772.93922,3.3397521
773.45822,3.5267368
773.9774,2.9215669
774.49675,3.5320855
775.01628,3.7739788
775.53598,3.8903842
776.05585,2.822478
776.5759,3.1114368
777.09613,3.3454959
777.61652,3.1246552
778.13709,2.5979343
778.65784,2.2202353
779.17876,2.04646
779.69985,2.6256282
780.22112,2.3106809
780.74256,2.5525986
781.26418,2.0180479
781.78597,1.9462445
782.30794,1.4901296
782.83008,2.2026443
783.35239,1.9661417
783.87488,1.9806217
784.39754,1.3127509
784.92037,2.4409608
785.44338,1.459369
785.96657,1.7091519
786.48993,1.6452115
787.01346,1.9812734
787.53717,2.1134159
788.06105,2.5200705
788.5851,1.1228056
789.10933,1.8431901
789.63373,2.6655375
790.15831,4.0055342
790.68306,3.3141606
791.20799,2.9365147
791.73309,2.386322
792.25836,2.7851511
792.78381,2.705551
793.30944,2.7592865
793.83523,2.4836124
794.3612,2.9687249
794.88735,3.1322709
795.41367,3.5389564
795.94016,2.8319186
796.46683,3.0974321
796.99367,4.7903988
797.52069,5.9186617
798.04788,6.0430054
798.57525,5.7987238
799.10278,5.6407189
799.6305,5.5611476
800.15838,5.3011863
800.68645,5.4725998
801.21468,5.2910744
801.74309,4.2154335
802.27168,3.0221478
802.80043,2.4720015
803.32937,1.2865633
803.85847,0.78348034
804.38775,-0.20587497
804.91721,-0.95209082
805.44684,-1.0865397
805.97664,-1.1268688
806.50662,-0.72797997
807.03677,0.21208755
807.5671,-0.38509763
808.0976,-0.49600607
808.62827,1.0323034
809.15912,2.3331641
809.69014,2.6457917
810.22134,2.4956764
810.75271,2.5808574
811.28426,2.7209426
811.81597,1.9825987
812.34787,1.9971981
812.87994,3.4157214
813.41218,3.014639
813.94459,2.684147
814.47718,3.4360102
815.00995,3.238856
815.54289,1.8809197
816.076,1.9190641
816.60929,1.8866224
817.14275,1.6502614
817.67638,1.1315496
818.21019,1.0363695
818.74418,1.7490347
819.27834,2.3754276
819.81267,1.8567247
820.34718,2.2713573
820.88186,2.733051
821.41671,4.1437665
821.95174,4.974092
822.48694,4.7063806
823.02232,4.5249459
823.55787,4.3670428
824.0936,4.8679654
824.6295,4.4669295
825.16557,2.7717781
825.70182,3.2413348
826.23824,3.2246192
826.77484,3.2392784
827.31161,2.97943
827.84856,3.2921328
828.38567,3.0479751
828.92297,3.0548
829.46044,2.4420193
829.99808,2.1586526
830.53589,1.6713665
831.07388,1.3958473
831.61205,-0.33065011
832.15039,0.16246258
832.6889,1.6830285
833.22759,1.9643809
833.76645,0.67710803
834.30548,-0.36702533
834.84469,-0.65037217
835.38408,-0.44744229
835.92363,-0.095490583
836.46337,-0.71608569
837.00327,0.69469397
837.54335,0.61527977
838.08361,0.9201815
838.62404,1.5544972
839.16464,0.97312885
839.70542,0.75254703
840.24637,1.6143204
840.78749,2.2094292
841.32879,3.1731678
841.87027,1.7447516
842.41192,2.6222201
842.95374,4.8800829
843.49574,5.937948
844.03791,5.5369917
844.58025,4.6889788
845.12277,3.950772
845.66546,3.7772734
846.20833,2.6782867
846.75137,1.8538121
847.29459,1.4058102
847.83798,1.0833008
848.38154,1.0902054
848.92528,1.5127984
849.46919,0.57853093
850.01328,0.32661859
850.55754,1.5100026
851.10198,2.2777025
851.64659,2.0179537
852.19137,1.1542855
852.73633,0.87101167
853.28146,0.58774006
853.82677,0.87701968
854.37225,0.62512504
854.9179,0.36538948
855.46373,-0.62375563
856.00973,0.057689707
856.55591,-0.57066667
857.10226,-1.0908753
857.64879,-0.74048394
858.19549,-2.1391005
858.74236,-1.9455486
859.28941,-1.0225732
859.83663,0.52002175
860.38403,-0.047175549
860.9316,-1.1476945
861.47934,-1.3932998
862.02726,0.48659678
862.57535,0.47630896
863.12362,0.88956225
863.67206,-0.30501592
864.22068,-0.5113471
864.76947,1.4940981
865.31843,2.8407315
865.86757,4.2658079
866.41688,4.6242293
866.96637,4.3159958
867.51603,5.9999308
868.06587,7.0407402
868.61588,7.375679
869.16606,7.0047471
869.71642,6.8377485
870.26695,5.9805654
870.81765,4.8018255
871.36853,3.2623129
871.91959,1.5110473
872.47082,-0.6872655
873.02222,-1.0345862
873.5738,-1.2093462
874.12555,-0.78801601
874.67747,-0.39804673
875.22957,-1.333556
875.78185,-1.7043476
876.3343,-2.7496374
876.88692,-2.2106018
877.43971,-2.5342995
877.99268,-2.6383778
878.54583,-0.47577768
879.09915,1.2005596
879.65264,0.68867327
880.20631,0.59248491
880.76015,1.3512102
881.31416,1.0119079
881.86835,0.90006835
882.42272,1.5882405
882.97726,3.5313262
883.53197,2.0940315
884.08686,2.6959641
884.64192,5.7606536
885.19715,6.6763351
885.75256,5.0430087
886.30814,2.7979293
886.8639,2.9058027
887.41983,3.2332957
887.97594,2.6980552
888.53222,4.9549833
889.08867,7.2746682
889.6453,8.2139726
890.2021,7.8513279
890.75908,7.3945773
891.31623,6.6005834
891.87356,5.3595424
892.43106,3.028317
892.98873,1.5833778
893.54658,1.0560974
894.1046,-0.47509293
894.6628,-0.65725197
895.22117,0.12530656
895.77971,0.70395521
896.33843,-0.72522759
896.89732,-2.1622418
897.45639,-1.4266954
898.01563,-0.65192157
898.57505,-1.8094841
899.13463,-1.939575
899.6944,-1.7872925
900.25434,-2.3487149
900.81445,-1.6944306
901.37474,-1.2362041
901.9352,-2.3936433
902.49583,-2.6020424
903.05664,-0.77904842
903.61762,1.1459269
904.17878,1.4787659
904.74011,3.8351548
905.30162,8.5915643
905.8633,9.9754453
906.42515,9.4456214
906.98718,7.8334651
907.54938,7.3272116
908.11176,7.6131356
908.67431,7.6324134
909.23703,8.3575941
909.79993,9.2082856
910.36301,9.2433113
910.92625,9.3881615
911.48968,10.607542
912.05327,10.964198
912.61704,11.250286
913.18099,11.026591
913.74511,10.920564
914.3094,10.226321
914.87386,8.4889625
915.43851,6.5006436
916.00332,4.3241101
916.56831,3.1672049
917.13347,2.0495359
917.69881,0.5162012
918.26432,1.1162204
918.83001,1.026064
919.39587,0.2222027
919.96191,0.19483252
920.52811,-0.012909278
921.0945,0.73623221
921.66105,1.6657864
922.22779,4.2032043
922.79469,6.2229956
923.36177,5.47418
923.92902,4.3096987
924.49645,5.3962184
925.06406,7.2356997
925.63183,7.3183388
926.19978,7.1108025
926.76791,7.6562278
927.33621,8.7663795
927.90468,10.731454
928.47333,11.567137
929.04215,11.587154
929.61114,11.215035
930.18031,9.5252895
930.74966,8.5885057
931.31918,6.4831149
931.88887,5.0365682
932.45874,5.2920029
933.02878,5.6415757
933.59899,5.2460711
934.16938,6.4819595
934.73995,9.9531626
935.31068,11.455759
935.88159,11.366219
936.45268,9.8649343
937.02394,8.3087686
937.59538,6.7761528
938.16698,4.8906164
938.73877,3.2874534
939.31072,2.4529385
939.88286,0.73216958
940.45516,0.50161729
941.02764,0.39657573
941.60029,0.18959393
942.17312,1.1747895
942.74612,0.42667235
943.3193,-0.1724047
943.89265,0.11481331
944.46618,0.54322833
945.03987,0.91676193
945.61375,0.52953176
946.18779,-0.26552101
946.76202,0.11591735
947.33641,0.30129782
947.91098,0.83179686
948.48573,1.1034929
949.06064,1.5869742
949.63574,1.8038094
950.211,1.4167436
950.78644,2.8336198
951.36206,5.3407127
951.93785,6.1066496
952.51381,5.664764
953.08995,5.9758401
953.66626,6.4437994
954.24275,6.2764852
954.81941,4.9562503
955.39624,5.0242713
955.97325,4.1432932
956.55043,3.1603749
957.12779,4.7264967
957.70532,7.3593057
958.28303,6.6744882
958.8609,4.7818481
959.43896,3.2107972
960.01719,2.4711394
960.59559,1.6060119
961.17416,0.78012061
961.75291,-0.014377561
962.33184,0.28134088
962.91094,0.0045308458
963.49021,-0.72716061
964.06966,1.0195998
964.64928,2.5389299
965.22907,1.9876922
965.80904,0.59725936
966.38919,0.62645492
966.96951,1.1733181
967.55,2.5672606
968.13067,2.1337727
968.71151,2.6650112
969.29252,2.2315644
969.87371,1.6648047
970.45507,3.403948
971.03661,4.4215432
971.61832,3.9097471
972.20021,2.9509128
972.78227,2.0548441
973.3645,1.5666391
973.94691,1.8392389
974.52949,4.1118593
975.11225,3.3727355
975.69518,2.7434362
976.27829,2.318079
976.86156,3.014311
977.44502,2.6909556
978.02865,1.7558561
978.61245,2.4756791
979.19642,1.9406207
979.78057,0.8644063
980.3649,2.2666439
980.9494,8.1238039
981.53407,10.098632
982.11892,7.2028915
982.70394,4.6601132
983.28913,5.3095123
983.8745,4.2334417
984.46005,3.1495485
985.04576,1.7911661
985.63166,0.77790223
986.21772,-0.56475285
986.80396,-0.84856386
987.39038,-0.14411904
987.97697,0.22309142
988.56373,0.56679301
989.15067,-0.36007309
989.73778,-0.26731082
990.32506,0.26468769
990.91252,-0.0032932627
991.50016,-0.21635171
992.08797,-0.97840923
992.67595,-0.32083837
993.2641,-0.086776377
993.85244,0.029659097
994.44094,-0.10486528
995.02962,0.43514069
995.61847,1.4143829
996.2075,1.1309005
996.7967,0.039595558
997.38608,0.33654643
997.97563,0.71194922
998.56535,-0.010666667
999.15525,-0.022975817
999.74532,1.4157173
1000.3356,2.1642361
1000.926,0.88140425
1001.5166,0.21035893
1002.1074,0.29227664
1002.6983,-0.10421519
1003.2894,-0.82225381
1003.8807,-1.6030157
1004.4722,-1.4425792
1005.0638,-1.1487876
1005.6556,-1.8432095
1006.2476,-1.5885899
1006.8398,-1.3025759
1007.4321,-0.94595179
1008.0246,-0.87165882
1008.6173,-0.7110695
1009.2102,-1.1308505
1009.8032,-1.3859038
1010.3964,-0.47230773
1010.9898,-0.44496438
1011.5834,-1.037207
1012.1771,-1.4960945
1012.771,-0.40201895
1013.3651,-0.25694118
1013.9593,-0.50905622
1014.5538,-0.22782216
1015.1484,-0.18186647
1015.7431,-0.39471854
1016.3381,2.2002883
1016.9332,3.2502128
1017.5285,2.1746629
1018.124,0.63638371
1018.7196,0.73733593
1019.3154,0.88536273
1019.9114,0.91575824
1020.5076,0.95401264
1021.1039,0.87463574
1021.7005,0.69331382
1022.2972,-0.021325671
1022.894,-1.3320278
1023.4911,-1.1603613
1024.0883,-1.2945614
1024.6857,-0.41698094
1025.2832,-0.95899261
1025.881,-1.9951062
1026.4789,0.17663917
1027.077,4.9680081
1027.6752,5.257432
1028.2737,2.7782443
1028.8723,1.9461311
1029.471,1.7022689
1030.07,0.48587354
1030.6691,-0.26776099
1031.2684,-0.52726212
1031.8679,-1.3200808
1032.4676,-0.21484454
1033.0674,0.27079965
1033.6674,1.0309694
1034.2676,-0.56962939
1034.8679,-1.4251144
1035.4684,-1.1747013
1036.0691,-2.1791744
1036.67,-2.062063
1037.2711,-1.6155242
1037.8723,-1.7101461
1038.4737,-1.9223993
1039.0752,-0.97385238
1039.677,0.24922008
1040.2789,0.44485732
1040.881,-1.0379211
1041.4833,0.16166927
1042.0857,3.5808832
1042.6883,4.0746227
1043.2911,2.6703387
1043.8941,1.8935215
1044.4972,1.5010338
1045.1005,1.461503
1045.704,1.5553213
1046.3077,1.2334691
1046.9115,2.0410444
1047.5155,2.8015766
1048.1197,2.1974188
1048.724,-0.14005669
1049.3286,-1.0971242
1049.9333,-0.72084265
1050.5382,-2.1641532
1051.1432,-2.4623499
1051.7484,-2.7762171
1052.3538,-3.1057549
1052.9594,-3.2313553
1053.5652,-3.0275282
1054.1711,-2.5334893
1054.7772,-2.3610032
1055.3835,-2.5257562
1055.9899,-1.9061798
1056.5965,0.16439276
1057.2033,0.24282423
1057.8103,0.32127146
1058.4174,1.6703227
1059.0247,2.3448799
1059.6322,2.0939626
1060.2399,0.9332572
1060.8477,0.83923422
1061.4558,1.1373839
1062.0639,1.019863
1062.6723,3.2788285
1063.2808,3.8280058
1063.8896,3.8360224
1064.4984,2.7773881
1065.1075,2.1579852
1065.7167,1.5699706
1066.3261,1.2721679
1066.9357,0.63712608
1067.5455,0.064845085
1068.1554,-1.3780084
1068.7655,-0.59339511
1069.3758,-0.66366804
1069.9862,-0.76529776
1070.5969,-0.83553917
1071.2077,-0.72537266
1071.8186,-1.16421
1072.4298,0.95383117
1073.0411,4.2012999
1073.6526,4.8370196
1074.2643,2.2978727
1074.8761,1.6881538
1075.4882,2.1764903
1076.1004,0.42954886
1076.7127,-0.7212979
1077.3253,-1.4407559
1077.938,-2.0111781
1078.5509,-1.8678586
1079.1639,-1.8970719
1079.7772,-1.0635238
1080.3906,-1.9946655
1081.0042,-1.3022615
1081.6179,-0.25690012
1082.2319,-0.93701274
1082.846,-1.2720111
1083.4603,-1.0030717
1084.0747,0.41098199
1084.6894,1.3858362
1085.3042,2.1881576
1085.9192,4.3316717
1086.5343,6.4359863
1087.1496,7.0736504
1087.7651,7.3505464
1088.3808,7.988243
1088.9967,6.4926225
1089.6127,5.1774103
1090.2289,4.756332
1090.8453,2.8607601
1091.4618,0.64363572
1092.0786,-0.35778612
1092.6954,-0.62193684
1093.3125,-1.0115615
1093.9298,-2.0756798
1094.5472,-2.457429
1095.1648,-3.0430835
1095.7826,-3.0248002
1096.4005,-3.4849321
1097.0186,-3.0901458
1097.6369,-3.0561276
1098.2554,-2.7867991
1098.874,-2.6351014
1099.4928,-2.169662
1100.1118,-1.4689123
1100.731,-1.3485386
1101.3503,-0.37324662
1101.9698,2.1236302
1102.5895,3.4911114
1103.2094,4.1919422
1103.8294,6.2810244
1104.4496,10.095613
1105.07,9.910218
1105.6905,7.8424862
1106.3113,6.253202
1106.9322,5.0560908
1107.5532,3.1687998
1108.1745,3.0227014
1108.7959,3.2766193
1109.4175,2.5266318
1110.0393,1.117837
1110.6613,1.4110192
1111.2834,0.080688141
1111.9057,-1.5319796
1112.5281,-2.0936507
1113.1508,-1.4631488
1113.7736,-1.3345914
1114.3966,-1.3550375
1115.0198,-1.414683
1115.6431,-1.1449005
1116.2666,-1.6045136
1116.8903,-1.5307771
1117.5142,-1.7942793
1118.1382,-0.3087457
1118.7624,2.6983727
1119.3868,3.7917819
1120.0114,3.5597171
1120.6361,2.1355116
1121.261,1.8721067
1121.8861,1.5695023
1122.5114,1.1963258
1123.1368,1.991793
1123.7624,1.8931588
1124.3882,2.429835
1125.0142,5.5312332
1125.6403,9.8169613
1126.2666,10.432117
1126.8931,9.1884663
1127.5197,7.3409097
1128.1466,6.0502321
1128.7736,7.0262374
1129.4007,8.8885335
1130.0281,10.523395
1130.6556,13.585723
1131.2833,19.50297
1131.9112,26.220233
1132.5392,27.251237
1133.1674,25.952846
1133.7958,23.203491
1134.4244,18.595328
1135.0531,15.383261
1135.6821,11.308464
1136.3111,8.0023107
1136.9404,6.6412718
1137.5698,5.4606413
1138.1995,3.7937526
1138.8293,2.7308016
1139.4592,3.5110041
1140.0893,3.1382816
1140.7197,2.3812616
1141.3501,1.8517088
1141.9808,2.2868781
1142.6116,1.9534361
1143.2426,1.7611869
1143.8738,2.6277773
1144.5052,3.6355605
1145.1367,4.1257128
1145.7684,4.0119598
1146.4003,4.2276347
1147.0323,4.1452866
1147.6646,6.7296214
1148.297,9.5414234
1148.9295,9.9924573
1149.5623,10.553311
1150.1952,9.8043777
1150.8283,8.4280093
1151.4616,7.1457747
1152.095,6.185125
1152.7286,6.8401777
1153.3624,7.0874035
1153.9964,8.1738613
1154.6306,10.14661
1155.2649,10.582119
1155.8994,10.037253
1156.534,9.2806386
1157.1689,7.6534519
1157.8039,5.8223598
1158.4391,4.9010879
1159.0744,4.2621851
1159.71,3.5605535
1160.3457,3.6432517
1160.9816,4.3847898
1161.6176,3.4086969
1162.2538,2.8953654
1162.8903,2.5781286
1163.5268,2.5746334
1164.1636,4.5868407
1164.8005,5.8539662
1165.4376,5.0034609
1166.0749,5.0392462
1166.7124,4.573087
1167.35,3.589297
1167.9878,2.5114055
1168.6258,3.017844
1169.2639,2.8341025
1169.9022,2.7131224
1170.5407,3.9254919
1171.1794,4.9417991
1171.8182,5.4326324
1172.4573,5.1470112
1173.0965,5.2927789
1173.7358,5.3052294
1174.3754,5.4588726
1175.0151,4.3419437
1175.655,3.7740507
1176.295,4.29637
1176.9353,4.4422349
1177.5757,5.7724298
1178.2163,6.1771506
1178.857,4.4563975
1179.498,3.4023273
1180.1391,2.3718027
1180.7804,2.2589413
1181.4218,1.165704
1182.0635,0.62934568
1182.7053,-0.09523173
1183.3472,1.1802071
1183.9894,1.4674268
1184.6317,1.5115255
1185.2742,0.86544427
1185.9169,1.0821244
1186.5598,0.3262717
1187.2028,1.2096509
1187.846,1.6303012
1188.4894,0.34900699
1189.1329,1.4520427
1189.7766,2.2805848
1190.4205,1.3601235
1191.0646,1.3416392
1191.7088,1.6525829
1192.3533,2.0811898
1192.9979,1.6156953
1193.6426,1.6521779
1194.2876,2.7239707
1194.9327,2.8624464
1195.578,2.6558403
1196.2234,2.4178779
1196.8691,2.5642454
1197.5149,1.9420016
1198.1609,1.3511467
1198.807,2.077955
1199.4534,2.1537991
1200.0999,2.6453457
1200.7466,2.3761242
1201.3934,2.4598601
1202.0405,1.6416514
1202.6877,1.1214981
1203.335,0.56998855
1203.9826,0.1518285
1204.6303,0.93368467
1205.2782,0.74300804
1205.9263,1.030779
1206.5746,2.510723
1207.223,1.8887225
1207.8716,2.1686989
1208.5204,2.5506523
1209.1693,1.2463475
1209.8184,0.82049023
1210.4677,2.9515119
1211.1172,3.4668635
1211.7668,2.476349
1212.4167,1.6191841
1213.0667,2.6757608
1213.7168,1.9127459
1214.3672,1.9105315
1215.0177,1.1946079
1215.6684,0.66693576
1216.3192,0.84516219
1216.9703,1.3057578
1217.6215,1.4134284
1218.2729,1.4662133
1218.9244,1.5111712
1219.5762,2.3483022
1220.2281,1.9854495
1220.8802,1.6461423
1221.5324,2.2872435
1222.1849,2.646008
1222.8375,5.4989064
1223.4902,8.5871151
1224.1432,10.098869
1224.7963,8.0969144
1225.4496,6.7537992
1226.1031,3.6695237
1226.7568,1.9421272
1227.4106,1.82259
1228.0646,1.640324
1228.7188,1.5208192
1229.3731,0.67191893
1230.0276,0.31715249
1230.6823,-0.5787742
1231.3372,-0.17272391
1231.9922,-0.20587308
1232.6475,-0.8821433
1233.3029,-0.85251495
1233.9584,-0.92483117
1234.6142,-0.60497432
1235.2701,-0.57529733
1235.9262,0.17596449
1236.5824,0.61351704
1237.2389,0.25892894
1237.8955,0.13180804
1238.5523,0.66352687
1239.2092,0.14428152
1239.8664,1.4054445
1240.5237,1.6548591
1241.1812,0.82978002
1241.8388,0.49099168
1242.4967,0.51300387
1243.1547,0.37032639
1243.8128,0.22766512
1244.4712,0.092863203
1245.1297,-0.026236229
1245.7884,-1.1257116
1246.4473,-1.2761512
1247.1064,-0.022652933
1247.7656,0.14850856
1248.425,0.060862745
1249.0846,-0.65029077
1249.7443,-0.8673156
1250.4042,-0.84903528
1251.0643,-1.3248616
1251.7246,-1.1026376
1252.385,-0.80981437
1253.0457,-0.29737226
1253.7064,0.32488481
1254.3674,0.060878402
1255.0286,-0.10115618
1255.6899,0.27799674
1256.3514,1.8806901
1257.013,1.9775122
1257.6749,1.5566982
1258.3369,1.692758
1258.9991,1.8602014
1259.6614,1.4394205
1260.324,1.034337
1260.9867,0.2998527
1261.6496,0.45165396
1262.3126,0.046603516
1262.9758,0.59058371
1263.6392,0.81300632
1264.3028,0.93347918
1264.9666,2.2225905
1265.6305,1.7783796
1266.2946,1.1773169
1266.9589,0.058618224
1267.6233,0.28110705
1268.288,0.55850886
1268.9528,-0.70917632
1269.6177,-1.4748897
1270.2829,-0.67196457
1270.9482,-0.73177351
1271.6137,-1.0033361
1272.2794,-0.57684848
1272.9452,-0.47976156
1273.6112,-0.57089891
1274.2774,-0.70124091
1274.9438,-0.46294442
1275.6103,-1.2520879
1276.2771,-0.94318108
1276.9439,-0.52445932
1277.611,0.043293076
1278.2783,-0.16541408
1278.9457,0.22981137
1279.6132,-0.80240312
1280.281,-0.37578305
1280.9489,0.98418139
1281.6171,2.0382745
1282.2853,1.6689805
1282.9538,0.60950045
1283.6224,1.9735599
1284.2912,1.5337078
1284.9602,0.67033628
1285.6294,0.081484663
1286.2987,0.47303525
1286.9682,0.19792921
1287.6379,-0.64971579
1288.3077,-1.0973507
1288.9778,-1.1763482
1289.648,-2.0710219
1290.3183,-1.4990189
1290.9889,-0.7622999
1291.6596,-1.2255709
1292.3305,-1.5711848
1293.0016,-1.0069847
1293.6728,-0.38787261
1294.3442,-0.29424066
1295.0158,-0.19275553
1295.6876,-1.1500839
1296.3595,-0.9936767
1297.0316,-1.0490242
1297.7039,-0.10044003
1298.3764,-0.17145368
1299.049,0.039895656
1299.7218,-0.12521555
1300.3948,-0.69815984
1301.068,-0.14952546
1301.7413,0.61088368
1302.4148,1.1909107
1303.0885,1.0807517
1303.7624,1.2294263
1304.4364,1.2212482
1305.1106,1.8013154
1305.785,2.3578632
1306.4595,1.9183427
1307.1343,1.5651067
1307.8092,1.8079592
1308.4843,0.78023357
1309.1595,0.86624342
1309.8349,2.0895182
1310.5105,2.9520188
1311.1863,2.0733529
1311.8622,2.5358735
1312.5384,1.2180121
1313.2147,0.0021214297
1313.8911,0.55094672
1314.5678,-0.64923755
1315.2446,-0.98666667
1315.9216,-1.4655824
1316.5988,-1.3091961
1317.2761,-1.5763313
1317.9536,-1.7963997
1318.6313,-1.6478327
1319.3092,-1.3110224
1319.9872,-1.2094983
1320.6654,-1.8452212
1321.3438,-1.2338773
1322.0224,-0.89703527
1322.7011,-0.050381365
1323.38,-1.0939156
1324.0591,-0.47469676
1324.7384,0.34060844
1325.4178,0.57552943
1326.0974,0.84967406
1326.7772,0.29245408
1327.4571,1.3038695
1328.1372,1.0760772
1328.8176,0.37770459
1329.498,0.6832615
1330.1787,0.97314009
1330.8595,-0.18011063
1331.5405,-0.69021615
1332.2217,-0.57286275
1332.903,-0.080164291
1333.5845,-0.51294838
1334.2662,-0.66337186
1334.9481,-0.54712102
1335.6302,-1.7328233
1336.3124,-1.7342042
1336.9948,-1.4140088
1337.6773,-1.0310607
1338.3601,-0.64026177
1339.043,0.24466247
1339.7261,1.2080257
1340.4093,2.2655143
1341.0928,2.2171282
1341.7764,2.9452203
1342.4602,3.3125358
1343.1441,4.5112314
1343.8283,5.3569936
1344.5126,6.5321752
1345.1971,7.1583448
1345.8817,7.9335417
1346.5666,8.2852168
1347.2516,7.8447428
1347.9367,6.7062371
1348.6221,7.2461705
1349.3076,9.7233665
1349.9933,10.435864
1350.6792,13.015036
1351.3652,17.85304
1352.0515,19.859678
1352.7379,21.097696
1353.4244,20.02984
1354.1112,16.350227
1354.7981,11.988269
1355.4852,10.151808
1356.1725,10.134963
1356.8599,8.3063608
1357.5475,6.9954134
1358.2353,5.2217285
1358.9233,3.4794238
1359.6114,3.2822249
1360.2998,3.5713081
1360.9882,3.8290264
1361.6769,3.1769484
1362.3657,3.662133
1363.0548,4.1865409
1363.7439,3.6364467
1364.4333,3.1491053
1365.1228,2.8656931
1365.8125,3.7117003
1366.5024,3.867519
1367.1925,5.1292278
1367.8827,6.5242776
1368.5731,7.6605115
1369.2637,8.3575374
1369.9545,7.9330023
1370.6454,6.5672984
1371.3365,5.076112
1372.0278,4.4084626
1372.7192,4.7525856
1373.4108,6.0065201
1374.1026,6.8918349
1374.7946,7.1732358
1375.4868,7.2115071
1376.1791,7.1556683
1376.8716,4.9978765
1377.5642,5.0204845
1378.2571,4.9176099
1378.9501,3.2931743
1379.6433,3.1432563
1380.3367,2.8051105
1381.0302,3.3610901
1381.7239,3.1562931
1382.4178,3.1867978
1383.1119,3.2173101
1383.8061,2.1341047
1384.5005,2.1724755
1385.1951,3.6069324
1385.8899,4.413946
1386.5848,3.4719476
1387.2799,3.2593687
1387.9752,3.7056209
1388.6706,3.2891357
1389.3663,2.9510896
1390.0621,2.9816785
1390.7581,4.2201182
1391.4542,4.9409186
1392.1505,4.4617266
1392.847,3.857052
1393.5437,3.8092479
1394.2406,3.8398828
1394.9376,4.709741
1395.6348,5.4541167
1396.3322,5.3749706
1397.0297,5.8370087
1397.7274,6.957878
1398.4253,7.059147
1399.1234,5.8270904
1399.8216,6.3754336
1400.5201,6.8061374
1401.2187,6.7113587
1401.9174,7.2989406
1402.6164,7.0080987
1403.3155,6.3172645
1404.0148,6.426438
1404.7142,4.182678
1405.4139,3.4761805
1406.1137,2.5892985
1406.8137,1.7886987
1407.5138,1.5057536
1408.2142,2.014973
1408.9147,2.9163569
1409.6153,2.7353956
1410.3162,2.5701281
1411.0172,2.0754566
1411.7184,2.396479
1412.4198,2.082215
1413.1214,2.1208998
1413.8231,2.7948863
1414.525,3.1080962
1415.2271,3.1389608
1415.9293,2.8012057
1416.6318,2.1183601
1417.3344,1.8276791
1418.0371,2.5644567
1418.7401,2.9404576
1419.4432,2.9399956
1420.1465,2.3983648
1420.85,1.7861535
1421.5536,1.4955184
1422.2574,1.9735184
1422.9614,1.6279967
1423.6656,0.70993356
1424.3699,-0.051259137
1425.0744,0.011085238
1425.7791,0.71657453
1426.484,-0.38969324
1427.189,-0.37438471
1427.8942,-0.35122539
1428.5996,-0.61041136
1429.3052,0.11864563
1430.0109,0.73006322
1430.7168,1.0669787
1431.4229,1.6078233
1432.1292,2.9486757
1432.8356,2.9483592
1433.5422,1.4107954
1434.249,0.90853347
1434.9559,0.86118113
1435.6631,1.1275619
1436.3704,0.47630335
1437.0778,0.3897583
1437.7855,1.2287111
1438.4933,1.4480637
1439.2013,1.9184044
1439.9095,1.776988
1440.6178,1.5179322
1441.3263,2.0039821
1442.035,2.3410201
1442.7439,2.5761049
1443.4529,2.1994327
1444.1622,1.4541407
1444.8716,2.1990524
1445.5811,1.0380895
1446.2909,0.77125182
1447.0008,2.1357944
1447.7109,3.0611289
1448.4211,3.7825495
1449.1316,3.4608405
1449.8422,2.4724725
1450.553,1.8527396
1451.2639,0.69968104
1451.9751,0.59761053
1452.6864,0.056331984
1453.3978,0.23662972
1454.1095,0.69928806
1454.8213,0.61293445
1455.5333,1.0756081
1456.2455,0.37750511
1456.9579,0.0088215284
1457.6704,0.59700835
1458.3831,-0.10107168
1459.096,-0.13247738
1459.809,0.69102653
1460.5222,1.334146
1461.2356,1.7106064
1461.9492,1.5380548
1462.663,1.083158
1463.3769,0.29101391
1464.091,0.0086814215
1464.8052,1.0361605
1465.5197,0.11070608
1466.2343,-0.86179952
1466.9491,-0.86959158
1467.6641,-0.030317156
1468.3792,-0.3126037
1469.0945,-1.4419414
1469.81,-1.0340166
1470.5257,-0.59471151
1471.2415,-0.061281154
1471.9575,-0.17882353
1472.6737,0.028185348
1473.3901,-0.2902914
1474.1066,-0.42837143
1474.8233,-0.15860376
1475.5402,0.056266518
1476.2572,0.58486685
1476.9745,1.0664129
1477.6919,1.0773753
1478.4095,0.4530482
1479.1272,0.47970601
1479.8451,-0.081866902
1480.5632,0.16440789
1481.2815,-0.77362648
1482,-0.64498962
1482.7186,-0.29674034
1483.4374,-0.94456494
1484.1564,-0.5257183
1484.8755,0.065681928
1485.5948,-0.26840348
1486.3143,-0.41424902
1487.034,0.43598843
1487.7538,0.77642653
1488.4739,1.1482417
1489.194,0.43770858
1489.9144,0.26051332
1490.6349,1.1107736
1491.3557,0.76103845
1492.0765,0.63875885
1492.7976,1.8106015
1493.5188,2.8726447
1494.2403,4.248418
1494.9618,3.8908626
1495.6836,3.094096
1496.4055,2.0620399
1497.1276,0.95155692
1497.8499,0.80578444
1498.5724,-0.17919917
1499.295,-0.081825271
1500.0178,1.4822199
1500.7408,3.2501911
1501.4639,2.8142454
1502.1873,2.3469317
1502.9108,2.7502108
1503.6345,2.8162395
1504.3583,2.607763
1505.0823,1.8345852
1505.8065,1.8692551
1506.5309,1.1431453
1507.2554,0.75429487
1507.9802,-0.05023722
1508.7051,-0.27437259
1509.4301,-0.19262104
1510.1554,-0.51086492
1510.8808,-0.98596698
1511.6064,-1.1943978
1512.3321,-2.1792947
1513.0581,-1.9328144
1513.7842,-0.98829036
1514.5105,-1.1261147
1515.2369,-1.4364835
1515.9636,-0.15469083
1516.6904,1.2839691
1517.4174,3.1696925
1518.1445,3.60444
1518.8719,4.7137019
1519.5994,4.2778703
1520.3271,3.3008668
1521.0549,2.8336718
1521.7829,2.0684422
1522.5111,1.6090994
1523.2395,1.761526
1523.9681,3.051212
1524.6968,1.9173731
1525.4257,0.83844083
1526.1548,1.2732386
1526.884,1.5354919
1527.6135,0.48794581
1528.3431,0.044325878
1529.0728,-0.24242674
1529.8028,0.94533501
1530.5329,0.76055231
1531.2632,-0.067363077
1531.9937,0.38315747
1532.7243,0.857212
1533.4551,0.43715345
1534.1861,0.3621975
1534.9173,1.1186187
1535.6486,1.3338679
1536.3801,1.3608865
1537.1118,0.17222328
1537.8437,0.26199605
1538.5757,1.5596165
1539.3079,3.2650847
1540.0403,3.7234986
1540.7729,3.8446622
1541.5056,4.0207323
1542.2385,1.7497481
1542.9716,0.72582736
1543.7048,-4.9619916e-005
1544.4383,0.55250934
1545.1719,0.27370031
1545.9057,0.59097428
1546.6396,1.606292
1547.3737,1.3980849
1548.108,1.6134118
1548.8425,0.64442955
1549.5772,-0.88925404
1550.312,-0.52489385
1551.047,-0.10562713
1551.7822,-0.30596369
1552.5175,-0.65531529
1553.253,0.14043571
1553.9887,-0.067730287
1554.7246,-0.52687211
1555.4606,-1.0016956
1556.1968,-1.1392597
1556.9332,-1.2219172
1557.6698,-1.633982
1558.4065,-1.3166304
1559.1434,-0.97574482
1559.8805,-1.7799527
1560.6178,-1.1331757
1561.3552,-1.3805117
1562.0928,0.034901953
1562.8306,1.0660064
1563.5686,1.210841
1564.3067,1.6537193
1565.045,1.3044453
1565.7835,1.5590975
1566.5222,1.5000287
1567.261,1.8252782
1568,2.6211205
1568.7392,4.1620655
1569.4785,4.5187013
1570.2181,5.0871063
1570.9578,5.9378688
1571.6976,7.5258909
1572.4377,6.6590155
1573.1779,5.98038
1573.9183,5.2154745
1574.6589,3.3917501
1575.3996,1.9915596
1576.1405,2.3011777
1576.8816,2.767663
1577.6229,1.7753294
1578.3643,1.2457455
1579.106,2.1906759
1579.8478,2.6885521
1580.5897,2.3550603
1581.3319,2.1313769
1582.0742,2.7390707
1582.8167,2.5310828
1583.5593,1.5074132
1584.3022,2.6170814
1585.0452,4.3620484
1585.7883,6.0129023
1586.5317,5.679447
1587.2752,5.6675649
1588.0189,5.349805
1588.7628,4.2712654
1589.5069,3.2946911
1590.2511,3.9416508
1590.9955,4.3768503
1591.7401,5.2669564
1592.4848,6.3139298
1593.2298,6.7805156
1593.9749,6.7843609
1594.7201,5.7372304
1595.4656,4.5959867
1596.2112,5.6429829
1596.957,4.4154739
1597.703,3.8624793
1598.4491,3.4820382
1599.1955,3.117288
1599.9419,3.2152875
1600.6886,2.2858405
1601.4355,2.1642413
1602.1825,2.0269603
1602.9297,2.7838015
1603.677,4.5131964
1604.4246,3.9053409
1605.1723,3.1014115
1605.9202,2.5798396
1606.6682,1.1955272
1607.4165,2.2190625
1608.1649,2.9053475
1608.9135,2.5484998
1609.6622,2.7014605
1610.4112,3.317171
1611.1603,4.0426899
1611.9095,2.3133114
1612.659,2.1055062
1613.4086,2.7055486
1614.1584,2.4036348
1614.9084,2.6507452
1615.6586,3.6743307
1616.4089,3.623411
1617.1594,3.1175939
1617.9101,3.105899
1618.6609,2.9451891
1619.4119,2.3217386
1620.1631,2.2473123
1620.9145,2.251322
1621.666,2.5063166
1622.4178,3.3417079
1623.1697,1.8947509
1623.9217,2.4085827
1624.674,3.3302623
1625.4264,3.6637111
1626.179,3.8403017
1626.9317,4.2992499
1627.6847,4.2562418
1628.4378,4.0877481
1629.1911,3.5114158
1629.9445,3.4919508
1630.6982,3.7626865
1631.452,4.849113
1632.206,4.7826029
1632.9601,5.7278621
1633.7145,4.5633219
1634.469,2.9831001
1635.2237,3.2538631
1635.9785,3.42267
1636.7335,4.0542265
1637.4887,5.1014739
1638.2441,7.1604905
1638.9997,7.1881392
1639.7554,6.4706943
1640.5113,5.4395286
1641.2674,3.4985635
1642.0236,1.9968186
1642.78,1.8284117
1643.5366,2.5619701
1644.2934,2.3308272
1645.0504,1.5820418
1645.8075,1.2175746
1646.5648,0.60213169
1647.3222,0.35532076
1648.0799,0.86145558
1648.8377,1.3362224
1649.5957,1.0972683
1650.3538,0.16027958
1651.1122,0.20368756
1651.8707,0.41180599
1652.6294,1.0356153
1653.3882,2.1064879
1654.1473,3.1930514
1654.9065,3.620796
1655.6659,3.1230549
1656.4254,1.8802203
1657.1852,0.9119001
1657.9451,1.1122119
1658.7052,0.49684203
1659.4654,0.84618259
1660.2258,1.156312
1660.9864,0.77624996
1661.7472,0.38050618
1662.5082,0.20437481
1663.2693,-0.30116376
1664.0306,0.11879244
1664.7921,0.091694372
1665.5537,-0.084418735
1666.3155,0.75908057
1667.0775,0.04964326
1667.8397,0.94805366
1668.6021,1.2739196
1669.3646,0.50959403
1670.1273,2.1060573
1670.8901,2.5417409
1671.6532,2.1695859
1672.4164,1.6719452
1673.1798,1.9429366
1673.9434,2.5590306
1674.7071,1.6927762
1675.471,1.6578989
1676.2351,2.4308694
1676.9994,3.2901189
1677.7638,3.8827063
1678.5284,2.6556904
1679.2932,1.8443654
1680.0581,1.6761821
1680.8233,1.5707486
1681.5886,0.83786863
1682.3541,0.93636578
1683.1197,2.5250636
1683.8855,3.8078836
1684.6515,3.1848258
1685.4177,2.8519687
1686.1841,1.4524494
1686.9506,0.86862104
1687.7173,0.44165996
1688.4842,-0.30686518
1689.2512,-1.1573465
1690.0184,-0.56468609
1690.7858,-0.20731518
1691.5534,-0.60288089
1692.3212,-1.0376577
1693.0891,-0.88419467
1693.8572,0.13986116
1694.6254,0.065882353
1695.3939,-0.41090592
1696.1625,-0.22886319
1696.9313,0.11004978
1697.7002,-0.92357879
1698.4694,-1.0238665
1699.2387,0.4993826
1700.0082,0.12460001
1700.7778,0.74590333
1701.5477,1.014273
1702.3177,0.46696381
1703.0879,0.021622918
1703.8582,-0.4472399
1704.6288,-0.72785994
1705.3995,-0.84376661
1706.1704,-0.81848933
1706.9414,-0.45594966
1707.7126,-0.085559372
1708.484,-0.88378905
1709.2556,-0.99181517
1710.0274,-0.42532399
1710.7993,-0.90980573
1711.5714,-0.86878979
1712.3437,-0.4356095
1713.1161,1.3073822
1713.8887,0.71312648
1714.6615,1.7110351
1715.4345,1.8226767
1716.2076,0.83628657
1716.981,1.1361784
1717.7545,1.7811758
1718.5281,2.3555924
1719.302,1.4241342
1720.076,0.90052659
1720.8502,1.3337892
1721.6245,1.0298044
1722.3991,1.863082
1723.1738,2.0689161
1723.9487,1.6002478
1724.7237,2.4727635
1725.499,1.4707769
1726.2744,0.79036646
1727.05,0.7923164
1727.8257,1.2727052
1728.6017,1.9099642
1729.3778,2.3825248
1730.154,3.4354851
1730.9305,2.7708058
1731.7071,1.8159379
1732.4839,1.2061755
1733.2609,0.70622452
1734.0381,-0.35842486
1734.8154,-0.51326283
1735.5929,-0.087701159
1736.3706,0.12610329
1737.1484,-1.3385162
1737.9264,-1.6188144
1738.7046,-0.54224238
1739.483,-0.83036878
1740.2615,-1.0008406
1741.0403,-0.42620698
1741.8191,-0.25156583
1742.5982,-0.74358386
1743.3775,-1.3532415
1744.1569,-0.52759747
1744.9365,0.18040694
1745.7162,0.3943012
1746.4962,0.6631049
1747.2763,0.93191608
1748.0566,0.48700926
1748.837,-0.24024302
1749.6177,0.091335716
1750.3985,0.11703958
1751.1795,-0.54744515
1751.9606,-0.63153024
1752.7419,-0.37835294
1753.5234,-0.13701446
1754.3051,-0.33488681
1755.087,-0.79157786
1755.869,-0.86395033
1756.6512,0.067603609
1757.4336,-0.059661139
1758.2161,0.14249072
1758.9989,0.18778468
1759.7818,0.013475639
1760.5648,0.40387732
1761.3481,0.56683287
1762.1315,0.69842072
1762.9151,0.74373889
1763.6989,1.3302384
1764.4828,1.6422329
1765.2669,0.96599699
1766.0512,0.90153062
1766.8357,0.40569654
1767.6203,1.2196712
1768.4052,1.4375723
1769.1901,1.4437136
1769.9753,1.3949577
1770.7606,0.82071646
1771.5462,0.70922517
1772.3318,0.65264068
1773.1177,1.0588061
1773.9037,1.4022313
1774.6899,1.5966418
1775.4763,2.4498806
1776.2629,3.3501831
1777.0496,2.3838237
1777.8365,2.1704104
1778.6236,2.2236686
1779.4109,1.4298728
1780.1983,0.15765045
1780.9859,-0.28319448
1781.7737,0.036749746
1782.5616,0.0037576378
1783.3497,0.033515471
1784.138,0.26719972
1784.9265,0.1008888
1785.7152,-0.057574126
1786.504,0.12906583
1787.293,0.65296552
1788.0822,1.0435367
1788.8715,1.0890147
1789.661,1.3776349
1790.4507,2.7172402
1791.2406,3.2882229
1792.0306,3.8670537
1792.8208,3.8968696
1793.6112,3.4953179
1794.4018,3.2741631
1795.1925,2.5667387
1795.9834,1.4279466
1796.7745,0.29700244
1797.5658,0.53076902
1798.3572,0.097873782
1799.1488,0.56694417
1799.9406,0.00072528711
1800.7326,0.11686419
1801.5247,-0.080717559
1802.317,-0.27045133
1803.1095,1.0692315
1803.9021,1.9618604
1804.695,1.4662588
1805.488,1.7157601
1806.2811,2.4358545
1807.0745,2.2539929
1807.868,2.2995871
1808.6617,2.5647941
1809.4556,2.5947118
1810.2496,3.4011049
1811.0439,3.4231891
1811.8383,3.1001801
1812.6328,3.5065877
1813.4276,4.6188826
1814.2225,5.0252999
1815.0176,4.4827024
1815.8128,4.4577569
1816.6083,4.4171299
1817.4039,3.7725862
1818.1997,3.7633415
1818.9957,3.1972388
1819.7918,3.6821214
1820.5881,4.8964206
1821.3846,4.7930776
1822.1813,3.2230728
1822.9781,3.1354257
1823.7751,3.1654306
1824.5723,2.5679893
1825.3696,1.4529058
1826.1672,2.1339056
1826.9649,1.9521651
1827.7628,1.9586648
1828.5608,1.6592869
1829.359,1.1167766
1830.1574,1.1076046
1830.956,2.2043197
1831.7548,1.9206475
1832.5537,2.1310978
1833.3528,1.9572392
1834.1521,2.504954
1834.9515,2.1271836
1835.7511,1.9376532
1836.5509,2.8226375
1837.3509,3.04096
1838.151,2.7573266
1838.9514,2.4815411
1839.7519,2.2685056
1840.5525,1.9221415
1841.3534,1.324802
1842.1544,1.1823692
1842.9556,1.369353
1843.7569,1.3132045
1844.5585,0.84137446
1845.3602,0.60484342
1846.1621,0.2585133
1846.9641,1.1984625
1847.7664,1.2913578
1848.5688,1.1568069
1849.3713,1.5242217
1850.1741,1.8132099
1850.977,2.7139676
1851.7801,3.2696322
1852.5834,2.8370663
1853.3869,2.9143092
1854.1905,3.2346942
1854.9943,3.4139076
1855.7983,3.0127336
1856.6024,2.2194076
1857.4068,1.7947139
1858.2113,1.8092408
1859.0159,2.2316156
1859.8208,2.3481129
1860.6258,2.7626543
1861.431,2.3222986
1862.2364,1.8741045
1863.0419,2.4847389
1863.8476,1.8953781
1864.6535,1.9413162
1865.4596,1.6421612
1866.2658,2.2920306
1867.0722,3.2085715
1867.8788,2.6506074
1868.6856,3.6063737
1869.4925,3.6209684
1870.2996,2.0512542
1871.1069,1.9403683
1871.9144,1.4843893
1872.722,1.9068464
1873.5298,1.2469555
1874.3378,0.56354
1875.146,1.4801293
1875.9543,0.85162549
1876.7628,1.28195
1877.5715,1.0691421
1878.3803,0.28379006
1879.1894,0.8160899
1879.9986,1.0974142
1880.8079,0.42188058
1881.6175,0.099292988
1882.4272,1.1963181
1883.2371,1.6423676
1884.0472,1.6570495
1884.8574,1.6089911
1885.6679,1.8668198
1886.4785,1.5991633
1887.2892,0.82955076
1888.1002,0.60111956
1888.9113,0.59230105
1889.7226,0.050154051
1890.534,0.30016876
1891.3457,0.23646282
1892.1575,-0.18802259
1892.9695,0.38357527
1893.7816,-0.36246908
1894.594,0.17776592
1895.4065,0.76506459
1896.2192,0.22295634
1897.032,1.6024216
1897.8451,1.4916955
1898.6583,0.4397979
1899.4717,0.70555216
1900.2852,1.0105269
1901.099,1.4253105
1901.9129,0.85186361
1902.7269,0.74900979
1903.5412,0.31674905
1904.3556,0.68449316
1905.1702,0.68361465
1905.985,0.62783903
1906.7999,0.82304865
1907.6151,0.49277291
1908.4304,0.36642359
1909.2458,0.7028242
1910.0615,0.36471986
1910.8773,0.97563997
1911.6933,1.1865649
1912.5095,2.4798477
1913.3258,2.4005862
1914.1423,2.0154473
1914.959,1.0420779
1915.7759,0.61773292
1916.5929,0.83653007
1917.4102,0.31023402
1918.2275,0.097668309
1919.0451,-0.37371609
1919.8628,-0.6254878
1920.6808,-0.64980369
1921.4988,-0.89372258
1922.3171,-0.51802878
1923.1355,-0.063898762
1923.9541,-0.10388155
1924.7729,-0.53601636
1925.5919,-0.40344044
1926.411,-0.46693811
1927.2303,-0.54611721
1928.0498,0.53549285
1928.8694,0.69946069
1929.6893,0.29088435
1930.5093,-0.07847145
1931.3294,0.06198151
1932.1498,-0.025011667
1932.9703,0.42917647
1933.791,-0.019601344
1934.6119,-0.013472568
1935.4329,0.1103079
1936.2542,-0.34629917
1937.0756,-0.0029016026
1937.8971,-0.012440585
1938.7189,0.12704467
1939.5408,-0.23542623
1940.3629,-0.59004936
1941.1851,-0.11329532
1942.0076,0.59875747
1942.8302,0.62846195
1943.653,0.61111223
1944.476,0.57808087
1945.2991,0.41956395
1946.1224,0.20614969
1946.9459,0.016269468
1947.7695,0.57933506
1948.5934,0.31103272
1949.4174,-0.28667675
1950.2416,-0.46085217
1951.0659,0.59634958
1951.8905,0.11630106
1952.7152,-0.057860484
1953.54,0.39543359
1954.3651,-0.068914775
1955.1903,-0.54110164
1956.0157,-0.16622506
1956.8413,0.35767576
1957.667,0.59922827
1958.493,1.2250991
1959.3191,1.3960727
1960.1453,0.94744299
1960.9718,0.63215127
1961.7984,0.41098182
1962.6252,0.34667976
1963.4522,0.031401924
1964.2793,-0.61328304
1965.1066,0.083213089
1965.9341,0.19147856
1966.7618,0.48014081
1967.5896,0.65900377
1968.4176,0.52414587
1969.2458,0.86772397
1970.0742,1.3681694
1970.9027,1.4137176
1971.7314,0.30632919
1972.5603,0.11659247
1973.3894,0.60921333
1974.2186,-0.30208275
1975.048,-0.21729578
1975.8776,-0.44622966
1976.7074,0.31307638
1977.5373,0.24101449
1978.3674,-0.56829766
1979.1977,-0.38152675
1980.0281,-0.30455514
1980.8588,-0.20404949
1981.6896,-0.11922548
1982.5205,0.10677963
1983.3517,-0.19270083
1984.183,0.033313542
1985.0145,-0.78380472
1985.8462,-0.84797717
1986.678,-0.11214499
1987.51,0.19231926
1988.3422,-0.091447145
1989.1746,0.46400676
1990.0072,0.4939751
1990.8399,-0.19762056
1991.6728,1.0480433
1992.5058,0.20743731
1993.3391,-0.17826211
1994.1725,0.032121532
1995.0061,0.14054902
1995.8398,-0.36249627
1996.6738,-0.59102707
1997.5079,-0.49798455
1998.3422,-0.59317264
1999.1766,-0.8922776
2000.0113,-0.4384367
2000.8461,0.12521281
2001.6811,0.21043564
2002.5162,0.35840825
2003.3515,0.74952281
2004.187,1.0151519
2005.0227,0.57490325
2005.8586,0.76211031
2006.6946,0.95716519
2007.5308,0.95614633
2008.3672,0.66493609
2009.2037,0.14627955
2010.0404,0.93743162
2010.8773,0.88937269
2011.7144,0.55112238
2012.5517,-0.13222128
2013.3891,-0.2351681
2014.2267,0.08541918
2015.0644,-0.54300846
2015.9024,-0.20672552
2016.7405,0.011915044
2017.5788,-0.43610637
2018.4173,-0.32726034
2019.2559,-0.2105665
2020.0947,0.015935964
2020.9337,-0.19677257
2021.7729,0.076798088
2022.6122,0.25625579
2023.4517,-0.11330142
2024.2914,-0.55344219
2025.1313,-0.40534296
2025.9713,0.25256487
2026.8115,0.43988916
2027.6519,0.39192401
2028.4924,0.65768905
2029.3332,0.47639995
2030.1741,0.82844888
2031.0152,1.2275613
2031.8564,1.5796196
2032.6978,1.7356042
2033.5394,2.3464954
2034.3812,3.4044501
2035.2232,3.1996644
2036.0653,3.0654717
2036.9076,3.4646169
2037.7501,2.2951394
2038.5927,1.4707647
2039.4355,1.1875711
2040.2785,1.1867351
2041.1217,1.3349234
2041.965,0.37723404
2042.8085,0.66660821
2043.6522,0.2893204
2044.4961,-0.11149214
2045.3401,0.6641706
2046.1844,0.48297529
2047.0287,1.3841376
2047.8733,1.3205987
2048.718,1.2884371
2049.5629,1.5386331
2050.408,1.7417749
2051.2533,1.7723725
2052.0987,2.1245433
2052.9443,2.1473071
2053.7901,2.1543893
2054.6361,1.981084
2055.4822,1.6979795
2056.3285,1.9874287
2057.175,1.0533531
2058.0216,1.5467333
2058.8685,1.0518828
2059.7155,0.94919388
2060.5626,1.2229802
2061.41,0.74383012
2062.2575,1.025469
2063.1052,0.49142629
2063.9531,0.1534667
2064.8011,0.25472749
2065.6493,0.63834591
2066.4977,1.1239298
2067.3463,1.3742243
2068.195,0.29903323
2069.044,0.15718021
2069.8931,0.65062599
2070.7423,0.88525294
2071.5918,0.23361007
2072.4414,1.0800111
2073.2912,1.3695541
2074.1411,1.7061606
2074.9913,1.3682619
2075.8416,0.84997584
2076.6921,1.2022827
2077.5427,1.2879275
2078.3935,0.95789079
2079.2446,2.1651136
2080.0957,1.6860667
2080.9471,1.2854558
2081.7986,1.8024966
2082.6503,1.1273853
2083.5022,1.33071
2084.3543,1.4163924
2085.2065,0.6707069
2086.0589,0.92894767
2086.9115,0.18327155
2087.7642,0.51995307
2088.6171,0.40958045
2089.4702,0.71489879
2090.3235,0.83198653
2091.1769,0.69025543
2092.0306,0.78382313
2092.8844,0.61072886
2093.7383,0.46116869
2094.5925,1.5429858
2095.4468,0.99343496
2096.3013,1.1105555
2097.1559,1.6119945
2098.0108,1.7526539
2098.8658,1.4148865
2099.721,1.2339866
2100.5763,1.1864248
2101.4319,0.66827933
2102.2876,0.62072683
2103.1435,1.0359241
2103.9995,0.8393614
2104.8558,1.0271171
2105.7122,0.4854657
2106.5688,0.50068175
2107.4255,0.34335347
2108.2824,0.40563772
2109.1395,1.0718482
2109.9968,0.31845558
2110.8543,0.34938135
2111.7119,1.3450177
2112.5697,1.4073254
2113.4277,1.8539515
2114.2858,1.5162686
2115.1441,1.1236884
2116.0026,0.61346581
2116.8613,0.86403224
2117.7202,0.63617199
2118.5792,0.15733604
2119.4384,0.57262243
2120.2977,0.89379586
2121.1573,0.91693476
2122.017,0.18713717
2122.8769,-0.04069494
2123.737,-0.2136204
2124.5972,0.32718431
2125.4576,0.21701333
2126.3182,0.38135683
2127.179,-0.02684399
2128.0399,-0.29386365
2128.901,0.70186647
2129.7623,0.63877775
2130.6238,0.58353686
2131.4854,0.065555562
2132.3472,-0.16222497
2133.2092,0.40999919
2134.0713,0.39399274
2134.9337,0.41720667
2135.7962,-0.21839824
2136.6588,0.18913879
2137.5217,0.33785698
2138.3847,-0.22714563
2139.2479,0.38432704
2140.1113,0.76835341
2140.9748,0.40728644
2141.8386,0.65798886
2142.7025,0.24987244
2143.5665,0.44568228
2144.4308,0.31208504
2145.2952,0.53927681
2146.1598,0.35863013
2147.0246,0.14661559
2147.8895,0.35813515
2148.7546,0.12260057
2149.6199,0.028247156
2150.4854,-0.19159177
2151.351,0.004260275
2152.2168,0.39619544
2153.0828,-0.17657059
2153.949,-0.012077034
2154.8153,0.042617293
2155.6818,0.18359082
2156.5485,-0.075430965
2157.4154,-0.52268335
2158.2824,0.20653953
2159.1496,0.68478672
2160.017,-0.21735356
2160.8845,0.30011869
2161.7523,0.041125037
2162.6202,0.072332155
2163.4882,0.18981847
2164.3565,0.19750556
2165.2249,0.54245223
2166.0935,0.063874186
2166.9623,-0.32058152
2167.8312,-0.27366
2168.7004,-0.68947888
2169.5697,0.40058928
2170.4391,-0.18776924
2171.3088,-0.79180935
2172.1786,0.42376308
2173.0486,0.84718333
2173.9188,0.32158866
2174.7891,-0.22753073
2175.6596,-0.062919942
2176.5303,-0.070853483
2177.4012,0.16435492
2178.2722,0.062313109
2179.1434,-0.086782836
2180.0148,-0.00057997361
2180.8864,0.37582366
2181.7581,-0.29090528
2182.63,0.101194
2183.5021,0.085454837
2184.3744,0.46187722
2185.2468,0.47751999
2186.1194,0.11669685
2186.9922,0.39901566
2187.8651,0.69702543
2188.7383,0.093079101
2189.6116,-0.048117436
2190.4851,-0.016760265
2191.3587,0.25773885
2192.2325,-0.2363848
2193.1065,-0.47952336
2193.9807,-0.40893175
2194.8551,-0.2442178
2195.7296,-0.0010677841
2196.6043,-0.0010503377
2197.4791,-0.25200859
2198.3542,-0.42453079
2199.2294,-0.21273457
2200.1048,0.16377222
2200.9804,0.35989155
2201.8561,0.5638587
2202.732,0.36783053
2203.6081,0.14043451
2204.4844,-0.21244701
2205.3608,0.42291144
2206.2374,0.038666744
2207.1142,-0.43184777
2207.9912,-0.11804388
2208.8683,-0.4787451
2209.7456,-0.19211076
2210.6231,-0.70547402
2211.5008,-0.84236429
2212.3786,0.040355702
2213.2566,0.13876437
2214.1348,0.37835192
2215.0131,0.24931442
2215.8917,-0.27972067
2216.7704,0.077521161
2217.6493,0.32496147
2218.5283,-0.12563502
2219.4075,-0.13701342
2220.2869,-0.054271768
2221.1665,-0.23819437
2222.0463,0.14259131
2222.9262,0.052791165
2223.8063,0.017895389
2224.6865,-0.15817445
2225.567,0.24615027
2226.4476,0.48577152
2227.3284,0.15284616
2228.2094,0.16502124
2229.0905,0.012492853
2229.9718,0.29918256
2230.8533,0.47607074
2231.735,0.96668683
2232.6168,0.75142297
2233.4988,0.52047524
2234.381,0.58756914
2235.2634,0.3095674
2236.1459,0.73745043
2237.0286,0.4594535
2237.9115,0.35400801
2238.7946,0.24072178
2239.6778,0.15096738
2240.5612,0.95533303
2241.4448,0.19891677
2242.3285,0.21113037
2243.2125,0.2076601
2244.0966,0.12576087
2244.9808,0.29484444
2245.8653,0.440401
2246.7499,1.0408619
2247.6347,0.22171743
2248.5197,0.084928274
2249.4048,0.60696505
2250.2902,1.0270435
2251.1757,1.0628105
2252.0613,0.47112906
2252.9472,0.47552841
2253.8332,0.87208703
2254.7194,0.25688335
2255.6058,0.53579973
2256.4923,0.73628714
2257.379,0.40344363
2258.2659,0.41570056
2259.153,0.27894029
2260.0402,-0.25781757
2260.9276,0.19366227
2261.8152,0.44906609
2262.703,0.31231545
2263.5909,0.42654761
2264.479,0.2505861
2265.3673,0.23933288
2266.2558,0.51827814
2267.1444,0.25604934
2268.0332,-0.11598097
2268.9222,-0.39389123
2269.8113,0.98310288
2270.7007,1.1208837
2271.5902,0.79592185
2272.4798,0.47880553
2273.3697,0.67933869
2274.2597,0.73869777
2275.1499,0.6568828
2276.0403,0.88095258
2276.9308,0.80698556
2277.8216,0.92909937
2278.7125,1.0904313
2279.6035,0.62431461
2280.4948,0.85623957
2281.3862,0.7430689
2282.2778,0.080881025
2283.1695,0.55595046
2284.0615,0.54474779
2284.9536,0.56492008
2285.8459,0.66352615
2286.7384,0.64448757
2287.631,0.82937296
2288.5238,0.52014311
2289.4168,0.14032744
2290.31,0.097769073
2291.2033,0.66697782
2292.0968,0.84403211
2292.9905,1.0838339
2293.8843,0.97854008
2294.7784,1.1399153
2295.6726,1.3797243
2296.567,1.1254181
2297.4615,0.88680058
2298.3562,0.79720505
2299.2511,0.6370237
2300.1462,0.8846879
2301.0415,0.46568783
2301.9369,0.43884703
2302.8325,0.40416551
2303.7283,0.68321188
2304.6242,0.20931948
2305.5203,0.10405694
2306.4166,0.53997328
2307.3131,1.148441
2308.2098,1.00397
2309.1066,0.93008968
2310.0036,0.88758428
2310.9007,1.001944
2311.7981,1.1006199
2312.6956,1.3718472
2313.5933,1.2744495
2314.4911,1.3260738
2315.3892,1.9973083
2316.2874,1.625408
2317.1858,0.93978457
2318.0843,1.2110263
2318.9831,1.0352117
2319.882,1.2750857
2320.7811,1.1698641
2321.6803,1.2058213
2322.5798,0.67707511
2323.4794,0.5483313
2324.3791,0.92939383
2325.2791,1.0437921
2326.1792,0.90721237
2327.0795,0.8647527
2327.98,1.7007268
2328.8807,1.3680759
2329.7815,0.92562345
2330.6825,1.3380754
2331.5837,0.71523558
2332.485,1.4100453
2333.3865,1.5087789
2334.2882,1.2702601
2335.1901,2.2631162
2336.0921,2.9657786
2336.9944,3.0017768
2337.8967,3.7671892
2338.7993,3.5992706
2339.7021,2.8980211
2340.605,2.5810878
2341.5081,3.2131764
2342.4113,2.0884047
2343.3148,2.195008
2344.2184,2.4035745
2345.1222,1.8199865
2346.0261,1.6364009
2346.9303,1.4841903
2347.8346,1.6300213
2348.739,2.0738939
2349.6437,1.7883572
2350.5485,1.5734111
2351.4535,1.0055262
2352.3587,1.3709771
2353.2641,1.8619206
2354.1696,0.9332586
2355.0753,0.5614618
2355.9812,0.80927524
2356.8872,0.93944404
2357.7935,0.9127525
2358.6999,0.79194571
2359.6064,1.4789845
2360.5132,1.3503394
2361.4201,0.91581432
2362.3272,0.64599756
2363.2345,0.31343811
2364.1419,0.95343008
2365.0495,1.2640127
2365.9573,0.97067615
2366.8653,0.55185182
2367.7734,0.70557892
2368.6817,0.74166136
2369.5902,0.71500111
2370.4989,1.5589315
2371.4077,1.7754133
2372.3167,0.64287795
2373.2259,0.19269792
2374.1353,0.40134383
2375.0448,0.75901175
2375.9545,0.94413306
2376.8644,0.39984501
2377.7745,0.3888927
2378.6847,0.12696241
2379.5951,0.63366197
2380.5057,0.71683454
2381.4164,1.2078526
2382.3274,0.81259865
2383.2385,0.61342549
2384.1498,0.67307827
2385.0612,0.84253738
2385.9728,0.80023418
2386.8846,1.4716589
2387.7966,1.0136742
2388.7087,0.70471161
2389.6211,0.88202589
2390.5336,0.62797003
2391.4462,1.2915636
2392.3591,1.2022185
2393.2721,1.4579738
2394.1853,0.99216282
2395.0987,0.16556997
2396.0122,0.89976385
2396.9259,0.92023465
2397.8398,0.76815883
2398.7539,0.36510503
2399.6681,0.51891638
2400.5825,1.1433184
2401.4971,1.3363502
2402.4119,0.75291389
2403.3268,0.55379369
2404.2419,0.38604845
2405.1572,0.75948209
2406.0726,0.73291814
2406.9883,0.73772914
2407.9041,0.19352294
2408.8201,0.48853483
2409.7362,0.74433345
2410.6525,0.7962129
2411.569,0.30691829
2412.4857,-0.0019817554
2413.4026,0.53617943
2414.3196,0.39983322
2415.2368,0.16937177
2416.1542,0.354599
2417.0717,0.16335805
2417.9894,-0.114155
2418.9073,0.29853043
2419.8254,0.1700418
2420.7436,0.6141046
2421.6621,0.36797372
2422.5807,0.41988447
2423.4994,0.75415057
2424.4184,0.86881123
2425.3375,1.1324939
2426.2568,0.65108095
2427.1762,0.099082167
2428.0959,0.59806618
2429.0157,0.54018986
2429.9357,0.83525712
2430.8558,0.68326797
2431.7762,0.60186946
2432.6967,0.82635571
2433.6173,0.50966789
2434.5382,0.4282766
2435.4592,0.62139752
2436.3804,0.12432477
2437.3018,0.050783843
2438.2234,0.24391199
2439.1451,0.3664543
2440.067,0.6301755
2440.9891,0.54880106
2441.9113,0.28703687
2442.8338,0.095863324
2443.7564,0.50861375
2444.6791,0.035092082
2445.6021,-0.32078012
2446.5252,0.36648733
2447.4485,0.21454151
2448.372,0.21946084
2449.2956,-0.44228409
2450.2194,-0.30402661
2451.1434,0.053841117
2452.0676,-0.631426
2452.9919,0.048015167
2453.9164,0.2960862
2454.8411,-0.004859976
2455.766,-0.49403903
2456.691,-0.18321569
2457.6162,-0.17960453
2458.5416,0.11420485
2459.4672,0.43154581
2460.3929,0.55281049
2461.3188,-0.078863846
2462.2449,-0.34190858
2463.1712,0.14799002
2464.0976,0.30847902
2465.0242,0.10034272
2465.951,-0.16269339
2466.8779,0.15466482
2467.8051,0.032809499
2468.7324,-0.32433778
2469.6598,0.071458266
2470.5875,0.15353098
2471.5153,0.5179588
2472.4433,0.59219269
2473.3715,0.52525227
2474.2998,0.91321596
2475.2284,1.0188289
2476.157,0.55189492
2477.0859,0.18692391
2478.015,-0.029025338
2478.9442,0.39032169
2479.8736,0.49594538
2480.8031,0.20941437
2481.7329,0.61308159
2482.6628,-0.026386286
2483.5929,-0.29722456
2484.5231,0.48291972
2485.4536,0.31404655
2486.3842,0.035371615
2487.315,0.023365501
2488.2459,0.0035184068
2489.1771,-0.2202481
2490.1084,-0.27146343
2491.0399,0.21065673
2491.9715,-0.33467194
2492.9033,-0.17411609
2493.8354,-0.11551887
2494.7675,0.18621775
2495.6999,0.55854477
2496.6324,-0.057361344
2497.5651,0.32281313
2498.498,0.1225976
2499.431,0.20473716
2500.3643,0.10648673
2501.2977,-0.11725174
2502.2312,0.0041099824
2503.165,0.18037582
2504.0989,0.11350657
2505.033,-0.008262497
2505.9673,0.097421578
2506.9017,0.21095095
2507.8363,-0.216694
2508.7711,0.1321338
2509.7061,0.41821866
2510.6412,0.31214881
2511.5765,0.52764974
2512.512,0.75099597
2513.4477,0.34689338
2514.3835,0.34279294
2515.3195,0.0014397558
2516.2557,0.7267554
2517.1921,0.92658299
2518.1286,0.30288334
2519.0653,0.46349957
2520.0022,0.31039246
2520.9393,0.055326723
2521.8765,-0.23895254
2522.8139,-0.086170827
2523.7515,0.52935814
2524.6892,0.47037946
2525.6272,-0.22389117
2526.5653,0.14066387
2527.5035,0.33267206
2528.442,0.14036867
2529.3806,0.24610666
2530.3194,0.38321935
2531.2584,0.50464793
2532.1975,0.67313748
2533.1369,-0.036802182
2534.0763,0.45326031
2535.016,0.87273673
2535.9559,-0.0097454829
2536.8959,0.3783627
2537.8361,0.39000245
2538.7764,0.080075723
2539.717,0.3270139
2540.6577,0.503366
2541.5986,0.17775947
2542.5396,0.33842961
2543.4809,0.4755725
2544.4223,0.35389401
2545.3639,0.051825516
2546.3056,-0.0071035625
2547.2476,0.19279304
2548.1897,0.15739769
2549.132,-0.0034857026
2550.0744,0.75328012
2551.017,0.47475398
2551.9598,-0.023377846
2552.9028,0.39613954
2553.846,0.32938458
2554.7893,0.46655334
2555.7328,0.80764583
2556.6765,-0.035573256
2557.6203,0.24277845
2558.5644,0.1211323
2559.5086,0.47791969
2560.4529,0.85039551
2561.3975,0.57189309
2562.3422,0.27770655
2563.2871,0.39920845
2564.2322,-0.20085613
2565.1774,-0.00091854732
2566.1228,0.67745256
2567.0684,0.56366897
2568.0142,0.25380909
2568.9601,-0.11879372
2569.9062,0.29291935
2570.8525,0.20267379
2571.799,0.84184215
2572.7456,0.43003228
2573.6924,0.24567554
2574.6394,0.21034057
2575.5866,0.68481168
2576.5339,0.27301043
2577.4814,0.27689761
2578.4291,0.34353205
2579.377,0.41801178
2580.325,0.46896426
2581.2732,0.23756595
2582.2216,0.17871882
2583.1701,0.59830522
2584.1188,0.0061290628
2585.0677,-0.28800572
2586.0168,0.10805774
2586.9661,-0.09979822
2587.9155,0.31195582
2588.8651,0.26096692
2589.8149,-0.041000213
2590.7648,0.54330932
2591.7149,0.53938571
2592.6652,0.73154269
2593.6157,0.11585869
2594.5663,0.75507881
2595.5172,1.1197913
2596.4681,0.61391767
2597.4193,1.064909
2598.3707,0.87276516
2599.3222,0.594349
2600.2739,0.41005265
2601.2257,0.1316408
2602.1778,0.6297017
2603.13,0.49247064
2604.0823,0.35524173
2605.0349,0.37487773
2605.9876,0.12000608
2606.9405,0.20239149
2607.8936,0.12791631
2608.8469,-0.11910574
2609.8003,0.11230575
2610.7539,0.022150759
2611.7077,0.10454695
2612.6617,0.053611961
2613.6158,-0.4679091
2614.5701,0.077238652
2615.5246,-0.091336925
2616.4792,0.18714848
2617.434,0.2460282
2618.389,0.13236105
2619.3442,0.19908822
2620.2995,0.17954303
2621.2551,0.0031372549
2622.2108,-0.15869325
2623.1666,0.0010468319
2624.1227,0.27059279
2625.0789,-0.25201617
2626.0353,-0.14717219
2626.9918,0.16943845
2627.9486,-0.20414504
2628.9055,-0.63262853
2629.8626,-0.06503164
2630.8198,-0.05429554
2631.7773,0.44271702
2632.7349,-0.21320964
2633.6927,-0.55540885
2634.6506,0.051413494
2635.6088,-0.079017108
2636.5671,0.21408365
2637.5256,-0.073205786
2638.4842,-0.078140332
2639.443,0.20712315
2640.402,0.13160428
2641.3612,0.22863638
2642.3206,-0.32530996
2643.2801,0.31290252
2644.2398,0.57464636
2645.1997,-0.010666667
2646.1597,-0.10555684
2647.12,-0.27887711
2648.0804,-0.31101963
2649.0409,0.45683914
2650.0017,0.27567959
2650.9626,0.32981543
2651.9237,-0.17291019
2652.885,-0.14230119
2653.8464,-0.041102674
2654.808,-0.47323621
2655.7698,-0.21517238
2656.7318,-0.20808766
2657.6939,-0.020609505
2658.6562,-0.060581045
2659.6187,-0.1632964
2660.5814,0.62810717
2661.5442,0.68225713
2662.5072,-0.19692496
2663.4704,-0.54277244
2664.4338,-0.2062657
2665.3973,0.22435998
2666.361,-0.019522867
2667.3249,0.42679165
2668.2889,0.57506823
2669.2532,0.16648335
2670.2176,-0.061708087
2671.1822,-0.046760989
2672.1469,-0.14161653
2673.1118,0.014509605
2674.0769,0.17848016
2675.0422,0.24049121
2676.0077,-0.073967039
2676.9733,-0.34136519
2677.9391,-0.49111499
2678.905,0.22972473
2679.8712,0.29174219
2680.8375,-0.16388612
2681.804,-0.17245432
2682.7707,0.0072140572
2683.7375,-0.017037854
2684.7045,-0.37854338
2685.6717,0.16191315
2686.6391,0.02786117
2687.6066,-0.28658169
2688.5743,-0.29514091
2689.5422,-0.3350714
2690.5103,-0.053431975
2691.4785,-0.10120303
2692.4469,0.1490664
2693.4155,0.45423909
2694.3843,-0.03274381
2695.3532,0.12341183
2696.3223,0.4364315
2697.2916,0.73376618
2698.2611,0.58404331
2699.2307,0.94412565
2700.2005,1.7669544
2701.1705,2.1035099
2702.1406,2.6439882
2703.111,3.419762
2704.0815,3.622988
2705.0521,4.0066074
2706.023,3.064738
2706.994,3.1503208
2707.9652,3.4006107
2708.9366,3.1332549
2709.9081,2.1521749
2710.8798,1.9946256
2711.8517,1.523352
2712.8238,1.3109033
2713.796,1.3102206
2714.7685,1.1448333
2715.741,1.13631
2716.7138,1.300337
2717.6867,0.95456132
2718.6599,0.81270854
2719.6331,0.99242566
2720.6066,1.109399
2721.5802,0.51264807
2722.5541,0.16687885
2723.528,0.81718934
2724.5022,0.81652072
2725.4765,1.0746769
2726.451,1.1132265
2727.4257,0.85373825
2728.4006,0.25699633
2729.3756,0.49162824
2730.3508,0.40469281
2731.3262,0.30991553
2732.3017,0.48180619
2733.2775,0.62232559
2734.2534,0.36284627
2735.2294,0.05630941
2736.2057,0.60467579
2737.1821,0.41578856
2738.1587,0.26611829
2739.1355,0.45370421
2740.1124,0.16286004
2741.0895,0.060252446
2742.0668,0.38117555
2743.0443,-0.074370658
2744.0219,0.097535401
2744.9998,0.42630549
2745.9778,0.42566509
2746.9559,0.44855539
2747.9343,0.23615286
2748.9128,0.16492807
2749.8915,0.015273203
2750.8703,0.2420902
2751.8494,0.77479084
2752.8286,0.59376727
2753.808,0.34999988
2754.7875,0.63956711
2755.7672,0.55266503
2756.7472,0.94419561
2757.7272,0.794551
2758.7075,1.2017704
2759.6879,1.0207558
2760.6685,0.76131115
2761.6493,1.8430442
2762.6302,1.120857
2763.6114,0.68102402
2764.5927,0.46864329
2765.5741,0.23273443
2766.5558,0.6164347
2767.5376,0.18444998
2768.5196,0.34070184
2769.5018,0.269504
2770.4841,-0.044829817
2771.4667,0.74672001
2772.4493,0.41670248
2773.4322,0.49452938
2774.4153,0.14882815
2775.3985,0.13253997
2776.3819,0.4613511
2777.3654,0.0058498
2778.3492,0.067996837
2779.3331,-0.0031881755
2780.3172,0.20798104
2781.3014,0.67013192
2782.2859,0.24600958
2783.2705,0.33169244
2784.2553,0.64482757
2785.2402,0.65208163
2786.2254,0.22012128
2787.2107,0.36855437
2788.1961,0.2111064
2789.1818,0.17130676
2790.1676,0.1707241
2791.1536,0.46033879
2792.1398,0.65583712
2793.1262,-0.027094636
2794.1127,0.089974889
2795.0994,-0.0047190102
2796.0863,0.25352955
2797.0733,0.42550488
2798.0605,0.29944228
2799.0479,0.34592999
2800.0355,0.70614446
2801.0232,0.7447916
2802.0112,0.57951844
2802.9993,0.50836422
2803.9875,0.5470152
2804.976,0.82880472
2805.9646,0.3498112
2806.9534,0.41983858
2807.9423,0.29378881
2808.9315,0.2461717
2809.9208,0.96718332
2810.9103,0.69211779
2811.8999,0.91901432
2812.8898,0.61257881
2813.8798,0.82379164
2814.87,0.15657438
2815.8603,0.1638682
2816.8509,0.75939861
2817.8416,0.60983225
2818.8324,0.48379659
2819.8235,0.67148771
2820.8147,1.1023174
2821.8061,0.70177575
2822.7977,0.83456875
2823.7895,1.3830493
2824.7814,1.1158449
2825.7735,0.89570055
2826.7658,1.444185
2827.7582,2.0397295
2828.7508,2.7999812
2829.7436,2.6818027
2830.7366,2.4302923
2831.7297,2.2572145
2832.7231,2.6802164
2833.7166,2.444396
2834.7102,2.2791652
2835.7041,2.2394259
2836.6981,2.3879231
2837.6923,2.6383824
2838.6866,2.1594313
2839.6812,1.9393049
2840.6759,1.6015327
2841.6708,1.0833697
2842.6658,1.4044237
2843.6611,1.1686162
2844.6565,1.2073198
2845.6521,1.1675932
2846.6478,1.7866915
2847.6437,1.5901048
2848.6399,1.5111665
2849.6361,1.1577196
2850.6326,0.74152894
2851.6292,1.0782807
2852.626,1.3287593
2853.623,1.1792391
2854.6202,1.076779
2855.6175,1.0056928
2856.615,0.41696079
2857.6127,1.310583
2858.6105,1.0042065
2859.6085,0.87822344
2860.6067,0.24243774
2861.6051,0.43018274
2862.6036,0.40616431
2863.6024,0.55469619
2864.6012,0.52283719
2865.6003,0.17725398
2866.5996,0.34931911
2867.599,0.06648357
2868.5986,0.034629701
2869.5983,0.38709084
2870.5983,0.6846513
2871.5984,0.39397775
2872.5987,0.15036431
2873.5991,0.58126196
2874.5998,0.87882755
2875.6006,0.18031599
2876.6016,0.39945278
2877.6027,0.68133595
2878.604,0.45341648
2879.6055,-0.12744289
2880.6072,0.30346374
2881.6091,0.28731282
2882.6111,0.21626123
2883.6133,-0.11361261
2884.6157,0.23102463
2885.6182,0.0031141411
2886.621,-0.013030361
2887.6239,0.22964995
2888.6269,0.26840997
2889.6302,-0.30459343
2890.6336,0.047894655
2891.6372,0.039599705
2892.641,-0.24320377
2893.6449,0.2426215
2894.649,0.046095099
2895.6533,0.39074646
2896.6578,0.12363439
2897.6624,-0.025829333
2898.6673,0.39725725
2899.6723,0.028188245
2900.6774,0.01990484
2901.6828,0.011622718
2902.6883,0.13667521
2903.694,0.37937605
2904.6998,0.10443111
2905.7058,-0.02149294
2906.7121,0.16630978
2907.7184,0.27568242
2908.725,0.49486026
2909.7317,0.15717663
2910.7386,0.26655312
2911.7457,0.44651912
2912.753,-0.00096457946
2913.7604,0.1397883
2914.768,-0.009653614
2915.7758,0.060513597
2916.7837,-0.088925752
2917.7919,-0.8030697
2918.8002,-0.058388838
2919.8086,-0.18429493
2920.8173,-0.39647424
2921.8261,-0.31061306
2922.8351,-0.38945648
2923.8443,0.10425041
2924.8536,0.14305662
2925.8631,-0.24950844
2926.8728,0.024594449
2927.8827,0.008502545
2928.8927,0.047313884
2929.9029,0.1488716
2930.9133,-0.18878508
2931.9239,-0.079381656
2932.9346,0.077081874
2933.9455,0.49237022
2934.9566,0.005699056
2935.9679,0.068048787
2936.9793,0.44412529
2937.9909,0.67118347
2939.0027,0.58451744
2940.0147,0.074323285
2941.0268,-0.25547743
2942.0391,-0.35782589
2943.0516,-0.13860443
2944.0643,0.3315987
2945.0771,0.20572468
2946.0901,0.064165676
2947.1033,-0.038176364
2948.1166,-0.21110536
2949.1301,0.00028066005
2950.1438,0.054805214
2951.1577,-0.3220415
2952.1718,-0.22829869
2953.186,-0.016907544
2954.2004,-0.17414256
2955.2149,-0.15098415
2956.2297,-0.23762836
2957.2446,-0.46544777
2958.2597,-0.13640315
2959.275,0.20832903
2960.2904,0.34914092
2961.306,0.10564037
2962.3218,-0.028054976
2963.3378,-0.04410198
2964.3539,-0.13073594
2965.3702,0.11988629
2966.3867,0.017568627
2967.4034,-0.22378741
2968.4202,0.060347059
2969.4372,-0.21238091
2970.4544,0.071754163
2971.4718,0.15196798
2972.4893,-0.26193555
2973.507,-0.15034858
2974.5249,0.1730034
2975.5429,-0.27227176
2976.5612,0.082453386
2977.5796,0.33521805
2978.5981,0.36837518
2979.6169,-0.021996805
2980.6358,-0.45158417
2981.6549,0.0051032874
2982.6742,-0.26762072
2983.6936,0.047890875
2984.7133,-0.075812913
2985.7331,0.30244439
2986.753,0.24932945
2987.7732,0.047195202
2988.7935,0.30780636
2989.814,-0.059033157
2990.8346,-0.04940178
2991.8555,0.36807304
2992.8765,0.22084228
2993.8977,0.30890595
2994.9191,0.64010717
2995.9406,0.62621066
2996.9623,0.1574125
2997.9842,0.22194797
2999.0062,0.44334649
3000.0285,0.04513748
3001.0509,0.41555622
3002.0735,0.37813213
3003.0962,-0.17693871
3004.1192,-0.01828376
3005.1423,0.27370483
3006.1655,0.5186349
3007.189,-0.20898374
3008.2126,-0.26993541
3009.2364,0.25734852
3010.2604,0.16502491
3011.2846,0.041329056
3012.3089,0.050966842
3013.3334,0.55472258
3014.3581,0.58789039
3015.3829,0.4955683
3016.4079,0.70912888
3017.4331,0.90700348
3018.4585,0.5793882
3019.484,1.2792242
3020.5098,1.1084723
3021.5356,0.86713241
3022.5617,1.9826556
3023.588,1.4511203
3024.6144,1.5784088
3025.641,1.784129
3026.6677,2.4996534
3027.6947,2.5406683
3028.7218,1.8287423
3029.7491,2.3560324
3030.7765,2.0676364
3031.8042,1.9831624
3032.832,2.2516298
3033.8599,1.2965681
3034.8881,1.1258204
3035.9164,1.2609554
3036.9449,1.8980515
3037.9736,1.5390695
3039.0025,0.94479364
3040.0315,1.8093416
3041.0607,1.4503605
3042.0901,1.1933405
3043.1196,1.5088698
3044.1494,1.1420464
3045.1793,0.43796849
3046.2093,0.73781242
3047.2396,1.2572645
3048.27,1.3531875
3049.3006,1.2138166
3050.3314,1.0587598
3051.3623,0.85664452
3052.3934,1.195706
3053.4247,1.2837873
3054.4562,1.19932
3055.4878,1.0913235
3056.5196,0.95195483
3057.5516,1.07141
3058.5838,0.88498305
3059.6161,0.50247801
3060.6486,0.80232622
3061.6813,1.2119787
3062.7142,0.72751375
3063.7472,0.83912758
3064.7804,0.51152603
3065.8138,0.95255223
3066.8474,0.3112258
3067.8811,0.48558595
3068.915,0.47955424
3069.9491,0.27744441
3070.9833,0.39690351
3072.0178,0.7438139
3073.0524,0.78484224
3074.0871,1.1239101
3075.1221,0.49827239
3076.1572,0.56283105
3077.1925,0.62739003
3078.228,0.45665519
3079.2636,-0.012118562
3080.2995,-0.025990046
3081.3355,0.2189623
3082.3716,0.33842476
3083.408,1.2108287
3084.4445,0.85970354
3085.4812,1.0026963
3086.518,0.83196393
3087.5551,0.62985929
3088.5923,0.70226475
3089.6297,0.35114111
3090.6672,0.78433151
3091.705,1.0998751
3092.7429,0.96051712
3093.781,1.0093947
3094.8192,1.0425863
3095.8577,0.95813118
3096.8963,1.1011273
3097.9351,1.3853002
3098.974,1.3479048
3100.0132,1.1222744
3101.0525,1.0613502
3102.0919,1.7063087
3103.1316,2.1787184
3104.1714,2.2668148
3105.2114,2.7627545
3106.2516,3.1881063
3107.2919,4.2173801
3108.3325,3.5917521
3109.3732,3.4131833
3110.414,5.0463795
3111.4551,5.4560466
3112.4963,4.1480669
3113.5377,3.5851856
3114.5793,4.1281869
3115.621,4.8280513
3116.6629,3.5749748
3117.705,3.6709182
3118.7473,3.6256855
3119.7897,3.0314334
3120.8324,3.5744366
3121.8751,3.4037146
3122.9181,2.4486791
3123.9612,2.1054087
3125.0046,2.303315
3126.048,2.5718099
3127.0917,1.9618737
3128.1355,1.8225261
3129.1795,2.3027866
3130.2237,1.4497141
3131.2681,1.1691909
3132.3126,1.5867072
3133.3573,1.5963807
3134.4022,1.3629172
3135.4472,1.0353364
3136.4925,1.3822658
3137.5379,1.3605679
3138.5835,0.67220372
3139.6292,1.1210947
3140.6751,1.0444958
3141.7212,0.19926982
3142.7675,0.18541664
3143.8139,0.30489711
3144.8606,0.40084847
3145.9074,0.20660405
3146.9543,0.43588936
3148.0015,0.61811614
3149.0488,0.24348049
3150.0963,0.88845298
3151.1439,0.73342578
3152.1918,0.73526162
3153.2398,1.207686
3154.288,0.42520875
3155.3364,0.2780259
3156.3849,0.10731395
3157.4336,0.34444544
3158.4825,0.47961645
3159.5315,0.089297576
3160.5808,0.31074371
3161.6302,0.64199407
3162.6798,0.39285258
3163.7295,0.18292707
3164.7795,0.24751168
3165.8296,0.63366522
3166.8798,0.77668181
3167.9303,0.080483025
3168.9809,0.45879434
3170.0317,0.64102754
3171.0827,0.70561398
3172.1339,0.68392621
3173.1852,0.79557208
3174.2367,0.92290454
3175.2883,0.83847259
3176.3402,0.39325663
3177.3922,0.25392334
3178.4444,0.84400211
3179.4968,0.4066302
3180.5493,0.72219978
3181.602,1.1397304
3182.6549,0.92981044
3183.708,0.57087113
3184.7612,0.12565762
3185.8147,0.096130682
3186.8682,-0.20790575
3187.922,-0.11194188
3188.9759,-0.19636986
3190.03,-0.64158185
3191.0843,-0.38091118
3192.1388,-0.46533825
3193.1934,-0.071333633
3194.2482,0.39325952
3195.3032,-0.0048921187
3196.3584,-0.034416002
3197.4137,-0.38550821
3198.4692,-0.36797266
3199.5249,-0.16220151
3200.5807,0.012197399
3201.6368,0.26502798
3202.693,-0.015474461
3203.7493,0.36284693
3204.8059,0.058815683
3205.8626,0.068510233
3206.9195,0.42330313
3207.9766,0.27613554
3209.0338,0.46622316
3210.0913,0.76611501
3211.1489,0.39149736
3212.2066,-0.077237629
3213.2646,0.19128259
3214.3227,0.50686193
3215.381,0.48518668
3216.4394,0.39292349
3217.4981,0.026150813
3218.5569,-0.058268622
3219.6159,0.014174993
3220.675,0.29838362
3221.7344,0.11200432
3222.7939,0.28640963
3223.8536,0.10787407
3224.9134,0.070515293
3225.9735,-0.068803967
3227.0337,0.027171197
3228.0941,0.1937349
3229.1546,0.10931852
3230.2153,-0.13980344
3231.2762,0.011074901
3232.3373,-0.096869979
3233.3986,0.1010678
3234.46,-0.053935293
3235.5216,-0.28736945
3236.5834,0.020373163
3237.6453,-0.43266823
3238.7075,-0.093552455
3239.7698,0.22203421
3240.8322,0.082719226
3241.8949,0.38262023
3242.9577,0.50212938
3244.0207,0.22948198
3245.0839,-0.16081218
3246.1472,0.084188084
3247.2107,0.49389454
3248.2744,0.21340521
3249.3383,-0.059240665
3250.4023,0.13085886
3251.4665,-0.31433543
3252.5309,0.048313725
3253.5955,-0.028952828
3254.6602,-0.012101544
3255.7251,-0.089367716
3256.7902,-0.12741801
3257.8555,-0.28311517
3258.9209,-0.14861607
3259.9865,-0.11607756
3261.0523,-0.34236238
3262.1182,-0.19217643
3263.1844,-0.049833428
3264.2507,-0.12709808
3265.3172,-0.39259783
3266.3838,-0.28946994
3267.4506,0.36267775
3268.5176,-0.11458613
3269.5848,-0.37224198
3270.6522,0.20931804
3271.7197,0.20264296
3272.7874,0.38420337
3273.8553,0.6363522
3274.9233,0.32379534
3275.9915,0.3328073
3277.0599,0.067309648
3278.1285,0.084165125
3279.1972,0.42258942
3280.2662,0.40022959
3281.3352,0.64453662
3282.4045,0.42609874
3283.4739,0.28609243
3284.5436,0.96177258
3285.6133,1.6766686
3286.6833,2.3601923
3287.7534,2.9731279
3288.8238,4.40175
3289.8942,5.3048821
3290.9649,6.2864457
3292.0357,7.0562449
3293.1067,7.5985932
3294.1779,8.0703535
3295.2493,6.9970159
3296.3208,6.6844629
3297.3925,6.1366159
3298.4644,5.4005338
3299.5364,4.954648
3300.6087,4.2499389
3301.6811,2.8864064
3302.7536,2.0797368
3303.8264,1.8377734
3304.8993,1.5801238
3305.9724,1.1656117
3307.0457,1.0099233
3308.1191,1.3169802
3309.1928,1.1063902
3310.2666,1.4212906
3311.3405,1.7440344
3312.4147,1.8706999
3313.489,2.2091302
3314.5635,1.5671687
3315.6381,1.991874
3316.713,1.9538343
3317.788,2.0099126
3318.8632,1.3601086
3319.9385,1.3377558
3321.0141,1.527168
3322.0898,1.3793254
3323.1657,1.1452085
3324.2417,0.6522682
3325.318,0.68481834
3326.3944,0.73305494
3327.471,0.28717409
3328.5477,0.34325421
3329.6246,0.12482472
3330.7017,0.54168954
3331.779,0.13502513
3332.8565,0.40287072
3333.9341,0.85110866
3335.0119,0.51503306
3336.0899,0.54758511
3337.168,1.1134707
3338.2463,0.83229761
3339.3248,0.9432816
3340.4035,0.90524617
3341.4824,0.92995603
3342.5614,1.06447
3343.6406,1.4264351
3344.7199,0.98840047
3345.7995,0.37781698
3346.8792,0.54370426
3347.9591,0.94488585
3349.0392,0.4127343
3350.1194,0.79038686
3351.1998,0.54058863
3352.2804,0.74569256
3353.3612,1.2017771
3354.4421,1.3441363
3355.5232,1.6590447
3356.6045,1.5268945
3357.686,1.1202346
3358.7676,1.6469083
3359.8494,1.7971116
3360.9314,2.1747661
3362.0135,2.1994796
3363.0959,1.5732128
3364.1784,1.4253777
3365.261,1.6226408
3366.3439,2.3532374
3367.4269,1.7269714
3368.5101,0.79482328
3369.5935,1.2273812
3370.677,1.5736649
3371.7608,1.0493605
3372.8447,1.1368209
3373.9287,0.7380071
3375.013,1.0842915
3376.0974,1.0933212
3377.182,1.3141158
3378.2668,1.9349105
3379.3517,1.5753133
3380.4368,1.4039516
3381.5221,0.99729599
3382.6076,1.0220131
3383.6932,1.7761422
3384.779,1.5185067
3385.865,1.3157734
3386.9512,0.98755007
3388.0375,0.80050342
3389.124,0.73894716
3390.2107,0.2381754
3391.2976,0.30995285
3392.3846,0.64055402
3393.4718,0.88488087
3394.5592,0.10960007
3395.6467,0.51863318
3396.7345,0.70805865
3397.8224,0.34062155
3398.9105,0.84377289
3399.9987,0.4606499
3401.0871,0.89321338
3402.1757,0.85518882
3403.2645,0.84069385
3404.3535,1.3124736
3405.4426,1.0626849
3406.5319,1.2207395
3407.6213,1.6689904
3408.711,1.6074376
3409.8008,1.2321595
3410.8908,0.91178347
3411.981,0.66199591
3413.0713,0.82789482
3414.1618,0.70359784
3415.2525,0.5243991
3416.3434,0.6746123
3417.4344,0.29149237
3418.5256,0.010333404
3419.617,0.32525306
3420.7086,0.22448664
3421.8003,-0.31549528
3422.8922,-0.19665348
3423.9843,-0.21114482
3425.0766,0.064560109
3426.169,0.12850052
3427.2616,0.38067642
3428.3544,0.10736231
3429.4474,-0.040461413
3430.5405,0.37642094
3431.6338,0.33840152
3432.7273,0.95920582
3433.8209,0.64667698
3434.9147,0.43610911
3436.0087,0.64907085
3437.1029,0.45418963
3438.1973,0.9730341
3439.2918,0.55854543
3440.3865,0.20680205
3441.4814,0.99231375
3442.5764,0.78959036
3443.6716,0.32020049
3444.767,0.29002649
3445.8626,1.1774997
3446.9583,1.139483
3448.0542,0.70146643
3449.1503,1.0948226
3450.2466,1.488179
3451.343,0.91682966
3452.4397,1.5533237
3453.5364,1.9623669
3454.6334,2.1439593
3455.7305,2.443199
3456.8278,3.09538
3457.9253,3.3083456
3459.023,3.2781741
3460.1208,2.863689
3461.2188,3.1158708
3462.317,3.948445
3463.4154,4.1378821
3464.5139,4.0135938
3465.6126,3.5912666
3466.7115,3.6709003
3467.8105,3.8603382
3468.9098,3.8772272
3470.0092,4.4117635
3471.1087,4.0757117
3472.2085,3.7004444
3473.3084,3.8036087
3474.4085,4.4479497
3475.5088,4.472683
3476.6092,4.2542792
3477.7098,4.1378364
3478.8106,4.546884
3479.9116,5.0971083
3481.0127,4.9414504
3482.114,4.9426554
3483.2155,4.2066058
3484.3172,4.8980073
3485.419,4.8207815
3486.5211,4.0298304
3487.6232,3.380056
3488.7256,3.2165563
3489.8281,3.178547
3490.9308,2.6621065
3492.0337,2.8280191
3493.1368,2.4135398
3494.24,2.2029822
3495.3434,2.2826209
3496.447,2.4171618
3497.5508,2.1752322
3498.6547,2.2156558
3499.7588,2.5384325
3500.8631,1.7631702
3501.9675,1.3565355
3503.0722,1.6244108
3504.177,1.0216981
3505.2819,1.3758483
3506.3871,1.8790183
3507.4924,0.95473756
3508.5979,1.520653
3509.7036,1.3650001
3510.8094,1.4838571
3511.9154,1.4693811
3513.0216,1.8784346
3514.128,1.8404294
3515.2345,1.5906598
3516.3412,1.4820668
3517.4481,1.3970034
3518.5552,1.2335089
3519.6624,1.6817792
3520.7699,1.3222066
3521.8774,1.3469479
3522.9852,1.3952188
3524.0931,1.4670193
3525.2012,0.96627103
3526.3095,0.95179741
3527.418,1.0863436
3528.5266,0.765988
3529.6354,0.49269143
3530.7444,0.60370877
3531.8536,0.25198121
3532.9629,0.12770481
3534.0724,0.8661737
3535.1821,0.82032906
3536.2919,1.0333081
3537.4019,1.3874639
3538.5121,0.79260021
3539.6225,0.65263868
3540.7331,0.68522637
3541.8438,0.74918679
3542.9547,0.75824544
3544.0658,0.97122586
3545.177,0.76852019
3546.2884,0.43248137
3547.4,0.91997216
3548.5118,0.8506004
3549.6237,0.84397392
3550.7358,0.85303391
3551.8481,0.3601333
3552.9606,1.1064486
3554.0732,1.0841366
3555.186,0.91280518
3556.299,0.98461122
3557.4122,1.032888
3558.5255,1.2694003
3559.639,1.3255207
3560.7527,1.8522294
3561.8666,1.6887423
3562.9806,1.7056475
3564.0948,2.3500039
3565.2092,2.0061252
3566.3238,2.305384
3567.4385,3.1066037
3568.5534,3.1235098
3569.6685,3.5325731
3570.7837,4.8435973
3571.8991,5.2369746
3573.0147,4.8303521
3574.1305,4.4002004
3575.2465,4.7935783
3576.3626,4.8967604
3577.4789,5.0156288
3578.5954,4.7893995
3579.712,4.0455232
3580.8288,4.4467452
3581.9458,4.3930655
3583.063,4.8335035
3584.1803,3.7131575
3585.2978,4.1222234
3586.4155,4.7665836
3587.5334,4.438395
3588.6514,4.2984418
3589.7696,4.1349595
3590.888,4.2459871
3592.0066,3.9177992
3593.1253,4.4445135
3594.2442,5.0967182
3595.3633,4.0626486
3596.4826,3.3893634
3597.602,3.2650981
3598.7216,2.9133819
3599.8414,3.1655876
3600.9613,2.6413228
3602.0815,2.1327445
3603.2018,2.4398527
3604.3223,3.2332355
3605.4429,2.2462264
3606.5637,1.9886293
3607.6847,2.6486794
3608.8059,2.3989257
3609.9273,2.2197605
3611.0488,2.0562818
3612.1705,2.1437836
3613.2923,2.2155994
3614.4144,1.6991801
3615.5366,2.218055
3616.659,2.3447733
3617.7816,2.0401192
3618.9043,1.7746811
3620.0272,1.7523803
3621.1503,2.1614523
3622.2736,1.7705245
3623.397,1.6854792
3624.5206,1.5847479
3625.6444,1.672252
3626.7684,2.371521
3627.8925,1.4394177
3629.0168,1.22104
3630.1413,1.8105057
3631.266,1.3333049
3632.3908,1.5463004
3633.5158,1.7828255
3634.641,1.6193507
3635.7663,1.6127389
3636.8919,1.8100489
3638.0176,1.7250061
3639.1434,0.99682624
3640.2695,0.88041128
3641.3957,1.3443887
3642.5221,1.3534643
3643.6487,1.3233244
3644.7754,0.97945922
3645.9024,1.4042217
3647.0295,1.7270236
3648.1567,1.1086491
3649.2842,1.7843926
3650.4118,1.4091558
3651.5396,1.0652918
3652.6675,1.0743691
3653.7957,1.4912898
3654.924,0.96703414
3656.0525,0.631014
3657.1812,1.432249
3658.31,1.1197586
3659.439,0.95628807
3660.5682,1.0124256
3661.6976,1.0058181
3662.8271,0.78744621
3663.9568,0.71809408
3665.0867,1.1663892
3666.2167,1.0656649
3667.347,0.80807803
3668.4774,0.92696196
3669.608,1.5321206
3670.7387,1.4235539
3671.8696,0.92283055
3673.0007,0.79073485
3674.132,0.78412952
3675.2635,0.77752439
3676.3951,1.4768018
3677.5269,1.3839225
3678.6589,0.68712191
3679.791,0.55502735
3680.9233,0.63469768
3682.0558,0.47907408
3683.1885,0.66070558
3684.3213,0.62272943
3685.4544,0.92200837
3686.5876,0.97815024
3687.7209,0.61076289
3688.8545,0.56494436
3689.9882,0.49559661
3691.1221,0.78703337
3692.2561,0.69415658
3693.3904,0.2875545
3694.5248,0.80644281
3695.6594,0.79199797
3696.7941,0.35402391
3697.9291,0.025853967
3699.0642,0.16827245
3700.1995,0.45971073
3701.3349,0.38252174
3702.4705,0.15631334
3703.6063,0.31441886
3704.7423,0.3940932
3705.8785,0.32474811
3707.0148,0.17697185
3708.1513,0.62527421
3709.288,0.68926303
3710.4248,0.68266381
3711.5619,0.87998634
3712.6991,0.44201495
3713.8364,0.29423983
3714.974,0.56999432
3716.1117,0.022219576
3717.2496,0.54895483
3718.3877,0.85608243
3719.5259,0.58281807
3720.6643,0.49778919
3721.8029,0.75785854
3722.9417,0.41400651
3724.0806,0.26623311
3725.2197,-0.022716578
3726.359,0.2922555
3727.4985,0.30134541
3728.6381,0.098670803
3729.778,0.36658463
3730.9179,0.24234178
3732.0581,0.51809912
3733.1984,0.32326841
3734.3389,0.1284379
3735.4796,0.22380365
3736.6205,0.56230685
3737.7615,0.79884946
3738.9027,0.40009814
3740.0441,0.2523274
3741.1856,0.44181176
3742.3274,-0.18438997
3743.4693,0.29529085
3744.6114,0.39065813
3745.7536,0.38406481
3746.896,0.60492267
3748.0386,0.15127091
3749.1814,0.67801151
3750.3244,0.24004641
3751.4675,0.2020815
3752.6108,0.3366658
3753.7542,0.0085051889
3754.8979,0.62936438
3756.0417,0.27767474
3757.1857,0.082848041
3758.3299,0.20174702
3759.4742,0.24221482
3760.6187,0.54934947
3761.7634,-0.045476468
3762.9083,0.17538406
3764.0533,0.30997026
3765.1985,-0.0025021624
3766.3439,0.21835894
3767.4895,-0.070583698
3768.6352,-0.16344771
3769.7811,-0.068076237
3770.9272,0.20768758
3772.0734,-0.17537193
3773.2199,-0.19764695
3774.3665,-0.43168648
3775.5133,-0.46964738
3776.6602,-0.33505908
3777.8073,-0.42792157
3778.9546,-0.14761101
3780.1021,0.062111002
3781.2498,0.0051660381
3782.3976,0.018808999
3783.5456,-0.32833266
3784.6938,0.17942732
3785.8421,0.16169681
3786.9906,0.35573068
3788.1393,0.36152896
3789.2882,0.10850339
3790.4372,0.34959516
3791.5865,0.22205917
3792.7359,0.3533464
3793.8854,0.32777058
3795.0352,0.34141013
3796.1851,0.40210819
3797.3352,0.35300202
3798.4854,0.13918966
3799.6359,0.19988679
3800.7865,-0.15510266
3801.9373,-0.23558261
3803.0882,-0.080768764
3804.2394,0.058358502
3805.3907,-0.2574165
3806.5421,-0.063387897
3807.6938,0.09926785
3808.8456,-0.29493946
3809.9976,0.048107826
3811.1498,-0.33041383
3812.3022,-0.4579554
3813.4547,0.049796837
3814.6074,-0.09343163
3815.7603,0.069221947
3816.9133,0.23187521
3818.0666,-0.1466483
3819.22,0.11796513
3820.3735,-0.080166848
3821.5273,-0.22339717
3822.6812,-0.14701997
3823.8353,-0.54907444
3824.9896,-0.2295606
3826.144,-0.12965492
3827.2986,-0.57876915
3828.4534,0.030939843
3829.6084,0.15437401
3830.7635,0.34055297
3831.9188,0.2914375
3833.0743,0.2815374
3834.23,0.26379386
3835.3858,0.42644217
3836.5418,0.3224235
3837.698,0.47722804
3838.8544,0.76536562
3840.0109,0.40252248
3841.1676,0.26713002
3842.3245,0.29644313
3843.4816,-0.12914602
3844.6388,0.18251941
3845.7962,-0.30581547
3846.9538,0.17839836
3848.1115,0.011631491
3849.2695,0.025256467
3850.4276,0.070253682
3851.5858,-0.12004353
3852.7443,-0.13779203
3853.9029,-0.28103104
3855.0617,0.10121983
3856.2207,-0.1282943
3857.3798,-0.067612675
3858.5391,0.016598056
3859.6986,0.12433789
3860.8583,0.13011663
3862.0182,0.11236564
3863.1782,-0.015189573
3864.3384,-0.048627451
3865.4987,0.12943479
3866.6593,0.18200648
3867.82,-0.17326532
3868.9809,-0.11285119
3870.1419,-0.20145702
3871.3032,0.39228974
3872.4646,-0.0021991418
3873.6262,-0.15355112
3874.7879,0.22058675
3875.9499,0.10060662
3877.112,-0.12917777
3878.2743,-0.029550758
3879.4367,0.070075908
3880.5993,-0.11265072
3881.7621,0.010504663
3882.9251,0.063071457
3884.0883,0.084265352
3885.2516,-0.035717573
3886.4151,-0.54785771
3887.5788,-0.087449179
3888.7426,-0.011354722
3889.9067,-0.13918218
3891.0709,-0.0081864654
3892.2352,-0.37130874
3893.3998,0.065568627
3894.5645,0.13619925
3895.7294,0.0029083142
3896.8945,0.12844091
3898.0597,0.13632646
3899.2251,0.31676103
3900.3907,0.17562698
3901.5565,0.010963524
3902.7224,0.21492753
3903.8885,0.026734672
3905.0548,-0.15361504
3906.2213,0.13662349
3907.3879,0.073920854
3908.5547,0.37984567
3909.7217,0.34851559
3910.8889,0.68581297
3912.0562,0.88977703
3913.2237,0.85060383
3914.3914,1.2584895
3915.5593,1.831081
3916.7273,2.8193588
3917.8955,3.5174405
3919.0639,3.399836
3920.2324,3.9959569
3921.4012,4.0901171
3922.5701,4.2548656
3923.7391,3.8078493
3924.9084,4.2078918
3926.0778,4.6706795
3927.2474,4.0275848
3928.4172,4.4589999
3929.5871,3.5806111
3930.7572,3.0551635
3931.9275,2.6395198
3933.098,2.4277977
3934.2686,1.9650952
3935.4395,2.0200398
3936.6105,2.4436118
3937.7816,1.7691447
3938.953,1.7613442
3940.1245,2.9770731
3941.2962,2.2555471
3942.468,2.2242172
3943.6401,2.7732794
3944.8123,3.0948907
3945.9847,2.4596393
3947.1572,2.4832114
3948.33,2.8048227
3949.5029,2.6480026
3950.6759,2.3186335
3951.8492,2.2637743
3953.0226,2.2481307
3954.1962,1.8481734
3955.37,1.6913534
3956.544,1.3855138
3957.7181,1.0326153
3958.8924,1.1110894
3960.0669,1.6601518
3961.2415,1.1190181
3962.4163,1.0563157
3963.5913,1.142633
3964.7665,1.1975777
3965.9419,1.4721303
3967.1174,1.6133496
3968.2931,1.6212355
3969.4689,1.887945
3970.645,1.5428897
3971.8212,1.5821482
3972.9976,1.9900342
3974.1742,1.7783123
3975.3509,1.9116884
3976.5278,2.0764372
3977.7049,2.3431467
3978.8822,2.4608366
3980.0596,2.8059775
3981.2372,2.5707262
3982.415,2.0766514
3983.593,2.1394394
3984.7711,2.7277176
3985.9494,2.6179565
3987.1279,2.3042739
3988.3065,2.4690227
3989.4854,3.0729872
3990.6644,3.1749909
3991.8435,2.5632691
3993.0229,2.6103708
3994.2024,2.2339432
3995.3821,2.5084959
3996.562,2.3281467
3997.7421,2.406621
3998.9223,2.8145071
4000.1027,2.4459226
4001.2832,2.6263577
4002.464,2.3205183
4003.6449,2.4225221
4004.826,2.6892318
4006.0073,2.2735885
4007.1887,2.3991217
4008.3703,2.2266156
4009.5521,2.5246979
4010.7341,3.0345448
4011.9162,2.6032153
4013.0985,2.8620818
4014.281,2.5562425
4015.4637,3.4268738
4016.6465,3.5210345
4017.8295,3.4504893
4019.0127,4.1250422
4020.1961,4.4466539
4021.3796,5.3094421
4022.5633,4.2114459
4023.7472,4.1016851
4024.9313,5.2076105
4026.1155,5.6154968
4027.2999,6.4390693
4028.4845,5.6234261
4029.6692,5.8901359
4030.8542,7.599983
4032.0393,7.7255163
4033.2245,9.1451673
4034.41,11.584426
4035.5956,12.651136
4036.7814,13.310003
4037.9674,17.984556
4039.1535,21.725775
4040.3398,25.882681
4041.5263,30.204293
4042.713,34.494532
4043.8998,35.741634
4045.0869,37.396579
4046.2741,39.388779
4047.4614,41.067254
4048.649,40.322199
4049.8367,39.898713
4051.0246,38.212482
4052.2126,38.996839
4053.4009,38.487078
4054.5893,37.193004
4055.7779,33.742067
4056.9666,29.240149
4058.1555,26.361761
4059.3447,24.950039
4060.5339,22.252044
4061.7234,20.063852
4062.913,18.714875
4064.1028,18.401193
4065.2928,16.78555
4066.483,15.428731
4067.6733,14.911127
4068.8638,14.887641
4070.0545,14.456312
4071.2453,13.946551
4072.4363,13.98581
4073.6275,13.609383
4074.8189,13.805505
4076.0104,14.448685
4077.2022,14.613434
4078.3941,14.582105
4079.5861,14.033129
4080.7784,14.190035
4081.9708,14.26851
4083.1634,13.413651
4084.3561,13.343107
4085.5491,12.778444
4086.7422,12.723586
4087.9355,11.60206
4089.1289,10.849163
4090.3226,11.155088
4091.5164,11.217877
4092.7104,10.512038
4093.9045,9.5473757
4095.0989,9.3434976
4096.2934,9.4690312
4097.4881,8.9906433
4098.6829,8.8024515
4099.8779,9.4221029
4101.0731,8.998617
4102.2685,8.0417977
4103.4641,8.0183118
4104.6598,8.3007083
4105.8557,8.1831047
4107.0518,7.9321679
4108.248,7.9871134
4109.4445,8.0969608
4110.6411,8.2303377
4111.8378,7.6186166
4113.0348,8.0421895
4114.2319,8.6932135
4115.4292,8.2697277
4116.6267,8.3795752
4117.8243,8.4109913
4119.0221,8.0816231
4120.2201,8.6542158
4121.4183,8.5915143
4122.6166,9.4935187
4123.8151,10.160229
4125.0138,9.8622334
4126.2127,9.7054142
4127.4117,9.8152618
4128.6109,9.9407956
4129.8103,9.7133883
4131.0099,9.8938241
4132.2096,9.9487698
4133.4095,9.6350879
4134.6096,8.8508179
4135.8098,9.219489
4137.0103,9.4234543
4138.2109,8.0666352
4139.4116,8.4431495
4140.6126,7.8784873
4141.8137,7.2667663
4143.015,7.9334767
4144.2165,7.7452852
4145.4181,7.5257211
4146.62,7.196353
4147.822,7.4709066
4149.0241,6.4905582
4150.2265,6.8278568
4151.429,6.6553516
4152.6317,6.804415
4153.8346,6.6083803
4155.0376,5.9339143
4156.2408,5.9574875
4157.4442,6.3261587
4158.6478,6.349732
4159.8515,6.5301679
4161.0554,6.4988392
4162.2595,5.698883
4163.4638,6.2479464
4164.6682,6.1617158
4165.8728,5.9107792
4167.0776,5.8010191
4168.2826,5.9579257
4169.4877,5.3383618
4170.693,5.4325233
4171.8985,5.252175
4173.1041,5.3698659
4174.31,5.8561843
4175.516,5.7777968
4176.7222,5.6288211
4177.9285,6.4445513
4179.135,5.8406737
4180.3417,5.4171882
4181.5486,5.5505654
4182.7557,5.1270799
4183.9629,5.5271239
4185.1703,5.7703051
4186.3778,6.0683882
4187.5856,6.342942
4188.7935,5.3469075
4190.0016,6.2802848
4191.2099,6.4450347
4192.4183,5.8490002
4193.6269,6.0686521
4194.8357,6.0765392
4196.0447,6.5550146
4197.2538,6.8844703
4198.4631,6.6256908
4199.6726,7.1433819
4200.8823,7.0257789
4202.0921,7.3238621
4203.3021,7.5356708
4204.5123,7.0886561
4205.7227,7.5200727
4206.9332,7.480901
4208.1439,7.5829059
4209.3548,8.7907931
4210.5659,8.5163274
4211.7771,8.7046067
4212.9885,8.5948469
4214.2001,9.1752832
4215.4118,9.2459155
4216.6237,9.7087047
4217.8358,10.344043
4219.0481,11.269577
4220.2606,10.987268
4221.4732,10.744175
4222.686,11.622651
4223.899,12.987401
4225.1121,13.254112
4226.3254,13.418862
4227.5389,14.258122
4228.7526,15.779734
4229.9664,17.630759
4231.1804,18.477862
4232.3946,20.321043
4233.609,21.717166
4234.8235,22.752504
4236.0382,23.38
4237.2531,25.058475
4238.4682,25.482049
4239.6834,26.140916
4240.8988,26.807627
4242.1144,26.682181
4243.3302,27.552814
4244.5461,25.270505
4245.7622,23.843099
4246.9785,24.21177
4248.195,22.541226
4249.4116,22.054996
4250.6284,21.513864
4251.8454,21.325673
4253.0625,21.121796
4254.2798,20.063016
4255.4973,18.290512
4256.715,17.114085
4257.9329,16.518051
4259.1509,16.816135
4260.3691,15.702454
4261.5875,15.161322
4262.806,14.141758
4264.0247,13.475136
4265.2436,14.12616
4266.4627,13.671303
4267.6819,13.310563
4268.9013,13.522372
4270.1209,13.538103
4271.3407,13.734225
4272.5606,12.557799
4273.7807,12.063726
4275.001,12.024555
4276.2215,11.812834
4277.4421,11.38935
4278.6629,11.522727
4279.8839,11.295321
4281.1051,10.542424
4282.3264,10.49541
4283.5479,10.417023
4284.7696,10.691577
4285.9915,10.479857
4287.2135,9.6955875
4288.4357,10.542691
4289.6581,9.6015588
4290.8806,10.025133
4292.1033,10.119295
4293.3262,9.5624766
4294.5493,9.6017368
4295.7726,9.068448
4296.996,9.4684925
4298.2196,9.5940273
4299.4434,9.0685816
4300.6673,9.6019595
4301.8914,9.0765138
4303.1157,9.3432251
4304.3402,9.076603
4305.5648,9.0766475
4306.7896,9.3904176
4308.0146,9.3904622
4309.2398,9.1473695
4310.4651,8.857218
4311.6906,8.7709881
4312.9163,9.3749543
4314.1422,8.5593126
4315.3682,8.2456318
4316.5944,8.622147
4317.8208,9.1241524
4319.0474,8.2222363
4320.2741,7.9791436
4321.501,8.6693844
4322.7281,8.4498212
4323.9553,8.230258
4325.1828,7.3518713
4326.4104,7.2342689
4327.6382,7.3362744
4328.8661,8.0343583
4330.0942,7.9245991
4331.3225,7.6187614
4332.551,7.3129238
4333.7797,7.1953214
4335.0085,7.0385034
4336.2375,6.8267834
4337.4666,7.4307497
4338.696,6.94452
4339.9255,6.2778981
4341.1552,6.7877467
4342.3851,6.7564189
4343.6151,5.9094049
4344.8453,6.3408222
4346.0757,5.9016513
4347.3063,5.6271863
4348.537,5.9252703
4349.7679,5.8860994
4350.999,6.2233991
4352.2303,5.7293263
4353.4617,5.2979985
4354.6933,5.16471
4355.9251,5.7686764
4357.1571,5.6040154
4358.3892,5.5726877
4359.6215,5.6433208
4360.854,5.2747382
4362.0866,5.5885085
4363.3195,5.5336514
4364.5525,5.4160492
4365.7856,5.408251
4367.019,5.2592763
4368.2525,5.2671643
4369.4862,4.9377974
4370.7201,5.0241168
4371.9541,5.7143578
4373.1884,5.2751871
4374.4228,4.7889575
4375.6573,4.820375
4376.8921,4.9066944
4378.127,4.9930139
4379.3621,5.2754118
4380.5974,5.1421234
4381.8328,5.008835
4383.0684,5.126527
4384.3042,4.9853955
4385.5402,5.0089699
4386.7763,5.2286228
4388.0126,4.7737658
4389.2491,4.844399
4390.4858,4.7032676
4391.7226,4.7974302
4392.9596,4.4915929
4394.1968,4.6563438
4395.4342,4.9073692
4396.6717,4.3897672
4397.9094,4.1702044
4399.1473,4.2722103
4400.3853,4.5702945
4401.6236,4.3977906
4402.862,4.3899925
4404.1005,4.986116
4405.3393,4.4920435
4406.5782,4.2960101
4407.8173,4.3038983
4409.0566,4.1862964
4410.296,4.7196748
4411.5357,4.0059945
4412.7754,4.2099612
4414.0154,4.0923592
4415.2556,4.0688749
4416.4959,4.7042142
4417.7364,4.170926
4418.977,4.2337163
4420.2179,4.0612124
4421.4589,4.0534144
4422.7001,4.0613027
4423.9415,3.7476224
4425.183,3.7241382
4426.4247,3.6379089
4427.6666,3.6301109
4428.9086,3.7242738
4430.1509,3.4576523
4431.3933,3.8420113
4432.6359,3.9989193
4433.8786,3.5675919
4435.1216,3.5754803
4436.3647,3.7559177
4437.6079,4.046159
4438.8514,3.7167925
4440.095,4.2580143
4441.3388,4.0070791
4442.5828,3.6620264
4443.827,4.1483462
4445.0713,4.007215
4446.3158,3.6543191
4447.5605,3.921031
4448.8053,3.7563705
4450.0503,4.4701413
4451.2955,4.3917552
4452.5409,4.3839574
4453.7864,4.7526302
4455.0322,4.1330677
4456.2781,4.4233091
4457.5241,4.6978643
4458.7704,4.9018312
4460.0168,5.0116805
4461.2634,4.8627062
4462.5101,4.6039281
4463.7571,4.9726009
4465.0042,4.5883326
4466.2515,4.9021035
4467.4989,4.9962665
4468.7466,4.713959
4469.9944,4.9257691
4471.2423,4.8865988
4472.4905,5.2317423
4473.7388,5.2866897
4474.9873,5.278892
4476.236,5.3181531
4477.4849,5.4123162
4478.7339,5.1927538
4479.9831,6.032015
4481.2325,5.8751977
4482.482,6.0713216
4483.7318,6.4792102
4484.9817,6.1812165
4486.2317,6.0243992
4487.482,5.4362095
4488.7324,5.8440981
4489.983,6.267673
4491.2338,6.0481107
4492.4847,5.1383523
4493.7358,5.4678096
4494.9871,5.3658944
4496.2386,4.9345674
4497.4902,4.8875541
4498.742,5.0523055
4499.994,4.8013707
4501.2462,4.7622006
4502.4985,4.2210697
4503.751,4.5269976
4505.0037,4.5976315
4506.2566,4.6839516
4507.5096,4.331056
4508.7628,3.9389447
4510.0162,4.378206
4511.2698,4.3547223
4512.5235,4.4802581
4513.7774,3.9940292
4515.0315,4.0097611
4516.2857,4.6372578
4517.5402,4.3706367
4518.7948,4.2059765
4520.0496,4.4491594
4521.3045,4.0884208
4522.5596,4.1512116
4523.8149,4.080669
4525.0704,4.6218912
4526.326,3.9709565
4527.5819,4.2690414
4528.8379,4.1200675
4530.094,4.2142309
4531.3504,4.3397668
4532.6069,4.3790282
4533.8636,4.7398583
4535.1205,4.2379432
4536.3775,3.7752439
4537.6347,3.5243092
4538.8921,4.0184727
4540.1497,3.5557733
4541.4074,3.947976
4542.6653,3.791159
4543.9234,3.6735577
4545.1817,3.532427
4546.4401,3.5167866
4547.6987,3.5168324
4548.9575,3.8149174
4550.2164,4.5208456
4551.4756,4.952264
4552.7349,4.7797608
4553.9944,4.058238
4555.254,4.466127
4556.5138,4.4897022
4557.7738,4.5760226
4559.034,4.1054802
4560.2944,4.9996437
4561.5549,4.9291014
4562.8156,5.1330688
4564.0765,4.8978206
4565.3375,4.0272783
4566.5987,4.5292849
4567.8601,4.4744289
4569.1217,5.4862395
4570.3834,5.3058933
4571.6454,4.6471157
4572.9075,5.0236322
4574.1697,4.615835
4575.4322,4.6080378
4576.6948,5.4629857
4577.9576,5.2042081
4579.2205,4.893143
4580.4837,4.7520125
4581.747,4.610882
4583.0105,4.5873986
4584.2741,4.6972485
4585.538,4.8070984
4586.802,4.9326346
4588.0661,5.1679747
4589.3305,5.4477593
4590.595,5.5654524
4591.8597,5.4190932
4593.1246,5.1655444
4594.3897,5.1106885
4595.6549,5.1290352
4596.9203,5.4035911
4598.1859,5.5892581
4599.4516,5.7121799
4600.7176,5.8900038
4601.9837,6.1828603
4603.2499,6.504475
4604.5164,6.6822989
4605.783,6.8182927
4607.0498,6.9490578
4608.3168,7.1530255
4609.5839,7.2681043
4610.8512,7.3701112
4612.1187,7.312641
4613.3864,7.4617067
4614.6542,7.8016221
4615.9222,8.1729101
4617.1904,8.5677275
4618.4588,8.7716952
4619.7273,8.8893884
4620.996,9.2240751
4622.2649,9.6685658
4623.534,10.175802
4624.8032,10.492188
4626.0726,10.837332
4627.3422,11.365483
4628.612,12.024352
4629.8819,12.615248
4631.152,13.1617
4632.4223,13.454556
4633.6927,13.885975
4634.9634,14.406283
4636.2342,14.947506
4637.5051,15.886114
4638.7763,17.088775
4640.0476,18.307121
4641.3191,19.143769
4642.5908,19.943815
4643.8626,21.407914
4645.1346,23.502078
4646.4068,25.324346
4647.6792,26.921778
4648.9518,28.195027
4650.2245,30.098342
4651.4974,32.192505
4652.7704,34.121964
4654.0437,35.285409
4655.3171,36.124671
4656.5907,36.647593
4657.8644,37.599273
4659.1384,38.033306
4660.4125,38.161457
4661.6868,37.790262
4662.9612,37.204687
4664.2359,36.61127
4665.5107,35.662297
4666.7857,35.196983
4668.0608,34.368272
4669.3361,33.369625
4670.6116,31.952678
4671.8873,30.700437
4673.1632,29.625974
4674.4392,28.517523
4675.7154,27.301884
4676.9918,26.086244
4678.2683,25.066682
4679.5451,24.402677
4680.822,23.589651
4682.099,22.889044
4683.3763,22.159679
4684.6537,21.953189
4685.9313,21.464347
4687.2091,20.95459
4688.487,20.298427
4689.7651,20.008277
4691.0434,19.556036
4692.3219,19.258044
4693.6005,18.442404
4694.8793,17.854215
4696.1583,17.137922
4697.4375,16.808557
4698.7168,16.60991
4699.9963,16.351133
4701.276,16.207389
4702.5559,16.162991
4703.8359,15.94343
4705.1161,15.52779
4706.3965,14.910843
4707.6771,14.503047
4708.9578,14.029891
4710.2387,13.948892
4711.5198,14.150246
4712.801,14.100619
4714.0825,14.111123
4715.3641,13.930778
4716.6458,14.226249
4717.9278,14.001459
4719.2099,13.564904
4720.4922,13.141422
4721.7747,12.746697
4723.0573,12.812103
4724.3401,13.097117
4725.6231,13.361216
4726.9063,13.342962
4728.1897,13.322094
4729.4732,13.392729
4730.7569,13.369246
4732.0407,13.204587
4733.3248,13.188948
4734.609,13.162851
4735.8934,12.998191
4737.1779,12.728957
4738.4627,12.572141
4739.7476,12.493757
4741.0327,12.316025
4742.3179,11.855942
4743.6034,11.380171
4744.889,11.322702
4746.1747,11.581572
4747.4607,11.53456
4748.7468,11.18428
4750.0331,10.826157
4751.3196,10.805289
4752.6063,10.611872
4753.8931,10.559631
4755.1801,10.27471
4756.4673,10.261685
4757.7546,10.165
4759.0421,10.295766
4760.3298,10.201695
4761.6177,10.102396
4762.9058,10.021397
4764.194,9.8828815
4765.4824,9.6607062
4766.7709,9.5797073
4768.0597,9.6111268
4769.3486,9.6582325
4770.6377,9.5929199
4771.927,9.5014636
4773.2164,9.4649092
4774.506,9.208747
4775.7958,9.2218658
4777.0858,9.2192984
4778.3759,9.5278421
4779.6662,9.5122028
4780.9567,9.2874131
4782.2474,9.1854993
4783.5382,9.1750888
4784.8292,9.1751358
4786.1204,8.9163592
4787.4117,8.7673866
4788.7033,8.7412898
4789.995,8.9112715
4791.2869,9.0289656
4792.5789,9.2773786
4793.8711,9.1728505
4795.1635,9.1023093
4796.4561,9.0003955
4797.7489,9.0867171
4799.0418,9.3769602
4800.3349,9.7273341
4801.6282,9.5914334
4802.9216,9.5104348
4804.2152,9.4921812
4805.509,9.7144505
4806.803,9.7092688
4808.0971,9.3589891
4809.3914,9.212631
4810.6859,9.22575
4811.9806,9.2284115
4813.2754,9.1526417
4814.5705,8.7631463
4815.8656,8.5958732
4817.161,8.4521295
4818.4565,8.5227649
4819.7523,8.4417663
4821.0481,8.4287415
4822.3442,8.3712724
4823.6404,8.360862
4824.9368,8.311236
4826.2334,8.30344
4827.5302,8.5152519
4828.8271,8.6094168
4830.1242,8.361098
4831.4215,8.0604916
4832.7189,7.9219767
4834.0166,8.1181024
4835.3144,8.217496
4836.6123,8.1861707
4837.9105,8.152231
4839.2088,8.1784221
4840.5073,8.0555935
4841.806,7.932765
4843.1048,7.7759495
4844.4038,7.7550817
4845.703,7.6897695
4847.0024,7.621843
4848.302,7.5356158
4849.6017,7.2637676
4850.9016,7.1670829
4852.2016,7.1488296
4853.5019,7.342341
4854.8023,7.3188589
4856.1029,7.2457036
4857.4036,7.0784307
4858.7046,6.7830532
4860.0057,6.4981332
4861.307,6.3282459
4862.6084,6.4067247
4863.9101,6.4459877
4865.2119,6.286558
4866.5138,6.1402001
4867.816,6.1350188
4869.1183,6.2004257
4870.4208,6.1246561
4871.7235,6.1037884
4873.0264,6.0829208
4874.3294,6.0803539
4875.6326,6.1039307
4876.936,5.9706448
4878.2395,5.9419341
4879.5432,5.8609358
4880.8471,5.8949702
4882.1512,5.8087431
4883.4555,5.5787252
4884.7599,5.4689688
4886.0645,5.3382973
4887.3692,5.3618742
4888.6742,5.3697648
4889.9793,5.3567404
4891.2846,5.3515592
4892.5901,5.4117374
4893.8957,5.4719156
4895.2015,5.4092181
4896.5075,5.2680891
4897.8137,5.422385
4899.12,5.5139358
4900.4265,5.5924148
4901.7332,5.4565146
4903.04,5.4042746
4904.3471,5.4278516
4905.6543,5.5063305
4906.9617,5.5900382
4908.2692,5.5927002
4909.577,5.3888262
4910.8849,5.3496581
4912.1929,5.2791175
4913.5012,5.3236096
4914.8096,5.1720232
4916.1182,5.0936394
4917.427,5.1616609
4918.7359,5.1486367
4920.0451,5.0127366
4921.3544,4.7879477
4922.6638,4.7017208
4923.9735,4.6520953
4925.2833,4.4952802
4926.5933,4.448269
4927.9035,4.5528919
4929.2138,4.7307174
4930.5243,4.8196539
4931.835,4.6602245
4933.1459,4.5792265
4934.4569,4.4171827
4935.7681,4.6316095
4937.0795,4.7623762
4938.3911,4.9036004
4939.7028,4.7755435
4941.0147,4.6056567
4942.3268,4.4436129
4943.6391,4.3233992
4944.9515,4.2214862
4946.2641,4.1953902
4947.5769,4.2738693
4948.8898,4.2608452
4950.203,4.1406316
4951.5163,3.9576728
4952.8298,3.9917076
4954.1434,4.0178992
4955.4572,3.9918032
4956.7712,3.8689752
4958.0854,3.9265394
4959.3998,3.9579597
4960.7143,3.9318638
4962.029,3.8796241
4963.3438,3.9842471
4964.6589,4.0130531
4965.9741,3.9503559
4967.2895,3.696809
4968.6051,3.5661379
4969.9208,3.4982119
4971.2367,3.5505474
4972.5528,3.6682424
4973.8691,3.5846301
4975.1855,3.5062467
4976.5021,3.3755756
4977.8189,3.4592837
4979.1359,3.3835146
4980.453,3.4646083
4981.7703,3.5378589
4983.0878,3.6320245
4984.4055,3.5588698
4985.7233,3.3105518
4987.0413,3.1877239
4988.3595,3.1328699
4989.6779,3.2139637
4990.9964,3.098979
4992.3151,3.0964126
4993.634,3.11999
4994.953,3.3318027
4996.2722,3.292635
4997.5916,3.2090229
4998.9112,3.1306396
5000.231,3.0810144
5001.5509,3.0706049
5002.871,2.9922216
5004.1913,3.0184134
5005.5117,2.9635595
5006.8323,2.9975945
5008.1531,3.1466622
5009.4741,3.1179521
5010.7952,2.9532943
5012.1165,2.681447
5013.438,2.7651552
5014.7597,2.9821968
5016.0815,3.1051207
5017.4036,3.0215087
5018.7257,2.8516221
5020.0481,2.760167
5021.3706,2.6843981
5022.6933,2.6060149
5024.0162,2.6897232
5025.3393,2.7551308
5026.6625,2.7682509
5027.9859,2.7107827
5029.3095,2.7056021
5030.6333,2.6951928
5031.9572,2.5357638
5033.2813,2.4469231
5034.6056,2.4391282
5035.93,2.4025751
5037.2547,2.5045841
5038.5795,2.5386192
5039.9044,2.6197132
5041.2296,2.6014608
5042.5549,2.4943195
5043.8804,2.5388121
5045.2061,2.2486643
5046.5319,2.2591701
5047.8579,2.1154275
5049.1841,2.2461947
5050.5105,2.2619293
5051.837,2.2959645
5053.1638,2.3169278
5054.4906,2.3561918
5055.8177,2.3823838
5057.1449,2.3144583
5058.4724,2.3014347
5059.7999,2.1446203
5061.1277,2.0374791
5062.4556,2.0244555
5063.7838,2.0114319
5065.112,1.9461208
5066.4405,1.8572803
5067.7691,1.880858
5069.0979,2.0351548
5070.4269,1.9436999
5071.7561,1.7711992
5073.0854,1.7320319
5074.4149,1.7268515
5075.7446,1.8340895
5077.0744,1.7949222
5078.4045,1.8237288
5079.7347,1.8629929
5081.065,1.8578125
5082.3956,1.768972
5083.7263,1.6539878
5085.0572,1.5703761
5086.3883,1.5573527
5087.7195,1.5181854
5089.0509,1.3561424
5090.3825,1.330047
5091.7143,1.3248668
5093.0462,1.4242616
5094.3784,1.4216957
5095.7106,1.5184762
5097.0431,1.5603548
5098.3757,1.544717
5099.7086,1.5813668
5101.0415,1.6101735
5102.3747,1.610222
5103.708,1.5553686
5105.0416,1.4743714
5106.3752,1.440433
5107.7091,1.3803508
5109.0431,1.3699419
5110.3773,1.4902519
5111.7117,1.4275553
5113.0463,1.3805451
5114.381,1.2054303
5115.7159,1.1427337
5117.051,1.1558542
5118.3862,1.0983865
5119.7217,1.3023566
5121.0573,1.3520785
5122.393,1.4044147
5123.729,1.2136136
5125.0651,1.1718322
5126.4014,1.1980246
5127.7379,1.1980732
5129.0745,1.1719781
5130.4113,1.0648372
5131.7483,1.0282845
5133.0855,1.0440195
5134.4228,1.0336106
5135.7604,1.0964044
5137.098,1.0912243
5138.4359,1.1880051
5139.7739,1.1775962
5141.1122,1.0626123
5142.4505,0.92671326
5143.7891,0.80127178
5145.1278,0.84576495
5146.4667,0.81444113
5147.8058,0.83017614
5149.1451,0.57140135
5150.4845,0.50086186
5151.8241,0.54274068
5153.1639,0.68135153
5154.5039,0.76767481
5155.844,0.66837718
5157.1843,0.70241289
5158.5248,0.70769043
5159.8654,0.67636667
5161.2062,0.55092528
5162.5472,0.35489565
5163.8884,0.38893139
5165.2298,0.43603903
5166.5713,0.56157805
5167.913,0.4962674
5169.2549,0.55906134
5170.5969,0.63231279
5171.9391,0.61406099
5173.2815,0.48861965
5174.6241,0.38409335
5175.9668,0.38675659
5177.3097,0.5332107
5178.6528,0.29796546
5179.9961,0.2666418
5181.3395,0.16211553
5182.6831,0.30856966
5184.0269,0.28770353
5185.3709,0.17010538
5186.715,0.24858568
5188.0593,0.28785029
5189.4038,0.37940249
5190.7485,0.46049718
5192.0933,0.51544808
5193.4383,0.54164082
5194.7835,0.39267017
5196.1289,0.28291521
5197.4744,0.1940753
5198.8201,0.045104663
5200.166,-0.0097483154
5201.512,-0.12211763
5202.8582,-0.10899674
5204.2046,0.013928081
5205.5512,-0.0043235647
5206.898,0.0087973447
5208.2449,-0.25259154
5209.592,-0.28652944
5210.9392,-0.23680721
5212.2867,-0.26028758
5213.6343,-0.081026838
5214.9821,-0.076928287
5216.3301,0.002988462
5217.6782,0.18225282
5219.0265,0.2595576
5220.375,0.32379169
5221.7237,0.079530259
5223.0725,0.065335389
5224.4215,0.23414826
5225.7707,0.25394273
5227.1201,0.19269265
5228.4696,0.024254237
5229.8193,-0.0030065017
5231.1692,0.01417841
5232.5193,0.026135769
5233.8695,0.059009365
5235.2199,0.091884168
5236.5705,0.069858215
5237.9212,0.073977258
5239.2722,0.10162692
5240.6233,0.19986602
5241.9745,0.26673378
5243.326,0.27085764
5244.6776,0.35079971
5246.0294,0.27126585
5247.3814,0.28585085
5248.7335,0.28997954
5250.0859,0.28888067
5251.4384,0.23549543
5252.791,0.087993746
5254.1439,0.18363052
5255.4969,0.37077177
5256.8501,0.38013645
5258.2035,0.38950233
5259.557,0.28383674
5260.9107,0.348107
5262.2646,0.37316277
5263.6187,0.27011518
5264.9729,0.2402714
5266.3273,0.045722949
5267.6819,0.10738485
5269.0367,0.20564927
5270.3916,0.23594103
5271.7467,0.24270459
5273.102,0.10044975
5274.4574,0.25623533
5275.8131,0.19764303
5277.1689,0.31944409
5278.5249,0.25301106
5279.881,0.24670995
5281.2373,0.18289372
5282.5939,0.21058195
5283.9505,0.25918642
5285.3074,0.20321694
5286.6644,0.23090879
5288.0216,0.14879793
5289.379,0.17910657
5290.7365,0.12575629
5292.0942,0.20574054
5293.4521,0.2229809
5294.8102,0.24806561
5296.1685,0.28622341
5297.5269,0.2773236
5298.8855,0.24750996
5300.2442,0.23076943
5301.6032,0.21403009
5302.9623,0.33846844
5304.3216,0.44722171
5305.681,0.59780626
5307.0407,0.44773841
5308.4005,0.30290053
5309.7605,0.3645998
5311.1206,0.48120224
5312.481,0.60303464
5313.8415,0.57061989
5315.2022,0.59310829
5316.563,0.63651294
5317.9241,0.63285997
5319.2853,0.7050252
5320.6466,0.73013281
5322.0082,0.80230044
5323.3699,0.87708367
5324.7318,1.1139596
5326.0939,1.1495295
5327.4562,1.2504602
5328.8186,1.2442025
5330.1812,1.4575538
5331.544,1.7048933
5332.9069,1.9339333
5334.27,2.1943471
5335.6333,2.3162
5336.9968,2.451126
5338.3604,2.5703669
5339.7242,2.6007202
5341.0882,2.654604
5342.4524,2.6745022
5343.8167,2.8800224
5345.1813,2.9835831
5346.546,2.9067528
5347.9108,2.7384205
5349.2759,2.7086514
5350.6411,2.7886875
5352.0065,2.8608817
5353.372,2.8834039
5354.7377,2.9242279
5356.1037,2.8421773
5357.4697,2.5849645
5358.836,2.3774261
5360.2024,2.4208693
5361.569,2.4015687
5362.9358,2.2646222
5364.3028,1.9577422
5365.6699,1.8783144
5367.0372,1.9452931
5368.4047,1.9965867
5369.7723,1.7942867
5371.1401,1.6024454
5372.5081,1.5779257
5373.8763,1.566479
5375.2447,1.4033995
5376.6132,1.0834585
5377.9819,1.0667867
5379.3508,1.1703775
5380.7198,1.2582832
5382.089,1.2050137
5383.4584,0.96612449
5384.828,0.78213843
5386.1977,0.67919932
5387.5676,0.72789541
5388.9377,0.81319401
5390.308,0.87235003
5391.6784,0.93673601
5393.049,0.9880513
5394.4198,1.0236815
5395.7908,1.0593129
5397.1619,0.99298479
5398.5332,0.97633104
5399.9047,0.95444975
5401.2764,0.89858273
5402.6482,0.87408946
5404.0202,0.74502224
5405.3924,0.72576014
5406.7647,0.62283912
5408.1373,0.58789316
5409.51,0.63660853
5410.8828,0.5990506
5412.2559,0.76802983
5413.6291,0.78799065
5415.0025,0.83148209
5416.3761,0.85144532
5417.7498,0.6413444
5419.1238,0.53581985
5420.4978,0.33879324
5421.8721,0.53392469
5423.2466,0.78657369
5424.6212,0.6758252
5425.996,0.60952236
5427.3709,0.47786125
5428.7461,0.72005756
5430.1214,0.73741846
5431.4969,0.61883287
5432.8725,0.56299357
5434.2484,0.42349535
5435.6244,0.47484801
5437.0006,0.38241102
5438.3769,0.37624975
5439.7535,0.34917466
5441.1302,0.41098965
5442.5071,0.57476664
5443.8841,0.55030954
5445.2614,0.44742227
5446.6388,0.45172575
5448.0163,0.46910233
5449.3941,0.36360429
5450.772,0.2162774
5452.1501,0.17614126
5453.5284,0.24842462
5454.9069,0.31286605
5456.2855,0.34332176
5457.6643,0.39992246
5459.0432,0.31011914
5460.4224,0.22554579
5461.8017,0.26123508
5463.1812,0.18712165
5464.5609,0.12085256
5465.9407,0.0022971008
5467.3207,0.12426572
5468.7009,0.22532051
5470.0813,0.20350069
5471.4618,0.23658404
5472.8426,0.16509343
5474.2234,0.19033605
5475.6045,0.14237726
5476.9857,0.28004059
5478.3672,0.39156134
5479.7487,0.29916172
5481.1305,0.1204888
5482.5124,-0.079097944
5483.8945,-0.064304402
5485.2768,0.065523026
5486.6593,0.11692029
5488.0419,0.1369462
5489.4247,0.08899947
5490.8077,0.14040035
5492.1909,0.18134491
5493.5742,0.21183317
5494.9577,0.11683243
5496.3414,0.042747935
5497.7252,-0.086237317
5499.1092,0.020072753
5500.4934,0.0008938333
5501.8778,0.088905661
5503.2623,0.12201673
5504.6471,0.12898522
5506.032,0.23530132
5507.417,0.25534411
5508.8023,0.36689138
5510.1877,0.42092351
5511.5733,0.37299607
5512.9591,0.30415479
5514.345,0.10198139
5515.7311,0.15601834
5517.1174,0.21267088
5518.5039,0.38435731
5519.8905,0.3861103
5521.2773,0.35126318
5522.6643,0.22491401
5524.0515,0.10118042
5525.4388,0.040193131
5526.8263,0.14391293
5528.214,0.20057511
5529.6018,0.18665027
5530.9899,-0.015508669
5532.3781,-0.084333066
5533.7664,-0.040737957
5535.155,0.068217835
5536.5437,0.056913394
5537.9326,0.066525191
5539.3217,0.070909436
5540.711,0.0047066504
5542.1004,-0.061494929
5543.49,-0.096322755
5544.8798,-0.071018656
5546.2697,-0.0064976648
5547.6598,0.00050819157
5549.0501,0.054574077
5550.4406,0.0171379
5551.8312,-0.049055242
5553.222,-0.042044563
5554.613,-0.045490196
5556.0042,-0.0062344802
5557.3955,0.01210719
5558.7871,-0.016608976
5560.1787,-0.037481018
5561.5706,-0.13939782
5562.9626,-0.12628096
5564.3549,-0.055646777
5565.7472,-0.016384151
5567.1398,0.020265082
5568.5325,0.020313995
5569.9254,0.1327822
5571.3185,0.23479387
5572.7118,0.18517254
5574.1052,0.098950891
5575.4988,-0.01864232
5576.8926,0.12520337
5578.2866,0.18016115
5579.6807,0.22727678
5581.075,0.12275942
5582.4695,0.09144565
5583.8641,0.1071917
5585.2589,0.19352696
5586.6539,0.32169328
5588.0491,0.32175601
5589.4444,0.42116614
5590.84,0.4264596
5592.2357,0.43959719
5593.6315,0.18345472
5595.0276,0.0057446108
5596.4238,-0.0020298722
5597.8202,0.00065414822
5599.2167,0.089613665
5600.6135,0.1367441
5602.0104,0.17341801
5603.4075,0.16303409
5604.8048,0.071605396
5606.2022,0.0010927242
5607.5998,-0.082490856
5608.9976,-0.11901463
5610.3955,0.043155403
5611.7937,0.017091124
5613.192,0.069459204
5614.5905,0.17673023
5615.9891,0.2526297
5617.388,0.20042558
5618.787,0.017503489
5620.1861,0.022817681
5621.5855,0.098721096
5622.985,0.064821576
5624.3847,0.067524351
5625.7846,0.0048686351
5627.1846,-0.00026975357
5628.5849,0.002435982
5629.9853,-0.0079291907
5631.3858,0.094124924
5632.7866,0.10467676
5634.1875,0.14398775
5635.5886,0.15454156
5636.9899,0.12588067
5638.3913,0.14950834
5639.7929,0.097320015
5641.1947,0.032060778
5642.5967,0.037390763
5643.9988,0.053179252
5645.4011,0.20753082
5646.8036,0.20763501
5648.2063,0.18421077
5649.6091,0.26013393
5651.0121,0.2445548
5652.4153,0.27080673
5653.8187,0.10359559
5655.2222,0.10893446
5656.6259,-0.01121588
5658.0298,-0.094763926
5659.4339,-0.16001033
5660.8381,-0.19911196
5662.2425,-0.11795116
5663.6471,-0.044632514
5665.0518,0.0025433291
5666.4568,4.6957027e-005
5667.8619,-0.088722938
5669.2671,0.023815344
5670.6726,0.084067031
5672.0782,0.15216284
5673.484,0.11568448
5674.89,0.1419522
5676.2961,0.13946274
5677.7024,0.12128799
5679.1089,0.058669778
5680.5156,0.07448393
5681.9225,0.12690038
5683.3295,0.12703023
5684.7367,0.10101728
5686.144,0.061933415
5687.5516,-0.12616907
5688.9593,-0.20708102
5690.3672,-0.28799198
5691.7752,-0.17282353
5693.1835,-0.091641016
5694.5919,-0.10196078
5696.0005,-0.058697753
5697.4092,-0.054649907
5698.8182,-0.0035427365
5700.2273,-0.012565785
5701.6365,-0.1130916
5703.046,-0.13257116
5704.4556,-0.065775718
5705.8654,0.082065981
5707.2754,0.22467942
5708.6856,0.098012318
5710.0959,0.023633296
5711.5064,0.022457389
5712.9171,0.091870217
5714.3279,0.12468224
5715.7389,0.0084751538
5717.1501,0.0020724905
5718.5615,-0.035702221
5719.9731,0.093843829
5721.3848,0.22600476
5722.7967,0.26666292
5724.2087,0.10862877
5725.621,-0.062476769
5727.0334,-0.071490308
5728.446,0.021457438
5729.8588,-0.037228303
5731.2717,-0.077612889
5732.6848,-0.14936952
5734.0981,-0.059034155
5735.5116,0.099275571
5736.9252,0.20268384
5738.339,0.16753051
5739.753,0.022573764
5741.1672,-0.007349803
5742.5815,0.15619118
5743.996,0.13411176
5745.4107,0.064974004
5746.8255,-0.074751482
5748.2406,-0.041927448
5749.6558,0.043184668
5751.0711,0.096924736
5752.4867,0.11667838
5753.9024,-0.028273366
5755.3183,-0.05034879
5756.7344,0.013850796
5758.1506,0.12510971
5759.5671,0.24421225
5760.9837,0.094034257
5762.4004,0.019673754
5763.8174,-0.14096076
5765.2345,-0.14211765
5766.6518,-0.098864335
5768.0693,-0.071296801
5769.4869,0.013787568
5770.9047,0.023055441
5772.3227,0.10552642
5773.7409,0.12263843
5775.1592,-0.0040399247
5776.5777,-0.13594654
5777.9964,-0.18157814
5779.4153,-0.020673308
5780.8343,-0.0061732035
5782.2535,-0.098862145
5783.6729,-0.11311922
5785.0925,-0.12999017
5786.5122,-0.021370438
5787.9321,0.0062040429
5789.3522,0.1984849
5790.7725,0.30972051
5792.1929,0.28239452
5793.6135,0.28121281
5795.0343,0.24865905
5796.4552,0.35205351
5797.8763,0.25414126
5799.2976,0.17453017
5800.7191,0.066161408
5802.1408,0.036224511
5803.5626,0.006288111
5804.9846,0.02341103
5806.4068,0.15295275
5807.8291,0.33478254
5809.2516,0.28654747
5810.6743,0.15465277
5812.0972,0.012301045
5813.5202,0.060799491
5814.9434,0.17465791
5816.3668,0.2545299
5817.7904,0.38930434
5819.2141,0.38551719
5820.6381,0.27454099
5822.0621,0.17140843
5823.4864,0.060433225
5824.9108,0.20043891
5826.3355,0.23586993
5827.7602,0.28698771
5829.1852,0.25706024
5830.6103,0.1617738
5832.0356,0.25733752
5833.4611,0.33460108
5834.8868,0.34912004
5836.3126,0.20154799
5837.7386,0.10103527
5839.1648,0.20183023
5840.5911,0.28171065
5842.0177,0.45570922
5843.4444,0.47023116
5844.8712,0.41155098
5846.2983,0.25875365
5847.7255,0.23667577
5849.1529,0.31133041
5850.5805,0.36245614
5852.0082,0.34299412
5853.4361,0.28170254
5854.8642,0.20472518
5856.2925,0.23493786
5857.7209,0.3069811
5859.1496,0.32935164
5860.5784,0.23146123
5862.0073,0.15710073
5863.4365,0.21868844
5864.8658,0.26459037
5866.2953,0.30526404
5867.7249,0.20214736
5869.1548,0.20883509
5870.5848,0.17892201
5872.015,0.19868263
5873.4453,0.19752872
5874.8758,0.21206158
5876.3065,0.18999362
5877.7374,0.092109168
5879.1685,-0.052833612
5880.5997,-0.13764518
5882.0311,-0.086508532
5883.4627,0.095347562
5884.8944,0.20138716
5886.3264,0.15579327
5887.7585,0.070984183
5889.1908,0.072450106
5890.6232,0.215093
5892.0558,0.32113507
5893.4886,0.24939987
5894.9216,0.15675013
5896.3547,-0.014330485
5897.7881,-0.10175047
5899.2215,-0.14995428
5900.6552,-0.11711184
5902.0891,0.0020056095
5903.5231,-0.080183636
5904.9573,-0.1728299
5906.3916,-0.26024691
5907.8262,-0.13066996
5909.2609,-0.016778794
5910.6958,-0.023148565
5912.1308,-0.011217186
5913.5661,-0.035886619
5915.0015,-0.026568626
5916.4371,-0.09829589
5917.8728,-0.086362526
5919.3088,0.087662837
5920.7449,0.094368435
5922.1811,0.054015706
5923.6176,0.065951054
5925.0542,0.10664507
5926.491,0.18394089
5927.928,0.16711955
5929.3652,0.21827257
5930.8025,0.27204047
5932.24,0.16371736
5933.6777,-0.033494147
5935.1155,-0.19671823
5936.5535,-0.2736673
5937.9917,-0.24342634
5939.4301,-0.22625677
5940.8686,-0.21431547
5942.3074,-0.12655667
5943.7463,0.026562092
5945.1853,0.12677119
5946.6246,0.088418628
5948.064,-0.046665545
5949.5036,-0.13730485
5950.9433,-0.10506792
5952.3833,0.016058319
5953.8234,0.07966864
5955.2637,0.090991801
5956.7041,0.029112768
5958.1448,0.011678601
5959.5856,0.06221871
5961.0266,0.018641593
5962.4677,0.037809996
5963.9091,0.049135681
5965.3506,-0.004897689
5966.7922,0.063945178
5968.2341,0.064814611
5969.6761,0.1859459
5971.1183,0.19204493
5972.5607,0.14324243
5974.0033,0.042152757
5975.446,-0.069394007
5976.8889,-0.03976388
5978.332,0.055226146
5979.7752,0.056098945
5981.2186,-0.0083873124
5982.6622,-0.054572495
5984.106,0.0012035275
5985.5499,0.10403879
5986.9941,0.21210324
5988.4384,0.16069098
5989.8828,0.1406517
5991.3275,0.1362991
5992.7723,0.18684889
5994.2173,0.1877259
5995.6624,0.099714441
5997.1078,0.20778183
5998.5533,0.27401958
5999.999,0.43960415
6001.4448,0.46924144
6002.8909,0.4282909
6004.3371,0.39256955
6005.7835,0.40129306
6007.23,0.56165098
6008.6768,0.65664985
6010.1237,0.69674717
6011.5707,0.67932858
6013.018,0.80308687
6014.4654,1.0288064
6015.913,1.2519119
6017.3608,1.3547564
6018.8088,1.5229609
6020.2569,1.727767
6021.7052,1.9064298
6023.1537,2.0667924
6024.6023,2.1827109
6026.0511,2.3404599
6027.5001,2.3361178
6028.9493,2.4206651
6030.3986,2.4058663
6031.8482,2.542702
6033.2979,2.658623
6034.7477,2.8660478
6036.1978,2.8930808
6037.648,2.815539
6039.0984,2.7301546
6040.5489,2.6656856
6041.9997,2.6848771
6043.4506,2.813873
6044.9017,2.8409086
6046.3529,2.7764412
6047.8044,2.4897521
6049.256,2.3494686
6050.7078,2.1412117
6052.1597,2.0610598
6053.6119,1.9626077
6055.0642,1.809254
6056.5166,1.6637439
6057.9693,1.6045087
6059.4221,1.6655354
6060.8751,1.606301
6062.3283,1.5366096
6063.7817,1.4250885
6065.2352,1.4913456
6066.6889,1.3458384
6068.1428,1.2604624
6069.5968,1.2587469
6071.051,1.2701037
6072.5054,1.3128335
6073.96,1.0993546
6075.4147,0.96169306
6076.8697,0.88416269
6078.3248,0.898136
6079.78,0.96962608
6081.2355,1.0202015
6082.6911,1.1256794
6084.1469,1.2834452
6085.6028,1.2765056
6087.059,1.3872135
6088.5153,1.3149152
6089.9718,1.4099377
6091.4284,1.3611697
6092.8853,1.3542322
6094.3423,1.3185369
6095.7995,1.2593127
6097.2568,1.2654483
6098.7143,1.289885
6100.1721,1.3718385
6101.6299,1.4015048
6103.088,1.475616
6104.5462,1.3536492
6106.0046,1.3467155
6107.4632,1.3214815
6108.9219,1.372065
6110.3809,1.2684005
6111.84,1.1124488
6113.2992,0.9094388
6114.7587,0.94433767
6116.2183,0.99753761
6117.6781,1.0219798
6119.1381,0.92616098
6120.5982,0.72053866
6122.0585,0.69530891
6123.519,0.71190965
6124.9797,0.6919095
6126.4405,0.76341305
6127.9016,0.70681244
6129.3628,0.81230375
6130.8241,0.77923339
6132.2857,0.77230724
6133.7474,0.67910701
6135.2093,0.61466536
6136.6713,0.68617185
6138.1336,0.78905131
6139.596,0.84225799
6141.0585,0.79088992
6142.5213,0.66109091
6143.9842,0.52867793
6145.4473,0.40410851
6146.9106,0.33967024
6148.3741,0.35104937
6149.8377,0.43824592
6151.3015,0.58557362
6152.7655,0.64401284
6154.2296,0.56650477
6155.694,0.59357229
6157.1585,0.61279709
6158.6231,0.66862361
6160.088,0.67216298
6161.553,0.61295767
6163.0182,0.60604036
6164.4836,0.5703653
6165.9491,0.49808936
6167.4148,0.50163083
6168.8807,0.39275442
6170.3468,0.44335556
6171.813,0.4965715
6173.2794,0.55501661
6174.746,0.68927914
6176.2128,0.57779046
6177.6797,0.55519108
6179.1469,0.40448756
6180.6141,0.3348302
6182.0816,0.28085954
6183.5492,0.25303309
6185.017,0.30886719
6186.485,0.40391741
6187.9532,0.51988307
6189.4215,0.5548034
6190.89,0.43286141
6192.3587,0.26124664
6193.8276,0.33276954
6195.2966,0.39122097
6196.7658,0.56993426
6198.2352,0.47675254
6199.7047,0.44370196
6201.1744,0.4367956
6202.6443,0.40897462
6204.1144,0.52755929
6205.5847,0.4448372
6207.0551,0.38825931
6208.5257,0.24279296
6209.9964,0.21758847
6211.4674,0.33094649
6212.9385,0.32665787
6214.4098,0.35897098
6215.8813,0.37559823
6217.3529,0.44189911
6218.8247,0.41669714
6220.2967,0.38888122
6221.7689,0.42381081
6223.2412,0.49011337
6224.7137,0.36556668
6226.1864,0.29330799
6227.6593,0.18967718
6229.1323,0.18277881
6230.6055,0.15758021
6232.0789,0.22911405
6233.5525,0.31894897
6235.0262,0.31989543
6236.5001,0.2711691
6237.9742,0.32440397
6239.4484,0.37241051
6240.9229,0.32629982
6242.3975,0.30371897
6243.8722,0.15303396
6245.3472,0.16444087
6246.8223,0.089573699
6248.2976,0.090523939
6249.7731,0.15944846
6251.2487,0.1525564
6252.7246,0.15873666
6254.2006,0.076028454
6255.6767,0.053451387
6257.1531,0.25048258
6258.6296,0.35339655
6260.1063,0.4249384
6261.5831,0.47295125
6263.0602,0.43991877
6264.5374,0.36244227
6266.0148,0.21176357
6267.4924,0.1604317
6268.9701,0.22413293
6270.448,0.1728019
6271.9261,0.17637325
6273.4044,0.17733065
6274.8828,0.1861316
6276.3614,0.13480226
6277.8402,0.13576091
6279.3191,0.11580496
6280.7983,0.13506511
6282.2776,0.1647832
6283.7571,0.2467893
6285.2367,0.26082195
6286.7165,0.15459359
6288.1965,0.077123825
6289.6767,0.046713301
6291.1571,0.1287215
6292.6376,0.11661247
6294.1183,0.15679144
6295.5992,0.14991201
6297.0802,0.20839248
6298.5614,0.15968383
6300.0428,0.12666187
6301.5244,0.17207171
6303.0061,0.22793948
6304.4881,0.15831748
6305.9701,0.11745407
6307.4524,0.16547997
6308.9349,0.32592459
6310.4175,0.34519316
6311.9003,0.32263208
6313.3832,0.25562699
6314.8664,0.25921054
6316.3497,0.22096446
6317.8332,0.24023513
6319.3168,0.26212061
6320.8007,0.25786271
6322.2847,0.28759217
6323.7688,0.17875995
6325.2532,0.16927456
6326.7377,0.13626018
6328.2224,0.15814818
6329.7073,0.18526536
6331.1924,0.12349407
6332.6776,0.061723198
6334.163,0.049625954
6335.6486,0.00877096
6337.1343,0.090792204
6338.6203,0.12575505
6340.1064,0.19731962
6341.5926,0.35777349
6343.0791,0.23587485
6344.5657,0.21070866
6346.0525,0.070510207
6347.5395,0.050573613
6349.0266,0.11691195
6350.5139,0.068218028
6352.0014,0.29403433
6353.4891,0.20612556
6354.9769,0.12867473
6356.4649,0.087825632
6357.9531,0.078349501
6359.4415,0.11331823
6360.93,-0.013804114
6362.4187,-0.083409702
6363.9076,-0.0039952609
6365.3967,-0.021312425
6366.8859,0.060717236
6368.3753,0.014642744
6369.8649,0.11235952
6371.3547,0.21791986
6372.8446,0.25289238
6374.3347,0.2408065
6375.825,0.092773326
6377.3154,0.10683208
6378.8061,0.079061185
6380.2969,0.056519471
6381.7878,0.047050073
6383.279,0.0062085475
6384.7703,0.077785743
6386.2618,0.11537643
6387.7535,0.17911133
6389.2453,0.32127803
6390.7374,0.2935105
6392.2296,0.27881529
6393.7219,0.18307475
6395.2145,0.037661428
6396.7072,-0.024091342
6398.2001,-0.09107245
6399.6931,0.040639673
6401.1864,0.083463329
6402.6798,-0.0096603071
6404.1734,-0.045267182
6405.6671,0.0027864939
6407.1611,0.10312817
6408.6552,0.10673825
6410.1495,-0.083115311
6411.6439,-0.079504396
6413.1386,-0.16216757
6414.6334,-0.038294374
6416.1284,-0.032067817
6417.6235,0.021217984
6419.1189,0.014373487
6420.6144,-0.026457516
6422.11,0.040308362
6423.6059,-0.044559582
6425.1019,-0.02223782
6426.5981,-0.01298779
6428.0945,0.0014911622
6429.591,0.044728448
6431.0878,-0.058439331
6432.5847,0.047543381
6434.0817,0.001892269
6435.579,0.034672694
6437.0764,0.030851975
6438.574,-0.0069555079
6440.0718,0.062426715
6441.5697,0.050763351
6443.0678,0.046943287
6444.5661,0.027437113
6446.0646,8.796552e-005
6447.5632,0.0067259097
6449.0621,-0.0049366358
6450.561,-0.058429083
6452.0602,0.12598713
6453.5595,0.19275645
6455.0591,0.34580044
6456.5587,0.30799492
6458.0586,0.21790199
6459.5586,0.21931248
6461.0588,0.11614798
6462.5592,0.22213397
6464.0598,0.15034234
6465.5605,0.12822408
6467.0614,0.090419711
6468.5625,-0.0022864574
6470.0637,0.11677224
6471.5652,0.099883397
6473.0668,0.20064177
6474.5686,0.16806698
6476.0705,0.043989081
6477.5726,0.029715269
6479.0749,-0.12834923
6480.5774,-0.01451814
6482.08,0.075783702
6483.5829,0.1791576
6485.0859,0.22762971
6486.589,0.17675557
6488.0924,0.17816918
6489.5959,0.13513851
6491.0996,0.037206038
6492.6034,0.12228027
6494.1075,0.14983832
6495.6117,0.064978241
6497.1161,0.016719629
6498.6207,-0.12304209
6500.1254,0.011706165
6501.6303,0.039265039
6503.1354,0.077281592
6504.6406,0.12837021
6506.1461,0.059197544
6507.6517,0.19917537
6509.1575,0.25549324
6510.6634,0.20462172
6512.1696,0.21388109
6513.6759,0.10810794
6515.1823,0.10429573
6516.689,0.03250984
6518.1958,-0.11509288
6519.7028,-0.0064862931
6521.21,-0.13055928
6522.7173,-0.035024255
6524.2249,-0.030992336
6525.7326,0.022712949
6527.2404,0.086875914
6528.7485,-0.055496905
6530.2567,-0.020091782
6531.7651,-0.078804143
6533.2737,0.014117647
6534.7824,0.076149624
6536.2913,0.085893936
6537.8004,0.14531137
6539.3097,0.040022837
6540.8191,0.036695007
6542.3287,-0.045064278
6543.8385,-0.051006651
6545.3485,-0.062177865
6546.8586,-0.07857792
6548.3689,-0.05837675
6549.8794,-0.038175662
6551.3901,-0.0049027611
6552.9009,0.072814502
6554.4119,0.0041264539
6555.9231,0.087072311
6557.4345,0.028841614
6558.946,0.11440169
6560.4577,0.077085857
6561.9696,0.076371253
6563.4816,0.049512777
6564.9939,0.054026767
6566.5063,0.10298512
6568.0188,0.076126395
6569.5316,-0.0396213
6571.0445,-0.14752594
6572.5576,-0.014907786
6574.0709,0.11248153
6575.5843,0.15359625
6577.098,0.050920037
6578.6117,0.029289495
6580.1257,-0.013256162
6581.6399,0.0095575762
6583.1542,-0.069589552
6584.6687,-0.046775979
6586.1833,0.054468884
6587.6982,0.092968568
6589.2132,0.13669693
6590.7284,0.10460821
6592.2437,0.088205685
6593.7593,0.097946869
6595.275,0.034485356
6596.7909,-0.0054468271
6598.3069,0.067039208
6599.8232,0.10815261
6601.3396,0.12573652
6602.8562,0.11456218
6604.3729,0.090315858
6605.8898,0.13927207
6607.4069,0.07058114
6608.9242,-0.011181768
6610.4417,-0.032814039
6611.9593,-0.17209345
6613.4771,-0.099608239
6614.9951,-0.10555448
6616.5132,0.050590695
6618.0316,0.099546248
6619.5501,0.038697797
6621.0687,0.009221813
6622.5876,-0.080384973
6624.1066,0.067916656
6625.6258,0.14040121
6627.1452,0.11615365
6628.6647,0.12850732
6630.1844,0.20099163
6631.7043,0.24733206
6633.2244,0.16818222
6634.7446,0.14131987
6636.265,0.22949012
6637.7856,0.31504591
6639.3064,0.1653075
6640.8273,0.06785659
6642.3484,0.043608211
6643.8697,0.10301988
6645.3912,0.20426153
6646.9128,0.25060114
6648.4346,0.3806008
6649.9566,0.37726704
6651.4787,0.18308353
6653.0011,0.10916137
6654.5236,0.11889926
6656.0463,0.31948674
6657.5691,0.34752512
6659.0921,0.39124969
6660.6153,0.36177157
6662.1387,0.34797964
6663.6623,0.35771703
6665.186,0.41451317
6666.7099,0.58895629
6668.234,0.74248429
6669.7582,0.89862658
6671.2826,0.96065115
6672.8072,0.96515929
6674.332,0.86509219
6675.8569,0.85652828
6677.382,1.0257421
6678.9073,1.2550865
6680.4328,1.2622086
6681.9584,1.1333829
6683.4843,1.1588055
6685.0102,1.3097182
6686.5364,1.468474
6688.0627,1.5801708
6689.5893,1.673567
6691.1159,1.7538911
6692.6428,1.8106858
6694.1698,1.7916634
6695.697,1.9242748
6697.2244,1.9287817
6698.752,1.8627002
6700.2797,1.7678604
6701.8076,1.8795566
6703.3357,2.1324291
6704.8639,2.2702688
6706.3924,2.1571281
6707.921,2.007386
6709.4497,1.8001274
6710.9787,1.8072479
6712.5078,1.9450872
6714.0371,2.0829265
6715.5666,1.9880859
6717.0962,1.8514152
6718.6261,1.8010189
6720.156,1.8865703
6721.6862,2.0583961
6723.2166,2.1361041
6724.7471,2.1301519
6726.2778,2.0771408
6727.8086,1.9404696
6729.3397,1.9920335
6730.8709,1.9233359
6732.4023,2.0820892
6733.9338,2.0761365
6735.4656,2.0701838
6736.9975,2.0433159
6738.5296,1.9327878
6740.0618,1.7542858
6741.5943,1.5783981
6743.1269,1.6430332
6744.6596,1.7887139
6746.1926,1.8690351
6747.7257,1.8160229
6749.259,1.7734681
6750.7925,1.702155
6752.3262,1.6622144
6753.86,1.6431888
6755.394,1.5927906
6756.9282,1.5502353
6758.4625,1.4240199
6759.997,1.3004188
6761.5317,1.1637457
6763.0666,1.1577915
6764.6017,1.1387653
6766.1369,1.1223534
6767.6723,1.0039806
6769.2078,1.0712286
6770.7436,1.0182152
6772.2795,0.92075718
6773.8156,0.76839715
6775.3519,0.7075403
6776.8883,0.87151997
6778.4249,0.9675257
6779.9617,0.98509997
6781.4987,0.88241273
6783.0358,0.7300522
6784.5731,0.73716872
6786.1106,0.73121325
6787.6482,0.75663025
6789.1861,0.85524979
6790.7241,0.86498035
6792.2623,0.9531422
6793.8006,0.86875496
6795.3392,0.95691664
6796.8779,0.94573185
6798.4167,0.94761886
6799.9558,0.99395024
6801.495,0.96707892
6803.0344,0.98203758
6804.574,0.87412034
6806.1137,0.90737949
6807.6537,0.92233791
6809.1938,0.86409363
6810.734,0.79800613
6812.2745,0.71100351
6813.8151,0.75210539
6815.3559,0.79320718
6816.8969,0.92842654
6818.438,0.97737131
6819.9793,0.8877539
6821.5208,0.83473772
6823.0625,0.79217897
6824.6043,0.87772472
6826.1463,0.90052528
6827.6885,0.84750877
6829.2309,0.96442682
6830.7734,1.000299
6832.3161,1.1459751
6833.859,1.174004
6835.4021,1.1628171
6836.9453,1.3633949
6838.4887,1.4201817
6840.0323,1.4351384
6841.576,1.1781996
6843.12,1.0859666
6844.6641,1.1898119
6846.2083,1.2387552
6847.7528,1.2275677
6849.2974,1.2425239
6850.8422,1.3280682
6852.3872,1.3194948
6853.9323,1.3370652
6855.4777,1.4226093
6857.0232,1.6284147
6858.5688,1.716573
6860.1147,1.7968881
6861.6607,1.8589025
6863.2069,1.8241847
6864.7533,1.9175715
6866.2998,1.9900431
6867.8465,2.2821225
6869.3934,2.3467508
6870.9405,2.3277189
6872.4877,2.3531314
6874.0351,2.4203739
6875.5827,2.6287927
6877.1305,2.750937
6878.6784,2.8730811
6880.2265,3.042284
6881.7748,3.1539705
6883.3233,3.4355916
6884.8719,3.7119838
6886.4207,3.8864151
6887.9697,3.9798006
6889.5188,4.0496566
6891.0682,4.3077479
6892.6177,4.5919828
6894.1674,4.8056294
6895.7172,4.9486877
6897.2672,5.0002427
6898.8174,5.1223858
6900.3678,5.3491039
6901.9184,5.533992
6903.4691,5.7476381
6905.02,5.780892
6906.571,5.8795053
6908.1223,5.9284452
6909.6737,5.9564701
6911.2253,5.9923381
6912.7771,5.8818007
6914.329,5.7660345
6915.8811,5.6607257
6917.4334,5.6547632
6918.9859,5.6305
6920.5385,5.7212694
6922.0913,5.8041956
6923.6443,5.8505204
6925.1975,5.8654725
6926.7508,5.8516664
6928.3043,5.9110629
6929.858,5.7351651
6931.4119,5.7265875
6932.9659,5.650036
6934.5201,5.6885171
6936.0745,5.5988935
6937.6291,5.6373744
6939.1838,5.6758553
6940.7387,5.7927674
6942.2938,5.789418
6943.849,5.775611
6945.4044,5.6467712
6946.96,5.6225065
6948.5158,5.4492222
6950.0718,5.194892
6951.6279,4.8595159
6953.1842,4.7149895
6954.7407,4.7194825
6956.2973,4.9226684
6957.8541,5.0186645
6959.4111,4.7800201
6960.9683,4.3008527
6962.5256,3.9550186
6964.0831,3.8732367
6965.6408,3.9953762
6967.1987,3.8900647
6968.7567,3.6749492
6970.3149,3.4598336
6971.8733,3.3754369
6973.4319,3.5028048
6974.9906,3.2955321
6976.5495,2.9993705
6978.1086,2.6378492
6979.6679,2.6763279
6981.2273,2.9082706
6982.7869,3.0696249
6984.3467,3.0375151
6985.9067,2.8694575
6987.4668,2.8582626
6989.0271,2.8967408
6990.5876,2.9064607
6992.1482,2.7959192
6993.709,2.6670769
6995.27,2.6375809
6996.8312,2.6446861
6998.3926,2.6151899
6999.9541,2.6170662
7001.5158,2.4751516
7003.0777,2.4116683
7004.6397,2.4423025
7006.2019,2.4938517
7007.7643,2.5610871
7009.3269,2.4061002
7010.8896,2.4079759
7012.4525,2.4255378
7014.0156,2.4587859
7015.5789,2.3247137
7017.1423,2.2063277
7018.7059,2.2395756
7020.2697,2.1917776
7021.8337,2.1204501
7023.3978,2.0752664
7024.9621,2.1974028
7026.5266,2.1992777
7028.0913,2.0573617
7029.6561,2.0304783
7031.2211,2.0245098
7032.7863,2.0499138
7034.3517,1.9707426
7035.9172,1.9307869
7037.4829,2.0110926
7039.0488,2.041725
7040.6148,2.0775861
7042.181,2.0193295
7043.7474,2.0813342
7045.314,2.0805938
7046.8808,1.9491343
7048.4477,1.8072172
7050.0148,1.8300059
7051.582,1.8710952
7053.1495,1.8781975
7054.7171,1.7781101
7056.2849,1.8296567
7057.8529,1.9936214
7059.421,2.0320959
7060.9893,2.0078252
7062.5578,1.8789793
7064.1265,1.8703947
7065.6953,1.9506989
7067.2643,1.9421142
7068.8335,1.896928
7070.4029,1.825598
7071.9724,1.8640719
7073.5421,2.0306502
7075.112,2.1344833
7076.6821,2.1520419
7078.2523,2.0441102
7079.8227,1.9623221
7081.3933,1.9877236
7082.964,1.9895955
7084.535,1.9600948
7086.1061,2.0142542
7087.6774,2.3037076
7089.2488,2.5199583
7090.8204,2.5584312
7092.3922,2.5550739
7093.9642,2.5647884
7095.5364,2.7705812
7097.1087,2.8064394
7098.6812,3.0253039
7100.2538,3.0925345
7101.8267,3.1440786
7103.3997,3.1041194
7104.9729,3.1687353
7106.5463,3.3300832
7108.1198,3.5646335
7109.6935,3.7678113
7111.2674,4.1670674
7112.8415,4.5218789
7114.4157,4.7067558
7115.9901,4.7164691
7117.5647,4.8019994
7119.1395,5.028706
7120.7144,5.0253472
7122.2895,4.9461714
7123.8648,4.9715706
7125.4403,5.1355318
7127.0159,5.2733492
7128.5917,5.139271
7130.1677,5.1359117
7131.7438,5.2449707
7133.3202,5.4272322
7134.8967,5.4526308
7136.4733,5.3577679
7138.0502,5.3413363
7139.6272,5.2778458
7141.2044,5.1071657
7142.7818,5.0489038
7144.3593,5.0507726
7145.9371,5.1075432
7147.515,4.952549
7149.093,4.7792541
7150.6713,4.619031
7152.2497,4.4718797
7153.8283,4.5469506
7155.407,4.467773
7156.986,4.4644123
7158.5651,4.3669339
7160.1444,4.3243574
7161.7239,4.3314539
7163.3035,4.3986812
7164.8833,4.4528364
7166.4633,4.3867301
7168.0435,4.1585323
7169.6238,4.1316415
7171.2043,4.1805677
7172.785,4.1615199
7174.3658,4.0561975
7175.9469,3.9561039
7177.5281,3.8507813
7179.1095,3.7951319
7180.691,3.7969987
7182.2727,3.8067086
7183.8546,3.7589021
7185.4367,3.6718798
7187.019,3.6763607
7188.6014,3.5658089
7190.184,3.3898974
7191.7668,3.2845741
7193.3497,3.4511462
7194.9328,3.4320973
7196.5161,3.3816757
7198.0996,3.3155678
7199.6833,3.2912899
7201.2671,3.2983844
7202.8511,3.1669168
7204.4352,3.0981941
7206.0196,3.0634583
7207.6041,2.9189186
7209.1888,2.9129408
7210.7736,2.893891
7212.3587,3.0134033
7213.9439,3.1276867
7215.5293,3.0092903
7217.1148,2.8621356
7218.7006,2.7097521
7220.2865,2.6462574
7221.8726,2.6899522
7223.4588,2.6813593
7225.0453,2.8165572
7226.6319,2.800121
7228.2186,2.7836847
7229.8056,2.7567908
7231.3927,2.7351256
7232.98,2.7500616
7234.5675,2.7257819
7236.1551,2.7511753
7237.743,2.7112091
7239.331,2.6738572
7240.9191,2.6861784
7242.5075,2.6069963
7244.096,2.5225853
7245.6847,2.5427495
7247.2736,2.497554
7248.8626,2.5124892
7250.4518,2.3496466
7252.0412,2.4194836
7253.6308,2.4291897
7255.2205,2.370922
7256.8105,2.4224581
7258.4005,2.4034059
7259.9908,2.4209549
7261.5813,2.3731443
7263.1719,2.3567062
7264.7626,2.3768694
7266.3536,2.3891893
7267.9447,2.3675222
7269.5361,2.4504302
7271.1275,2.3817041
7272.7192,2.3286642
7274.311,2.1945784
7275.903,2.2801005
7277.4952,2.3943806
7279.0876,2.4459155
7280.6801,2.3118295
7282.2728,2.1568283
7283.8657,2.0828728
7285.4587,2.110878
7287.0519,2.110125
7288.6453,2.13813
7290.2389,1.9308408
7291.8327,1.8856431
7293.4266,1.8378309
7295.0207,1.9547245
7296.615,2.0036441
7298.2094,1.9793611
7299.804,2.0439669
7301.3988,2.0772
7302.9938,2.0921324
7304.5889,2.0573915
7306.1842,2.0069643
7307.7797,2.1395435
7309.3754,2.1806193
7310.9712,2.1537213
7312.5672,2.0065617
7314.1634,1.783585
7315.7598,1.8508043
7317.3563,1.8186771
7318.953,1.9015826
7320.5499,1.7936382
7322.147,1.7588965
7323.7442,1.9254618
7325.3416,2.0423538
7326.9392,2.1121869
7328.5369,2.0774448
7330.1349,1.9747287
7331.733,1.9975028
7333.3312,1.9470742
7334.9297,1.9463186
7336.5283,1.9272624
7338.1271,1.7330426
7339.7261,1.6747705
7341.3252,1.5563676
7342.9246,1.7229319
7344.524,1.7744635
7346.1237,1.7135767
7347.7236,1.6971342
7349.3236,1.7538943
7350.9238,1.9126151
7352.5241,1.8517279
7354.1247,1.7829976
7355.7254,1.7456397
7357.3263,1.7553405
7358.9273,1.7075249
7360.5286,1.6414086
7362.13,1.5909785
7363.7316,1.449045
7365.3333,1.3986147
7366.9353,1.3769425
7368.5374,1.4389304
7370.1397,1.4669312
7371.7421,1.3772849
7373.3448,1.4026712
7374.9476,1.2711947
7376.5505,1.2887377
7378.1537,1.3062806
7379.757,1.300294
7381.3605,1.2864642
7382.9642,1.2543336
7384.5681,1.2823337
7386.1721,1.2789612
7387.7763,1.1631703
7389.3806,1.2643727
7390.9852,1.2479281
7392.5899,1.2471696
7394.1948,1.1366071
7395.7999,1.1384628
7397.4051,1.1455472
7399.0105,1.0898864
7400.6161,1.0734413
7402.2219,1.2347738
7403.8278,1.2863023
7405.434,1.3822752
7407.0402,1.2220388
7408.6467,1.2683383
7410.2533,1.1603894
7411.8602,1.1230286
7413.4671,1.1667135
7415.0743,1.131967
7416.6816,1.0946059
7418.2891,1.0337154
7419.8968,0.99896859
7421.5047,1.0870975
7423.1127,1.041893
7424.7209,1.0620479
7426.3293,0.95409815
7427.9379,0.87752086
7429.5466,0.887218
7431.1555,0.92305884
7432.7646,1.0059584
7434.3738,0.97905401
7435.9832,1.0122802
7437.5928,1.0272057
7439.2026,1.0656605
7440.8126,0.99954009
7442.4227,0.90989016
7444.033,0.99540355
7445.6434,1.1201325
7447.2541,1.2317896
7448.8649,1.1499824
7450.4759,1.1021622
7452.0871,1.0700281
7453.6984,1.2235148
7455.3099,1.2619688
7456.9216,1.2272201
7458.5335,1.2186151
7460.1455,1.3171996
7461.7577,1.3687251
7463.3701,1.3392049
7464.9827,1.3175276
7466.5954,1.3298373
7468.2083,1.3865912
7469.8214,1.3858288
7471.4346,1.445197
7473.0481,1.420905
7474.6617,1.231907
7476.2755,1.236373
7477.8894,1.1545644
7479.5035,1.2636054
7481.1178,1.281143
7482.7323,1.246393
7484.347,1.2822311
7485.9618,1.1141476
7487.5768,1.0846261
7489.192,1.0420326
7490.8073,1.0020534
7492.4228,0.96207412
7494.0385,0.84104901
7495.6544,0.86642905
7497.2704,0.97024037
7498.8867,1.0479078
7500.503,1.0366863
7502.1196,0.89736013
7503.7364,0.9044391
7505.3533,0.87753106
7506.9704,0.89768176
7508.5876,0.83678663
7510.2051,0.79942082
7511.8227,0.73852553
7513.4405,0.68024453
7515.0584,0.59581965
7516.6765,0.57152541
7518.2949,0.57598926
7519.9133,0.69810009
7521.532,0.81759645
7523.1508,0.87173326
7524.7698,0.80299417
7526.389,0.71333996
7528.0084,0.73610397
7529.6279,0.72226659
7531.2476,0.69012847
7532.8675,0.63968962
7534.4875,0.61800886
7536.1077,0.65907311
7537.7281,0.52758826
7539.3487,0.63139744
7540.9695,0.60710197
7542.5904,0.60633583
7544.2115,0.57681143
7545.8327,0.59696015
7547.4542,0.67462514
7549.0758,0.60588481
7550.6976,0.56851695
7552.3196,0.61480913
7553.9417,0.65587248
7555.564,0.63680502
7557.1865,0.57067866
7558.8092,0.53592477
7560.432,0.56130151
7562.055,0.51870431
7563.6782,0.47872141
7565.3016,0.44396719
7566.9251,0.50594491
7568.5488,0.55485065
7570.1727,0.64035762
7571.7967,0.67357692
7573.421,0.68326673
7575.0454,0.62759698
7576.6699,0.60329969
7578.2947,0.67834873
7579.9196,0.73509704
7581.5447,0.77093022
7583.17,0.69173065
7584.7955,0.5994591
7586.4211,0.5281025
7588.0469,0.53517719
7589.6729,0.59453937
7591.299,0.60945704
7592.9253,0.53548573
7594.5518,0.53733133
7596.1785,0.48950364
7597.8053,0.58546673
7599.4323,0.51933822
7601.0595,0.47673905
7602.6869,0.42368228
7604.3144,0.40722673
7605.9422,0.40645738
7607.57,0.50241997
7609.1981,0.54348052
7610.8263,0.63944294
7612.4548,0.52625496
7614.0833,0.46796885
7615.7121,0.40968266
7617.341,0.37492581
7618.9701,0.27480939
7620.5994,0.28449681
7622.2289,0.3752299
7623.8585,0.50517859
7625.4883,0.54362394
7627.1183,0.48272279
7628.7484,0.47149477
7630.3788,0.4811817
7632.0093,0.42289469
7633.6399,0.4012089
7635.2708,0.30109166
7636.9018,0.27156257
7638.533,0.34137981
7640.1644,0.31185055
7641.7959,0.3346088
7643.4277,0.2527918
7645.0596,0.23894857
7646.6916,0.28523598
7648.3239,0.35505273
7649.9563,0.47454259
7651.5889,0.55743106
7653.2216,0.51744363
7654.8546,0.39902475
7656.4877,0.24400447
7658.121,0.25369
7659.7544,0.29213362
7661.3881,0.40116538
7663.0219,0.37686374
7664.6559,0.32641822
7666.29,0.27074386
7667.9244,0.21506941
7669.5589,0.28749946
7671.1936,0.26058302
7672.8284,0.21275147
7674.4634,0.16753421
7676.0986,0.064800534
7677.734,0.05618442
7679.3696,0.13384273
7681.0053,0.13829835
7682.6412,0.27085846
7684.2773,0.17596751
7685.9135,0.19610915
7687.55,0.088146138
7689.1866,0.063843173
7690.8233,0.20947477
7692.4603,0.080596473
7694.0974,0.12426712
7695.7347,0.018918072
7697.3722,0.041673519
7699.0098,0.10625895
7700.6476,0.14208613
7702.2856,0.23281518
7703.9238,0.098707556
7705.5621,-0.058929566
7707.2006,-0.054475267
7708.8393,-0.031720396
7710.4782,0.13221086
7712.1172,0.19156688
7713.7564,0.17510581
7715.3958,0.18217408
7717.0354,0.11603965
7718.6751,0.1544803
7720.315,0.11187512
7721.9551,0.11894306
7723.5953,0.17306974
7725.2358,0.072947966
7726.8764,0.12707448
7728.5172,0.063553853
7730.1581,0.14120961
7731.7992,0.077688822
7733.4405,0.082141805
7735.082,0.073522809
7736.7237,0.059674973
7738.3655,0.048441433
7740.0075,0.092109772
7741.6497,0.065189794
7743.292,0.12192986
7744.9345,0.15514044
7746.5772,0.22756662
7748.2201,0.22156134
7749.8631,0.17895468
7751.5063,0.19386427
7753.1497,0.15387182
7754.7933,0.12172243
7756.437,0.14186053
7758.081,0.086181559
7759.725,0.048803158
7761.3693,-0.080078593
7763.0137,-0.067783955
7764.6583,-0.065946917
7766.3031,-0.09286813
7767.9481,-0.10671753
7769.5932,-0.052593157
7771.2385,0.04074682
7772.884,-0.054148579
7774.5297,-0.13335779
7776.1755,-0.068776225
7777.8215,0.011491527
7779.4677,0.063001028
7781.114,0.036079073
7782.7606,0.05621586
7784.4073,0.11033949
7786.0541,0.020672193
7787.7012,-0.048080156
7789.3484,-0.15604827
7790.9958,-0.086238696
7792.6434,-0.066102404
7794.2911,-0.066881226
7795.939,-0.088575163
7797.5871,-0.051093361
7799.2354,0.012532325
7800.8838,-0.091162158
7802.5325,-0.11903955
7804.1813,-0.12338744
7805.8302,-0.028388838
7807.4794,0.097982412
7809.1287,0.22958251
7810.7782,0.18601931
7812.4278,0.16337123
7814.0777,0.067520627
7815.7277,0.068402146
7817.3779,0.10065631
7819.0282,0.078008599
7820.6787,0.14163549
7822.3295,0.18173307
7823.9803,0.14078499
7825.6314,0.20441217
7827.2826,0.22620937
7828.934,0.21454261
7830.5856,0.26562105
7832.2374,0.28218977
7833.8893,0.36307231
7835.5414,0.50042554
7837.1937,0.49503375
7838.8461,0.56650481
7840.4987,0.65679949
7842.1515,0.6576825
7843.8045,0.66327148
7845.4576,0.74886056
7847.111,0.83444972
7848.7645,0.85415663
7850.4181,0.8377852
7852.072,0.89670799
7853.726,0.92739557
7855.3802,0.9157303
7857.0345,0.89465336
7858.6891,0.94887063
7860.3438,0.9575978
7861.9987,0.96475643
7863.6537,0.91073869
7865.309,0.94299555
7866.9644,0.91407603
7868.62,0.89456837
7870.2757,0.92996276
7871.9317,1.0469259
7873.5878,1.1231048
7875.2441,1.13497
7876.9005,1.1672275
7878.5571,1.1320342
7880.2139,1.0403703
7881.8709,0.94713789
7883.5281,0.88527813
7885.1854,0.85635963
7886.8429,0.81646084
7888.5006,0.78754253
7890.1584,0.78842823
7891.8164,0.80813756
7893.4746,0.81686659
7895.133,0.84128199
7896.7916,0.81393277
7898.4503,0.77717189
7900.1092,0.80315619
7901.7682,0.81502294
7903.4275,0.85983096
7905.0869,0.94228613
7906.7465,1.0153296
7908.4063,1.0758242
7910.0662,1.1206326
7911.7263,1.1372058
7913.3866,1.1537791
7915.0471,1.1672152
7916.7077,1.1900632
7918.3685,1.2333034
7920.0295,1.2577202
7921.6906,1.3448822
7923.352,1.5042011
7925.0135,1.5458731
7926.6752,1.5687216
7928.337,1.5978448
7929.999,1.6677523
7931.6613,1.6404051
7933.3236,1.6240383
7934.9862,1.6531618
7936.6489,1.738756
7938.3118,1.7882718
7939.9749,1.7860231
7941.6381,1.8622058
7943.3016,1.9101533
7944.9652,1.8875127
7946.6289,1.8554604
7948.2929,1.9316434
7949.957,1.9497874
7951.6213,1.9710687
7953.2857,2.0080364
7954.9504,2.0183375
7956.6152,2.0051093
7958.2802,2.1377635
7959.9454,2.1621825
7961.6107,2.2462095
7963.2762,2.3553346
7964.9419,2.4566166
7966.6078,2.5657419
7968.2738,2.7721222
7969.94,2.9173261
7971.6064,3.0421379
7973.273,3.1010675
7974.9397,3.114507
7976.6066,3.1263779
7978.2737,3.188445
7979.9409,3.3085514
7981.6084,3.4239521
7983.276,3.5440587
7984.9437,3.7786752
7986.6117,3.9740761
7988.2798,4.1412418
7989.9481,4.4574272
7991.6166,4.7720441
7993.2852,5.0207787
7994.9541,5.2318663
7996.6231,5.4680521
7998.2922,5.6446301
7999.9616,5.8682671
8001.6311,6.0432767
8003.3008,6.2151491
8004.9707,6.4983942
8006.6407,6.833404
8008.3109,7.1103748
8009.9813,7.4265613
8011.6519,7.8070616
8013.3226,8.2063856
8014.9935,8.5978665
8016.6646,9.0018966
8018.3359,9.6678875
8020.0073,10.267996
8021.6789,10.822615
8023.3507,11.421155
8025.0227,12.062048
8026.6948,12.698236
8028.3671,13.728149
8030.0396,14.903944
8031.7122,16.167583
8033.3851,17.652398
8035.0581,19.102704
8036.7312,20.496539
8038.4046,21.913903
8040.0781,23.464601
8041.7518,25.11726
8043.4257,26.705605
8045.0997,28.422578
8046.774,29.907394
8048.4484,31.080054
8050.1229,32.072321
8051.7977,33.37047
8053.4726,34.400385
8055.1477,35.320495
8056.823,36.35041
8058.4984,37.322285
8060.174,37.818867
8061.8498,38.149174
8063.5258,38.608109
8065.2019,38.971357
8066.8782,39.199704
8068.5547,39.410795
8070.2314,39.381887
8071.9082,39.349842
8073.5852,39.251914
8075.2624,38.934379
8076.9398,38.466255
8078.6173,38.118916
8080.295,37.575499
8081.9729,36.857964
8083.6509,36.25337
8085.3292,35.469953
8087.0076,34.615948
8088.6861,33.749394
8090.3649,32.714996
8092.0438,31.454717
8093.7229,30.337183
8095.4022,29.276119
8097.0816,27.957801
8098.7613,26.863796
8100.4411,26.061556
8102.121,25.268728
8103.8012,24.588841
8105.4815,24.032876
8107.162,23.58201
8108.8426,23.05428
8110.5235,22.56106
8112.2045,22.141566
8113.8857,21.841288
8115.5671,21.498657
8117.2486,21.303477
8118.9303,21.144375
8120.6122,20.809587
8122.2943,20.518721
8123.9765,20.340797
8125.6589,20.060911
8127.3415,19.771614
8129.0242,19.610944
8130.7072,19.522432
8132.3903,19.325684
8134.0736,19.196387
8135.757,19.093757
8137.4406,18.853088
8139.1245,18.752027
8140.8084,18.669789
8142.4926,18.342846
8144.1769,18.095902
8145.8614,18.073273
8147.5461,17.820055
8149.2309,17.486838
8150.9159,17.266562
8152.6011,17.060403
8154.2865,16.659735
8155.9721,16.342204
8157.6578,16.197222
8159.3437,15.965966
8161.0297,15.604514
8162.716,15.385807
8164.4024,15.033767
8166.089,14.711531
8167.7758,14.500667
8169.4627,14.360392
8171.1498,14.220117
8172.8371,14.178665
8174.5245,14.054076
8176.2122,13.943605
8177.9,13.856664
8179.588,13.76188
8181.2761,13.67337
8182.9645,13.624076
8184.653,13.609291
8186.3417,13.597645
8188.0305,13.485606
8189.7195,13.444155
8191.4087,13.310156
8193.0981,13.207529
8194.7877,13.120588
8196.4774,13.20306
8198.1673,13.144355
8199.8574,13.22212
8201.5476,13.384592
8203.238,13.529809
8204.9286,13.471104
8206.6194,13.556713
8208.3103,13.606244
8210.0015,13.566363
8211.6928,13.523345
8213.3842,13.455229
8215.0759,13.496917
8216.7677,13.558998
8218.4597,13.577157
8220.1518,13.684727
8221.8442,13.861318
8223.5367,13.84183
8225.2294,13.828616
8226.9222,13.81854
8228.6153,13.764543
8230.3085,13.721526
8232.0019,13.78047
8233.6954,13.685688
8235.3891,13.642672
8237.0831,13.590243
8238.7771,13.564482
8240.4714,13.457152
8242.1658,13.368645
8243.8604,13.239354
8245.5552,13.11477
8247.2501,12.883518
8248.9453,12.769914
8250.6406,12.665722
8252.336,12.600745
8254.0317,12.430671
8255.7275,12.304518
8257.4235,12.192483
8259.1197,12.061624
8260.816,11.907236
8262.5125,11.779515
8264.2092,11.62199
8265.9061,11.417407
8267.6031,11.33047
8269.3004,11.207456
8270.9978,11.120519
8272.6953,11.093191
8274.3931,11.004686
8276.091,10.839319
8277.7891,10.742971
8279.4873,10.630937
8281.1857,10.531452
8282.8844,10.464909
8284.5831,10.467385
8286.2821,10.46045
8287.9812,10.384495
8289.6805,10.470108
8291.38,10.521212
8293.0797,10.418591
8294.7795,10.333225
8296.4795,10.241584
8298.1797,10.124845
8299.88,9.9814398
8301.5806,9.9399953
8303.2813,9.9173745
8304.9821,9.9622048
8306.6832,9.8407606
8308.3844,9.8495127
8310.0858,9.8912059
8311.7874,9.837213
8313.4891,9.7785144
8315.191,9.8860903
8316.8931,9.9481761
8318.5954,9.9522228
8320.2978,9.8809754
8322.0004,9.9775713
8323.7032,9.9376967
8325.4062,9.8978222
8327.1093,9.9646145
8328.8126,10.123956
8330.5161,10.124866
8332.2198,10.099109
8333.9236,10.143941
8335.6276,10.102499
8337.3318,10.09086
8339.0362,10.1953
8340.7407,10.326407
8342.4454,10.336729
8344.1503,10.376856
8345.8553,10.471884
8347.5606,10.507305
8349.266,10.508216
8350.9715,10.587559
8352.6773,10.612
8354.3832,10.601931
8356.0893,10.565195
8357.7956,10.63042
8359.502,10.728587
8361.2087,10.812636
8362.9155,10.882567
8364.6224,11.035636
8366.3296,11.158901
8368.0369,11.264911
8369.7444,11.447784
8371.4521,11.622814
8373.1599,11.720982
8374.8679,11.872482
8376.5761,11.945552
8378.2845,11.969994
8379.993,12.101103
8381.7017,12.290251
8383.4106,12.374301
8385.1197,12.57443
8386.8289,12.856128
8388.5383,13.089198
8390.2479,13.225013
8391.9576,13.448671
8393.6676,13.659781
8395.3777,13.844224
8397.088,13.947099
8398.7984,14.164483
8400.509,14.377162
8402.2198,14.497291
8403.9308,14.684872
8405.642,14.97912
8407.3533,15.307877
8409.0648,15.726046
8410.7765,16.186569
8412.4883,16.766307
8414.2003,17.165653
8415.9125,17.505391
8417.6249,17.914149
8419.3374,18.395064
8421.0502,18.758332
8422.7631,19.383561
8424.4761,19.978986
8426.1894,20.495979
8427.9028,21.09611
8429.6164,21.616242
8431.3301,22.043824
8433.0441,22.479249
8434.7582,22.985263
8436.4725,23.46461
8438.1869,24.050624
8439.9016,24.529972
8441.6164,25.094025
8443.3314,25.661216
8445.0465,26.134289
8446.7618,26.375206
8448.4773,26.569063
8450.193,26.701745
8451.9089,26.628936
8453.6249,26.578088
8455.3411,26.558613
8457.0575,26.495216
8458.774,26.348682
8460.4908,26.313521
8462.2077,26.130908
8463.9247,25.965551
8465.642,25.858233
8467.3594,25.644249
8469.077,25.364382
8470.7948,25.03432
8472.5127,24.676022
8474.2308,24.446351
8475.9491,24.25276
8477.6676,23.905442
8479.3862,23.631851
8481.105,23.3112
8482.824,22.79604
8484.5432,22.368724
8486.2625,21.98376
8487.982,21.528208
8489.7017,21.013048
8491.4216,20.642202
8493.1416,20.246258
8494.8618,19.818942
8496.5822,19.42143
8498.3028,19.251369
8500.0235,18.958955
8501.7444,18.59909
8503.4655,18.358441
8505.1867,18.210341
8506.9082,17.916358
8508.6298,17.802768
8510.3515,17.759767
8512.0735,17.606961
8513.7956,17.378862
8515.5179,17.21037
8517.2404,17.024623
8518.963,16.751034
8520.6859,16.497837
8522.4089,16.291698
8524.132,16.153011
8525.8554,15.967265
8527.5789,15.913284
8529.3026,15.859303
8531.0264,15.71591
8532.7505,15.501929
8534.4747,15.356968
8536.1991,15.213576
8537.9236,15.057634
8539.6484,14.89385
8541.3733,14.791242
8543.0984,14.652556
8544.8236,14.39936
8546.5491,14.271654
8548.2747,14.154929
8550.0005,14.052322
8551.7264,13.899518
8553.4526,13.814166
8555.1789,13.636265
8556.9053,13.605814
8558.632,13.525168
8560.3588,13.403738
8562.0858,13.330935
8563.813,13.19225
8565.5403,13.045722
8567.2679,12.957233
8568.9956,12.845215
8570.7234,12.814765
8572.4515,12.872159
8574.1797,12.837004
8575.9081,12.784594
8577.6367,12.752576
8579.3654,12.643696
8581.0943,12.53011
8582.8234,12.449465
8584.5527,12.351565
8586.2821,12.335235
8588.0117,12.298511
8589.7415,12.315122
8591.4715,12.341144
8593.2016,12.235402
8594.9319,12.107699
8596.6624,12.056859
8598.3931,11.905626
8600.1239,11.795179
8601.8549,11.774143
8603.5861,11.69193
8605.3175,11.594032
8607.049,11.621623
8608.7807,11.627254
8610.5126,11.632886
8612.2446,11.684007
8613.9769,11.626893
8615.7093,11.552525
8617.4418,11.405999
8619.1746,11.339474
8620.9075,11.229027
8622.6406,11.080934
8624.3739,10.957938
8626.1073,10.936903
8627.841,10.915869
8629.5748,10.874442
8631.3087,10.887917
8633.0429,10.829236
8634.7772,10.676437
8636.5117,10.492266
8638.2463,10.41633
8639.9812,10.351374
8641.7162,10.341321
8643.4514,10.390875
8645.1867,10.438861
8646.9223,10.444494
8648.658,10.414049
8650.3939,10.38831
8652.1299,10.35159
8653.8662,10.280361
8655.6026,10.16521
8657.3392,10.164569
8659.0759,10.030595
8660.8129,9.8903467
8662.55,9.8253924
8664.2872,9.7729872
8666.0247,9.6405821
8667.7623,9.5944516
8669.5001,9.5655761
8671.2381,9.5178772
8672.9762,9.4795901
8674.7146,9.4428717
8676.4531,9.4092907
8678.1917,9.4039451
8679.9306,9.4158545
8681.6696,9.3540384
8683.4088,9.3188892
8685.1482,9.3668772
8686.8877,9.3003556
8688.6274,9.1789321
8690.3673,9.0967244
8692.1074,9.0803991
8693.8476,8.9574073
8695.588,8.8971606
8697.3286,8.8557376
8699.0694,8.880197
8700.8103,8.8575977
8702.5514,8.8381357
8704.2927,8.8202425
8706.0342,8.8133297
8707.7758,8.8064171
8709.5176,8.7085241
8711.2596,8.6420038
8713.0018,8.6068561
8714.7441,8.6015124
8716.4866,8.494208
8718.2293,8.4496489
8719.9721,8.4662663
8721.7152,8.4530798
8723.4584,8.3708739
8725.2017,8.3670994
8726.9453,8.4103838
8728.689,8.3266095
8730.4329,8.2522471
8732.177,8.20612
8733.9212,8.1678362
8735.6656,8.0871996
8737.4102,8.0426414
8739.155,7.9949461
8740.8999,8.0037215
8742.6451,8.037595
8744.3904,8.0338215
8746.1358,8.0927933
8747.8815,8.1094121
8749.6273,8.0852468
8751.3733,8.0234345
8753.1194,7.9741713
8754.8658,7.8684376
8756.6123,7.7878021
8758.359,7.7150097
8760.1058,7.7112371
8761.8529,7.7153077
8763.6001,7.7052608
8765.3474,7.6748218
8767.095,7.6553632
8768.8427,7.5480617
8770.5906,7.4642896
8772.3387,7.4793412
8774.087,7.5116477
8775.8354,7.4874838
8777.584,7.5072415
8779.3328,7.461117
8781.0817,7.396169
8782.8308,7.3782799
8784.5801,7.3211753
8786.3296,7.3142668
8788.0793,7.3701035
8789.8291,7.3318227
8791.5791,7.2700125
8793.3292,7.3148691
8795.0796,7.2907062
8796.8301,7.2414453
8798.5808,7.1968904
8800.3317,7.1727278
8802.0827,7.1124868
8803.8339,7.0365597
8805.5853,7.0280836
8807.3369,7.0337252
8809.0886,7.0628964
8810.8405,6.9948127
8812.5926,6.961239
8814.3449,6.9292339
8816.0973,6.88468
8817.8499,6.8354202
8819.6027,6.8269449
8821.3556,6.8780775
8823.1088,6.8617592
8824.8621,6.8611273
8826.6155,6.8683386
8828.3692,6.8928049
8830.123,6.8513889
8831.877,6.7958554
8833.6312,6.7497338
8835.3855,6.713024
8837.1401,6.6794515
8838.8948,6.7148988
8840.6496,6.7268167
8842.4047,6.7638328
8844.1599,6.758496
8845.9153,6.7735514
8847.6709,6.7415482
8849.4266,6.722094
8851.1825,6.6963655
8852.9386,6.6596566
8854.6949,6.6198106
8856.4513,6.6380039
8858.2079,6.6750208
8859.9647,6.7073319
8861.7217,6.7678784
8863.4788,6.7656799
8865.2361,6.7383834
8866.9936,6.7471655
8868.7513,6.7245751
8870.5091,6.7521809
8872.2671,6.7813554
8874.0253,6.785432
8875.7837,6.775391
8877.5422,6.7763305
8879.3009,6.6925642
8881.0598,6.7295823
8882.8188,6.717973
8884.578,6.664011
8886.3374,6.7167156
8888.097,6.7537341
8889.8568,6.8095762
8891.6167,6.8748302
8893.3768,6.9040058
8895.1371,6.9582796
8896.8975,7.0000044
8898.6581,6.9350627
8900.4189,6.950121
8902.1799,7.0059638
8903.941,6.9488654
8905.7024,6.9560809
8907.4638,7.0166299
8909.2255,7.0411004
8910.9873,7.0169437
8912.7494,7.0633752
8914.5116,7.0690225
8916.2739,7.0495719
8918.0364,7.1163959
8919.7992,7.1487102
8921.562,7.1982795
8923.3251,7.268241
8925.0883,7.3413399
8926.8517,7.312478
8928.6153,7.3698908
8930.3791,7.3818135
8932.143,7.3984422
8933.9071,7.4072278
8935.6714,7.4426801
8937.4358,7.4655836
8939.2005,7.5590754
8940.9653,7.6008025
8942.7302,7.6393925
8944.4954,7.6309238
8946.2607,7.5283375
8948.0262,7.3583003
8949.7919,7.2368907
8951.5577,7.1468537
8953.3238,7.0803462
8955.0899,7.0875643
8956.8563,7.1292923
8958.6229,7.1004322
8960.3896,7.008827
8962.1565,6.9658494
8963.9235,6.905617
8965.6908,6.8140121
8967.4582,6.749074
8969.2258,6.7923713
8970.9935,6.7368451
8972.7615,6.6875936
8974.5296,6.6383421
8976.2979,6.6267378
8978.0663,6.5649375
8979.835,6.4780392
8981.6038,6.463298
8983.3727,6.3920862
8985.1419,6.2753843
8986.9112,6.1994668
8988.6807,6.1988435
8990.4504,6.1731223
8992.2203,6.127009
8993.9903,6.2001115
8995.7605,6.1383122
8997.5309,6.1423952
8999.3014,6.1198118
9001.0721,6.1082087
9002.843,6.1122921
9004.6141,6.1116697
9006.3853,6.0953611
9008.1568,6.1010133
9009.9284,6.0627441
9011.7001,6.0307495
9013.4721,5.9736569
9015.2442,5.91029
9017.0165,5.9033937
9018.7889,5.8886543
9020.5616,5.8001896
9022.3344,5.7995681
9024.1074,5.7769859
9025.8805,5.7293058
9027.6539,5.7051551
9029.4274,5.7233575
9031.2011,5.7258738
9032.9749,5.7425077
9034.749,5.7387496
9036.5232,5.7506779
9038.2976,5.704567
9040.0721,5.7243386
9041.8468,5.6829338
9043.6217,5.6697644
9045.3968,5.6848304
9047.1721,5.6904847
9048.9475,5.7196685
9050.7231,5.6845387
9052.4989,5.661958
9054.2748,5.6566323
9056.0509,5.6073851
9057.8272,5.5644125
9059.6037,5.5983028
9061.3804,5.6133696
9063.1572,5.6331424
9064.9342,5.6607584
9066.7113,5.7166098
9068.4887,5.6752064
9070.2662,5.6698816
9072.0439,5.6896548
9073.8218,5.7125654
9075.5998,5.6382212
9077.378,5.7144654
9079.1564,5.7499253
9080.935,5.689699
9082.7137,5.729865
9084.4926,5.8170899
9086.2717,5.8541188
9088.0509,5.881736
9089.8304,5.9124906
9091.61,5.9463825
9093.3898,5.8877255
9095.1697,5.7992647
9096.9498,5.7798236
9098.7302,5.8388139
9100.5106,5.8240789
9102.2913,5.872089
9104.0721,5.9608836
9105.8531,5.9979135
9107.6343,6.0067082
9109.4156,6.0358952
9111.1972,6.0446901
9112.9788,6.0927008
9114.7607,6.1752214
9116.5428,6.2702911
9118.325,6.2665374
9120.1074,6.320823
9121.8899,6.3798145
9123.6727,6.2929238
9125.4556,6.2687783
9127.2387,6.3214956
9129.022,6.2706836
9130.8054,6.2183031
9132.589,6.2741579
9134.3728,6.3033462
9136.1568,6.3466523
9137.9409,6.458978
9139.7252,6.5524803
9141.5097,6.5706885
9143.2943,6.6688969
9145.0792,6.7514191
9146.8642,6.700608
9148.6494,6.7188166
9150.4347,6.7778097
9152.2202,6.747391
9154.006,6.7624627
9155.7918,6.8449854
9157.5779,6.9510377
9159.3641,7.044541
9161.1505,7.1098091
9162.9371,7.2127244
9164.7238,7.4081887
9166.5108,7.4938493
9168.2979,7.5889217
9170.0851,7.676151
9171.8726,7.7555374
9173.6602,7.7596296
9175.448,7.8139181
9177.2359,7.8603635
9179.0241,7.9773973
9180.8124,8.0599213
9182.6009,8.1879356
9184.3896,8.3143814
9186.1784,8.4847489
9187.9674,8.6409988
9189.7566,8.7972488
9191.546,8.9425185
9193.3355,9.0062196
9195.1252,9.1546268
9196.9151,9.2434261
9198.7051,9.4279119
9200.4954,9.6092605
9202.2858,9.7843346
9204.0764,9.9060756
9205.8671,10.088993
9207.658,10.171519
9209.4492,10.294828
9211.2404,10.513825
9213.0319,10.713997
9214.8235,10.945543
9216.6153,11.178657
9218.4073,11.366281
9220.1994,11.56018
9221.9918,11.769765
9223.7842,11.963663
9225.5769,12.181092
9227.3698,12.47852
9229.1628,12.663007
9230.956,12.99024
9232.7493,13.289237
9234.5429,13.523921
9236.3366,13.873115
9238.1305,14.261524
9239.9246,14.568365
9241.7188,14.970892
9243.5132,15.365576
9245.3078,15.63477
9247.1026,15.971415
9248.8975,16.289237
9250.6926,16.572549
9252.4879,16.953116
9254.2833,17.330546
9256.079,17.665623
9257.8748,18.108935
9259.6708,18.607149
9261.4669,19.011246
9263.2632,19.543971
9265.0597,19.981009
9266.8564,20.294126
9268.6533,20.577439
9270.4503,20.978399
9272.2475,21.32132
9274.0449,21.656397
9275.8424,22.004024
9277.6401,22.268514
9279.438,22.383985
9281.2361,22.422592
9283.0344,22.527082
9284.8328,22.675494
9286.6314,22.703122
9288.4301,22.769965
9290.2291,22.847789
9292.0282,23.046397
9293.8275,23.028535
9295.6269,23.081261
9297.4266,23.137124
9299.2264,23.142792
9301.0264,22.917871
9302.8265,22.707068
9304.6269,22.455481
9306.4274,22.067423
9308.2281,21.717013
9310.0289,21.360328
9311.83,21.04129
9313.6312,20.646958
9315.4325,20.395372
9317.2341,20.019863
9319.0358,19.65063
9320.8377,19.336299
9322.6398,19.141183
9324.4421,18.888028
9326.2445,18.675658
9328.0471,18.511915
9329.8499,18.233662
9331.6528,17.867567
9333.4559,17.553236
9335.2592,17.22165
9337.0627,16.92928
9338.8663,16.713773
9340.6702,16.50611
9342.4742,16.220015
9344.2783,15.959018
9346.0827,15.74508
9347.8872,15.419769
9349.6919,15.208969
9351.4967,15.031109
9353.3018,14.806191
9355.107,14.546764
9356.9124,14.422238
9358.7179,14.261634
9360.5237,14.069658
9362.3296,13.904348
9364.1357,13.767274
9365.9419,13.724317
9367.7483,13.656262
9369.555,13.641541
9371.3617,13.61584
9373.1687,13.450531
9374.9758,13.302477
9376.7831,13.068148
9378.5906,12.830682
9380.3982,12.668511
9382.2061,12.592614
9384.0141,12.435149
9385.8222,12.368664
9387.6306,12.264532
9389.4391,12.105498
9391.2478,11.974699
9393.0567,11.812529
9394.8657,11.749181
9396.6749,11.729756
9398.4843,11.644448
9400.2939,11.588944
9402.1036,11.451872
9403.9136,11.278721
9405.7236,11.088316
9407.5339,11.067322
9409.3444,11.041622
9411.155,10.986119
9412.9658,10.911792
9414.7767,10.879819
9416.5878,10.818041
9418.3992,10.695087
9420.2106,10.674094
9422.0223,10.686043
9423.8341,10.638383
9425.6461,10.507587
9427.4583,10.459927
9429.2707,10.391876
9431.0832,10.26108
9432.8959,10.124009
9434.7088,10.033997
9436.5218,9.9863381
9438.335,9.9480911
9440.1484,9.9349423
9441.962,10.023754
9443.7758,10.01688
9445.5897,9.909614
9447.4038,9.7803871
9449.2181,9.7123367
9451.0325,9.5721296
9452.8471,9.4789814
9454.6619,9.3795588
9456.4769,9.3287638
9458.292,9.3062041
9460.1073,9.2350171
9461.9228,9.2093203
9463.7385,9.224408
9465.5543,9.1736134
9467.3703,9.025564
9469.1865,8.9418284
9471.0029,8.8235831
9472.8194,8.6959262
9474.6361,8.6765046
9476.453,8.6241419
9478.2701,8.543544
9480.0873,8.5178482
9481.9047,8.430976
9483.7223,8.2656726
9485.54,8.177232
9487.358,8.1264385
9489.1761,8.0709392
9490.9943,8.0530871
9492.8128,8.0493527
9494.6314,7.9860106
9496.4502,7.9556097
9498.2692,7.9079541
9500.0883,7.8916711
9501.9077,7.8722509
9503.7272,7.8073406
9505.5468,7.756548
9507.3667,7.7339909
9509.1867,7.6831985
9511.0069,7.5947592
9512.8273,7.6192611
9514.6478,7.5527828
9516.4685,7.4972849
9518.2894,7.446493
9520.1105,7.4098189
9521.9317,7.3856938
9523.7531,7.3411767
9525.5747,7.312346
9527.3965,7.242731
9529.2184,7.2593907
9531.0405,7.2007563
9532.8628,7.1844749
9534.6852,7.2058407
9536.5079,7.2052458
9538.3307,7.1575922
9540.1537,7.1711152
9541.9768,7.1783637
9543.8001,7.0820829
9545.6236,7.032861
9547.4473,7.035404
9549.2712,7.0646137
9551.0952,7.0969607
9552.9194,7.1528372
9554.7438,7.1836158
9556.5683,7.2002769
9558.393,7.1855655
9560.2179,7.1253639
9562.043,7.0777115
9563.8682,7.0300592
9565.6937,6.9918188
9567.5193,6.9755392
9569.345,6.9122009
9571.171,6.9131764
9572.9971,6.914152
9574.8234,6.8963041
9576.6498,6.7482603
9578.4765,6.7429617
9580.3033,6.6576632
9582.1303,6.6147177
9583.9574,6.6266742
9585.7848,6.621376
9587.6123,6.5329405
9589.44,6.4994072
9591.2678,6.4595994
9593.0958,6.3664584
9594.924,6.3078273
9596.7524,6.3213531
9598.581,6.3364476
9600.4097,6.3327188
9602.2386,6.3227155
9604.0677,6.3158495
9605.8969,6.2713366
9607.7264,6.1938826
9609.556,6.1242718
9611.3857,6.0781905
9613.2157,6.0540702
9615.0458,6.0032832
9616.8761,6.0215159
9618.7066,6.0491605
9620.5372,6.0391582
9622.368,5.9930774
9624.199,6.047389
9626.0302,5.9558183
9627.8615,5.9222869
9629.693,5.9734614
9631.5247,5.9728714
9633.3566,5.9267912
9635.1886,6.0218876
9637.0208,5.974239
9638.8532,5.8183553
9640.6858,5.7958049
9642.5185,5.7356076
9644.3514,5.6330574
9646.1845,5.6387426
9648.0178,5.6993298
9649.8512,5.6846231
9651.6848,5.7044262
9653.5186,5.7163863
9655.3525,5.6389347
9657.1867,5.5395224
9659.021,5.5263848
9660.8554,5.455208
9662.6901,5.3903058
9664.5249,5.378737
9666.3599,5.4110899
9668.1951,5.3995213
9670.0304,5.4601097
9671.866,5.500306
9673.7017,5.4840319
9675.5375,5.4348166
9677.3736,5.4059936
9679.2098,5.3661903
9681.0462,5.2903086
9682.8827,5.2803094
9684.7195,5.3158005
9686.5564,5.2210956
9688.3935,5.1310967
9690.2307,5.1242351
9692.0682,5.0624716
9693.9058,4.9897279
9695.7436,4.9922784
9697.5815,5.0042407
9699.4197,4.9644384
9701.258,4.9513029
9703.0965,4.9428733
9704.9351,4.942287
9706.774,4.9166027
9708.613,4.9175852
9710.4521,4.8981756
9712.2915,4.790923
9714.131,4.7542587
9715.9707,4.6909278
9717.8106,4.5883814
9719.6506,4.5501488
9721.4909,4.5432888
9723.3313,4.4909387
9725.1718,4.5107455
9727.0126,4.4834936
9728.8535,4.464085
9730.6946,4.4572255
9732.5359,4.4064445
9734.3773,4.3635067
9736.2189,4.3519415
9738.0607,4.3356706
9739.9027,4.3335174
9741.7448,4.3345016
9743.5872,4.3339172
9745.4296,4.3066663
9747.2723,4.3092194
9749.1151,4.305498
9750.9582,4.2688356
9752.8013,4.2384478
9754.6447,4.1970796
9756.4882,4.1447312
9758.3319,4.100226
9760.1758,4.0949366
9762.0199,4.0394512
9763.8641,4.0765149
9765.7085,4.0320101
9767.5531,3.9875054
9769.3978,3.9994713
9771.2428,4.0412413
9773.0879,3.9904623
9774.9331,3.958507
9776.7786,3.9610615
9778.6242,3.8977338
9780.47,3.8375435
9782.316,3.8636277
9784.1621,3.8583395
9786.0085,3.8012867
9787.855,3.7991359
9789.7016,3.8283578
9791.5485,3.768168
9793.3955,3.7707234
9795.2427,3.8297495
9797.09,3.8260306
9798.9376,3.7783902
9800.7853,3.7323185
9802.6332,3.7191881
9804.4813,3.6809597
9806.3295,3.636457
9808.1779,3.6154837
9810.0265,3.613334
9811.8752,3.5954982
9813.7242,3.5635448
9815.5733,3.5551209
9817.4226,3.5435599
9819.272,3.5131754
9821.1217,3.5110263
9822.9715,3.4743675
9824.8214,3.4377088
9826.6716,3.423011
9828.5219,3.4475289
9830.3724,3.3936156
9832.2231,3.4149965
9834.0739,3.4238285
9835.925,3.3840331
9837.7762,3.4038456
9839.6275,3.390717
9841.4791,3.3054317
9843.3308,3.2750484
9845.1827,3.2525084
9847.0348,3.2064391
9848.887,3.20586
9850.7394,3.260183
9852.592,3.2862708
9854.4448,3.2354959
9856.2977,3.201976
9858.1508,3.1715935
9860.0041,3.1490542
9861.8576,3.1453385
9863.7112,3.1322112
9865.565,3.1582996
9867.419,3.1702705
9869.2732,3.0928297
9871.1275,3.045193
9872.982,3.036772
9874.8367,2.990704
9876.6916,2.9226754
9878.5466,2.8938625
9880.4018,2.8823046
9882.2572,2.8832959
9884.1127,2.8842872
9885.9685,2.9103766
9887.8244,2.958427
9889.6804,2.9468696
9891.5367,2.9211946
9893.3931,2.8704217
9895.2497,2.869845
9897.1065,2.853582
9898.9634,2.8106525
9900.8205,2.8383114
9902.6778,2.8440095
9904.5353,2.8073548
9906.393,2.7597198
9908.2508,2.7371829
9910.1088,2.7130775
9911.9669,2.6764232
9913.8253,2.6538866
9915.6838,2.6188011
9917.5425,2.5946961
9919.4013,2.520395
9921.2604,2.5198196
9923.1196,2.5223815
9924.979,2.5453357
9926.8385,2.5557409
9928.6983,2.5724207
9930.5582,2.5294928
9932.4182,2.461467
9934.2785,2.4122647
9936.1389,2.3960038
9937.9995,2.3609194
9939.8603,2.3728939
9941.7213,2.4115351
9943.5824,2.4031177
9945.4437,2.3774454
9947.3052,2.4082438
9949.1668,2.3872776
9951.0286,2.3772919
9952.8906,2.3767181
9954.7528,2.3683012
9956.6152,2.3175314
9958.4777,2.2730363
9960.3404,2.2285412
9962.2032,2.1981639
9964.0663,2.2038651
9965.9295,2.2378017
9967.7929,2.2513463
9969.6565,2.2507733
9971.5202,2.2329454
9973.3841,2.2668824
9975.2482,2.2035646
9977.1125,2.2029919
9978.9769,2.2024194
9980.8415,2.1641999
9982.7063,2.1416667
9984.5713,2.1442317
9986.4364,2.112287
9988.3017,2.1101462
9990.1672,2.1048684
9992.0328,2.0744926
9993.8987,2.0456855
9995.7647,2.0686431
9997.6308,2.0821892
9999.4972,2.1129902
10001.364,2.1061443
10003.23,2.1338082
10005.097,2.1002958
10006.964,2.0071756
10008.832,1.9971928
10010.699,1.9903473
10012.567,1.9395803
10014.434,1.932735
10016.302,1.9541251
10018.17,1.9723781
10020.039,1.9561213
10021.907,1.963394
10023.776,1.9440002
10025.644,1.9387241
10027.513,1.9036441
10029.383,1.8591525
10031.252,1.8381904
10033.121,1.7827186
10034.991,1.7601881
10036.861,1.7031478
10038.731,1.6429704
10040.601,1.6408323
10042.471,1.6732041
10044.342,1.6993014
10046.213,1.7473597
10048.084,1.7483592
10049.955,1.727398
10051.826,1.6923193
10053.697,1.6007701
10055.569,1.5547112
10057.441,1.5557111
10059.312,1.5331818
10061.185,1.5639859
10063.057,1.5885156
10064.929,1.5989277
10066.802,1.5842419
10068.675,1.5773993
10070.548,1.5015372
10072.421,1.5072438
10074.294,1.4878524
10076.168,1.5186573
10078.041,1.5243642
10079.915,1.522228
10081.789,1.5138174
10083.663,1.4583481
10085.538,1.4201338
10087.412,1.3976059
10089.287,1.3735094
10091.162,1.3588248
10093.037,1.3441403
10094.912,1.312201
10096.788,1.2928107
10098.663,1.2608716
10100.539,1.2336384
10102.415,1.2503269
10104.291,1.2513292
10106.167,1.2162532
10108.044,1.2094126
10109.92,1.1931602
10111.797,1.1580845
10113.674,1.1512441
10115.551,1.1679333
10117.429,1.1987402
10119.306,1.1997432
10121.184,1.2007464
10123.062,1.1766516
10124.94,1.1447137
10126.818,1.0876779
10128.696,1.0447599
10130.575,1.02694
10132.453,1.0028456
10134.332,0.99443768
10136.211,1.0001475
10138.091,0.97762203
10139.97,0.91901827
10141.85,0.90904205
10143.729,0.93357572
10145.609,0.90791342
10147.489,0.92460414
10149.37,0.9836479
10151.25,0.96896626
10153.131,0.91977492
10155.012,0.90352484
10156.893,0.89825524
10158.774,0.88984849
10160.655,0.86575555
10162.537,0.88715291
10164.418,0.93207976
10166.3,0.91426161
10168.182,0.86350238
10170.064,0.88646874
10171.947,0.83570969
10173.829,0.81946054
10175.712,0.79850561
10177.595,0.79637429
10179.478,0.8130666
10181.361,0.82191586
10183.245,0.78213777
10185.128,0.72981075
10187.012,0.73238578
10188.896,0.6831962
10190.78,0.67792828
10192.664,0.67893497
10194.549,0.67366723
10196.434,0.65114469
10198.318,0.62862225
10200.203,0.5951195
10202.089,0.60240116
10203.974,0.59399664
10205.859,0.58872946
10207.745,0.57248199
10209.631,0.57035226
10211.517,0.55096772
10213.403,0.56609307
10215.29,0.58435577
10217.176,0.57908916
10219.063,0.56127362
10220.95,0.56698758
10222.837,0.5476036
10224.724,0.54390598
10226.612,0.53863983
10228.499,0.52396201
10230.387,0.49202938
10232.275,0.47892037
10234.163,0.42973302
10236.051,0.43701636
10237.94,0.4395939
10239.828,0.43746566
10241.717,0.43376888
10243.606,0.43477808
10245.495,0.44519914
10247.385,0.43052224
10249.274,0.41741407
10251.164,0.41214913
10253.054,0.39276664
10254.944,0.37965875
10256.834,0.36184507
10258.725,0.33618834
10260.615,0.31680622
10262.506,0.33507125
10264.397,0.32196382
10266.288,0.3606212
10268.179,0.35065121
10270.071,0.35793622
10271.962,0.34796642
10273.854,0.29407515
10275.746,0.27939965
10277.638,0.27413602
10279.53,0.24534306
10281.423,0.22596196
10283.315,0.17834566
10285.208,0.14170985
10287.101,0.1035055
10288.994,0.09196791
10290.888,0.069450022
10292.781,0.10026556
10294.675,0.09500276
10296.569,0.13993613
10298.463,0.15349705
10300.357,0.1639208
10302.252,0.18218779
10304.146,0.12516075
10306.041,0.069702425
10307.936,0.056597139
10309.831,0.030942927
10311.726,-0.024515114
10313.622,2.6938694e-005
10315.517,0.013588692
10317.413,0.0067583813
10319.309,-0.015758111
10321.205,0.016627451
10323.101,0.04447167
10324.998,0.01584613
10326.895,0.020162594
10328.791,0.0025191032
10330.688,-0.0057117946
10332.586,-0.029628138
10334.483,-0.0096220847
10336.38,-0.030399516
10338.278,-0.027646707
10340.176,-0.028030325
10342.074,-0.034687624
10343.972,-0.071148015
10345.871,-0.080940912
10347.769,-0.049948666
10349.668,-0.061308532
10351.567,-0.064824433
10353.466,-0.010300289
10355.365,0.031675663
10357.265,0.0046328365
10359.164,0.0089633875
10361.064,0.028981042
10362.964,-0.007471064
10364.864,-0.047059596
10366.765,-0.019196319
10368.665,-0.021136134
10370.566,-0.058461305
10372.467,-0.015785871
10374.368,-0.0060510084
10376.269,-0.032393973
10378.17,0.021263667
10380.072,0.027863088
10381.974,0.010933702
10383.875,-0.0037541839
10385.777,0.033099151
10387.68,0.037460094
10389.582,0.03061716
10391.485,0.052906482
10393.387,0.024776241
10395.29,0.047066773
10397.193,0.012215052
10399.097,-0.03159965
10401,-0.029475372
10402.904,-0.047518556
10404.808,-0.049874862
10406.712,-0.037664736
10408.616,-0.042260729
10410.52,-0.0031586387
10412.425,0.001210163
10414.329,-0.0067453608
10416.234,-0.010218487
10418.139,-0.014568532
10420.044,-0.0032317787
10421.95,-0.013183016
10423.855,-0.0018452137
10425.761,0.01733625
10427.667,0.029795549
10429.573,0.012003272
10431.479,0.022222723
10433.386,0.023479113
10435.292,0.015772443
10437.199,0.028234363
10439.106,-0.010843808
10441.013,-0.010705769
10442.92,0.012962206
10444.828,-0.0014645323
10446.735,0.021084043
10448.643,0.0077788017
10450.551,-0.017850846
10452.459,0.036071852
10454.368,0.0082023566
10456.276,0.0049832457
10458.185,0.011848693
10460.094,-0.011537437
10462.003,0.025581159
10463.912,0.021243697
10465.821,-0.013532241
10467.731,-0.0034897442
10469.641,-0.022578393
10471.551,-0.025980261
10473.461,-0.040586102
10475.371,-0.049589196
10477.281,-0.037303267
10479.192,-0.036221313
10481.103,0.0029563871
10483.014,0.01412339
10484.925,0.046579415
10486.836,0.043181605
10488.747,0.021857133
10490.659,0.058796472
10492.571,0.086772734
10494.483,0.058727093
10496.395,0.054211372
10498.307,0.017203161
10500.22,0.021652039
10502.133,0.013776495
10504.045,-0.018748401
10505.958,-0.02102069
10507.872,-0.032256057
10509.785,-0.019961505
10511.699,-0.012148238
10513.612,0.030399429
10515.526,0.060622674
10517.44,0.060594325
10519.355,0.081854999
10521.269,0.069502735
10523.184,0.075078148
10525.098,0.081774518
10527.013,0.068303327
10528.929,0.060434884
10530.844,0.050326053
10532.759,0.017808764
10534.675,0.041314393
10536.591,0.054736494
10538.507,0.046870588
10540.423,0.017716673
10542.339,0.021056263
10544.256,0.038962187
10546.172,0.050145928
10548.089,0.052366592
10550.006,0.034419695
10551.924,0.05680944
10553.841,0.06239297
10555.759,0.093747315
10557.676,0.089247826
10559.594,0.088110188
10561.512,0.11722516
10563.431,0.11160674
10565.349,0.11047063
10567.268,0.10933502
10569.186,0.10259768
10571.105,0.10818577
10573.024,0.11377437
10574.944,0.14737469
10576.863,0.16304834
10578.783,0.19777011
10580.703,0.23137195
10582.623,0.20895188
10584.543,0.20557994
10586.463,0.23806285
10588.384,0.23469193
10590.304,0.24588734
10592.225,0.20890398
10594.146,0.22570264
10596.068,0.26491078
10597.989,0.28059001
10599.911,0.30187199
10601.832,0.27161385
10603.754,0.3242694
10605.676,0.38028679
10607.599,0.40381169
10609.521,0.43742114
10611.444,0.48559692
10613.366,0.52480961
10615.289,0.56514327
10617.213,0.58306847
10619.136,0.59315104
10621.059,0.62004084
10622.983,0.68166504
10624.907,0.71639899
10626.831,0.73768807
10628.755,0.81500006
10630.679,0.85421733
10632.604,0.92928944
10634.529,0.96066458
10636.454,0.98419709
10638.379,1.0794388
10640.304,1.0828043
10642.229,1.1153019
10644.155,1.1354751
10646.081,1.1041082
10648.006,1.165739
10649.933,1.1433366
10651.859,1.1411029
10653.785,1.2083375
10655.712,1.189298
10657.639,1.2072339
10659.566,1.2094839
10661.493,1.2050118
10663.42,1.2330333
10665.348,1.1848647
10667.275,1.1859964
10669.203,1.16584
10671.131,1.1557682
10673.059,1.2039602
10674.988,1.1905281
10676.916,1.1916623
10678.845,1.1547018
10680.774,1.1087782
10682.703,1.117757
10684.632,1.0662322
10686.562,1.0135874
10688.491,0.97102717
10690.421,0.92398564
10692.351,0.92400346
10694.281,0.88032429
10696.211,0.88818626
10698.142,0.88484424
10700.072,0.8736596
10702.003,0.85575278
10703.934,0.81991929
10705.865,0.80649527
10707.797,0.78634907
10709.728,0.75163756
10711.66,0.7438173
10713.592,0.71919083
10715.524,0.72257607
10717.456,0.72372093
10719.388,0.72374584
10721.321,0.67895333
10723.253,0.63640223
10725.186,0.61065835
10727.119,0.57034916
10729.053,0.55805168
10730.986,0.53903201
10732.92,0.47407448
10734.853,0.505476
10736.787,0.46292845
10738.721,0.4506335
10740.656,0.46635027
10742.59,0.4114793
10744.525,0.40814947
10746.46,0.40257924
10748.395,0.40373221
10750.33,0.43177644
10752.265,0.39931698
10754.201,0.40271236
10756.136,0.40274691
10758.072,0.36244584
10760.008,0.35912006
10761.944,0.3120973
10763.881,0.30877254
10765.817,0.31553231
10767.754,0.29764274
10769.691,0.31448756
10771.628,0.31788751
10773.565,0.36498545
10775.503,0.35606149
10777.44,0.35946296
10779.378,0.34829911
10781.316,0.32929264
10783.254,0.31140712
10785.192,0.3260151
10787.131,0.3081306
10789.069,0.29921019
10791.008,0.26339952
10792.947,0.25223923
10794.886,0.25228392
10796.826,0.2355224
10798.765,0.19635243
10800.705,0.17959192
10802.645,0.22333612
10804.585,0.23234694
10806.525,0.23463557
10808.465,0.24924964
10810.406,0.22464854
10812.347,0.25158855
10814.288,0.22586801
10816.229,0.1867026
10818.17,0.18787383
10820.111,0.1643957
10822.053,0.15436347
10823.995,0.17906563
10825.937,0.16791396
10827.879,0.19597848
10829.821,0.16241886
10831.764,0.13558244
10833.706,0.15692579
10835.649,0.10432007
10837.592,0.10325548
10839.535,0.075300636
10841.479,0.040623611
10843.422,0.066451294
10845.366,0.032895732
10847.31,0.044158604
10849.254,0.06326512
10851.198,0.067806318
10853.142,0.081311608
10855.087,0.069047097
10857.032,0.066867127
10858.977,0.070289905
10860.922,0.051304227
10862.867,0.054728019
10864.812,0.034622907
10866.758,0.020120544
10868.704,0.040352581
10870.65,0.046019299
10872.596,0.075215936
10874.542,0.073040531
10876.489,0.08543146
10878.435,0.097822896
10880.382,0.13374425
10882.329,0.13941401
10884.276,0.13051845
10886.224,0.13506878
10888.171,0.13065603
10890.119,0.097112136
10892.067,0.11510936
10894.015,0.074843793
10895.963,0.070433072
10897.911,0.090672717
10899.86,0.062733599
10901.809,0.067287984
10903.758,0.061758844
10905.707,0.028219006
10907.656,0.031654465
10909.605,0.038451776
10911.555,-0.00068878107
10913.505,-0.0062153855
10915.455,-0.0038983454
10917.405,-0.00046034995
10919.355,0.019784875
10921.306,0.020982989
10923.256,0.0020135428
10925.207,0.016658049
10927.158,0.011134995
10929.109,0.017937379
10931.061,0.034824303
10933.012,-0.015515156
10934.964,-0.026638422
10936.916,-0.038881628
10938.868,-0.032076708
10940.82,-0.035355315
10942.773,-0.034151622
10944.725,-0.043031455
10946.678,-0.018297335
10948.631,0.0064372916
10950.584,-0.0080432606
10952.537,-0.015800616
10954.491,0.03470584
10956.444,0.010142776
10958.398,0.036000387
10960.352,0.014799682
10962.306,0.02721293
10964.26,0.054192511
10966.215,0.027391087
10968.17,0.026360478
10970.124,0.021969032
10972.079,0.015337197
10974.035,0.049042003
10975.99,0.0065568406
10977.946,0.023455939
10979.901,0.041475992
10981.857,0.034846693
10983.813,0.060710899
10985.769,0.040637236
10987.726,0.031768563
10989.682,0.066597875
10991.639,0.045405286
10993.596,0.069031131
10995.553,0.035514627
10997.511,0.0031190776
10999.468,0.020023756
11001.426,0.007797288
11003.383,0.0011735687
11005.341,-0.014413229
11007.3,-0.037842656
11009.258,-0.016453649
11011.216,-0.0085095134
11013.175,-0.015130697
11015.134,-0.011667339
11017.093,-0.030612437
11019.052,-0.032750306
11021.011,-0.022562737
11022.971,-0.024699592
11024.931,-0.02571549
11026.891,-0.023369537
11028.851,-0.016541284
11030.811,-0.017555661
11032.771,0.0072007772
11034.732,0.017391897
11036.693,0.021981282
11038.654,0.04225745
11040.615,0.021077542
11042.576,0.01894576
11044.537,0.033621208
11046.499,0.028129096
11048.461,0.025998836
11050.423,0.033953117
11052.385,0.031823872
11054.347,0.038658719
11056.31,0.04773497
11058.273,0.048968591
11060.235,0.016589273
11062.198,0.013342116
11064.162,0.0011318803
11066.125,-0.0054756071
11068.089,-0.0053598983
11070.052,-0.024291301
11072.016,-0.011849648
11073.98,-0.0072506246
11075.945,0.004071595
11077.909,0.0030693919
11079.874,-0.011377682
11081.838,0.0066687484
11083.803,0.013511204
11085.768,0.0091496856
11087.734,0.039522568
11089.699,0.0037895146
11091.665,0.015115792
11093.631,0.0051540616
11095.597,-0.031094837
11097.563,-0.0012368308
11099.529,-0.044207495
11101.496,-0.038998427
11103.462,-0.015861726
11105.429,-0.036422042
11107.396,-0.0099230742
11109.363,0.015455907
11111.331,0.0027401121
11113.298,0.016915535
11115.266,0.019886937
11117.234,0.037424627
11119.202,0.023590229
11121.17,0.034406152
11123.139,0.018331781
11125.107,0.019064594
11127.076,0.045568176
11129.045,0.019411155
11131.014,0.012302215
11132.983,0.017518666
11134.953,0.0014470635
11136.923,0.025712057
11138.892,-0.0049244499
11140.862,-0.0030674977
11142.833,0.0077535014
11144.803,-0.024589081
11146.773,0.0080547412
11148.744,-0.014202988
11150.715,-0.024135378
11152.686,-0.0038152577
11154.657,-0.028312655
11156.629,-0.03600292
11158.6,-0.048174568
11160.572,-0.046900429
11162.544,-0.02097602
11164.516,-0.02082151
11166.488,-0.002739419
11168.461,0.0074999439
11170.433,0.018860164
11172.406,0.045907069
11174.379,0.022534215
11176.352,0.046220594
11178.325,0.044137075
11180.299,0.030849483
11182.272,0.034369023
11184.246,0.044611662
11186.22,0.030204851
11188.194,0.03372562
11190.169,-0.0008484398
11192.143,0.0026731482
11194.118,-0.00052754344
11196.093,-0.021654996
11198.068,-0.0058072499
11200.043,0.017884043
11202.019,0.0034805079
11203.994,0.035015757
11205.97,0.023974386
11207.946,0.025258353
11209.922,0.079203795
11211.898,0.030068414
11213.875,0.010065094
11215.851,0.038241457
11217.828,-0.0075313518
11219.805,0.025127622
11221.782,-0.019523919
11223.759,-0.03392295
11225.737,0.0032190452
11227.715,-0.025744993
11229.692,0.0013137876
11231.67,-0.014204053
11233.649,-0.027480588
11235.627,0.045517796
11237.605,0.012074013
11239.584,0.0055213955
11241.563,0.044907563
11243.542,0.01696453
11245.521,0.074175959
11247.501,0.030547453
11249.48,-0.0074784119
11251.46,-0.005167742
11253.44,-0.017422498
11255.42,-0.01959282
11257.4,-0.026244534
11259.381,-0.034016296
11261.361,-0.013776453
11263.342,-0.014824724
11265.323,-0.00018632126
11267.304,-0.0023542403
11269.286,0.0066827229
11271.267,-0.006688877
11273.249,-0.012216939
11275.231,0.022591534
11277.213,0.014823376
11279.195,0.0025738262
11281.177,0.02505857
11283.16,0.0060871324
11285.142,0.0095250585
11287.125,-0.012806923
11289.108,-0.021693126
11291.092,-0.0036881722
11293.075,0.0042331485
11295.059,-0.010254094
11297.042,0.0032702686
11299.026,-0.0022525875
11301.01,0.019115713
11302.995,0.0046300727
11304.979,-0.0020120302
11306.964,0.0047916456
11308.949,0.011595722
11310.934,0.001593476
11312.919,0.019602835
11314.904,0.010721838
11316.89,-0.010483688
11318.875,-0.0014367132
11320.861,-0.029364128
11322.847,-0.012473215
11324.833,0.013381685
11326.82,-0.012303632
11328.806,0.007949827
11330.793,0.021480998
11332.78,-0.005323566
11334.767,0.032858265
11336.754,0.0015727102
11338.742,-0.020748859
11340.729,-0.010577031
11342.717,-0.013531694
11344.705,0.024970555
11346.693,0.025377896
11348.681,-0.0011051882
11350.67,0.01386864
11352.658,0.016517868
11354.647,0.019167427
11356.636,-0.015157474
11358.625,-0.047241149
11360.615,-0.014338499
11362.604,-0.010567171
11364.594,-0.034806718
11366.584,-0.035516523
11368.574,-0.030623757
11370.564,-0.0033216966
11372.554,0.010535316
11374.545,0.0031041425
11376.535,-0.013290286
11378.526,0.021856232
11380.517,0.018907842
11382.509,0.0013939565
11384.5,0.030939224
11386.492,0.016787343
11388.483,0.019442515
11390.475,0.036663843
11392.468,0.0012244377
11394.46,0.013964634
11396.452,0.027825608
11398.445,-0.0042514626
11400.438,0.026416895
11402.431,0.011147207
11404.424,0.010443676
11406.417,0.026547198
11408.411,0.00567626
11410.404,0.0072146158
11412.398,-0.01477611
11414.392,-0.046850539
11416.387,-0.037468055
11418.381,-0.034807931
11420.375,-0.041111061
11422.37,-0.021643553
11424.365,-0.013380197
11426.36,0.0094493158
11428.355,0.027797366
11430.351,0.027098127
11432.346,0.034242356
11434.342,0.049230053
11436.338,0.04517046
11438.334,0.034388509
11440.331,0.025847784
11442.327,0.019548285
11444.324,0.013249117
11446.321,0.031600139
11448.318,0.025301632
11450.315,0.019003454
11452.312,0.042957707
11454.31,0.047864672
11456.307,0.058374208
11458.305,0.052077351
11460.303,0.033455894
11462.301,0.036123284
11464.3,0.013020695
11466.298,0.0056047105
11468.297,-0.0018109435
11470.296,-0.028273886
11472.295,-0.0087981236
11474.294,-0.030778613
11476.294,-0.06060191
11478.293,-0.026559331
11480.293,-0.025009418
11482.293,-0.025700071
11484.293,-0.015185913
11486.293,-0.022598595
11488.294,-0.0053610874
11490.295,0.015238095
11492.295,0.0028559116
11494.296,0.0072807383
11496.298,0.024030783
11498.299,0.018372151
11500.3,0.027279633
11502.302,0.02610337
11504.304,0.021566049
11506.306,0.033835739
11508.308,0.0046491342
11510.311,-0.0043691161
11512.313,0.019105919
11514.316,0.011208692
11516.319,0.0066730972
11518.322,0.015583168
11520.325,-0.0057585736
11522.329,-0.0013297198
11524.332,-0.0047437156
11526.336,-0.020482354
11528.34,-0.023895774
11530.344,-0.035152044
11532.349,-0.05649206
11534.353,-0.039736551
11536.358,-0.024101202
11538.363,-0.019670047
11540.368,-0.021961293
11542.373,-0.010806874
11544.378,0.012672763
11546.384,0.039514032
11548.389,0.037223937
11550.395,0.038295473
11552.401,0.044969538
11554.407,0.025873582
11556.414,0.023584637
11558.42,0.005609705
11560.427,0.01900761
11562.434,0.0099968381
11564.441,-0.0068567828
11566.448,0.0031806401
11568.456,0.015459247
11570.464,0.0019678336
11572.471,0.0097652232
11574.479,-0.0093278559
11576.487,-0.0093730283
11578.496,0.009629706
11580.504,-0.018426096
11582.513,-0.010627268
11584.522,0.0072558812
11586.531,0.0060916989
11588.54,0.015011838
11590.549,0.016089127
11592.559,-0.0018809149
11594.569,0.0059196388
11596.578,0.00027510194
11598.588,-0.0053691472
11600.599,-0.017735798
11602.609,-0.02449992
11604.62,-0.0099752388
11606.63,0.019115556
11608.641,0.031399916
11610.652,0.024636945
11612.664,0.018994709
11614.675,0.039123069
11616.687,0.028999616
11618.699,0.031201381
11620.711,-0.0046918051
11622.723,-0.023777981
11624.735,-0.0092504232
11626.748,-0.023854231
11628.76,-0.023891924
11630.773,-0.029531571
11632.786,-0.050857205
11634.799,-0.027364623
11636.813,-0.0374852
11638.826,-0.0072693545
11640.84,0.011742297
11642.854,0.018125772
11644.868,0.051400266
11646.882,0.052182023
11648.897,0.072011661
11650.911,0.077275734
11652.926,0.036601693
11654.941,0.021698221
11656.956,-0.018975297
11658.971,-0.039480487
11660.987,-0.027492418
11663.002,-0.062562911
11665.018,-0.038249389
11667.034,-0.030742329
11669.05,-0.02099411
11671.067,0.0078019882
11673.083,-0.00037644173
11675.1,0.0082521125
11677.117,0.0067968944
11679.134,0.0075828342
11681.151,0.0072485871
11683.168,0.0091554978
11685.186,0.0233876
11687.203,0.029776826
11689.221,0.031684521
11691.239,0.036953822
11693.258,0.031018902
11695.276,0.035168278
11697.295,0.032595225
11699.313,0.022179297
11701.332,0.014004527
11703.352,0.0058300179
11705.371,0.030148768
11707.39,0.021974781
11709.41,0.039571365
11711.43,0.048204624
11713.45,0.057958593
11715.47,0.090121787
11717.49,0.076346867
11719.511,0.064813104
11721.531,0.066724982
11723.552,0.057432638
11725.573,0.059345038
11727.595,0.029885151
11729.616,0.022834488
11731.637,0.028109017
11733.659,0.023299773
11735.681,0.030815721
11737.703,0.0035980368
11739.725,-0.013535353
11741.748,0.0085472059
11743.77,-0.013067453
11745.793,-0.013393336
11747.816,-0.014839405
11749.839,-0.03645328
11751.863,-0.016610311
11753.886,-0.0023693215
11755.91,-0.020621068
11757.934,-0.003018211
11759.958,-0.0011013673
11761.982,-0.02495457
11764.006,-0.011832722
11766.031,-0.03680585
11768.055,-0.040490202
11770.08,-0.035210707
11772.105,-0.057942155
11774.13,-0.021289588
11776.156,-0.016009308
11778.181,-0.00064473386
11780.207,0.018081446
11782.233,-0.0046486944
11784.259,0.023041594
11786.285,0.021600491
11788.312,-0.0033697616
11790.338,-0.008171686
11792.365,-0.035382313
11794.392,-0.039063266
11796.419,-0.0024078238
11798.446,-0.013931392
11800.474,0.0059178507
11802.502,0.0078401837
11804.529,0.038894431
11806.557,0.058744457
11808.586,0.060667575
11810.614,0.043543334
11812.642,0.055551008
11814.671,0.019379671
11816.7,0.033628764
11818.729,0.017626017
11820.758,0.0061053245
11822.788,0.03940282
11824.817,0.027882651
11826.847,-0.0026848768
11828.877,0.035095196
11830.907,-0.023483013
11832.937,-0.00026824377
11834.968,-0.0073053139
11836.998,-0.04683512
11839.029,-0.0079332918
11841.06,-0.014969578
11843.091,-0.034330532
11845.123,-0.010663318
11847.154,-0.046379654
11849.186,-0.012627998
11851.218,-0.0091282394
11853.25,-0.031398585
11855.282,-0.0066099027
11857.314,-0.010952669
11859.347,0.018318213
11861.379,0.02293944
11863.412,0.014115493
11865.445,0.029941609
11867.478,0.0020704509
11869.512,0.0078129418
11871.545,0.012435188
11873.579,-0.0053513244
11875.613,0.02392119
11877.647,-0.010671638
11879.681,0.0073968032
11881.716,0.037790378
11883.75,0.039052504
11885.785,0.051519316
11887.82,0.035975127
11889.855,0.040599209
11891.891,0.062030219
11893.926,0.02295723
11895.962,0.02422058
11897.998,-0.00028617429
11900.034,0.024506995
11902.07,0.028011853
11904.106,0.0046261593
11906.143,0.027179045
11908.18,0.0049142065
11910.216,0.011781225
11912.253,0.016407551
11914.291,-0.018181605
11916.328,0.020058575
11918.366,0.013481031
11920.403,0.0057832434
11922.441,0.041783139
11924.479,0.0049541061
11926.518,0.031990824
11928.556,0.024293852
11930.595,-0.0024505352
11932.634,0.02122545
11934.673,-0.015602563
11936.712,-0.0031306515
11938.751,-0.0052243626
11940.791,-0.040931315
11942.83,-0.031820137
11944.87,-0.045117717
11946.91,-0.053933302
11948.95,-0.031376133
11950.991,-0.039070861
11953.031,-0.0053088028
11955.072,0.013887633
11957.113,0.025241136
11959.154,0.029872154
11961.195,0.024419342
11963.236,0.023448527
11965.278,0.028080156
11967.32,0.029350646
11969.362,0.019416857
11971.404,0.024049098
11973.446,0.047729163
11975.489,0.014266575
11977.531,0.023381221
11979.574,-0.0011173743
11981.617,-0.025615766
11983.66,-0.014259611
11985.704,-0.014107734
11987.747,-0.012835205
11989.791,0.0097260429
11991.835,0.013239876
11993.879,0.022356154
11995.923,0.025870395
11997.967,0.033866633
12000.012,0.011610974
12002.056,0.026330309
12004.101,0.028724918
12006.146,0.0087107673
12008.192,0.034635196
12010.237,0.020223694
12012.283,0.038305393
12014.328,0.035098781
12016.374,0.0016402722
12018.42,0.024204376
12020.467,0.0097938942
12022.513,-0.0046163838
12024.56,0.017948332
12026.607,-0.0076660198
12028.654,0.00033327777
12030.701,-0.0028717025
12032.748,0.00064621023
12034.796,0.010887016
12036.843,0.0054417513
12038.891,0.0044784833
12040.939,-0.014411752
12042.987,0.023841075
12045.036,0.0015899031
12047.084,-0.028504202
12049.133,-0.0098768543
12051.182,-0.023742349
12053.231,-0.0039942443
12055.28,-0.014498085
12057.33,-0.045169839
12059.379,-0.0041327536
12061.429,-0.0056725447
12063.479,0.011835438
12065.529,0.013657301
12067.579,-0.00020695567
12069.63,0.026265077
12071.681,0.0034375443
12073.731,0.010862267
12075.782,0.022768938
12077.834,0.0021827662
12079.885,0.02417378
12081.936,-0.0087370121
12083.988,0.012133863
12086.04,0.045329823
12088.092,0.0023354617
12090.144,-0.0014430587
12092.197,-0.01418501
12094.249,-0.0022769459
12096.302,0.015233514
12098.355,0.0013715788
12100.408,0.0054369697
12102.461,-0.00058151826
12104.515,0.0034841822
12106.568,-0.008136237
12108.622,-0.038804121
12110.676,-0.0089676475
12112.73,-0.027310291
12114.784,-0.032207402
12116.839,-0.0023704651
12118.893,0.0061781117
12120.948,0.048340289
12123.003,0.051286934
12125.058,0.025102082
12127.114,0.041494415
12129.169,0.023153009
12131.225,0.023859378
12133.281,0.026806797
12135.337,0.010706752
12137.393,-0.0031522416
12139.45,0.024445502
12141.506,-0.00285856
12143.563,0.018016804
12145.62,0.038892323
12147.677,0.00038424363
12149.734,0.02238052
12151.792,0.042136056
12153.849,0.0036284405
12155.907,0.041311456
12157.965,0.00056325414
12160.023,0.0068740304
12162.081,0.031112132
12164.14,0.0049302211
12166.199,0.032529977
12168.257,0.030998235
12170.316,0.037309786
12172.376,0.053705524
12174.435,0.012958561
12176.494,0.040559091
12178.554,0.032305434
12180.614,0.013967898
12182.674,0.015798584
12184.734,0.0041840473
12186.795,0.030664903
12188.855,0.019050676
12190.916,0.0029548104
12192.977,0.014870304
12195.038,0.0032565412
12197.099,0.040942653
12199.161,0.011402028
12201.222,0.01211366
12203.284,0.015066342
12205.346,-0.0010284396
12207.408,-0.0025572403
12209.471,-0.015290368
12211.533,-0.017939307
12213.596,-0.017226747
12215.659,-0.040043444
12217.722,-0.010198922
12219.785,-0.01396769
12221.848,-0.013254511
12223.912,0.0020246495
12225.975,-0.01070724
12228.039,0.01689716
12230.103,0.019851855
12232.168,0.020565808
12234.232,0.029123053
12236.297,0.047764487
12238.361,0.015985907
12240.426,0.015580032
12242.491,0.010692518
12244.557,0.014768744
12246.622,0.02220647
12248.688,0.026283006
12250.753,0.004589389
12252.819,0.028834302
12254.886,0.018345476
12256.952,0.012338598
12259.018,0.013054563
12261.085,0.0003253055
12263.152,0.0088847179
12265.219,-0.0027237822
12267.286,0.020401766
12269.353,0.011034472
12271.421,0.0218354
12273.489,0.011347967
12275.557,0.0019811375
12277.625,0.027348356
12279.693,0.012379595
12281.761,0.0074950225
12283.83,0.0059719492
12285.899,-0.022441726
12287.968,0.020853438
12290.037,0.017089933
12292.106,0.011085686
12294.175,0.048779073
12296.245,0.029329757
12298.315,0.074866591
12300.385,0.08342879
12302.455,0.056136802
12304.525,0.066940206
12306.596,0.01948046
12308.667,0.020200141
12310.737,0.016438184
12312.808,-0.011973479
12314.88,-4.8852054e-005
12316.951,-0.021737516
12319.023,-0.017655717
12321.094,-0.016935107
12323.166,-0.040864203
12325.238,-0.015493424
12327.31,-0.043904003
12329.383,-0.018532915
12331.455,-0.01220929
12333.528,-0.013728649
12335.601,-0.024211437
12337.674,-0.020128245
12339.748,-0.018285794
12341.821,-0.0074796036
12343.895,-0.013479981
12345.968,-0.00043258364
12348.042,-0.01315534
12350.117,0.0032537109
12352.191,-0.0083482878
12354.265,-0.014347891
12356.34,-0.010263305
12358.415,-0.01810793
12360.49,-0.022591116
12362.565,-0.031556001
12364.641,0.012140272
12366.716,0.015500505
12368.792,0.0098972459
12370.868,0.034546182
12372.944,-0.0024294379
12375.02,0.013256101
12377.097,0.032303078
12379.173,0.0065322213
12381.25,0.046867902
12383.327,0.030060819
12385.404,0.045746827
12387.481,0.059192033
12389.559,0.024458061
12391.636,0.045746592
12393.714,0.019976393
12395.792,0.011013011
12397.87,0.016615549
12399.949,-0.016997505
12402.027,0.00765284
12404.106,0.012135212
12406.185,-0.018116216
12408.264,0.016618445
12410.343,-0.0091510024
12412.422,-0.0091500476
12414.502,-0.0013058615
12416.582,-0.022593234
12418.662,0.0065396553
12420.742,0.0087818823
12422.822,0.0054219624
12424.902,0.021109755
12426.983,0.041279435
12429.064,0.041281142
12431.145,0.048005631
12433.226,0.055850662
12435.307,0.05025041
12437.389,0.045770699
12439.47,0.051375116
12441.552,0.02448663
12443.634,0.033452579
12445.716,0.042418623
12447.799,0.0020850402
12449.881,0.039062476
12451.964,-0.00015047064
12454.047,0.016659086
12456.13,0.040191425
12458.213,-0.012466618
12460.296,0.018909047
12462.38,0.00098508533
12464.464,-0.024781919
12466.548,0.021159853
12468.632,-0.042702202
12470.716,-0.020289653
12472.8,0.003243438
12474.885,-0.034848027
12476.97,0.012214663
12479.055,-0.0045880983
12481.14,0.013343127
12483.225,0.044719825
12485.311,-0.0023347554
12487.396,0.032403475
12489.482,0.0088784937
12491.568,0.015605707
12493.654,0.022333015
12495.741,-0.014637062
12497.827,-0.0090300152
12499.914,-6.1529398e-005
12502.001,-0.0045383278
12504.088,0.036923343
12506.175,0.017880906
12508.262,0.01340439
12510.35,0.0089279668
12512.438,-0.0011506028
12514.526,0.011179885
12516.614,0.011185537
12518.702,-0.016819922
12520.79,-0.0056096002
12522.879,-0.0078445629
12524.968,4.6019436e-006
12527.057,0.0078538607
12529.146,0.0089805244
12531.235,0.013468627
12533.325,0.0033909963
12535.414,0.0022770454
12537.504,0.023572152
12539.594,0.0090130109
12541.684,0.019103824
12543.775,0.0034244222
12545.865,-0.031302504
12547.956,0.0034384502
12550.047,-0.0088793249
12552.138,-0.025678799
12554.229,-0.0043829406
12556.321,-0.026784468
12558.412,-0.0021270769
12560.504,0.0079645813
12562.596,0.0068518516
12564.688,0.020305042
12566.78,0.0046266741
12568.873,0.019200501
12570.965,0.031533525
12573.058,-0.0020717322
12575.151,0.041634029
12577.244,0.02035389
12579.338,0.010278326
12581.431,0.033816302
12583.525,0.0058137552
12585.619,0.011424748
12587.713,0.019276731
12589.807,-0.0020028447
12591.901,0.0047288781
12593.996,0.015942487
12596.09,0.019313054
12598.185,0.023804162
12600.28,0.023813571
12602.376,0.029425315
12604.471,0.01262819
12606.567,0.012637881
12608.662,0.0048045292
12610.758,-0.010871866
12612.854,-0.0041392041
12614.951,-0.016454067
12617.047,-0.015323458
12619.144,-0.013072307
12621.241,-0.030989129
12623.338,-0.033219582
12625.435,-0.017522771
12627.532,-0.0063076588
12629.63,-0.0053009803
12631.727,0.017616779
12633.825,0.023105438
12635.923,0.019879594
12638.021,0.034083038
12640.12,0.021271325
12642.218,0.018917223
12644.317,0.0069771577
12646.416,-0.0084486522
12648.515,0.017084237
12650.614,-0.0035701428
12652.714,-0.0067952352
12654.813,-0.0065343949
12656.913,-0.021088275
12659.013,-0.0051409727
12661.113,-0.00052255213
12663.213,-0.0037471748
12665.314,0.01045749
12667.414,-0.011939058
12669.515,-0.0108061
12671.616,-0.0054480405
12673.717,-0.0088044947
12675.819,0.0052683279
12677.92,-0.0015737991
12680.022,-0.0014441657
12682.124,0.019600583
12684.226,0.0040441084
12686.328,0.0050454504
12688.43,0.013018553
12690.533,7.6705926e-005
12692.636,0.0019497566
12694.738,0.0020799709
12696.842,0.016153623
12698.945,0.012798165
12701.048,0.0033425712
12703.152,0.0095733352
12705.256,0.0044752061
12707.36,-0.0023657593
12709.464,0.0099654715
12711.568,0.005739051
12713.672,0.013713149
12715.777,-9.9161866e-005
12717.882,0.00090342477
12719.987,0.0088777719
12722.092,0.0063946858
12724.197,0.019597957
12726.303,0.030186932
12728.409,0.010274901
12730.514,0.032193018
12732.62,0.0070523948
12734.727,0.0080556452
12736.833,0.0029587607
12738.94,-0.016952856
12741.046,-0.0028774609
12743.153,-0.0079740965
12745.26,-0.021785246
12747.368,-0.0024808442
12749.475,-0.001477013
12751.583,0.0012698206
12753.69,0.013602794
12755.798,0.029421689
12757.906,0.028682932
12760.015,0.02445842
12762.123,0.029820048
12764.232,0.043024896
12766.341,0.032700415
12768.45,0.013661419
12770.559,0.028609436
12772.668,0.017413744
12774.778,0.0053466751
12776.887,0.0019942865
12778.997,-0.0013580192
12781.107,-0.007324621
12783.218,-0.020262817
12785.328,-0.011414438
12787.439,-0.019123711
12789.549,-0.015503924
12791.66,-0.017984272
12793.771,-0.018721618
12795.883,-0.00028676734
12797.994,-0.013224383
12800.106,0.0017247947
12802.217,0.0044736196
12804.329,0.013322745
12806.441,0.019557575
12808.554,0.001391616
12810.666,0.01111245
12812.779,-0.00095312472
12814.892,-0.011275697
12817.005,-0.0076548321
12819.118,-0.031920594
12821.231,-0.025685184
12823.345,-0.039493263
12825.458,-0.02454309
12827.572,-0.0095928336
12829.686,-0.025143584
12831.801,-0.0075787824
12833.915,-0.01441477
12836.03,-0.012536077
12838.144,0.0050289733
12840.259,0.006907832
12842.374,0.021858669
12844.49,0.023737694
12846.605,0.012544906
12848.721,0.044053726
12850.836,0.039832782
12852.952,0.049555275
12855.069,0.067120989
12857.185,0.036756503
12859.301,0.031664431
12861.418,0.026572442
12863.535,-0.0072776344
12865.652,0.017260172
12867.769,-0.017461198
12869.886,-0.022552855
12872.004,-0.020672752
12874.122,-0.043193437
12876.24,-0.00732624
12878.358,-0.0028315087
12880.476,-0.01228005
12882.594,0.024458856
12884.713,-0.0059045514
12886.832,-0.0040238674
12888.951,0.0091858757
12891.07,-0.013334146
12893.189,0.019047876
12895.308,0.0017567791
12897.428,-0.00071942051
12899.548,0.015105116
12901.668,-0.013514708
12903.788,0.017996269
12905.908,0.0198777
12908.029,0.0078158588
12910.149,0.038455625
12912.27,0.0089647561
12914.391,0.013460898
12916.512,-0.0012149907
12918.634,-0.012404958
12920.755,0.017363764
12922.877,-0.0051550126
12924.999,0.0045703021
12927.121,0.019524458
12929.243,0.0048490673
12931.366,0.034618204
12933.488,0.026914657
12935.611,0.05494104
12937.734,0.055952256
12939.857,0.031691223
12941.98,0.050131799
12944.104,0.039814287
12946.227,0.028625399
12948.351,0.032251408
12950.475,0.012348089
12952.599,0.0281747
12954.724,0.010885926
12956.848,-0.0037883858
12958.973,0.0033238774
12961.098,-0.0087358897
12963.223,-0.00075200084
12965.348,0.014203649
12967.473,0.0056299692
12969.599,-0.0012007079
12971.724,-0.010645681
12973.85,-0.016604732
12975.976,-0.0016486682
12978.103,0.0045928821
12980.229,-0.012694896
12982.356,-0.0055817206
12984.482,-0.026355172
12986.609,-0.0087843137
12988.737,-0.0072702302
12990.864,0.00034412387
12992.991,0.020158966
12995.119,-0.00011328469
12997.247,0.0014010094
12999.375,0.013372872
13001.503,0.005301215
13003.631,0.021630482
13005.76,-0.0029988045
13007.888,0.008973269
13010.017,-0.0051983957
13012.146,-0.015884169
13014.275,0.011774337
13016.405,-0.014597606
13018.534,0.013061005
13020.664,0.022419016
13022.794,0.0091191263
13024.924,0.031549137
13027.054,0.004305998
13029.185,0.026736114
13031.315,0.025636871
13033.446,0.010594326
13035.577,0.046096495
13037.708,0.019725079
13039.839,0.016883127
13041.971,0.021012905
13044.103,0.0085850015
13046.234,0.030144079
13048.366,0.017716281
13050.499,0.013131673
13052.631,0.008547117
13054.763,-0.0021376038
13056.896,0.0037354622
13059.029,-0.0025918549
13061.162,0.0032813164
13063.295,0.0056687015
13065.429,0.016770736
13067.562,0.0078292504
13069.696,0.0067309546
13071.83,0.021318986
13073.964,0.0088918194
13076.098,0.0043078426
13078.233,0.020638951
13080.367,0.01605508
13082.502,0.04371527
13084.637,0.031288366
13086.772,0.03454779
13088.907,0.036935806
13091.043,0.021894682
13093.178,0.031254481
13095.314,0.031028276
13097.45,0.019473148
13099.586,0.014018291
13101.723,-0.014094466
13103.859,-0.019549218
13105.996,-0.010189103
13108.133,-0.0086720727
13110.27,0.012017124
13112.407,0.0022052834
13114.544,-0.0058635848
13116.682,0.0052397128
13118.82,-0.0054434293
13120.958,0.00043121544
13123.096,-0.0032801439
13125.234,-0.002634152
13127.372,-0.0098312449
13129.511,-0.022257043
13131.65,-0.0024387803
13133.789,0.012150777
13135.928,0.012797032
13138.067,0.016057719
13140.207,0.026290136
13142.346,0.028679468
13144.486,0.018868417
13146.626,0.025615153
13148.766,0.031490482
13150.907,0.029522726
13153.047,0.024069184
13155.188,0.020358614
13157.329,0.029719992
13159.47,0.0033515753
13161.611,0.020556196
13163.753,0.009874159
13165.894,0.014006989
13168.036,0.018139873
13170.178,0.0013577755
13172.32,0.020305579
13174.462,0.018338402
13176.605,0.012013979
13178.747,0.028347561
13180.89,-0.0041205475
13183.033,0.015698978
13185.176,0.0032745484
13187.319,-0.016121507
13189.463,-0.0024020407
13191.607,-0.027898208
13193.75,-0.047294106
13195.894,-0.030088643
13198.039,-0.03466962
13200.183,-0.017464052
13202.327,-0.028200638
13204.472,-0.015407764
13206.617,0.00087099705
13208.762,0.0014635317
13210.907,0.010770711
13213.053,0.015720641
13215.198,0.00062704511
13217.344,0.0099343691
13219.49,0.028827798
13221.636,0.025063323
13223.782,0.031756412
13225.929,0.016663057
13228.075,0.0015697502
13230.222,0.010877363
13232.369,0.010598967
13234.516,0.032107112
13236.664,0.026600054
13238.811,0.025450343
13240.959,0.045215713
13243.107,0.020536686
13245.255,0.031587555
13247.403,0.045252851
13249.551,0.026674187
13251.7,0.050797095
13253.848,0.020018091
13255.997,0.019740225
13258.146,0.015976568
13260.296,-0.013059373
13262.445,0.028492971
13264.595,0.0195007
13266.744,0.022708912
13268.894,0.03550323
13271.044,0.015182127
13273.195,0.054991792
13275.345,0.039899543
13277.496,0.040493618
13279.647,0.057645474
13281.798,0.032967314
13283.949,0.051862186
13286.1,0.034155799
13288.252,0.042593252
13290.403,0.041444695
13292.555,0.020252614
13294.707,0.038276267
13296.859,0.012726984
13299.012,0.029007814
13301.164,0.010430304
13303.317,-0.013375916
13305.47,0.0046479781
13307.623,-0.0052147902
13309.776,0.018037958
13311.93,0.016018423
13314.083,0.013998936
13316.237,0.03289453
13318.391,0.010831567
13320.545,0.029727257
13322.699,0.050365915
13324.854,0.042246451
13327.008,0.043713092
13329.163,0.025136207
13331.318,0.013531049
13333.473,0.037655786
13335.629,0.029536563
13337.784,0.031874904
13339.94,0.031598914
13342.096,0.0060506406
13344.252,0.010132045
13346.408,0.0028845222
13348.564,-0.0026200335
13350.721,0.01627633
13352.878,-0.022343597
13355.034,-0.0017042179
13357.192,-0.012437339
13359.349,-0.0031268395
13361.506,0.012283926
13363.664,0.0093940864
13365.822,0.017833271
13367.979,0.022786664
13370.138,0.024254268
13372.296,0.039665274
13374.454,0.026318158
13376.613,0.056544076
13378.772,0.046682895
13380.931,0.047279279
13383.09,0.061819066
13385.249,0.048472191
13387.409,0.046454341
13389.569,0.042693618
13391.728,0.031089807
13393.888,0.043886916
13396.049,0.022697144
13398.209,0.025908292
13400.37,0.029119488
13402.53,0.013158619
13404.691,0.018112831
13406.852,0.022195631
13409.014,0.014078043
13411.175,0.033847214
13413.337,0.012657827
13415.498,0.030684175
13417.66,0.032152837
13419.822,0.030135708
13421.985,0.040319063
13424.147,0.040044949
13426.31,0.042385263
13428.473,0.046468544
13430.636,0.049680414
13432.799,0.042434815
13434.962,0.029960507
13437.126,0.030558142
13439.289,0.012855171
13441.453,0.016067282
13443.617,0.028865497
13445.781,0.021620187
13447.946,0.049233313
13450.11,0.052445616
13452.275,0.072215701
13454.44,0.071942261
13456.605,0.064697192
13458.77,0.071395526
13460.936,0.061536174
13463.101,0.052548329
13465.267,0.049660751
13467.433,0.031958406
13469.599,0.019484867
13471.766,0.028797869
13473.932,0.038982379
13476.099,0.024766065
13478.266,0.046279647
13480.433,0.023348832
13482.6,0.037890833
13484.767,0.047204124
13486.935,0.038216809
13489.102,0.029229542
13491.27,0.02808546
13493.438,0.01648391
13495.607,0.044969555
13497.775,0.035111021
13499.943,0.056625084
13502.112,0.060710001
13504.281,0.043008474
13506.45,0.048836407
13508.62,0.055535848
13510.789,0.049163441
13512.959,0.068063414
13515.128,0.04164753
13517.298,0.05706176
13519.468,0.055046845
13521.639,0.035602783
13523.809,0.056245916
13525.98,0.032444652
13528.151,0.036530147
13530.322,0.03974423
13532.493,0.01681457
13534.664,0.044429621
13536.836,0.027600275
13539.008,0.020357035
13541.179,0.024442818
13543.351,0.015456754
13545.524,0.039586207
13547.696,0.0271144
13549.869,0.0085424238
13552.041,0.030057642
13554.214,-0.00071467415
13556.387,0.0094716639
13558.561,0.01965805
13560.734,0.0080579919
13562.908,0.018244474
13565.082,0.002287214
13567.256,0.0098594135
13569.43,0.030503557
13571.604,0.007574763
13573.779,0.020375865
13575.953,0.014004902
13578.128,-0.0036949891
13580.303,0.011626244
13582.478,0.0069039447
13584.654,0.02048234
13586.829,0.018374501
13589.005,0.0040662663
13591.181,-0.0006558708
13593.357,-0.018449863
13595.533,-0.041472572
13597.709,-0.031379773
13599.886,-0.042201966
13602.063,-0.043438061
13604.24,-0.056874552
13606.417,-0.04765305
13608.594,-0.05934654
13610.772,-0.044024739
13612.949,-0.014759542
13615.127,0.0023052591
13617.305,0.012398424
13619.483,0.01900579
13621.661,0.018641519
13623.84,0.034835023
13626.019,0.021398938
13628.197,0.035849604
13630.376,0.027642358
13632.556,0.012463475
13634.735,0.016456746
13636.915,0.0056352427
13639.094,0.011371514
13641.274,0.012750528
13643.454,0.002800606
13645.634,0.0076655395
13647.815,-0.0022843012
13649.995,0.010423851
13652.176,0.010931607
13654.357,0.014925243
13656.538,0.0067184843
13658.72,0.0046119836
13660.901,0.0033769832
13663.083,-0.0074440334
13665.264,0.0026500233
13667.446,0.00054368484
13669.629,-0.00069115338
13671.811,-0.00018303166
13673.993,-0.010132386
13676.176,0.017391068
13678.359,-0.0082444798
13680.542,0.007078619
13682.725,0.011072782
13684.909,0.0028665504
13687.092,0.02167561
13689.276,-0.0030882754
13691.46,0.0096206471
13693.644,0.0049004162
13695.828,-0.005919992
13698.012,0.025961165
13700.197,-0.0014168958
13702.382,0.0025776325
13704.567,0.0039578223
13706.752,-0.017319899
13708.937,0.021533138
13711.123,0.0046127962
13713.308,0.013836285
13715.494,0.0056306213
13717.68,-0.023490035
13719.866,0.0022913103
13722.053,0.0062862036
13724.239,-0.0001763789
13726.426,0.032576765
13728.613,-0.0043868252
13730.8,0.021394723
13732.987,0.02190398
13735.174,0.021541818
13737.362,0.038608891
13739.55,0.041732649
13741.737,0.052699585
13743.926,0.061052182
13746.114,0.033674973
13748.302,0.048127869
13750.491,0.031208257
13752.68,0.02823204
13754.869,0.047042357
13757.058,0.043194762
13759.247,0.038475748
13761.436,0.019813419
13763.626,0.020323244
13765.816,0.041748142
13768.006,0.051844105
13770.196,0.052354052
13772.386,0.040663604
13774.577,0.025487357
13776.768,0.026868885
13778.959,0.029121914
13781.15,0.032246442
13783.341,0.015327439
13785.532,0.01409475
13787.724,0.011990642
13789.915,0.017729712
13792.107,0.043512396
13794.299,0.052737385
13796.492,0.052376359
13798.684,0.039814938
13800.877,0.040325452
13803.07,0.050422064
13805.263,0.030889087
13807.456,0.013970529
13809.649,0.0040236898
13811.842,-0.0059231092
13814.036,-0.014998408
13816.23,0.010784722
13818.424,-0.010490932
13820.618,0.015292279
13822.812,0.0062171427
13825.007,0.0041137244
13827.202,0.036868734
13829.397,0.010364526
13831.592,0.0030324708
13833.787,0.0052865131
13835.982,-0.029060711
13838.178,0.0089232598
13840.373,-0.019323666
13842.569,0.0073314105
13844.766,0.021786091
13846.962,-0.007332172
13849.158,0.038495139
13851.355,0.033777828
13853.552,0.035160776
13855.749,0.060944636
13857.946,0.023111978
13860.143,0.04453862
13862.341,0.037207133
13864.538,0.02203255
13866.736,0.05478829
13868.934,0.041356706
13871.132,0.054940414
13873.331,0.066781243
13875.529,0.040277886
13877.728,0.066062151
13879.927,0.050016392
13882.126,0.058371544
13884.325,0.069341116
13886.524,0.047195261
13888.724,0.056421994
13890.924,0.053448333
13893.124,0.046117414
13895.324,0.060573028
13897.524,0.049756351
13899.724,0.070312263
13901.925,0.047295232
13904.126,0.043450354
13906.327,0.036119678
13908.528,0.020074446
13910.729,0.04498786
13912.931,0.037657305
13915.132,0.032069711
13917.334,0.028225077
13919.536,0.011308588
13921.738,0.026636148
13923.941,0.034120611
13926.143,0.048576792
13928.346,0.059547176
13930.549,0.024330236
13932.752,0.041400918
13934.955,0.050628503
13937.159,0.056370291
13939.362,0.049911683
13941.566,0.041710196
13943.77,0.03438021
13945.974,0.011363989
13948.178,0.011877221
13950.383,0.012390494
13952.587,0.0024462904
13954.792,-0.0083693321
13956.997,0.0026015784
13959.202,0.00050063402
13961.408,-0.0024717295
13963.613,0.0032705445
13965.819,0.032542271
13968.025,0.033055868
13970.231,0.037926804
13972.437,0.030597344
13974.643,0.018039168
13976.85,0.016810007
13979.056,0.016452347
13981.263,0.01173743
13983.47,0.014865689
13985.678,0.0023077155
13987.885,-0.0050214599
13990.093,0.010307357
13992.3,0.016050159
13994.508,0.015692783
13996.716,0.030150262
13998.925,0.014978152
14001.133,0.030307172
14003.342,0.036921636
14005.551,0.012163591
14007.76,0.03707879
14009.969,0.014063745
14012.178,0.0076064759
14014.388,0.039493474
14016.597,0.0060210346
14018.807,0.037908113
14021.017,0.012278893
14023.227,0.0023359874
14025.438,0.035966107
14027.648,0.00075095167
14029.859,0.01259466
14032.07,0.017466732
14034.281,0.012752787
14036.492,0.035925594
14038.704,0.027725891
14040.915,0.038698343
14043.127,0.03572748
14045.339,0.02578498
14047.551,0.033271715
14049.763,0.045987248
14051.976,0.042145088
14054.189,0.022616693
14056.401,0.015288775
14058.614,0.0097038172
14060.827,0.013704956
14063.041,0.012477378
14065.254,0.005149622
14067.468,0.013508181
14069.682,-0.000791171
14071.896,0.00582455
14074.11,0.014183231
14076.324,0.00075546002
14078.539,0.01434298
14080.754,0.021830323
14082.969,0.011888513
14085.184,0.024604695
14087.399,0.007691288
14089.614,0.0038498171
14091.83,0.0087229837
14094.046,0.0083674327
14096.262,0.0149836
14098.478,0.0006847748
14100.694,-0.0066423321
14102.911,0.011302933
14105.127,-0.0064816094
14107.344,0.016692495
14109.561,0.0076226306
14111.778,0.0063959444
14113.996,0.010398057
14116.213,0.010914371
14118.431,0.014916565
14120.649,0.0023610647
14122.867,-0.0014797979
14125.085,-0.0044491602
14127.303,-0.010904321
14129.522,0.012270189
14131.741,0.012786787
14133.96,0.013303426
14136.179,0.014691565
14138.398,0.0038793086
14140.617,0.013982126
14142.837,0.022342064
14145.057,0.021115986
14147.277,0.028604546
14149.497,0.017792492
14151.717,0.007851939
14153.938,0.007497483
14156.158,-0.0059288278
14158.379,-0.00018298478
14160.6,0.017763335
14162.821,0.0052086051
14165.043,0.016183328
14167.264,0.0036286796
14169.486,0.0067603463
14171.708,-0.0023083822
14173.93,-0.01050561
14176.152,0.0074409928
14178.374,0.0053440636
14180.597,0.0049900943
14182.82,-0.0032069717
14185.043,0.0058639594
14187.266,0.0044774021
14189.489,-0.0073666436
14191.712,0.0008329116
14193.936,-0.0049108604
14196.16,0.0076460491
14198.384,0.0053881717
14200.608,-0.013427412
14202.832,0.0034868798
14205.057,-0.018814487
14207.281,-0.02804393
14209.506,-0.012872474
14211.731,-0.0072870465
14213.956,0.0017842476
14216.182,-0.0030877855
14218.407,0.0077264838
14220.633,0.018540781
14222.859,0.024997808
14225.085,0.036683621
14227.311,0.038783405
14229.537,0.046983435
14231.764,0.036882839
14233.991,0.041597086
14236.218,0.030625086
14238.445,0.029239171
14240.672,0.026110364
14242.9,0.0038094725
14245.127,0.017238456
14247.355,0.02282433
14249.583,0.011852498
14251.811,0.022667186
14254.039,0.01169541
14256.268,0.022510154
14258.497,0.02199595
14260.725,0.009281338
14262.954,0.017481787
14265.184,0.016967666
14267.413,0.02691109
14269.642,0.0072249126
14271.872,0.006710876
14274.102,0.012297085
14276.332,-0.010003388
14278.562,-0.015746099
14280.793,-0.0049310476
14283.023,-0.014159542
14285.254,-0.00073005541
14287.485,-0.0038582756
14289.716,0.018285863
14291.947,0.035201272
14294.179,0.036430434
14296.41,0.052474439
14298.642,0.04324614
14300.874,0.047961225
14303.106,0.053547797
14305.339,0.047805421
14307.571,0.039448694
14309.804,0.031091995
14312.037,0.020120945
14314.27,0.0013067853
14316.503,0.015608122
14318.736,0.016837591
14320.97,0.020681467
14323.204,0.036725807
14325.437,0.01094011
14327.672,0.032213264
14329.906,0.025599735
14332.14,0.0085287183
14334.375,0.042873851
14336.61,0.0092451562
14338.844,0.020060933
14341.08,0.017804843
14343.315,-0.0053662521
14345.55,0.016778585
14347.786,0.0014506828
14350.022,0.0079093011
14352.258,0.011753568
14354.494,-0.018389065
14356.73,0.00027007299
14358.967,0.012829021
14361.203,0.0027300445
14363.44,0.030975323
14365.677,0.019133483
14367.914,0.030821083
14370.152,0.040765791
14372.389,0.031538414
14374.627,0.063269671
14376.865,0.036613156
14379.103,0.022157104
14381.341,0.03820217
14383.58,0.005445521
14385.818,0.02846232
14388.057,0.025335357
14390.296,0.0065221463
14392.535,0.023438811
14394.774,0.0037541974
14397.014,0.029385515
14399.254,0.035844748
14401.493,0.014417298
14403.733,0.053992055
14405.974,0.022978605
14408.214,0.020723352
14410.454,0.024568345
14412.695,0.015341471
14414.936,0.020057979
14417.177,0.027388895
14419.418,0.03036254
14421.66,0.037693512
14423.901,0.01975218
14426.143,0.0035537954
14428.385,0.0021702537
14430.627,0.00078673996
14432.869,0.005503472
14435.111,0.010220232
14437.354,-0.0068494725
14439.597,-0.015204552
14441.84,-0.008744789
14444.083,-0.015356893
14446.326,0.0015604419
14448.57,-0.013766204
14450.813,-0.0046919497
14453.057,-0.0017178858
14455.301,-0.012687149
14457.545,-0.0036128114
14459.79,0.0063330139
14462.034,-0.011607843
14464.279,0.0086865203
14466.524,0.01068025
14468.769,0.014416918
14471.014,0.012924847
14473.259,0.0027181991
14475.505,0.00035470776
14477.751,-0.0089804417
14479.997,-0.00088637775
14482.243,0.020279601
14484.489,-0.0047417645
14486.735,0.0016094384
14488.982,0.01057504
14491.229,0.018669201
14493.476,0.017177325
14495.723,0.035729042
14497.97,0.034237205
14500.218,0.022287871
14502.465,0.012081476
14504.713,0.024533052
14506.961,0.030012971
14509.209,0.019806634
14511.458,0.023543672
14513.706,0.028152189
14515.955,0.012717152
14518.204,0.028654684
14520.453,0.038492018
14522.702,0.042229153
14524.951,0.043351929
14527.201,0.034017208
14529.451,0.035140022
14531.701,0.027548259
14533.951,0.038257169
14536.201,0.041994421
14538.451,0.032659797
14540.702,0.013739136
14542.953,0.025319584
14545.204,0.031671293
14547.455,0.031922803
14549.706,0.051346446
14551.958,0.041140479
14554.209,0.033548911
14556.461,0.046000935
14558.713,0.039280865
14560.965,0.058704606
14563.218,0.043269978
14565.47,0.030449749
14567.723,0.04290187
14569.976,0.032696059
14572.229,0.038176542
14574.482,0.063700617
14576.735,0.067438219
14578.989,0.082504817
14581.243,0.072299103
14583.497,0.076036764
14585.751,0.079774444
14588.005,0.063468571
14590.26,0.046291257
14592.514,0.067458189
14594.769,0.050280915
14597.024,0.047047015
14599.279,0.046427513
14601.534,0.039707813
14603.79,0.058260464
14606.046,0.054155182
14608.301,0.071836412
14610.557,0.10084664
14612.814,0.081055139
14615.07,0.092636209
14617.326,0.087659565
14619.583,0.087911698
14621.84,0.10907888
14624.097,0.10235938
14626.354,0.11306909
14628.612,0.1176786
14630.869,0.11270207
14633.127,0.13561227
14635.385,0.136736
14637.643,0.12565931
14639.901,0.14508373
14642.16,0.15143628
14644.418,0.14210257
14646.677,0.15281245
14648.936,0.13825003
14651.195,0.15157433
14653.455,0.14659799
14655.714,0.12506395
14657.974,0.13664539
14660.234,0.10988262
14662.494,0.1040349
14664.754,0.11038764
14667.014,0.098439751
14669.275,0.10740691
14671.536,0.087615917
14673.796,0.073925162
14676.058,0.085506758
14678.319,0.097088374
14680.58,0.099083952
14682.842,0.094979331
14685.104,0.084536842
14687.365,0.081937509
14689.628,0.075060121
14691.89,0.076738902
14694.152,0.065583478
14696.415,0.072966397
14698.678,0.062524025
14700.941,0.044951547
14703.204,0.0509085
14705.467,0.044031248
14707.731,0.05854439
14709.994,0.044537052
14712.258,0.044076971
14714.522,0.047181971
14716.786,0.036026742
14719.051,0.048400943
14721.315,0.044375878
14723.58,0.047480956
14725.845,0.041316892
14728.11,0.040143934
14730.375,0.033979909
14732.641,0.033520003
14734.906,0.028069028
14737.172,0.028322174
14739.438,0.034279438
14741.704,0.03381961
14743.97,0.036211851
14746.237,0.036465074
14748.504,0.036005304
14750.77,0.049092791
14753.037,0.037937873
14755.304,0.047460336
14757.572,0.049139681
14759.839,0.047966996
14762.107,0.043229268
14764.375,0.03563951
14766.643,0.044449058
14768.911,0.040424401
14771.179,0.0385388
14773.448,0.037366232
14775.717,0.031915608
14777.986,0.027891029
14780.255,0.021727432
14782.524,0.019841929
14784.793,0.022947533
14787.063,0.028192194
14789.333,0.021315662
14791.603,0.0058829996
14793.873,0.013266756
14796.143,-0.0035918921
14798.414,-0.0076162962
14800.684,-0.0080756185
14802.955,-0.003543834
14805.226,0.0074050823
14807.497,-0.0066014187
14809.769,0.0093386239
14812.04,0.0067403615
14814.312,0.003429106
14816.584,0.0065349824
14818.856,-0.0060453964
14821.128,0.0070426936
14823.4,0.017278753
14825.673,0.014680607
14827.946,0.033472856
14830.219,0.014475462
14832.492,0.023998587
14834.765,0.019261481
14837.038,0.005968246
14839.312,0.031177704
14841.586,0.031431744
14843.86,0.035963879
14846.134,0.038356996
14848.408,0.026489883
14850.683,0.035300151
14852.957,0.019868014
14855.232,0.027965309
14857.507,0.02964551
14859.782,0.017778494
14862.058,0.037997059
14864.333,0.01971297
14866.609,0.022819274
14868.885,0.030203673
14871.161,0.023327842
14873.437,0.031425292
14875.713,0.013854313
14877.99,0.024090839
14880.267,0.020067136
14882.543,0.012478389
14884.821,0.036262211
14887.098,0.022969404
14889.375,0.018232766
14891.653,0.022765309
14893.931,0.0073335229
14896.209,0.014005143
14898.487,0.019250757
14900.765,0.033052541
14903.044,0.030455057
14905.322,0.03284868
14907.601,0.045937509
14909.88,0.026940797
14912.159,0.035038578
14914.439,0.043849391
14916.718,0.042678048
14918.998,0.058619025
14921.278,0.051743622
14923.558,0.053424388
14925.838,0.042983961
14928.118,0.052507904
14930.399,0.049197641
14932.68,0.043035347
14934.961,0.058263448
14937.242,0.050675168
14939.523,0.053069083
14941.804,0.049045905
14944.086,0.035040572
14946.368,0.043851657
14948.65,0.031272388
14950.932,0.041509537
14953.214,0.022513194
14955.497,0.024194233
14957.779,0.018032154
14960.062,0.0090180439
14962.345,0.012838178
14964.628,0.0052501324
14966.912,0.0055052433
14969.195,5.6273804e-005
14971.479,-0.011809789
14973.763,-0.0058505194
14976.047,-0.017716543
14978.331,-0.023165434
14980.616,-0.0072239323
14982.9,-0.0062556728
14985.185,-0.015269568
14987.47,-0.0050321077
14989.755,-0.019037052
14992.04,-0.011651602
14994.326,0.012846167
14996.611,0.011675506
14998.897,0.011217876
15001.183,0.015751354
15003.469,0.020284851
15005.756,0.021253305
15008.042,0.0065355045
15010.329,0.017486172
15012.616,0.01988071
15014.903,0.027266354
15017.19,0.029660931
15019.477,0.010665152
15021.765,0.012346755
15024.052,0.025436577
15026.34,0.019275082
15028.628,0.030938918
15030.917,0.015508299
15033.205,0.032163261
15035.494,0.028140881
15037.782,0.0070062209
15040.071,0.022948229
15042.36,0.023203982
15044.65,0.037720004
15046.939,0.042253871
15049.229,0.031814495
15051.519,0.038487439
15053.809,0.040169314
15056.099,0.045416271
15058.389,0.045672161
15060.68,0.050206144
15062.97,0.061870272
15065.261,0.052144045
15067.552,0.043843863
15069.843,0.027700562
15072.135,0.028669581
15074.426,0.033916694
15076.718,0.036311776
15079.01,0.035141816
15081.302,0.040388987
15083.594,0.032088941
15085.887,0.033058076
15088.179,0.031888193
15090.472,0.032144355
15092.765,0.038104636
15095.058,0.039786862
15097.351,0.038617057
15099.645,0.034595222
15101.938,0.041981606
15104.232,0.047228972
15106.526,0.04748527
15108.82,0.053445687
15111.115,0.054415036
15113.409,0.05110633
15115.704,0.059918856
15117.999,0.058749226
15120.294,0.065422754
15122.589,0.079226425
15124.884,0.068787691
15127.18,0.069044165
15129.476,0.062883545
15131.771,0.067418132
15134.068,0.078369851
15136.364,0.072922302
15138.66,0.073178872
15140.957,0.084130649
15143.254,0.068700984
15145.551,0.076087738
15147.848,0.069214261
15150.145,0.080879129
15152.442,0.094683053
15154.74,0.082105535
15157.038,0.085927324
15159.336,0.079766957
15161.634,0.083588785
15163.932,0.090262682
15166.231,0.076972248
15168.53,0.091489321
15170.828,0.081050977
15173.128,0.079168802
15175.427,0.086555809
15177.726,0.073978486
15180.026,0.080652519
15182.325,0.072353309
15184.625,0.063341107
15186.925,0.057893986
15189.226,0.065281109
15191.526,0.070529215
15193.827,0.062943115
15196.127,0.088155609
15198.428,0.077717498
15200.73,0.067279407
15203.031,0.081083759
15205.332,0.073497757
15207.634,0.078745999
15209.936,0.077577148
15212.238,0.091381578
15214.54,0.083795653
15216.842,0.072644686
15219.145,0.084310137
15221.448,0.061751009
15223.75,0.076981561
15226.053,0.074386822
15228.357,0.063235951
15230.66,0.0806056
15232.964,0.068741756
15235.267,0.082546381
15237.571,0.069969564
15239.875,0.076644103
15242.18,0.081179624
15244.484,0.077872027
15246.789,0.083833612
15249.093,0.079813042
15251.398,0.090765753
15253.704,0.090310284
15256.009,0.078446635
15258.314,0.081556268
15260.62,0.082526882
15262.926,0.077793416
15265.232,0.074485995
15267.538,0.080447755
15269.844,0.075714347
15272.151,0.073119996
15274.458,0.068386628
15276.764,0.068644366
15279.072,0.057493924
15281.379,0.066307851
15283.686,0.060148535
15285.994,0.054702251
15288.301,0.070646361
15290.609,0.055930954
15292.917,0.047632679
15295.226,0.060011785
15297.534,0.053852586
15299.843,0.067657756
15302.152,0.069341733
15304.461,0.06817368
15306.77,0.069144683
15309.079,0.065124619
15311.388,0.073938799
15313.698,0.061362624
15316.008,0.070176842
15318.318,0.080417106
15320.628,0.062136889
15322.939,0.063821041
15325.249,0.060514126
15327.56,0.045086018
15329.871,0.049622278
15332.182,0.047028434
15334.493,0.057981846
15336.804,0.060379127
15339.116,0.056359316
15341.428,0.058043624
15343.74,0.061153976
15346.052,0.064977361
15348.364,0.068087752
15350.676,0.051946826
15352.989,0.072169556
15355.302,0.072427956
15357.615,0.06555625
15359.928,0.067953726
15362.241,0.058943022
15364.555,0.0592015
15366.868,0.050903848
15369.182,0.034763077
15371.496,0.037873663
15373.811,0.042410294
15376.125,0.046946943
15378.439,0.033658301
15380.754,0.038908002
15383.069,0.047009773
15385.384,0.031582151
15387.699,0.034692873
15390.015,0.037803615
15392.33,0.046618476
15394.646,0.059711431
15396.962,0.049988007
15399.278,0.053098826
15401.594,0.046940503
15403.911,0.045773287
15406.227,0.040328015
15408.544,0.014205401
15410.861,0.027298492
15413.178,0.019714241
15415.496,0.021399172
15417.813,0.01096291
15420.131,-0.0016123696
15422.449,0.0064897319
15424.767,-0.0067985215
15427.085,0.0091467562
15429.403,0.0058407164
15431.722,0.005386746
15434.041,0.029175219
15436.36,0.03228635
15438.679,0.026128338
15440.998,0.0092751588
15443.317,0.020942498
15445.637,0.01050647
15447.957,0.019321798
15450.277,0.023146058
15452.597,0.024118287
15454.917,0.027229574
15457.237,0.014654606
15459.558,0.022757018
15461.879,0.0023389517
15464.2,0.0075893536
15466.521,0.028526049
15468.842,0.011673103
15471.164,0.027618751
15473.486,0.020035006
15475.807,0.011738268
15478.129,0.0034415497
15480.452,-0.011272262
15482.774,-0.0045956791
15485.097,-0.019309451
15487.419,-0.0083547551
15489.742,-0.010947276
15492.065,-0.0092617034
15494.389,0.0024060638
15496.712,0.0040916758
15499.036,0.0043512822
15501.359,0.0096019955
15503.683,0.014139716
15506.007,0.032224693
15508.332,0.038188477
15510.656,0.04700433
15512.981,0.052255141
15515.306,0.041106684
15517.631,0.056339708
15519.956,0.049469365
15522.281,0.051868203
15524.607,0.067814298
15526.932,0.057378951
15529.258,0.070473035
15531.584,0.063602789
15533.91,0.069566788
15536.237,0.062696581
15538.563,0.045844218
15540.89,0.068920575
15543.217,0.052068251
15545.544,0.056606322
15547.871,0.059005374
15550.199,0.045718172
15552.526,0.054534376
15554.854,0.034117087
15557.182,0.036516218
15559.51,0.026081143
15561.839,0.0277673
15564.167,0.050130838
15566.496,0.042547872
15568.824,0.032825887
15571.153,0.03379911
15573.483,0.026929214
15575.812,0.030041513
15578.142,0.023884669
15580.471,0.033414118
15582.801,0.037239488
15585.131,0.045342952
15587.461,0.042038235
15589.792,0.020195214
15592.122,0.025446686
15594.453,0.021429016
15596.784,0.018124377
15599.115,0.022662895
15601.446,0.0072370835
15603.778,0.019618778
15606.109,0.014888192
15608.441,0.008731601
15610.773,-0.0045550955
15613.105,0.0042616143
15615.438,0.013791356
15617.77,0.0069218303
15620.103,0.019303661
15622.435,0.023842374
15624.768,0.009129769
15627.102,0.017946596
15629.435,0.015355242
15631.769,0.014189933
15634.102,0.027284893
15636.436,0.032536735
15638.77,0.032084496
15641.104,0.025215165
15643.439,0.026902003
15645.773,0.021458736
15648.108,0.0088853632
15650.443,0.031249621
15652.778,0.026519425
15655.113,0.020363223
15657.449,0.010641978
15659.784,0.0016337653
15662.12,0.0018947341
15664.456,-0.0092524774
15666.792,0.0045557674
15669.129,-0.0073044176
15671.465,0.0050778412
15673.802,0.0089039696
15676.139,-0.0022431445
15678.476,0.012991223
15680.813,0.0054092097
15683.15,0.017791566
15685.488,0.015913692
15687.825,0.0069057123
15690.163,0.014297039
15692.501,0.018836336
15694.84,0.021236615
15697.178,0.013654738
15699.517,0.022472168
15701.855,0.0091862305
15704.194,0.0058824871
15706.533,0.0218301
15708.873,0.012822296
15711.212,0.018787773
15713.552,0.035448457
15715.892,0.030718786
15718.231,0.025276122
15720.572,0.02339854
15722.912,0.026512065
15725.252,0.013226322
15727.593,0.015626873
15729.934,0.020879493
15732.275,0.0026027216
15734.616,0.017837556
15736.958,0.0066909475
15739.299,-0.0023166037
15741.641,0.005788164
15743.983,-0.013914535
15746.325,0.014154621
15748.667,-0.00055695266
15751.009,0.01539103
15753.352,0.021356858
15755.695,0.0052193179
15758.038,0.034001584
15760.381,0.0064558832
15762.724,0.011708776
15765.067,0.0076925264
15767.411,0.003676296
15769.755,0.014633347
15772.099,-0.0057821312
15774.443,0.0044619464
15776.787,-0.012388431
15779.132,-0.012839501
15781.477,-0.018994652
15783.821,-0.034558523
15786.166,-0.015184774
15788.512,-0.01720139
15790.857,-0.0013926844
15793.203,-0.0098263943
15795.548,-0.0068518954
15797.894,-0.0095814873
15800.24,-0.014450107
15802.586,0.0056367181
15804.933,0.0014811286
15807.279,0.013011823
15809.626,0.018838426
15811.973,0.012543826
15814.32,0.01337936
15816.668,0.014214904
15819.015,0.016476481
15821.363,0.015173005
15823.71,0.032407863
15826.058,0.036095492
15828.407,0.029087944
15830.755,0.034201616
15833.103,0.032185173
15835.452,0.033020789
15837.801,0.020309177
15840.15,0.019005774
15842.499,0.019841417
15844.849,0.016398995
15847.198,0.020086706
15849.548,0.0066621273
15851.898,-0.0017713552
15854.248,-0.0073527788
15856.598,-0.017212268
15858.949,-0.014950536
15861.299,-0.019105908
15863.65,0.00098115451
15866.001,0.009660026
15868.352,-0.0080425551
15870.703,0.001349347
15873.055,-0.0056580288
15875.406,-0.0012571958
15877.758,0.0038566588
15880.11,0.0032664226
15882.462,0.0083802953
15884.815,0.0085030898
15887.167,0.014329993
15889.52,0.0037576187
15891.873,-0.0096667966
15894.226,0.0061423087
15896.579,-0.010134138
15898.932,0.0042489603
15901.286,0.0029457935
15903.64,0.008059748
15905.994,0.013886724
15908.348,0.00046237252
15910.702,0.0077153918
15913.056,-0.0028568918
15915.411,0.010813258
15917.766,0.015927267
15920.121,0.0074940483
15922.476,0.031859412
15924.831,0.017722112
15927.187,0.016419045
15929.542,0.013689963
15931.898,0.020230051
15934.254,0.053151611
15936.61,0.039727368
15938.967,0.042702422
15941.323,0.034982297
15943.68,0.025123144
15946.037,0.030237262
15948.394,0.016813065
15950.751,0.021927202
15953.108,0.015633148
15955.466,0.02573839
15957.824,0.013027241
15960.181,-0.0046749852
15962.54,0.0040042591
15964.898,-0.0094198744
15967.256,0.0092415628
15969.615,0.0065126347
15971.974,0.00021865329
15974.333,0.0060458931
15976.692,0.0033169923
15979.051,0.01484835
15981.411,0.011406455
15983.77,0.022937831
15986.13,0.017356917
15988.49,0.018906136
15990.85,0.031150552
15993.211,0.01558749
15995.571,0.030683974
15997.932,0.024390093
16000.293,0.028078395
16002.654,0.024636582
16005.015,0.02475984
16007.376,0.016326958
16009.738,0.015024209
16012.1,0.034398832
16014.462,0.016696814
16016.824,0.03464543
16019.186,0.031916693
16021.548,0.03061399
16023.911,0.052840707
16026.274,0.037990785
16028.637,0.050948359
16031,0.042515568
16033.363,0.03836086
16035.727,0.059161598
16038.09,0.042172684
16040.454,0.054417291
16042.818,0.056679732
16045.182,0.048246995
16047.547,0.065482717
16049.911,0.06061506
16052.276,0.070720675
16054.641,0.080826299
16057.006,0.086653857
16059.371,0.093907449
16061.737,0.078344651
16064.102,0.090589349
16066.468,0.096416943
16068.834,0.089410322
16071.2,0.10664613
16073.566,0.080388195
16075.933,0.079085701
16078.299,0.078496228
16080.666,0.068637603
16083.033,0.073752248
16085.4,0.083144978
16087.767,0.07613843
16090.135,0.081253103
16092.503,0.089219835
16094.87,0.077935239
16097.238,0.088041026
16099.607,0.10598996
16101.975,0.099696479
16104.344,0.11693242
16106.712,0.11491703
16109.081,0.10577153
16111.45,0.11587737
16113.819,0.09746272
16116.189,0.098299418
16118.558,0.092719013
16120.928,0.091416692
16123.298,0.088688355
16125.668,0.07811689
16128.039,0.087509783
16130.409,0.071234236
16132.78,0.070644973
16135.15,0.067916681
16137.521,0.046650074
16139.893,0.071016275
16142.264,0.061870899
16144.635,0.064846743
16147.007,0.067109584
16149.379,0.06509436
16151.751,0.066644207
16154.123,0.059637913
16156.495,0.072595978
16158.868,0.066302715
16161.241,0.08852996
16163.614,0.091505877
16165.987,0.088064691
16168.36,0.10316184
16170.733,0.090451509
16173.107,0.10483566
16175.481,0.084995226
16177.855,0.085832161
16180.229,0.093086216
16182.603,0.086793044
16184.978,0.091195068
16187.352,0.079197815
16189.727,0.088590944
16192.102,0.083010821
16194.477,0.075291669
16196.852,0.079693739
16199.228,0.08195678
16201.604,0.097054055
16203.979,0.10644724
16206.355,0.10015416
16208.732,0.089583011
16211.108,0.086141998
16213.485,0.081274969
16215.861,0.079259999
16218.238,0.078671063
16220.615,0.078082137
16222.993,0.073215144
16225.37,0.07405226
16227.748,0.067759261
16230.125,0.068596395
16232.503,0.068007514
16234.881,0.072409729
16237.26,0.083942078
16239.638,0.083353224
16242.017,0.082764379
16244.396,0.080036506
16246.775,0.087290816
16249.154,0.086701999
16251.533,0.08896524
16253.913,0.09693259
16256.292,0.089213675
16258.672,0.095042006
16261.052,0.091601184
16263.432,0.09671652
16265.813,0.088997642
16268.193,0.083417809
16270.574,0.097802335
16272.955,0.082953359
16275.336,0.098050916
16277.717,0.077497858
16280.099,0.082613258
16282.48,0.093432767
16284.862,0.081435887
16287.244,0.090116377
16289.626,0.082397589
16292.009,0.081095922
16294.391,0.088350414
16296.774,0.087761779
16299.156,0.097155327
16301.539,0.10084478
16303.923,0.099543163
16306.306,0.084694314
16308.689,0.085531748
16311.073,0.10276848
16313.457,0.10931003
16315.841,0.10800846
16318.225,0.12595823
16320.61,0.11039642
16322.994,0.099112696
16325.379,0.10066321
16327.764,0.079397328
16330.149,0.093782081
16332.534,0.10816684
16334.92,0.097596179
16337.305,0.088451548
16339.691,0.080732951
16342.077,0.088700637
16344.463,0.063156747
16346.849,0.090375788
16349.236,0.096204465
16351.623,0.084207838
16354.009,0.10786185
16356.396,0.092300175
16358.784,0.104546
16361.171,0.10823568
16363.558,0.10907333
16365.946,0.10848496
16368.334,0.095775381
16370.722,0.12370753
16373.11,0.10957194
16375.499,0.11183566
16377.887,0.12550758
16380.276,0.10780696
16382.665,0.1214789
16385.054,0.097361194
16387.443,0.1081811
16389.833,0.11400993
16392.222,0.10843057
16394.612,0.12495461
16397.002,0.12579238
16399.392,0.11878702
16401.783,0.12960699
16404.173,0.12046261
16406.564,0.13413464
16408.955,0.13996355
16411.346,0.14650547
16413.737,0.14306523
16416.128,0.13463391
16418.52,0.14687997
16420.911,0.14415277
16423.303,0.1314434
16425.695,0.14012442
16428.088,0.14096231
16430.48,0.13609611
16432.872,0.12909088
16435.265,0.12636373
16437.658,0.12506262
16440.051,0.11021428
16442.445,0.12816452
16444.838,0.12757645
16447.232,0.10631102
16449.625,0.12640033
16452.019,0.13080338
16454.414,0.12023316
16456.808,0.13319238
16459.202,0.13331737
16461.597,0.14556359
16463.992,0.14497559
16466.387,0.16221291
16468.782,0.16732903
16471.177,0.16674106
16473.573,0.1896825
16475.969,0.18980756
16478.365,0.19135866
16480.761,0.20217892
16483.157,0.20800811
16485.553,0.21526332
16487.95,0.2082583
16490.347,0.21551354
16492.744,0.22847289
16495.141,0.21291175
16497.538,0.19735061
16499.935,0.20317986
16502.333,0.19189682
16504.731,0.19701307
16507.129,0.18644306
16509.527,0.18229018
16511.925,0.18312838
16514.324,0.17327141
16516.722,0.17125759
16519.121,0.15213147
16521.52,0.1579608
16523.919,0.17234629
16526.319,0.16748046
16528.718,0.16903174
16531.118,0.17700015
16533.518,0.17783843
16535.918,0.16940757
16538.318,0.17666299
16540.719,0.17393625
16543.119,0.1762006
16545.52,0.16776977
16547.921,0.16147799
16550.322,0.17015948
16552.723,0.15388554
16555.125,0.16399307
16557.526,0.14344108
16559.928,0.14499248
16562.33,0.16009113
16564.732,0.14381724
16567.135,0.15392482
16569.537,0.16260638
16571.94,0.17556603
16574.343,0.18496062
16576.746,0.17652991
16579.149,0.19234163
16581.552,0.19460613
16583.956,0.20186172
16586.36,0.20341322
16588.764,0.20068666
16591.168,0.20009914
16593.572,0.2087808
16595.976,0.19821112
16598.381,0.19159045
16600.786,0.18930271
16603.191,0.18399839
16605.596,0.1829173
16608.001,0.17942295
16610.407,0.16687883
16612.812,0.1633845
16615.218,0.17195654
16617.624,0.15880913
16620.03,0.1710011
16622.436,0.16750681
16624.843,0.17125234
16627.25,0.18465097
16629.657,0.17512352
16632.064,0.17585249
16634.471,0.16873833
16636.878,0.16826068
16639.286,0.17260958
16641.693,0.17514854
16644.101,0.19096051
16646.509,0.17117671
16648.918,0.17431902
16651.326,0.17203147
16653.735,0.1588842
16656.143,0.1644398
16658.552,0.15068923
16660.962,0.15745149
16663.371,0.16421376
16665.78,0.16614949
16668.19,0.16989519
16670.6,0.15916125
16673.01,0.16351029
16675.42,0.14674319
16677.83,0.15290219
16680.241,0.16268112
16682.652,0.15375718
16685.062,0.16474276
16687.473,0.16124871
16689.885,0.17283763
16692.296,0.17658341
16694.708,0.15498984
16697.119,0.15933896
16699.531,0.16187814
16701.943,0.16079742
16704.356,0.15247688
16706.768,0.15561941
16709.181,0.15695198
16711.593,0.15164807
16714.006,0.15117071
16716.419,0.14888341
16718.833,0.13814965
16721.246,0.13767232
16723.66,0.12693859
16726.074,0.12646127
16728.488,0.14167024
16730.902,0.13334981
16733.316,0.14312893
16735.731,0.14989148
16738.145,0.14458766
16740.56,0.15255686
16742.975,0.15268292
16745.391,0.15220568
16747.806,0.15474504
16750.222,0.160301
16752.637,0.15801383
16755.053,0.16598308
16757.469,0.17334903
16759.886,0.15899552
16762.302,0.15670839
16764.719,0.14838808
16767.135,0.15032419
16769.552,0.15346695
16771.97,0.15178318
16774.387,0.15371932
16776.804,0.16229197
16779.222,0.15698831
16781.64,0.14927138
16784.058,0.15120756
16786.476,0.1416807
16788.894,0.14422021
16791.313,0.14374315
16793.732,0.15231586
16796.151,0.16088858
16798.57,0.16342813
16800.989,0.15993451
16803.408,0.14618449
16805.828,0.15415393
16808.248,0.14583379
16810.667,0.15078665
16813.088,0.15996276
16815.508,0.14379951
16817.928,0.15719886
16820.349,0.15249867
16822.77,0.15684827
16825.191,0.16059455
16827.612,0.15167117
16830.033,0.15360752
16832.455,0.14830406
16834.876,0.15567029
16837.298,0.14252371
16839.72,0.14988996
16842.142,0.14639649
16844.565,0.14290303
16846.987,0.16233567
16849.41,0.14496591
16851.833,0.16620853
16854.256,0.15969851
16856.679,0.15439515
16859.102,0.16417474
16861.526,0.14620171
16863.95,0.15779128
16866.374,0.16033108
16868.798,0.1664908
16871.222,0.16360076
16873.647,0.1661406
16876.071,0.16566384
16878.496,0.16398047
16880.921,0.16109046
16883.346,0.15880378
16885.771,0.16556689
16888.197,0.16147028
16890.623,0.16702676
16893.048,0.17197994
16895.475,0.18839617
16897.901,0.18369628
16900.327,0.18020303
16902.754,0.18032969
16905.18,0.16115019
16907.607,0.17273992
16910.034,0.15838698
16912.462,0.17239
16914.889,0.17251672
16917.317,0.16600694
16919.744,0.16734031
16922.172,0.15419404
16924.6,0.15070089
16927.029,0.13333141
16929.457,0.14250796
16931.886,0.14203142
16934.315,0.15301793
16936.744,0.1621945
16939.173,0.14301512
16941.602,0.16486139
16944.032,0.16016167
16946.461,0.15304868
16948.891,0.16162198
16951.321,0.15933555
16953.751,0.15885909
16956.182,0.16984569
16958.612,0.15850952
16961.043,0.16225632
16963.474,0.14971353
16965.905,0.14622052
16968.336,0.15238062
16970.768,0.15492081
16973.199,0.1435847
16975.631,0.13767846
16978.063,0.13297886
16980.495,0.13069255
16982.927,0.12961288
16985.36,0.12853322
16987.792,0.12745357
16990.225,0.13783698
16992.658,0.12891421
16995.091,0.13869431
16997.525,0.12735829
16999.958,0.12567536
17002.392,0.13123227
17004.826,0.13135932
17007.26,0.14596602
17009.694,0.15031631
17012.128,0.14139362
17014.563,0.14996716
17016.998,0.15130089
17019.433,0.14418818
17021.868,0.15336506
17024.303,0.1540955
17026.738,0.15542927
17029.174,0.158573
17031.61,0.16051011
17034.046,0.16727377
17036.482,0.16438435
17038.918,0.15365179
17041.355,0.14895243
17043.791,0.15873272
17046.228,0.14920683
17048.665,0.15959046
17051.102,0.16273427
17053.539,0.15019182
17055.977,0.14730247
17058.415,0.14742972
17060.853,0.15238353
17063.291,0.15130416
17065.729,0.14298498
17068.167,0.14854213
17070.606,0.15228933
17073.045,0.15301996
17075.483,0.15375059
17077.922,0.1568945
17080.362,0.14857538
17082.801,0.14689277
17085.241,0.15124334
17087.681,0.15257734
17090.121,0.15451466
17092.561,0.14317899
17095.001,0.14994288
17097.441,0.16334328
17099.882,0.14356118
17102.323,0.14791182
17104.764,0.14260938
17107.205,0.1324804
17109.646,0.15131071
17112.088,0.14118175
17114.53,0.14854902
17116.972,0.14988313
17119.414,0.15242388
17121.856,0.15074141
17124.298,0.16112532
17126.741,0.16245946
17129.184,0.15414052
17131.626,0.16874768
17134.07,0.15922212
17136.513,0.16960607
17138.956,0.17395685
17141.4,0.16443131
17143.844,0.18386506
17146.288,0.17795946
17148.732,0.18050032
17151.176,0.18847105
17153.621,0.18739202
17156.065,0.18148645
17158.51,0.18523398
17160.955,0.17450189
17163.4,0.17583616
17165.846,0.18139368
17168.291,0.1736782
17170.737,0.19009546
17173.183,0.18418996
17175.629,0.17828446
17178.075,0.1832387
17180.521,0.17672991
17182.968,0.17565098
17185.415,0.18422516
17187.862,0.19219603
17190.309,0.18508395
17192.756,0.18702166
17195.203,0.18714942
17197.651,0.19391368
17200.099,0.2018846
17202.547,0.18632611
17204.995,0.18645391
17207.443,0.19140826
17209.892,0.18851948
17212.34,0.19709376
17214.789,0.19179173
17217.238,0.18166316
17219.687,0.17756778
17222.137,0.18010891
17224.586,0.19954296
17227.036,0.19665425
17229.486,0.19135227
17231.936,0.19148017
17234.386,0.19643462
17236.837,0.20138908
17239.287,0.20755018
17241.738,0.21491793
17244.189,0.2059961
17246.64,0.22362028
17249.091,0.2225416
17251.543,0.22870275
17253.994,0.23305396
17256.446,0.21327244
17258.898,0.22305353
17261.35,0.22619813
17263.803,0.23054937
17266.255,0.23610726
17268.708,0.23925188
17271.161,0.22610692
17273.614,0.22683829
17276.067,0.22334644
17278.52,0.20959819
17280.974,0.23023908
17283.427,0.2183008
17285.881,0.23109858
17288.335,0.23424328
17290.79,0.23497471
17293.244,0.24475593
17295.699,0.2364376
17298.153,0.24139229
17300.608,0.23066071
17303.063,0.24406187
17305.519,0.24117345
17307.974,0.24914476
17310.43,0.26013268
17312.886,0.25000446
17315.342,0.25918244
17317.798,0.23698788
17320.254,0.23771942
17322.711,0.23483106
17325.167,0.23616594
17327.624,0.24051742
17330.081,0.23099259
17332.538,0.24077395
17334.996,0.23064581
17337.453,0.22896415
17339.911,0.22728249
17342.369,0.22137761
17344.827,0.22150592
17347.285,0.22525415
17349.744,0.23865549
17352.202,0.24602365
17354.661,0.24916859
17357.12,0.24326377
17359.579,0.23735895
17362.038,0.25076033
17364.498,0.2502854
17366.957,0.25886025
17369.417,0.27527825
17371.877,0.26696021
17374.337,0.26165877
17376.798,0.26540711
17379.258,0.25769241
17381.719,0.252391
17384.18,0.25674268
17386.641,0.2484247
17389.102,0.24131336
17391.563,0.24566507
17394.025,0.23131393
17396.487,0.22963248
17398.949,0.20985149
17401.411,0.21058333
17403.873,0.218555
17406.335,0.21385699
17408.798,0.22303532
17411.261,0.21773401
17413.724,0.21062276
17416.187,0.20532148
17418.65,0.21268988
17421.114,0.20919857
17423.577,0.21717031
17426.041,0.20764583
17428.505,0.19993132
17430.969,0.22358936
17433.434,0.19958527
17435.898,0.20997033
17438.363,0.22397531
17440.828,0.20902102
17443.293,0.22423266
17445.758,0.22496466
17448.223,0.2232834
17450.689,0.2264287
17453.155,0.2193176
17455.62,0.21763636
17458.087,0.22560823
17460.553,0.23056352
17463.019,0.2216425
17465.486,0.23202767
17467.953,0.23034648
17470.42,0.21418566
17472.887,0.21793436
17475.354,0.2096167
17477.822,0.21095214
17480.289,0.21470087
17482.757,0.19612682
17485.225,0.21918175
17487.693,0.216294
17490.162,0.21219962
17492.63,0.22439485
17495.099,0.21125071
17497.568,0.21318955
17500.037,0.20366534
17502.506,0.21163737
17504.975,0.21055964
17507.445,0.21189519
17509.915,0.20961084
17512.384,0.20672318
17514.855,0.21650522
17517.325,0.21301426
17519.795,0.20771335
17522.266,0.2138755
17524.737,0.19349166
17527.208,0.2087036
17529.679,0.20702264
17532.15,0.20654833
17534.622,0.21090057
17537.093,0.20258314
17539.565,0.21477854
17542.037,0.21973412
17544.509,0.22106981
17546.982,0.22783537
17549.454,0.22072462
17551.927,0.22206033
17554.4,0.22098279
17556.873,0.23378156
17559.346,0.23632394
17561.819,0.23222983
17564.293,0.23416891
17566.767,0.22947149
17569.241,0.228394
17571.715,0.22731651
17574.189,0.22201581
17576.663,0.21490516
17579.138,0.20477792
17581.613,0.21637016
17584.088,0.2213259
17586.563,0.20335556
17589.038,0.21615445
17591.514,0.19758081
17593.989,0.19529677
17596.465,0.19964924
17598.941,0.19374531
17601.417,0.2113708
17603.894,0.19883038
17606.37,0.20257957
17608.847,0.21477522
17611.324,0.21550783
17613.801,0.21322387
17616.278,0.21274986
17618.756,0.233392
17621.233,0.22266161
17623.711,0.23244404
17626.189,0.23800326
17628.667,0.23994257
17631.145,0.24007194
17633.624,0.22753163
17636.102,0.23429752
17638.581,0.23925346
17641.06,0.23576296
17643.539,0.24433883
17646.019,0.23843507
17648.498,0.23615123
17650.978,0.23567735
17653.458,0.23279021
17655.938,0.23955617
17658.418,0.238479
17660.898,0.23076534
17663.379,0.23753133
17665.859,0.23524755
17668.34,0.23175715
17670.821,0.23068003
17673.303,0.22537969
17675.784,0.22912913
17678.266,0.23046531
17680.747,0.22516499
17683.229,0.22167464
17685.711,0.22361417
17688.194,0.22374374
17690.676,0.2262866
17693.159,0.23184606
17695.642,0.23740553
17698.125,0.24055174
17700.608,0.24068136
17703.091,0.24805081
17705.575,0.24757713
17708.058,0.24046697
17710.542,0.23818335
17713.026,0.23710639
17715.51,0.24749247
17717.995,0.24339893
17720.479,0.24051204
17722.964,0.24184838
17725.449,0.22930841
17727.934,0.22702486
17730.419,0.23198114
17732.905,0.22547438
17735.39,0.22560413
17737.876,0.21970071
17740.362,0.22284707
17742.848,0.21996025
17745.334,0.22913981
17747.821,0.22082315
17750.307,0.21491978
17752.794,0.21806618
17755.281,0.20733628
17757.768,0.21530925
17760.256,0.22448886
17762.743,0.21255235
17765.231,0.21690543
17767.719,0.20738221
17770.207,0.21052868
17772.695,0.20402207
17775.183,0.19751546
17777.672,0.18919891
17780.161,0.19053546
17782.65,0.19609525
17785.139,0.18838204
17787.628,0.19333853
17790.117,0.19045189
17792.607,0.16946571
17795.097,0.183472
17797.587,0.17274225
17800.077,0.18433528
17802.567,0.18748187
17805.058,0.18097537
17807.548,0.19377507
17810.039,0.19149182
17812.53,0.18619199
17815.021,0.18813199
17817.513,0.18765872
17820.004,0.1817556
17822.496,0.18671221
17824.988,0.18925556
17827.48,0.17912924
17829.972,0.18046597
17832.464,0.16973635
17834.957,0.16865982
17837.45,0.18326959
17839.942,0.17434994
17842.436,0.16784359
17844.929,0.17400692
17847.422,0.17413708
17849.916,0.17185397
17852.41,0.18043061
17854.904,0.18297407
17857.398,0.18612085
17859.892,0.18806101
17862.386,0.19543105
17864.881,0.18228827
17867.376,0.17638532
17869.871,0.17470561
17872.366,0.17242258
17874.861,0.17979266
17877.357,0.17388975
17879.853,0.16436693
17882.349,0.17113372
17884.845,0.1640242
17887.341,0.15389809
17889.837,0.14678859
17892.334,0.15114214
17894.831,0.15066915
17897.327,0.1507995
17899.825,0.1756659
17902.322,0.16010998
17904.819,0.16567021
17907.317,0.17183377
17909.815,0.15507125
17912.313,0.16968128
17914.811,0.15955528
17917.309,0.16511556
17919.808,0.17127916
17922.306,0.17201291
17924.805,0.17093672
17927.304,0.16624062
17929.803,0.16757772
17932.303,0.148402
17934.802,0.15939221
17937.302,0.14504306
17939.802,0.14819015
17942.302,0.17004011
17944.802,0.15388103
17947.302,0.1588381
17949.803,0.15655536
17952.304,0.14642949
17954.805,0.14716336
17957.306,0.13945078
17959.807,0.13173821
17962.308,0.14514179
17964.81,0.14285911
17967.312,0.13152666
17969.814,0.14734354
17972.316,0.13420115
17974.818,0.13433177
17977.321,0.1441155
17979.823,0.14424614
17982.326,0.14498011
17984.829,0.15114395
17987.332,0.1506713
17989.836,0.14778539
17992.339,0.16480899
17994.843,0.15588991
17997.347,0.15119407
17999.851,0.16882101
18002.355,0.16050528
18004.86,0.15882606
18007.364,0.15473357
18009.869,0.14702118
18012.374,0.14172208
18014.879,0.14064621
18017.384,0.13836372
18019.89,0.13065137
18022.395,0.13681535
18024.901,0.12246651
18027.407,0.11716746
18029.913,0.12996797
18032.42,0.11863576
18034.926,0.12600642
18037.433,0.13156713
18039.94,0.13230131
18042.447,0.12760563
18044.954,0.12833983
18047.461,0.12907403
18049.969,0.12136179
18052.476,0.13717897
18054.984,0.13851652
18057.492,0.14769722
18060.001,0.15808456
18062.509,0.1449425
18065.018,0.14809005
18067.526,0.1415845
18070.035,0.13568229
18072.544,0.13520995
18075.054,0.12930776
18077.563,0.13728189
18080.073,0.1410328
18082.583,0.14780032
18085.093,0.13888157
18087.603,0.13418605
18090.113,0.13250714
18092.623,0.12660501
18095.134,0.13457921
18097.645,0.1256605
18100.156,0.12820485
18102.667,0.13135253
18105.179,0.12484713
18107.69,0.13885455
18110.202,0.11726621
18112.714,0.11196747
18115.226,0.11994174
18117.738,0.10679988
18120.251,0.12020403
18122.763,0.1106821
18125.276,0.10659004
18127.789,0.10732454
18130.302,0.10926568
18132.815,0.099743783
18135.329,0.10470153
18137.842,0.10784934
18140.356,0.10858388
18142.87,0.12440139
18145.384,0.11849945
18147.899,0.1186307
18150.413,0.12841505
18152.928,0.12070318
18155.443,0.13652074
18157.958,0.1360487
18160.473,0.13195677
18162.988,0.1393279
18165.504,0.14428576
18168.02,0.12993744
18170.535,0.14213514
18173.052,0.13382003
18175.568,0.13515801
18178.084,0.14011592
18180.601,0.13542074
18183.118,0.13977535
18185.635,0.13387355
18188.152,0.11952531
18190.669,0.12448326
18193.186,0.12401136
18195.704,0.12233283
18198.222,0.12548085
18200.74,0.12561229
18203.258,0.11247074
18205.776,0.11380884
18208.295,0.11213035
18210.814,0.10381538
18213.332,0.10696346
18215.851,0.1119215
18218.371,0.10963973
18220.89,0.12063097
18223.41,0.11593595
18225.929,0.10581107
18228.449,0.1053393
18230.969,0.090387891
18233.49,0.11223891
18236.01,0.10754393
18238.531,0.11672528
18241.051,0.12289005
18243.572,0.12121169
18246.094,0.13280635
18248.615,0.11061519
18251.136,0.11617667
18253.658,0.11148176
18256.18,0.10739017
18258.702,0.12441474
18261.224,0.11308335
18263.746,0.13372784
18266.269,0.12420643
18268.792,0.12856134
18271.314,0.11964326
18273.837,0.10288206
18276.361,0.11930336
18278.884,0.094095722
18281.408,0.11534359
18283.931,0.11064879
18286.455,0.10535068
18288.979,0.10910235
18291.504,0.097771068
18294.028,0.10936589
18296.553,0.091398132
18299.077,0.090323292
18301.602,0.091661734
18304.128,0.092396867
18306.653,0.10037183
18309.178,0.096280433
18311.704,0.097015593
18314.23,0.090510943
18316.756,0.095469349
18319.282,0.10646095
18321.808,0.10538619
18324.335,0.11396453
18326.862,0.10685661
18329.388,0.11483165
18331.915,0.11496357
18334.443,0.11026894
18336.97,0.11643406
18339.498,0.12018591
18342.025,0.10704486
18344.553,0.12044982
18347.081,0.11153202
18349.61,0.10321754
18352.138,0.10033294
18354.667,0.098654977
18357.196,0.099993619
18359.725,0.10012563
18362.254,0.10810079
18364.783,0.10581955
18367.312,0.10414164
18369.842,0.10246374
18372.372,0.097165934
18374.902,0.10333119
18377.432,0.10225663
18379.963,0.1150584
18382.493,0.11398386
18385.024,0.11592592
18387.555,0.1118348
18390.086,0.098693927
18392.617,0.10244597
18395.148,0.10438807
18397.68,0.10572685
18400.212,0.10646233
18402.744,0.10297459
18405.276,0.10853663
18407.808,0.11168541
18410.34,0.1055431
18412.873,0.10724393
18415.406,0.1084219
18417.939,0.12267177
18420.472,0.118621
18423.005,0.11666173
18425.539,0.13038876
18428.072,0.1352269
18430.606,0.12908466
18433.14,0.1234653
18435.675,0.12255184
18438.209,0.12006976
18440.743,0.12333932
18443.278,0.12451738
18445.813,0.11523794
18448.348,0.12530492
18450.883,0.11968562
18453.419,0.12504673
18455.954,0.10792419
18458.49,0.11328532
18461.026,0.1285811
18463.562,0.11041283
18466.098,0.1110681
18468.635,0.11538351
18471.171,0.11499305
18473.708,0.12506012
18476.245,0.12466967
18478.782,0.11800473
18481.32,0.12179731
18483.857,0.1255899
18486.395,0.12885963
18488.933,0.12637773
18491.471,0.12755596
18494.009,0.13134859
18496.547,0.12468371
18499.086,0.1232476
18501.625,0.12494875
18504.164,0.13240155
18506.703,0.11893932
18509.242,0.12377775
18511.781,0.12077305
18514.321,0.11881412
18516.861,0.12312971
18519.401,0.12378517
18521.941,0.11973476
18524.481,0.11620723
18527.021,0.1194771
18529.562,0.10915221
18532.103,0.10928484
18534.644,0.115692
18537.185,0.11425602
18539.726,0.12327757
18542.268,0.11608998
18544.81,0.11622265
18547.351,0.11530959
18549.893,0.11544229
18552.436,0.11557499
18554.978,0.12198222
18557.521,0.12577507
18560.063,0.12433918
18562.606,0.13492944
18565.149,0.12355892
18567.693,0.13048906
18570.236,0.13585059
18572.78,0.12709448
18575.323,0.1329789
18577.867,0.12997444
18580.411,0.13272163
18582.956,0.14383484
18585.5,0.14553629
18588.045,0.14148611
18590.59,0.14161896
18593.135,0.13286292
18595.68,0.12672127
18598.225,0.1320829
18600.771,0.12280401
18603.316,0.13862317
18605.862,0.13195868
18608.408,0.13104584
18610.954,0.13379313
18613.501,0.12294566
18616.047,0.13092173
18618.594,0.12478017
18621.141,0.12491312
18623.688,0.13184346
18626.235,0.12988493
18628.783,0.12844928
18631.33,0.13067377
18633.878,0.12557801
18636.426,0.1304169
18638.974,0.13002704
18641.523,0.12074829
18644.071,0.12558721
18646.62,0.13042613
18649.168,0.1237618
18651.717,0.12964649
18654.267,0.12298218
18656.816,0.11893225
18659.366,0.12324834
18661.915,0.11187817
18664.465,0.11410278
18667.015,0.11998753
18669.565,0.10914026
18672.116,0.11973091
18674.666,0.11515817
18677.217,0.1179057
18679.768,0.11908461
18682.319,0.11555765
18684.87,0.11150782
18687.422,0.11739265
18689.973,0.11334284
18692.525,0.11609042
18695.077,0.11831514
18697.629,0.10485359
18700.182,0.1076012
18702.734,0.1129632
18705.287,0.11623371
18707.839,0.12734736
18710.393,0.11754599
18712.946,0.11715639
18715.499,0.10996942
18718.053,0.11951448
18720.606,0.12487655
18723.16,0.12344123
18725.714,0.13246345
18728.268,0.12318501
18730.823,0.12227261
18733.377,0.12502034
18735.932,0.12672232
18738.487,0.12737857
18741.042,0.11705443
18743.597,0.11927932
18746.153,0.11000095
18748.708,0.12320625
18751.264,0.12020241
18753.82,0.1083097
18756.376,0.1068745
18758.933,0.099687681
18761.489,0.096683878
18764.046,0.09158858
18766.603,0.10322532
18769.16,0.10022154
18771.717,0.098786401
18774.274,0.099442774
18776.832,0.090687391
18779.389,0.1059843
18781.947,0.092523057
18784.505,0.099976852
18787.064,0.091221505
18789.622,0.081943292
18792.181,0.099331754
18794.739,0.086916304
18797.298,0.082344
18799.857,0.097640986
18802.417,0.085748439
18804.976,0.087973548
18807.536,0.087061412
18810.096,0.082489153
18812.655,0.087851545
18815.216,0.086939435
18817.776,0.083935832
18820.336,0.079886486
18822.897,0.088386168
18825.458,0.079630958
18828.019,0.090745038
18830.58,0.090878735
18833.142,0.077940545
18835.703,0.0880089
18838.265,0.071410598
18840.827,0.078864593
18843.389,0.083704218
18845.951,0.084883721
18848.513,0.088677612
18851.076,0.082013996
18853.639,0.090513787
18856.202,0.078098555
18858.765,0.087121241
18861.328,0.079934785
18863.892,0.077977097
18866.455,0.081771052
18869.019,0.080336258
18871.583,0.088836113
18874.147,0.080603951
18876.711,0.086489446
18879.276,0.078257302
18881.841,0.067410789
18884.405,0.068590428
18886.97,0.066109946
18889.536,0.067812479
18892.101,0.066377767
18894.667,0.070171822
18897.232,0.063508369
18899.798,0.057890677
18902.364,0.066390642
18904.93,0.062341596
18907.497,0.056201056
18910.063,0.066792551
18912.63,0.064312159
18915.197,0.063400404
18917.764,0.072423299
18920.332,0.067851432
18922.899,0.07373709
18925.467,0.072302496
18928.035,0.072436538
18930.602,0.077276472
18933.171,0.07270465
18935.739,0.08277336
18938.307,0.077678681
18940.876,0.074152638
18943.445,0.074286734
18946.014,0.073375089
18948.583,0.071417701
18951.153,0.076257707
18953.722,0.065934324
18956.292,0.067114218
18958.862,0.062542487
18961.432,0.062153772
18964.002,0.057582059
18966.573,0.05614761
18969.143,0.051575916
18971.714,0.058507498
18974.285,0.058641704
18976.856,0.056684416
18979.427,0.057341516
18981.999,0.048063984
18984.57,0.053426985
18987.142,0.057221367
18989.714,0.048989615
18992.286,0.060627152
18994.859,0.05082679
18997.431,0.060895719
19000.004,0.05423263
19002.577,0.055935563
19005.15,0.058161382
19007.723,0.053589824
19010.296,0.056338536
19012.87,0.055427127
19015.444,0.063404615
19018.018,0.059878845
19020.592,0.0668106
19023.166,0.05805609
19025.74,0.050347341
19028.315,0.058324875
19030.89,0.055322026
19033.465,0.060162324
19036.04,0.051407859
19038.615,0.05311092
19041.191,0.060565624
19043.766,0.062268702
19046.342,0.070769176
19048.918,0.062014757
19051.494,0.062672111
19054.071,0.063329475
19056.647,0.0650326
19059.224,0.062552726
19061.801,0.067916
19064.378,0.069619151
19066.955,0.067662182
19069.532,0.063090842
19072.11,0.062702517
19074.688,0.062314202
19077.266,0.060880144
19079.844,0.053171586
19082.422,0.049646043
19085,0.042983254
19087.579,0.042594985
19090.158,0.041160972
19092.737,0.029269453
19095.316,0.038815851
19097.895,0.034244611
19100.475,0.02967338
19103.054,0.038696929
19105.634,0.023145325
19108.214,0.034783271
19110.794,0.034395084
19113.375,0.03086965
19115.955,0.045122003
19118.536,0.028524692
19121.117,0.035979678
19123.698,0.041866045
19126.279,0.027360265
19128.86,0.038998284
19131.442,0.033381411
19134.024,0.02985605
19136.606,0.03731109
19139.188,0.041106009
19141.77,0.030783289
19144.352,0.037192605
19146.935,0.032098662
19149.518,0.028573356
19152.101,0.037597078
19154.684,0.023091398
19157.267,0.039958275
19159.851,0.034864378
19162.434,0.02349598
19165.018,0.048206022
19167.602,0.030040256
19170.186,0.04063267
19172.771,0.04651921
19175.355,0.03358223
19177.94,0.035808657
19180.525,0.040126597
19183.11,0.043398794
19185.695,0.044056622
19188.281,0.040531452
19190.866,0.035437663
19193.452,0.042370028
19196.038,0.038844885
19198.624,0.041594261
19201.21,0.040683516
19203.797,0.028269511
19206.383,0.034679046
19208.97,0.02592519
19211.557,0.028151736
19214.144,0.035084173
19216.732,0.039925116
19219.319,0.042674565
19221.907,0.04333252
19224.495,0.047650614
19227.083,0.04673996
19229.671,0.048966569
19232.259,0.042827175
19234.848,0.047668181
19237.436,0.040483053
19240.025,0.05264434
19242.614,0.052779491
19245.204,0.050300273
19247.793,0.060370083
19250.383,0.049001994
19252.972,0.055411692
19255.562,0.041429242
19258.152,0.045224579
19260.743,0.049542801
19263.333,0.035560378
19265.924,0.047198879
19268.514,0.044719743
19271.105,0.04171774
19273.697,0.041330125
19276.288,0.035190885
19278.879,0.038463418
19281.471,0.041213086
19284.063,0.041871258
19286.655,0.044620944
19289.247,0.039004625
19291.84,0.042277204
19294.432,0.047641296
19297.025,0.040456377
19299.618,0.035362971
19302.211,0.041772841
19304.804,0.043476839
19307.397,0.043089342
19309.991,0.048453488
19312.585,0.046497382
19315.179,0.057090304
19317.773,0.0446767
19320.367,0.036446111
19322.962,0.037627297
19325.556,0.029919602
19328.151,0.031623681
19330.746,0.023393129
19333.341,0.015685461
19335.936,0.018958195
19338.532,0.012819173
19341.128,0.012954671
19343.724,0.0083842945
19346.32,0.010611313
19348.916,0.012838341
19351.512,0.00042485475
19354.109,-0.0015311059
19356.705,0.0022645765
19359.302,0.0065831439
19361.899,0.0093330929
19364.497,0.01469743
19367.094,0.016924521
19369.692,0.013922864
19372.289,0.019287228
19374.887,0.014194085
19377.485,0.025832978
19380.084,0.02858299
19382.682,0.029241509
19385.281,0.026239906
19387.88,0.026375566
19390.479,0.035400125
19393.078,0.038673059
19395.677,0.040377375
19398.277,0.043127451
19400.876,0.036988647
19403.476,0.037647239
19406.076,0.039874466
19408.677,0.037918697
19411.277,0.043806073
19413.877,0.039235943
19416.478,0.034142945
19419.079,0.038461722
19421.68,0.027617109
19424.281,0.03611891
19426.883,0.028934446
19429.484,0.029070252
19432.086,0.02763744
19434.688,0.015747121
19437.29,0.013268575
19439.893,0.017064549
19442.495,0.010403015
19445.098,0.014721882
19447.701,0.022178014
19450.304,0.010287749
19452.907,0.017221023
19455.51,0.014219665
19458.114,0.0059895583
19460.717,0.017628742
19463.321,0.0083529015
19465.925,0.014240469
19468.529,0.015422163
19471.134,0.011375109
19473.738,0.019877083
19476.343,0.024196059
19478.948,0.020671908
19481.553,0.018716392
19484.158,0.023558272
19486.764,0.017419769
19489.369,0.01807866
19491.975,0.020306188
19494.581,0.017827842
19497.187,0.016395257
19499.794,0.016531309
19502.4,0.015098743
19505.007,0.012097558
19507.614,0.006482003
19510.221,0.0087095944
19512.828,0.0077999401
19515.435,0.00061578501
19518.043,-0.00029385116
19520.65,-0.0001577266
19523.258,-0.0089104818
19525.866,-0.0051142084
19528.474,0.0023422049
19531.083,0.0014326142
19533.691,0.0047060391
19536.3,-0.00038653992
19538.909,0.0023640274
19541.518,-0.001159906
19544.127,-0.0015465755
19546.737,0.0074785289
19549.346,-0.0038885145
19551.956,0.0098424904
19554.566,0.0094558574
19557.176,0.014820867
19559.787,0.028029024
19562.397,0.013524771
19565.008,0.020458436
19567.619,0.016934593
19570.23,0.0055676226
19572.841,0.017207197
19575.452,0.0084546236
19578.064,0.014865458
19580.675,0.022322053
19583.287,0.018275389
19585.899,0.02102612
19588.512,0.020639606
19591.124,0.017115845
19593.737,0.020389479
19596.349,0.017388612
19598.962,0.016479258
19601.575,0.023935926
19604.189,0.021457962
19606.802,0.015842753
19609.416,0.023299448
19612.029,0.015069878
19614.643,0.02148084
19617.258,0.0069767777
19619.872,0.0060674961
19622.486,0.0082954786
19625.101,-0.003594177
19627.716,0.0085684642
19630.331,-0.0038440489
19632.946,-0.0031846576
19635.561,-0.0046167604
19638.177,-0.009186109
19640.793,-0.011663945
19643.409,-0.016756152
19646.025,-0.0040705709
19648.641,-0.010208511
19651.257,-0.0022287941
19653.874,-0.0062752124
19656.491,-0.0035242359
19659.108,0.0023640046
19661.725,-0.0074340204
19664.342,0.011526134
19666.959,0.0022510028
19669.577,0.0060477763
19672.195,0.0077530557
19674.813,0.0078897168
19677.431,0.013778021
19680.049,0.0092088178
19682.668,0.018757271
19685.286,0.0063449486
19687.905,0.0049130276
19690.524,0.0066183707
19693.144,0.0098923503
19695.763,0.011074836
19698.382,0.01225733
19701.002,0.021805847
19703.622,-0.0031554313
19706.242,0.0032558486
19708.862,0.00025537299
19711.483,0.00091503714
19714.103,0.00052895875
19716.724,-0.0066544962
19719.345,0.0044627116
19721.966,-0.0037664768
19724.587,0.00055336358
19727.209,0.0022588339
19729.831,-0.0044016997
19732.452,-0.0053105903
19735.074,-0.0020364652
19737.697,-0.0050368408
19740.319,-0.0043770767
19742.941,0.0072630888
19745.564,0.0032169888
19748.187,0.0064911593
19750.81,-0.0053980597
19753.433,0.0046735146
19756.057,-0.0040784314
19758.68,-0.0018559036
19761.304,0.0040267636
19763.928,-0.0015938284
19766.552,0.0079489869
19769.176,-0.0023774701
19771.8,0.0024594803
19774.425,0.0031134328
19777.05,-0.0040757432
19779.675,-0.0060361523
19782.3,0.00089233614
19784.925,-0.0010680556
19787.551,0.0042918228
19790.176,0.0091288341
19792.802,-0.0053805512
19795.428,0.0067767389
19798.054,0.0079536456
19800.681,-0.00028120377
19803.307,0.010830361
19805.934,0.0031184047
19808.561,0.01632149
19811.188,0.014361185
19813.815,0.00978651
19816.442,0.019852366
19819.07,0.017369212
19821.698,0.021683452
19824.325,0.0259977
19826.954,0.025606075
19829.582,0.024168707
19832.21,0.0237771
19834.839,0.024954128
19837.468,0.013582146
19840.097,0.016850695
19842.726,0.013321867
19845.355,0.010838799
19847.984,0.0078328648
19850.614,0.010578573
19853.244,0.0075726557
19855.874,0.012409884
19858.504,0.0020837232
19861.134,-0.0045822986
19863.765,0.00025495621
19866.396,-0.006933924
19869.026,0.0020863548
19871.658,0.0022177534
19874.289,0.00078053322
19876.92,0.0024805767
19879.552,0.0052263805
19882.183,0.0027434348
19884.815,0.0065350076
19887.447,0.012418092
19890.08,0.0052292904
19892.712,0.0079751377
19895.345,0.0018321048
19897.978,0.0092838518
19900.61,0.0094153461
19903.244,0.0085010975
19905.877,0.013861367
19908.51,0.013470012
19911.144,0.014124417
19913.778,0.013733079
19916.412,0.012295998
19919.046,0.006675919
19921.68,0.0057617313
19924.315,0.011644938
19926.95,0.0081163884
19929.584,0.0077251026
19932.22,0.018837093
19934.855,0.010602688
19937.49,0.010734304
19940.126,0.014003184
19942.761,-0.00050570588
19945.397,0.0064233219
19948.033,0.0023719663
19950.67,0.0025036258
19953.306,-0.0067764706
19955.943,-0.0019389113
19958.58,0.0008071535
19961.217,-0.0011526554
19963.854,0.00054767514
19966.491,-0.0076866262
19969.128,-0.0033718991
19971.766,-0.011083307
19974.404,-0.0146117
19977.042,-0.013434202
19979.68,-0.013302447
19982.319,-0.013170683
19984.957,-0.01303891
19987.596,-0.012907129
19990.235,-0.012775339
19992.874,-0.01264354
19995.513,-0.012511732
