M/Z,Intensity
-7.8602611e-005,-0.40345098
2.1773576e-007,-0.25443137
9.6021472e-005,-0.21521569
0.00036601382,-0.33286275
0.00081019477,0.035764706
0.0014285643,0.49066667
0.0022211225,-2.3093333
0.0031878693,-2.576
0.0043288047,-3.1877647
0.0056439287,-3.7838431
0.0071332413,-3.6897255
0.0087967426,-3.776
0.010634432,-3.5563922
0.012646311,-3.7809742
0.014832378,-3.5660921
0.017192634,-0.44900085
0.019727078,4.4644172
0.022435711,9.5584759
0.025318532,6.033175
0.028375542,3.6375344
0.031606741,8.0186127
0.035012128,2.3920963
0.038591704,-3.6577011
0.042345469,-3.126858
0.046273422,4.3297237
0.050375564,2.1551813
0.054651894,-0.27009317
0.059102413,0.94409648
0.063727121,1.0840247
0.068526017,-2.626779
0.073499102,0.21952834
0.078646375,7.4974567
0.083967837,8.8070059
0.089463488,2.7834703
0.095133327,-2.6751111
0.10097736,-3.553052
0.10699557,-3.607215
0.11318798,-3.5826982
0.11955457,-1.8559723
0.12609535,-0.089782329
0.13281032,-0.088049815
0.13969948,-0.82332381
0.14676283,0.59851334
0.15400037,1.5735401
0.16141209,2.9801877
0.16899801,1.3674759
0.17675811,0.59422825
0.1846924,2.3153466
0.19280088,1.958282
0.20108355,0.040681401
0.20954041,-2.0727492
0.21817145,-1.1663235
0.22697669,0.98740933
0.23595611,2.1688416
0.24510972,1.6642477
0.25443752,0.73637283
0.26393951,1.3460012
0.27361569,-0.083337639
0.28346605,-1.9830164
0.29349061,-1.7098977
0.30368935,-1.3973149
0.31406228,-2.5354641
0.3246094,-2.6929728
0.33533071,-0.94435067
0.34622621,0.18491196
0.3572959,0.46736417
0.36853977,1.6128099
0.37995783,1.2996804
0.39155009,1.2220935
0.40331653,1.1369119
0.41525716,1.7186453
0.42737197,2.3163133
0.43966098,1.8475631
0.45212418,2.218277
0.46476156,1.9774746
0.47757313,0.90554802
0.49055889,0.18681101
0.50371884,-0.64932466
0.51705298,-1.2734472
0.53056131,-1.3090861
0.54424382,-0.60722169
0.55810053,0.039989163
0.57213142,-0.073335902
0.5863365,0.19005802
0.60071577,0.14781798
0.61526923,0.63131653
0.62999688,0.64447524
0.64489871,0.76768627
0.65997473,0.85267718
0.67522495,0.44353561
0.69064935,0.2853596
0.70624794,-0.66498811
0.72202072,-0.58005652
0.73796769,-0.26768879
0.75408884,-0.88082608
0.77038419,-0.47437037
0.78685372,0.35559993
0.80349744,-0.22620931
0.82031535,-0.50999416
0.83730745,0.37483361
0.85447374,-0.29329463
0.87181421,-0.80457496
0.88932888,0.0017769466
0.90701773,0.40811402
0.92488077,-0.40125002
0.942918,0.091331905
0.96112942,0.80350684
0.97951503,0.28429439
0.99807483,0.45526319
1.0168088,1.6379819
1.035717,1.1108818
1.0547993,0.6308257
1.0740559,1.3429117
1.0934866,1.153022
1.1130916,0.31213709
1.1328707,1.1888844
1.152824,1.2577738
1.1729515,0.95017775
1.1932532,1.1366845
1.213729,1.3153333
1.2343791,1.1959281
1.2552033,0.94317466
1.2762018,1.294328
1.2973744,1.3395841
1.3187212,0.96913917
1.3402422,0.99083623
1.3619374,0.77722436
1.3838068,0.72046039
1.4058504,1.0558385
1.4280681,1.0539468
1.4504601,1.1618442
1.4730262,1.2697268
1.4957665,1.0560259
1.518681,0.86583966
1.5417697,0.40897188
1.5650326,0.22659908
1.5884697,0.29519183
1.612081,-0.067602795
1.6358664,0.12645049
1.6598261,0.14793993
1.6839599,0.08314003
1.7082679,0.40263902
1.7327501,0.29075064
1.7574065,0.31218075
1.7822371,0.64732153
1.8072419,0.39421217
1.8324209,0.54893113
1.857774,0.31932153
1.8833013,0.34852063
1.9090029,0.21299901
1.9348786,0.13236453
1.9609285,0.28700933
1.9871526,0.0024236179
2.0135509,0.26684268
2.0401234,0.33516848
2.06687,0.15249906
2.0937909,0.44824618
2.1208859,0.40672356
2.1481551,0.21616651
2.1755985,0.34716325
2.2032161,0.22716478
2.2310079,0.25617107
2.2589739,0.39496646
2.2871141,0.33766859
2.3154285,0.53917942
2.343917,0.52891071
2.3725797,0.36176442
2.4014167,0.52401507
2.4304278,0.37252539
2.4596131,0.29160912
2.4889726,0.2891094
2.5185062,0.32581052
2.5482141,0.22132035
2.5780962,0.3599526
2.6081524,0.35739355
2.6383828,0.33129026
2.6687875,0.28948586
2.6993663,0.28688232
2.7301193,-0.013775274
2.7610465,0.046336619
2.7921478,0.16133564
2.8234234,-0.084464478
2.8548732,0.19521077
2.8864971,-0.12905039
2.9182952,0.45647755
2.9502676,-0.54232307
2.9824141,0.53729285
3.0147348,0.21297237
3.0472296,0.037656668
3.0798987,0.53683594
3.112742,0.78501999
3.1457594,0.092012736
3.1789511,0.50487301
3.2123169,0.47065962
3.2458569,0.47564709
3.2795711,-0.099772424
3.3134595,1.1522442
3.3475221,0.45130483
3.3817589,0.31505651
3.4161698,0.90820512
3.450755,0.86604479
3.4855143,0.60426178
3.5204478,0.53069923
3.5555556,1.1943768
3.5908375,0.23451003
3.6262936,0.55305985
3.6619238,1.0755164
3.6977283,0.45286011
3.733707,0.66156151
3.7698598,0.80750299
3.8061868,0.64754729
3.8426881,0.54247872
3.8793635,0.76680708
3.9162131,0.96759119
3.9532369,0.27424283
3.9904348,0.49068356
4.027807,0.76985456
4.0653534,0.22548132
4.1030739,0.47325011
4.1409686,0.603357
4.1790376,0.3177628
4.2172807,0.19685964
4.255698,0.49162793
4.2942895,0.26089119
4.3330551,0.16347295
4.371995,0.17584381
4.411109,0.10192532
4.4503973,0.059364551
4.4898597,-0.085171832
4.5294963,0.14674754
4.5693071,-0.1233087
4.6092921,-0.0090660453
4.6494513,0.050259817
4.6897847,-0.18846837
4.7302923,0.10612195
4.770974,-0.11694962
4.8118299,0.012905154
4.8528601,-0.037647059
4.8940644,-0.11772427
4.9354429,-0.040945686
4.9769956,-0.042605435
5.0187225,0.0027866806
5.0606235,0.0089561526
5.1026988,-0.055469568
5.1449482,0.068333047
5.1873719,0.1058542
5.2299697,0.064937013
5.2727417,0.039699148
5.3156879,0.037983737
5.3588083,-0.02648373
5.4021029,0.058061453
5.4455717,-0.084851301
5.4892146,0.17222899
5.5330318,0.052831728
5.5770231,-0.035199939
5.6211886,0.31597712
5.6655283,0.039696247
5.7100422,0.16340841
5.7547303,0.36554499
5.7995926,0.081400107
5.8446291,0.22077767
5.8898397,0.29740319
5.9352245,0.20931586
5.9807836,0.17612353
6.0265168,0.26057131
6.0724242,0.11756115
6.1185058,0.25689697
6.1647616,0.15308858
6.2111916,0.2531948
6.2577957,0.43956857
6.3045741,0.17887656
6.3515266,0.21621681
6.3986533,0.33198147
6.4459543,0.032052905
6.4934294,0.030156595
6.5410787,0.07531215
6.5889021,0.089088199
6.6368998,0.19697494
6.6850717,-0.37749822
6.7334177,0.83625695
6.781938,0.0029463474
6.8306324,-0.10880259
6.879501,0.87748073
6.9285438,0.067678668
6.9777608,0.09708533
7.027152,0.31472033
7.0767174,0.47744641
7.1264569,0.12251847
7.1763707,-0.21673015
7.2264586,0.89499467
7.2767207,0.038085074
7.327157,-0.16785109
7.3777675,0.79483325
7.4285522,0.039863567
7.4795111,0.092730064
7.5306442,0.3338249
7.5819514,0.34746179
7.6334329,-0.085967092
7.6850885,-0.0095990137
7.7369183,0.48244838
7.7889223,-0.02943275
7.8411005,0.078287005
7.8934529,0.46835274
7.9459795,-0.0043335749
7.9986802,-0.006438615
8.0515552,0.10125331
8.1046043,0.14619318
8.1578277,-0.04416803
8.2112252,0.047816746
8.2647969,0.10842202
8.3185428,-0.12901889
8.3724629,0.11196462
8.4265572,-0.070588235
8.4808256,0.054793675
8.5352683,0.0076262187
8.5898851,-0.070914134
8.6446761,0.09368242
8.6996413,-0.29074098
8.7547808,-0.0006549264
8.8100943,0.061979801
8.8655821,-0.23617013
8.9212441,0.030385467
8.9770803,-0.16580438
9.0330906,-0.063955355
9.0892751,-0.040538052
9.1456339,-0.17398384
9.2021668,0.021981786
9.2588739,-0.08009215
9.3157552,-0.0096174133
9.3728107,-0.12737832
9.4300403,0.013683958
9.4874442,-0.096234506
9.5450222,0.0056113894
9.6027745,-0.025876396
9.6607009,-0.025991981
9.7188015,0.060166597
9.7770763,-0.026224193
9.8355253,0.036404278
9.8941485,0.067659853
9.9529458,-0.042261391
10.011917,0.18507192
10.071063,0.035934294
10.130383,0.075031615
10.189877,0.098442314
10.249545,0.0042056073
10.309388,0.12173326
10.369405,0.23926056
10.429596,0.050905165
10.489961,0.16058864
10.5505,0.13693843
10.611213,0.16034669
10.672101,0.1602252
10.733163,0.011083751
10.794399,0.22272627
10.855809,0.28534883
10.917393,0.081304379
10.979152,0.14392625
11.041085,0.277136
11.103192,0.057404231
11.165473,0.30826035
11.227928,0.010096513
11.290558,0.26095194
11.353361,0.30788544
11.416339,-0.029495123
11.479491,0.38606514
11.542818,0.12711525
11.606318,0.079929721
11.669993,0.53470463
11.733841,-0.22620709
11.797864,0.056018104
11.862062,0.13432138
11.926433,-0.16384628
11.990979,0.45563277
12.055698,-0.39939833
12.120592,0.59655061
12.185661,-0.046716476
12.250903,-0.12527803
12.316319,0.25890516
12.38191,0.094068405
12.447675,-0.055082428
12.513614,0.16439384
12.579727,-0.016130235
12.646015,0.21118848
12.712477,-0.25168924
12.779112,0.3364131
12.845923,-0.14215159
12.912907,-0.008951912
12.980065,0.34385526
13.047398,-0.22098498
13.114905,0.24946856
13.182586,-0.080078255
13.250441,0.045276545
13.31847,0.068670213
13.386674,-0.23734823
13.455051,0.25663298
13.523603,-0.22193518
13.592329,0.060280626
13.66123,0.020927458
13.730304,-0.089014292
13.799553,0.2402593
13.868976,-0.42654589
13.938573,0.18507994
14.008344,-0.097412221
14.07829,-0.27010081
14.148409,0.26309261
14.218703,-0.40371432
14.289171,0.12947841
14.359813,0.10580804
14.43063,-0.16099993
14.50162,0.17611332
14.572785,-0.10638162
14.644124,0.0032799498
14.715637,0.058039216
14.787324,-0.096882037
14.859186,0.18739806
14.931221,-0.093042073
15.003431,0.065719145
15.075815,0.02838759
15.148374,-0.063860265
15.221106,0.071328521
15.294013,-0.09153625
15.367094,-0.066180066
15.440349,0.092495111
15.513778,-0.0076675813
15.587381,0.064704406
15.661159,0.05863068
15.735111,-0.041575032
15.809237,0.030753935
15.883537,-0.038107909
15.958011,0.034192378
16.03266,-0.10528638
16.107482,0.076789147
16.182479,0.04708563
16.25765,-0.061063601
16.332996,0.097439496
16.408515,-0.049954101
16.484209,0.0065595315
16.560077,0.14933333
16.636119,-0.072356383
16.712335,-0.074496923
16.788725,-0.053166719
16.86529,-0.16522852
16.942029,-0.14401565
17.018942,-0.044430072
17.096029,-0.18804042
17.17329,-0.27680747
17.250726,-0.1146528
17.328335,-0.27412543
17.406119,-0.24542143
17.484077,-0.083442761
17.56221,-0.25877766
17.640516,-0.034171232
17.718997,-0.11550582
17.797652,0.17172837
17.876481,-0.19207649
17.955484,0.54209919
18.034662,0.31935346
18.114013,-0.10737251
18.193539,0.46976443
18.273239,0.27821524
18.353113,0.98856818
18.433162,0.31062715
18.513384,0.31498039
18.593781,0.71081451
18.674352,-0.093496334
18.755097,0.30989098
18.836016,0.20332941
18.91711,-0.41318105
18.998377,-0.37101296
19.079819,-0.9329114
19.161435,-0.63220972
19.243226,-0.99047654
19.32519,-1.0743785
19.407329,-0.99371959
19.489642,-1.5798723
19.572129,-1.2406798
19.65479,-1.4271224
19.737625,-1.496063
19.820635,-1.5259328
19.903819,-1.9010457
19.987177,-1.3272839
20.070709,-1.3497455
20.154415,-0.16450895
20.238296,4.7931316
20.32235,8.0251371
20.406579,0.0020955869
20.490982,5.9789091
20.57556,87.288911
20.660311,91.241905
20.745237,85.586911
20.830337,20.904321
20.915611,16.190214
21.001059,10.181844
21.086681,7.5301918
21.172478,8.047022
21.258449,9.7166484
21.344594,9.103777
21.430913,7.3378194
21.517406,7.0854423
21.604074,6.7231163
21.690915,6.7135865
21.777931,5.1117549
21.865121,4.1842881
21.952486,2.833147
22.040024,2.1955864
22.127737,1.4716062
22.215624,0.88865763
22.303685,0.39968169
22.39192,0.30271765
22.480329,-0.07674431
22.568913,-0.6602728
22.657671,-0.55375019
22.746603,-0.816
22.835709,-0.89535318
22.924989,-0.99051709
23.014444,-1.3054133
23.104073,-1.2753359
23.193876,-1.5669517
23.283853,-1.8430056
23.374004,-1.8289878
23.46433,-1.9798005
23.554829,-2.044463
23.645503,-2.273956
23.736351,-2.5506322
23.827373,-2.7097858
23.91857,-2.4847501
24.009941,-2.7147408
24.101485,-2.9056404
24.193204,-3.13588
24.285098,-3.1231069
24.377165,-3.3143798
24.469407,-3.4038164
24.561822,-3.297299
24.654412,-3.473259
24.747176,-3.4767944
24.840115,-3.6608465
24.933227,-3.9234544
25.026514,-3.6057945
25.119975,-3.8608082
25.21361,-3.6767307
25.307419,-3.1084638
25.401403,-2.0932626
25.49556,3.5414219
25.589892,21.960296
25.684398,19.743751
25.779078,0.52316028
25.873933,45.553425
25.968961,86.936507
26.064164,87.98221
26.159541,87.867004
26.255092,74.222261
26.350818,72.46759
26.446717,64.273579
26.542791,69.640228
26.639039,81.1244
26.735461,84.412368
26.832057,84.908055
26.928828,85.850677
27.025772,85.295135
27.122891,84.637508
27.220184,84.458187
27.317652,82.725801
27.415293,80.585448
27.513109,77.048891
27.611098,71.943583
27.709262,68.140111
27.807601,63.222789
27.906113,58.321028
28.0048,50.823065
28.10366,44.650468
28.202695,40.501275
28.301904,36.783331
28.401288,34.288792
28.500845,31.268638
28.600577,30.122869
28.700483,29.180897
28.800563,26.858409
28.900817,25.931875
29.001246,25.946393
29.101848,26.784315
29.202625,26.045643
29.303576,24.232337
29.404701,20.034592
29.506001,19.091625
29.607474,18.11716
29.709122,18.060219
29.810944,17.712956
29.91294,18.110668
30.01511,18.461196
30.117455,17.493953
30.219974,15.585408
30.322666,15.10419
30.425534,12.881672
30.528575,12.18844
30.63179,13.079398
30.73518,13.005525
30.838744,13.174666
30.942482,13.586819
31.046394,14.210612
31.15048,15.061732
31.254741,15.214688
31.359176,15.681245
31.463785,15.724149
31.568568,16.566927
31.673525,16.95468
31.778657,17.052112
31.883963,18.286674
31.989442,18.01523
32.095097,18.135818
32.200925,18.271967
32.306927,19.741326
32.413104,20.967423
32.519455,21.518886
32.62598,20.650616
32.732679,19.476339
32.839553,17.698017
32.9466,17.276433
33.053822,18.862567
33.161218,20.60544
33.268788,20.708973
33.376532,21.024146
33.484451,21.911743
33.592544,27.222745
33.700811,27.168917
33.809252,26.165945
33.917867,29.060888
34.026657,31.281197
34.13562,30.481773
34.244758,30.764577
34.35407,28.513924
34.463556,24.788637
34.573217,21.110284
34.683052,17.714159
34.79306,14.796342
34.903243,11.447027
35.013601,10.764254
35.124132,10.010769
35.234838,8.3395126
35.345717,9.0759747
35.456771,8.3534887
35.567999,7.332839
35.679402,12.92383
35.790978,29.157833
35.902729,14.176026
36.014654,4.9744861
36.126753,5.9375279
36.239026,6.9004452
36.351474,6.1534342
36.464095,4.0651222
36.576891,4.2433524
36.689861,3.8175366
36.803005,3.0229689
36.916324,3.4047473
37.029816,1.9040483
37.143483,2.2777347
37.257324,2.7611005
37.371339,0.75022424
37.485529,1.3117725
37.599892,0.60260812
37.71443,0.58351532
37.829142,-0.063152907
37.944028,-0.23935736
38.059088,-0.20392157
38.174323,-0.96926671
38.289731,-0.78549243
38.405314,0.041518913
38.521071,-0.50391896
38.637002,-0.75121781
38.753108,-0.77880901
38.869387,-0.8063004
38.985841,-0.7944763
39.102469,-0.56294455
39.219271,-0.60582279
39.336248,-1.0486012
39.453398,-0.80892692
39.570723,-0.694643
39.688222,-0.98025927
39.805895,-0.55989338
39.923742,-0.74334925
40.041764,-0.57376414
40.15996,-0.83545177
40.278329,-0.41468665
40.396873,-0.22911585
40.515592,-0.78854327
40.634484,-0.13218462
40.753551,-0.51886341
40.872792,-0.28583455
40.992207,-0.24094118
41.111796,-0.83191187
41.231559,-0.70160352
41.351497,-0.94805535
41.471608,-0.84969871
41.591894,-1.3790826
41.712355,-1.7126777
41.832989,-1.5132291
41.953797,-1.1336778
42.07478,-1.7348083
42.195937,-1.9754441
42.317268,-1.6516636
42.438773,0.53065089
42.560453,11.465617
42.682306,40.808137
42.804334,35.248406
42.926536,4.57466
43.048912,59.28886
43.171463,77.516496
43.294187,77.790901
43.417086,77.515997
43.540159,72.848646
43.663406,76.165319
43.786828,65.756213
43.910423,51.535053
44.034193,50.278308
44.158137,52.652647
44.282255,50.493363
44.406547,52.874966
44.531014,56.064122
44.655654,61.347106
44.780469,65.421958
44.905458,65.7475
45.030621,60.723733
45.155959,55.503599
45.28147,68.57337
45.407156,71.313441
45.533016,51.214006
45.65905,33.082909
45.785259,36.841718
45.911641,34.466905
46.038198,31.534939
46.164929,32.924252
46.291834,34.979942
46.418913,36.792206
46.546167,36.212023
46.673595,37.074688
46.801196,37.835102
46.928972,39.740325
47.056923,38.688395
47.185047,38.906764
47.313346,38.787589
47.441819,39.577928
47.570466,42.422879
47.699287,36.9146
47.828282,31.202109
47.957452,29.026584
48.086795,29.839004
48.216313,29.741331
48.346006,26.278663
48.475872,29.709822
48.605912,58.426967
48.736127,61.3399
48.866516,39.86823
48.997079,37.321761
49.127816,56.516178
49.258728,60.22011
49.389813,63.006105
49.521073,64.450634
49.652507,64.043894
49.784115,64.327059
49.915898,63.323661
50.047854,61.049385
50.179985,58.17874
50.31229,54.813689
50.444769,49.299328
50.577423,41.910168
50.71025,47.37562
50.843252,58.636861
50.976428,48.195852
51.109778,35.260436
51.243302,38.065906
51.377001,37.443636
51.510873,33.683821
51.64492,29.460972
51.779141,26.194696
51.913536,22.881071
52.048106,18.986765
52.182849,16.66864
52.317767,13.926696
52.452859,11.12956
52.588125,9.8301736
52.723566,8.483439
52.85918,5.9677874
52.994969,4.5655717
53.130932,3.484635
53.267069,1.8387029
53.40338,-0.17614633
53.539866,-0.66187333
53.676525,-1.7988703
53.813359,-2.9126275
53.950367,-3.1279913
54.08755,-3.8846259
54.224906,-4.0374333
54.362437,-4.9275899
54.500141,-4.5472526
54.63802,-4.1356371
54.776074,-4.9711747
54.914301,-7.0146498
55.052703,-5.5993956
55.191278,-5.0861966
55.330028,-5.8123076
55.468952,-5.3541991
55.608051,-5.8608909
55.747323,-6.2029711
55.88677,-6.741224
56.026391,-6.063885
56.166186,-7.8023266
56.306155,-7.1173331
56.446298,-6.2520418
56.586616,-5.7005703
56.727108,-5.1256637
56.867774,-3.8135965
57.008614,-1.7408393
57.149629,-0.15445091
57.290817,-0.36423529
57.43218,-0.45973232
57.573717,2.6445853
57.715428,5.7722471
57.857313,7.0408999
57.999373,6.4191714
58.141607,5.8992184
58.284014,4.7437859
58.426597,4.3254229
58.569353,4.3696198
58.712283,5.6450039
58.855388,5.8613791
58.998667,4.8305102
59.14212,5.2190638
59.285747,5.6780203
59.429548,4.1760072
59.573524,4.5796911
59.717674,6.9361308
59.861998,6.3668951
60.006496,5.6327681
60.151168,4.4592401
60.296015,5.1600366
60.441036,9.1077067
60.58623,2.3179364
60.7316,-1.1229995
60.877143,-2.1484345
61.02286,-0.85248616
61.168752,-0.83515453
61.314818,1.1035604
61.461058,6.8773841
61.607472,6.5412186
61.754061,5.3107501
61.900823,8.0016649
62.04776,11.186512
62.194871,13.665292
62.342156,13.492905
62.489616,20.520334
62.637249,23.516204
62.785057,9.4765954
62.933039,3.311311
63.081195,6.1419197
63.229525,3.1448921
63.37803,2.7516007
63.526708,21.016948
63.675561,41.282109
63.824588,17.594144
63.97379,3.9608958
64.123165,16.068639
64.272715,25.73698
64.422439,30.479647
64.572337,36.17899
64.722409,43.360502
64.872655,30.126141
65.023076,23.895517
65.17367,31.758826
65.324439,24.994498
65.475383,18.779004
65.6265,44.07705
65.777791,48.708245
65.929257,49.433372
66.080897,45.130862
66.232711,31.173265
66.384699,24.768424
66.536862,12.386927
66.689198,11.040539
66.841709,36.486123
66.994394,14.50407
67.147254,-2.8899329
67.300287,1.5825456
67.453495,0.12542699
67.606876,-3.2456024
67.760432,7.6341632
67.914162,35.619626
68.068067,13.236276
68.222145,-11.978632
68.376398,-9.907451
68.530825,-6.9750635
68.685426,-9.9642634
68.840201,-7.7848546
68.995151,-4.2721313
69.150274,-9.1358973
69.305572,-11.607525
69.461044,-10.087015
69.616691,-10.221425
69.772511,-9.053894
69.928506,-3.5569695
70.084674,-2.5228088
70.241017,-7.9670983
70.397535,-6.5957203
70.554226,-2.1027924
70.711092,0.38227365
70.868131,0.89085031
71.025345,-0.24765062
71.182733,-0.084209521
71.340296,-1.5756891
71.498032,-1.7338542
71.655943,-0.16654782
71.814028,0.20858294
71.972287,1.7836949
72.13072,4.7627098
72.289327,15.404451
72.448109,31.199114
72.607065,38.774151
72.766195,39.658974
72.925499,38.95162
73.084977,35.757973
73.24463,29.52117
73.404457,21.896114
73.564458,16.310254
73.724633,12.708689
73.884982,9.8757325
74.045506,7.0113849
74.206203,5.6529009
74.367075,2.7257707
74.528121,0.95940609
74.689342,-0.06187927
74.850736,-0.032202999
75.012305,-2.1123494
75.174048,-0.31016164
75.335965,19.225341
75.498056,8.6745498
75.660321,-6.6370442
75.822761,-7.3839511
75.985375,-6.3112689
76.148163,-7.6386055
76.311125,8.508549
76.474261,24.914522
76.637572,0.38711004
76.801056,-11.0031
76.964715,-4.9737536
77.128548,-6.6699501
77.292556,-5.6995321
77.456737,8.1727944
77.621093,4.3744804
77.785623,-5.6827093
77.950327,-5.324265
78.115205,-3.8521475
78.280257,-6.7173371
78.445484,18.927225
78.610885,38.932519
78.77646,6.8985453
78.942209,-12.4845
79.108132,-4.7381865
79.27423,-3.4703562
79.440502,-1.0731664
79.606947,9.5357358
79.773568,2.7328211
79.940362,5.0749522
80.10733,12.169972
80.274473,-1.362511
80.44179,5.7480908
80.609281,44.419425
80.776946,45.827961
80.944786,45.777622
81.112799,41.084093
81.280987,33.339532
81.449349,19.767467
81.617885,2.8384877
81.786596,14.152593
81.95548,6.1411561
82.124539,-5.3605292
82.293772,-8.5406982
82.463179,-6.7169978
82.63276,-2.7286438
82.802516,13.996913
82.972446,1.2243781
83.142549,-8.6305619
83.312828,-7.795358
83.48328,-4.8896181
83.653906,-4.9956952
83.824707,-5.3371187
83.995682,-5.0903591
84.166831,-6.2240439
84.338154,-5.4362123
84.509651,-4.2954918
84.681323,-3.3822745
84.853169,-3.3374648
85.025189,-4.4929833
85.197383,-4.9664772
85.369751,-4.1932404
85.542294,-2.7928809
85.71501,-0.95363392
85.887901,0.23430443
86.060966,2.817993
86.234206,10.248412
86.407619,18.298111
86.581207,0.40238332
86.754969,10.969073
86.928905,38.045238
87.103015,39.340682
87.277299,39.122073
87.451758,38.18941
87.626391,37.813282
87.801198,28.762316
87.976179,23.467884
88.151334,35.231947
88.326664,22.697644
88.502168,4.2885015
88.677845,6.4437371
88.853698,10.151586
89.029724,13.090479
89.205924,15.072181
89.382299,11.422182
89.558848,8.0698938
89.735571,3.5721797
89.912468,0.038843197
90.08954,8.1287079
90.266785,24.696676
90.444205,8.2603937
90.621799,-6.6468047
90.799567,-7.5386451
90.97751,-7.5837549
91.155626,6.2061012
91.333917,27.046609
91.512382,9.4162012
91.691021,-15.2263
91.869834,-16.355404
92.048822,-13.163267
92.227984,-4.5440082
92.407319,7.7062953
92.586829,1.1248981
92.766514,2.1353295
92.946372,-13.599665
93.126405,-9.6094983
93.306612,25.909752
93.486993,27.248283
93.667548,26.766877
93.848277,26.308672
94.029181,24.854061
94.210259,17.744219
94.391511,13.93601
94.572937,18.433355
94.754537,3.2362546
94.936312,-7.4435273
95.11826,-9.300108
95.300383,-3.7530954
95.48268,19.699471
95.665152,21.183082
95.847797,2.9095025
96.030617,-13.160484
96.213611,-10.062172
96.396779,-10.69752
96.580121,-1.929276
96.763637,-4.1574383
96.947328,-11.923184
97.131193,-14.12063
97.315232,-11.0086
97.499445,-2.406703
97.683832,10.398788
97.868394,5.1176756
98.053129,2.220549
98.238039,8.0905541
98.423123,9.4036183
98.608382,8.175428
98.793814,6.6491203
98.979421,5.1148913
99.165202,6.5923489
99.351157,6.6971793
99.537286,5.0136964
99.723589,4.4203314
99.910067,4.4857117
100.09672,6.6451316
100.28354,8.0985911
100.47055,8.4696194
100.65772,9.146452
100.84507,11.878108
101.03259,9.6920397
101.22029,5.9137359
101.40816,3.3039815
101.5962,4.4274822
101.78442,15.08816
101.97282,16.211504
102.16139,16.581829
102.35013,8.630508
102.53904,8.1771475
102.72813,10.155081
102.9174,14.791761
103.10684,15.514637
103.29645,5.9237087
103.48624,0.48172232
103.6762,4.5220108
103.86633,3.0563387
104.05664,1.9984317
104.24713,-2.00073
104.43779,-6.7921266
104.62862,-9.8894837
104.81963,-10.41437
105.01081,8.3783128
105.20216,9.9630742
105.39369,-12.216948
105.58539,-22.679402
105.77727,-16.773306
105.96932,-14.54572
106.16155,-3.8162512
106.35395,-11.353527
106.54652,-19.416371
106.73927,-21.181255
106.93219,-16.279549
107.12529,12.684823
107.31856,14.229509
107.51201,7.4603922
107.70563,-14.491325
107.89942,-15.18818
108.09339,11.095315
108.28753,14.084651
108.48185,14.987671
108.67634,14.56516
108.871,13.946529
109.06584,12.26119
109.26085,11.752281
109.45604,12.655095
109.6514,13.573555
109.84694,7.8409922
110.04264,1.1515258
110.23853,12.548293
110.43459,13.717567
110.63082,14.478958
110.82722,14.432464
111.02381,14.385928
111.22056,14.292293
111.41749,14.292734
111.61459,14.246075
111.81187,13.58761
112.00932,13.015378
112.20695,11.258792
112.40475,12.184517
112.60272,13.149416
112.80087,13.400549
112.99919,11.745758
113.19769,10.451711
113.39636,8.7419353
113.5952,8.4203542
113.79422,5.196771
113.99342,2.9770681
114.19278,-1.7524799
114.39233,-1.2977554
114.59204,10.019673
114.79193,10.93706
114.992,4.8426413
115.19223,-5.2361325
115.39265,8.5752485
115.59323,11.923843
115.794,12.809652
115.99493,12.518948
116.19604,12.000753
116.39732,11.655065
116.59878,11.881885
116.80041,13.018467
117.00222,12.970695
117.2042,12.922881
117.40635,12.569144
117.60868,12.285954
117.81119,12.026252
118.01386,12.731215
118.21672,11.734175
118.41974,8.6586633
118.62294,8.5556592
118.82631,10.31928
119.02986,8.9926643
119.23358,4.9601247
119.43748,-0.65676992
119.64155,6.1733531
119.8458,11.06618
120.05022,11.998181
120.25481,9.2673961
120.45958,2.944413
120.66452,2.7782514
120.86963,5.8512642
121.07492,5.1516868
121.28039,-0.98322601
121.48603,-5.0475918
121.69184,-5.5198419
121.89783,-0.51762353
122.10399,5.2296517
122.31032,-1.917232
122.51683,-8.5229804
122.72351,-7.1123341
122.93037,2.023742
123.1374,9.3244636
123.34461,4.6564972
123.55199,-7.9017256
123.75954,-10.154127
123.96727,-3.5830585
124.17518,4.7212824
124.38325,-1.1312998
124.5915,-8.5055111
124.79993,-8.2405671
125.00853,3.3811791
125.2173,8.9244336
125.42625,6.6480198
125.63537,-3.6206113
125.84467,-5.1755774
126.05414,1.6772393
126.26378,7.1731328
126.4736,6.5748482
126.6836,7.2000326
126.89376,7.738882
127.10411,8.0188475
127.31462,8.5654192
127.52531,8.5472246
127.73618,6.9995578
127.94721,6.8871246
128.15843,7.7314938
128.36981,8.5836457
128.58137,9.3416196
128.79311,8.0132584
129.00502,7.947582
129.2171,8.0387078
129.42936,8.2160477
129.64179,8.6992096
129.8544,7.9352522
130.06718,7.5790775
130.28013,7.6542149
130.49326,8.882233
130.70656,8.8239163
130.92004,8.7498528
131.13369,8.5031798
131.34751,7.432917
131.56151,8.5272997
131.77569,8.4529945
131.99004,8.3786288
132.20456,8.3042027
132.41925,8.2297162
132.63412,8.1551692
132.84917,8.0805618
133.06439,8.005894
133.27978,7.8370481
133.49535,7.1818673
133.71109,7.2089789
133.927,7.2674027
134.14309,3.4904719
134.35936,-4.1767153
134.5758,-0.71455129
134.79241,4.7161798
135.00919,1.8801837
135.22615,-6.7519512
135.44329,-9.4233622
135.6606,-3.5301277
135.87808,2.1983404
136.09574,0.075767677
136.31357,-5.1841204
136.53158,-4.0754414
136.74976,2.9704321
136.96811,5.7025196
137.18664,5.6423898
137.40534,3.4567094
137.62422,1.4827333
137.84327,4.779285
138.06249,6.1542076
138.28189,5.2702462
138.50147,0.48818522
138.72121,-0.39589699
138.94114,5.0729015
139.16123,5.8828161
139.3815,3.2965918
139.60195,-5.5563596
139.82257,3.0494521
140.04336,5.404223
140.26433,5.507953
140.48547,5.4312305
140.70678,5.2289573
140.92827,3.8109374
141.14993,4.8163865
141.37177,4.778638
141.59378,1.4231819
141.81597,-1.2186091
142.03833,3.4650296
142.26087,4.0152746
142.48358,1.8987925
142.70646,-3.4961815
142.92952,-0.075529548
143.15275,3.4313364
143.37615,3.1185342
143.59973,-0.74726974
143.82349,-6.722938
144.04741,-1.4829804
144.27152,2.3583956
144.49579,-0.67864894
144.72024,-6.9705846
144.94487,-5.348784
145.16967,2.7436157
145.39464,3.6046536
145.61979,1.8931534
145.84511,-3.9281399
146.07061,0.14077365
146.29628,3.2136196
146.52212,3.1021627
146.74814,-1.385754
146.97433,-6.2422874
147.2007,0.6031509
147.42724,3.2995804
147.65395,2.2313148
147.88084,-5.3075282
148.10791,-2.3600858
148.33515,3.308936
148.56256,4.4760078
148.79014,3.8234827
149.0179,-1.017267
149.24584,2.6517981
149.47395,3.4659721
149.70223,3.7703529
149.93069,2.6616545
150.15932,-0.65097958
150.38812,1.8716663
150.6171,3.3041021
150.84626,-0.46347633
151.07559,-7.8624414
151.30509,-6.1555382
151.53476,0.66507643
151.76461,0.99155926
151.99464,-3.4349132
152.22484,-6.6692429
152.45521,0.48857018
152.68576,3.3797025
152.91648,4.1531736
153.14738,-1.3714086
153.37845,-2.9979657
153.60969,2.0029141
153.84111,2.4077013
154.0727,0.42816074
154.30447,0.65252761
154.53641,2.8298215
154.76852,3.4384739
155.00081,3.8510338
155.23328,3.2518148
155.46591,2.8094445
155.69872,3.0415698
155.93171,3.438387
156.16487,3.7881312
156.39821,2.8908025
156.63171,2.8169891
156.8654,3.9431615
157.09925,3.7124572
157.33328,3.6464446
157.56749,3.9098296
157.80187,3.8908476
158.03642,3.8718515
158.27115,3.8528413
158.50605,3.833817
158.74113,3.783406
158.97638,3.795726
159.2118,3.7766594
159.4474,3.5615002
159.68318,3.6129936
159.91912,3.7193749
160.15524,3.7002518
160.39154,3.6811146
160.62801,3.4423555
160.86465,3.5173078
161.10147,3.0432263
161.33846,3.5338366
161.57563,2.3930603
161.81297,1.4561914
162.05049,2.5114653
162.28818,3.1118231
162.52604,2.637657
162.76408,-1.0129938
163.00229,0.22261584
163.24067,2.7915447
163.47923,3.4310476
163.71797,0.38426198
163.95688,-7.9252829
164.19596,-2.3524889
164.43522,1.0555851
164.67465,-4.8540021
164.91425,-11.15576
165.15403,-6.9947874
165.39398,0.22499486
165.63411,-2.0140605
165.87441,-8.6452869
166.11489,1.4136688
166.35554,2.4765319
166.59637,3.1785965
166.83736,3.0571177
167.07854,1.9160169
167.31988,2.092549
167.5614,3.1470682
167.8031,3.1741559
168.04497,0.79341995
168.28701,-0.11278665
168.52923,2.5025949
168.77162,2.8591725
169.01419,0.0079263865
169.25693,-0.38055506
169.49985,2.3603948
169.74293,3.3915602
169.9862,3.0894118
170.22963,1.0539497
170.47325,2.7283109
170.71703,3.5007309
170.96099,2.8457195
171.20513,-2.3818215
171.44943,1.4337943
171.69392,2.8415865
171.93857,2.351359
172.1834,-3.0486529
172.42841,0.62586457
172.67359,2.841578
172.91894,3.7239776
173.16447,2.1593379
173.41017,-0.21312537
173.65605,2.8810975
173.9021,3.1674968
174.14832,3.249994
174.39472,2.948197
174.64129,3.1875961
174.88804,3.9681911
175.13496,3.9958644
175.38206,4.0235573
175.62932,4.0512697
175.87677,4.0790016
176.12439,4.1067531
176.37218,4.134524
176.62014,4.1623145
176.86828,4.1901245
177.1166,4.217954
177.36509,4.2458031
177.61375,4.2736717
177.86259,4.3015598
178.1116,4.3294674
178.36079,4.3573945
178.61014,4.3853412
178.85968,4.4133074
179.10939,4.4412931
179.35927,4.4692983
179.60933,4.4267348
179.85956,4.4234065
180.10996,4.5534311
180.36054,4.5815144
180.61129,4.0762839
180.86222,3.8377396
181.11332,4.5168619
181.3646,4.6940429
181.61605,4.2281062
181.86767,2.8759145
182.11947,3.9864874
182.37144,4.5402171
182.62359,4.4116133
182.87591,4.275186
183.12841,4.8917193
183.38108,4.9200369
183.63392,4.948374
183.88694,4.9767306
184.14013,5.0051068
184.39349,5.0335024
184.64703,5.0619176
184.90075,5.0903523
185.15464,5.1188066
185.4087,5.1472803
185.66294,5.1757736
185.91735,5.2042864
186.17193,5.2328187
186.42669,5.2613706
186.68163,5.1958243
186.93673,5.3185328
187.19202,5.3471432
187.44747,5.3757731
187.7031,5.1220697
187.95891,5.3311308
188.21489,5.4617801
188.47104,5.4904881
188.72737,5.5113725
188.98387,5.5479627
189.24054,5.0120234
189.49739,3.981986
189.75442,4.3088308
190.01162,3.2160873
190.26899,0.26453984
190.52654,0.2228158
190.78426,3.2242485
191.04215,1.2217792
191.30022,-4.3806706
191.55846,-3.7713361
191.81688,2.6811551
192.07547,2.059156
192.33424,-3.331451
192.59318,-4.6189433
192.85229,0.713277
193.11158,-0.42498626
193.37104,-6.0180468
193.63068,-4.6149242
193.89049,2.4510482
194.15048,2.9210469
194.41064,-2.6323791
194.67097,-5.0484456
194.93148,0.75520056
195.19216,4.3158141
195.45302,7.4059442
195.71405,7.7197083
195.97525,8.1120085
196.23663,8.2691193
196.49818,8.4263348
196.75991,8.583655
197.02181,8.74108
197.28389,8.8986096
197.54614,9.0562439
197.80856,9.2139829
198.07116,9.3326109
198.33393,8.6199711
198.59688,4.2682203
198.86,8.8969664
199.12329,10.004249
199.38676,10.162616
199.6504,4.7759896
199.91422,6.8718212
200.17821,10.638346
200.44238,10.797132
200.70672,10.956022
200.97123,11.115018
201.23592,11.274118
201.50078,11.433323
201.76582,11.592632
202.03103,11.752047
202.29642,11.911566
202.56198,12.071189
202.82771,12.230918
203.09362,12.390751
203.3597,12.550688
203.62595,12.710731
203.89238,12.870878
204.15899,13.03113
204.42577,13.191487
204.69272,13.351948
204.95985,13.512514
205.22715,13.673184
205.49462,13.83396
205.76227,13.99484
206.0301,14.155825
206.2981,12.293385
206.56627,6.3761476
206.83461,2.0668583
207.10313,-4.7835028
207.37183,-8.818073
207.6407,-7.8094012
207.90974,-9.2163109
208.17896,-11.862332
208.44835,-11.355307
208.71791,-8.9109218
208.98765,-9.6742755
209.25757,-11.841446
209.52766,-10.565375
209.79792,-7.7676299
210.06836,-8.4129177
210.33897,-9.7090812
210.60975,-8.4718067
210.88071,-6.0736431
211.15184,-6.883218
211.42315,-6.2809235
211.69463,-2.1726419
211.96629,-0.45641254
212.23812,-4.2145882
212.51012,-4.9847479
212.7823,0.71567977
213.05465,4.1494397
213.32718,-0.28346792
213.59988,-2.7712785
213.87276,0.46640007
214.14581,3.547215
214.41903,8.2829308
214.69243,17.614724
214.966,17.707301
215.23975,17.776347
215.51367,17.468922
215.78776,13.334044
216.06203,17.55995
216.33647,17.730954
216.61109,17.705877
216.88588,13.539623
217.16085,10.455722
217.43598,9.3090738
217.7113,1.9977191
217.98679,-0.15285233
218.26245,3.9789282
218.53829,4.4165902
218.8143,6.846408
219.09048,11.770342
219.36684,10.78055
219.64337,9.4299731
219.92008,16.189199
220.19696,17.795482
220.47402,17.73902
220.75125,16.278635
221.02865,17.633935
221.30623,17.836293
221.58398,17.717081
221.86191,16.790025
222.14001,17.400224
222.41828,17.830029
222.69673,17.530421
222.97536,14.783753
223.25415,14.837085
223.53313,15.886494
223.81227,14.865314
224.09159,15.702956
224.37109,17.37197
224.65076,17.676277
224.9306,17.619799
225.21061,17.8143
225.49081,17.812721
225.77117,17.811142
226.05171,17.809562
226.33242,17.807981
226.61331,17.806398
226.89437,17.804815
227.17561,17.803231
227.45702,17.801646
227.73861,17.80006
228.02036,17.798473
228.3023,12.745904
228.5844,2.3992169
228.86669,0.53880335
229.14914,-4.5843563
229.43177,-6.0683013
229.71457,-2.964012
229.99755,-1.8910961
230.28071,-0.83386758
230.56403,7.42336
230.84753,13.751175
231.13121,7.3182044
231.41506,2.6420957
231.69908,10.844417
231.98328,16.17615
232.26765,13.523568
232.55219,8.8709844
232.83691,11.324283
233.12181,11.385423
233.40688,7.6818563
233.69212,8.1116221
233.97754,13.984524
234.26313,13.190759
234.54889,7.6440509
234.83483,7.4934206
235.12095,10.707495
235.40723,9.0196081
235.69369,8.3277984
235.98033,10.985007
236.26714,10.740254
236.55413,10.220991
236.84128,12.823295
237.12862,15.002069
237.41612,10.95339
237.70381,9.3360835
237.99166,14.518776
238.27969,16.407349
238.56789,13.346902
238.85627,12.694298
239.14482,15.924045
239.43355,14.047909
239.72245,11.520791
240.01153,14.954457
240.30077,17.352828
240.5902,17.727668
240.87979,17.726037
241.16957,17.724404
241.45951,17.722771
241.74963,17.470156
242.03993,17.719502
242.33039,17.717865
242.62104,17.716228
242.91185,17.494982
243.20284,17.383539
243.49401,17.428958
243.78535,17.333199
244.07686,17.300185
244.36855,17.36913
244.66041,17.383172
244.95245,16.699174
245.24466,17.560273
245.53704,17.574312
245.8296,17.517763
246.12233,16.159251
246.41524,17.647797
246.70832,17.693205
247.00158,16.977828
247.295,15.705586
247.58861,17.601972
247.88239,17.686592
248.17634,17.684936
248.47046,17.683279
248.76476,17.681621
249.05924,17.679962
249.35389,17.678303
249.64871,17.676642
249.94371,17.67498
250.23888,17.673318
250.53422,17.671654
250.82974,17.669989
251.12544,17.668324
251.42131,17.360775
251.71735,15.66499
252.01356,14.855478
252.30996,13.418514
252.60652,13.385471
252.90326,15.077917
253.20017,14.142911
253.49726,10.784375
253.79452,12.249367
254.09196,13.259457
254.38957,11.304839
254.68735,11.860024
254.98531,14.995601
255.28344,14.052745
255.58175,12.404006
255.88023,13.923893
256.17888,15.200642
256.47771,13.402881
256.77672,13.597275
257.0759,16.144609
257.37525,14.966452
257.67477,13.05104
257.97447,15.825822
258.27435,16.780996
258.5744,16.183227
258.87462,17.24036
259.17502,17.622981
259.47559,17.52717
259.77633,14.482339
260.07725,17.57084
260.37835,17.475026
260.67961,17.504702
260.98106,16.46771
261.28267,17.360129
261.58446,17.130978
261.88643,14.274375
262.18857,16.696202
262.49088,17.392539
262.79337,17.45358
263.09603,17.451875
263.39886,17.450169
263.70187,17.424933
264.00506,17.48597
264.30842,17.547006
264.61195,17.40412
264.91565,17.363194
265.21954,17.55756
265.52359,17.58722
265.82782,17.436487
266.13222,17.426929
266.4368,17.56639
266.74155,17.470556
267.04648,17.421779
267.35158,17.474963
267.65685,17.575204
267.9623,16.953875
268.26792,3.6345067
268.57372,-14.163294
268.87969,-17.506194
269.18584,-17.468703
269.49216,-18.584154
269.79865,-12.279998
270.10532,-11.591529
270.41216,-12.770878
270.71917,-6.5149473
271.02637,-2.5413847
271.33373,-5.4462684
271.64127,-3.1590102
271.94898,5.1988212
272.25687,4.3095788
272.56493,-0.12477663
272.87316,3.213402
273.18157,3.4064675
273.49016,-2.2122466
273.79892,-1.79176
274.10785,4.0953782
274.41696,2.413874
274.72624,0.76372738
275.03569,4.2665069
275.34532,3.1339774
275.65512,-0.75150837
275.9651,4.6335791
276.27525,13.226495
276.58558,10.55665
276.89608,4.0279674
277.20675,6.3149558
277.5176,7.4097722
277.82862,6.5673188
278.13982,8.383674
278.45119,9.1725631
278.76273,8.5653588
279.07445,8.9463749
279.38635,12.496003
279.69841,10.555421
280.01066,10.175608
280.32307,11.850681
280.63566,9.3061321
280.94843,8.8243131
281.26137,16.146401
281.57448,16.503767
281.88777,16.021903
282.20123,12.638064
282.51486,14.830679
282.82867,13.878182
283.14265,16.439396
283.45681,16.318241
283.77114,16.251973
284.08565,16.287651
284.40033,16.331158
284.71519,15.825629
285.03021,15.625968
285.34542,16.249822
285.6608,16.214837
285.97635,16.085719
286.29207,16.074234
286.60797,16.141164
286.92405,15.886512
287.24029,10.32204
287.55672,15.345788
287.87331,15.867561
288.19008,12.46775
288.50703,13.750277
288.82415,15.064162
289.14144,10.456463
289.45891,13.919337
289.77655,15.868471
290.09437,15.841119
290.41236,13.688262
290.73052,14.923626
291.04886,15.719758
291.36737,13.190386
291.68606,14.762959
292.00492,15.676694
292.32395,12.692374
292.64316,12.790393
292.96255,14.253102
293.2821,10.939326
293.60184,14.754946
293.92174,15.511728
294.24182,15.264574
294.56208,12.374267
294.88251,14.613357
295.20311,13.487726
295.52389,10.440512
295.84484,14.867792
296.16596,15.138195
296.48726,10.334073
296.80874,10.047583
297.13038,14.035587
297.45221,8.8706357
297.7742,5.3291987
298.09637,9.9524525
298.41872,7.9403972
298.74124,5.5832289
299.06393,10.63781
299.3868,9.3551218
299.70984,4.739085
300.03305,9.1112685
300.35644,12.526574
300.68001,8.1301003
301.00375,8.4708663
301.32766,11.909656
301.65174,7.8347062
301.97601,7.4930743
302.30044,13.896525
302.62505,14.127412
302.94983,11.636716
303.27479,14.196985
303.59992,14.082729
303.92523,9.7802227
304.25071,13.52476
304.57636,14.375165
304.90219,14.166732
305.22819,14.201421
305.55437,14.471388
305.88072,14.074675
306.20725,14.030887
306.53395,14.167477
306.86082,14.170718
307.18787,14.032768
307.51509,14.13794
307.84249,14.164665
308.17006,14.254121
308.4978,14.257287
308.82572,14.229066
309.15381,14.20083
309.48208,14.172579
309.81052,14.144312
310.13914,14.068972
310.46793,13.938715
310.79689,14.059424
311.12603,14.031097
311.45534,14.002756
311.78483,13.903812
312.11449,13.946029
312.44432,13.815682
312.77433,13.889242
313.10452,13.860825
313.43487,13.832394
313.7654,13.803948
314.09611,13.775487
314.42699,13.747011
314.75804,13.69499
315.08927,13.690014
315.42068,13.661493
315.75225,13.029035
316.084,12.114209
316.41593,6.2738787
316.74803,-12.468428
317.0803,-18.779377
317.41275,-14.204066
317.74537,-17.064065
318.07817,-13.328
318.41114,-9.8966683
318.74428,-13.124162
319.0776,-15.653619
319.41109,-13.014451
319.74476,-6.7203821
320.0786,8.6089785
320.41262,9.1304938
320.74681,-2.6460322
321.08117,-1.9362858
321.41571,12.710713
321.75042,9.8675146
322.08531,0.45176464
322.42037,5.0203263
322.7556,1.9418271
323.09101,-3.4660859
323.42659,5.188744
323.76235,9.1220033
324.09828,2.6474174
324.43439,2.1885156
324.77067,2.7256903
325.10712,1.3805099
325.44375,10.99219
325.78055,13.137202
326.11753,9.8939759
326.45468,10.972317
326.792,13.195753
327.1295,13.152521
327.46718,13.321052
327.80502,13.277816
328.14305,13.062028
328.48124,13.042317
328.81961,13.108879
329.15816,13.120536
329.49687,13.20278
329.83577,13.120316
330.17483,12.88883
330.51407,9.2534202
330.85349,11.17095
331.19308,7.3316143
331.53284,9.9942377
331.87278,13.166663
332.21289,11.162615
332.55318,7.0801345
332.89364,10.958436
333.23427,9.1269312
333.57508,7.4601304
333.91607,10.75019
334.25722,11.271621
334.59855,11.808735
334.94006,13.232122
335.28174,13.228056
335.62359,13.169086
335.96562,13.219917
336.30782,13.215845
336.6502,13.211771
336.99275,13.207694
337.33548,13.203616
337.67837,13.199535
338.02145,13.195452
338.36469,13.175681
338.70812,13.179438
339.05171,13.183192
339.39548,13.179101
339.73943,13.10442
340.08354,13.170913
340.42784,13.096227
340.7723,9.0999712
341.11694,5.2448894
341.46176,7.2564723
341.80675,2.8680531
342.15191,5.8521808
342.49725,6.4912084
342.84276,1.0518026
343.18845,1.3927869
343.53431,1.7808279
343.88034,0.79631779
344.22655,7.5372958
344.57293,8.7567032
344.91949,3.8584614
345.26622,5.7053155
345.61313,8.1717755
345.96021,7.5088216
346.30746,7.951748
346.65489,8.5593782
347.00249,11.049359
347.35027,13.084436
347.69822,13.025394
348.04634,12.550663
348.39464,12.209263
348.74311,12.369822
349.09176,11.510771
349.44058,9.7654431
349.78958,10.953447
350.13875,9.8434092
350.48809,10.513762
350.83761,12.313524
351.1873,12.481911
351.53717,13.018924
351.88721,13.030445
352.23742,12.728238
352.58781,12.567206
352.93838,12.915975
353.28911,12.919644
353.64003,12.711547
353.99111,12.770114
354.34237,12.671816
354.69381,12.542144
355.04541,12.741881
355.3972,12.816126
355.74915,12.608016
356.10128,12.619512
356.45359,12.709437
356.80607,12.65034
357.15872,12.857908
357.51155,12.932141
357.86455,12.80245
358.21773,12.884521
358.57108,12.621493
358.9246,12.256502
359.2783,10.832685
359.63217,6.804944
359.98622,-7.7482889
360.34044,-13.587798
360.69484,-17.050839
361.04941,-15.078588
361.40415,-8.99996
361.75907,-11.588021
362.11416,-4.6153216
362.46943,-0.26225264
362.82487,-10.913128
363.18048,-14.732654
363.53627,-12.191419
363.89224,-11.767854
364.24837,-5.1090176
364.60468,3.2595996
364.96117,9.2909389
365.31783,11.118334
365.67466,9.8868818
366.03167,12.169132
366.38885,12.153321
366.74621,12.153173
367.10374,12.121629
367.46145,12.074376
367.81933,11.893766
368.17738,6.536663
368.53561,2.0422819
368.89401,-1.2207495
369.25259,-6.6092942
369.61134,-3.6684501
369.97026,-5.0962565
370.32936,-1.8260467
370.68863,7.5931597
371.04808,2.3535196
371.4077,-4.1645749
371.76749,-1.7258297
372.12746,-0.85573492
372.48761,10.492768
372.84793,11.362817
373.20842,10.632843
373.56908,10.593041
373.92992,10.937531
374.29094,10.834939
374.65213,10.787225
375.01349,10.794391
375.37503,10.636828
375.73674,10.589045
376.09862,10.588299
376.46068,10.493411
376.82292,10.555364
377.18533,10.531019
377.54791,9.9968469
377.91067,6.8508872
378.2736,4.5754928
378.6367,8.0883106
378.99998,10.463851
379.36343,10.392309
379.72706,7.5678025
380.09086,7.3707244
380.45484,8.1069566
380.81899,10.309832
381.18331,10.261705
381.54781,10.213554
381.91248,10.165381
382.27733,10.117184
382.64235,10.068965
383.00755,10.020722
383.37292,9.9724563
383.73846,9.9241677
384.10418,9.8758561
384.47007,9.8275214
384.83613,9.7791637
385.20237,9.7307831
385.56879,9.6823794
385.93538,9.4692468
386.30214,8.8717775
386.66908,7.6154617
387.03619,3.6061816
387.40347,-4.4893959
387.77093,-9.3379377
388.13857,-12.445326
388.50638,-10.744894
388.87436,-10.918995
389.24251,-5.6264524
389.61084,-0.82020723
389.97935,-1.6139851
390.34803,4.1098611
390.71688,6.6650569
391.08591,6.0202296
391.45511,8.6773401
391.82449,8.8559962
392.19404,8.8071784
392.56376,8.7504944
392.93366,8.6937873
393.30373,8.4017632
393.67398,7.9528533
394.0444,7.9509792
394.41499,7.886337
394.78576,7.9393188
395.1567,7.6471796
395.52782,8.021684
395.89911,8.0510674
396.27058,7.3039572
396.64222,5.7803534
397.01403,6.8135894
397.38602,7.6428807
397.75819,7.727051
398.13052,7.8190415
398.50303,7.9659109
398.87572,7.9245219
399.24858,7.8360512
399.62161,7.8259888
399.99482,7.7766877
400.3682,7.7273636
400.74176,7.6780165
401.11549,7.6286464
401.48939,7.5792533
401.86347,7.521994
402.23772,7.2764764
402.61215,7.2427005
402.98675,6.9265487
403.36153,6.9319424
403.73648,6.9216269
404.1116,6.8171708
404.4869,7.0342602
404.86237,6.9140718
405.23802,6.6526838
405.61384,6.5402925
405.98983,6.5455252
406.366,6.840931
406.74235,6.8853333
407.11886,5.9866794
407.49556,1.0645048
407.87242,-13.190994
408.24946,-11.642563
408.62668,-6.9647114
409.00406,-8.3103803
409.38163,-9.3423149
409.75936,-8.162476
410.13727,-10.025766
410.51536,-9.9517914
410.89362,-7.6032987
411.27205,-6.0312678
411.65066,-3.9337379
412.02944,-2.8871796
412.4084,3.5633091
412.78753,7.127532
413.16683,6.7152931
413.54631,1.2834552
413.92596,-2.83857
414.30579,-3.6899982
414.68579,0.53309215
415.06597,5.9091325
415.44632,5.1204758
415.82684,0.3945729
416.20754,1.4255416
416.58841,7.3820092
416.96946,7.4012308
417.35068,7.4204611
417.73207,7.4397002
418.11364,7.4589481
418.49538,7.4782048
418.8773,7.481784
419.25939,7.4775289
419.64166,6.9556354
420.0241,7.4925743
420.40671,7.57462
420.7895,7.5939295
421.17246,7.6132477
421.5556,7.6325746
421.93891,7.3774006
422.32239,7.2869412
422.70605,7.2984514
423.08989,7.2393822
423.47389,7.2116943
423.85808,7.3487211
424.24243,7.564188
424.62696,7.6071147
425.01167,7.6186776
425.39654,7.8106415
425.7816,7.7986925
426.16682,7.8651838
426.55222,7.884625
426.9378,6.9158397
427.32355,7.766671
427.70947,6.8763347
428.09557,-1.621836
428.48184,-7.382743
428.86829,-9.2848177
429.25491,-8.8182562
429.6417,-8.6105094
430.02867,-11.375303
430.41582,-12.406754
430.80313,-12.52055
431.19062,-9.3951206
431.57829,-1.5167416
431.96613,-2.1403147
432.35414,-6.7246632
432.74233,-5.7717481
433.13069,-1.9560791
433.51923,6.4870497
433.90794,7.6752853
434.29682,4.5105886
434.68588,6.341979
435.07512,7.1537704
435.46452,7.306747
435.85411,8.2597324
436.24386,8.373511
436.63379,8.3931806
437.0239,8.4128591
437.41417,8.4325463
437.80463,8.4522424
438.19525,8.4719472
438.58605,8.4916608
438.97703,8.5113832
439.36818,8.5311143
439.7595,8.5508543
440.151,8.5706031
440.54267,8.5903606
440.93452,8.6101269
441.32654,8.629902
441.71873,8.6496859
442.1111,8.6694786
442.50364,8.5794761
442.89636,4.3169335
443.28925,3.0426349
443.68232,2.6154039
444.07556,5.4195542
444.46897,3.7609682
444.86256,0.47886163
445.25632,2.1379403
445.65026,3.3107532
446.04437,8.1149475
446.43865,8.5818957
446.83311,7.9194409
447.22774,7.2256223
447.62255,8.618087
448.01753,8.8733056
448.41269,8.9873565
448.80802,9.0072986
449.20352,8.9174455
449.5992,8.8119149
449.99505,8.5573735
450.39108,8.8440174
450.78728,8.6757681
451.18365,5.7075276
451.5802,5.4687076
451.97693,0.09264155
452.37382,-2.5696903
452.77089,-2.7457388
453.16814,-2.6002098
453.56556,0.77670039
453.96315,-0.2934394
454.36092,0.31486097
454.75887,1.9898368
455.15698,-0.72733547
455.55527,2.0456971
455.95374,3.6344248
456.35238,5.0584554
456.75119,8.0197497
457.15018,5.169288
457.54934,2.0913841
457.94868,3.1468224
458.34819,8.0767793
458.74787,9.2890979
459.14773,7.9445625
459.54776,4.6000359
459.94797,5.2555181
460.34835,5.7619895
460.74891,8.5351363
461.14964,8.8612332
461.55054,8.630476
461.95162,9.4663943
462.35287,9.368988
462.7543,9.522571
463.1559,9.7310646
463.55767,9.6885867
463.95962,9.7637646
464.36174,9.6115004
464.76404,9.52199
465.16651,9.5187629
465.56916,9.4371132
465.97198,9.4417468
466.37497,9.5405068
466.77814,9.545158
467.18148,9.5184455
467.585,9.5309574
467.98869,9.7081839
468.39256,9.7599291
468.79659,9.694036
469.20081,9.7536418
469.6052,9.8210996
470.00976,9.9434682
470.41449,10.089375
470.8194,9.9999963
471.22449,10.130234
471.62975,10.15852
472.03518,10.178972
472.44079,10.199433
472.84657,8.5963724
473.25252,-0.081188727
473.65865,-6.2803097
474.06496,-9.1853043
474.47143,-9.7765646
474.87809,-10.148208
475.28491,-8.7943529
475.69191,-5.9445055
476.09909,-7.6593896
476.50644,-8.0017504
476.91396,-6.7911956
477.32166,-5.9806665
477.72953,-2.7074179
478.13757,-2.6812539
478.54579,-2.3962919
478.95419,-0.87213997
479.36275,0.46375104
479.7715,5.7368713
480.18041,5.4648678
480.5895,3.2242113
480.99877,5.9168624
481.40821,8.5859584
481.81782,9.1765974
482.22761,9.1632892
482.63757,9.1028965
483.04771,9.152282
483.45802,9.1388968
483.8685,9.0784271
484.27916,9.0100887
484.68999,8.9574108
485.101,8.8968641
485.51218,8.8362918
485.92353,8.7756938
486.33506,8.6601682
486.74677,6.379911
487.15864,6.6486478
487.5707,8.5330452
487.98292,8.4723189
488.39532,8.2625474
488.8079,8.0762796
489.22064,7.9684175
489.63357,7.9938631
490.04666,7.9800673
490.45994,7.8485988
490.87338,7.7876929
491.287,7.5228397
491.70079,7.6814904
492.11476,7.6440369
492.5289,7.5830283
492.94322,7.5533667
493.35771,7.617797
493.77238,7.4782801
494.18722,7.5269728
494.60223,7.3952477
495.01742,7.036046
495.43278,7.0611323
495.84831,6.6156047
496.26402,3.2994633
496.67991,0.92447263
497.09596,-2.6505437
497.5122,-4.5236249
497.9286,-4.584967
498.34518,-3.1404524
498.76194,-2.63714
499.17887,-3.5848336
499.59597,0.30666275
500.01325,0.088329569
500.4307,-1.6986567
500.84833,0.13001759
501.26613,-0.75505924
501.6841,0.26572062
502.10225,-0.90176047
502.52057,-0.83789468
502.93907,1.1318278
503.35774,-0.067102812
503.77659,2.8437448
504.1956,5.1506452
504.6148,5.8653631
505.03417,5.8663299
505.45371,5.8358984
505.87342,5.8368138
506.29331,5.7749585
506.71338,5.7130775
507.13362,5.6511708
507.55403,5.5892385
507.97462,5.5272805
508.39538,5.4652968
508.81631,5.4032875
509.23742,5.3412526
509.65871,5.2791919
510.08017,5.2171057
510.5018,5.1549937
510.92361,5.0928561
511.34559,4.6777517
511.76774,4.513602
512.19007,4.427858
512.61257,4.3420883
513.03525,4.256293
513.4581,4.2332171
513.88113,3.3865861
514.30433,-0.68359988
514.7277,-2.5812626
515.15125,0.31320599
515.57497,-0.32960604
515.99887,-4.5253849
516.42294,-4.5329541
516.84719,-5.9601569
517.2716,-5.593662
517.6962,-5.8310992
518.12097,-3.9195273
518.54591,0.21164189
518.97102,-1.1944544
519.39631,-1.9731102
519.82178,-1.065502
520.24742,1.1911153
520.67323,3.3065455
521.09922,3.2023574
521.52538,3.7569823
521.95171,3.9115966
522.37822,3.8858083
522.80491,3.8600094
523.23176,3.8342
523.6588,3.80838
524.086,3.7825495
524.51338,3.7567085
524.94094,3.730857
525.36867,3.6579361
525.79657,3.6320635
526.22465,3.6532392
526.6529,3.6273455
527.08132,3.5543825
527.50992,3.4343501
527.9387,3.5496013
528.36765,3.5236655
528.79677,3.4271309
529.22606,2.9305858
529.65553,2.7555988
530.08518,2.674719
530.515,0.37422069
530.94499,0.97567268
531.37516,1.5535847
531.8055,0.44521173
532.23602,0.58388703
532.66671,1.0362773
533.09757,3.0572845
533.52861,3.1488693
533.95982,3.1855417
534.39121,3.1594585
534.82277,3.1333647
535.25451,3.0915741
535.68641,2.877224
536.1185,2.7491378
536.55076,2.6602568
536.98319,2.6262672
537.41579,2.3961887
537.84857,1.2406094
538.28153,-1.0443922
538.71466,-3.5655189
539.14796,-2.4474345
539.58144,0.16868451
540.01509,-2.5642206
540.44891,-5.6971303
540.88291,-6.6025935
541.31709,-4.5119829
541.75144,-3.0252984
542.18596,-1.6248929
542.62065,0.74021384
543.05552,-0.46331139
543.49057,-1.5335078
543.92579,-1.1370422
544.36118,0.50647776
544.79675,2.2990127
545.23249,2.7425236
545.66841,2.7311279
546.1045,2.7197276
546.54076,2.7083228
546.9772,2.6969135
547.41381,2.6854996
547.8506,2.6740811
548.28756,2.6626581
548.72469,2.6512306
549.162,2.6397984
549.59949,2.6283618
550.03714,2.6169205
550.47498,2.6054748
550.91298,2.5940244
551.35116,2.5825695
551.78952,2.5711101
552.22804,2.5596461
552.66675,2.5481776
553.10562,2.5367045
553.54468,2.5252268
553.9839,2.4745289
554.4233,2.3140226
554.86287,2.4515508
555.30262,2.4792707
555.74254,2.0834565
556.18264,1.9621476
556.62291,2.0525989
557.06335,2.1352024
557.50397,0.57074262
557.94477,-3.8407806
558.38573,-4.7228965
558.82688,-4.514821
559.26819,-0.97341668
559.70968,-0.80456592
560.15134,-0.94160208
560.59318,0.66253368
561.03519,2.3058806
561.47738,2.3178504
561.91974,2.3062862
562.36228,2.2947175
562.80499,2.2674579
563.24787,1.7852918
563.69093,1.0129251
564.13416,1.2287892
564.57756,2.2132761
565.02114,2.0683467
565.4649,2.048903
565.90883,1.9667096
566.35293,1.4845117
566.79721,1.3395641
567.24166,0.010298193
567.68628,-0.25230557
568.13108,0.073321409
568.57606,1.7401203
569.0212,1.9324048
569.46652,1.8893907
569.91202,1.7757838
570.35769,1.301388
570.80354,1.4465955
571.24955,1.340818
571.69575,1.8546439
572.14211,1.9370926
572.58866,2.0195368
573.03537,2.0157019
573.48226,2.0040194
573.92932,1.9923323
574.37656,1.9806406
574.82397,1.9689444
575.27156,1.9572436
575.71932,1.9455382
576.16726,1.9338283
576.61536,1.9221139
577.06365,1.9103949
577.5121,1.8516125
577.96074,1.8477276
578.40954,1.7575635
578.85852,1.6281793
579.30768,1.6164375
579.757,1.7458677
580.20651,1.8282344
580.65618,1.7223614
581.10603,1.6400131
581.55606,1.6674643
582.00626,1.6556952
582.45663,1.5811765
582.90718,1.4290871
583.3579,1.3318955
583.8088,0.88960168
584.25987,-0.28210816
584.71111,-2.3714693
585.16253,-3.7157366
585.61412,-3.3031453
586.06589,-4.3650681
586.51783,-4.6034657
586.96995,-4.6301029
587.42224,-2.0528226
587.8747,-0.71476229
588.32734,0.67035265
588.78015,1.3809536
589.23313,1.4640993
589.6863,1.5942996
590.13963,1.5833192
590.59314,1.5644915
591.04682,1.5613458
591.50068,1.5503528
591.95471,1.5393555
592.40892,1.5283541
592.86329,1.5173484
593.31785,1.5063385
593.77258,1.4953243
594.22748,1.484306
594.68256,1.4732834
595.13781,1.3916684
595.59323,1.3414217
596.04883,1.4245042
596.5046,1.429151
596.96055,1.4181073
597.41667,1.3207849
597.87297,1.2705172
598.32944,1.212402
598.78608,1.2013415
599.2429,1.260865
599.69989,1.1556783
600.15706,1.1759777
600.6144,1.1649003
601.07192,1.2400932
601.52961,1.2603799
601.98747,1.1237996
602.44551,1.1911367
602.90372,1.2741558
603.3621,1.2473668
603.82066,1.2284167
604.2794,1.240835
604.73831,1.1591314
605.19739,0.9676196
605.65665,0.62708402
606.11608,0.68654421
606.57568,1.0440394
607.03546,1.0721186
607.49542,1.1629387
607.95554,1.1517938
608.41585,1.1406446
608.87632,1.0824325
609.33697,1.1183337
609.7978,1.0836425
610.2588,1.0960059
610.71997,1.0848357
611.18132,1.0736612
611.64284,1.0624825
612.10453,1.0356134
612.5664,1.0401126
613.02845,1.0289212
613.49067,1.0177257
613.95306,1.0065259
614.41563,0.99532193
614.87837,0.98411372
615.34128,0.93368562
615.80437,0.96168466
616.26763,0.84850301
616.73107,0.84512107
617.19468,0.90448001
617.65847,0.9167759
618.12243,0.83494993
618.58656,0.89429621
619.05087,0.88305003
619.51535,0.87179964
619.98001,0.86054502
620.44484,0.84928619
620.90985,0.83802314
621.37503,0.82675587
621.84038,0.81548438
622.30591,0.80420867
622.77161,0.64390913
623.23749,0.64831126
623.70354,0.64486603
624.16976,0.57867149
624.63616,0.56737468
625.10273,0.72862268
625.56948,0.67810175
626.0364,0.71385111
626.5035,0.70253743
626.97077,0.69121953
627.43821,0.67205427
627.90583,0.61366911
628.37362,0.53959346
628.84159,0.58316064
629.30973,0.50907655
629.77804,0.38008628
630.24653,0.37658198
630.71519,0.45150484
631.18403,0.5734823
631.65304,0.4131026
632.12223,0.50369908
632.59159,0.55507564
633.06112,0.5437029
633.53083,0.52448279
634.00071,0.52094474
634.47077,0.50955934
634.941,0.49816971
635.41141,0.48677587
635.88199,0.47537781
636.35274,0.46397553
636.82367,0.45256903
637.29477,0.44115831
637.76604,0.42974337
638.23749,0.41832421
638.70912,0.40690083
639.18092,0.324885
639.65289,0.36051201
640.12504,0.3333897
640.59736,0.2905769
641.06985,0.34972066
641.54252,0.33042883
642.01537,0.25623083
642.48838,0.31536193
642.96158,0.30390058
643.43494,0.29243502
643.90848,0.28096523
644.3822,0.26949122
644.85609,0.258013
645.33015,0.17594232
645.80439,0.16445566
646.2788,0.22355301
646.75338,0.21205791
647.22814,0.20055859
647.70308,0.18905505
648.17819,0.17754729
648.65347,0.16603531
649.12892,0.15451911
649.60456,0.1429987
650.08036,0.092258377
650.55634,-0.05260381
651.03249,-0.38570551
651.50882,-0.78939967
651.98532,-0.29898039
652.462,-0.071345347
652.93885,0.085701531
653.41587,0.08588573
653.89307,0.086069997
654.37044,0.086254331
654.84799,0.086438733
655.32571,0.086623201
655.80361,0.086807737
656.28168,0.08699234
656.75992,0.087177011
657.23834,0.087361748
657.71693,0.087546553
658.19569,0.087731426
658.67463,0.087916365
659.15375,0.06457196
659.63304,0.041227622
660.1125,0.0021970773
660.59214,-0.0054608515
661.07195,-0.13076577
661.55193,-0.083521605
662.03209,0.065683413
662.51243,0.089398302
662.99294,0.089583847
663.47362,0.081926322
663.95447,0.089955139
664.43551,0.090140885
664.91671,0.090326699
665.39809,0.074826306
665.87964,0.090698529
666.36137,0.028139446
666.84327,0.091070627
667.32535,0.075570503
667.8076,0.044384171
668.29002,0.068099868
668.77262,0.091815631
669.25539,0.092002051
669.73834,0.092188537
670.22146,0.092375091
670.70475,0.092561712
671.18822,0.0927484
671.67187,0.092935156
672.15568,0.093121979
672.63968,0.093308869
673.12384,0.093495826
673.60818,0.09368285
674.0927,0.093869942
674.57738,0.094057101
675.06225,-0.015559594
675.54728,-0.12517622
676.0325,-0.14067514
676.51788,-0.22676222
677.00344,-0.1795159
677.48917,-0.030308728
677.97508,0.032624
678.46116,0.095556796
678.94742,0.09574456
679.43385,0.033187294
679.92045,0.033375193
680.40723,-0.052711351
680.89419,-0.028993905
681.38131,0.096684391
681.86861,0.096872559
682.35609,0.026472559
682.84374,0.0031314502
683.33156,0.097437467
683.81956,0.097625904
684.30773,0.097814409
684.79608,0.09800298
685.2846,0.098191619
685.7733,0.098380325
686.26217,0.098569098
686.75121,0.098757939
687.24043,0.098946847
687.72982,0.099135822
688.21938,0.099324865
688.70912,0.0838277
689.19904,0.099703151
689.68913,0.099892396
690.17939,0.10008171
690.66983,0.10027109
691.16044,0.10046053
691.65122,0.10065005
692.14218,0.10083963
692.63331,0.10102927
693.12462,0.10121899
693.6161,-0.0083951509
694.10776,-0.0082053013
694.59959,0.10178854
695.09159,0.10197852
695.58377,0.10216857
696.07613,0.10235869
696.56865,0.10254888
697.06135,0.10273913
697.55423,0.04802749
698.04728,0.10311984
698.5405,0.10331029
699.0339,0.10350082
699.52747,0.1036914
700.02122,0.10388206
700.51514,0.10407279
701.00923,0.10426358
701.5035,0.10445444
701.99795,0.10464536
702.49256,0.10483635
702.98736,0.10502741
703.48232,0.10521854
703.97746,-0.0043941848
704.47277,0.07422845
704.96826,0.10579233
705.46393,0.10598372
705.95976,-0.035001282
706.45577,-0.081868574
706.95196,-0.089520113
707.44832,-0.10501472
707.94485,0.10694172
708.44156,0.10713352
708.93844,0.10732538
709.4355,0.10751732
709.93273,0.10770932
710.43013,0.10790139
710.92771,0.10809353
711.42546,0.10828573
711.92339,0.108478
712.42149,0.10867034
712.91976,0.10886275
713.41821,0.029956401
713.91684,-0.22934227
714.41563,-0.28471953
714.91461,0.0050010802
715.41375,0.10648623
715.91307,0.035422193
716.41257,-0.082700833
716.91224,-0.23219657
717.41208,-0.17777091
717.9121,-0.052757181
718.41229,-0.053233812
718.91265,-0.10861257
719.41319,-0.10908953
719.91391,-0.14878235
720.4148,-0.28259298
720.91586,-0.29091357
721.41709,-0.063940221
721.9185,0.10028787
722.42009,0.09980991
722.92185,0.099331785
723.42378,0.098853494
723.92589,0.043473076
724.42817,0.097896414
724.93063,0.097417626
725.43326,0.04203671
725.93606,-0.0055012343
726.43904,0.095980263
726.94219,0.095500811
727.44552,0.095021192
727.94902,0.094541407
728.45269,0.094061456
728.95654,0.09358134
729.46057,0.093101057
729.96476,0.092620608
730.46914,0.092139994
730.97368,0.091659213
731.4784,0.05196258
731.9833,0.051481468
732.48837,0.090215876
732.99361,0.089734431
733.49902,0.03435086
734.00462,-0.036719152
734.51038,-0.02151482
735.01632,-0.029840066
735.52243,0.0010502087
736.02872,0.02409718
736.53518,0.039300848
737.04182,0.085876899
737.54863,0.085393961
738.05562,0.084910856
738.56277,-0.0096900609
739.07011,0.068257875
739.57762,0.083460547
740.0853,0.020231681
740.59315,0.06680657
741.10118,0.082008745
741.60939,0.081524478
742.11776,0.033981223
742.62632,0.080555448
743.13504,0.080070684
743.64394,0.079585753
744.15302,0.079100657
744.66227,0.078615395
745.17169,0.078129967
745.68129,0.077644373
746.19106,0.077158613
746.70101,0.076672687
747.21113,0.076186594
747.72142,0.075700336
748.23189,0.075213912
748.74253,0.074727322
749.25335,0.074240566
749.76434,0.073753644
750.2755,0.073266556
750.78684,0.072779302
751.29836,0.072291882
751.81005,0.071804296
752.32191,0.071316544
752.83394,0.070828627
753.34615,0.070340543
753.85854,0.069852293
754.3711,0.069363877
754.88383,0.068875295
755.39674,0.068386547
755.90982,0.067897633
756.42307,0.067408554
756.9365,0.066919308
757.45011,0.066429896
757.96388,0.065940318
758.47784,0.065450575
758.99196,0.064960665
759.50626,0.064470589
760.02074,0.063980348
760.53539,0.06348994
761.05021,0.062999366
761.56521,0.062508627
762.08038,0.062017721
762.59573,0.061526649
763.11125,0.061035412
763.62694,0.060544008
764.14281,0.060052439
764.65885,0.059560703
765.17507,0.059068802
765.69146,0.058576734
766.20802,0.058084501
766.72476,0.057592101
767.24168,0.057099536
767.75876,0.056606804
768.27602,0.056113907
768.79346,0.055620843
769.31107,0.055127614
769.82886,0.054634219
770.34681,0.054140657
770.86495,0.05364693
771.38325,0.053153037
771.90173,0.052658977
772.42039,0.052164752
772.93922,0.051670361
773.45822,0.051175803
773.9774,0.05068108
774.49675,0.050186191
775.01628,0.049691136
775.53598,0.049195914
776.05585,0.048700527
776.5759,0.048204974
777.09613,0.047709255
777.61652,0.04721337
778.13709,0.046717319
778.65784,0.046221102
779.17876,0.045724719
779.69985,0.01385562
780.22112,0.044731454
780.74256,0.044234573
781.26418,0.043737526
781.78597,0.043240313
782.30794,0.042742934
782.83008,0.042245389
783.35239,0.041747678
783.87488,0.041249801
784.39754,0.040751759
784.92037,0.04025355
785.44338,0.039755175
785.96657,0.039256634
786.48993,0.038757927
787.01346,0.038259054
787.53717,0.037760015
788.06105,0.037260811
788.5851,0.03676144
789.10933,0.036261903
789.63373,0.0357622
790.15831,0.035262331
790.68306,0.034762297
791.20799,0.034262096
791.73309,0.033761729
792.25836,0.033261197
792.78381,0.032760498
793.30944,0.032259633
793.83523,0.031758603
794.3612,0.031257406
794.88735,0.030756043
795.41367,0.030254515
795.94016,0.02975282
796.46683,0.02925096
796.99367,0.028748933
797.52069,0.028246741
798.04788,0.027744382
798.57525,0.027241858
799.10278,0.026739167
799.6305,0.026236311
800.15838,0.025733288
800.68645,0.0252301
801.21468,0.024726745
801.74309,0.024223225
802.27168,0.023719539
802.80043,0.023215686
803.32937,0.025590794
803.85847,-0.058307826
804.38775,-0.15789194
804.91721,-0.053553701
805.44684,0.035099045
805.97664,-0.12722782
806.50662,-0.015044097
807.03677,0.042238447
807.5671,0.044619812
808.0976,0.047001959
808.62827,0.049384888
809.15912,0.051768599
809.69014,0.054153093
810.22134,0.056538368
810.75271,0.058924426
811.28426,0.061311266
811.81597,0.063698888
812.34787,0.066087293
812.87994,0.068476479
813.41218,0.070866448
813.94459,0.073257199
814.47718,0.075648732
815.00995,0.078041047
815.54289,0.080434145
816.076,0.082828024
816.60929,0.085222686
817.14275,0.08761813
817.67638,0.090014356
818.21019,0.092411365
818.74418,0.094809155
819.27834,0.097207728
819.81267,0.099607082
820.34718,0.10200722
820.88186,0.10440814
821.41671,0.10680984
821.95174,0.10921232
822.48694,0.11161559
823.02232,0.11401964
823.55787,0.11642447
824.0936,0.11883008
824.6295,0.12123647
825.16557,0.12364365
825.70182,0.12605161
826.23824,0.12846035
826.77484,0.13086987
827.31161,0.13328018
827.84856,0.13569127
828.38567,0.13810313
828.92297,0.14051579
829.46044,0.14292922
829.99808,0.14534344
830.53589,0.14775844
831.07388,0.15017422
831.61205,0.15259078
832.15039,0.15500812
832.6889,0.15742625
833.22759,0.15984516
833.76645,0.13873544
834.30548,0.16468532
834.84469,0.1514203
835.38408,0.16952862
835.92363,0.17195144
836.46337,0.1665319
837.00327,0.17679942
837.54335,0.053734394
838.08361,0.18165054
838.62404,0.18407727
839.16464,0.18650478
839.70542,0.18893308
840.24637,0.19136216
840.78749,0.19379202
841.32879,0.19622266
841.87027,0.19865408
842.41192,0.20108629
842.95374,0.20351928
843.49574,0.20595305
844.03791,0.2083876
844.58025,0.21082293
845.12277,0.095611991
845.66546,0.21569595
846.20833,0.21813363
846.75137,0.22057209
847.29459,0.22301134
847.83798,0.22545137
848.38154,0.22789218
848.92528,0.23033377
849.46919,0.23277614
850.01328,0.2352193
850.55754,0.23766324
851.10198,0.24010796
851.64659,0.24255346
852.19137,0.24499975
852.73633,0.24744682
853.28146,0.24989466
853.82677,0.2523433
854.37225,0.25479271
854.9179,0.15528212
855.46373,0.24400761
856.00973,0.20724368
856.55591,0.13910799
857.10226,0.21999269
857.64879,0.18323111
858.19549,0.26411737
858.74236,0.27441618
859.28941,0.041578515
859.83663,0.091094575
860.38403,0.23472906
860.9316,0.28424669
861.47934,0.24749058
862.02726,0.2185784
862.57535,0.29162778
863.12362,0.24703088
863.67206,0.045572027
864.22068,0.15783944
864.76947,0.16030372
865.31843,0.28825897
865.86757,0.30641108
866.41688,0.30887771
866.96637,0.31134511
867.51603,0.3138133
868.06587,0.31628226
868.61588,0.31875201
869.16606,0.32122255
869.71642,0.32369386
870.26695,0.31047968
870.81765,0.32863884
871.36853,0.3311125
871.91959,0.33358694
872.47082,0.26547393
873.02222,0.26794994
873.5738,0.058662024
874.12555,0.13957097
874.67747,-0.038342834
875.22957,-0.035863697
875.78185,0.33524367
876.3343,0.35341065
876.88692,0.33236272
877.43971,0.2328842
877.99268,0.14909274
878.54583,-0.0052861785
879.09915,-0.04986039
879.65264,0.23497794
880.20631,0.28452294
880.76015,0.18504912
881.31416,0.23459568
881.86835,0.25277048
882.42272,0.19251469
882.97726,0.31265183
883.53197,0.26808388
884.08686,0.26273239
884.64192,0.39071502
885.19715,0.39320824
885.75256,0.39570223
886.30814,0.39819701
886.8639,0.40069258
887.41983,0.27769872
887.97594,0.40568605
888.53222,0.40818395
889.08867,0.41068265
889.6453,0.41318212
890.2021,0.20391767
890.75908,0.37896772
891.31623,0.42068523
891.87356,0.29769764
892.43106,0.18255396
892.98873,0.24780323
893.54658,0.19540621
894.1046,0.22928449
894.6628,0.2945361
895.22117,0.31272967
895.77971,0.38582598
896.33843,0.39617798
896.89732,0.20260919
897.45639,0.35413922
898.01563,0.30174847
898.57505,0.45328006
899.13463,0.45579283
899.6944,0.45830638
900.25434,0.35885993
900.81445,0.43980642
901.37474,0.43447918
901.9352,0.46836841
902.49583,0.47088588
903.05664,0.47340412
903.61762,0.42102119
904.17878,0.44707041
904.74011,0.48096355
905.30162,0.48348492
905.8633,0.48600708
906.42515,0.48853002
906.98718,0.49105374
907.54938,0.49357824
908.11176,0.49610353
908.67431,0.35745312
909.23703,0.39135252
909.79993,0.50368407
910.36301,0.50621249
910.92625,0.28913384
911.48968,0.38578146
912.05327,0.51380242
912.61704,0.51633396
913.18099,0.51886629
913.74511,0.52139939
914.3094,0.52393328
914.87386,0.52646795
915.43851,0.5290034
916.00332,0.51585336
916.56831,0.46348842
917.13347,0.38759485
917.69881,0.46072166
918.26432,0.51816299
918.83001,0.36384039
919.39587,0.1938323
919.96191,0.47088381
920.52811,0.55185768
921.0945,0.3740088
921.66105,0.39223913
922.22779,0.55948985
922.79469,0.56203547
923.36177,0.56458187
923.92902,0.5122271
924.49645,0.49908879
925.06406,0.5565395
925.63183,0.57477531
926.19978,0.57732562
926.76791,0.54850417
927.33621,0.41772271
927.90468,0.5300793
928.47333,0.5875347
929.04215,0.52734383
929.61114,0.49852629
930.18031,0.40696443
930.74966,0.44089355
931.31918,0.51403914
931.88887,0.45385218
932.45874,0.55052874
933.02878,0.46681393
933.59899,0.40662932
934.16938,0.44840627
934.73995,0.49802714
935.31068,0.58686448
935.88159,0.51883985
936.45268,0.37238464
937.02394,0.34357726
937.59538,0.31477067
938.16698,0.19969035
938.73877,0.33559121
939.31072,0.30678696
939.88286,0.27014036
940.45516,0.43741611
941.02764,0.53410441
941.60029,0.26216604
942.17312,0.34316963
942.74612,0.2986838
943.3193,0.073806602
943.89265,0.20187136
944.46618,0.23581925
945.03987,0.18349342
945.61375,0.20959974
946.18779,0.19649115
946.76202,0.277501
947.33641,0.50753123
947.91098,0.494425
948.48573,0.52053523
949.06064,0.476058
949.63574,0.54138548
950.211,0.54396865
950.78644,0.51518005
951.36206,0.40011772
951.93785,0.47329147
952.51381,0.49156404
953.08995,0.36081778
953.66626,0.37124877
954.24275,0.35815114
954.81941,0.35289743
955.39624,0.22999744
955.97325,0.33454921
956.55043,0.22733705
957.12779,-0.013207649
957.70532,0.19330725
958.28303,-0.3452751
958.8609,0.065162934
959.43896,0.028542928
960.01719,-0.02376257
960.59559,-0.24077317
961.17416,0.13045231
961.75291,0.47030602
962.33184,0.71604287
962.91094,0.39707461
963.49021,0.6584993
964.06966,0.56698359
964.64928,0.53821376
965.22907,0.35258197
965.80904,0.48067645
966.38919,0.4597521
966.96951,0.40745599
967.55,0.66888615
968.13067,0.66365042
968.71151,0.54076842
969.29252,0.48847544
969.87371,0.45186951
970.45507,0.45448005
971.03661,0.51983648
971.61832,0.56166427
972.20021,0.49368892
972.78227,0.48845945
973.3645,0.18519155
973.94691,0.38388522
974.52949,0.315913
975.11225,0.42049058
975.69518,0.23487287
976.27829,0.22180496
976.86156,0.4126594
977.44502,0.47802442
978.02865,0.44927259
978.61245,0.34209016
979.19642,0.36824184
979.78057,0.33164921
980.3649,-0.034354401
980.9494,0.14866238
981.53407,-0.11537889
982.11892,-0.21471349
982.70394,-0.14934142
983.28913,-0.13887054
983.8745,0.22454231
984.46005,0.21148535
985.04576,-0.15451201
985.63166,-0.026390932
986.21772,0.10957406
986.80396,-0.060342515
987.39038,0.20111424
987.97697,0.29786589
988.56373,0.18285362
989.15067,0.15411664
989.73778,-0.22756073
990.32506,-0.052374573
990.91252,0.47575354
991.50016,0.2587844
992.08797,0.28495329
992.67595,0.34249552
993.2641,0.48631303
993.85244,0.59875878
994.44094,0.51512688
995.02962,0.65110361
995.61847,0.4890419
996.2075,0.10737313
996.7967,0.32178358
997.38608,0.22246932
997.97563,0.091783287
998.56535,0.0081568627
999.15525,-0.38783138
999.74532,-0.030877254
1000.3356,-0.24647097
1000.926,-0.3365733
1001.5166,-0.63843915
1002.1074,-0.28932343
1002.6983,-0.4421673
1003.2894,-0.41461784
1003.8807,-0.41843974
1004.4722,-0.43010359
1005.0638,-0.34764861
1005.6556,-0.28872186
1006.2476,-0.52783314
1006.8398,-0.5708648
1007.4321,-0.064875668
1008.0246,0.21366367
1008.6173,0.1784787
1009.2102,0.0099615757
1009.8032,0.10026917
1010.3964,0.088617164
1010.9898,-0.10342581
1011.5834,-0.23272251
1012.1771,-0.40123371
1012.771,-0.71876333
1013.3651,-0.49511529
1013.9593,-0.49891705
1014.5538,-0.46350194
1015.1484,-0.012399372
1015.7431,0.18772399
1016.3381,0.26235834
1016.9332,0.28209191
1017.5285,0.30182667
1018.124,0.41568026
1018.7196,0.62365269
1019.3154,0.5179008
1019.9114,0.52195403
1020.5076,0.54953784
1021.1039,0.47516206
1021.7005,0.45568943
1022.2972,0.38915916
1022.894,0.3932183
1023.4911,0.27178844
1024.0883,-0.014346128
1024.6857,-0.27695009
1025.2832,-0.5238666
1025.881,-0.57470349
1026.4789,-0.86867646
1027.077,-1.3822561
1027.6752,-1.2134816
1028.2737,-0.61333333
1028.8723,-0.37796059
1029.471,-0.017097618
1030.07,0.32023596
1030.6691,-0.063999066
1031.2684,0.17137377
1031.8679,0.30478585
1032.4676,0.44604109
1033.0674,0.46180616
1033.6674,0.5952183
1034.2676,0.48549322
1034.8679,0.35223874
1035.4684,0.4934941
1036.0691,0.54063182
1036.67,0.49365193
1037.2711,0.32118186
1037.8723,0.41537848
1038.4737,0.43114375
1039.0752,0.4782816
1039.677,0.3450273
1040.2789,0.21177304
1040.881,0.26675409
1041.4833,0.49428418
1042.0857,0.58848096
1042.6883,0.51797188
1043.2911,0.58863929
1043.8941,0.40832634
1044.4972,0.45546439
1045.1005,0.41632795
1045.704,0.22817193
1046.3077,0.29099632
1046.9115,0.35382074
1047.5155,0.34605694
1048.1197,0.17358728
1048.724,0.25994118
1049.3286,0.18943235
1049.9333,0.35421766
1050.5382,0.36214025
1051.1432,0.2288864
1051.7484,-0.36711253
1052.3538,-0.26507223
1052.9594,0.017360261
1053.5652,-0.41393272
1054.1711,-0.92365705
1054.7772,-0.69612645
1055.3835,-0.13918407
1055.9899,-0.013614216
1056.5965,0.041367428
1057.2033,0.096349095
1057.8103,0.24544843
1058.4174,0.2690576
1059.0247,0.33188247
1059.6322,0.37902109
1060.2399,0.38694405
1060.8477,0.14388663
1061.4558,0.21455474
1062.0639,0.44208561
1062.6723,0.53628316
1063.2808,0.42655918
1063.8896,0.43448227
1064.4984,0.49730735
1065.1075,0.45032853
1065.7167,0.45040856
1066.3261,0.34068468
1066.9357,0.34860789
1067.5455,0.45849191
1068.1554,0.4742583
1068.7655,0.40375021
1069.3758,-0.34126767
1069.9862,-0.32550121
1070.5969,-0.18424453
1071.2077,-0.56063488
1071.8186,-0.5762409
1072.4298,-0.56831749
1073.0411,-0.31725679
1073.6526,-0.10541176
1074.2643,-0.2478289
1074.8761,0.11172334
1075.4882,0.23599003
1076.1004,0.2112457
1076.7127,0.22572564
1077.3253,0.20884161
1077.938,0.50569165
1078.5509,0.37902086
1079.1639,0.11902531
1079.7772,0.23550894
1080.3906,0.6578835
1081.0042,0.65673722
1081.6179,0.78108973
1082.2319,0.74858807
1082.846,0.73178126
1083.4603,0.76204186
1084.0747,0.81584046
1084.6894,0.64219665
1085.3042,0.90777711
1085.9192,1.0008171
1086.5343,1.0938657
1087.1496,1.0928053
1087.7651,1.0839102
1088.3808,1.2632591
1088.9967,1.3328126
1089.6127,1.2533551
1090.2289,1.275867
1090.8453,1.1179952
1091.4618,0.63856345
1092.0786,0.22188536
1092.6954,0.41698056
1093.3125,0.27482943
1093.9298,0.47778492
1094.5472,0.6180039
1095.1648,0.9150942
1095.7826,1.1102323
1096.4005,1.1093005
1097.0186,1.6809264
1097.6369,1.5466785
1098.2554,1.4987136
1098.874,1.5291888
1099.4928,1.2694764
1100.1118,1.3156549
1100.731,1.526548
1101.3503,1.478626
1101.9698,1.7209088
1102.5895,1.673004
1103.2094,1.923147
1103.8294,1.9693771
1104.4496,1.8665961
1105.07,2.0069609
1105.6905,1.9590991
1106.3113,1.9347752
1106.9322,1.8634011
1107.5532,1.9410551
1108.1745,1.8932276
1108.7959,1.4846243
1109.4175,1.2250492
1110.0393,1.5145023
1110.6613,1.8353366
1111.2834,1.73265
1111.9057,1.5358543
1112.5281,1.6998515
1113.1508,1.5658181
1113.7736,1.2749306
1114.3966,1.3291496
1115.0198,1.0069067
1115.6431,1.296437
1116.2666,1.8683289
1116.8903,2.0088567
1117.5142,2.2042952
1118.1382,2.1487618
1118.7624,2.383433
1119.3868,2.6337992
1120.0114,2.6567229
1120.6361,2.7502435
1121.261,2.7810275
1121.8861,2.8196632
1122.5114,2.5524252
1123.1368,2.3479409
1123.7624,2.6924847
1124.3882,2.8488018
1125.0142,2.9580687
1125.6403,2.9496971
1126.2666,3.051138
1126.8931,3.0192542
1127.5197,2.9716926
1128.1466,3.0261005
1128.7736,3.0334581
1129.4007,3.025138
1130.0281,3.0246696
1130.6556,3.0085235
1131.2833,3.2355232
1131.9112,3.0468453
1132.5392,3.1169995
1133.1674,3.2969661
1133.7958,3.3592943
1134.4244,3.3745723
1135.0531,3.1310353
1135.6821,3.067899
1136.3111,3.2243792
1136.9404,3.098515
1137.5698,2.7687378
1138.1995,2.2350476
1138.8293,2.4464641
1139.4592,2.8147518
1140.0893,3.0104992
1140.7197,3.4650786
1141.3501,3.5745686
1141.9808,3.6840672
1142.6116,3.7543586
1143.2426,3.7540705
1143.8738,3.706732
1144.5052,3.7692061
1145.1367,3.8944338
1145.7684,3.8000623
1146.4003,3.5880523
1147.0323,3.7054627
1147.6646,3.8150385
1148.297,3.9795248
1148.9295,3.9479413
1149.5623,3.8536212
1150.1952,3.9867608
1150.8283,4.0179481
1151.4616,4.0256146
1152.095,4.1430936
1152.7286,4.1429341
1153.3624,3.9074891
1153.9964,3.7896997
1154.6306,3.7189777
1155.2649,3.742382
1155.8994,3.7971674
1156.534,3.7343143
1157.1689,4.1185286
1157.8039,4.2125554
1158.4391,4.3144339
1159.0744,4.3143603
1159.71,4.2593932
1160.3457,4.0789445
1160.9816,3.7887005
1161.6176,3.780818
1162.2538,3.7729441
1162.8903,3.7572357
1163.5268,3.6866338
1164.1636,3.9925112
1164.8005,4.2121226
1165.4376,4.3611543
1166.0749,4.4239201
1166.7124,4.5259102
1167.35,4.7141834
1167.9878,4.8632494
1168.6258,4.8476182
1169.2639,4.7300348
1169.9022,4.7065775
1170.5407,4.8164623
1171.1794,4.9341987
1171.8182,5.1068456
1172.4573,5.2089129
1173.0965,5.1698124
1173.7358,5.0052302
1174.3754,5.1779115
1175.0151,5.1231503
1175.655,4.7546723
1176.295,4.8332617
1176.9353,4.817742
1177.5757,4.6139956
1178.2163,4.3945715
1178.857,4.4104501
1179.498,4.8733961
1180.1391,4.7088997
1180.7804,4.7091178
1181.4218,4.8269915
1182.0635,4.9684032
1182.7053,5.2588431
1183.3472,5.1649779
1183.9894,5.0946506
1184.6317,5.2909986
1185.2742,5.5501003
1185.9169,5.6445047
1186.5598,5.7467607
1187.2028,5.7862803
1187.846,5.6375732
1188.4894,5.7320119
1189.1329,5.6931258
1189.7766,5.8346405
1190.4205,5.6310657
1191.0646,5.3569112
1191.7088,5.3651183
1192.3533,5.4909811
1192.9979,5.7423426
1193.6426,5.6878303
1194.2876,5.5470521
1194.9327,5.6886354
1195.578,5.6655214
1196.2234,5.6502592
1196.8691,5.3918682
1197.5149,5.9805447
1198.1609,6.0515827
1198.807,5.9971391
1199.4534,6.0368217
1200.0999,6.2333756
1200.7466,6.1005263
1201.3934,6.1088621
1202.0405,6.2113242
1202.6877,6.4235987
1203.335,6.1574504
1203.9826,6.0246441
1204.6303,6.2055718
1205.2782,6.2218022
1205.9263,6.0576491
1206.5746,5.9719359
1207.223,6.0352508
1207.8716,6.1534764
1208.5204,6.4128869
1209.1693,6.4840708
1209.8184,6.4454593
1210.4677,6.5166604
1211.1172,6.6035562
1211.7668,6.4159509
1212.4167,6.4322757
1213.0667,6.8015503
1213.7168,6.6218138
1214.3672,6.6460075
1215.0177,6.8113862
1215.6684,6.6865775
1216.3192,6.6637381
1216.9703,6.6409073
1217.6215,6.6023988
1218.2729,6.4070361
1218.9244,5.929329
1219.5762,6.0163365
1220.2281,6.0562937
1220.8802,5.9942987
1221.5324,5.6734887
1222.1849,6.4428834
1222.8375,6.7966004
1223.4902,6.9071887
1224.1432,6.4844523
1224.7963,6.9401558
1225.4496,6.9331228
1226.1031,6.957471
1226.7568,6.8092787
1227.4106,6.8963891
1228.0646,6.6619394
1228.7188,6.4824003
1229.3731,6.5773796
1230.0276,6.8606028
1230.6823,6.2967757
1231.3372,5.9839376
1231.9922,6.4554218
1232.6475,5.6014243
1233.3029,5.3199845
1233.9584,5.7522788
1234.6142,5.8786992
1235.2701,6.3110106
1235.9262,6.1237228
1236.5824,5.4658553
1237.2389,5.4981924
1237.8955,6.1344597
1238.5523,6.3785788
1239.2092,6.4187848
1239.8664,6.0433131
1240.5237,5.5188304
1241.1812,5.3708269
1241.8388,6.0149888
1242.4967,6.1571986
1243.1547,5.8758874
1243.8128,6.1200751
1244.4712,6.4740753
1245.1297,5.8320056
1245.7884,5.731121
1246.4473,5.7792645
1247.1064,5.7097696
1247.7656,5.1383225
1248.425,5.484531
1249.0846,5.0464344
1249.7443,5.1416797
1250.4042,4.9937963
1251.0643,5.4341568
1251.7246,5.4509964
1252.385,5.2560799
1253.0457,5.2807799
1253.7064,6.5211747
1254.3674,6.1851075
1255.0286,6.3353234
1255.6899,5.9679008
1256.3514,6.3455848
1257.013,6.2370029
1257.6749,6.7637237
1258.3369,6.8198649
1258.9991,6.209348
1259.6614,6.8615847
1260.324,6.7922614
1260.9867,6.1817702
1261.6496,6.5987386
1262.3126,6.5764998
1262.9758,6.5856422
1263.6392,6.414401
1264.3028,6.5568939
1264.9666,7.2327287
1265.6305,7.0222976
1266.2946,6.1608947
1266.9589,5.9740101
1267.6233,6.2263498
1268.288,6.0316393
1268.9528,6.0565452
1269.6177,5.7285185
1270.2829,5.4475592
1270.9482,5.5822947
1271.6137,5.5915487
1272.2794,6.0321837
1272.9452,6.6375333
1273.6112,5.6036757
1274.2774,5.5188463
1274.9438,6.0065745
1275.6103,5.733527
1276.2771,6.3153901
1276.9439,6.2933401
1277.611,6.8830634
1278.2783,6.0296581
1278.9457,6.0233201
1279.6132,6.1503241
1280.281,6.7871406
1280.9489,6.2396519
1281.6171,6.2804071
1282.2853,5.9917591
1282.9538,5.6952766
1283.6224,5.9556654
1284.2912,7.0003765
1284.9602,7.2607824
1285.6294,6.7447264
1286.2987,6.6129926
1286.9682,5.8224439
1287.6379,6.3103352
1288.3077,5.9354899
1288.9778,4.9253591
1289.648,5.1309231
1290.3183,4.8110056
1290.9889,4.1067829
1291.6596,4.2653139
1292.3305,4.9022848
1293.0016,4.896127
1293.6728,5.0076249
1294.3442,4.8524647
1295.0158,5.9679014
1295.6876,5.1617779
1296.3595,4.7948788
1297.0316,5.2044588
1297.7039,6.0218905
1298.3764,5.1138406
1299.049,5.1234464
1299.7218,5.2428646
1300.3948,5.5348405
1301.068,5.999374
1301.7413,5.5776415
1302.4148,5.6657215
1303.0885,6.318516
1303.7624,6.3438681
1304.4364,5.8986405
1305.1106,5.7671471
1305.785,5.8474268
1306.4595,5.3786956
1307.1343,6.22762
1307.8092,6.0883177
1308.4843,6.7098083
1309.1595,6.7195428
1309.8349,6.3685015
1310.5105,6.3860963
1311.1863,6.2154643
1311.8622,6.2409194
1312.5384,5.8742262
1313.2147,5.2879337
1313.8911,5.0702772
1314.5678,4.6565509
1315.2446,4.0702842
1315.9216,3.6487319
1316.5988,3.1252275
1317.2761,3.1350649
1317.9536,3.4978521
1318.6313,3.8292753
1319.3092,4.6626679
1319.9872,5.2372455
1320.6654,6.1020278
1321.3438,6.2530932
1322.0224,5.9257358
1322.7011,6.3434851
1323.38,6.5886938
1324.0591,6.0731269
1324.7384,6.498745
1325.4178,6.1949599
1326.0974,6.8637324
1326.7772,6.9678076
1327.4571,6.3189502
1328.1372,6.2034348
1328.8176,6.8487122
1329.498,7.541057
1330.1787,5.9039987
1330.8595,4.5885175
1331.5405,4.3789273
1332.2217,4.8124829
1332.903,4.7833021
1333.5845,4.424718
1334.2662,4.4426131
1334.9481,5.2918893
1335.6302,5.1843114
1336.3124,6.22184
1336.9948,6.0123185
1337.6773,6.4459427
1338.3601,8.6207521
1339.043,8.6936092
1339.7261,8.8762788
1340.4093,8.7217021
1341.0928,8.9436046
1341.7764,8.7655156
1342.4602,7.9286117
1343.1441,7.7505399
1343.8283,7.8862022
1344.5126,8.0061868
1345.1971,8.8242192
1345.8817,9.6422602
1346.5666,10.272074
1347.2516,10.313662
1347.9367,9.2807483
1348.6221,8.6792157
1349.3076,8.8776917
1349.9933,8.8800979
1350.6792,7.8942774
1351.3652,9.1280733
1352.0515,9.3422699
1352.7379,8.0349065
1353.4244,8.1393163
1354.1112,7.5300093
1354.7981,7.3834559
1355.4852,7.8643621
1356.1725,7.4433161
1356.8599,6.8811022
1357.5475,6.8051714
1358.2353,6.6586609
1358.9233,5.7905904
1359.6114,4.5774305
1360.2998,4.3995732
1360.9882,5.6021167
1361.6769,5.5889824
1362.3657,7.1836999
1363.0548,8.2294064
1363.7439,8.0045332
1364.4333,7.1679039
1365.1228,7.3822636
1365.8125,7.4397691
1366.5024,7.0737537
1367.1925,7.6489234
1367.8827,8.3260625
1368.5731,8.1090925
1369.2637,6.9352684
1369.9545,6.5771391
1370.6454,6.4778419
1371.3365,5.9079651
1372.0278,5.0949596
1372.7192,4.6192175
1373.4108,3.680739
1374.1026,3.8559945
1374.7946,3.3332194
1375.4868,4.3790803
1376.1791,4.2484792
1376.8716,4.2198475
1377.5642,3.3284793
1378.2571,3.7782961
1378.9501,4.3849842
1379.6433,4.5132496
1380.3367,4.1866215
1381.0302,3.9619629
1381.7239,4.4196657
1382.4178,5.0185536
1383.1119,3.9233325
1383.8061,3.3849826
1384.5005,4.5878178
1385.1951,5.3043871
1385.8899,4.5542983
1386.5848,3.7257867
1387.2799,2.7639504
1387.9752,3.653103
1388.6706,3.5697152
1389.3663,2.9843752
1390.0621,3.2461026
1390.7581,3.3274464
1391.4542,3.6989949
1392.1505,3.8352578
1392.847,3.9166274
1393.5437,3.7548683
1394.2406,2.9970393
1394.9376,3.5882385
1395.6348,3.6068973
1396.3322,2.8726235
1397.0297,2.2716916
1397.7274,2.7844938
1398.4253,2.7953437
1399.1234,2.963065
1399.8216,2.0013831
1400.5201,1.7612785
1401.2187,2.6741235
1401.9174,2.1830556
1402.6164,2.0292512
1403.3155,1.7499652
1404.0148,0.9451975
1404.7142,0.68161489
1405.4139,1.0925507
1406.1137,0.54663228
1406.8137,1.0124872
1407.5138,0.78031144
1408.2142,0.39128154
1408.9147,0.98265238
1409.6153,1.354424
1410.3162,1.3889492
1411.0172,1.1725027
1411.7184,1.2305745
1412.4198,1.0768902
1413.1214,0.48399878
1413.8231,0.33033165
1414.525,-0.32528769
1415.2271,-0.10246708
1415.9293,-0.060030039
1416.6318,-0.1822903
1417.3344,0.11898743
1418.0371,-0.74051058
1418.7401,-0.64313725
1419.4432,-0.085176054
1420.1465,0.0414323
1420.85,-0.71821415
1421.5536,-0.88176247
1422.2574,0.068434399
1422.9614,0.25002352
1423.6656,-0.14875981
1424.3699,0.24463343
1425.0744,0.88902676
1425.7791,0.38834175
1426.484,-0.096637279
1427.189,-0.18943974
1427.8942,0.21973828
1428.5996,-1.3789071
1429.3052,-2.1147877
1430.0109,-1.4859428
1430.7168,-0.77864673
1431.4229,0.014943531
1432.1292,-0.9169367
1432.8356,-1.1272286
1433.5422,0.12132272
1434.249,1.3777369
1434.9559,1.8027982
1435.6631,1.702389
1436.3704,3.9000388
1437.0778,4.1839827
1437.7855,5.416966
1438.4933,6.1401651
1439.2013,5.7496583
1439.9095,5.6336811
1440.6178,5.0471353
1441.3263,4.0370798
1442.035,2.4074362
1442.7439,1.789577
1443.4529,1.1482081
1444.1622,1.1892118
1444.8716,-0.11094122
1445.5811,-0.56401573
1446.2909,-0.70334506
1447.0008,-0.1524586
1447.7109,0.021976974
1448.4211,-0.96435206
1449.1316,-0.51536728
1449.8422,-0.59969613
1450.553,-0.23694646
1451.2639,-0.25849081
1451.9751,-0.53099584
1452.6864,-0.1760302
1453.3978,0.49268064
1454.1095,2.0319994
1454.8213,2.1909457
1455.5333,1.6361863
1456.2455,1.3481132
1456.9579,-0.085038256
1457.6704,-0.55346411
1458.3831,-0.10422319
1459.096,-0.69809983
1459.809,0.53549421
1460.5222,0.11420599
1461.2356,-0.29921938
1461.9492,0.46384553
1462.663,0.12889093
1463.3769,0.95474035
1464.091,2.0002173
1464.8052,1.4143414
1465.5197,1.9500539
1466.2343,1.6465703
1466.9491,1.5234987
1467.6641,1.5729957
1468.3792,1.0342772
1469.0945,0.90342145
1469.81,0.78042858
1470.5257,0.53980836
1471.2415,0.19724705
1471.9575,-0.12960828
1472.6737,-0.55056155
1473.3901,-0.46953434
1474.1066,0.97621846
1474.8233,1.6298341
1475.5402,0.69131257
1476.2572,0.26261467
1476.9745,0.63393647
1477.6919,0.56606229
1478.4095,1.1335019
1479.1272,0.97154951
1479.8451,0.51157757
1480.5632,0.318292
1481.2815,-0.18869935
1482,0.22197605
1482.7186,0.50718097
1483.4374,-0.21935912
1484.1564,0.13647343
1484.8755,0.90016882
1485.5948,0.6285898
1486.3143,1.0315403
1487.034,0.7678438
1487.7538,-0.14681337
1488.4739,-0.41831358
1489.194,-0.27410782
1489.9144,0.42698039
1490.6349,0.50646093
1491.3557,0.78203721
1492.0765,0.4223367
1492.7976,-0.20401316
1493.5188,-0.49309081
1494.2403,-0.66450407
1494.9618,-0.82805688
1495.6836,-0.94453355
1496.4055,-1.3355027
1497.1276,-0.73821925
1497.8499,-0.48601651
1498.5724,-0.14752195
1499.295,0.14393111
1500.0178,0.63147992
1500.7408,0.85237938
1501.4639,0.13211969
1502.1873,0.41579888
1502.9108,1.2092993
1503.6345,1.5165426
1504.3583,1.5414502
1505.0823,1.1271594
1505.8065,0.76778796
1506.5309,1.6319632
1507.2554,0.70792051
1507.9802,-0.39649705
1508.7051,0.59322036
1509.4301,-0.0092017698
1510.1554,-0.93317521
1510.8808,-0.99438624
1511.6064,-1.4555799
1512.3321,-0.53636418
1513.0581,-0.71517031
1513.7842,-1.1292532
1514.5105,-1.0570443
1515.2369,-0.46717107
1515.9636,-0.37924126
1516.6904,-0.10305884
1517.4174,0.63588599
1518.1445,0.99837756
1518.8719,1.1020629
1519.5994,1.1587068
1520.3271,0.79183852
1521.0549,2.0093013
1521.7829,2.5836442
1522.5111,2.3972201
1523.2395,1.5049309
1523.9681,2.1499139
1524.6968,1.4929535
1525.4257,0.82032415
1526.1548,1.5908494
1526.884,0.32217619
1527.6135,0.0025399547
1528.3431,0.37311711
1529.0728,1.2378292
1529.8028,1.0515783
1530.5329,0.46534465
1531.2632,0.12226559
1531.9937,-0.48746282
1532.7243,-0.97168371
1533.4551,-0.36569121
1534.1861,-0.1832108
1534.9173,-0.27522288
1535.6486,-0.20251175
1536.3801,-0.5062539
1537.1118,-0.39429245
1537.8437,3.9254192e-005
1538.5757,1.3669373
1539.3079,0.46718599
1540.0403,1.1360795
1540.7729,-0.053833291
1541.5056,-0.1456895
1542.2385,0.36639317
1542.9716,-0.22738919
1543.7048,0.33178694
1544.4383,0.27921569
1545.1719,-0.02140689
1545.9057,0.32896707
1546.6396,-0.20691733
1547.3737,0.39446932
1548.108,0.28214663
1548.8425,-0.63015992
1549.5772,-0.54637189
1550.312,-0.75276378
1551.047,0.029095758
1551.7822,-0.60079326
1552.5175,-0.64243083
1553.253,-0.42522873
1553.9887,-0.49820656
1554.7246,-0.28097216
1555.4606,-0.80881966
1556.1968,-0.62292552
1556.9332,-0.38211327
1557.6698,0.13322493
1558.4065,0.68779497
1559.1434,0.86591056
1559.8805,1.5146305
1560.6178,1.9045431
1561.3552,2.5611385
1562.0928,3.1393187
1562.8306,2.344966
1563.5686,1.9114138
1564.3067,0.88179929
1565.045,1.3894558
1565.7835,1.9441873
1566.5222,2.0910918
1567.261,2.9831105
1568,1.9927925
1568.7392,1.5907258
1569.4785,1.2592635
1570.2181,0.44938605
1570.9578,1.7257992
1571.6976,2.2336011
1572.4377,1.3610269
1573.1779,1.1002336
1573.9183,0.51788785
1574.6589,0.83751901
1575.3996,2.1532447
1576.1405,1.9787905
1576.8816,1.3494505
1577.6229,0.75934236
1578.3643,0.94572092
1579.106,0.70858621
1579.8478,0.016565694
1580.5897,-0.20485044
1581.3319,0.48355349
1582.0742,1.5876598
1582.8167,2.958449
1583.5593,2.5018033
1584.3022,1.7785072
1585.0452,1.3375801
1585.7883,1.4927475
1586.5317,2.8244018
1587.2752,1.7168564
1588.0189,1.8328567
1588.7628,2.1214221
1589.5069,1.9080428
1590.2511,1.6240915
1590.9955,1.5283916
1591.7401,2.0601589
1592.4848,1.1566482
1593.2298,0.9904085
1593.9749,0.9339889
1594.7201,1.1599384
1595.4656,1.0878648
1596.2112,0.54521912
1596.957,0.55945234
1597.703,0.85605465
1598.4491,0.61149664
1599.1955,-0.12716288
1599.9419,0.3655663
1600.6886,0.61517438
1601.4355,1.5393084
1602.1825,2.6281645
1602.9297,1.5758602
1603.677,1.0412191
1604.4246,1.5105158
1605.1723,1.4935541
1605.9202,1.0922948
1606.6682,1.514581
1607.4165,1.568256
1608.1649,1.1827314
1608.9135,0.65604655
1609.6622,1.1489856
1610.4112,1.7517448
1611.1603,1.4682456
1611.9095,2.0945665
1612.659,1.3483545
1613.4086,0.45313902
1614.1584,1.3618613
1614.9084,1.5176585
1615.6586,0.81072677
1616.4089,0.26851707
1617.1594,0.64397058
1617.9101,1.1449304
1618.6609,0.78316133
1619.4119,-0.28447397
1620.1631,0.85182844
1620.9145,1.2508921
1621.666,0.49703072
1622.4178,1.0608326
1623.1697,0.76974858
1623.9217,0.54142584
1624.674,0.17194278
1625.4264,0.22600528
1626.179,0.65655452
1626.9317,1.2126101
1627.6847,-0.20778876
1628.4378,0.042416761
1629.1911,-0.25638118
1629.9445,0.58209193
1630.6982,0.90293413
1631.452,0.32183169
1632.206,0.77603952
1632.9601,0.35967525
1633.7145,0.6727389
1634.469,0.20150498
1635.2237,1.3695029
1635.9785,1.227713
1636.7335,0.71731184
1637.4887,1.1716327
1638.2441,0.010283425
1638.9997,0.11953854
1639.7554,0.58175097
1640.5113,0.87143054
1641.2674,0.79249879
1642.0236,1.1214263
1642.78,1.4346838
1643.5366,-0.040277975
1644.2934,0.7279137
1645.0504,1.3314156
1645.8075,0.0055219529
1646.5648,0.22474246
1647.3222,0.6949595
1648.0799,0.5142123
1648.8377,0.16093223
1649.5957,0.050805562
1650.3538,0.55245974
1651.1122,0.77177713
1651.8707,0.40287538
1652.6294,0.096734864
1653.3882,-0.38978166
1654.1473,-0.59392909
1654.9065,0.025469033
1655.6659,0.095863698
1656.4254,0.08
1657.1852,-0.23620934
1657.9451,-0.089657962
1658.7052,0.15102667
1659.4654,-0.22788092
1660.2258,-0.8812827
1660.9864,-0.86015906
1661.7472,0.078627253
1662.5082,-0.27668847
1663.2693,-0.69473367
1664.0306,-0.54805738
1664.7921,0.90059531
1665.5537,0.051224405
1666.3155,0.21363382
1667.0775,-0.29060782
1667.8397,-0.69287306
1668.6021,0.13624986
1669.3646,-0.44637631
1670.1273,-0.11918294
1670.8901,0.18449663
1671.6532,0.0097604404
1672.4164,0.34484379
1673.1798,0.11523687
1673.9434,0.066037724
1674.7071,-0.6341262
1675.471,-0.73819608
1676.2351,0.18868648
1676.9994,-0.17069085
1677.7638,-0.82024963
1678.5284,0.33412777
1679.2932,0.27283352
1680.0581,0.58018135
1680.8233,0.53460262
1681.5886,0.0027639985
1682.3541,0.2081949
1683.1197,0.16266004
1683.8855,0.10145352
1684.6515,0.12653613
1685.4177,0.21437846
1686.1841,0.027725606
1686.9506,-0.80204988
1687.7173,-0.92592839
1688.4842,-0.49292954
1689.2512,0.28518198
1690.0184,0.082915961
1690.7858,0.076742994
1691.5534,0.44705524
1692.3212,0.39385269
1693.0891,0.8739981
1693.8572,0.39729538
1694.6254,0.53237199
1695.3939,0.7458946
1696.1625,1.0221769
1696.9313,0.57690524
1697.7002,0.68066779
1698.4694,0.14915084
1699.2387,0.3941191
1700.0082,0.55282747
1700.7778,0.15468772
1701.5477,0.29773906
1702.3177,0.040805022
1703.0879,0.042709135
1703.8582,0.3661965
1704.6288,-0.055399559
1705.3995,-0.54756923
1706.1704,-0.012273298
1706.9414,-0.16715882
1707.7126,-0.063206198
1708.484,0.15840811
1709.2556,0.36435076
1710.0274,0.32717078
1710.7993,-0.25901419
1711.5714,0.033246839
1712.3437,0.67062053
1713.1161,0.55506766
1713.8887,0.98070588
1714.6615,0.085676712
1715.4345,-0.5583599
1716.2076,0.021145074
1716.981,0.21634849
1717.7545,-0.074710434
1718.5281,-0.091247385
1719.302,-0.96267413
1720.076,-0.25761811
1720.8502,-0.36039306
1721.6245,-0.36119506
1722.3991,-0.34629862
1723.1738,-0.13531157
1723.9487,1.1109818
1724.7237,0.32591472
1725.499,-0.25521859
1726.2744,0.34013086
1727.05,0.31588463
1727.8257,-0.037761186
1728.6017,-0.55610072
1729.3778,-0.83129083
1730.154,-0.17313543
1730.9305,-0.34634042
1731.7071,0.068702063
1732.4839,-0.018204073
1733.2609,0.19294118
1734.0381,-0.62582096
1734.8154,-0.51908129
1735.5929,-0.3495849
1736.3706,-0.58792004
1737.1484,0.53846233
1737.9264,0.55113082
1738.7046,0.022634456
1739.483,0.47454187
1740.2615,0.079402068
1741.0403,0.13917585
1741.8191,-0.15397993
1742.5982,0.10973865
1743.3775,-0.19123704
1744.1569,0.033289085
1744.9365,0.51665036
1745.7162,0.1059056
1746.4962,-0.38325892
1747.2763,0.36680387
1748.0566,-0.20076879
1748.837,-0.5722514
1749.6177,0.068042317
1750.3985,0.018151569
1751.1795,-0.14153149
1751.9606,0.083110802
1752.7419,0.23717647
1753.5234,-0.21889074
1754.3051,0.46230718
1755.087,0.75135846
1755.869,0.29532194
1756.6512,0.38831525
1757.4336,-0.25593611
1758.2161,-0.31194194
1758.9989,-0.4620552
1759.7818,-0.1650994
1760.5648,0.210298
1761.3481,-0.55154928
1762.1315,-0.56044514
1762.9151,0.011061376
1763.6989,-0.17820619
1764.4828,0.048222747
1765.2669,-0.13318122
1766.0512,0.093268172
1766.8357,1.1589435
1767.6203,0.63247216
1768.4052,0.18444244
1769.1901,-0.7576947
1769.9753,-0.750802
1770.7606,-0.061546131
1771.5462,-0.25855454
1772.3318,0.33660414
1773.1177,0.06118481
1773.9037,-0.25343997
1774.6899,-0.71707414
1775.4763,-1.0395216
1776.2629,-0.10705687
1777.0496,0.025418087
1777.8365,0.69123661
1778.6236,0.29039869
1779.4109,0.81506119
1780.1983,0.90051824
1780.9859,0.67226003
1781.7737,1.2910709
1782.5616,1.172637
1783.3497,1.5483311
1784.138,0.77893732
1784.9265,0.82524006
1785.7152,0.84802362
1786.504,0.64336642
1787.293,0.43871946
1788.0822,0.5242788
1788.8715,0.50004445
1789.661,0.14640856
1790.4507,0.3182731
1791.2406,0.88230473
1792.0306,0.65418972
1792.8208,0.81824181
1793.6112,0.25289237
1794.4018,0.80127864
1795.1925,1.4986947
1795.9834,1.4431799
1796.7745,0.59551844
1797.5658,-0.0011524117
1798.3572,0.74336344
1799.1488,1.6369091
1799.9406,1.1971317
1800.7326,1.1495214
1801.5247,1.0705487
1802.317,0.3562922
1803.1095,1.1243988
1803.9021,0.74741766
1804.695,0.56652515
1805.488,0.58956443
1806.2811,-0.10895468
1807.0745,1.169007
1807.868,0.90972405
1808.6617,0.98770622
1809.4556,1.2539339
1810.2496,1.0025248
1811.0439,1.4726945
1811.8383,1.5428744
1812.6328,1.4718881
1813.4276,1.3146375
1814.2225,1.5260246
1815.0176,1.227618
1815.8128,0.73314324
1816.6083,1.5876983
1817.4039,0.89716551
1818.1997,0.28507434
1818.9957,0.53573851
1819.7918,0.95896191
1820.5881,0.88023477
1821.3846,0.62896883
1822.1813,0.81692881
1822.9781,1.2009774
1823.7751,0.70660495
1824.5723,0.5965564
1825.3696,1.3335769
1826.1672,0.55688214
1826.9649,-0.094312191
1827.7628,0.88587625
1828.5608,0.29744748
1829.359,0.08549952
1830.1574,0.50885591
1830.956,0.60281076
1831.7548,0.65756016
1832.5537,0.610359
1833.3528,0.62591316
1834.1521,0.50030109
1834.9515,0.53940513
1835.7511,0.18636253
1836.5509,1.080389
1837.3509,0.78226881
1838.151,0.3665118
1838.9514,-0.0962938
1839.7519,1.1977736
1840.5525,1.2134198
1841.3534,0.66437038
1842.1544,0.49180177
1842.9556,0.73492967
1843.7569,0.75845995
1844.5585,0.53886321
1845.3602,0.95457082
1846.1621,1.1898965
1846.9641,0.86836965
1847.7664,1.1194021
1848.5688,0.98613098
1849.3713,-0.34712988
1850.1741,-0.44116482
1850.977,0.04520262
1851.7801,0.22569794
1852.5834,-0.307522
1853.3869,0.64946436
1854.1905,0.21038253
1854.9943,-0.58163025
1855.7983,-0.13441712
1856.6024,0.98731604
1857.4068,-0.03996017
1858.2113,-0.094677134
1859.0159,0.47806711
1859.8208,0.79984119
1860.6258,0.36868433
1861.431,0.2120475
1862.2364,1.0436562
1863.0419,0.17331432
1863.8476,-0.19505653
1864.6535,0.28364167
1865.4596,0.50352658
1866.2658,0.93518641
1867.0722,0.97469961
1867.8788,0.59853677
1868.6856,1.0066979
1869.4925,0.52075158
1870.2996,0.92109001
1871.1069,0.4430073
1871.9144,0.62375835
1872.722,0.23981375
1873.5298,0.18529114
1874.3378,0.73470032
1875.146,1.1664727
1875.9543,0.39041213
1876.7628,0.6025971
1877.5715,0.48538054
1878.3803,0.53288009
1879.1894,0.61960555
1879.9986,-0.33679601
1880.8079,0.32249893
1881.6175,0.33866685
1882.4272,0.064648914
1883.2371,0.85730788
1884.0472,0.065663342
1884.8574,-0.12989253
1885.6679,0.66279712
1886.4785,0.34177151
1887.2892,0.0050698515
1888.1002,0.28798627
1888.9113,0.6101286
1889.7226,0.20286939
1890.534,-0.55732076
1891.3457,0.21975422
1892.1575,0.47919237
1892.9695,0.25236624
1893.7816,0.22947191
1894.594,1.5242349
1895.4065,0.79547863
1896.2192,-0.33326736
1897.032,-0.13651294
1897.8451,0.57005564
1898.6583,0.508007
1899.4717,0.16361564
1900.2852,0.20354824
1901.099,0.094471457
1901.9129,-0.053810781
1902.7269,-0.076592594
1903.5412,0.20651818
1904.3556,-0.067223571
1905.1702,0.27080962
1905.985,-0.15193128
1906.7999,-0.48838743
1907.6151,-0.29150003
1908.4304,0.030887801
1909.2458,-0.070243551
1910.0615,0.19726278
1910.8773,-0.17835792
1911.6933,-0.35004682
1912.5095,0.18415686
1913.3258,0.28142877
1914.1423,-0.24089813
1914.959,-0.48870619
1915.7759,0.19682813
1916.5929,0.92158718
1917.4102,0.49341409
1918.2275,-0.013181332
1919.0451,0.037095033
1919.8628,0.063851027
1920.6808,-0.21526629
1921.4988,-0.39241379
1922.3171,-0.2871993
1923.1355,0.17096541
1923.9541,0.29188425
1924.7729,-0.23032512
1925.5919,0.2043373
1926.411,0.47430288
1927.2303,0.13251279
1928.0498,0.15935919
1928.8694,0.24111659
1929.6893,0.1268046
1930.5093,-0.48161599
1931.3294,0.31389402
1932.1498,-0.051371234
1932.9703,-0.37741176
1933.791,-0.20942588
1934.6119,-0.26888196
1935.4329,-0.038132937
1936.2542,-0.47404156
1937.0756,-0.10994117
1937.8971,-0.33406705
1938.7189,0.022208244
1939.5408,0.46476707
1940.3629,0.17792315
1941.1851,-0.18734313
1942.0076,-0.36436509
1942.8302,0.34489648
1943.653,0.12867687
1944.476,0.030113344
1945.2991,-0.40569607
1946.1224,-0.14345725
1946.9459,0.22075138
1947.7695,0.2006553
1948.5934,0.34527413
1949.4174,0.12127452
1950.2416,-0.20467686
1951.0659,-0.02081529
1951.8905,0.28070236
1952.7152,-0.12365333
1953.54,-0.41035294
1954.3651,0.20954384
1955.1903,-0.10388438
1956.0157,-0.48004935
1956.8413,-0.0013040214
1957.667,-0.055883686
1958.493,0.22679989
1959.3191,0.26635456
1960.1453,-0.65878832
1960.9718,-0.36039345
1961.7984,0.079186236
1962.6252,0.39328407
1963.4522,0.22111572
1964.2793,0.017583176
1965.1066,0.31601975
1965.9341,0.16740584
1966.7618,0.39527087
1967.5896,-0.019993028
1968.4176,0.098084752
1969.2458,-0.066182068
1970.0742,-0.37161702
1970.9027,0.24060343
1971.7314,0.46851849
1972.5603,0.21801052
1973.3894,-0.31484205
1974.2186,-0.23592157
1975.048,0.13607558
1975.8776,-0.21348861
1976.7074,0.080091753
1977.5373,0.06779706
1978.3674,-0.83076485
1979.1977,-0.38029985
1980.0281,-0.26708245
1980.8588,-0.020524431
1981.6896,0.32015854
1982.5205,0.30006448
1983.3517,-0.16708109
1984.183,-0.32049388
1985.0145,-0.15233075
1985.8462,0.0628985
1986.678,0.1840174
1987.51,-0.18113091
1988.3422,0.21451239
1989.1746,0.13173161
1990.0072,-0.66476736
1990.8399,-0.018121781
1991.6728,0.42460953
1992.5058,0.50656382
1993.3391,1.0355842
1994.1725,0.18421978
1995.0061,-0.55733346
1995.8398,-0.27927155
1996.6738,-0.079633717
1997.5079,-0.11528271
1998.3422,-0.30778715
1999.1766,-0.14734311
2000.0113,0.1778141
2000.8461,-0.21074688
2001.6811,-0.10518292
2002.5162,0.58862364
2003.3515,0.87459435
2004.187,0.10174883
2005.0227,0.13675374
2005.8586,0.63451105
2006.6946,0.65384428
2007.5308,0.87710638
2008.3672,1.3905718
2009.2037,1.1118878
2010.0404,1.5469364
2010.8773,0.60944341
2011.7144,0.44058513
2012.5517,0.91487139
2013.3891,0.70681202
2014.2267,0.42032856
2015.0644,0.32993084
2015.9024,0.5532659
2016.7405,0.61974551
2017.5788,0.4509383
2018.4173,0.61155015
2019.2559,0.6466791
2020.0947,0.1876977
2020.9337,0.81891968
2021.7729,0.66583523
2022.6122,0.13628748
2023.4517,0.47733527
2024.2914,-0.26396259
2025.1313,-0.14250805
2025.9713,0.057385155
2026.8115,0.37493272
2027.6519,0.26895816
2028.4924,0.33553992
2029.3332,0.45703094
2030.1741,0.68049004
2031.0152,1.1941525
2031.8564,0.89213601
2032.6978,1.0685582
2033.5394,1.1587131
2034.3812,1.4920126
2035.2232,1.6606135
2036.0653,1.4841237
2036.9076,2.0448961
2037.7501,1.6174405
2038.5927,1.0174431
2039.4355,1.0605903
2040.2785,0.79001934
2041.1217,0.80180858
2041.965,0.94693846
2042.8085,1.1940364
2043.6522,0.8372201
2044.4961,1.0686464
2045.3401,0.86086426
2046.1844,0.684462
2047.0287,0.57865526
2047.8733,0.46501268
2048.718,0.59451466
2049.5629,0.55931804
2050.408,0.83001108
2051.2533,1.3595349
2052.0987,0.75965434
2052.9443,0.7637026
2053.7901,0.32069933
2054.6361,0.40319355
2055.4822,0.75236174
2056.3285,0.83487056
2057.175,1.1683671
2058.0216,0.99206695
2058.8685,1.2471467
2059.7155,0.9139984
2060.5626,0.98870057
2061.41,0.94576297
2062.2575,0.73812678
2063.1052,0.7422626
2063.9531,0.63660179
2064.8011,1.0093796
2065.6493,0.73118441
2066.4977,0.80593765
2067.3463,1.6257962
2068.195,1.5358582
2069.044,0.86553526
2069.8931,1.1599255
2070.7423,0.93667603
2071.5918,0.79970834
2072.4414,1.3607872
2073.2912,1.0826576
2074.1411,1.1339471
2074.9913,0.4323027
2075.8416,0.79733228
2076.6921,0.76236915
2077.5427,0.20192312
2078.3935,0.86501381
2079.2446,0.88497453
2080.0957,0.69317784
2080.9471,0.5955061
2081.7986,0.42725342
2082.6503,0.87861587
2083.5022,1.2593974
2084.3543,0.78528425
2085.2065,0.57000193
2086.0589,0.85668769
2086.9115,0.75122388
2087.7642,0.66145365
2088.6171,0.28933777
2089.4702,0.78781742
2090.3235,0.62748084
2091.1769,0.40440646
2092.0306,0.92643741
2092.8844,0.6563188
2093.7383,0.50385454
2094.5925,0.13178974
2095.4468,0.39502635
2096.3013,0.077878097
2097.1559,0.14505087
2098.0108,0.12595643
2098.8658,0.20098693
2099.721,0.079946293
2100.5763,-0.11167528
2101.4319,0.43396535
2102.2876,0.23451523
2103.1435,0.36448417
2103.9995,0.35328394
2104.8558,0.20091454
2105.7122,0.3152191
2106.5688,0.35894272
2107.4255,0.34777167
2108.2824,0.50131381
2109.1395,0.59996128
2109.9968,0.45547879
2110.8543,0.5855134
2111.7119,0.91163374
2112.5697,0.83776138
2113.4277,0.50507278
2114.2858,0.093960107
2115.1441,0.78873708
2116.0026,0.73058018
2116.8613,0.49988155
2117.7202,0.56722944
2118.5792,0.68164344
2119.4384,0.41175102
2120.2977,0.016375695
2121.1573,0.26414492
2122.017,0.20603909
2122.8769,-0.15009865
2123.737,-0.082699695
2124.5972,0.094510483
2125.4576,-0.018468121
2126.3182,0.001893905
2127.179,0.037949502
2128.0399,-0.47500721
2128.901,-0.22717232
2129.7623,-0.16756542
2130.6238,-0.17069632
2131.4854,-0.11891797
2132.3472,0.29365199
2133.2092,0.58858219
2134.0713,0.14626479
2134.9337,-0.13918257
2135.7962,0.093024418
2136.6588,-0.286526
2137.5217,-0.39940245
2138.3847,-0.48089906
2139.2479,-0.076113865
2140.1113,0.68161981
2140.9748,-0.074364718
2141.8386,0.19710904
2142.7025,0.26466852
2143.5665,0.29301961
2144.4308,0.45619783
2145.2952,-0.51787284
2146.1598,-0.18213357
2147.0246,0.18498427
2147.8895,0.23053949
2148.7546,-0.10036986
2149.6199,-0.44695947
2150.4854,-0.45628816
2151.351,-0.55972849
2152.2168,-0.1376726
2153.0828,0.21380107
2153.949,0.016261143
2154.8153,0.038335076
2155.6818,0.49178757
2156.5485,0.11387354
2157.4154,-0.24050507
2158.2824,-0.0066423734
2159.1496,-0.30610699
2160.017,0.53953244
2160.8845,-0.26188093
2161.7523,-0.082896128
2162.6202,0.25295743
2163.4882,0.063326811
2164.3565,-0.055709559
2165.2249,-0.49630854
2166.0935,-0.011411312
2166.9623,0.46564879
2167.8312,0.10349923
2168.7004,0.38449294
2169.5697,0.092943638
2170.4391,-0.0025212135
2171.3088,0.27849054
2172.1786,-0.53853091
2173.0486,0.72288503
2173.9188,0.2196011
2174.7891,-0.03269642
2175.6596,0.42089443
2176.5303,0.27841286
2177.4012,0.010447109
2178.2722,0.41699718
2179.1434,0.60394542
2180.0148,0.43011536
2180.8864,0.74256583
2181.7581,1.0863949
2182.63,0.23022991
2183.5021,-0.41416432
2184.3744,0.25125139
2185.2468,0.18726134
2186.1194,-0.10417367
2186.9922,-0.70932815
2187.8651,-0.49879034
2188.7383,-0.092168091
2189.6116,-0.42279472
2190.4851,-0.49459181
2191.3587,-0.13501034
2192.2325,-0.042089517
2193.1065,0.058680459
2193.9807,0.010436842
2194.8551,-0.053487034
2195.7296,-0.023287248
2196.6043,-0.31465007
2197.4791,-0.025614728
2198.3542,-0.2071616
2199.2294,-0.13772207
2200.1048,0.12780191
2200.9804,-0.092942603
2201.8561,-0.078386985
2202.732,-0.39323712
2203.6081,-0.43357143
2204.4844,0.051590471
2205.3608,0.081856425
2206.2374,0.14350094
2207.1142,-0.43014264
2207.9912,-0.31358413
2208.8683,0.061803922
2209.7456,0.086016349
2210.6231,0.10239045
2211.5008,-0.14789732
2212.3786,0.18221189
2213.2566,0.37899256
2214.1348,0.51303295
2215.0131,-0.42743166
2215.8917,0.043873239
2216.7704,0.18577118
2217.6493,0.57081119
2218.5283,0.13232659
2219.4075,-0.47085908
2220.2869,-0.63482426
2221.1665,0.11886243
2222.0463,0.49608334
2222.9262,0.081152187
2223.8063,-0.020048665
2224.6865,-0.042813336
2225.567,-0.15184771
2226.4476,-0.39421061
2227.3284,0.21049012
2228.2094,0.046568208
2229.0905,-0.1173489
2229.9718,0.28344469
2230.8533,0.24502739
2231.735,0.096810983
2232.6168,0.0035013427
2233.4988,-0.20745055
2234.381,-0.3478094
2235.2634,-0.28424187
2236.1459,-0.22066954
2237.0286,0.29780956
2237.9115,0.53394053
2238.7946,0.48772337
2239.6778,0.66896199
2240.5612,0.8894211
2241.4448,0.76478699
2242.3285,1.3930989
2243.2125,2.3743567
2244.0966,1.7869919
2244.9808,1.3408084
2245.8653,1.6946297
2246.7499,0.80924011
2247.6347,0.99836513
2248.5197,1.0620048
2249.4048,0.81976686
2250.2902,0.78929846
2251.1757,-0.0097925766
2252.0613,0.32837609
2252.9472,0.21949075
2253.8332,0.52629648
2254.7194,0.26055801
2255.6058,0.33207924
2256.4923,0.58399744
2257.379,0.53003809
2258.2659,0.37412276
2259.153,0.51625146
2260.0402,0.24269869
2260.9276,-0.20339829
2261.8152,0.26815659
2262.703,-0.24067588
2263.5909,0.66226117
2264.479,0.42010499
2265.3673,0.14658106
2266.2558,0.14757175
2267.1444,-0.063197466
2268.0332,0.80054793
2268.9222,0.26037657
2269.8113,0.25354335
2270.7007,0.25455807
2271.5902,-0.073834167
2272.4798,0.2487588
2273.3697,-0.27570225
2274.2597,0.1880768
2275.1499,0.079311633
2276.0403,-0.060821272
2276.9308,0.24610945
2277.8216,0.23147636
2278.7125,0.17763239
2279.6035,0.16300891
2280.4948,0.16407651
2281.3862,0.53377637
2282.2778,0.02504967
2283.1695,-0.11504478
2284.0615,-0.0041540221
2284.9536,-0.35600356
2285.8459,0.77450465
2286.7384,0.50893924
2287.631,-0.0076017568
2288.5238,0.39350911
2289.4168,0.33187969
2290.31,0.089862919
2291.2033,-0.19920787
2292.0968,-0.36278365
2292.9905,0.18737086
2293.8843,0.36105959
2294.7784,-0.061325297
2295.6726,0.87315736
2296.567,0.45862522
2297.4615,0.64801946
2298.3562,0.52369301
2299.2511,0.56407726
2300.1462,0.35348592
2301.0415,-0.19435552
2301.9369,0.23035687
2302.8325,0.10605446
2303.7283,0.40528627
2304.6242,0.42216995
2305.5203,0.74494078
2306.4166,0.11869682
2307.3131,0.89637923
2308.2098,1.1799488
2309.1066,1.2125428
2310.0036,1.8490632
2310.9007,1.7953922
2311.7981,1.3181967
2312.6956,2.041006
2313.5933,1.728526
2314.4911,1.9729135
2315.3892,1.4329922
2316.2874,1.7009187
2317.1858,1.561007
2318.0843,1.5152177
2318.9831,1.634139
2319.882,1.1569868
2320.7811,1.0327805
2321.6803,0.21838298
2322.5798,0.66673536
2323.4794,0.96607293
2324.3791,0.66149374
2325.2791,0.66280171
2326.1792,-0.010395319
2327.0795,0.4615105
2327.98,0.76871525
2328.8807,0.46416009
2329.7815,0.25372739
2330.6825,-0.12924952
2331.5837,0.51522936
2332.485,0.414615
2333.3865,0.28263291
2334.2882,0.48791052
2335.1901,0.05789882
2336.0921,0.1690684
2336.9944,-0.057012115
2337.8967,0.43063767
2338.7993,0.34574324
2339.7021,0.28438303
2340.605,0.56812566
2341.5081,0.64795154
2342.4113,0.28856653
2343.3148,-0.039441113
2344.2184,0.016869772
2345.1222,0.16730311
2346.0261,0.043231454
2346.9303,0.021125389
2347.8346,-0.3225445
2348.739,-0.093660555
2349.6437,-0.21771298
2350.5485,0.41902371
2351.4535,-0.1677642
2352.3587,-0.12709632
2353.2641,-0.25112952
2354.1696,0.35425385
2355.0753,0.65375968
2355.9812,0.1297409
2356.8872,-0.072704438
2357.7935,-0.11828223
2358.6999,0.17339969
2359.6064,0.30038054
2360.5132,0.050895603
2361.4201,0.24063116
2362.3272,-0.23629514
2363.2345,-0.61125585
2364.1419,-0.24111371
2365.0495,0.48981754
2365.9573,0.005067335
2366.8653,0.061498404
2367.7734,0.14146369
2368.6817,0.20574751
2369.5902,0.73278124
2370.4989,0.40491781
2371.4077,0.59470625
2372.3167,0.055087731
2373.2259,-0.50805539
2374.1353,-0.11433096
2375.0448,0.18528063
2375.9545,-0.13471082
2376.8644,0.086479013
2377.7745,0.29983051
2378.6847,0.30926526
2379.5951,0.42066559
2380.5057,0.68109033
2381.4164,0.21210813
2382.3274,-0.39020261
2383.2385,-0.1219203
2384.1498,0.55420995
2385.0612,0.56367834
2385.9728,-0.046456304
2386.8846,-0.13109594
2387.7966,0.26270059
2388.7087,-0.37879218
2389.6211,-0.36145661
2390.5336,0.22058965
2391.4462,0.52028777
2392.3591,-0.13687205
2393.2721,-0.17441921
2394.1853,0.0076462715
2395.0987,0.18971656
2396.0122,-0.2321299
2396.9259,0.028381375
2397.8398,0.26536805
2398.7539,-0.32116988
2399.6681,0.15896367
2400.5825,0.21557261
2401.4971,0.68787263
2402.4119,0.90919707
2403.3268,-0.32829722
2404.2419,-0.099120029
2405.1572,-0.31699686
2406.0726,0.084738967
2406.9883,-0.50959883
2407.9041,-0.41373575
2408.8201,0.29389685
2409.7362,0.036828375
2410.6525,0.069960784
2411.569,0.068683834
2412.4857,0.34192092
2413.4026,0.15241713
2414.3196,0.21389797
2415.2368,-0.054028733
2416.1542,-0.25920611
2417.0717,0.18660114
2417.9894,-0.096999143
2418.9073,-0.52961481
2419.8254,-0.47595173
2420.7436,-0.24973541
2421.6621,-0.32155408
2422.5807,-0.009054784
2423.4994,0.15442913
2424.4184,0.50615256
2425.3375,0.11278219
2426.2568,-0.0060741505
2427.1762,0.40840707
2428.0959,-0.11044081
2429.0157,0.14718612
2429.9357,0.29501337
2430.8558,0.32519778
2431.7762,-0.013241028
2432.6967,-0.022263843
2433.6173,0.18048228
2434.5382,0.44597773
2435.4592,0.11539897
2436.3804,-0.41909712
2437.3018,0.1601365
2438.2234,0.42564887
2439.1451,0.68332233
2440.067,0.42335295
2440.9891,-0.23661219
2441.9113,-0.24559271
2442.8338,0.051313349
2443.7564,0.11292952
2444.6791,-0.36662655
2445.6021,-0.33637447
2446.5252,0.18015635
2447.4485,0.2339463
2448.372,-0.10441638
2449.2956,-0.43493169
2450.2194,-0.38112905
2451.1434,0.33934448
2452.0676,0.00099871808
2452.9919,-0.054989876
2453.9164,0.16353556
2454.8411,-0.16695438
2455.766,-0.29351852
2456.691,-0.18478431
2457.6162,0.13804002
2458.5416,-0.1587403
2459.4672,0.20330609
2460.3929,0.38496352
2461.3188,0.033290811
2462.2449,-0.020339497
2463.1712,-0.22298622
2464.0976,-0.15111996
2465.0242,0.20310244
2465.951,0.25144568
2466.8779,-0.076678486
2467.8051,0.026573088
2468.7324,-0.1133094
2469.6598,-0.041423997
2470.5875,0.48536656
2471.5153,0.31412109
2472.4433,0.064447435
2473.3715,0.10497305
2474.2998,0.082756757
2475.2284,0.10760248
2476.157,-0.21264665
2477.0859,0.0082838765
2478.015,0.064511714
2478.9442,-0.21651216
2479.8736,0.30246715
2480.8031,0.24890064
2481.7329,0.37572947
2482.6628,0.5260909
2483.5929,-0.02158369
2484.5231,-0.067294309
2485.4536,0.33405708
2486.3842,0.83737245
2487.315,0.16422042
2488.2459,-0.38343822
2489.1771,0.63753377
2490.1084,0.72517563
2491.0399,0.30301675
2491.9715,0.022037525
2492.9033,0.38419875
2493.8354,0.44048081
2494.7675,0.22225626
2495.6999,0.66285843
2496.6324,0.10738535
2497.5651,0.43818997
2498.498,0.5180174
2499.431,0.24490683
2500.3643,0.089446514
2501.2977,0.13006782
2502.2312,0.33539819
2503.165,0.57994745
2504.0989,0.071558712
2505.033,0.11219277
2505.9673,0.22341826
2506.9017,0.12288223
2507.8363,0.24195724
2508.7711,0.24338837
2509.7061,0.47227368
2510.6412,0.30116217
2511.5765,0.27907347
2512.512,-0.19007088
2513.4477,0.17216052
2514.3835,0.54223825
2515.3195,0.057417199
2516.2557,0.20789346
2517.1921,0.17013761
2518.1286,-0.087222883
2519.0653,0.40836099
2520.0022,0.15100687
2520.9393,-0.31810877
2521.8765,0.42846506
2522.8139,0.39857149
2523.7515,0.12554386
2524.6892,0.43291157
2525.6272,0.34028247
2526.5653,-0.31704932
2527.5035,0.29621032
2528.442,0.31339471
2529.3806,0.22077837
2530.3194,0.12816522
2531.2584,0.05908467
2532.1975,0.28020339
2533.1369,-0.64377274
2534.0763,-0.57951039
2535.016,0.15926496
2535.9559,-0.10587807
2536.8959,0.36623699
2537.8361,0.13247289
2538.7764,-0.030699793
2539.717,0.12769935
2540.6577,0.082180105
2541.5986,0.18568366
2542.5396,0.14801394
2543.4809,-0.36808397
2544.4223,0.10405661
2545.3639,0.042867043
2546.3056,0.25619047
2547.2476,0.10088964
2548.1897,-0.093623696
2549.132,-0.37440835
2550.0744,-0.42773883
2551.017,-0.010477884
2551.9598,-0.19713532
2552.9028,0.063269259
2553.846,0.17465742
2554.7893,0.0036958273
2555.7328,0.39744331
2556.6765,0.093154762
2557.6203,0.35357529
2558.5644,0.57478332
2559.5086,0.70187689
2560.4529,0.64073836
2561.3975,-0.25176953
2562.3422,0.21258851
2563.2871,0.28479288
2564.2322,-0.2626074
2565.1774,-0.24529861
2566.1228,-0.52602585
2567.0684,-0.39106363
2568.0142,-0.24825507
2568.9601,-0.13681588
2569.9062,0.47658729
2570.8525,-0.16490831
2571.799,-0.20247916
2572.7456,-0.036125243
2573.6924,0.051800487
2574.6394,0.37502353
2575.5866,0.17275956
2576.5339,0.25285172
2577.4814,0.11333923
2578.4291,-0.38695439
2579.377,0.38334342
2580.325,0.18893854
2581.2732,0.21414469
2582.2216,0.62366776
2583.1701,0.052801853
2584.1188,0.11723326
2585.0677,0.18951099
2586.0168,-0.028404166
2586.9661,-0.065923977
2587.9155,-0.087754323
2588.8651,0.0080655796
2589.8149,-0.30395447
2590.7648,0.38010711
2591.7149,0.083779719
2592.6652,-0.15764252
2593.6157,-0.077492946
2594.5663,-0.17773234
2595.5172,0.55340401
2596.4681,0.1159161
2597.4193,0.14117647
2598.3707,-0.18686728
2599.3222,-0.42863339
2600.2739,-0.17627873
2601.2257,-0.065097424
2602.1778,0.31275367
2603.13,-0.0074313221
2604.0823,-0.1393779
2605.0349,0.14436492
2605.9876,-0.16796757
2606.9405,0.021663843
2607.8936,0.27404348
2608.8469,0.0087791815
2609.8003,-0.20942317
2610.7539,-0.41193613
2611.7077,-0.46542635
2612.6617,-0.22087424
2613.6158,0.086426094
2614.5701,0.032945236
2615.5246,0.11280083
2616.4792,0.32599289
2617.434,0.01369787
2618.389,-0.39271167
2619.3442,-0.18735339
2620.2995,-0.12316845
2621.2551,0.0037647059
2622.2108,-0.29336977
2623.1666,-0.017952208
2624.1227,0.10844877
2625.0789,0.16426454
2626.0353,-0.0073676445
2626.9918,0.15825809
2627.9486,0.16702411
2628.9055,-0.043814689
2629.8626,0.24731032
2630.8198,0.14628149
2631.7773,0.37466744
2632.7349,0.39129172
2633.6927,-0.23521824
2634.6506,-0.33623497
2635.6088,-0.092150648
2636.5671,0.057819056
2637.5256,0.12936041
2638.4842,-0.13635011
2639.443,-0.15107722
2640.402,-0.1658013
2641.3612,0.093987445
2642.3206,0.07926941
2643.2801,-0.092308346
2644.2398,0.31650908
2645.1997,0.39591776
2646.1597,0.36552555
2647.12,0.24886185
2648.0804,0.17926
2649.0409,0.2429945
2650.0017,0.26751635
2650.9626,0.033217684
2651.9237,0.042059301
2652.885,-0.058899981
2653.8464,-0.19907192
2654.808,0.23330818
2655.7698,0.39902463
2656.7318,0.1412147
2657.6939,-0.27345495
2658.6562,-0.12341569
2659.6187,-0.15376557
2660.5814,-0.2625438
2661.5442,0.052210409
2662.5072,0.30422254
2663.4704,0.046433781
2664.4338,-0.046646076
2665.3973,0.22890454
2666.361,0.45739936
2667.3249,-0.28665182
2668.2889,-0.28560193
2669.2532,0.2252549
2670.2176,0.1899831
2671.1822,0.044909511
2672.1469,0.072387068
2673.1118,-0.080525403
2674.0769,-0.20990633
2675.0422,0.42934232
2676.0077,-0.16277945
2676.9733,-0.33136968
2677.9391,0.15886574
2678.905,-0.34697513
2679.8712,-0.029284462
2680.8375,-0.0017877449
2681.804,0.11982875
2682.7707,0.59438855
2683.7375,0.39444067
2684.7045,-0.025112919
2685.6717,-0.1544683
2686.6391,-0.18970391
2687.6066,0.09663124
2688.5743,0.4221842
2689.5422,0.30852361
2690.5103,0.24192397
2691.4785,-0.14624217
2692.4469,-0.032445392
2693.4155,0.17547116
2694.3843,-0.16562977
2695.3532,0.2226832
2696.3223,0.61884143
2697.2916,0.40323708
2698.2611,0.046458395
2699.2307,0.081838699
2700.2005,0.062319172
2701.1705,0.61535079
2702.1406,0.4860316
2703.111,0.60769493
2704.0815,0.62739961
2705.0521,0.53730249
2706.023,0.56485456
2706.994,0.45907543
2707.9652,0.59643568
2708.9366,0.52203335
2709.9081,0.51822138
2710.8798,0.56931351
2711.8517,0.54981953
2712.8238,0.49111199
2713.796,0.44809286
2714.7685,0.25605625
2715.741,0.34637471
2716.7138,0.091597253
2717.6867,0.24466507
2718.6599,0.16244089
2719.6331,0.20570904
2720.6066,0.56270481
2721.5802,0.2451929
2722.5541,0.77474195
2723.528,0.33174411
2724.5022,0.27306212
2725.4765,0.096735197
2726.451,-0.040373908
2727.4257,0.1127152
2728.4006,0.14815937
2729.3756,0.38752724
2730.3508,0.24258351
2731.3262,0.027053681
2732.3017,0.070349507
2733.2775,-0.05105842
2734.2534,8.4800875e-005
2735.2294,0.043387014
2736.2057,-0.16428904
2737.1821,0.043723317
2738.1587,-0.054144554
2739.1355,0.22446029
2740.1124,0.0011064835
2741.0895,-0.049696177
2742.0668,-0.03775161
2743.0443,-0.033648052
2744.0219,-0.13934629
2744.9998,0.37456545
2745.9778,0.29240089
2746.9559,0.13965022
2747.9343,-0.16211793
2748.9128,-0.25211925
2749.8915,0.11278353
2750.8703,0.54043353
2751.8494,0.2622033
2752.8286,0.11730854
2753.808,-0.004054675
2754.7875,-0.27443537
2755.7672,-0.027166884
2756.7472,0.12598609
2757.7272,0.45953334
2758.7075,0.1970043
2759.6879,-0.089052029
2760.6685,0.2209722
2761.6493,0.20942994
2762.6302,0.1351447
2763.6114,-0.14305997
2764.5927,0.15912964
2765.5741,0.46132138
2766.5558,0.24586819
2767.5376,0.20296615
2768.5196,-0.23209063
2769.5018,-0.20440018
2770.4841,0.18407672
2771.4667,0.070594956
2772.4493,0.05123297
2773.4322,-0.17204845
2774.4153,-0.097288534
2775.3985,0.23629704
2776.3819,0.099296516
2777.3654,0.025043215
2778.3492,0.35863518
2779.3331,-0.10777073
2780.3172,0.66504118
2781.3014,0.63785522
2782.2859,-0.33050508
2783.2705,0.010940665
2784.2553,-0.2044742
2785.2402,0.011485605
2786.2254,-0.25098383
2787.2107,0.051254747
2788.1961,0.41624055
2789.1818,0.18515005
2790.1676,-0.053781456
2791.1536,-0.088789265
2792.1398,-0.17869691
2793.1262,-0.080367125
2794.1127,-0.4212509
2795.0994,0.084926276
2796.0863,0.11267421
2797.0733,-0.275262
2798.0605,-0.14554903
2799.0479,-0.05504961
2800.0355,0.23937351
2801.0232,0.32987718
2802.0112,0.12234377
2802.9993,-0.10087379
2803.9875,-0.041736271
2804.976,0.22916808
2805.9646,0.068702006
2806.9534,-0.076075662
2807.9423,0.17130566
2808.9315,-0.31072265
2809.9208,0.2660747
2810.9103,0.07424672
2811.8999,-0.094049715
2812.8898,0.15334225
2813.8798,0.27524616
2814.87,0.67166199
2815.8603,0.25239368
2816.8509,0.013519652
2817.8416,-0.16260715
2818.8324,0.21813093
2819.8235,0.51259662
2820.8147,0.46196641
2821.8061,-0.027877365
2822.7977,0.08620256
2823.7895,0.26302971
2824.7814,0.00064330554
2825.7735,0.10688648
2826.7658,0.51901414
2827.7582,0.63310471
2828.7508,0.29229544
2829.7436,0.41423341
2830.7366,0.68519311
2831.7297,0.11693925
2832.7231,0.2388836
2833.7166,0.30592812
2834.7102,0.31022967
2835.7041,0.29100394
2836.6981,0.91491759
2837.6923,0.49569612
2838.6866,0.29608462
2839.6812,0.55922034
2840.6759,0.31255427
2841.6708,0.042360921
2842.6658,0.43099323
2843.6611,0.38041198
2844.6565,0.26708776
2845.6521,0.5380794
2846.6478,0.53456336
2847.6437,0.4996769
2848.6399,0.34714551
2849.6361,0.06912605
2850.6326,0.11267735
2851.6292,0.34446607
2852.626,-0.21589994
2853.623,0.12569696
2854.6202,0.467296
2855.6175,0.37752461
2856.615,0.18579456
2857.6127,0.33132155
2858.6105,-0.14275718
2859.6085,0.12826426
2860.6067,0.37575842
2861.6051,0.11345079
2862.6036,0.28251783
2863.6024,-0.066060057
2864.6012,-0.27345934
2865.6003,-0.12791533
2866.5996,0.017630821
2867.599,0.20239478
2868.5986,0.042062836
2869.5983,0.038595762
2870.5983,0.0037582687
2871.5984,0.25127585
2872.5987,0.12232496
2873.5991,-0.14780026
2874.5998,0.20952762
2875.6006,0.0021517537
2876.6016,-0.38561414
2877.6027,-0.52239752
2878.604,-0.33761014
2879.6055,0.20796369
2880.6072,-0.030774087
2881.6091,0.012843211
2882.6111,0.064305774
2883.6133,0.092241055
2884.6157,-0.43668428
2885.6182,0.3363533
2886.621,0.35645183
2887.6239,0.29812111
2888.6269,0.043714098
2889.6302,-0.10873001
2890.6336,0.11529861
2891.6372,0.22168229
2892.641,0.21826419
2893.6449,0.13641683
2894.649,0.21143436
2895.6533,0.57665009
2896.6578,0.071279711
2897.6624,-0.12820618
2898.6673,0.23701593
2899.6723,0.17871077
2900.6774,0.081192044
2901.6828,0.23465584
2902.6883,0.14498451
2903.694,-0.39174351
2904.6998,-0.1284694
2905.7058,0.079904871
2906.7121,0.21769304
2907.7184,-0.28765392
2908.725,0.19523655
2909.7317,0.57616836
2910.7386,-0.31348594
2911.7457,0.1458815
2912.753,0.11897656
2913.7604,0.24893649
2914.768,-0.060317132
2915.7758,-0.54996078
2916.7837,-0.12453379
2917.7919,0.057757631
2918.8002,0.24789387
2919.8086,0.22626709
2920.8173,-0.40712271
2921.8261,0.065371525
2922.8351,0.043749795
2923.8443,-0.19747809
2924.8536,-0.077919988
2925.8631,0.018110391
2926.8728,0.059240493
2927.8827,0.037627179
2928.8927,-0.14869033
2929.9029,0.25322913
2930.9133,0.23946401
2931.9239,0.1080535
2932.9346,-0.007669039
2933.9455,-0.29593892
2934.9566,-0.20773653
2935.9679,0.17066363
2936.9793,0.078477228
2937.9909,0.11962585
2939.0027,0.21567811
2940.0147,0.12349676
2941.0268,0.34504258
2942.0391,-0.013802064
2943.0516,0.19990399
2944.0643,0.38223918
2945.0771,-0.03150238
2946.0901,-0.38249716
2947.1033,0.090039159
2948.1166,0.021400689
2949.1301,-0.28253022
2950.1438,0.017462132
2951.1577,-0.41979874
2952.1718,-0.22176381
2953.186,-0.03941347
2954.2004,-0.02176733
2955.2149,0.28607657
2956.2297,-0.54333275
2957.2446,-0.19626979
2958.2597,0.12726543
2959.275,0.23903764
2960.2904,0.0057134857
2961.306,-0.34525604
2962.3218,-0.20210624
2963.3378,-0.27071946
2964.3539,-0.17462511
2965.3702,0.10186307
2966.3867,0.1587451
2967.4034,0.38552728
2968.4202,0.41623225
2969.4372,-0.062865461
2970.4544,-0.1105894
2971.4718,0.084825149
2972.4893,0.41357426
2973.507,-0.15963619
2974.5249,0.012252636
2975.5429,-0.051151429
2976.5612,-0.15376995
2977.5796,-0.11521077
2978.5981,-0.029591545
2979.6169,0.42465637
2980.6358,0.46321923
2981.6549,0.0076656771
2982.6742,0.1717212
2983.6936,0.084797553
2984.7133,0.084149648
2985.7331,-0.049830361
2986.753,0.11423008
2987.7732,0.050840761
2988.7935,0.22274679
2989.814,0.080928563
2990.8346,0.095974308
2991.8555,0.16592324
2992.8765,0.19665772
2993.8977,-0.0079006887
2994.9191,0.11695389
2995.9406,-0.087602057
2996.9623,0.23333342
2997.9842,0.86015247
2999.0062,0.27912962
3000.0285,0.090264859
3001.0509,0.11316603
3002.0735,0.44195079
3003.0962,0.36289364
3004.1192,0.60540634
3005.1423,0.33811636
3006.1655,0.11004328
3007.189,-0.20430307
3008.2126,0.30488122
3009.2364,0.46112556
3010.2604,0.0840378
3011.2846,-0.23030364
3012.3089,0.73378753
3013.3334,0.22337012
3014.3581,0.45805198
3015.3829,0.16724488
3016.4079,0.3391841
3017.4331,-0.092797022
3018.4585,-0.43065926
3019.484,0.53344051
3020.5098,0.79950229
3021.5356,0.59497707
3022.5617,0.34339425
3023.588,0.36632247
3024.6144,0.80493819
3025.641,0.41218259
3026.6677,0.35668312
3027.6947,0.3247143
3028.7218,0.073138856
3029.7491,0.18234896
3030.7765,0.28371715
3031.8042,0.45567481
3032.832,0.18057487
3033.8599,0.59567225
3034.8881,0.23430026
3035.9164,-0.20550187
3036.9449,-0.18255767
3037.9736,-0.049808326
3039.0025,0.42804029
3040.0315,0.5607921
3041.0607,0.28570199
3042.0901,0.39492685
3043.1196,0.71591763
3044.1494,0.3937724
3045.1793,0.071628387
3046.2093,0.16517188
3047.2396,-0.12559712
3048.27,-0.071266852
3049.3006,0.069339154
3050.3314,0.03739737
3051.3623,-0.15140593
3052.3934,-0.050011923
3053.4247,-0.28587159
3054.4562,-0.4119261
3055.4878,0.32476571
3056.5196,-0.020894189
3057.5516,-0.10772933
3058.5838,0.0015151899
3059.6161,0.040172704
3060.6486,-0.046658749
3061.6813,0.10964828
3062.7142,-0.055612085
3063.7472,0.061481718
3064.7804,0.28838067
3065.8138,-0.057268164
3066.8474,0.028456778
3067.8811,0.074967262
3068.915,0.33324368
3069.9491,0.31701153
3070.9833,0.26156492
3072.0178,0.15121757
3073.0524,0.27616558
3074.0871,0.44033049
3075.1221,0.32998684
3076.1572,-0.03133598
3077.1925,-0.29853992
3078.228,0.04602207
3079.2636,-0.017257846
3080.2995,0.19397327
3081.3355,0.13069581
3082.3716,-0.309051
3083.408,-0.082129921
3084.4445,-0.1689331
3085.4812,-0.043970349
3086.518,0.1358956
3087.5551,0.41772355
3088.5923,0.12700372
3089.6297,-0.43038155
3090.6672,0.10243049
3091.705,0.29014571
3092.7429,0.79158766
3093.781,0.061658287
3094.8192,0.029769359
3095.8577,0.39003852
3096.8963,0.48364225
3097.9351,0.44391387
3098.974,0.5688926
3100.0132,0.51348041
3101.0525,0.018853759
3102.0919,0.049718533
3103.1316,0.072741399
3104.1714,0.40949098
3105.2114,0.4089869
3106.2516,0.64377816
3107.2919,1.2001393
3108.3325,0.92512907
3109.3732,0.94815931
3110.414,0.63393588
3111.4551,0.87657642
3112.4963,0.71921819
3113.5377,0.61676316
3114.5793,0.73391719
3115.621,0.52950383
3116.6629,0.55254267
3117.705,0.9442102
3118.7473,0.44960445
3119.7897,0.77852933
3120.8324,0.92706329
3121.8751,0.56579456
3122.9181,0.27511529
3123.9612,0.33737842
3125.0046,0.15650553
3126.048,0.17955544
3127.0917,0.077116385
3128.1355,0.17075699
3129.1795,0.21734
3130.2237,0.51490463
3131.2681,0.05168617
3132.3126,-0.16055066
3133.3573,0.14486079
3134.4022,-0.0046284863
3135.4472,0.30078543
3136.4925,-0.0055641374
3137.5379,-0.30406933
3138.5835,-0.084926244
3139.6292,-0.069703493
3140.6751,0.039638134
3141.7212,0.1097653
3142.7675,-0.38481218
3143.8139,0.21865078
3144.8606,0.15544831
3145.9074,-0.25285098
3146.9543,-0.080756876
3148.0015,-0.31650468
3149.0488,0.29480756
3150.0963,0.11396417
3151.1439,-0.011976024
3152.1918,0.54443795
3153.2398,0.2067355
3154.288,0.13570095
3155.3364,0.017608809
3156.3849,0.27598848
3157.4336,0.23633017
3158.4825,-0.030777895
3159.5315,-0.25866904
3160.5808,0.1801077
3161.6302,0.44633666
3162.6798,-0.15802139
3163.7295,0.092523751
3164.7795,0.41365836
3165.8296,0.068127524
3166.8798,0.20887243
3167.9303,0.012363664
3168.9809,0.17664044
3170.0317,0.21542825
3171.0827,0.2150016
3172.1339,0.27732128
3173.1852,0.12003435
3174.2367,0.39412119
3175.2883,0.087817112
3176.3402,0.0089652379
3177.3922,0.11050675
3178.4444,0.52577498
3179.4968,0.25084836
3180.5493,0.0072955258
3181.602,0.28923411
3182.6549,0.092742555
3183.708,0.14723262
3184.7612,0.22525332
3185.8147,-0.19084239
3186.8682,-0.010858441
3187.922,-0.3642066
3188.9759,0.098132751
3190.03,0.089885092
3191.0843,-0.051694671
3192.1388,0.17535425
3193.1934,0.16711028
3194.2482,-0.16270109
3195.3032,0.095724061
3196.3584,-0.085065242
3197.4137,0.047872174
3198.4692,0.26708533
3199.5249,0.086299714
3200.5807,-0.063112123
3201.6368,0.34434001
3202.693,0.36747966
3203.7493,0.14748327
3204.8059,-0.26859032
3205.8626,0.11533733
3206.9195,-0.14387106
3207.9766,0.11456885
3209.0338,0.067127628
3210.0913,-0.090116284
3211.1489,0.0036214262
3212.2066,0.16010546
3213.2646,0.28521818
3214.3227,0.26915566
3215.381,0.05701593
3216.4394,-0.10806374
3217.4981,-0.15549513
3218.5569,0.071584519
3219.6159,0.36925363
3220.675,-0.10954662
3221.7344,-0.37658093
3222.7939,-0.10243754
3223.8536,-0.055743902
3224.9134,0.24977449
3225.9735,0.47686275
3227.0337,0.039863865
3228.0941,-0.020664063
3229.1546,0.052141706
3230.2153,-0.0083854931
3231.2762,0.04873473
3232.3373,-0.27061527
3233.3986,-0.29976883
3234.46,-0.33676516
3235.5216,-0.067878772
3236.5834,-0.17546261
3237.6453,-0.29873236
3238.7075,0.056429631
3239.7698,-0.10605508
3240.8322,0.13146058
3241.8949,-0.078082218
3242.9577,0.081002796
3244.0207,0.2244019
3245.0839,-0.31455157
3246.1472,0.024926691
3247.2107,0.62322885
3248.2744,-0.041213728
3249.3383,-0.07820496
3250.4023,0.073039466
3251.4665,0.075264649
3252.5309,0.46180392
3253.5955,0.056387197
3254.6602,-0.098048738
3255.7251,-0.15836663
3256.7902,-0.15593902
3257.8555,0.10531251
3258.9209,-0.22167086
3259.9865,0.055267739
3261.0523,-0.25602856
3262.1182,-0.073206813
3263.1844,0.23510553
3264.2507,-0.43697389
3265.3172,-0.11297449
3266.3838,0.15612336
3267.4506,0.11933925
3268.5176,0.38843788
3269.5848,-0.36991406
3270.6522,0.10310694
3271.7197,0.30946167
3272.7874,-0.36261458
3273.8553,0.30648605
3274.9233,0.27754785
3275.9915,0.029002211
3277.0599,0.36084912
3278.1285,0.48877486
3279.1972,0.099053943
3280.2662,-0.10243129
3281.3352,0.096083879
3282.4045,0.33381513
3283.4739,0.069585993
3284.5436,0.2994749
3285.6133,0.50583479
3286.6833,0.43768528
3287.7534,1.2793401
3288.8238,1.0464855
3289.8942,1.770494
3290.9649,1.7650912
3292.0357,1.8067476
3293.1067,1.9817377
3294.1779,2.1645714
3295.2493,2.1042682
3296.3208,2.0361222
3297.3925,1.8973884
3298.4644,1.5547335
3299.5364,1.6356083
3300.6087,1.4498169
3301.6811,1.3110847
3302.7536,1.0939216
3303.8264,1.1198961
3304.8993,1.208616
3305.9724,0.26988543
3307.0457,0.32723366
3308.1191,0.64340581
3309.1928,0.45761758
3310.2666,1.2992807
3311.3405,0.35270896
3312.4147,0.55123564
3313.489,0.5772137
3314.5635,0.3600549
3315.6381,0.38603375
3316.713,0.1375032
3317.788,0.54779657
3318.8632,0.68358053
3319.9385,0.37230607
3321.0141,0.26495358
3322.0898,0.53407206
3323.1657,0.92083801
3324.2417,0.61740827
3325.318,0.47084168
3326.3944,0.48898136
3327.471,0.37378811
3328.5477,0.79977173
3329.6246,0.73163809
3330.7017,0.90664211
3331.779,1.050274
3332.8565,0.64488663
3333.9341,1.1179311
3335.0119,0.75960333
3336.0899,1.256178
3337.168,1.5566746
3338.2463,1.5905049
3339.3248,1.0831591
3340.4035,1.2111079
3341.4824,1.6684688
3342.5614,1.3415164
3343.6406,1.2577017
3344.7199,1.895456
3345.7995,2.9724263
3346.8792,3.0533187
3347.9591,3.4949957
3349.0392,4.273928
3350.1194,6.0567823
3351.1998,8.2082645
3352.2804,9.9989627
3353.3612,11.248485
3354.4421,10.6784
3355.5232,11.041648
3356.6045,10.385289
3357.686,10.670107
3358.7676,10.421592
3359.8494,11.459352
3360.9314,11.140249
3362.0135,10.774088
3363.0959,9.9216532
3364.1784,8.7633361
3365.261,8.4207058
3366.3439,8.3055269
3367.4269,7.1785836
3368.5101,6.5928172
3369.5935,6.2972473
3370.677,6.2291287
3371.7608,5.8472851
3372.8447,4.8144614
3373.9287,4.7855598
3375.013,4.8194036
3376.0974,4.3669733
3377.182,4.1498375
3378.2668,3.6189767
3379.3517,4.1312535
3380.4368,4.1023542
3381.5221,3.7754161
3382.6076,3.0484784
3383.6932,2.6901685
3384.779,3.531859
3385.865,3.3617853
3386.9512,3.2779864
3388.0375,3.2334036
3389.124,2.6476447
3390.2107,2.728553
3391.2976,2.7859321
3392.3846,1.9962529
3393.4718,2.461476
3394.5592,2.6208172
3395.6467,2.3644725
3396.7345,1.6296968
3397.8224,1.381196
3398.9105,2.2150486
3399.9987,2.1312545
3401.0871,1.8592255
3402.1757,1.7205302
3403.2645,1.8328157
3404.3535,1.9843173
3405.4426,1.9946429
3406.5319,2.3892825
3407.6213,1.780001
3408.711,2.1746415
3409.8008,1.9732039
3410.8908,1.9129432
3411.981,2.1664083
3413.0713,2.0904621
3414.1618,1.8105947
3415.2525,2.0170023
3416.3434,1.6587043
3417.4344,1.5592303
3418.5256,1.8283841
3419.617,1.6112638
3420.7086,1.739242
3421.8003,2.5495735
3422.8922,2.3795132
3423.9843,2.5074925
3425.0766,2.3217468
3426.169,2.5987465
3427.2616,2.4286878
3428.3544,1.8037276
3429.4474,2.1748462
3430.5405,2.3263573
3431.6338,2.6112022
3432.7273,2.6372239
3433.8209,2.8671676
3434.9147,3.2461313
3436.0087,3.0211738
3437.1029,3.1256285
3438.1973,3.1516522
3439.2918,3.3972842
3440.3865,3.6978185
3441.4814,3.4493336
3442.5764,4.0322216
3443.6716,3.8151101
3444.767,4.0764303
3445.8626,4.1808882
3446.9583,4.0500523
3448.0542,4.8839227
3449.1503,5.513872
3450.2466,6.5202922
3451.343,7.6208305
3452.4397,9.8429378
3453.5364,12.904261
3454.6334,13.863624
3455.7305,15.00338
3456.8278,16.409802
3457.9253,17.620147
3459.023,16.987355
3460.1208,16.480053
3461.2188,17.329615
3462.317,16.359569
3463.4154,16.628739
3464.5139,17.25085
3465.6126,17.457276
3466.7115,15.789192
3467.8105,13.862286
3468.9098,11.817732
3470.0092,12.063375
3471.1087,11.407058
3472.2085,10.076231
3473.3084,10.470895
3474.4085,9.5165399
3475.5088,8.789636
3476.6092,8.0862618
3477.7098,8.4966135
3478.8106,8.0599068
3479.9116,7.5290829
3481.0127,7.6178672
3482.114,7.4478284
3483.2155,6.8150448
3484.3172,7.6567715
3485.419,7.2828123
3486.5211,6.7049319
3487.6232,5.9858754
3488.7256,5.6040743
3489.8281,5.3556068
3490.9308,5.4914535
3492.0337,5.5253398
3493.1368,4.8141285
3494.24,4.5578195
3495.3434,5.1877855
3496.447,4.9393204
3497.5508,3.9457577
3498.6547,4.2698425
3499.7588,4.3664767
3500.8631,3.765072
3501.9675,4.14406
3503.0722,4.1544208
3504.177,3.3883115
3505.2819,3.7280849
3506.3871,4.0678587
3507.4924,3.8507702
3508.5979,3.7356429
3509.7036,4.1146336
3510.8094,4.5642129
3511.9154,4.6451652
3513.0216,4.8045492
3514.128,4.1560905
3515.2345,3.8448871
3516.3412,4.1689783
3517.4481,4.3518933
3518.5552,3.7975538
3519.6624,3.368705
3520.7699,3.9829938
3521.8774,3.6953222
3522.9852,3.3684353
3524.0931,2.8062547
3525.2012,2.7774078
3526.3095,2.7799338
3527.418,2.7197152
3528.5266,2.8398891
3529.6354,2.7875144
3530.7444,2.5625911
3531.8536,2.4866878
3532.9629,2.536275
3534.0724,2.719196
3535.1821,2.5413331
3536.2919,2.7164118
3537.4019,2.5620791
3538.5121,3.0979428
3539.6225,3.2416501
3540.7331,3.1422206
3541.8438,3.2702424
3542.9547,3.8453234
3544.0658,3.2674637
3545.177,3.0896044
3546.2884,2.5509611
3547.4,2.7887888
3548.5118,2.8619111
3549.6237,2.7860141
3550.7358,2.2159999
3551.8481,2.3440253
3552.9606,2.7073452
3554.0732,2.702038
3555.186,2.3516332
3556.299,2.5110328
3557.4122,2.403766
3558.5255,2.6180683
3559.639,2.60492
3560.7527,2.6780466
3561.8666,2.9472521
3562.9806,2.2988108
3564.0948,2.0738994
3565.2092,2.3666355
3566.3238,2.2515288
3567.4385,2.0736774
3568.5534,2.1546499
3569.6685,2.4552307
3570.7837,2.4420863
3571.8991,2.5936483
3573.0147,2.5177596
3574.1305,2.0654008
3575.2465,2.1150032
3576.3626,2.5175471
3577.4789,2.1593071
3578.5954,2.4128322
3579.712,1.9761617
3580.8288,2.0414523
3581.9458,2.3106649
3583.063,2.4465445
3584.1803,2.3000716
3585.2978,2.0281089
3586.4155,1.7718329
3587.5334,2.1037926
3588.6514,2.2632036
3589.7696,2.6343798
3590.888,1.9467328
3592.0066,1.9571254
3593.1253,2.343989
3594.2442,1.9073236
3595.3633,1.9726194
3596.4826,2.2653665
3597.602,2.0718396
3598.7216,1.7528228
3599.8414,2.147532
3600.9613,2.173614
3602.0815,1.9251867
3603.2018,2.1630343
3604.3223,2.2832352
3605.4429,1.9485346
3606.5637,1.6922657
3607.6847,2.1732521
3608.8059,1.8071801
3609.9273,1.5979712
3611.0488,1.7260177
3612.1705,1.9168096
3613.2923,1.6448568
3614.4144,1.5611397
3615.5366,1.8460505
3616.659,1.5113538
3617.7816,1.3805791
3618.9043,1.3909813
3620.0272,1.6837368
3621.1503,1.3961005
3622.2736,1.3359156
3623.397,1.3306331
3624.5206,1.3959392
3625.6444,1.5632065
3626.7684,1.4010624
3627.8925,1.7251932
3629.0168,1.5552068
3630.1413,0.88325996
3631.266,1.607392
3632.3908,1.0374067
3633.5158,1.102716
3634.641,1.3954767
3635.7663,1.4372573
3636.8919,1.4790384
3638.0176,1.5051336
3639.1434,1.5312291
3640.2695,1.3298741
3641.3957,1.1520489
3642.5221,1.2801065
3643.6487,0.98463502
3644.7754,1.1832816
3645.9024,1.2956541
3647.0295,1.0864583
3648.1567,1.1125571
3649.2842,1.2170876
3650.4118,1.4549518
3651.5396,1.15164
3652.6675,1.2640149
3653.7957,1.3450176
3654.924,1.386805
3656.0525,1.2089849
3657.1812,1.0311653
3658.31,0.90824801
3659.439,0.95788015
3660.5682,1.4859441
3661.6976,1.7473417
3662.8271,1.0989358
3663.9568,1.062295
3665.0867,1.276635
3666.2167,0.67528913
3667.347,1.0621789
3668.4774,0.83730446
3669.608,1.3653715
3670.7387,0.99932137
3671.8696,0.82150689
3673.0007,1.2083987
3674.132,0.87372226
3675.2635,0.86061485
3676.3951,1.3259392
3677.5269,1.2814601
3678.6589,1.2605107
3679.791,1.0670127
3680.9233,0.84998574
3682.0558,1.1741356
3683.1885,0.65907021
3684.3213,1.0851817
3685.4544,0.97796019
3686.5876,0.89426852
3687.7209,1.1164596
3688.8545,0.5229648
3689.9882,0.90201942
3691.1221,0.73989796
3692.2561,1.0013063
3693.3904,1.2862445
3694.5248,1.0064772
3695.6594,0.67965141
3696.7941,0.48615939
3697.9291,0.92796188
3699.0642,1.0795687
3700.1995,0.63509748
3701.3349,0.89650901
3702.4705,0.64811701
3703.6063,0.52521561
3704.7423,1.2023146
3705.8785,1.0009826
3707.0148,0.87023928
3708.1513,0.52773162
3709.288,0.72640083
3710.4248,1.1917371
3711.5619,0.70805417
3712.6991,0.83613634
3713.8364,0.58774831
3714.974,0.98249794
3716.1117,1.2282284
3717.2496,0.61905721
3718.3877,0.55890607
3719.5259,0.37326513
3720.6643,0.34448733
3721.8029,0.53531777
3722.9417,0.098697628
3724.0806,0.92482298
3725.2197,0.80977226
3726.359,0.17707488
3727.4985,0.66594652
3728.6381,0.51952444
3729.778,0.66329884
3730.9179,0.84628932
3732.0581,0.3782998
3733.1984,0.59266362
3734.3389,0.73643961
3735.4796,0.6919807
3736.6205,0.64752218
3737.7615,0.58737779
3738.9027,0.88017497
3740.0441,0.6161098
3741.1856,0.56380974
3742.3274,0.58209831
3743.4693,0.63960296
3744.6114,0.87750016
3745.7536,0.63696639
3746.896,0.6866291
3748.0386,0.76766475
3749.1814,0.45654393
3750.3244,0.79640391
3751.4675,0.8460682
3752.6108,0.81730152
3753.7542,0.89833915
3754.8979,0.50094581
3756.0417,0.68394503
3757.1857,0.53753287
3758.3299,0.29700347
3759.4742,0.78588623
3760.6187,0.60810272
3761.7634,0.6185549
3762.9083,0.64469375
3764.0533,0.4825977
3765.1985,0.84599225
3766.3439,0.43291661
3767.4895,0.29435117
3768.6352,0.55578612
3769.7811,0.58192735
3770.9272,0.69434349
3772.0734,0.56362278
3773.2199,0.53486324
3774.3665,0.47473155
3775.5133,0.27342379
3776.6602,0.62113603
3777.8073,0.43551534
3778.9546,0.17146367
3780.1021,0.44858887
3781.2498,0.76493015
3782.3976,0.87735026
3783.5456,0.48780999
3784.6938,0.45905442
3785.8421,0.62637768
3786.9906,0.35448566
3788.1393,0.69435873
3789.2882,0.58717338
3790.4372,0.45645902
3791.5865,0.46692152
3792.7359,0.22640403
3793.8854,0.18196536
3795.0352,0.31007611
3796.1851,0.37544217
3797.3352,0.77806352
3798.4854,0.41990095
3799.6359,-0.016692592
3800.7865,0.31534171
3801.9373,0.4120823
3803.0882,0.54019583
3804.2394,0.79379996
3805.3907,0.17681624
3806.5421,0.0068917491
3807.6938,0.2055951
3808.8456,0.69449493
3809.9976,0.70496379
3811.1498,0.20562912
3812.3022,0.23962818
3813.4547,0.50107862
3814.6074,0.17429416
3815.7603,0.40437284
3816.9133,0.093275451
3818.0666,0.095903948
3819.22,0.678925
3820.3735,0.20312292
3821.5273,0.27634084
3822.6812,0.075049356
3823.8353,0.44630729
3824.9896,0.69991856
3826.144,0.3574518
3827.2986,0.4934168
3828.4534,0.3548724
3829.6084,0.56142644
3830.7635,0.63464754
3831.9188,0.62943766
3833.0743,0.7340321
3834.23,0.29745047
3835.3858,0.096163355
3836.5418,0.38115114
3837.698,0.046531489
3838.8544,0.28446125
3840.0109,0.45964631
3841.1676,0.4309102
3842.3245,0.67668429
3843.4816,0.29500779
3844.6388,0.4623513
3845.7962,0.71596972
3846.9538,0.59311795
3848.1115,-0.29051774
3849.2695,0.033690099
3850.4276,0.20887873
3851.5858,0.55661678
3852.7443,0.55925719
3853.9029,0.3109176
3855.0617,0.19591174
3856.2207,0.24561217
3857.3798,0.15413651
3858.5391,0.219524
3859.6986,0.27706875
3860.8583,0.19343743
3862.0182,-0.023526828
3863.1782,-0.23264755
3864.3384,0.17783996
3865.4987,0.62754356
3866.6593,0.16744363
3867.82,0.16224606
3868.9809,0.20410772
3870.1419,0.36361682
3871.3032,0.11528319
3872.4646,-0.03108926
3873.6262,0.56763673
3874.7879,0.67224546
3875.9499,0.42391342
3877.112,0.34028765
3878.2743,0.29587797
3879.4367,0.25146868
3880.5993,0.1443147
3881.7621,-0.088329086
3882.9251,-0.022933258
3884.0883,0.22285512
3885.2516,-0.09606198
3886.4151,0.047766412
3887.5788,-0.19271853
3888.7426,-0.15869326
3889.9067,-0.21878525
3891.0709,-0.12201409
3892.2352,0.11593393
3893.3998,-0.16376471
3894.5645,-0.083614142
3895.7294,0.043595502
3896.8945,0.1080603
3898.0597,0.39997635
3899.2251,0.18993186
3900.3907,0.058319002
3901.5565,0.13062797
3902.7224,0.10881955
3903.8885,-0.39141999
3905.0548,-0.13087495
3906.2213,-0.14483946
3907.3879,-0.080372347
3908.5547,0.23507542
3909.7217,0.048562659
3910.8889,-0.13794984
3912.0562,0.04416536
3913.2237,-0.26783683
3914.3914,0.09467105
3915.5593,0.13561056
3916.7273,0.14517777
3917.8955,-0.096235153
3919.0639,-0.0082360532
3920.2324,0.2052535
3921.4012,-0.091060611
3922.5701,-0.050119563
3923.7391,-0.18957041
3924.9084,0.07097899
3926.0778,0.20603846
3927.2474,0.16854916
3928.4172,-0.17482223
3929.5871,0.077885065
3930.7572,0.087455364
3931.9275,-0.051993688
3933.098,0.02816536
3934.2686,-0.040694943
3935.4395,-0.31347656
3936.6105,0.26864405
3937.7816,-0.027666465
3938.953,0.15445465
3940.1245,0.10912505
3941.2962,-0.18718469
3942.468,0.269447
3943.6401,0.13000052
3944.8123,0.053299395
3945.9847,-0.14889167
3947.1572,0.02538811
3948.33,0.11339364
3949.5029,0.005320992
3950.6759,-0.063535711
3951.8492,-0.27356863
3953.0226,0.018259891
3954.1962,0.54538277
3955.37,0.26466275
3956.544,-0.094488393
3957.7181,-0.15560008
3958.8924,0.0028963159
3960.0669,0.0045302102
3961.2415,-0.29187487
3962.4163,-0.070632647
3963.5913,-0.18664508
3964.7665,-0.35755924
3965.9419,0.15387979
3967.1174,0.18688768
3968.2931,0.49440563
3969.4689,0.32349244
3970.645,0.26238342
3971.8212,0.30323542
3972.9976,0.61859747
3974.1742,0.59670486
3975.3509,0.93559681
3976.5278,0.66272429
3977.7049,0.31142064
3978.8822,0.36796038
3980.0596,0.13430427
3981.2372,0.60653076
3982.415,0.59248299
3983.593,0.66470996
3984.7711,0.54870189
3985.9494,0.55818425
3987.1279,0.27747078
3988.3065,0.38891441
3989.4854,0.35918181
3990.6644,0.32944946
3991.8435,0.11932519
3993.0229,0.3170443
3994.2024,0.24809699
3995.3821,0.21052246
3996.562,0.16510505
3997.7421,0.017727088
3998.9223,0.29387878
4000.1027,0.10728562
4001.2832,0.25010447
4002.464,0.39292356
4003.6449,0.24554681
4004.826,0.35699383
4006.0073,0.084127375
4007.1887,-0.3063859
4008.3703,-0.038075404
4009.5521,-0.10701957
4010.7341,0.16913455
4011.9162,0.15509283
4013.0985,0.45477685
4014.281,0.22112777
4015.4637,0.23061619
4016.6465,0.27932054
4017.8295,-0.009229769
4019.0127,0.62771036
4020.1961,0.44896446
4021.3796,0.38002272
4022.5633,0.69539494
4023.7472,0.28919879
4024.9313,0.47123816
4026.1155,1.006219
4027.2999,1.0784549
4028.4845,0.64088717
4029.6692,0.60331967
4030.8542,1.1461446
4032.0393,1.3517148
4033.2245,1.4866971
4034.41,2.0295227
4035.5956,1.9762701
4036.7814,2.3151747
4037.9674,3.2580011
4039.1535,3.7929845
4040.3398,6.1789486
4041.5263,6.7453051
4042.713,7.5704854
4043.8998,8.2152737
4045.0869,8.5777094
4046.2741,8.6421061
4047.4614,7.9927775
4048.649,8.5826649
4049.8367,8.2784348
4051.0246,7.7153815
4052.2126,8.0935049
4053.4009,7.9461383
4054.5893,6.771321
4055.7779,6.8514059
4056.9666,6.1393342
4058.1555,5.3723607
4059.3447,4.6132307
4060.5339,3.979591
4061.7234,3.479285
4062.913,3.0574106
4064.1028,2.4394579
4065.2928,2.6842506
4066.483,2.3172789
4067.6733,1.9581505
4068.8638,1.6696106
4070.0545,1.9849926
4071.2453,2.1984139
4072.4363,1.6824238
4073.6275,1.7154535
4074.8189,1.7406403
4076.0104,1.8128862
4077.2022,1.869446
4078.3941,1.8083591
4079.5861,2.1080567
4080.7784,1.9136368
4081.9708,1.8054918
4083.1634,1.7208764
4084.3561,1.2127318
4085.5491,1.3163521
4086.7422,1.6474237
4087.9355,1.319672
4089.1289,1.2507441
4090.3226,0.98573798
4091.5164,0.68151642
4092.7104,0.78513824
4093.9045,0.58287795
4095.0989,1.0315983
4096.2934,1.03326
4097.4881,0.6035495
4098.6829,0.62089803
4099.8779,0.43432522
4101.0731,0.71834089
4102.2685,0.8533372
4103.4641,0.69813767
4104.6598,0.55078152
4105.8557,0.63087659
4107.0518,1.0325405
4108.248,0.249891
4109.4445,0.46332013
4110.6411,1.0296907
4111.8378,1.0391987
4113.0348,0.78988349
4114.2319,0.37586261
4115.4292,0.87948904
4116.6267,1.1086059
4117.8243,1.0945857
4119.0221,1.1433109
4120.2201,1.1371344
4121.4183,1.5152718
4122.6166,1.5169389
4123.8151,1.3068416
4125.0138,1.300666
4126.2127,1.3650789
4127.4117,1.6647862
4128.6109,1.1723369
4129.8103,1.2524368
4131.0099,1.395282
4132.2096,1.4440099
4133.4095,1.5946988
4134.6096,1.1100938
4135.8098,1.25294
4137.0103,0.94088452
4138.2109,1.4915744
4139.4116,1.3520684
4140.6126,1.345896
4141.8137,1.2769787
4143.015,1.1531597
4144.2165,1.5077724
4145.4181,1.1172872
4146.62,1.0169984
4147.822,1.1284745
4149.0241,0.69877433
4150.2265,0.62985876
4151.429,0.52957089
4152.6317,0.96261659
4153.8346,0.8623292
4155.0376,0.77772832
4156.2408,0.5048924
4157.4442,0.64774299
4158.6478,0.96314284
4159.8515,0.50207235
4161.0554,0.63708053
4162.2595,0.76424581
4163.4638,1.0796466
4164.6682,0.79896927
4165.8728,0.60456665
4167.0776,0.6454584
4168.2826,0.38046803
4169.4877,0.13900732
4170.693,0.27401744
4171.8985,0.51883172
4173.1041,0.31658743
4174.31,0.35748063
4175.516,0.6571976
4176.7222,0.46279716
4177.9285,1.013495
4179.135,0.28576173
4180.3417,0.318813
4181.5486,0.35970765
4182.7557,0.047661374
4183.9629,0.30032122
4185.1703,0.31768719
4186.3778,0.66446516
4187.5856,0.054380634
4188.7935,-0.085115416
4190.0016,0.53617309
4191.2099,0.59275596
4192.4183,0.45326063
4193.6269,0.46278516
4194.8357,0.83309424
4196.0447,1.2190898
4197.2538,0.64822294
4198.4631,0.75970922
4199.6726,0.47119575
4200.8823,0.5591531
4202.0921,0.56867932
4203.3021,0.65663716
4204.5123,0.8622423
4205.7227,0.62078886
4206.9332,0.70090429
4208.1439,0.53003957
4209.3548,0.64152803
4210.5659,1.0432128
4211.7771,0.6997998
4212.9885,0.92893605
4214.2001,1.244347
4215.4118,1.2146602
4216.6237,1.1300717
4217.8358,0.9905815
4219.0481,0.89030719
4220.2606,1.4017978
4221.4732,1.6544652
4222.686,1.8836034
4223.899,1.6578398
4225.1121,1.6595275
4226.3254,2.9945488
4227.5389,2.5883938
4228.7526,2.4567489
4229.9664,3.1878494
4231.1804,3.573852
4232.3946,3.9441686
4233.609,3.5850736
4234.8235,4.1828417
4236.0382,4.9061002
4237.2531,5.4175942
4238.4682,5.9134022
4239.6834,5.240583
4240.8988,5.2187445
4242.1144,5.0792591
4243.3302,4.5868328
4244.5461,4.7924459
4245.7622,5.2255103
4246.9785,4.4742611
4248.195,4.0210515
4249.4116,4.1560773
4250.6284,4.2440446
4251.8454,3.2810318
4253.0625,3.6199799
4254.2798,3.4883401
4255.4973,2.7763084
4256.715,2.7387867
4257.9329,2.4502848
4259.1509,2.6480577
4260.3691,2.5634779
4261.5875,2.0161533
4262.806,1.6805936
4264.0247,1.337191
4265.2436,1.3075141
4266.4627,1.364112
4267.6819,1.7344356
4268.9013,1.7361321
4270.1209,0.91429931
4271.3407,1.5591335
4272.5606,1.6706345
4273.7807,1.107626
4275.001,1.3446178
4276.2215,1.2365117
4277.4421,0.97154316
4278.6629,1.0752023
4279.8839,1.2259205
4281.1051,1.2040899
4282.3264,1.2685341
4283.5479,1.1839589
4284.7696,0.99742319
4285.9915,1.171672
4287.2135,1.0478819
4288.4357,0.54762137
4289.6581,0.65128269
4290.8806,0.80200308
4292.1033,1.0782139
4293.3262,0.78187594
4294.5493,0.79926372
4295.7726,0.98135762
4296.996,0.6850204
4298.2196,0.94554616
4299.4434,0.71195451
4300.6673,0.67444154
4301.8914,0.88006606
4303.1157,0.94451436
4304.3402,0.42072761
4305.5648,0.38321561
4306.7896,0.56531169
4308.0146,0.93564331
4309.2398,0.81970066
4310.4651,1.0410132
4311.6906,1.0191886
4312.9163,0.8561879
4314.1422,1.0069129
4315.3682,1.2282264
4316.5944,1.5750303
4317.8208,0.83163832
4319.0474,1.2098153
4320.2741,1.4546591
4321.501,1.3230326
4322.7281,1.1286613
4323.9553,1.0754666
4325.1828,0.98305653
4326.4104,1.1102545
4327.6382,1.1511783
4328.8661,1.5136709
4330.0942,1.0683206
4331.3225,1.0151274
4332.551,1.1893854
4333.7797,1.7087417
4335.0085,1.4359414
4336.2375,1.2337296
4337.4666,1.4001455
4338.696,1.2057773
4339.9255,1.0663113
4341.1552,0.85625727
4342.3851,0.63051724
4343.6151,0.92242452
4344.8453,0.99472419
4346.0757,0.5807496
4347.3063,0.44912819
4348.537,0.59201682
4349.7679,1.0251018
4350.999,0.78367717
4352.2303,0.50303713
4353.4617,0.22239732
4354.6933,0.42803227
4355.9251,0.53170667
4357.1571,0.53342053
4358.3892,0.34689934
4359.6215,0.42704506
4360.854,0.71111259
4362.0866,0.2657686
4363.3195,0.33022877
4364.5525,0.5044931
4365.7856,0.1140518
4367.019,0.053022502
4368.2525,0.72924835
4369.4862,0.2603764
4370.7201,0.47385763
4371.9541,0.24812342
4373.1884,0.16356592
4374.4228,0.58881259
4375.6573,0.49641244
4376.8921,0.28636547
4378.127,0.36651483
4379.3621,0.44666442
4380.5974,-0.022205347
4381.8328,0.15206238
4383.0684,0.68711466
4384.3042,0.35942209
4385.5402,0.078788587
4386.7763,0.14325336
4388.0126,0.043012498
4389.2491,0.5153209
4390.4858,0.50135503
4391.7226,0.18935018
4392.9596,-0.091281869
4394.1968,0.098674557
4395.4342,0.16314103
4396.6717,-0.32141187
4397.9094,0.048937444
4399.1473,0.21536543
4400.3853,0.37395052
4401.6236,0.17175153
4402.862,0.095042988
4404.1005,-0.1463712
4405.3393,-0.011314551
4406.5782,0.10805606
4407.8173,0.031348487
4409.0566,0.37032743
4410.296,0.011267397
4411.5357,0.10710957
4412.7754,0.32844218
4414.0154,0.28310836
4415.2556,0.049539497
4416.4959,0.15322577
4417.7364,0.29612798
4418.977,0.046873567
4420.2179,0.056442924
4421.4589,0.39542429
4422.7001,-0.010692143
4423.9415,-0.02465147
4425.183,0.11825219
4426.4247,0.080763936
4427.6666,-0.042998586
4428.9086,-0.14323145
4430.1509,-0.063071922
4431.3933,0.0092447146
4432.6359,0.050189045
4433.8786,-0.33239579
4435.1216,-0.26007843
4436.3647,0.033547107
4437.6079,-0.10419942
4438.8514,-0.12429841
4440.095,0.16932856
4441.3388,0.062956025
4442.5828,-0.16106309
4443.827,0.0070751324
4445.0713,0.17521384
4446.3158,0.037470672
4447.5605,-0.24144848
4448.8053,0.30316225
4450.0503,0.14189111
4451.2955,0.5374832
4452.5409,0.28209538
4453.7864,0.065923725
4455.0322,0.27328196
4456.2781,0.47279754
4457.5241,0.63309791
4458.7704,0.463987
4460.0168,0.75762167
4461.2634,0.6669431
4462.5101,1.1095983
4463.7571,0.99539131
4465.0042,0.77922398
4466.2515,0.83756693
4467.4989,0.85669468
4468.7466,0.938568
4469.9944,0.9341673
4471.2423,0.79643375
4472.4905,1.2783085
4473.7388,1.5797916
4474.9873,1.128334
4476.236,1.2807984
4477.4849,1.5038516
4478.7339,1.6406307
4479.9831,1.4558417
4481.2325,1.6710532
4482.482,1.7137161
4483.7318,1.8112815
4484.9817,1.4931611
4486.2317,1.5907274
4487.482,1.5471177
4488.7324,1.6289987
4489.983,2.1265665
4491.2338,1.7535465
4492.4847,1.5060172
4493.7358,1.0937825
4494.9871,0.9168424
4496.2386,1.4693145
4497.4902,1.6453166
4498.742,1.2879857
4499.994,1.0326162
4501.2462,1.3497961
4502.4985,1.063055
4503.751,0.81552997
4505.0037,0.826829
4506.2566,0.8145991
4507.5096,1.0611932
4508.7628,0.88425838
4510.0162,0.46418678
4511.2698,0.80489997
4512.5235,0.97306463
4513.7774,0.811818
4515.0315,0.97998361
4516.2857,0.48148304
4517.5402,0.75161041
4518.7948,0.87271864
4520.0496,0.63304304
4521.3045,1.0129758
4522.5596,1.0085952
4523.8149,0.73754854
4525.0704,0.76454153
4526.326,0.42290755
4527.5819,1.0851956
4528.8379,1.1984646
4530.094,0.7470281
4531.3504,0.63284703
4532.6069,1.0284704
4533.8636,1.0084079
4535.1205,1.0040322
4536.3775,1.0545589
4537.6347,0.73645865
4538.8921,0.79482948
4540.1497,0.72771059
4541.4074,0.40176865
4542.6653,0.8993566
4543.9234,0.56557248
4545.1817,0.45139669
4546.4401,0.48624099
4547.6987,0.67794851
4548.9575,0.28142122
4550.2164,-0.075889902
4551.4756,0.53934847
4552.7349,0.84870498
4553.9944,0.37374824
4555.254,0.47134099
4556.5138,0.63952247
4557.7738,0.50182207
4559.034,0.53667117
4560.2944,0.28132468
4561.5549,0.18284141
4562.8156,0.49220176
4564.0765,0.31528808
4565.3375,0.5854337
4566.5987,0.4555798
4567.8601,0.2237656
4569.1217,0.60371659
4570.3834,0.36406021
4571.6454,0.48518863
4572.9075,0.41808223
4574.1697,0.4529371
4575.4322,0.67602775
4576.6948,0.49911887
4577.9576,0.35881178
4579.2205,0.33615223
4580.4837,0.41806833
4581.747,0.49737052
4583.0105,0.46686928
4584.2741,0.42852538
4585.538,0.34050876
4586.802,0.43811353
4588.0661,0.52003251
4589.3305,0.71698465
4590.595,0.78583269
4591.8597,0.73703416
4593.1246,0.65686355
4594.3897,0.64205291
4595.6549,0.7082885
4596.9203,0.70393633
4598.1859,0.83814673
4599.4516,0.91745566
4600.7176,0.9418631
4601.9837,0.85646711
4603.2499,0.80505852
4604.5164,0.81378113
4605.783,0.79113167
4607.0498,0.76586832
4608.3168,0.83472309
4609.5839,0.80684631
4610.8512,0.98812035
4612.1187,1.0491334
4613.3864,1.1232189
4614.6542,1.2208342
4615.9222,1.3419795
4617.1904,1.6173735
4618.4588,1.6600884
4619.7273,1.6269867
4620.996,1.4553234
4622.2649,1.424837
4623.534,1.4361812
4624.8032,1.4422972
4626.0726,1.4797861
4627.3422,1.5983213
4628.612,1.7900596
4629.8819,1.8719944
4631.152,1.7395506
4632.4223,1.777042
4633.6927,1.9844685
4634.9634,2.1369935
4636.2342,2.1901725
4637.5051,2.1204763
4638.7763,2.4455517
4640.0476,2.6895819
4641.3191,2.8316518
4642.5908,2.8168594
4643.8626,2.6635054
4645.1346,2.9362957
4646.4068,3.4417662
4647.6792,3.9629234
4648.9518,4.3664341
4650.2245,4.3045858
4651.4974,4.4492739
4652.7704,4.6750082
4654.0437,5.0759064
4655.3171,5.4062169
4656.5907,5.2554821
4657.8644,5.0733752
4659.1384,5.1370204
4660.4125,5.399359
4661.6868,5.627711
4662.9612,5.3907041
4664.2359,5.0282075
4665.5107,4.62911
4666.7857,4.2979869
4668.0608,4.178629
4669.3361,4.0906441
4670.6116,4.2797838
4671.8873,4.2911463
4673.1632,4.1430321
4674.4392,3.7177942
4675.7154,3.3134718
4676.9918,3.2098035
4678.2683,3.142737
4679.5451,2.8769782
4680.822,2.7053375
4682.099,2.6252005
4683.3763,2.6836261
4684.6537,2.4466274
4685.9313,2.3325049
4687.2091,2.2654418
4688.487,2.2532811
4689.7651,2.1417744
4691.0434,2.111314
4692.3219,2.1043835
4693.6005,1.8726169
4694.8793,1.6199357
4696.1583,1.5398041
4697.4375,1.6426794
4698.7168,1.7194114
4699.9963,1.6889544
4701.276,1.6375828
4702.5559,1.5705254
4703.8359,1.5740568
4705.1161,1.5305297
4706.3965,1.5445196
4707.6771,1.3833465
4708.9578,1.305834
4710.2387,1.291067
4711.5198,1.3312026
4712.801,1.3451948
4714.0825,1.2284685
4715.3641,1.2293898
4716.6458,1.1492658
4717.9278,1.0848286
4719.2099,1.1197382
4720.4922,1.2513804
4721.7747,1.3202779
4723.0573,1.2296988
4724.3401,1.2280091
4725.6231,1.1112872
4726.9063,1.1043696
4728.1897,0.97719115
4729.4732,1.0670066
4730.7569,1.1359075
4732.0407,1.1551357
4733.3248,1.1194624
4734.609,1.0785608
4735.8934,1.129163
4737.1779,1.2085238
4738.4627,1.18331
4739.7476,1.2312992
4741.0327,1.2400732
4742.3179,1.2200896
4743.6034,1.2105639
4744.889,1.2585551
4746.1747,1.3588343
4747.4607,1.3571532
4748.7468,1.1881523
4750.0331,1.0740539
4751.3196,1.0749887
4752.6063,1.138669
4753.8931,1.1343759
4755.1801,1.0359657
4756.4673,1.1153337
4757.7546,1.1554865
4759.0421,1.1459666
4760.3298,1.1861204
4761.6177,1.2210459
4762.9058,1.2585863
4764.194,1.191552
4765.4824,1.1585051
4766.7709,1.1306874
4768.0597,1.1603866
4769.3486,1.2554457
4770.6377,1.3243615
4771.927,1.3383758
4773.2164,1.2504298
4774.506,1.2173863
4775.7958,1.1372844
4777.0858,1.1016274
4778.3759,1.0685853
4779.6662,1.1375045
4780.9567,1.1358359
4782.2474,1.2152136
4783.5382,1.2527616
4784.8292,1.3478265
4786.1204,1.4559638
4787.4117,1.4464544
4788.7033,1.4552462
4789.995,1.2914895
4791.2869,1.1015895
4792.5789,1.0973108
4793.8711,1.1165621
4795.1635,1.2926766
4796.4561,1.3380726
4797.7489,1.2684364
4799.0418,1.2327876
4800.3349,1.1004072
4801.6282,1.1458052
4802.9216,1.2278049
4804.2152,1.3019619
4805.509,1.4127208
4806.803,1.3195585
4808.0971,1.3074425
4809.3914,1.1750655
4810.6859,1.0792903
4811.9806,0.90508427
4813.2754,0.89558456
4814.5705,0.95405918
4815.8656,0.97854736
4817.161,1.0265654
4818.4565,1.040597
4819.7523,1.0598579
4821.0481,1.0869624
4822.3442,1.0722373
4823.6404,1.1071859
4824.9368,1.0976905
4826.2334,1.1064962
4827.5302,1.049943
4828.8271,1.1502529
4830.1242,1.3185373
4831.4215,1.4580639
4832.7189,1.3439962
4834.0166,1.2456153
4835.3144,1.2831826
4836.6123,1.1952601
4837.9105,1.1988414
4839.2088,1.2677827
4840.5073,1.368097
4841.806,1.4527255
4843.1048,1.2706878
4844.4038,1.339631
4845.703,1.2490976
4847.0024,1.2474535
4848.302,1.1255485
4849.6017,0.88076809
4850.9016,0.83729539
4852.2016,0.79120879
4853.5019,0.9778024
4854.8023,0.97093244
4856.1029,0.94576232
4857.4036,0.8918345
4858.7046,0.83529278
4860.0057,0.76567965
4861.307,0.82417157
4862.6084,0.93756594
4863.9101,1.121549
4865.2119,1.0963823
4866.5138,1.071216
4867.816,0.97807631
4869.1183,0.90323778
4870.4208,0.96434745
4871.7235,0.97317001
4873.0264,1.0133656
4874.3294,0.87839828
4875.6326,0.91336608
4876.936,0.86990299
4878.2395,0.94408743
4879.5432,0.88232465
4880.8471,0.85454927
4882.1512,0.9104345
4883.4555,0.80161433
4884.7599,0.8731868
4886.0645,0.75913884
4887.3692,0.89345736
4888.6742,0.9624169
4889.9793,0.97124619
4891.2846,0.86504328
4892.5901,0.71701079
4893.8957,0.68924022
4895.2015,0.74513026
4896.5075,0.80886392
4897.8137,0.87782681
4899.12,0.87097319
4900.4265,0.85366254
4901.7332,0.92524126
4903.04,1.0569512
4904.3471,1.0736289
4905.6543,1.0040326
4906.9617,0.78280276
4908.2692,0.80209629
4909.577,0.86322038
4910.8849,1.0106194
4912.1929,1.082202
4913.5012,0.95509224
4914.8096,0.90641432
4916.1182,0.79760617
4917.427,0.80905993
4918.7359,0.82051418
4920.0451,0.83719766
4921.3544,0.85126725
4922.6638,0.75291901
4923.9735,0.58398302
4925.2833,0.61112594
4926.5933,0.69055692
4927.9035,0.87979231
4929.2138,0.94353798
4930.5243,0.93931028
4931.835,0.88802423
4933.1459,0.77137918
4934.4569,0.83512678
4935.7681,0.79168531
4937.0795,0.71164301
4938.3911,0.72833322
4939.7028,0.81299777
4941.0147,0.90812031
4942.3268,0.84376621
4943.6391,0.71928188
4944.9515,0.71767383
4946.2641,0.70038
4947.5769,0.75367488
4948.8898,0.73376763
4950.203,0.64850138
4951.5163,0.67303954
4952.8298,0.67143438
4954.1434,0.82669245
4955.4572,0.85384642
4956.7712,0.74766754
4958.0854,0.6467179
4959.3998,0.55361188
4960.7143,0.6408985
4962.029,0.61838167
4963.3438,0.63769539
4964.6589,0.59687887
4965.9741,0.5351478
4967.2895,0.60152179
4968.6051,0.66528187
4969.9208,0.70812741
4971.2367,0.58888192
4972.5528,0.37290489
4973.8691,0.40529435
4975.1855,0.34618102
4976.5021,0.42824464
4977.8189,0.45017803
4979.1359,0.40413804
4980.453,0.44698742
4981.7703,0.38526211
4983.0878,0.44641311
4984.4055,0.48403517
4985.7233,0.44061196
4987.0413,0.51745067
4988.3595,0.51847287
4989.6779,0.51426679
4990.9964,0.43685857
4992.3151,0.33592143
4993.634,0.45720698
4994.953,0.44254531
4996.2722,0.42004098
4997.5916,0.30603386
4998.9112,0.26522984
5000.231,0.19566812
5001.5509,0.22022454
5002.871,0.26308209
5004.1913,0.44188783
5005.5117,0.37232804
5006.8323,0.30799748
5008.1531,0.31425565
5009.4741,0.35450122
5010.7952,0.55161002
5012.1165,0.57617027
5013.438,0.56151533
5014.7597,0.54424648
5016.0815,0.43024609
5017.4036,0.47310893
5018.7257,0.42708335
5020.0481,0.40197329
5021.3706,0.42915129
5022.6933,0.41449971
5024.0162,0.42337802
5025.3393,0.37474047
5026.6625,0.37054784
5027.9859,0.45785897
5029.3095,0.42490913
5030.6333,0.43640422
5031.9572,0.47404359
5033.2813,0.45678147
5034.6056,0.47612114
5035.93,0.35428482
5037.2547,0.41806989
5038.5795,0.36420839
5039.9044,0.51688331
5041.2296,0.5466829
5042.5549,0.46929343
5043.8804,0.30824431
5045.2061,0.204712
5046.5319,0.26065731
5047.8579,0.36366191
5049.1841,0.36209184
5050.5105,0.35790786
5051.837,0.40339757
5053.1638,0.45150214
5054.4906,0.5100647
5055.8177,0.3620918
5057.1449,0.31869454
5058.4724,0.25961149
5059.7999,0.25020212
5061.1277,0.29046643
5062.4556,0.33857436
5063.7838,0.41805532
5065.112,0.48707925
5066.4405,0.36525398
5067.7691,0.29310239
5069.0979,0.22618005
5070.4269,0.25337583
5071.7561,0.2675002
5073.0854,0.14567733
5074.4149,0.1676458
5075.7446,0.16347095
5077.0744,0.27432927
5078.4045,0.23878284
5079.7347,0.34964211
5081.065,0.42912932
5082.3956,0.50077387
5083.7263,0.38156923
5085.0572,0.18131932
5086.3883,0.23989341
5087.7195,0.41611505
5089.0509,0.56619338
5090.3825,0.38163166
5091.7143,0.037593303
5093.0462,0.015124052
5094.3784,0.021413451
5095.7106,0.17149418
5097.0431,0.078438135
5098.3757,0.07165708
5099.7086,0.091020297
5101.0415,0.092083341
5102.3747,0.20556517
5103.708,0.13081218
5105.0416,0.19985052
5106.3752,0.19045797
5107.7091,0.21243845
5109.0431,0.23180503
5110.3773,0.21457078
5111.7117,0.28361153
5113.0463,0.30559393
5114.381,0.2413023
5115.7159,0.19531181
5117.051,0.15455055
5118.3862,0.22097932
5119.7217,0.2455785
5121.0573,0.2152762
5122.393,0.19020315
5123.729,0.20434625
5125.0651,0.18450291
5126.4014,0.24832019
5127.7379,0.16573271
5129.0745,0.16157709
5130.4113,0.12082064
5131.7483,0.12189473
5133.0855,0.09682552
5134.4228,0.016854826
5135.7604,0.046688534
5137.098,0.10528089
5138.4359,0.13772994
5139.7739,0.20678078
5141.1122,0.23923079
5142.4505,0.24553748
5143.7891,0.23615839
5145.1278,0.11697585
5146.4667,0.10759772
5147.8058,0.011945555
5149.1451,-0.010503513
5150.4845,0.066394305
5151.8241,0.0021161319
5153.1639,0.092086806
5154.5039,-0.019249229
5155.844,-0.028623999
5157.1843,-0.077213975
5158.5248,-0.00031327459
5159.8654,0.079202286
5161.2062,0.09074447
5162.5472,-0.0022880277
5163.8884,0.017098255
5165.2298,0.049556914
5166.5713,0.11077422
5167.913,0.17722077
5169.2549,0.10510571
5170.5969,0.10619374
5171.9391,0.0027070908
5173.2815,0.027325496
5174.6241,0.023186212
5175.9668,0.063491852
5177.3097,0.095954836
5178.6528,0.00031372549
5179.9961,-0.068690011
5181.3395,-0.14815072
5182.6831,-0.091663172
5184.0269,-0.029946321
5185.3709,-0.096333501
5186.715,-0.00062863352
5188.0593,-0.087929757
5189.4038,-0.026210728
5190.7485,-0.097824489
5192.0933,-0.10930699
5193.4383,0.070060736
5194.7835,-0.051224593
5196.1289,0.08892853
5197.4744,0.087905728
5198.8201,0.11041288
5200.166,0.083247378
5201.512,-0.053721504
5202.8582,0.06551931
5204.2046,0.12724433
5205.5512,0.13668231
5206.898,0.14350646
5208.2449,0.10065794
5209.592,0.070881872
5210.9392,-0.037325028
5212.2867,-0.09847256
5213.6343,0.041687642
5214.9821,0.16877649
5216.3301,0.15991818
5217.6782,0.051713999
5219.0265,-0.038188981
5220.375,-0.033973768
5221.7237,0.019915191
5223.0725,0.063347178
5224.4215,0.072792782
5225.7707,0.0038075579
5227.1201,-0.086092154
5228.4696,-0.10017433
5229.8193,-0.090726547
5231.1692,-0.065591946
5232.5193,-0.04307118
5233.8695,-0.072837451
5235.2199,0.080403358
5236.5705,0.21272968
5237.9212,0.3633572
5239.2722,0.32052121
5240.6233,0.2855289
5241.9745,0.24530838
5243.326,0.22338906
5244.6776,0.14395394
5246.0294,0.11942133
5247.3814,0.12103305
5248.7335,0.070357739
5250.0859,0.037983623
5251.4384,0.03959698
5252.791,0.1013416
5254.1439,0.17354428
5255.4969,0.22483247
5256.8501,0.13755912
5258.2035,-0.022916306
5259.557,-0.12848923
5260.9107,-0.12687206
5262.2646,-0.018064803
5263.6187,0.048912931
5264.9729,0.066218007
5266.3273,0.052151078
5267.6819,-0.019431646
5269.0367,0.026633234
5270.3916,0.080541795
5271.7467,0.035104495
5273.102,0.01581153
5274.4574,-0.016552785
5275.8131,0.066116124
5277.1689,0.065125447
5278.5249,0.019690869
5279.881,0.089289516
5281.2373,0.14581681
5282.5939,0.27816165
5283.9505,0.22750049
5285.3074,0.18729739
5286.6644,0.12617981
5288.0216,0.12780786
5289.379,0.10590706
5290.7365,0.22256888
5292.0942,0.22942733
5293.4521,0.27811639
5294.8102,0.11242691
5296.1685,0.059156273
5297.5269,0.0032718021
5298.8855,-0.03692585
5300.2442,-0.066665441
5301.6032,-0.010129977
5302.9623,0.022876619
5304.3216,0.068955655
5305.681,0.094120203
5307.0407,0.059154576
5308.4005,0.068633939
5309.7605,0.10687202
5311.1206,0.15556815
5312.481,0.17027791
5313.8415,0.14054376
5315.2022,0.15786898
5316.563,0.17258037
5317.9241,0.15330537
5319.2853,0.21507667
5320.6466,0.28730603
5322.0082,0.22358823
5323.3699,0.12588404
5324.7318,0.093539868
5326.0939,0.27034657
5327.4562,0.4497682
5328.8186,0.53245834
5330.1812,0.56547583
5331.544,0.57496444
5332.9069,0.55830982
5334.27,0.46060998
5335.6333,0.399512
5336.9968,0.46913351
5338.3604,0.62503008
5339.7242,0.70511021
5341.0882,0.68845884
5342.4524,0.63520672
5343.8167,0.70744534
5345.1813,0.8424296
5346.546,0.85453859
5347.9108,0.7568442
5349.2759,0.49967323
5350.6411,0.48825443
5352.0065,0.40886233
5353.372,0.3765296
5354.7377,0.35204054
5356.1037,0.31709452
5357.4697,0.4991425
5358.836,0.54001456
5360.2024,0.59134468
5361.569,0.48319822
5362.9358,0.35152289
5364.3028,0.37409647
5365.6699,0.37314119
5367.0372,0.42708841
5368.4047,0.41567669
5369.7723,0.3702786
5371.1401,0.26997908
5372.5081,0.20366704
5373.8763,0.19487189
5375.2447,0.19914917
5376.6132,0.21388452
5377.9819,0.23384917
5379.3508,0.24074246
5380.7198,0.22410689
5382.089,0.19962873
5383.4584,0.12547791
5384.828,0.13498776
5386.1977,0.052994891
5387.5676,0.049433939
5388.9377,0.0066578442
5390.308,0.052771183
5391.6784,0.14071513
5393.049,0.12408446
5394.4198,0.13882689
5395.7908,0.088210376
5397.1619,0.037594412
5398.5332,-0.0051778711
5399.9047,-0.063635884
5401.2764,0.0060112227
5402.6482,0.023371292
5404.0202,0.053803802
5405.3924,0.073779339
5406.7647,0.010095291
5408.1373,0.056215708
5409.51,-0.028382284
5410.8828,0.054340529
5412.2559,0.11353448
5413.6291,0.17272897
5415.0025,0.1691789
5416.3761,0.024452915
5417.7498,0.057505248
5419.1238,0.043499303
5420.4978,0.042565797
5421.8721,0.10176355
5423.2466,0.079916106
5424.6212,0.14957247
5425.996,0.06498101
5427.3709,-0.0039236292
5428.7461,0.034361818
5430.1214,0.062190294
5431.4969,0.17629382
5432.8725,0.26163973
5434.2484,0.23456788
5435.6244,0.24671226
5437.0006,0.099380056
5438.3769,0.15596997
5439.7535,0.068769576
5441.1302,0.026014172
5442.5071,-0.053341994
5443.8841,-0.080410035
5445.2614,-0.026431779
5446.6388,-0.019511802
5448.0163,0.050153818
5449.3941,0.088447433
5450.772,0.066610873
5452.1501,0.073533028
5453.5284,0.098756381
5454.9069,0.10567963
5456.2855,0.14920472
5457.6643,0.030638857
5459.0432,0.024491839
5460.4224,-0.031327837
5461.8017,-0.00087245878
5463.1812,0.047884117
5464.5609,0.11232751
5465.9407,0.19507211
5467.3207,0.16278456
5468.7009,0.065138089
5470.0813,0.13219804
5471.4618,0.16004285
5472.8426,0.23756141
5474.2234,0.17651842
5475.6045,0.078874668
5476.9857,0.10672166
5478.3672,0.043065921
5479.7487,0.10490093
5481.1305,0.101377
5482.5124,-0.014564683
5483.8945,-0.015473142
5485.2768,-0.11311308
5486.6593,-0.025131564
5488.0419,-0.078325972
5489.4247,-0.10537604
5490.8077,-0.043536682
5492.1909,0.083662701
5493.5742,0.10367309
5494.9577,0.14982781
5496.3414,0.088793529
5497.7252,0.059132345
5499.1092,-0.046345288
5500.4934,-0.034175318
5501.8778,0.009367746
5503.2623,0.050296975
5504.6471,-0.0055052772
5506.032,0.045882557
5507.417,0.050212113
5508.8023,0.072842866
5510.1877,0.019657171
5511.5733,0.029217118
5512.9591,0.025705714
5514.345,-0.011792073
5515.7311,-0.080661865
5517.1174,-0.086786014
5518.5039,-0.079837724
5519.8905,-0.13040523
5521.2773,-0.097816754
5522.6643,-0.078299694
5524.0515,0.037949873
5525.4388,0.047010379
5526.8263,0.087443915
5528.214,0.012845253
5529.6018,-0.0042365886
5530.9899,0.085871593
5532.3781,0.15245084
5533.7664,0.056939074
5535.155,-0.075173523
5536.5437,-0.16284119
5537.9326,-0.057044332
5539.3217,0.033066737
5540.711,0.081348221
5542.1004,-0.006317526
5543.49,-0.059995864
5544.8798,-0.035242348
5546.2697,0.062714264
5547.6598,0.019494886
5549.0501,-0.05509656
5550.4406,-0.082628702
5551.8312,-0.013428336
5553.222,0.10021696
5554.613,0.06484312
5556.0042,-0.0071315412
5557.3955,0.017626305
5558.7871,0.052842148
5560.1787,0.13250292
5561.5706,0.097131487
5562.9626,0.10097622
5564.3549,0.12835085
5565.7472,0.15311159
5567.1398,0.16741528
5568.5325,0.079758678
5569.9254,0.020860723
5571.3185,-0.043265509
5572.7118,-0.081247469
5574.1052,-0.064326987
5575.4988,-0.023876612
5576.8926,0.042718034
5578.2866,0.046568064
5579.6807,0.016431647
5581.075,-0.0032467732
5582.4695,0.0032190788
5583.8641,0.080273647
5585.2589,0.17824373
5586.6539,0.11673717
5588.0491,0.044773573
5589.4444,-0.016732026
5590.84,-0.052475976
5592.2357,-0.051618186
5593.6315,-0.08736127
5595.0276,0.054673858
5596.4238,0.13134994
5597.8202,0.0903794
5599.2167,0.015422364
5600.6135,-0.064762997
5602.0104,-0.071745311
5603.4075,-0.11794288
5604.8048,-0.13015308
5606.2022,-0.084846514
5607.5998,-0.023853238
5608.9976,0.086813674
5610.3955,0.15826533
5611.7937,0.22448867
5613.192,0.22535296
5614.5905,0.18438762
5615.9891,0.098978263
5617.388,-0.03348948
5618.787,-0.087525417
5620.1861,-0.17816223
5621.5855,-0.070105794
5622.985,-0.024794026
5624.3847,0.051890725
5625.7846,-0.036129974
5627.1846,-0.13722213
5628.5849,-0.19125504
5629.9853,-0.10149666
5631.3858,0.003948429
5632.7866,0.11200833
5634.1875,0.11287912
5635.5886,0.053619624
5636.9899,0.13553703
5638.3913,0.097193437
5639.7929,0.092837203
5641.1947,0.01005003
5642.5967,-0.038749782
5643.9988,-0.056176612
5645.4011,-0.17294941
5646.8036,-0.12763028
5648.2063,0.043179486
5649.6091,0.080656351
5651.0121,-0.0021277893
5652.4153,-0.16072849
5653.8187,-0.18599542
5655.2222,-0.030869766
5656.6259,0.032753056
5658.0298,0.11990572
5659.4339,0.01620915
5660.8381,0.0089886456
5662.2425,-0.066205314
5663.6471,-0.055124362
5665.0518,-0.06757242
5666.4568,-0.061719423
5667.8619,-0.024493476
5669.2671,0.062406076
5670.6726,0.19897923
5672.0782,0.21790573
5673.484,0.1401006
5674.89,0.10151157
5676.2961,0.0080209677
5677.7024,-0.014880993
5679.1089,-0.1188283
5680.5156,-0.16003012
5681.9225,-0.11757139
5683.3295,-0.056811618
5684.7367,0.0091773175
5686.144,-0.05293792
5687.5516,-0.054922038
5688.9593,0.065970064
5690.3672,0.23392139
5691.7752,0.24762475
5693.1835,0.15152459
5694.5919,0.086797386
5696.0005,0.026731098
5697.4092,0.034638998
5698.8182,-0.096014862
5700.2273,-0.025361201
5701.6365,-0.059282373
5703.046,-0.022614978
5704.4556,-0.0173198
5705.8654,-0.051239978
5707.2754,-0.032872243
5708.6856,-0.056334241
5710.0959,-0.0039789155
5711.5064,0.040533604
5712.9171,0.1425628
5714.3279,0.23674918
5715.7389,0.26557642
5717.1501,0.19505759
5718.5615,0.080094637
5719.9731,0.0801647
5721.3848,0.067163199
5722.7967,0.1456653
5724.2087,0.1771089
5725.621,0.11443519
5727.0334,0.075291227
5728.446,-0.052741298
5729.8588,0.057135006
5731.2717,0.088580268
5732.6848,0.070352659
5734.0981,0.020752832
5735.5116,-0.03930418
5736.9252,0.10194633
5738.339,0.16215142
5739.753,0.23281435
5741.1672,0.14922926
5742.5815,0.070873246
5743.996,0.031733254
5745.4107,0.068410588
5746.8255,0.071101324
5748.2406,0.055491738
5749.6558,0.086941306
5751.0711,0.060874867
5752.4867,0.11062575
5753.9024,0.1185469
5755.3183,0.055880149
5756.7344,0.0062856225
5758.1506,-0.12173995
5759.5671,-0.098131195
5760.9837,-0.040535185
5762.4004,-0.045683942
5763.8174,0.053742795
5765.2345,0.045980322
5766.6518,0.14279334
5768.0693,0.19777663
5769.4869,0.059296196
5770.9047,-0.021667567
5772.3227,-0.13923231
5773.7409,-0.06594704
5775.1592,0.0021097984
5776.5777,0.010036249
5777.9964,-0.00033762184
5779.4153,-0.018554299
5780.8343,-0.015855612
5782.2535,-0.047143523
5783.6729,-0.036601036
5785.0925,-0.036515735
5786.5122,-0.018129448
5787.9321,-0.015429105
5789.3522,-0.036257843
5790.7725,0.065789568
5792.1929,0.089405937
5793.6135,0.1051795
5795.0343,0.05036516
5796.4552,-0.054122051
5797.8763,-0.046190631
5799.2976,-0.025186985
5800.7191,0.024575163
5802.1408,0.049524111
5803.5626,-0.03010193
5804.9846,7.6123684e-005
5806.4068,-0.029876367
5807.8291,0.031674583
5809.2516,0.043552506
5810.6743,0.029286811
5812.0972,-0.0032793637
5813.5202,-0.028002227
5814.9434,-0.068411191
5816.3668,-0.093133706
5817.7904,-0.068182845
5819.2141,0.053500216
5820.6381,0.14903966
5822.0621,0.066801501
5823.4864,0.044694234
5824.9108,0.087946619
5826.3355,0.178258
5827.7602,0.19798132
5829.1852,0.1575741
5830.6103,0.049193189
5832.0356,0.024472587
5833.4611,0.046810983
5834.8868,0.22078354
5836.3126,0.27449483
5837.7386,0.23147427
5839.1648,0.1492382
5840.5911,0.13236178
5842.0177,0.2435901
5843.4444,0.43324998
5844.8712,0.50264859
5846.2983,0.40211273
5847.7255,0.33556398
5849.1529,0.32391736
5850.5805,0.450833
5852.0082,0.47840242
5853.4361,0.41185436
5854.8642,0.36622151
5856.2925,0.28921628
5857.7209,0.36384522
5859.1496,0.44370308
5860.5784,0.40852844
5862.0073,0.46747162
5863.4365,0.47151302
5864.8658,0.49385524
5866.2953,0.47436757
5867.7249,0.37906308
5869.1548,0.42493523
5870.5848,0.37407554
5872.015,0.28922909
5873.4453,0.31941549
5874.8758,0.37836024
5876.3065,0.42423326
5877.7374,0.35507378
5879.1685,0.23885565
5880.5997,0.17753965
5882.0311,0.11099507
5883.4627,0.13856831
5884.8944,0.23150121
5886.3264,0.2460029
5887.7585,0.17161588
5889.1908,0.11291531
5890.6232,0.19016262
5892.0558,0.29878265
5893.4886,0.31851398
5894.9216,0.28857227
5896.3547,0.22987257
5897.7881,0.19208807
5899.2215,0.12554558
5900.6552,0.11390522
5902.0891,0.1937683
5903.5231,0.18212829
5904.9573,0.13388715
5906.3916,-0.00062833203
5907.8262,-0.012267821
5909.2609,0.044066721
5910.6958,0.045499476
5912.1308,0.14366443
5913.5661,0.22614329
5915.0015,0.24587722
5916.4371,0.19502308
5917.8728,0.10233906
5919.3088,0.20834802
5920.7449,0.30128526
5922.1811,0.3785364
5923.6176,0.2701668
5925.0542,0.14872548
5926.491,0.12401636
5927.928,0.16205251
5929.3652,0.12427183
5930.8025,0.02374624
5932.24,0.069626049
5933.6777,0.086747861
5935.1155,0.12739926
5936.5535,0.087005079
5937.9917,0.12242807
5939.4301,0.16830874
5940.8686,0.18020267
5942.3074,0.17902487
5943.7463,0.091572736
5945.1853,0.0093495348
5946.6246,0.0081722588
5948.064,0.014838294
5949.5036,0.13653718
5950.9433,0.14058919
5952.3833,0.24398777
5953.8234,0.26634078
5955.2637,0.157975
5956.7041,0.033923125
5958.1448,-0.014311583
5959.5856,0.20412055
5961.0266,0.32059207
5962.4677,0.31157357
5963.9091,0.30255524
5965.3506,0.29353709
5966.7922,0.35772173
5968.2341,0.25981504
5969.6761,0.24818303
5971.1183,0.25746622
5972.5607,0.33733783
5974.0033,0.40152334
5975.446,0.38204888
5976.8889,0.31813016
5978.332,0.26205475
5979.7752,0.27656775
5981.2186,0.34336851
5982.6622,0.33435244
5984.106,0.293964
5985.5499,0.29279142
5986.9941,0.33867784
5988.4384,0.42116574
5989.8828,0.5428695
5991.3275,0.53124009
5992.7723,0.48039518
5994.2173,0.27791646
5995.6624,0.28197385
5997.1078,0.28080266
5998.5533,0.41296498
5999.999,0.49806865
6001.4448,0.55964308
6002.8909,0.60553141
6004.3371,0.57037417
6005.7835,0.61364847
6007.23,0.55757653
6008.6768,0.50411916
6010.1237,0.50556391
6011.5707,0.50962322
6013.018,0.50583957
6014.4654,0.50467046
6015.913,0.38585448
6017.3608,0.43697331
6018.8088,0.36783087
6020.2569,0.47908077
6021.7052,0.56680142
6023.1537,0.64406474
6024.6023,0.79714522
6026.0511,0.74368993
6027.5001,0.68762043
6028.9493,0.57664915
6030.3986,0.60424013
6031.8482,0.59784436
6033.2979,0.56269059
6034.7477,0.55890954
6036.1978,0.6021875
6037.648,0.62977935
6039.0984,0.54233869
6040.5489,0.52548645
6041.9997,0.6053664
6043.4506,0.69047529
6044.9017,0.73113991
6046.3529,0.68553019
6047.8044,0.59024744
6049.256,0.53156617
6050.7078,0.44674129
6052.1597,0.51355057
6053.6119,0.44702668
6055.0642,0.61579709
6056.5166,0.61463303
6057.9693,0.72850183
6059.4221,0.51557342
6060.8751,0.48826609
6062.3283,0.4531158
6063.7817,0.46241013
6065.2352,0.47954777
6066.6889,0.52544375
6068.1428,0.50598043
6069.5968,0.45775912
6071.051,0.30234843
6072.5054,0.32733008
6073.96,0.36799817
6075.4147,0.32762069
6076.8697,0.21142639
6078.3248,0.079545987
6079.78,0.1803455
6081.2355,0.25761577
6082.6911,0.28259863
6084.1469,0.21869278
6085.6028,0.20707469
6087.059,0.26343062
6088.5153,0.25704163
6089.9718,0.33692733
6091.4284,0.27040797
6092.8853,0.26663388
6094.3423,0.11906912
6095.7995,0.0996091
6097.2568,0.16119501
6098.7143,0.23585299
6100.1721,0.24253729
6101.6299,0.1812479
6103.088,0.14871686
6104.5462,0.27043436
6106.0046,0.3843089
6107.4632,0.37269341
6108.9219,0.26957483
6110.3809,0.12201198
6111.84,0.1496127
6113.2992,0.18244236
6114.7587,0.19174277
6116.2183,0.20627212
6117.6781,0.1632853
6119.1381,0.24840324
6120.5982,0.27077624
6122.0585,0.20687491
6123.519,0.16911755
6124.9797,0.092144674
6126.4405,0.16942034
6127.9016,0.13689225
6129.3628,0.19848199
6130.8241,0.22608497
6132.2857,0.14911297
6133.7474,0.1767163
6135.2093,0.076215228
6136.6713,0.17702152
6138.1336,0.19678224
6139.596,0.26883071
6141.0585,0.28074863
6142.5213,0.12273209
6143.9842,0.13726475
6145.4473,0.16748385
6146.9106,0.2630626
6148.3741,0.33772649
6149.8377,0.28690037
6151.3015,0.35895023
6152.7655,0.32381072
6154.2296,0.24161257
6155.694,0.20908779
6157.1585,0.18440632
6158.6231,0.21462699
6160.088,0.22131841
6161.553,0.094676684
6163.0182,0.13535539
6164.4836,0.019171522
6165.9491,0.031092405
6167.4148,0.087457906
6168.8807,0.15166672
6170.3468,0.18973191
6171.813,0.16505219
6173.2794,0.12207198
6174.746,0.15752331
6176.2128,0.080556526
6177.6797,0.10293632
6179.1469,0.096558111
6180.6141,0.045735635
6182.0816,0.0079852287
6183.5492,-0.061137553
6185.017,0.047517617
6186.485,0.11172852
6187.9532,0.11580887
6189.4215,0.064987439
6190.89,0.055996246
6192.3587,0.11759346
6193.8276,0.12167451
6195.2966,0.094383187
6196.7658,0.11415086
6198.2352,0.09470302
6199.7047,0.088327249
6201.1744,0.024435313
6202.6443,0.0049879948
6204.1144,-0.074589868
6205.5847,-0.078350564
6207.0551,0.0041634243
6208.5257,0.039618763
6209.9964,0.13781937
6211.4674,0.073928654
6212.9385,0.14075706
6214.4098,0.10301048
6215.8813,0.091407868
6217.3529,0.12686425
6218.8247,0.0080724402
6220.2967,0.033071654
6221.7689,0.047613525
6223.2412,0.093528119
6224.7137,0.22310302
6226.1864,0.059867633
6227.6593,0.14499844
6229.1323,0.081109804
6230.6055,0.11918213
6232.0789,0.11542457
6233.5525,0.014935148
6235.0262,0.16804068
6236.5001,0.13813984
6237.9742,0.11608232
6239.4484,0.015593598
6240.9229,-0.019535472
6242.3975,0.018538246
6243.8722,0.038311484
6245.3472,0.045013001
6246.8223,0.10661665
6248.2976,0.01920087
6249.7731,0.012831013
6251.2487,-0.074584421
6252.7246,0.015778096
6254.2006,0.16365713
6255.6767,0.22526182
6257.1531,0.15614774
6258.6296,0.024288727
6260.1063,0.028377604
6261.5831,0.063839204
6263.0602,-0.0078885643
6264.5374,-0.063929884
6266.0148,-0.041539658
6267.4924,0.056667736
6268.9701,0.086901447
6270.448,0.077919646
6271.9261,0.03756547
6273.4044,-0.0054029109
6274.8828,-0.066671772
6276.3614,-0.10963981
6277.8402,-0.071561913
6279.3191,0.031875631
6280.7983,0.064725113
6282.2776,0.14724797
6283.7571,0.09643767
6285.2367,0.10314388
6286.7165,-0.026097442
6288.1965,-0.016776503
6289.6767,0.044832193
6291.1571,0.12997047
6292.6376,0.11576252
6294.1183,0.062339061
6295.5992,0.0063013939
6297.0802,-0.028821067
6298.5614,-0.04825708
6300.0428,-0.0023334412
6301.5244,0.11679299
6303.0061,0.073828083
6304.4881,0.13543852
6305.9701,0.097702721
6307.4524,0.14885599
6308.9349,0.061447336
6310.4175,0.042012715
6311.9003,0.030421405
6313.3832,0.0031439947
6314.8664,-0.0058325883
6316.3497,0.00087727715
6317.8332,0.012816075
6319.3168,-0.027532536
6320.8007,0.0027072634
6322.2847,0.019875341
6323.7688,0.084102416
6325.2532,0.15094404
6326.7377,0.12105382
6328.2224,0.070248737
6329.7073,-0.030229375
6331.1924,0.015697916
6332.6776,0.004109041
6334.163,-0.067610379
6335.6486,-0.073970148
6337.1343,-0.11693105
6338.6203,-0.0030290331
6340.1064,-0.035532071
6341.5926,-0.028819249
6343.0791,-0.02994939
6344.5657,0.018593846
6346.0525,0.16648366
6347.5395,0.086426444
6349.0266,0.029898755
6350.5139,-0.091988295
6352.0014,-0.049169346
6353.4891,-0.011579041
6354.9769,-0.02889058
6356.4649,-0.022672591
6357.9531,-0.058284552
6359.4415,0.00022124922
6360.93,0.024740239
6362.4187,0.075403135
6363.9076,0.11822301
6365.3967,0.13489921
6366.8859,0.10974546
6368.3753,-0.035669613
6369.8649,-0.039908099
6371.3547,-0.085976534
6372.8446,-0.011783416
6374.3347,0.020579753
6375.825,0.01895611
6377.3154,0.14543716
6378.8061,0.057539235
6380.2969,0.071602214
6381.7878,-0.073811816
6383.279,-0.096349913
6384.7703,-0.090129724
6386.2618,-0.11528197
6387.7535,0.011199889
6389.2453,-0.013952124
6390.7374,-0.015574609
6392.2296,-0.10347149
6393.7219,-0.018819233
6395.2145,0.10243445
6396.7072,0.087740528
6398.2001,0.057360452
6399.6931,0.066196178
6401.1864,0.051502608
6402.6798,0.094325493
6404.1734,-0.053701179
6405.6671,-0.021335578
6407.1611,-0.049100581
6408.6552,-0.01150599
6410.1495,0.015631199
6411.6439,-0.074878554
6413.1386,-0.00068230858
6414.6334,0.034298366
6416.1284,0.032677849
6417.6235,0.057201239
6419.1189,-0.035922314
6420.6144,0.035660131
6422.11,-0.090920809
6423.6059,-0.058024752
6425.1019,-0.098331437
6426.5981,-0.062821254
6428.0945,-0.0037817876
6429.591,0.03172814
6431.0878,0.0724667
6432.5847,0.053074413
6434.0817,0.054597032
6435.579,0.0012175627
6437.0764,-0.052162033
6438.574,-0.032339142
6440.0718,0.029313688
6441.5697,0.020378155
6443.0678,-0.004243779
6444.5661,-0.02886584
6446.0646,-0.035187375
6447.5632,0.042151094
6449.0621,0.072430613
6450.561,0.18898451
6452.0602,0.11468862
6453.5595,0.092680171
6455.0591,-0.039132322
6456.5587,-0.1265005
6458.0586,-0.09883612
6459.5586,-0.01365553
6461.0588,0.15779944
6462.5592,0.083502654
6464.0598,0.022277635
6465.5605,-0.099078231
6467.0614,-0.087100891
6468.5625,-0.069894919
6470.0637,0.057114847
6471.5652,0.13706566
6473.0668,0.21178759
6474.5686,0.13748979
6476.0705,0.047505583
6477.5726,-0.011106201
6479.0749,-0.025273667
6480.5774,0.012846321
6482.08,0.014364875
6483.5829,0.023726439
6485.0859,-0.0061278102
6486.589,-0.13532859
6488.0924,-0.1390393
6489.5959,-0.12444949
6491.0996,-0.036657188
6492.6034,-0.12141403
6494.1075,-0.096367084
6495.6117,0.028026144
6497.1161,0.072001515
6498.6207,0.11859121
6500.1254,0.026618762
6501.6303,0.081051486
6503.1354,0.054438405
6504.6406,0.022596512
6506.1461,0.035199008
6507.6517,0.055644587
6509.1575,0.11792018
6510.6634,0.1069931
6512.1696,0.022863353
6513.6759,-0.048194553
6515.1823,-0.040821141
6516.689,0.089428035
6518.1958,0.17523271
6519.7028,0.13293276
6521.21,0.12723406
6522.7173,0.11630654
6524.2249,0.23348355
6525.7326,0.25915724
6527.2404,0.19594198
6528.7485,0.25298811
6530.2567,0.16362895
6531.7651,0.20237431
6533.2737,0.24111962
6534.7824,0.19097599
6536.2913,0.33691073
6537.8004,0.24232255
6539.3097,0.32551208
6540.8191,0.44530287
6542.3287,0.48666224
6543.8385,0.70579932
6545.3485,0.61382524
6546.8586,0.69178575
6548.3689,0.55536712
6549.8794,0.35620334
6551.3901,0.36096107
6552.9009,0.43892136
6554.4119,0.63714303
6555.9231,0.6288287
6557.4345,0.4976385
6558.946,0.47625217
6560.4577,0.35813375
6561.9696,0.55896954
6563.4816,0.63431507
6564.9939,0.78547754
6566.5063,0.88173799
6568.0188,0.79499186
6569.5316,0.78406266
6571.0445,0.6371857
6572.5576,0.74390345
6574.0709,0.84016363
6575.5843,0.82400546
6577.098,0.87582109
6578.6117,0.79430333
6580.1257,0.76245872
6581.6399,0.69401275
6583.1542,0.77720072
6584.6687,0.85515986
6586.1833,0.92527582
6587.6982,0.83852898
6589.2132,0.84328535
6590.7284,0.82712664
6592.2437,0.86325545
6593.7593,0.9124561
6595.275,0.95642794
6596.7909,0.99255659
6598.3069,0.99992702
6599.8232,0.97331046
6601.3396,1.0042102
6602.8562,0.99066542
6604.3729,1.021565
6605.8898,1.0263208
6607.4069,1.1147367
6608.9242,1.2240675
6610.4417,1.3020257
6611.9593,1.2780231
6613.4771,1.3272231
6614.9951,1.418253
6616.5132,1.4596097
6618.0316,1.5271102
6619.5501,1.5867674
6621.0687,1.7431566
6622.5876,1.797585
6624.1066,1.7003793
6625.6258,1.7338926
6627.1452,1.7334188
6628.6647,1.808762
6630.1844,1.8501182
6631.7043,1.9385332
6633.2244,2.0060331
6634.7446,2.0055591
6636.265,1.9946275
6637.7856,2.2268331
6639.3064,2.3518491
6640.8273,2.5343815
6642.3484,2.6358679
6643.8697,2.7791845
6645.3912,2.9068146
6646.9128,3.0030722
6648.4346,3.2561925
6649.9566,3.5276133
6651.4787,3.8487074
6653.0011,4.1698013
6654.5236,4.3915488
6656.0463,4.4642767
6657.5691,4.7226254
6659.0921,4.9940459
6660.6153,5.4798455
6662.1387,5.9551875
6663.6623,6.5873922
6665.186,7.3058713
6666.7099,7.8884027
6668.234,8.7402151
6669.7582,9.6364718
6671.2826,10.684363
6672.8072,11.423756
6674.332,12.118706
6675.8569,12.8764
6677.382,13.628866
6678.9073,14.140809
6680.4328,14.454058
6681.9584,14.735936
6683.4843,15.211277
6685.0102,15.354592
6686.5364,15.482221
6688.0627,15.458215
6689.5893,15.742707
6691.1159,16.074257
6692.6428,16.146983
6694.1698,16.21971
6695.697,16.015312
6697.2244,15.991306
6698.752,15.813052
6700.2797,15.6714
6701.8076,15.487917
6703.3357,15.150185
6704.8639,14.854284
6706.3924,14.477337
6707.921,14.173592
6709.4497,13.723442
6710.9787,13.294207
6712.5078,12.804842
6714.0371,12.344234
6715.5666,11.990816
6717.0962,11.65047
6718.6261,11.34411
6720.156,10.907032
6721.6862,10.365379
6723.2166,9.8341824
6724.7471,9.6088686
6726.2778,9.4619861
6727.8086,9.3151035
6729.3397,9.079332
6730.8709,8.799116
6732.4023,8.5685732
6733.9338,8.2622133
6735.4656,8.0578141
6736.9975,7.7775979
6738.5296,7.5052248
6740.0618,7.4393875
6741.5943,7.4023084
6743.1269,7.2711116
6744.6596,7.0065814
6746.1926,6.7629661
6747.7257,6.6317691
6749.259,6.5502453
6750.7925,6.5863685
6752.3262,6.6590929
6753.86,6.5932552
6755.394,6.4097703
6756.9282,6.1452397
6758.4625,6.0611011
6759.997,6.0135638
6761.5317,5.7333467
6763.0666,5.5106459
6764.6017,5.4160497
6766.1369,5.5279893
6767.6723,5.5301249
6769.2078,5.3753978
6770.7436,5.3383176
6772.2795,5.4659433
6773.8156,5.5334382
6775.3519,5.6924363
6776.8883,5.5690814
6778.4249,5.5032428
6779.9617,5.3040708
6781.4987,5.1807158
6783.0358,5.0233737
6784.5731,4.9496918
6786.1106,4.7897353
6787.6482,4.9121316
6789.1861,5.0998874
6790.7241,5.2902575
6792.2623,5.3028498
6793.8006,5.1585793
6795.3392,5.1476421
6796.8779,5.0791885
6798.4167,4.9715191
6799.9558,4.9265948
6801.495,5.0045462
6803.0344,5.0772688
6804.574,5.0820175
6806.1137,4.982191
6807.6537,5.0130834
6809.1938,5.0047601
6810.734,5.12977
6812.2745,5.2756949
6813.8151,5.416391
6815.3559,5.5597015
6816.8969,5.5722929
6818.438,5.6816163
6819.9793,5.7125082
6821.5208,5.7590864
6823.0625,5.7978214
6824.6043,5.9620465
6826.1463,6.0243108
6827.6885,6.0081437
6829.2309,6.0677935
6830.7734,6.1483583
6832.3161,6.2681387
6833.859,6.2415138
6835.4021,6.3273072
6836.9453,6.4836888
6838.4887,6.6008546
6840.0323,6.7023341
6841.576,6.696624
6843.12,6.7170576
6844.6641,7.0067722
6846.2083,7.2834149
6847.7528,7.5679007
6849.2974,7.6955236
6850.8422,7.8702053
6852.3872,7.96907
6853.9323,8.1202222
6855.4777,8.1981718
6857.0232,8.5375591
6858.5688,8.7462275
6860.1147,9.0437847
6861.6607,9.3596426
6863.2069,9.9578533
6864.7533,10.686783
6866.2998,11.400026
6867.8465,12.170786
6869.3934,13.022591
6870.9405,14.028645
6872.4877,15.055613
6874.0351,16.043366
6875.5827,16.903014
6877.1305,17.726061
6878.6784,18.567408
6880.2265,19.53686
6881.7748,20.153371
6883.3233,20.660078
6884.8719,20.858288
6886.4207,21.359765
6887.9697,21.680851
6889.5188,22.02808
6891.0682,22.411911
6892.6177,22.785284
6894.1674,23.043625
6895.7172,22.967324
6897.2672,23.074031
6898.8174,23.185965
6900.3678,23.00509
6901.9184,22.968005
6903.4691,22.826345
6905.02,22.946123
6906.571,22.511652
6908.1223,22.048424
6909.6737,21.705456
6911.2253,21.35726
6912.7771,20.975077
6914.329,20.328841
6915.8811,20.04339
6917.4334,19.833756
6918.9859,19.488174
6920.5385,18.89684
6922.0913,18.119885
6923.6443,17.729858
6925.1975,17.206498
6926.7508,16.662223
6928.3043,16.013373
6929.858,15.550143
6931.4119,15.374495
6932.9659,14.824991
6934.5201,14.43235
6936.0745,13.992649
6937.6291,13.772557
6939.1838,13.56815
6940.7387,13.363744
6942.2938,13.062605
6943.849,12.81114
6945.4044,12.449871
6946.96,12.248079
6948.5158,11.902496
6950.0718,11.844494
6951.6279,11.676689
6953.1842,11.419994
6954.7407,11.066568
6956.2973,10.749742
6957.8541,10.691741
6959.4111,10.636353
6960.9683,10.512992
6962.5256,10.332114
6964.0831,9.9734586
6965.6408,9.7010774
6967.1987,9.3973237
6968.7567,9.2295177
6970.3149,9.1532148
6971.8733,8.9357354
6973.4319,8.8411318
6974.9906,8.7883582
6976.5495,8.6519244
6978.1086,8.559935
6979.6679,8.4810175
6981.2273,8.48576
6982.7869,8.4068423
6984.3467,8.2808658
6985.9067,8.3143663
6987.4668,8.149174
6989.0271,7.9447659
6990.5876,7.7246715
6992.1482,7.6954267
6993.709,7.5955937
6995.27,7.4016429
6996.8312,7.2939666
6998.3926,7.2830222
6999.9541,7.4315549
7001.5158,7.3578654
7003.0777,7.2763326
7004.6397,7.0771528
7006.2019,6.9276461
7007.7643,6.9454595
7009.3269,6.963273
7010.8896,7.0046158
7012.4525,6.9126252
7014.0156,6.8598502
7015.5789,6.9691667
7017.1423,6.9660649
7018.7059,6.9891067
7020.2697,6.8526714
7021.8337,6.8652557
7023.3978,6.8804542
7024.9621,6.9165678
7026.5266,6.9709819
7028.0913,6.8999058
7029.6561,6.8288297
7031.2211,6.7342241
7032.7863,6.637004
7034.3517,6.6600453
7035.9172,6.7353742
7037.4829,6.8368468
7039.0488,6.7657703
7040.6148,6.5430598
7042.181,6.4327675
7043.7474,6.5054817
7045.314,6.6749279
7046.8808,6.7737858
7048.4477,6.7210096
7050.0148,6.6420896
7051.582,6.5997709
7053.1495,6.5731384
7054.7171,6.6092509
7056.2849,6.6662784
7057.8529,6.7206914
7059.421,6.7437319
7060.9893,6.730171
7062.5578,6.5675904
7064.1265,6.3422647
7065.6953,6.2764161
7067.2643,6.2654693
7068.8335,6.1630193
7070.4029,6.0422685
7071.9724,6.1123674
7073.5421,6.25044
7075.112,6.260408
7076.6821,6.1475002
7078.2523,6.0293635
7079.8227,5.9007693
7081.3933,5.8636783
7082.964,5.9207048
7084.535,5.9019144
7086.1061,5.7916206
7087.6774,5.6551829
7089.2488,5.6912943
7090.8204,5.7457062
7092.3922,5.8942357
7093.9642,5.7996279
7095.5364,5.6684187
7097.1087,5.5528958
7098.6812,5.5968499
7100.2538,5.7375361
7101.8267,5.6324705
7103.3997,5.5117186
7104.9729,5.3726659
7106.5463,5.3434172
7108.1198,5.4396586
7109.6935,5.3555078
7111.2674,5.3837752
7112.8415,5.2368792
7114.4157,5.2154733
7115.9901,5.2568124
7117.5647,5.1805045
7119.1395,5.169556
7120.7144,5.0827904
7122.2895,5.087528
7123.8648,5.0713506
7125.4403,5.1074606
7127.0159,5.2272308
7128.5917,5.2188963
7130.1677,5.0014114
7131.7438,4.980005
7133.3202,5.031801
7134.8967,5.2117016
7136.4733,5.1406218
7138.0502,5.132287
7139.6272,5.137024
7141.2044,5.1156172
7142.7818,5.1569554
7144.3593,5.1747642
7145.9371,5.1455141
7147.515,5.1241071
7149.093,5.0530268
7150.6713,5.0839072
7152.2497,5.041585
7153.8283,4.994034
7155.407,5.030143
7156.986,4.9747488
7158.5651,4.9585701
7160.1444,4.897947
7161.7239,4.7745787
7163.3035,4.787158
7164.8833,4.7814367
7166.4633,4.8802904
7168.0435,4.8222814
7169.6238,4.672769
7171.2043,4.622603
7172.785,4.5410644
7174.3658,4.6556042
7175.9469,4.6838694
7177.5281,4.6964482
7179.1095,4.7508571
7180.691,4.771279
7182.2727,4.7289558
7183.8546,4.6160442
7185.4367,4.4926751
7187.019,4.583685
7188.6014,4.6590086
7190.184,4.7212603
7191.7668,4.6972373
7193.3497,4.5346523
7194.9328,4.5080148
7196.5161,4.5127499
7198.0996,4.5671582
7199.6833,4.5352918
7201.2671,4.5034254
7202.8511,4.5709054
7204.4352,4.677601
7206.0196,4.7110939
7207.6041,4.7105999
7209.1888,4.5767724
7210.7736,4.4324874
7212.3587,4.3352612
7213.9439,4.4053551
7215.5293,4.5930961
7217.1148,4.5847586
7218.7006,4.5528916
7220.2865,4.4974951
7221.8726,4.4028829
7223.4588,4.4546759
7225.0453,4.4149656
7226.6319,4.5059741
7228.2186,4.4009042
7229.8056,4.2383179
7231.3927,4.1698492
7232.98,4.119681
7234.5675,4.1897743
7236.1551,4.2990832
7237.743,4.3168887
7239.331,4.2614916
7240.9191,4.1276631
7242.5075,4.1376254
7244.096,4.2051039
7245.6847,4.1497066
7247.2736,4.1021524
7248.8626,3.9813955
7250.4518,3.9338411
7252.0412,3.8915155
7253.6308,3.864876
7255.2205,3.8931385
7256.8105,3.8560415
7258.4005,3.9339771
7259.9908,4.0380564
7261.5813,4.0427892
7263.1719,3.9821625
7264.7626,3.8352613
7266.3536,3.7798633
7267.9447,3.8577985
7269.5361,3.9801782
7271.1275,4.000597
7272.7192,3.9112118
7274.311,3.8087547
7275.903,3.868389
7277.4952,3.8495919
7279.0876,3.9301412
7280.6801,3.9897753
7282.2728,4.0180369
7283.8657,3.8946644
7285.4587,3.8078932
7287.0519,3.9381154
7288.6453,3.9977492
7290.2389,3.9867948
7291.8327,3.8477358
7293.4266,3.8733826
7295.0207,3.9748464
7296.615,4.0815388
7298.2094,4.1725449
7299.804,4.1563614
7301.3988,4.1715505
7302.9938,4.2756283
7304.5889,4.3038891
7306.1842,4.3138492
7307.7797,4.2767504
7309.3754,4.3729849
7310.9712,4.542422
7312.5672,4.6125125
7314.1634,4.7009037
7315.7598,4.6664191
7317.3563,4.553503
7318.953,4.4249005
7320.5499,4.3982588
7322.147,4.3951465
7323.7442,4.3005308
7325.3416,4.1980719
7326.9392,4.0773124
7328.5369,4.0558992
7330.1349,4.0135709
7331.733,4.0810464
7333.3312,4.0648618
7334.9297,4.1035791
7336.5283,4.160597
7338.1271,4.1653272
7339.7261,4.1412992
7341.3252,4.0100817
7342.9246,4.0540274
7344.524,3.938496
7346.1237,3.8778665
7347.7236,3.8773677
7349.3236,3.7905943
7350.9238,3.7717947
7352.5241,3.5516878
7354.1247,3.655764
7355.7254,3.8095132
7357.3263,3.9214324
7358.9273,3.9418482
7360.5286,3.8132443
7362.13,3.7316992
7363.7316,3.6449254
7365.3333,3.631354
7366.9353,3.7014428
7368.5374,3.630355
7370.1397,3.4573064
7371.7421,3.2973296
7373.3448,3.3282024
7374.9476,3.4636504
7376.5505,3.5964839
7378.1537,3.6953305
7379.757,3.6739155
7381.3605,3.5191672
7382.9642,3.2781443
7384.5681,3.1495396
7386.1721,3.08368
7387.7763,3.2112844
7389.3806,3.2630717
7390.9852,3.280872
7392.5899,3.2699142
7394.1948,3.2014399
7395.7999,3.1486519
7397.4051,3.0540337
7399.0105,3.0587619
7400.6161,3.1785227
7402.2219,3.1440351
7403.8278,3.2324232
7405.434,3.2737525
7407.0402,3.2444935
7408.6467,3.1655612
7410.2533,3.1441452
7411.8602,3.1880887
7413.4671,3.1745157
7415.0743,3.1243414
7416.6816,3.1029252
7418.2891,3.0605939
7419.8968,2.9842756
7421.5047,2.8870422
7423.1127,2.8708546
7424.7209,2.8703531
7426.3293,2.9195248
7427.9379,2.9320952
7429.5466,2.8636197
7431.1555,2.8631181
7432.7646,2.8861458
7434.3738,2.9091734
7435.9832,2.9034428
7437.5928,2.9029409
7439.2026,2.923354
7440.8126,2.8862507
7442.4227,2.8752912
7444.033,2.8774035
7445.6434,2.8716726
7447.2541,2.7692096
7448.8649,2.7138054
7450.4759,2.7106887
7452.0871,2.7807745
7453.6984,2.8639322
7455.3099,2.879116
7456.9216,2.813254
7458.5335,2.69249
7460.1455,2.6632292
7461.7577,2.5869095
7463.3701,2.5576486
7464.9827,2.5754465
7466.5954,2.6298456
7468.2083,2.6973165
7469.8214,2.7072711
7471.4346,2.6283367
7473.0481,2.672278
7474.6617,2.6508599
7476.2755,2.7889188
7477.8894,2.8067162
7479.5035,2.8218992
7481.1178,2.808324
7482.7323,2.7241604
7484.347,2.5903236
7485.9618,2.5218463
7487.5768,2.4978133
7489.192,2.5835842
7490.8073,2.6588975
7492.4228,2.653165
7494.0385,2.5951449
7495.6544,2.5815692
7497.2704,2.5418496
7498.8867,2.5805614
7500.503,2.5277698
7502.1196,2.5481808
7503.7364,2.5868923
7505.3533,2.5027281
7506.9704,2.4499363
7508.5876,2.449432
7510.2051,2.5901041
7511.8227,2.6628024
7513.4405,2.5237359
7515.0584,2.3794405
7516.6765,2.4312236
7518.2949,2.5457517
7519.9133,2.6289071
7521.532,2.5395135
7523.1508,2.5050219
7524.7698,2.4182425
7526.389,2.3837507
7528.0084,2.2943569
7529.6279,2.2441788
7531.2476,2.1913862
7532.8675,2.2353255
7534.4875,2.2688073
7536.1077,2.3101322
7537.7281,2.3645289
7539.3487,2.4163112
7540.9695,2.3870477
7542.5904,2.2558233
7544.2115,2.2605466
7545.8327,2.3201718
7547.4542,2.3484244
7549.0758,2.4028207
7550.6976,2.3735569
7552.3196,2.4384106
7553.9417,2.4039179
7555.564,2.382497
7557.1865,2.4185924
7558.8092,2.4442303
7560.432,2.4594105
7562.055,2.3124993
7563.6782,2.2048036
7565.3016,2.2696569
7566.9251,2.326667
7568.5488,2.2555725
7570.1727,2.0929747
7571.7967,2.0297232
7573.421,2.0083017
7575.0454,2.0757691
7576.6699,2.2242821
7578.2947,2.2969782
7579.9196,2.3017003
7581.5447,2.2306053
7583.17,2.253628
7584.7955,2.1773041
7586.4211,2.0722221
7588.0469,2.0612577
7589.6729,2.0816657
7591.299,2.138675
7592.9253,2.0571222
7594.5518,2.0749157
7596.1785,2.0482647
7597.8053,2.1261888
7599.4323,2.1648972
7601.0595,2.1487035
7602.6869,2.140353
7604.3144,2.0614141
7605.9422,2.1027367
7607.57,2.1649742
7609.1981,2.2245973
7610.8263,2.1639589
7612.4548,2.0144315
7614.0833,2.0191525
7615.7121,2.0918472
7617.341,2.1514701
7618.9701,2.1326614
7620.5994,2.1504541
7622.2289,2.2074624
7623.8585,2.1729673
7625.4883,2.0469689
7627.1183,1.9889444
7628.7484,1.9518348
7630.3788,1.9696271
7632.0093,1.9638899
7633.6399,2.0235122
7635.2708,2.0700625
7636.9018,2.0381814
7638.533,1.9304832
7640.1644,1.8515432
7641.7959,1.7830606
7643.4277,1.8557545
7645.0596,1.9702783
7646.6916,2.0089851
7648.3239,1.9666461
7649.9563,1.8380325
7651.5889,1.8375235
7653.2216,1.8291713
7654.8546,1.841734
7656.4877,1.8412248
7658.121,1.8250293
7659.7544,1.7565461
7661.3881,1.6985204
7663.0219,1.7529129
7664.6559,1.7628609
7666.29,1.856469
7667.9244,1.7906
7669.5589,1.8946655
7671.1936,1.8340251
7672.8284,1.8387441
7674.4634,1.7885611
7676.0986,1.7253061
7677.734,1.7326393
7679.3696,1.7373581
7681.0053,1.7133187
7682.6412,1.6657498
7684.2773,1.592037
7685.9135,1.6647295
7687.55,1.7217356
7689.1866,1.7395259
7690.8233,1.7886888
7692.4603,1.7437339
7694.0974,1.7902823
7695.7347,1.7557848
7697.3722,1.7422024
7699.0098,1.7207767
7700.6476,1.699351
7702.2856,1.7825004
7703.9238,1.7715321
7705.5621,1.7108906
7707.2006,1.6136476
7708.8393,1.5817641
7710.4782,1.5995538
7712.1172,1.5728989
7713.7564,1.5671591
7715.3958,1.5091316
7717.0354,1.4903197
7718.6751,1.5237953
7720.315,1.5154409
7721.9551,1.5541452
7723.5953,1.4490586
7725.2358,1.4903772
7726.8764,1.49248
7728.5172,1.5154978
7730.1581,1.528058
7731.7992,1.5223176
7733.4405,1.5636359
7735.082,1.4611633
7736.7237,1.4345076
7738.3655,1.4287669
7740.0075,1.44917
7741.6497,1.4852593
7743.292,1.3958583
7744.9345,1.4293331
7746.5772,1.3033307
7748.2201,1.3158903
7749.8631,1.3519793
7751.5063,1.3749964
7753.1497,1.4293859
7754.7933,1.3425989
7756.437,1.4309753
7758.081,1.3677176
7759.725,1.3855057
7761.3693,1.2464309
7763.0137,1.2276175
7764.6583,1.2061897
7766.3031,1.1690755
7767.9481,1.1633338
7769.5932,1.1157621
7771.2385,1.2276673
7772.884,1.2140824
7774.5297,1.2553993
7776.1755,1.2025986
7777.8215,1.1524121
7779.4677,1.2015721
7781.114,1.2298169
7782.7606,1.2842055
7784.4073,1.1503587
7786.0541,1.1132439
7787.7012,1.1624035
7789.3484,1.321367
7790.9958,1.3286965
7792.6434,1.2575946
7794.2911,1.1734206
7795.939,1.2095081
7797.5871,1.1880792
7799.2354,1.1405065
7800.8838,1.0589467
7802.5325,1.0715046
7804.1813,1.081448
7805.8302,1.0600188
7807.4794,1.0751909
7809.1287,1.0406897
7810.7782,1.0271035
7812.4278,1.0867198
7814.0777,1.0992773
7815.7277,1.1824229
7817.3779,1.082562
7819.0282,1.0872762
7820.6787,1.0187877
7822.3295,1.0784037
7823.9803,1.0961896
7825.6314,1.0355441
7827.2826,1.0088854
7828.934,1.0078476
7830.5856,1.0214503
7832.2374,1.0632882
7833.8893,1.0894398
7835.5414,1.1265718
7837.1937,1.1464487
7838.8461,1.152208
7840.4987,1.1720849
7842.1515,1.1543146
7843.8045,1.1867404
7845.4576,1.1548524
7847.111,1.1261016
7848.7645,1.1632331
7850.4181,1.1501684
7852.072,1.1637704
7853.726,1.2212939
7855.3802,1.2427389
7857.0345,1.2312427
7858.6891,1.2652366
7860.3438,1.2600148
7861.9987,1.1998909
7863.6537,1.1507474
7865.309,1.0937607
7866.9644,1.0838328
7868.62,1.039395
7870.2757,1.0749572
7871.9317,1.1246369
7873.5878,1.1507872
7875.2441,1.1675257
7876.9005,1.2077935
7878.5571,1.1711985
7880.2139,1.1471525
7881.8709,1.1733025
7883.5281,1.1445505
7885.1854,1.1440338
7886.8429,1.1827327
7888.5006,1.2010393
7890.1584,1.1973851
7891.8164,1.2141231
7893.4746,1.2402727
7895.133,1.2930889
7896.7916,1.3474738
7898.4503,1.3673487
7900.1092,1.3276158
7901.7682,1.2674906
7903.4275,1.2167772
7905.0869,1.1990049
7906.7465,1.217311
7908.4063,1.2842444
7910.0662,1.3621582
7911.7263,1.3663465
7913.3866,1.3642602
7915.0471,1.3668797
7916.7077,1.3883227
7918.3685,1.3611382
7920.0295,1.3919928
7921.6906,1.4150043
7923.352,1.3940941
7925.0135,1.3355368
7926.6752,1.3256069
7928.337,1.2639123
7929.999,1.1990804
7931.6613,1.1828758
7933.3236,1.188632
7934.9862,1.1520352
7936.6489,1.1562226
7938.3118,1.1870766
7939.9749,1.1708718
7941.6381,1.1530983
7943.3016,1.1902267
7944.9652,1.227355
7946.6289,1.1923265
7948.2929,1.1855331
7949.957,1.1850143
7951.6213,1.1609659
7953.2857,1.1149567
7954.9504,1.0987514
7956.6152,1.0621539
7958.2802,1.0302622
7959.9454,0.99993907
7961.6107,0.92569433
7963.2762,0.88909658
7964.9419,0.90896937
7966.6078,0.93041074
7968.2738,0.98479322
7969.94,1.050156
7971.6064,1.0715972
7973.273,1.1181364
7974.9397,1.1191854
7976.6066,1.0904303
7978.2737,1.0569693
7979.9409,1.1066456
7981.6084,1.1280864
7983.276,1.0648214
7984.9437,1.1082229
7986.6117,1.1845656
7988.2798,1.2044376
7989.9481,1.2462704
7991.6166,1.3382992
7993.2852,1.358171
7994.9541,1.3262782
7996.6231,1.3728166
7998.2922,1.3864138
7999.9616,1.4298148
8001.6311,1.4559609
8003.3008,1.5511266
8004.9707,1.5913902
8006.6407,1.5987127
8008.3109,1.6719174
8009.9813,1.7435534
8011.6519,1.7853855
8013.3226,1.8444724
8014.9935,2.0023827
8016.6646,2.1195087
8018.3359,2.2852621
8020.0073,2.5278782
8021.6789,2.6512786
8023.3507,2.7966397
8025.0227,2.9921968
8026.6948,3.1108911
8028.3671,3.3033108
8030.0396,3.6008286
8031.7122,3.8716796
8033.3851,4.3276286
8035.0581,4.7145579
8036.7312,5.0497225
8038.4046,5.4256713
8040.0781,5.8753456
8041.7518,6.1775688
8043.4257,6.5174391
8045.0997,6.8604465
8046.774,7.1595323
8048.4484,7.4099906
8050.1229,7.7749587
8051.7977,8.0740443
8053.4726,8.3135221
8055.1477,8.5890782
8056.823,8.7658108
8058.4984,8.7637197
8060.174,8.8165306
8061.8498,8.8709101
8063.5258,8.8797992
8065.2019,8.8463354
8066.8782,8.7799304
8068.5547,8.7935253
8070.2314,8.7224143
8071.9082,8.7077738
8073.5852,8.664898
8075.2624,8.5671201
8076.9398,8.2967932
8078.6173,8.0923486
8080.295,7.975747
8081.9729,7.7854199
8083.6509,7.5699947
8085.3292,7.3859421
8087.0076,7.186203
8088.6861,6.8750914
8090.3649,6.6063327
8092.0438,6.4112994
8093.7229,6.2397954
8095.4022,6.0573111
8097.0816,5.7571796
8098.7613,5.4852833
8100.4411,5.3075046
8102.121,5.1705102
8103.8012,4.9519471
8105.4815,4.8118154
8107.162,4.6826639
8108.8426,4.3919438
8110.5235,4.1498511
8112.2045,4.0630524
8113.8857,3.9276263
8115.5671,3.7922001
8117.2486,3.7571659
8118.9303,3.7017396
8120.6122,3.5835681
8122.2943,3.5046123
8123.9765,3.4319309
8125.6589,3.3153279
8127.3415,3.2849993
8129.0242,3.215455
8130.7072,3.1161068
8132.3903,3.06068
8134.0736,3.0413316
8135.757,2.9231597
8137.4406,2.8771445
8139.1245,2.8468156
8140.8084,2.8415846
8142.4926,2.7830203
8144.1769,2.7809265
8145.8614,2.734911
8147.5461,2.6967387
8149.2309,2.6475859
8150.9159,2.615688
8152.6011,2.5477115
8154.2865,2.5252252
8155.9721,2.4839154
8157.6578,2.4582917
8159.3437,2.4232563
8161.0297,2.3992011
8162.716,2.3139695
8164.4024,2.2679534
8166.089,2.248604
8167.7758,2.2355291
8169.4627,2.2318658
8171.1498,2.2862417
8172.8371,2.2794411
8174.5245,2.2130326
8176.2122,2.2078005
8177.9,2.1570782
8179.588,2.1047872
8181.2761,2.0775941
8182.9645,2.050401
8184.653,2.0216392
8186.3417,2.0383676
8188.0305,2.0896057
8189.7195,2.1408438
8191.4087,2.2281602
8193.0981,2.2668492
8194.7877,2.2835773
8196.4774,2.2203053
8198.1673,2.2527196
8199.8574,2.2270945
8201.5476,2.2532342
8203.238,2.2589816
8204.9286,2.2757094
8206.6194,2.2328293
8208.3103,2.2542628
8210.0015,2.2678532
8211.6928,2.2971297
8213.3842,2.4252298
8215.0759,2.4607807
8216.7677,2.4963317
8218.4597,2.5538433
8220.1518,2.5407667
8221.8442,2.4869057
8223.5367,2.4659858
8225.2294,2.4121247
8226.9222,2.3927733
8228.6153,2.4032258
8230.3085,2.4199527
8232.0019,2.410013
8233.6954,2.4110535
8235.3891,2.3650352
8237.0831,2.3048992
8238.7771,2.2620181
8240.4714,2.2567839
8242.1658,2.2013536
8243.8604,2.2008252
8245.5552,2.1720615
8247.2501,2.104082
8248.9453,2.0753182
8250.6406,2.0512602
8252.336,1.9817119
8254.0317,1.9733401
8255.7275,1.9367329
8257.4235,1.9126747
8259.1197,1.9341066
8260.816,1.8692639
8262.5125,1.8169702
8264.2092,1.7521275
8265.9061,1.728069
8267.6031,1.6114614
8269.3004,1.577991
8270.9978,1.593148
8272.6953,1.5251678
8274.3931,1.4634619
8276.091,1.4943051
8277.7891,1.4765207
8279.4873,1.3897167
8281.1857,1.4393832
8282.8844,1.4639516
8284.5831,1.4053827
8286.2821,1.3797549
8287.9812,1.3854996
8289.6805,1.3473227
8291.38,1.3091457
8293.0797,1.3133217
8294.7795,1.2892622
8296.4795,1.3624577
8298.1797,1.3587903
8299.88,1.3362993
8301.5806,1.353024
8303.2813,1.3603369
8304.9821,1.2562771
8306.6832,1.191433
8308.3844,1.184628
8310.0858,1.1370387
8311.7874,1.0737631
8313.4891,1.0842128
8315.191,1.1417214
8316.8931,1.1709946
8318.5954,1.1657579
8320.2978,1.224835
8322.0004,1.2337158
8323.7032,1.1829888
8325.4062,1.1557912
8327.1093,1.1756523
8328.8126,1.1813957
8330.5161,1.1604724
8332.2198,1.274451
8333.9236,1.2707825
8335.6276,1.2153492
8337.3318,1.2414845
8339.0362,1.2425217
8340.7407,1.2215981
8342.4454,1.2524391
8344.1503,1.2785742
8345.8553,1.284317
8347.5606,1.3026089
8349.266,1.2863908
8350.9715,1.2576237
8352.6773,1.277484
8354.3832,1.2644031
8356.0893,1.2356358
8357.7956,1.3182411
8359.502,1.3663364
8361.2087,1.379922
8362.9155,1.4515466
8364.6224,1.4682693
8366.3296,1.4645998
8368.0369,1.4421066
8369.7444,1.4431429
8371.4521,1.4708457
8373.1599,1.5016857
8374.8679,1.5011532
8376.5761,1.5382676
8378.2845,1.6083232
8379.993,1.6532806
8381.7017,1.7468655
8383.4106,1.7337836
8385.1197,1.7944272
8386.8289,1.8268355
8388.5383,1.7682632
8390.2479,1.7583184
8391.9576,1.8001383
8393.6676,1.841958
8395.3777,1.9355425
8397.088,2.0354014
8398.7984,2.1274171
8400.509,2.2210013
8402.2198,2.3177228
8403.9308,2.4034638
8405.642,2.4499891
8407.3533,2.5137692
8409.0648,2.5650003
8410.7765,2.5409372
8412.4883,2.5858936
8414.2003,2.6920264
8415.9125,2.7714926
8417.6249,2.8384096
8419.3374,2.9680717
8421.0502,3.1181259
8422.7631,3.1991605
8424.4761,3.3194107
8426.1894,3.4945627
8427.9028,3.7026559
8429.6164,3.7852589
8431.3301,3.93845
8433.0441,4.1073274
8434.7582,4.1648321
8436.4725,4.1846898
8438.1869,4.3410179
8439.9016,4.4408755
8441.6164,4.5172035
8443.3314,4.6531394
8445.0465,4.7514281
8446.7618,4.7383443
8448.4773,4.7299662
8450.193,4.7341371
8451.9089,4.7571316
8453.6249,4.7330671
8455.3411,4.6713555
8457.0575,4.6284674
8458.774,4.5996969
8460.4908,4.5160243
8462.2077,4.4449008
8463.9247,4.4537771
8465.642,4.4312809
8467.3594,4.3350591
8469.077,4.2576608
8470.7948,4.0735958
8472.5127,3.960119
8474.2308,3.8607597
8475.9491,3.8194397
8477.6676,3.7577274
8479.3862,3.721113
8481.105,3.620185
8482.824,3.4769039
8484.5432,3.3351914
8486.2625,3.1479886
8487.982,3.0643152
8489.7017,2.9053476
8491.4216,2.7604976
8493.1416,2.5764319
8494.8618,2.5131505
8496.5822,2.4922219
8498.3028,2.4179599
8500.0235,2.4236979
8501.7444,2.3541417
8503.4655,2.2877227
8505.1867,2.2181664
8506.9082,2.1517473
8508.6298,2.0759164
8510.3515,2.0142031
8512.0735,1.8991564
8513.7956,1.7888155
8515.5179,1.764749
8517.2404,1.7422512
8518.963,1.8075964
8520.6859,1.816471
8522.4089,1.8347573
8524.132,1.8232396
8525.8554,1.727016
8527.5789,1.6637335
8529.3026,1.5879019
8531.0264,1.5308938
8532.7505,1.4378072
8534.4747,1.4262892
8536.1991,1.4257516
8537.9236,1.4675668
8539.6484,1.4811466
8541.3733,1.501001
8543.0984,1.5334043
8544.8236,1.5030624
8546.5491,1.4444852
8548.2747,1.3749275
8550.0005,1.3602718
8551.7264,1.3283611
8553.4526,1.2839013
8555.1789,1.2723826
8556.9053,1.2922365
8558.632,1.2744432
8560.3588,1.277042
8562.0858,1.3298369
8563.813,1.381063
8565.5403,1.356995
8567.2679,1.3015544
8568.9956,1.236702
8570.7234,1.1749868
8572.4515,1.1117029
8574.1797,1.1268503
8575.9081,1.1451349
8577.6367,1.1587135
8579.3654,1.1283706
8581.0943,1.1356747
8582.8234,1.1131747
8584.5527,1.0875375
8586.2821,1.0822924
8588.0117,1.1162629
8589.7415,1.0937627
8591.4715,1.0838116
8593.2016,1.0942525
8594.9319,1.0890071
8596.6624,1.0602322
8598.3931,1.0675357
8600.1239,1.0607216
8601.8549,1.0554759
8603.5861,1.0533675
8605.3175,1.0434159
8607.049,1.042876
8608.7807,0.9984145
8610.5126,0.99473724
8612.2446,0.99262856
8613.9769,0.9779708
8615.7093,0.98370514
8617.4418,0.96591001
8619.1746,0.97321287
8620.9075,0.94286862
8622.6406,0.92036745
8624.3739,0.93708191
8626.1073,0.91144338
8627.841,0.91404009
8629.5748,0.90251909
8631.3087,0.86276275
8633.0429,0.757124
8634.7772,0.78011264
8636.5117,0.75447378
8638.2463,0.71942311
8639.9812,0.75652924
8641.7162,0.76540002
8643.4514,0.71936879
8645.1867,0.68274926
8646.9223,0.68220812
8648.658,0.69892182
8650.3939,0.69053743
8652.1299,0.68999612
8653.8662,0.69416064
8655.6026,0.64028589
8657.3392,0.61464638
8659.0759,0.59057544
8660.8129,0.59630837
8662.55,0.59106085
8664.2872,0.62816622
8666.0247,0.62291859
8667.7623,0.6223768
8669.5001,0.63281534
8671.2381,0.61188127
8672.9762,0.57839814
8674.7146,0.56060122
8676.4531,0.58829445
8678.1917,0.58932095
8679.9306,0.6076023
8681.6696,0.59921693
8683.4088,0.57357661
8685.1482,0.49146564
8686.8877,0.45484481
8688.6274,0.43704746
8690.3673,0.39728927
8692.1074,0.38106044
8693.8476,0.38992959
8695.588,0.36428888
8697.3286,0.32766773
8699.0694,0.32241907
8700.8103,0.30932723
8702.5514,0.29937258
8704.2927,0.33177082
8706.0342,0.33907096
8707.7758,0.35107693
8709.5176,0.35523971
8711.2596,0.36410832
8713.0018,0.32748668
8714.7441,0.27831597
8716.4866,0.28404716
8718.2293,0.24742535
8719.9721,0.25786232
8721.7152,0.25418158
8723.4584,0.23167726
8725.2017,0.22172191
8726.9453,0.25098219
8728.689,0.23632084
8730.4329,0.19969866
8732.177,0.20072348
8733.9212,0.2048855
8735.6656,0.17610629
8737.4102,0.12379761
8739.155,0.14050849
8740.8999,0.17290559
8742.6451,0.1864791
8744.3904,0.25652315
8746.1358,0.29990048
8747.8815,0.28210128
8749.6273,0.30351771
8751.3733,0.24493409
8753.1194,0.17850728
8754.8658,0.16384512
8756.6123,0.14761428
8758.359,0.1266775
8760.1058,0.12142694
8761.8529,0.14441162
8763.6001,0.15170997
8765.3474,0.16842004
8767.095,0.10513005
8768.8427,0.15948706
8770.5906,0.11502049
8772.3387,0.050161707
8774.087,0.088832283
8775.8354,0.11181653
8777.584,0.086173271
8779.3328,0.12170643
8781.0817,0.14312189
8782.8308,0.11590984
8784.5801,0.12477616
8786.3296,0.12423067
8788.0793,0.046822383
8789.8291,0.047845411
8791.5791,0.03318211
8793.3292,-0.014422421
8795.0796,-0.04790936
8796.8301,-0.037474785
8798.5808,-0.019197126
8800.3317,-0.0071940319
8802.0827,0.051867832
8803.8339,0.074851209
8805.5853,0.071167866
8807.3369,0.040817802
8809.0886,0.068506899
8810.8405,0.025607707
8812.5926,0.0046692446
8814.3449,0.033926806
8816.0973,0.0035764706
8817.8499,-0.030204395
8819.6027,-0.0043771899
8821.3556,0.043411028
8823.1088,0.062964181
8824.8621,0.073105797
8826.6155,0.065992739
8828.3692,0.035350498
8830.123,-0.031369946
8831.877,-0.082403887
8833.6312,-0.045594463
8835.3855,-0.071529908
8837.1401,-0.056680811
8838.8948,-0.049674623
8840.6496,-0.044236834
8842.4047,-0.010563523
8844.1599,-0.055321356
8845.9153,-0.057726019
8847.6709,-0.03189516
8849.4266,-0.078220936
8851.1825,-0.11827197
8852.9386,-0.046950233
8854.6949,-0.032098852
8856.4513,-0.0046982239
8858.2079,0.04309479
8859.9647,0.04853509
8861.7217,0.068093266
8863.4788,0.073534024
8865.2361,0.11662207
8866.9936,0.18480838
8868.7513,0.21377923
8870.5091,0.21765228
8872.2671,0.24976084
8874.0253,0.23481081
8875.7837,0.25123356
8877.5422,0.26451928
8879.3009,0.28564837
8881.0598,0.29893455
8882.8188,0.28398566
8884.578,0.27844877
8886.3374,0.33722583
8888.097,0.40384625
8889.8568,0.46889828
8891.6167,0.55120543
8893.3768,0.57704223
8895.1371,0.58876161
8896.8975,0.59263808
8898.6581,0.58867164
8900.4189,0.58156817
8902.1799,0.64348454
8903.941,0.64579329
8905.7024,0.68104345
8907.4638,0.74452913
8909.2255,0.77350524
8910.9873,0.75385412
8912.7494,0.82675225
8914.5116,0.79925846
8916.2739,0.78274528
8918.0364,0.85721273
8919.7992,0.91128824
8921.562,0.94497183
8923.3251,1.0100282
8925.0883,1.0719475
8926.8517,1.0868083
8928.6153,1.1079438
8930.3791,1.1133932
8932.143,1.1204115
8933.9071,1.114881
8935.6714,1.1062135
8937.4358,1.1085265
8939.2005,1.1155457
8940.9653,1.2104083
8942.7302,1.2315456
8944.4954,1.2824871
8946.2607,1.3208798
8948.0262,1.3420177
8949.7919,1.3396266
8951.5577,1.3278238
8953.3238,1.3238645
8955.0899,1.2979445
8956.8563,1.2782994
8958.6229,1.2319877
8960.3896,1.2484215
8962.1565,1.2585809
8963.9235,1.2593288
8965.6908,1.2914494
8967.4582,1.2859233
8969.2258,1.2976523
8970.9935,1.3062442
8972.7615,1.3367971
8974.5296,1.339115
8976.2979,1.3430018
8978.0663,1.3515946
8979.835,1.2692073
8981.6038,1.2323104
8983.3727,1.2361981
8985.1419,1.2040076
8986.9112,1.1435819
8988.6807,1.1411958
8990.4504,1.1325353
8992.2203,1.1207379
8993.9903,1.1685485
8995.7605,1.2540063
8997.5309,1.2735821
8999.3014,1.2257071
9001.0721,1.2107735
9002.843,1.1676049
9004.6141,1.0726717
9006.3853,1.1016604
9008.1568,1.2169238
9009.9284,1.308658
9011.7001,1.3345101
9013.4721,1.3823232
9015.2442,1.3658228
9017.0165,1.3571658
9018.7889,1.2983129
9020.5616,1.3414211
9022.3344,1.4143334
9024.1074,1.4668537
9025.8805,1.5068253
9027.6539,1.4981696
9029.4274,1.4926515
9031.2011,1.4761531
9032.9749,1.5035766
9034.749,1.5466866
9036.5232,1.6086203
9038.2976,1.6031033
9040.0721,1.6399394
9041.8468,1.654815
9043.6217,1.6634163
9045.3968,1.6422139
9047.1721,1.624149
9048.9475,1.620202
9050.7231,1.5440983
9052.4989,1.5134851
9054.2748,1.4828721
9056.0509,1.4836318
9057.8272,1.4106663
9059.6037,1.3659363
9061.3804,1.2866968
9063.1572,1.2874575
9064.9342,1.197238
9066.7113,1.1744697
9068.4887,1.1815056
9070.2662,1.1556005
9072.0439,1.0653819
9073.8218,1.0598695
9075.5998,1.0355337
9077.378,1.0111982
9079.1564,0.93039229
9080.935,0.86841016
9082.7137,0.91152629
9084.4926,0.86993677
9086.2717,0.79854355
9088.0509,0.78675841
9089.8304,0.79693427
9091.61,0.76632606
9093.3898,0.72630631
9095.1697,0.73962011
9096.9498,0.76234592
9098.7302,0.76624842
9100.5106,0.70270016
9102.2913,0.69091685
9104.0721,0.67913376
9105.8531,0.61872345
9107.6343,0.64301925
9109.4156,0.72221723
9111.1972,0.77788604
9112.9788,0.77394723
9114.7607,0.77942041
9116.5428,0.77861931
9118.325,0.76213217
9120.1074,0.73937074
9121.8899,0.77308014
9123.6727,0.82247603
9125.4556,0.81226431
9127.2387,0.74715085
9129.022,0.78556704
9130.8054,0.78947365
9132.589,0.79808637
9134.3728,0.84434638
9136.1568,0.84041054
9137.9409,0.84118081
9139.7252,0.84822582
9141.5097,0.82546713
9143.2943,0.8215322
9145.0792,0.84740143
9146.8642,0.82934931
9148.6494,0.85521899
9150.4347,0.87952027
9152.2202,0.86774334
9154.006,0.91243724
9155.7918,0.90066077
9157.5779,0.90770806
9159.3641,0.93514774
9161.1505,0.9374896
9162.9371,0.95081209
9164.7238,0.9468799
9166.5108,0.97432049
9168.2979,0.96254562
9170.0851,0.93037883
9171.8726,0.91389853
9173.6602,0.91781062
9175.448,0.8621151
9177.2359,0.82838059
9179.0241,0.91386199
9180.8124,0.92561814
9182.6009,0.97031568
9184.3896,0.9946213
9186.1784,1.0644173
9187.9674,1.0824489
9189.7566,1.0408729
9191.546,1.0432186
9193.3355,1.0628195
9195.1252,1.0557539
9196.9151,1.0800611
9198.7051,1.1749568
9200.4954,1.2337743
9202.2858,1.292592
9204.0764,1.2808217
9205.8671,1.2878752
9207.658,1.2839485
9209.4492,1.2706102
9211.2404,1.2431545
9213.0319,1.325503
9214.8235,1.3105968
9216.6153,1.3380438
9218.4073,1.3749028
9220.1994,1.4368601
9221.9918,1.4376411
9223.7842,1.4682262
9225.5769,1.5395959
9227.3698,1.6297894
9229.1628,1.7152771
9230.956,1.7537064
9232.7493,1.7984103
9234.5429,1.8682125
9236.3366,1.8674267
9238.1305,1.8399745
9239.9246,1.9427185
9241.7188,2.0438942
9243.5132,2.0917368
9245.3078,2.2101678
9247.1026,2.3631089
9248.8975,2.4642854
9250.6926,2.5419328
9252.4879,2.6556589
9254.2833,2.7144832
9256.079,2.726249
9257.8748,2.7380149
9259.6708,2.8235066
9261.4669,2.8446848
9263.2632,2.8862554
9265.0597,3.0015516
9266.8564,3.1168482
9268.6533,3.2086155
9270.4503,3.237638
9272.2475,3.3717587
9274.0449,3.4650953
9275.8424,3.5035302
9277.6401,3.4996124
9279.438,3.5066753
9281.2361,3.4274638
9283.0344,3.3733506
9284.8328,3.3333553
9286.6314,3.2557131
9288.4301,3.3270908
9290.2291,3.3435668
9292.0282,3.3192586
9293.8275,3.3278919
9295.6269,3.3318195
9297.4266,3.2541787
9299.2264,3.1686951
9301.0264,3.1145841
9302.8265,3.0620421
9304.6269,2.981265
9306.4274,2.9695077
9308.2281,2.9624565
9310.0289,2.9271703
9311.83,2.9028647
9313.6312,2.887971
9315.4325,2.8197443
9317.2341,2.7672041
9319.0358,2.6346641
9320.8377,2.4927125
9322.6398,2.3507612
9324.4421,2.2088101
9326.2445,2.1076436
9328.0471,2.0519675
9329.8499,1.9900171
9331.6528,2.0127728
9333.4559,1.9539601
9335.2592,1.948481
9337.0627,1.8818256
9338.8663,1.8559548
9340.6702,1.7861627
9342.4742,1.7540178
9344.2783,1.63403
9346.0827,1.5658071
9347.8872,1.5383688
9349.6919,1.4999504
9351.4967,1.44114
9353.3018,1.4544867
9355.107,1.4411669
9356.9124,1.3400043
9358.7179,1.284332
9360.5237,1.271013
9362.3296,1.2137726
9364.1357,1.1737873
9365.9419,1.1965473
9367.7483,1.1769547
9369.555,1.1338328
9371.3617,1.1487504
9373.1687,1.1573938
9374.9758,1.1095667
9376.7831,1.1323281
9378.5906,1.1394035
9380.3982,1.0664791
9382.2061,1.0092412
9384.0141,1.0021997
9385.8222,0.9951583
9387.6306,0.98968581
9389.4391,0.97480177
9391.2478,1.0210944
9393.0567,1.0218971
9394.8657,0.98191574
9396.6749,0.96232673
9398.4843,0.96626737
9400.2939,0.97334549
9402.1036,0.93336501
9403.9136,0.93260045
9405.7236,0.9083067
9407.5339,0.86675828
9409.3444,0.84403362
9411.155,0.88876017
9412.9658,0.86289871
9414.7767,0.86841003
9416.5878,0.91470589
9418.3992,0.92178629
9420.2106,0.87553359
9422.0223,0.86065366
9423.8341,0.88342102
9425.6461,0.84501214
9427.4583,0.86934859
9429.2707,0.87486173
9431.0832,0.8631202
9432.8959,0.85922204
9434.7088,0.86002999
9436.5218,0.84672052
9438.335,0.83811716
9440.1484,0.85304344
9441.962,0.86169543
9443.7758,0.88446531
9445.5897,0.86645109
9447.4038,0.88137829
9449.2181,0.83199198
9451.0325,0.80613532
9452.8471,0.79753379
9454.6619,0.79520699
9456.4769,0.80072356
9458.292,0.8313384
9460.1073,0.82901229
9461.9228,0.81100013
9463.7385,0.78043918
9465.5543,0.76870199
9467.3703,0.77421993
9469.1865,0.76091457
9471.0029,0.76329571
9472.8194,0.75312806
9474.6361,0.80884299
9476.453,0.80965619
9478.2701,0.84497943
9480.0873,0.83638132
9481.9047,0.83562657
9483.7223,0.78467598
9485.54,0.75254915
9487.358,0.73610881
9489.1761,0.72437459
9490.9943,0.72832687
9492.8128,0.71816174
9494.6314,0.75662428
9496.4502,0.7182243
9498.2692,0.72845201
9500.0883,0.75122896
9501.9077,0.72224143
9503.7272,0.71835218
9505.5468,0.73956119
9507.3667,0.72626062
9509.1867,0.66433283
9511.0069,0.66201312
9512.8273,0.62675245
9514.6478,0.61031554
9516.4685,0.6299573
9518.2894,0.66685418
9520.1105,0.70688854
9521.9317,0.73908
9523.7531,0.75244816
9525.5747,0.75954203
9527.3965,0.78702829
9529.2184,0.78314223
9531.0405,0.76357013
9532.8628,0.75811589
9534.6852,0.74011287
9536.5079,0.70799243
9538.3307,0.65391143
9540.1537,0.65159537
9541.9768,0.62104424
9543.8001,0.65951295
9545.6236,0.65562894
9547.4473,0.67841183
9549.2712,0.6870773
9551.0952,0.65182143
9552.9194,0.57421285
9554.7438,0.58444763
9556.5683,0.55389833
9558.393,0.5484473
9560.2179,0.60887884
9562.043,0.6285263
9563.8682,0.61052694
9565.6937,0.60507681
9567.5193,0.67805829
9569.345,0.69613804
9571.171,0.70951213
9572.9971,0.72759234
9574.8234,0.73782963
9576.6498,0.6821848
9578.4765,0.68457942
9580.3033,0.65717034
9582.1303,0.64231051
9583.9574,0.66666659
9585.7848,0.64239545
9587.6123,0.61655592
9589.44,0.63777543
9591.2678,0.59938733
9593.0958,0.60648965
9594.924,0.64025887
9596.7524,0.62853812
9598.581,0.66858231
9600.4097,0.71646986
9602.2386,0.7047498
9604.0677,0.66322604
9605.8969,0.6609182
9607.7264,0.60370862
9609.556,0.57944045
9611.3857,0.58811369
9613.2157,0.62031656
9615.0458,0.65722555
9616.8761,0.68315437
9618.7066,0.74202459
9620.5372,0.70834603
9622.368,0.67937358
9624.199,0.67236213
9626.0302,0.67162543
9627.8615,0.66932033
9629.693,0.73132918
9631.5247,0.7556912
9633.3566,0.71260247
9635.1886,0.69304338
9637.0208,0.61858256
9638.8532,0.57706314
9640.6858,0.58260277
9642.5185,0.5975544
9644.3514,0.61564351
9646.1845,0.61804657
9648.0178,0.65339104
9649.8512,0.6981475
9651.6848,0.75859046
9653.5186,0.77824934
9655.3525,0.80261433
9657.1867,0.795607
9659.021,0.73526657
9660.8554,0.68433812
9662.6901,0.67105697
9664.5249,0.67346231
9666.3599,0.66331887
9668.1951,0.68297958
9670.0304,0.68695424
9671.866,0.70975265
9673.7017,0.74823757
9675.5375,0.74907566
9677.3736,0.70285516
9679.2098,0.731929
9681.0462,0.72021875
9682.8827,0.72733227
9684.7195,0.74385777
9686.5564,0.78391292
9688.3935,0.80043888
9690.2307,0.82637684
9692.0682,0.87113855
9693.9058,0.8704103
9695.7436,0.92615286
9697.5815,0.967778
9699.4197,0.9764622
9701.258,1.0024015
9703.0965,1.1067724
9704.9351,1.1264377
9706.774,1.1257111
9708.613,1.1736121
9710.4521,1.2419055
9712.2915,1.2725521
9714.131,1.3000616
9715.9707,1.3981596
9717.8106,1.4523363
9719.6506,1.4594544
9721.4909,1.4759845
9723.3313,1.5019265
9725.1718,1.5310061
9727.0126,1.5177329
9728.8535,1.4856365
9730.6946,1.5539324
9732.5359,1.6018364
9734.3773,1.5415053
9736.2189,1.6286254
9738.0607,1.6247654
9739.9027,1.564435
9741.7448,1.5731245
9743.5872,1.6053436
9745.4296,1.5983472
9747.2723,1.6242922
9749.1151,1.6408257
9750.9582,1.6746143
9752.8013,1.637815
9754.6447,1.6182707
9756.4882,1.5704914
9758.3319,1.549379
9760.1758,1.573757
9762.0199,1.6122529
9763.8641,1.5487882
9765.7085,1.5543434
9767.5531,1.508134
9769.3978,1.3646701
9771.2428,1.3357161
9773.0879,1.3851937
9774.9331,1.3923187
9776.7786,1.3382674
9778.6242,1.3563731
9780.47,1.2929105
9782.316,1.2027815
9784.1621,1.2208879
9786.0085,1.2280142
9787.855,1.2225917
9789.7016,1.2030518
9791.5485,1.2023357
9793.3955,1.1435805
9795.2427,1.0785511
9797.09,1.0417572
9798.9376,1.0473165
9800.7853,1.0073858
9802.6332,1.0160828
9804.4813,1.0153682
9806.3295,0.99426174
9808.1779,1.0013908
9810.0265,0.98812789
9811.8752,0.96702209
9813.7242,1.0086616
9815.5733,0.98128177
9817.4226,0.91468646
9819.272,0.90456197
9821.1217,0.92110438
9822.9715,0.91725485
9824.8214,0.92595458
9826.6716,0.93465453
9828.5219,0.91041353
9830.3724,0.85793747
9832.2231,0.80389301
9834.0739,0.7969076
9835.925,0.83070673
9837.7762,0.82842766
9839.6275,0.83556058
9841.4791,0.84896824
9843.3308,0.85296437
9845.1827,0.84127445
9847.0348,0.83115338
9848.887,0.82260117
9850.7394,0.8030688
9852.592,0.78510528
9854.4448,0.76243611
9856.2977,0.79937501
9858.1508,0.79082394
9860.0041,0.77129271
9861.8576,0.78784014
9863.7112,0.80438779
9865.565,0.84603371
9867.419,0.83905242
9869.2732,0.86814978
9871.1275,0.81097286
9872.982,0.75693342
9874.8367,0.74367852
9876.6916,0.7617964
9878.5466,0.78932628
9880.4018,0.86391521
9882.2572,0.94321024
9884.1127,0.92211335
9885.9685,0.89474218
9887.8244,0.94109673
9889.6804,0.91215738
9891.5367,0.86125748
9893.3931,0.90761272
9895.2497,0.91788974
9897.1065,0.88110818
9898.9634,0.88667978
9900.8205,0.88754573
9902.6778,0.84605896
9904.5353,0.83123909
9906.393,0.78034102
9908.2508,0.73571769
9910.1088,0.76795733
9911.9669,0.74215798
9913.8253,0.76812357
9915.6838,0.84271683
9917.5425,0.84985934
9919.4013,0.77700209
9921.2604,0.79041957
9923.1196,0.74109218
9924.979,0.66666698
9926.8385,0.69263416
9928.6983,0.69036628
9930.5582,0.61751039
9932.4182,0.6230861
9934.2785,0.62866205
9936.1389,0.60757155
9937.9995,0.62412834
9939.8603,0.66421477
9941.7213,0.67763476
9943.5824,0.67380008
9945.4437,0.69976955
9947.3052,0.66456277
9949.1668,0.64974838
9951.0286,0.63964011
9952.8906,0.62168892
9954.7528,0.66020855
9956.6152,0.72539507
9958.4777,0.6917583
9960.3404,0.68165116
9962.2032,0.72487759
9964.0663,0.64731993
9965.9295,0.61054681
9967.7929,0.63808764
9969.6565,0.62798165
9971.5202,0.57238569
9973.3841,0.54502525
9975.2482,0.54119445
9977.1125,0.51540309
9978.9769,0.48647471
9980.8415,0.44656616
9982.7063,0.42705
9984.5713,0.40753407
9986.4364,0.38644974
9988.3017,0.39830681
9990.1672,0.43369352
9992.0328,0.44084517
9993.8987,0.45740881
9995.7647,0.45985503
9997.6308,0.44818384
9999.4972,0.47572855
10001.364,0.54719507
10003.23,0.53709319
10005.097,0.54424643
10006.964,0.59218422
10008.832,0.50365165
10010.699,0.45747225
10012.567,0.45678327
10014.434,0.3808004
10016.302,0.3471707
10018.17,0.38883535
10020.039,0.38971591
10021.907,0.36706729
10023.776,0.45892871
10025.644,0.47863348
10027.513,0.50775025
10029.383,0.46784764
10031.252,0.52520017
10033.121,0.49157252
10034.991,0.44853334
10036.861,0.43216106
10038.731,0.43618116
10040.601,0.38216228
10042.471,0.36892793
10044.342,0.38079186
10046.213,0.3691266
10048.084,0.34020666
10049.955,0.37873794
10051.826,0.3921714
10053.697,0.35540902
10055.569,0.39550961
10057.441,0.38541434
10059.312,0.38159382
10061.185,0.4107147
10063.057,0.45865934
10064.929,0.43444734
10066.802,0.45415714
10068.675,0.41112208
10070.548,0.40887155
10072.421,0.3925036
10074.294,0.39025353
10076.168,0.37545467
10078.041,0.36849918
10079.915,0.34899489
10081.789,0.33733397
10083.663,0.29900661
10085.538,0.28891477
10087.412,0.30078395
10089.287,0.326771
10091.162,0.34177789
10093.037,0.34580461
10094.912,0.3576747
10096.788,0.33189796
10098.663,0.29827831
10100.539,0.25524712
10102.415,0.23574558
10104.291,0.28840112
10106.167,0.28929219
10108.044,0.29018348
10109.92,0.28166324
10111.797,0.27000598
10113.674,0.25521168
10115.551,0.25767252
10117.429,0.28836888
10119.306,0.29396742
10121.184,0.32466424
10123.062,0.31143972
10124.94,0.29664679
10126.818,0.27557959
10128.696,0.29529692
10130.575,0.29932821
10132.453,0.2955166
10134.332,0.30739148
10136.211,0.30358032
10138.091,0.28094586
10139.97,0.27242927
10141.85,0.22940311
10143.729,0.19265168
10145.609,0.16060637
10147.489,0.1411103
10149.37,0.11847721
10151.25,0.13662866
10153.131,0.13752543
10155.012,0.12273616
10156.893,0.15500595
10158.774,0.14178576
10160.655,0.13640894
10162.537,0.14514999
10164.418,0.15232265
10166.3,0.16263279
10168.182,0.20588433
10170.064,0.20678316
10171.947,0.22964301
10173.829,0.19446386
10175.712,0.15301044
10177.595,0.12724352
10179.478,0.10775133
10181.361,0.11649467
10183.245,0.15347353
10185.128,0.16378595
10187.012,0.185079
10188.896,0.21107815
10190.78,0.1664893
10192.664,0.16425361
10194.549,0.17770443
10196.434,0.17860646
10198.318,0.16068519
10200.203,0.13648963
10202.089,0.15935313
10203.974,0.12574627
10205.859,0.12351218
10207.745,0.12441558
10209.631,0.1535545
10211.517,0.13249757
10213.403,0.14281342
10215.29,0.12175695
10217.176,0.12266149
10219.063,0.11101724
10220.95,0.057020273
10222.837,0.089298046
10224.724,0.10432115
10226.612,0.086403299
10228.499,0.099858229
10230.387,0.17292123
10232.275,0.11578838
10234.163,0.072773407
10236.051,0.07995474
10237.94,0.044783361
10239.828,0.0080435818
10241.717,0.054441286
10243.606,0.071035298
10245.495,0.043707969
10247.385,0.060302437
10249.274,0.072191251
10251.164,0.055844999
10253.054,0.023812701
10254.944,0.034133572
10256.834,0.041317417
10258.725,-0.00012596022
10260.615,0.0070583415
10262.506,0.022086009
10264.397,0.02142763
10266.288,0.064691048
10268.179,0.075013518
10270.071,0.086904844
10271.962,0.12075718
10273.854,0.14206073
10275.746,0.095913525
10277.638,0.11878616
10279.53,0.10871784
10281.423,0.078257594
10283.315,0.041523068
10285.208,0.080082887
10287.101,0.10452529
10288.994,0.064654191
10290.888,0.068704892
10292.781,0.083736213
10294.675,0.021905017
10296.569,0.010270128
10298.463,0.040988408
10300.357,0.013667702
10302.252,0.0067393799
10304.146,0.068830894
10306.041,0.025824598
10307.936,0.022034217
10309.831,0.03863622
10311.726,0.086611001
10313.622,0.035762481
10315.517,0.036678895
10317.413,0.061124949
10319.309,0.05576731
10321.205,-0.0060606886
10323.101,0.027797815
10324.998,0.039695763
10326.895,0.023358646
10328.791,0.039962933
10330.688,0.058136076
10332.586,0.071603565
10334.483,0.063110497
10336.38,0.051480404
10338.278,0.099458382
10340.176,0.10194639
10342.074,0.049532669
10343.972,0.050452509
10345.871,0.054509831
10347.769,-0.0010404607
10349.668,-0.0016885637
10351.567,-0.0039050659
10353.466,0.028388464
10355.365,0.032446929
10357.265,0.042780131
10359.164,0.046839052
10361.064,0.057172712
10362.964,0.040839932
10364.864,0.0072524798
10366.765,-0.0090798426
10368.665,-0.0081570347
10370.566,-0.011939881
10372.467,-0.028271518
10374.368,-0.038328417
10376.269,-0.015443912
10378.17,-0.028637609
10380.072,-0.019870294
10381.974,0.017132544
10383.875,0.0032672629
10385.777,0.0080016498
10387.68,-0.010793147
10389.582,-0.00045606217
10391.485,0.005399458
10393.387,0.0034120692
10395.29,-0.0030568839
10397.193,-0.0039233678
10399.097,0.0030535139
10401,0.026837347
10402.904,-0.0020396566
10404.808,0.0026970138
10406.712,-0.0026501211
10408.616,0.01217104
10410.52,0.043799151
10412.425,0.025007323
10414.329,0.014058861
10416.234,0.03224228
10418.139,0.0022466551
10420.044,0.026032771
10421.95,0.0083625334
10423.855,-0.03171644
10425.761,-0.0090500867
10427.667,-0.031201432
10429.573,-0.0018119334
10431.479,0.011891519
10433.386,-0.024824968
10435.292,0.018010595
10437.199,0.041798766
10439.106,0.039816858
10441.013,0.063605486
10442.92,0.048178656
10444.828,0.026029365
10446.735,0.028530163
10448.643,0.0075017776
10450.551,-0.014646828
10452.459,-0.01550669
10454.368,-0.0096436339
10456.276,-0.029550658
10458.185,-0.0057599746
10460.094,-0.011100716
10462.003,-0.03997064
10463.912,-0.024022409
10465.821,-0.025957246
10467.731,-0.013326024
10469.641,0.0049076718
10471.551,-0.0071105014
10473.461,0.017846348
10475.371,0.025996707
10477.281,0.031906401
10479.192,0.0086846757
10481.103,-0.027982196
10483.014,-0.010867322
10484.925,-0.011679387
10486.836,-0.012491219
10488.747,-0.011061923
10490.659,-0.03092091
10492.571,-0.00035949664
10494.483,0.0066727375
10496.395,-0.0042219669
10498.307,-0.00055061262
10500.22,-0.020408438
10502.133,0.0034314485
10504.045,0.018307982
10505.958,0.00069174994
10507.872,-0.020285594
10509.785,-0.025576431
10511.699,-0.014060313
10513.612,0.010901416
10515.526,-0.0067136543
10517.44,-0.017605803
10519.355,0.014079312
10521.269,0.030078384
10523.184,0.047198137
10525.098,0.038547815
10527.013,0.037740862
10528.929,0.061584001
10530.844,0.047332134
10532.759,0.024116914
10534.675,0.010985961
10536.591,-0.024553724
10538.507,-0.0051912159
10540.423,-0.046332677
10542.339,-0.081871665
10544.256,-0.049063081
10546.172,-0.059951745
10548.089,-0.018179111
10550.006,-0.020103724
10551.924,-0.027630346
10553.841,0.018624778
10555.759,0.045832514
10557.676,0.055113313
10559.594,0.071117032
10561.512,0.065832469
10563.431,0.067270827
10565.349,0.047420902
10567.268,0.034293898
10569.186,0.025648919
10571.105,0.031569999
10573.024,0.040852656
10574.944,0.023244789
10576.863,0.048214186
10578.783,0.050774851
10580.703,0.043251714
10582.623,0.059258222
10584.543,0.03380838
10586.463,0.028526837
10588.384,0.051256731
10590.304,0.025807585
10592.225,0.036213014
10594.146,0.047739123
10596.068,0.057024568
10597.989,0.081996521
10599.911,0.092402879
10601.832,0.10505037
10603.754,0.1389866
10605.676,0.15387545
10607.599,0.14971691
10609.521,0.15564264
10611.444,0.14588232
10613.366,0.14620627
10615.289,0.11851925
10617.213,0.10875963
10619.136,0.14045683
10621.059,0.17215426
10622.983,0.16799758
10624.907,0.18064785
10626.831,0.17313029
10628.755,0.21491269
10630.679,0.24885217
10632.604,0.21220366
10634.529,0.22373465
10636.454,0.23750677
10638.379,0.23671329
10640.304,0.25496766
10642.229,0.24184972
10644.155,0.23881605
10646.081,0.31197308
10648.006,0.29885583
10649.933,0.2991842
10651.859,0.32304221
10653.785,0.3155279
10655.712,0.31809786
10657.639,0.30274088
10659.566,0.23808442
10661.493,0.24065507
10663.42,0.23314193
10665.348,0.19761781
10667.275,0.23044126
10669.203,0.22629016
10671.131,0.25799363
10673.059,0.27289061
10674.988,0.25417438
10676.916,0.24666286
10678.845,0.24923561
10680.774,0.26413352
10682.703,0.23645463
10684.632,0.21213732
10686.562,0.22367458
10688.491,0.19375549
10690.421,0.18736605
10692.351,0.17649504
10694.281,0.12080634
10696.211,0.14579014
10698.142,0.1248358
10700.072,0.10948394
10702.003,0.13446844
10703.934,0.11687614
10705.865,0.12505438
10707.797,0.11082389
10709.728,0.10667766
10711.66,0.10253167
10713.592,0.086060982
10715.524,0.065108732
10717.456,0.051999852
10719.388,0.056818375
10721.321,0.054914442
10723.253,0.059733429
10725.186,0.041023238
10727.119,0.011108797
10729.053,0.020410275
10730.986,0.039796018
10732.92,0.022207204
10734.853,0.051677446
10736.787,0.027366408
10738.721,0.054596218
10740.656,0.07622402
10742.59,0.073202194
10744.525,0.0701806
10746.46,0.055954757
10748.395,0.030524665
10750.33,0.017419735
10752.265,-0.0046485482
10754.201,0.010258191
10756.136,-0.0017255939
10758.072,0.024386092
10760.008,0.022486805
10761.944,0.021708199
10763.881,0.056784167
10765.817,0.044801544
10767.754,0.037300946
10769.691,0.056691337
10771.628,0.022300447
10773.565,0.027125476
10775.503,0.0073008778
10777.44,-0.030450659
10779.378,-0.011059107
10781.316,-0.010714941
10783.254,-0.027177266
10785.192,-0.029073532
10787.131,-0.014162842
10789.069,-0.00037236912
10791.008,0.0066956475
10792.947,-0.00080192993
10794.886,0.010748344
10796.826,0.02229885
10798.765,0.034970037
10800.705,0.051002801
10802.645,0.0524592
10804.585,0.047193142
10806.525,0.048650004
10808.465,0.016493652
10810.406,0.010107839
10812.347,0.0070836023
10814.288,-0.037396986
10816.229,-0.032577622
10818.17,-0.031119372
10820.111,-0.043106269
10822.053,-0.028202177
10823.995,-0.012177407
10825.937,-0.0095977827
10827.879,0.019872829
10829.821,0.012368882
10831.764,0.012708304
10833.706,0.02985468
10835.649,0.033555909
10837.592,0.022691543
10839.535,0.034236372
10841.479,0.018890676
10843.422,0.020351934
10845.366,0.015090735
10847.31,0.0042275259
10849.254,0.012412167
10851.198,0.0026698694
10853.142,-0.00034950809
10855.087,0.0055949312
10857.032,0.00033512008
10858.977,0.016364056
10860.922,0.012225156
10862.867,0.0069660386
10864.812,0.040922839
10866.758,0.0031711879
10868.704,0.0023945579
10870.65,0.0049795037
10872.596,0.010926025
10874.542,0.024715916
10876.489,0.011615281
10878.435,-0.019412293
10880.382,-0.017946638
10882.329,-0.024323889
10884.276,-0.018375979
10886.224,-0.040439042
10888.171,-0.022165739
10890.119,-0.025180721
10892.067,-0.041640849
10894.015,-0.00095788796
10895.963,0.0027505141
10897.911,0.019904526
10899.86,0.03593832
10901.809,0.019479349
10903.758,0.014225092
10905.707,0.029139132
10907.656,0.032848923
10909.605,0.013029533
10911.555,0.016739786
10913.505,0.022691167
10915.455,0.018558745
10917.405,0.049160449
10919.355,0.043908042
10921.306,0.034174074
10923.256,0.059174231
10925.207,0.035995348
10927.158,0.035225659
10929.109,0.049022028
10931.061,0.024723391
10933.012,0.029556637
10934.964,0.024306082
10936.916,0.029139791
10938.868,0.021648802
10940.82,0.038807904
10942.773,0.021233344
10944.725,0.011502152
10946.678,0.023059708
10948.631,0.01893122
10950.584,0.014802964
10952.537,0.0050726977
10954.491,-0.02146406
10956.444,-0.0009417618
10958.398,0.0061353891
10960.352,0.01433322
10962.306,0.014688144
10964.26,-0.0040043187
10966.215,0.010916895
10968.17,0.005670273
10970.124,-0.014141944
10972.079,-0.010424518
10974.035,-0.0033455159
10975.99,-0.0074707643
10977.946,-0.0071139885
10979.901,0.014531534
10981.857,0.024972806
10983.813,0.020848483
10985.769,0.016724392
10987.726,-0.0042061908
10989.682,0.011838248
10991.639,0.015557988
10993.596,0.018157511
10995.553,-0.00053124993
10997.511,0.0031891842
10999.468,0.021475676
11001.426,0.022955677
11003.383,0.0098700822
11005.341,0.036000406
11007.3,0.017313033
11009.258,0.045684715
11011.216,0.061731699
11013.175,0.041924573
11015.134,0.035563056
11017.093,0.022479081
11019.052,0.004913545
11021.011,-0.017133552
11022.971,-0.030216833
11024.931,-0.026493159
11026.891,-0.038455529
11028.851,-0.051538115
11030.811,-0.054536437
11032.771,-0.044089148
11034.732,-0.017955354
11036.693,-0.020952982
11038.654,-0.031793515
11040.615,-0.010140819
11042.576,0.0036689706
11044.537,0.019719888
11046.499,0.022602329
11048.461,0.015400893
11050.423,0.019404096
11052.385,0.013323421
11054.347,0.018447384
11056.31,0.029173745
11058.273,0.018611747
11060.235,0.008049905
11062.198,0.02213808
11064.162,0.0037334137
11066.125,0.037989969
11068.089,0.045355924
11070.052,0.035915312
11072.016,0.072413233
11073.98,0.058491142
11075.945,0.054653241
11077.909,0.074344908
11079.874,0.022328048
11081.838,0.033056443
11083.803,0.030339616
11085.768,0.0040935341
11087.734,0.031629121
11089.699,0.0098651444
11091.665,0.0093898396
11093.631,0.0010715541
11095.597,-0.029655539
11097.563,-0.023407685
11099.529,-0.044050431
11101.496,-0.033320471
11103.462,-0.023710804
11105.429,-0.034269047
11107.396,0.0033521381
11109.363,-0.0038444475
11111.331,-0.0043181876
11113.298,0.0075331587
11115.266,0.00033704242
11117.234,0.0054660126
11119.202,0.019558725
11121.17,0.010122181
11123.139,0.019733414
11125.107,0.021501665
11127.076,0.017667832
11129.045,0.0082319148
11131.014,0.023446014
11132.983,0.0084081684
11134.953,0.013538547
11136.923,0.014187289
11138.892,0.0025112574
11140.862,0.021087483
11142.833,-0.012997199
11144.803,-0.021459823
11146.773,-0.016476925
11148.744,-0.021577918
11150.715,-0.0076311479
11152.686,-0.010490958
11154.657,-0.026796002
11156.629,-0.010607906
11158.6,-0.022430871
11160.572,0.00048020117
11162.544,-0.012462925
11164.516,-0.026526357
11166.488,-0.0024944065
11168.461,0.0080923088
11170.433,0.015317823
11172.406,0.030386618
11174.379,0.012962558
11176.352,0.031392984
11178.325,0.041980416
11180.299,0.040243062
11182.272,0.045228539
11184.246,0.034527886
11186.22,0.027188721
11188.194,0.044499558
11190.169,0.031558439
11192.143,0.036544633
11194.118,0.032567386
11196.093,0.027469833
11198.068,0.06158811
11200.043,0.047527259
11202.019,0.035707448
11203.994,0.032851365
11205.97,0.019911392
11207.946,0.028260078
11209.922,-0.0014863313
11211.898,-0.018907667
11213.875,-0.0049563103
11215.851,-0.0078115329
11217.828,0.00053786952
11219.805,-0.005678411
11221.782,-0.013014996
11223.759,0.014382455
11225.737,0.013768846
11227.715,0.010914483
11229.692,-0.0076260108
11231.67,0.011928877
11233.649,0.012436289
11235.627,0.0028598104
11237.605,0.0044879572
11239.584,-0.0039677862
11241.563,0.0099855772
11243.542,0.027300429
11245.521,-0.011406986
11247.501,0.023835323
11249.48,-0.005908219
11251.46,-0.00091772429
11253.44,0.020879636
11255.42,-0.0066225793
11257.4,0.0050910345
11259.381,0.021286584
11261.361,-0.0095765459
11263.342,0.029028254
11265.323,0.0026472033
11267.304,0.0042775003
11269.286,0.01823287
11271.267,-0.0081477504
11273.249,0.031578215
11275.231,0.0063183286
11277.213,0.010190239
11279.195,0.029748566
11281.177,-0.012317612
11283.16,0.0061205541
11285.142,0.01447483
11287.125,-0.0096637476
11289.108,0.027822468
11291.092,0.017129555
11293.075,0.036688886
11295.059,0.018153122
11297.042,0.0097015359
11299.026,0.012454574
11301.01,-0.0027194145
11302.995,-0.0089296747
11304.979,-0.010657999
11306.964,-0.025831558
11308.949,0.025101469
11310.934,-0.0091194221
11312.919,-0.029894792
11314.904,-0.02489971
11316.89,-0.046795242
11318.875,-0.047402114
11320.861,-0.054731533
11322.847,-0.072144841
11324.833,-0.048101424
11326.82,-0.027419207
11328.806,-0.016820882
11330.793,0.015066103
11332.78,-0.0023464888
11334.767,0.0093727154
11336.754,0.030055648
11338.742,0.0070412455
11340.729,0.033326706
11342.717,0.01031259
11344.705,-0.00037645281
11346.693,0.020307197
11348.681,-0.0049473856
11350.67,-0.0021906202
11352.658,0.028577493
11354.647,0.021250512
11356.636,0.036332637
11358.625,0.025644598
11360.615,0.056413284
11362.604,0.064773151
11364.594,0.058567334
11366.584,0.04675942
11368.574,0.0013382036
11370.564,0.0063372988
11372.554,0.0079751928
11374.545,-0.025120663
11376.535,0.0034082735
11378.526,-0.0027965397
11380.517,0.0033237204
11382.509,0.01168502
11384.5,0.0099624296
11386.492,0.035130739
11388.483,-0.0024459068
11390.475,-0.0086498599
11392.468,-0.033719882
11394.46,-0.038621777
11396.452,-0.013271509
11398.445,-0.040582244
11400.438,-0.047724851
11402.431,-0.019013054
11404.424,-0.026155539
11406.417,0.0036768283
11408.411,0.013341189
11410.404,0.0073193368
11412.398,0.019224716
11414.392,0.015443883
11416.387,0.016144903
11418.381,0.028050467
11420.375,0.0063426459
11422.37,0.014886987
11424.365,0.017829149
11426.36,0.014048683
11428.355,0.0046660368
11430.351,0.0020061413
11432.346,-0.016339968
11434.342,-0.0077952588
11436.338,-0.0070936262
11438.334,-0.026559999
11440.331,0.0055143047
11442.327,0.014059258
11444.324,0.0046771024
11446.321,0.019944868
11448.318,-0.008484785
11450.315,-0.0089031719
11452.312,0.01084657
11454.31,-0.0074988656
11456.307,-0.020241999
11458.305,0.0062306157
11460.303,-0.012114636
11462.301,-0.0013281736
11464.3,-0.00286658
11466.298,-0.011127614
11468.297,0.0052612727
11470.296,0.01604798
11472.295,0.022352956
11474.294,0.037621578
11476.294,0.056251606
11478.293,0.056954525
11480.293,0.080066468
11482.293,0.072926372
11484.293,0.079231715
11486.293,0.067609949
11488.294,0.073915414
11490.295,0.091425423
11492.295,0.099971907
11494.296,0.10515711
11496.298,0.12826954
11498.299,0.13793666
11500.3,0.15544697
11502.302,0.169596
11504.304,0.15909524
11506.306,0.19341246
11508.308,0.2221275
11510.311,0.22395185
11512.313,0.24930567
11514.316,0.26793686
11516.319,0.33362693
11518.322,0.37466721
11520.325,0.36752828
11522.329,0.31557148
11524.332,0.32635984
11526.336,0.33602781
11528.34,0.33785271
11530.344,0.3195096
11532.349,0.31685283
11534.353,0.34108688
11536.358,0.43254787
11538.363,0.45454114
11540.368,0.46645044
11542.373,0.46155308
11544.378,0.46673981
11546.384,0.50778095
11548.389,0.46702942
11550.395,0.45540962
11552.401,0.44939211
11554.407,0.47026543
11556.414,0.53147493
11558.42,0.5019282
11560.427,0.48694736
11562.434,0.52126629
11564.441,0.51300826
11566.448,0.53164104
11568.456,0.49313103
11570.464,0.48375273
11572.471,0.4698927
11574.479,0.48068259
11576.487,0.50491792
11578.496,0.43839701
11580.504,0.41893499
11582.513,0.43084557
11584.522,0.40690187
11586.531,0.42441482
11588.54,0.35789422
11590.549,0.31266219
11592.559,0.3738728
11594.569,0.37121793
11596.578,0.35847908
11598.588,0.36366746
11600.599,0.37445815
11602.609,0.39197159
11604.62,0.37923299
11606.63,0.36649445
11608.641,0.34479238
11610.652,0.37351055
11612.664,0.34620636
11614.675,0.31778179
11616.687,0.3431388
11618.699,0.34048466
11620.711,0.34791461
11622.723,0.34862194
11624.735,0.32019767
11626.748,0.35339812
11628.76,0.36082832
11630.773,0.35257231
11632.786,0.37120711
11634.799,0.35510808
11636.813,0.39727242
11638.826,0.38229397
11640.84,0.34042481
11642.854,0.35905992
11644.868,0.34408165
11646.882,0.36159643
11648.897,0.33989559
11650.911,0.28906316
11652.926,0.29761455
11654.941,0.28375703
11656.956,0.26877912
11658.971,0.26500576
11660.987,0.2018487
11663.002,0.22496622
11665.018,0.23239752
11667.034,0.23198575
11669.05,0.24838076
11671.067,0.25021
11673.083,0.2845323
11675.1,0.32109557
11677.117,0.30947962
11679.134,0.31130911
11681.151,0.30417507
11683.168,0.30376379
11685.186,0.27982315
11687.203,0.26260527
11689.221,0.24986924
11691.239,0.25393999
11693.258,0.27929932
11695.276,0.28000885
11697.295,0.28295934
11699.313,0.28927124
11701.332,0.27093334
11703.352,0.26043863
11705.371,0.26899161
11707.39,0.21704044
11709.41,0.2155095
11711.43,0.2296649
11713.45,0.22701364
11715.47,0.2490123
11717.49,0.2519634
11719.511,0.24258964
11721.531,0.26122713
11723.552,0.26193752
11725.573,0.2749729
11727.595,0.25551535
11729.616,0.22709427
11731.637,0.22220266
11733.659,0.21058842
11735.681,0.22586501
11737.703,0.22657582
11739.725,0.20823908
11741.748,0.2223954
11743.77,0.23206999
11745.793,0.2619127
11747.816,0.25814204
11749.839,0.22748067
11751.863,0.22371012
11753.886,0.22554188
11755.91,0.24642132
11757.934,0.25721678
11759.958,0.25120558
11761.982,0.26872386
11764.006,0.25038785
11766.031,0.24885863
11768.055,0.24172723
11770.08,0.23235499
11772.105,0.22410327
11774.13,0.21697205
11776.156,0.2031182
11778.181,0.22735966
11780.207,0.22471041
11782.233,0.21645899
11784.259,0.20148495
11786.285,0.19547454
11788.312,0.17265748
11790.338,0.16552675
11792.365,0.18416639
11794.392,0.17815624
11796.419,0.18895286
11798.446,0.18630417
11800.474,0.16796927
11802.502,0.20117504
11804.529,0.20300833
11806.557,0.20148033
11808.586,0.20555464
11810.614,0.19282228
11812.642,0.20810119
11814.671,0.20881434
11816.7,0.19384127
11818.729,0.19791588
11820.758,0.19414741
11822.788,0.21054708
11824.817,0.20901963
11826.847,0.20525135
11828.877,0.24630106
11830.907,0.22684663
11832.937,0.22980122
11834.968,0.20250377
11836.998,0.19761535
11839.029,0.1815225
11841.06,0.15758658
11843.091,0.149337
11845.123,0.1859054
11847.154,0.19222177
11849.186,0.20862223
11851.218,0.16787989
11853.25,0.18540092
11855.282,0.21300605
11857.314,0.19691376
11859.347,0.18306242
11861.379,0.14680218
11863.412,0.12846918
11865.445,0.13926789
11867.478,0.11309187
11869.512,0.09924084
11871.545,0.079787631
11873.579,0.065936725
11875.613,0.074494844
11877.647,0.077450782
11879.681,0.082647679
11881.716,0.090085533
11883.75,0.081837174
11885.785,0.088154702
11887.82,0.073183776
11889.855,0.063815153
11891.891,0.070132865
11893.926,0.058523467
11895.962,0.05363682
11897.998,0.062195612
11900.034,0.066272673
11902.07,0.098360999
11904.106,0.10579953
11906.143,0.10987677
11908.18,0.11283363
11910.216,0.10682696
11912.253,0.11314529
11914.291,0.099295605
11916.328,0.074241502
11918.366,0.086162251
11920.403,0.064469616
11922.441,0.098799451
11924.479,0.097275006
11926.518,0.068859865
11928.556,0.084142265
11930.595,0.081497555
11932.634,0.091177836
11934.673,0.11094221
11936.712,0.082527378
11938.751,0.10677367
11940.791,0.10749061
11942.83,0.10820761
11944.87,0.096599745
11946.91,0.08499194
11948.95,0.084588677
11950.991,0.086426372
11953.031,0.072577854
11955.072,0.067692983
11957.113,0.06392862
11959.154,0.092657317
11961.195,0.06872501
11963.236,0.081767554
11965.278,0.067919403
11967.32,0.082082518
11969.362,0.09288435
11971.404,0.082397727
11973.446,0.084236096
11975.489,0.074870044
11977.531,0.074467639
11979.574,0.065101709
11981.617,0.064699427
11983.66,0.049731379
11985.704,0.058292804
11987.747,0.039963534
11989.791,0.054127322
11991.835,0.043641312
11993.879,0.049962086
11995.923,0.045078439
11997.967,0.051399335
12000.012,0.045395363
12002.056,0.051716381
12004.101,0.055796565
12006.146,0.045310983
12008.192,0.049391289
12010.237,0.040026278
12012.283,0.048588499
12014.328,0.0459463
12016.374,0.028738335
12018.42,0.051866566
12020.467,0.033538276
12022.513,0.047703044
12024.56,0.058506529
12026.607,0.06034649
12028.654,0.080113683
12030.701,0.10100138
12032.748,0.088275703
12034.796,0.11140442
12036.843,0.09531752
12038.891,0.085953366
12040.939,0.065384792
12042.987,0.041454934
12045.036,0.025368275
12047.084,0.012643022
12049.133,0.025688138
12051.182,0.023047041
12053.231,0.011442419
12055.28,0.034571753
12057.33,0.030810391
12059.379,0.036012676
12061.429,0.043455918
12063.479,0.032972051
12065.529,0.039294968
12067.579,0.04337705
12069.63,0.03065247
12071.681,0.033614226
12073.731,0.025371561
12075.782,0.038417473
12077.834,0.017850001
12079.885,0.032016484
12081.936,0.028255857
12083.988,0.054747392
12086.04,0.070034507
12088.092,0.08083989
12090.144,0.07595906
12092.197,0.036344397
12094.249,0.041547723
12096.302,0.040028421
12098.355,0.018341113
12100.408,0.024665071
12102.461,0.0029778853
12104.515,0.005940621
12106.568,0.052600897
12108.622,0.038757032
12110.676,0.036117711
12112.73,0.025635313
12114.784,0.010671184
12116.839,0.029320562
12118.893,0.041247312
12120.948,0.057655915
12123.003,0.062860099
12125.058,0.080389273
12127.114,0.085593578
12129.169,0.11320691
12131.225,0.10608641
12133.281,0.10120686
12135.337,0.11201365
12137.393,0.099291095
12139.45,0.11009801
12141.506,0.10633916
12143.563,0.07681006
12145.62,0.088737605
12147.677,0.062569974
12149.734,0.05769092
12151.792,0.059534616
12153.849,0.034487616
12155.907,0.077788017
12157.965,0.075150104
12160.023,0.0736327
12162.081,0.094524321
12164.14,0.067236732
12166.199,0.065719512
12168.257,0.07204549
12170.316,0.036914947
12172.376,0.026434326
12174.435,0.028278695
12176.494,-0.0046107678
12178.554,0.0050768613
12180.614,0.014764552
12182.674,0.027813648
12184.734,0.037501461
12186.795,0.051671127
12188.855,0.052395477
12190.916,0.063203922
12192.977,0.062807946
12195.038,0.059050687
12197.099,0.049691248
12199.161,0.048175008
12201.222,0.044417932
12203.284,0.030576884
12205.346,0.042506206
12207.408,0.037628866
12209.471,0.050678758
12211.533,0.049162885
12213.596,0.047647073
12215.659,0.065178942
12217.722,0.064783701
12219.785,0.057665832
12221.848,0.074077436
12223.912,0.047912071
12225.975,0.043035282
12228.039,0.02807452
12230.103,0.010872924
12232.168,0.035127972
12234.232,0.035853668
12236.297,0.028736289
12238.361,0.030582557
12240.426,0.0234653
12242.491,0.047720654
12244.557,0.07757831
12246.622,0.058136307
12248.688,0.051019295
12250.753,0.070793101
12252.819,0.062555764
12254.886,0.084570589
12256.952,0.068490236
12259.018,0.044566808
12261.085,0.049775094
12263.152,0.058344785
12265.219,0.033301093
12267.286,0.040750458
12269.353,0.044838541
12271.421,0.046685788
12273.489,0.035087719
12275.557,0.015646573
12277.625,0.017494004
12279.693,0.0171006
12281.761,0.013345912
12283.83,0.0028685972
12285.899,-0.019933587
12287.968,-0.012483609
12290.037,0.0095322569
12292.106,0.008018772
12294.175,0.0076257965
12296.245,0.029641846
12298.315,0.027008096
12300.385,0.045662924
12302.455,0.0407884
12304.525,0.026950353
12306.596,0.019835056
12308.667,0.019442509
12310.737,0.0089659897
12312.808,-0.00039002011
12314.88,-0.0030232796
12316.951,-5.423702e-005
12319.023,-0.010530511
12321.094,0.012606721
12323.166,-0.0023512236
12325.238,-0.026272692
12327.31,-0.014339758
12329.383,-0.020333934
12331.455,-0.0039190842
12333.528,-0.00094955173
12335.601,-0.022629818
12337.674,-0.0084556812
12339.748,0.020284343
12341.821,0.01092919
12343.895,0.022862615
12345.968,0.01014624
12348.042,0.027682027
12350.117,0.012724879
12352.191,0.0056109287
12354.265,0.0018583844
12356.34,-0.015339477
12358.415,-0.011248761
12360.49,-0.027326052
12362.565,-0.03780104
12364.641,-9.6695845e-005
12366.716,-0.0049693209
12368.792,0.001362597
12370.868,0.012176369
12372.944,-0.00053920969
12375.02,0.032683648
12377.097,0.017727296
12379.173,0.0050119008
12381.25,0.016946427
12383.327,-0.0047324309
12385.404,0.016165803
12387.481,0.03034141
12389.559,-0.0092644355
12391.636,0.012754431
12393.714,0.013484842
12395.792,-0.0025914072
12397.87,0.017186746
12399.949,-0.0089734147
12402.027,-0.00039962062
12404.106,0.0081742346
12406.185,-0.0045403643
12408.264,-0.0071708683
12410.343,-0.012082067
12412.422,-0.0024273821
12414.502,0.016190946
12416.582,-0.012249491
12418.662,-0.0037150799
12420.742,-0.0097464376
12422.822,-0.022500427
12424.902,0.0095635697
12426.983,-0.019997026
12429.064,-0.0024987405
12431.145,0.011638258
12433.226,-0.015681267
12435.307,0.034310189
12437.389,0.029399743
12439.47,0.030091595
12441.552,0.062156055
12443.634,0.037077715
12445.716,0.040010637
12447.799,0.056388996
12449.881,0.038033518
12451.964,0.051050648
12454.047,0.03045439
12456.13,0.026664913
12458.213,0.020634598
12460.296,0.030290614
12462.38,0.028742207
12464.464,0.017109824
12466.548,0.014441085
12468.632,0.0072906104
12470.716,0.019187813
12472.8,-0.010371509
12474.885,-0.025364947
12476.97,-0.002263089
12479.055,-0.015015515
12481.14,-0.015442953
12483.225,-0.013629436
12485.311,-0.052151997
12487.396,-0.029049849
12489.482,-0.050765571
12491.568,-0.064638097
12493.654,-0.066185636
12495.741,-0.058769532
12497.827,-0.021101268
12499.914,-0.013685048
12502.001,0.013899298
12504.088,0.033640564
12506.175,0.025370683
12508.262,0.045112065
12510.35,0.039083197
12512.438,0.012886319
12514.526,0.018062049
12516.614,0.01427425
12518.702,0.013847854
12520.79,0.017903309
12522.879,-0.0015705899
12524.968,0.0215326
12527.057,0.023347332
12529.146,0.018439433
12531.235,0.010170247
12533.325,0.0097442563
12535.414,-0.010849744
12537.504,0.0066515524
12539.594,-0.025146814
12541.684,-0.028933917
12543.775,-0.01591424
12545.865,-0.032026158
12547.956,-0.026849502
12550.047,-0.019431892
12552.138,-0.028820947
12554.229,-0.01019874
12556.321,-0.021828576
12558.412,-0.01104939
12560.504,-0.0047519386
12562.596,-0.0040566705
12564.688,0.022408964
12566.78,0.010688177
12568.873,0.018015061
12570.965,0.024221546
12573.058,0.014741807
12575.151,0.011984807
12577.244,0.0069869617
12579.338,0.016554993
12581.431,0.032845763
12583.525,0.021125379
12585.619,0.023970872
12587.713,0.0077687962
12589.807,0.01061439
12591.901,0.017941826
12593.996,0.00061945278
12596.09,-0.012221077
12598.185,-0.016097972
12600.28,-0.035661091
12602.376,-0.026092506
12604.471,-0.025487457
12606.567,-0.039448184
12608.662,-0.034361242
12610.758,-0.025912904
12612.854,-0.018584965
12614.951,0.021236022
12617.047,0.0027937538
12619.144,0.014603637
12621.241,0.039858948
12623.338,0.023657727
12625.435,0.038829106
12627.532,0.030471123
12629.63,0.040787326
12631.727,0.027449674
12633.825,0.054199218
12635.923,0.053062103
12638.021,0.025781246
12640.12,0.042944885
12642.218,0.026993105
12644.317,0.036313707
12646.416,0.046505818
12648.515,0.030554189
12650.614,0.035517644
12652.714,0.016080277
12654.813,0.0088433955
12656.913,0.036464953
12659.013,0.0048273008
12661.113,0.021119982
12663.213,0.026955198
12665.314,0.00054645522
12667.414,0.018582207
12669.515,0.012217138
12671.616,0.011080877
12673.717,0.018659264
12675.819,0.012294345
12677.92,0.043402244
12680.022,0.02570845
12682.124,0.0045288681
12684.226,-0.0035787684
12686.328,-0.00035737859
12688.43,0.00722136
12690.533,0.013057229
12692.636,0.018893149
12694.738,0.016885982
12696.842,0.0061642682
12698.945,0.010257419
12701.048,0.022193758
12703.152,0.037615986
12705.256,0.024280094
12707.36,0.010072793
12709.464,0.0054515991
12711.568,-0.0026553836
12713.672,0.0040524989
12715.777,-0.0049258429
12717.882,0.0017821401
12719.987,-0.01068194
12722.092,-0.02227451
12724.197,-0.030621051
12726.303,-0.025895666
12728.409,-0.015070034
12730.514,-0.0094731284
12732.62,-0.019562467
12734.727,-0.0087367429
12736.833,-0.010982884
12738.94,-0.00015709845
12741.046,0.0036970396
12743.153,0.0075512081
12745.26,0.013148327
12747.368,-0.0039124768
12749.475,-0.0044155153
12751.583,-0.018861879
12753.69,-0.015879018
12755.798,-0.019867804
12757.906,-0.02211364
12760.015,0.0017843454
12762.123,0.0091246268
12764.232,0.029536834
12766.341,0.029905499
12768.45,0.025916895
12770.559,0.034128758
12772.668,0.01706832
12774.778,0.040095059
12776.887,0.009091327
12778.997,0.007717255
12781.107,0.014186351
12783.218,-0.013331451
12785.328,0.014924198
12787.439,-0.00039310745
12789.549,0.0025902713
12791.66,0.029974552
12793.771,-0.0053862349
12795.883,0.021998107
12797.994,0.012781171
12800.106,-0.0068932496
12802.217,-0.0047811478
12804.329,-0.036655944
12806.441,-0.033672321
12808.554,-0.02720283
12810.666,-0.055591695
12812.779,-0.02820711
12814.892,-0.023480447
12817.005,-0.030082729
12819.118,-0.0079268103
12821.231,-0.015400491
12823.345,-0.0019591087
12825.458,0.013225223
12827.572,0.015337691
12829.686,0.027715484
12831.801,0.014820961
12833.915,0.0088981301
12836.03,0.01256137
12838.144,0.011867327
12840.259,0.023373734
12842.374,0.024422639
12844.49,0.015014042
12846.605,0.0038625408
12848.721,0.021469224
12850.836,0.034718623
12852.952,0.022695706
12855.069,0.025487618
12857.185,0.017822029
12859.301,0.031071486
12861.418,0.033863442
12863.535,0.039269792
12865.652,0.054262213
12867.769,0.030910422
12869.886,0.037188275
12872.004,0.037365925
12874.122,0.034057751
12876.24,0.03336397
12878.358,0.0039120347
12880.476,0.011061421
12882.594,0.0060103856
12884.713,-0.001655014
12886.832,-0.016292077
12888.951,-0.036157883
12891.07,-0.013322149
12893.189,-0.027959168
12895.308,-0.01906676
12897.428,-0.012788717
12899.548,-0.0082535784
12901.668,0.0032532522
12903.788,-0.0070263949
12905.908,0.016680901
12908.029,0.015987339
12910.149,0.0091935748
12912.27,0.01634318
12914.391,0.0017063075
12916.512,0.012341781
12918.634,0.0064195343
12920.755,0.0074689801
12922.877,0.012004279
12924.999,0.012182295
12927.121,0.0019028082
12929.243,0.021252966
12931.366,0.013587888
12933.488,0.027709317
12935.611,0.022658647
12937.734,0.017607992
12939.857,0.01778611
12941.98,0.021450081
12944.104,0.023371147
12946.227,0.040978502
12948.351,0.019370186
12950.475,0.032620272
12952.599,0.020598042
12954.724,0.028619399
12956.848,0.013111359
12958.973,0.011546688
12961.098,0.023925388
12963.223,0.018874908
12965.348,0.037353855
12967.473,0.051475517
12969.599,0.04991092
12971.724,0.057932394
12973.85,0.057239286
12975.976,0.080947064
12978.103,0.076768146
12980.229,0.07956092
12982.356,0.087582468
12984.482,0.067717319
12986.609,0.069638678
12988.737,0.057616696
12990.864,0.06825268
12992.991,0.056230728
12995.119,0.049437548
12997.247,0.073145472
12999.375,0.054151885
13001.503,0.074373999
13003.631,0.064966499
13005.76,0.060787771
13007.888,0.086238687
13010.017,0.073345392
13012.146,0.09269612
13014.275,0.10246081
13016.405,0.076495658
13018.534,0.10281811
13020.664,0.094282183
13022.794,0.090103572
13024.924,0.099868331
13027.054,0.079132015
13029.185,0.086282424
13031.315,0.08733263
13033.446,0.08838285
13035.577,0.099890602
13037.708,0.087868956
13039.839,0.08891922
13041.971,0.10129847
13044.103,0.091019792
13046.234,0.10862783
13048.366,0.1000921
13050.499,0.10114244
13052.631,0.092606733
13054.763,0.084071042
13056.896,0.083378504
13059.029,0.064385327
13061.162,0.078507632
13063.295,0.079558057
13065.429,0.067536601
13067.562,0.086016249
13069.696,0.069637524
13071.83,0.068073629
13073.964,0.081324562
13076.098,0.065817341
13078.233,0.079939763
13080.367,0.06791841
13082.502,0.062868748
13084.637,0.08919165
13086.772,0.081527639
13088.907,0.10262181
13091.043,0.09670075
13093.178,0.088165322
13095.314,0.10664516
13097.45,0.089395166
13099.586,0.10090336
13101.723,0.099339664
13103.859,0.087318471
13105.996,0.08401189
13108.133,0.070247807
13110.27,0.083498989
13112.407,0.081063911
13114.544,0.082114687
13116.682,0.087522776
13118.82,0.083344822
13120.958,0.10095338
13123.096,0.084575016
13125.234,0.089111704
13127.372,0.08144797
13129.511,0.052869218
13131.65,0.063506167
13133.789,0.04799934
13135.928,0.070836754
13138.067,0.062301634
13140.207,0.05028069
13142.346,0.06701793
13144.486,0.053254095
13146.626,0.062148227
13148.766,0.08149989
13150.907,0.086036753
13153.047,0.083601953
13155.188,0.061123595
13157.329,0.067403421
13159.47,0.040567793
13161.611,0.028546995
13163.753,0.020883509
13165.894,0.028034854
13168.036,0.033443293
13170.178,0.018808174
13172.32,0.041645837
13174.462,0.031368045
13176.605,0.034162164
13178.747,0.056128411
13180.89,0.062408398
13183.033,0.091346351
13185.176,0.083683012
13187.319,0.09693472
13189.463,0.10582914
13191.607,0.087708333
13193.75,0.11054614
13195.894,0.10288288
13198.039,0.10044838
13200.183,0.090170767
13202.327,0.085121924
13204.472,0.087044773
13206.617,0.083738878
13208.762,0.072589861
13210.907,0.069283996
13213.053,0.065978145
13215.198,0.064415229
13217.344,0.0828959
13219.49,0.097890747
13221.636,0.095456414
13223.782,0.089536257
13225.929,0.082744656
13228.075,0.080310367
13230.222,0.091819448
13232.369,0.099842705
13234.516,0.10350868
13236.664,0.090616932
13238.811,0.086439797
13240.959,0.092720193
13243.107,0.10161498
13245.255,0.094823512
13247.403,0.1237619
13249.551,0.12568506
13251.7,0.12935115
13253.848,0.13040288
13255.997,0.12884024
13258.146,0.14557827
13260.296,0.13530106
13262.445,0.13896722
13264.595,0.15483384
13266.744,0.13061332
13268.894,0.14473704
13271.044,0.14056012
13273.195,0.14161198
13275.345,0.16009305
13277.496,0.15068742
13279.647,0.15086786
13281.798,0.15889145
13283.949,0.15820046
13286.1,0.17406722
13288.252,0.16553312
13290.403,0.18837159
13292.555,0.20075256
13294.707,0.1835039
13296.859,0.19675636
13299.012,0.21523758
13301.164,0.20931795
13303.317,0.21298439
13305.47,0.22275107
13307.623,0.2316463
13309.776,0.21962651
13311.93,0.22677884
13314.083,0.24787455
13316.237,0.2576413
13318.391,0.25869346
13320.545,0.26323148
13322.699,0.27299827
13324.854,0.26882172
13327.008,0.27858854
13329.163,0.28312661
13331.318,0.26762113
13333.473,0.28087383
13335.629,0.26972568
13337.784,0.26903505
13339.94,0.2779305
13342.096,0.2859545
13344.252,0.28439246
13346.408,0.26540125
13348.564,0.25338172
13350.721,0.2718633
13352.878,0.27204423
13355.034,0.28442562
13357.192,0.30203578
13359.349,0.30308822
13361.506,0.297169
13363.664,0.29909293
13365.822,0.30624564
13367.979,0.32647025
13370.138,0.30835065
13372.296,0.3067888
13374.454,0.28779777
13376.613,0.27142114
13378.772,0.27595955
13380.931,0.25871148
13383.09,0.26237846
13385.249,0.2782459
13387.409,0.26622663
13389.569,0.28906577
13391.728,0.28227529
13393.888,0.29378549
13396.049,0.30616715
13398.209,0.27323293
13400.37,0.28125733
13402.53,0.27533838
13404.691,0.25634756
13406.852,0.24781426
13409.014,0.22795201
13411.175,0.22639042
13413.337,0.22744323
13415.498,0.20845248
13417.66,0.22954889
13419.822,0.2227586
13421.985,0.22032563
13424.147,0.22399289
13426.31,0.22591724
13428.473,0.22871307
13430.636,0.22628015
13432.799,0.20031784
13434.962,0.1926562
13437.126,0.19370916
13439.289,0.18343317
13441.453,0.16967135
13443.617,0.16810999
13445.781,0.16393425
13447.946,0.17457335
13450.11,0.16168305
13452.275,0.16883634
13454.44,0.17598964
13456.605,0.15787063
13458.77,0.15456644
13460.936,0.16869147
13463.101,0.15754417
13465.267,0.16208317
13467.433,0.14309277
13469.599,0.12845968
13471.766,0.13648456
13473.932,0.11487982
13476.099,0.13423371
13478.266,0.13615841
13480.433,0.13372584
13482.6,0.13565057
13484.767,0.11143153
13486.935,0.11597067
13489.102,0.10656647
13491.27,0.088447692
13493.438,0.10170147
13495.607,0.080096885
13497.775,0.088993399
13499.943,0.076103435
13502.112,0.086742898
13504.281,0.10173967
13506.45,0.087106835
13508.62,0.11081824
13510.789,0.1249436
13512.959,0.11641102
13515.128,0.14709414
13517.298,0.14379035
13519.468,0.14048658
13521.639,0.13369698
13523.809,0.12080717
13525.98,0.14190431
13528.151,0.14121498
13530.322,0.1265823
13532.493,0.14157926
13534.664,0.11038888
13536.836,0.10447084
13539.008,0.1011672
13541.179,0.10396379
13543.351,0.10937477
13545.524,0.096485112
13547.696,0.097538825
13549.869,0.093363794
13552.041,0.080474181
13554.214,0.088499616
13556.387,0.077352951
13558.561,0.079278197
13560.734,0.069874481
13562.908,0.070928297
13565.082,0.079825264
13567.256,0.07652181
13569.43,0.085418806
13571.604,0.072529325
13573.779,0.071840294
13575.953,0.069408358
13578.128,0.066104977
13580.303,0.06454453
13582.478,0.065598477
13584.654,0.048351784
13586.829,0.047662841
13589.005,0.045230993
13591.181,0.060228353
13593.357,0.042981719
13595.533,0.057979109
13597.709,0.063390456
13599.886,0.049629705
13602.063,0.050683784
13604.24,0.054352256
13606.417,0.054534903
13608.594,0.057331945
13610.772,0.052285864
13612.949,0.062054612
13615.127,0.05700856
13617.305,0.06154858
13619.483,0.067831533
13621.661,0.055813847
13623.84,0.055996612
13626.019,0.051822093
13628.197,0.045904669
13630.376,0.046958937
13632.556,0.054984898
13634.735,0.07085401
13636.915,0.054479128
13639.094,0.06860535
13641.274,0.07314553
13643.454,0.054156313
13645.634,0.060439442
13647.815,0.05452215
13649.995,0.063419687
13652.176,0.043559068
13654.357,0.03677036
13656.538,0.07791195
13658.72,0.048465319
13660.901,0.085249639
13663.083,0.094147264
13665.264,0.085615709
13667.446,0.11194256
13669.629,0.10515395
13671.811,0.14803856
13673.993,0.12904955
13676.176,0.1004745
13678.359,0.12680142
13680.542,0.086897415
13682.725,0.088823494
13684.909,0.098592724
13687.092,0.079603799
13689.276,0.078044083
13691.46,0.047726211
13693.644,0.052266742
13695.828,0.061164586
13698.012,0.046533033
13700.197,0.056302366
13702.382,0.052999818
13704.567,0.036625389
13706.752,0.057723742
13708.937,0.054421238
13711.123,0.057218966
13713.308,0.067859846
13715.494,0.043642353
13717.68,0.047311585
13719.866,0.05446667
13722.053,0.06249323
13724.239,0.076620022
13726.426,0.062860118
13728.613,0.067400883
13730.8,0.077170421
13732.987,0.078225376
13735.174,0.097580999
13737.362,0.1134508
13739.55,0.11712018
13741.737,0.12427541
13743.926,0.14101671
13746.114,0.1237711
13748.302,0.14922703
13750.491,0.14853918
13752.68,0.13652237
13754.869,0.14193477
13757.058,0.12730361
13759.247,0.13097312
13761.436,0.14248578
13763.626,0.14615532
13765.816,0.16463969
13768.006,0.15523736
13770.196,0.18505074
13772.386,0.20179223
13774.577,0.23160563
13776.768,0.27100511
13778.959,0.27293183
13781.15,0.2914163
13783.341,0.28724283
13785.532,0.30224149
13787.724,0.31462579
13789.915,0.32788156
13792.107,0.34462318
13794.299,0.33434957
13796.492,0.34324809
13798.684,0.37131873
13800.877,0.40200377
13803.07,0.42310277
13805.263,0.44071594
13807.456,0.47488686
13809.649,0.46809919
13811.842,0.48832678
13814.036,0.50332563
13816.23,0.5183245
13818.424,0.52112294
13820.618,0.50910659
13822.812,0.51626236
13825.007,0.53387566
13827.202,0.52708811
13829.397,0.56300209
13831.592,0.57625814
13833.787,0.59300004
13835.982,0.61235634
13838.178,0.61166908
13840.373,0.61708205
13842.569,0.64166714
13844.766,0.64708014
13846.962,0.66905089
13849.158,0.66487786
13851.355,0.67290528
13853.552,0.66786082
13855.749,0.67850265
13857.946,0.70134493
13860.143,0.72680161
13862.341,0.75400122
13864.538,0.75854289
13866.736,0.76047019
13868.934,0.73712518
13871.132,0.7373096
13873.331,0.7575376
13875.529,0.71850636
13877.728,0.71781936
13879.927,0.67443085
13882.126,0.63888549
13884.325,0.61728351
13886.524,0.58870985
13888.724,0.59063731
13890.924,0.55683493
13893.124,0.53261862
13895.324,0.52321714
13897.524,0.52253027
13899.724,0.54275845
13901.925,0.53161409
13904.126,0.54138478
13906.327,0.53634068
13908.528,0.52693928
13910.729,0.53758148
13912.931,0.53776617
13915.132,0.5527657
13917.334,0.5424929
13919.536,0.52699137
13921.738,0.51933298
13923.941,0.51254607
13926.143,0.52405983
13928.346,0.5442882
13930.549,0.54970176
13932.752,0.54291491
13934.955,0.53177078
13937.159,0.52585541
13939.362,0.53998364
13941.566,0.52709662
13943.77,0.52728152
13945.974,0.5109087
13948.178,0.4858213
13950.383,0.47293435
13952.587,0.46091887
13954.792,0.46284676
13956.997,0.45431715
13959.202,0.43445857
13961.408,0.45032986
13963.613,0.44528613
13965.819,0.45505724
13968.025,0.43955602
13970.231,0.43974109
13972.437,0.45561246
13974.643,0.43401107
13976.85,0.43419618
13979.056,0.43089548
13981.263,0.43543792
13983.47,0.41819389
13985.678,0.41750761
13987.885,0.42727885
13990.093,0.41264924
13992.3,0.39714819
13994.508,0.3999478
13996.716,0.40187597
13998.925,0.41861897
14001.133,0.37348834
14003.342,0.4111464
14005.551,0.37734478
14007.76,0.39583076
14009.969,0.42041697
14012.178,0.40230166
14014.388,0.41730185
14016.597,0.39221489
14018.807,0.37671402
14021.017,0.42482971
14023.227,0.38841383
14025.438,0.41212868
14027.648,0.3739699
14029.859,0.36456931
14032.07,0.39351297
14034.281,0.37365489
14036.492,0.3869123
14038.704,0.3940695
14040.915,0.3628825
14043.127,0.37091119
14045.339,0.35366757
14047.551,0.36779651
14049.763,0.35229583
14051.976,0.32808057
14054.189,0.34656686
14056.401,0.34065228
14058.614,0.33648064
14060.827,0.33753777
14063.041,0.33162324
14065.254,0.32570873
14067.468,0.32415153
14069.682,0.33740915
14071.896,0.324523
14074.11,0.32558022
14076.324,0.33099476
14078.539,0.32246595
14080.754,0.33485219
14082.969,0.31760881
14085.184,0.34742428
14087.399,0.34150991
14089.614,0.33298117
14091.83,0.3601823
14094.046,0.342939
14096.262,0.35968264
14098.478,0.35202542
14100.694,0.34088238
14102.911,0.35152585
14105.127,0.32295365
14107.344,0.34841196
14109.561,0.34249773
14111.778,0.34181228
14113.996,0.35158436
14116.213,0.32214077
14118.431,0.3249412
14120.649,0.31031246
14122.867,0.32182751
14125.085,0.32114215
14127.303,0.30999929
14129.522,0.31628563
14131.741,0.30252841
14133.96,0.28964267
14136.179,0.28198571
14138.398,0.27781459
14140.617,0.28410101
14142.837,0.27644409
14145.057,0.29318805
14147.277,0.28291677
14149.497,0.28746033
14151.717,0.2832893
14153.938,0.27214661
14156.158,0.27669021
14158.379,0.29081988
14160.6,0.31627855
14162.821,0.30949321
14165.043,0.289636
14167.264,0.28982237
14169.486,0.28303709
14171.708,0.30065268
14173.93,0.32262559
14176.152,0.31409743
14178.374,0.29511176
14180.597,0.29094093
14182.82,0.28415573
14185.043,0.28957098
14187.266,0.27494267
14189.489,0.27251481
14191.712,0.2735728
14193.936,0.23541513
14196.16,0.25825964
14198.384,0.26280352
14200.608,0.2394607
14202.832,0.25446212
14205.057,0.23547663
14207.281,0.26267852
14209.506,0.26199371
14211.731,0.25695162
14213.956,0.2789248
14216.182,0.26952543
14218.407,0.28191258
14220.633,0.28907098
14222.859,0.2962294
14225.085,0.31733119
14227.311,0.32971839
14229.537,0.32119058
14231.764,0.33706365
14233.991,0.34335068
14236.218,0.33743729
14238.445,0.33675267
14240.672,0.33345369
14242.9,0.32579742
14245.127,0.31726971
14247.355,0.29305574
14249.583,0.31677207
14251.811,0.30301564
14254.039,0.31627448
14256.268,0.32256166
14258.497,0.3149055
14260.725,0.31857832
14262.954,0.32050824
14265.184,0.3285384
14267.413,0.32436813
14269.642,0.31845496
14271.872,0.32212786
14274.102,0.31970056
14276.332,0.31465889
14278.562,0.30700286
14280.793,0.29760392
14283.023,0.28210478
14285.254,0.29972112
14287.485,0.28857931
14289.716,0.29748108
14291.947,0.2863393
14294.179,0.26386856
14296.41,0.27451329
14298.642,0.27731491
14300.874,0.30103157
14303.106,0.30034738
14305.339,0.27526233
14307.571,0.2911359
14309.804,0.26169358
14312.037,0.26449528
14314.27,0.28036889
14316.503,0.27097019
14318.736,0.2615715
14320.97,0.24694407
14323.204,0.26717504
14325.437,0.29699208
14327.672,0.30415119
14329.906,0.31043884
14332.14,0.31149776
14334.375,0.30907085
14336.61,0.31187272
14338.844,0.33994692
14341.08,0.3410059
14343.315,0.33509321
14345.55,0.3169801
14347.786,0.31455328
14350.022,0.31909815
14352.258,0.32102866
14354.494,0.33515961
14356.73,0.34493329
14358.967,0.32769172
14361.203,0.3400798
14363.44,0.34723914
14365.677,0.3456839
14367.914,0.34674305
14370.152,0.34605929
14372.389,0.35496161
14374.627,0.3473062
14376.865,0.34662249
14379.103,0.35291047
14381.341,0.35832701
14383.58,0.36374356
14385.818,0.35434531
14388.057,0.35104729
14390.296,0.375636
14392.535,0.36188049
14394.774,0.37688317
14397.014,0.37532813
14399.254,0.37377311
14401.493,0.36176058
14403.733,0.35236244
14405.974,0.39089461
14408.214,0.39108256
14410.454,0.37994155
14412.695,0.38971559
14414.936,0.36463126
14417.177,0.38224846
14419.418,0.36849313
14421.66,0.36606679
14423.901,0.37845528
14426.143,0.34029913
14428.385,0.36837392
14430.627,0.35461866
14432.869,0.34696364
14435.111,0.37939578
14437.354,0.34646845
14439.597,0.38674375
14441.84,0.38257463
14444.083,0.36969092
14446.326,0.40125167
14448.57,0.38226777
14450.813,0.42167169
14453.057,0.43754621
14455.301,0.41943381
14457.545,0.44925172
14459.79,0.44769708
14462.034,0.46618604
14464.279,0.49077523
14466.524,0.48922064
14468.769,0.48505169
14471.014,0.4800113
14473.259,0.48542843
14475.505,0.50478893
14477.751,0.50672026
14479.997,0.50255138
14482.243,0.49315376
14484.489,0.50031389
14486.735,0.51270279
14488.982,0.53293484
14491.229,0.55055252
14493.476,0.55596979
14495.723,0.57010167
14497.97,0.58074772
14500.218,0.61579466
14502.465,0.64735578
14504.713,0.64928728
14506.961,0.67126236
14509.209,0.67580827
14511.458,0.67425398
14513.706,0.68664305
14515.955,0.69206047
14518.204,0.71926439
14520.453,0.72903912
14522.702,0.7361995
14524.951,0.75904616
14527.201,0.77056387
14529.451,0.81171122
14531.701,0.83455792
14533.951,0.85043297
14536.201,0.87153679
14538.451,0.89002624
14540.702,0.89631527
14542.953,0.94182001
14545.204,0.94549469
14547.455,0.97008442
14549.706,0.96068724
14551.958,0.9634905
14554.209,0.99940925
14556.461,1.0022125
14558.713,1.0032729
14560.965,1.0165338
14563.218,0.99406479
14565.47,1.0073257
14567.723,1.0092576
14569.976,1.0207756
14572.229,1.0610517
14574.482,1.0472974
14576.735,1.046615
14578.989,1.0720764
14581.243,1.0748798
14583.497,1.0890123
14585.751,1.0909443
14588.005,1.067604
14590.26,1.0869653
14592.514,1.0793113
14594.769,1.088215
14597.024,1.1232626
14599.279,1.085979
14601.534,1.0722249
14603.79,1.0793858
14606.046,1.0665031
14608.301,1.0771499
14610.557,1.0468381
14612.814,1.0348269
14615.07,1.0219443
14617.326,0.98291796
14619.583,0.98746459
14621.84,0.96151014
14624.097,0.95298489
14626.354,0.94533113
14628.612,0.92896278
14630.869,0.92915218
14633.127,0.87879693
14635.385,0.87898636
14637.643,0.84518887
14639.901,0.84014957
14642.16,0.87345451
14644.418,0.84139999
14646.677,0.86250452
14648.936,0.8504936
14651.195,0.82628226
14653.455,0.8482583
14655.714,0.81620385
14657.974,0.84340868
14660.234,0.83488367
14662.494,0.79150029
14664.754,0.80301888
14667.014,0.75614969
14669.275,0.76069664
14671.536,0.76437214
14673.796,0.73493219
14676.058,0.75167961
14678.319,0.71178217
14680.58,0.70064292
14682.842,0.70606141
14685.104,0.7056966
14687.365,0.68948707
14689.628,0.70179807
14691.89,0.6927187
14694.152,0.68720441
14696.415,0.70664557
14698.678,0.68758407
14700.941,0.70417321
14703.204,0.70079801
14705.467,0.68601463
14707.731,0.67693536
14709.994,0.67213419
14712.258,0.65378579
14714.522,0.6411415
14716.786,0.61708903
14719.051,0.61513997
14721.315,0.60962585
14723.58,0.58913849
14725.845,0.59574561
14728.11,0.58167539
14730.375,0.58115242
14732.641,0.58775959
14734.906,0.56370724
14737.172,0.57031443
14739.438,0.56480044
14741.704,0.57212068
14743.97,0.57017177
14746.237,0.54184141
14748.504,0.55557881
14750.77,0.5336656
14753.037,0.53171675
14755.304,0.52548984
14757.572,0.52568006
14759.839,0.52373125
14762.107,0.50609619
14764.375,0.52482477
14766.643,0.52430203
14768.911,0.50666701
14771.179,0.52325661
14773.448,0.50276956
14775.717,0.50438592
14777.986,0.49744615
14780.255,0.48694132
14782.524,0.4814276
14784.793,0.47163582
14787.063,0.48608648
14789.333,0.4520523
14791.603,0.45295575
14793.873,0.4588503
14796.143,0.43052027
14798.414,0.45851824
14800.684,0.43803137
14802.955,0.44749104
14805.226,0.45766374
14807.497,0.44145499
14809.769,0.47159207
14812.04,0.45609636
14814.312,0.46056502
14816.584,0.46146863
14818.856,0.45239008
14821.128,0.45543276
14823.4,0.44350219
14825.673,0.45367502
14827.946,0.44816159
14830.219,0.45120433
14832.492,0.46280322
14834.765,0.4494467
14837.038,0.45391551
14839.312,0.46052336
14841.586,0.45001893
14843.86,0.44236657
14846.134,0.46537376
14848.408,0.45843443
14850.683,0.45648621
14852.957,0.44312981
14855.232,0.44189463
14857.507,0.43067729
14859.782,0.41732093
14862.058,0.41965085
14864.333,0.42126778
14866.609,0.42502377
14868.885,0.43876194
14871.161,0.43182276
14873.437,0.42773565
14875.713,0.42436156
14877.99,0.42883063
14880.267,0.41690042
14882.543,0.41210036
14884.821,0.41514344
14887.098,0.41889956
14889.375,0.40197832
14891.653,0.39432627
14893.931,0.3852482
14896.209,0.37117906
14898.487,0.37992633
14900.765,0.37726542
14903.044,0.38815176
14905.322,0.40046414
14907.601,0.38853411
14909.88,0.40868965
14912.159,0.39675965
14914.439,0.39980293
14916.718,0.41282839
14918.998,0.40232446
14921.278,0.40821983
14923.558,0.39415087
14925.838,0.3907771
14928.118,0.37884721
14930.399,0.36976937
14932.68,0.38350795
14934.961,0.36516098
14937.242,0.37818658
14939.523,0.36839579
14941.804,0.35432694
14944.086,0.37305669
14946.368,0.36041389
14948.65,0.36559642
14950.932,0.37933512
14953.214,0.37524852
14955.497,0.37686603
14957.779,0.37135344
14960.062,0.37439701
14962.345,0.35319816
14964.628,0.36622394
14966.912,0.37354562
14969.195,0.36518105
14971.479,0.3746418
14973.763,0.37055533
14976.047,0.37502503
14978.331,0.36808654
14980.616,0.37540831
14982.9,0.37203492
14985.185,0.37008756
14987.47,0.37954841
14989.755,0.37189699
14992.04,0.37494076
14994.326,0.37655852
14996.611,0.37461123
14998.897,0.37765505
15001.183,0.35788248
15003.469,0.36306537
15005.756,0.35826609
15008.042,0.36273599
15010.329,0.35793674
15012.616,0.36169366
15014.903,0.36473758
15017.19,0.36421645
15019.477,0.35157412
15021.765,0.35461808
15024.052,0.36194014
15026.34,0.35928003
15028.628,0.38157537
15030.917,0.37035914
15033.205,0.37696824
15035.494,0.38001229
15037.782,0.38376937
15040.071,0.40178671
15042.36,0.38201441
15044.65,0.40502286
15046.939,0.40093686
15049.229,0.39471184
15051.519,0.41059022
15053.809,0.37513171
15056.099,0.39956627
15058.389,0.39262829
15060.68,0.39495949
15062.97,0.39229961
15065.261,0.3639713
15067.552,0.38127581
15069.843,0.36435573
15072.135,0.37096508
15074.426,0.3811395
15076.718,0.3663585
15079.01,0.37581994
15081.302,0.36531705
15083.594,0.37263948
15085.887,0.38210096
15088.179,0.38086727
15090.472,0.3796336
15092.765,0.37340885
15095.058,0.37074918
15097.351,0.36880254
15099.645,0.3547347
15101.938,0.36990039
15104.232,0.38150103
15106.526,0.36957227
15108.82,0.36334762
15111.115,0.34785383
15113.409,0.34448127
15115.704,0.35822102
15117.999,0.36197861
15120.294,0.36716223
15122.589,0.3623637
15124.884,0.36469531
15127.18,0.35775777
15129.476,0.35652434
15131.771,0.35529093
15134.068,0.37045683
15136.364,0.37706658
15138.66,0.37725924
15140.957,0.38172999
15143.254,0.36980146
15145.551,0.3664291
15147.848,0.3830211
15150.145,0.37822275
15152.442,0.38411959
15154.74,0.39643357
15157.038,0.38593115
15159.336,0.38398491
15161.634,0.37134349
15163.932,0.37510137
15166.231,0.37315516
15168.53,0.36906994
15170.828,0.38708811
15173.128,0.36018651
15175.427,0.36109242
15177.726,0.35843328
15180.026,0.34222691
15182.325,0.36309721
15184.625,0.35758606
15186.925,0.3620571
15189.226,0.35939803
15191.526,0.34889583
15193.827,0.36263608
15196.127,0.3514209
15198.428,0.35446599
15200.73,0.34824193
15203.031,0.34130487
15205.332,0.34862808
15207.634,0.34596913
15209.936,0.3440232
15212.238,0.35633754
15214.54,0.33656633
15216.842,0.34745467
15219.145,0.33909169
15221.448,0.33429379
15223.75,0.35659037
15226.053,0.35820961
15228.357,0.36624598
15230.66,0.36430018
15232.964,0.36449344
15235.267,0.36183466
15237.571,0.34135059
15239.875,0.36008221
15242.18,0.36098854
15244.484,0.36046886
15246.789,0.37492245
15249.093,0.3458823
15251.398,0.35177977
15253.704,0.3541122
15256.009,0.35287958
15258.314,0.34380384
15260.62,0.34328426
15262.926,0.35773795
15265.232,0.35008828
15267.538,0.35384682
15269.844,0.35332729
15272.151,0.33926055
15274.458,0.3408801
15276.764,0.34249966
15279.072,0.34483224
15281.379,0.33504363
15283.686,0.34521938
15285.994,0.33186574
15288.301,0.33205935
15290.609,0.32583586
15292.917,0.30463912
15295.226,0.317667
15297.534,0.30787849
15299.843,0.31876736
15302.152,0.31824804
15304.461,0.31487669
15306.77,0.31079234
15309.079,0.29316077
15311.388,0.3090408
15313.698,0.29497431
15316.008,0.30728931
15318.318,0.31889131
15320.628,0.30910295
15322.939,0.31428786
15325.249,0.3201858
15327.56,0.31895363
15329.871,0.31059135
15332.182,0.32647151
15334.493,0.32666541
15336.804,0.32329427
15339.116,0.32277518
15341.428,0.31869105
15343.74,0.31104187
15346.052,0.30909681
15348.364,0.30857779
15350.676,0.30164166
15352.989,0.29114049
15355.302,0.28491741
15357.615,0.27940736
15359.928,0.28245347
15362.241,0.2854996
15364.555,0.27856356
15366.868,0.27305357
15369.182,0.28608191
15371.496,0.28199797
15373.811,0.28575718
15376.125,0.28024724
15378.439,0.27616335
15380.754,0.28919176
15383.069,0.27512572
15385.384,0.28316308
15387.699,0.27480117
15390.015,0.28355157
15392.33,0.29729307
15394.646,0.27823601
15396.962,0.28556043
15399.278,0.28218968
15401.594,0.27810593
15403.911,0.28614341
15406.227,0.26637341
15408.544,0.27726296
15410.861,0.26961421
15413.178,0.26838258
15415.496,0.27642013
15417.813,0.25807623
15420.131,0.27039189
15422.449,0.26060417
15424.767,0.25224249
15427.085,0.25314998
15429.403,0.24407532
15431.722,0.26138213
15434.041,0.26015064
15436.36,0.26747531
15438.679,0.275513
15440.998,0.25003912
15443.317,0.2552248
15445.637,0.25042831
15447.957,0.26203113
15450.277,0.27505998
15452.597,0.28666283
15454.917,0.29612665
15457.237,0.2834871
15459.558,0.28368179
15461.879,0.2781724
15464.2,0.25911578
15466.521,0.27927486
15468.842,0.26663538
15471.164,0.26326508
15473.486,0.26060781
15475.807,0.24725537
15478.129,0.23675498
15480.452,0.23908884
15482.774,0.23643163
15485.097,0.23520045
15487.419,0.22042206
15489.742,0.23630321
15492.065,0.23507208
15494.389,0.23740602
15496.712,0.23688794
15499.036,0.2156925
15501.359,0.24298193
15503.683,0.23747279
15506.007,0.2333897
15508.332,0.24713193
15510.656,0.23877079
15512.981,0.26606029
15515.306,0.25056906
15517.631,0.24648604
15519.956,0.2573763
15522.281,0.2532933
15524.607,0.2763048
15526.932,0.23871025
15529.258,0.25173961
15531.584,0.24266559
15533.91,0.23216556
15536.237,0.24376893
15538.563,0.2147306
15540.89,0.23916823
15543.217,0.21583403
15545.544,0.20961215
15547.871,0.20909438
15550.199,0.19360337
15552.526,0.21376299
15554.854,0.19613297
15557.182,0.20631044
15559.51,0.19652359
15561.839,0.17675457
15564.167,0.20047933
15566.496,0.17429323
15568.824,0.20229609
15571.153,0.19322232
15573.483,0.1976958
15575.812,0.20003026
15578.142,0.18097435
15580.471,0.20327319
15582.801,0.20061661
15585.131,0.21507233
15587.461,0.21598084
15589.792,0.19193392
15592.122,0.20710271
15594.453,0.19517703
15596.784,0.20250271
15599.115,0.19770719
15601.446,0.20431988
15603.778,0.2287579
15606.109,0.21754531
15608.441,0.21702792
15610.773,0.21508452
15613.105,0.21813223
15615.438,0.22545802
15617.77,0.22494069
15620.103,0.2258494
15622.435,0.22961018
15624.768,0.22766687
15627.102,0.21930646
15629.435,0.20381594
15631.769,0.19402953
15634.102,0.19493833
15636.436,0.17659581
15638.77,0.19105187
15641.104,0.20336891
15643.439,0.19286957
15645.773,0.20661267
15648.108,0.20181745
15650.443,0.21484756
15652.778,0.21433045
15655.113,0.20810926
15657.449,0.21900038
15659.784,0.21135319
15662.12,0.22295735
15664.456,0.20604102
15666.792,0.19197676
15669.129,0.18219059
15671.465,0.17454347
15673.802,0.17260047
15676.139,0.17065748
15678.476,0.17299258
15680.813,0.16249347
15683.15,0.16696764
15685.488,0.16645073
15687.825,0.15737769
15690.163,0.16399094
15692.501,0.16989119
15694.84,0.18078254
15697.178,0.17598764
15699.517,0.17760986
15701.855,0.16354582
15704.194,0.15732493
15706.533,0.17392045
15708.873,0.15771742
15711.212,0.15220959
15713.552,0.16096202
15715.892,0.1547412
15718.231,0.14566835
15720.572,0.13303045
15722.912,0.13465282
15725.252,0.13841424
15727.593,0.13433253
15729.934,0.14379808
15732.275,0.14114243
15734.616,0.1391998
15736.958,0.14723937
15739.299,0.13317556
15741.641,0.13337202
15743.983,0.13499452
15746.325,0.14232113
15748.667,0.14750872
15751.009,0.13914909
15753.352,0.14932779
15755.695,0.14667229
15758.038,0.14116475
15760.381,0.14350036
15762.724,0.14227092
15765.067,0.14817163
15767.411,0.14622921
15769.755,0.14927789
15772.099,0.1416314
15774.443,0.12899384
15776.787,0.1398857
15779.132,0.12867419
15781.477,0.12601885
15783.821,0.12906762
15786.166,0.12712532
15788.512,0.12161797
15790.857,0.12609281
15793.203,0.1327067
15795.548,0.1222083
15797.894,0.13523934
15800.24,0.13401014
15802.586,0.11709467
15804.933,0.14795106
15807.279,0.1296096
15809.626,0.14905782
15811.973,0.14497664
15814.32,0.14374753
15816.668,0.15178759
15819.015,0.13772428
15821.363,0.15931161
15823.71,0.15594352
15826.058,0.1561405
15828.407,0.17202377
15830.755,0.13443113
15833.103,0.16386167
15835.452,0.14124231
15837.801,0.15997769
15840.15,0.17586104
15842.499,0.16037185
15844.849,0.18409836
15847.198,0.15934004
15849.548,0.15882415
15851.898,0.15403021
15854.248,0.13925411
15856.598,0.15157249
15858.949,0.12538822
15861.299,0.14269772
15863.65,0.12863469
15866.001,0.12597987
15868.352,0.14043737
15870.703,0.12280932
15873.055,0.13797986
15875.406,0.13603811
15877.758,0.14336554
15880.11,0.1571101
15882.462,0.14589923
15884.815,0.15679177
15887.167,0.13132068
15889.52,0.13009204
15891.873,0.12173328
15894.226,0.10624441
15896.579,0.12070208
15898.932,0.10663927
15901.286,0.10469768
15903.64,0.10703419
15905.994,0.095823469
15908.348,0.1152723
15910.702,0.10833969
15913.056,0.12921457
15915.411,0.12228199
15917.766,0.11677544
15920.121,0.12552916
15922.476,0.11360553
15924.831,0.1123771
15927.187,0.11827881
15929.542,0.1106333
15931.898,0.11439601
15934.254,0.10175944
15936.61,0.10409615
15938.967,0.10286781
15941.323,0.10591756
15943.68,0.099698157
15946.037,0.10417396
15948.394,0.10009363
15950.751,0.10171741
15953.108,0.1140364
15955.466,0.11566021
15957.824,0.11871006
15960.181,0.13388114
15962.54,0.12195776
15964.898,0.12928573
15967.256,0.12805757
15969.615,0.13110749
15971.974,0.12132321
15974.333,0.12366015
15976.692,0.12813614
15979.051,0.11336081
15981.411,0.11498479
15983.77,0.09807045
15986.13,0.094703365
15988.49,0.10203148
15990.85,0.085830201
15993.211,0.10527956
15995.571,0.091930358
15997.932,0.099258533
16000.293,0.091613461
16002.654,0.088246478
16005.015,0.08202746
16007.376,0.071530382
16009.738,0.099535992
16012.1,0.084047856
16014.462,0.097080233
16016.824,0.1029825
16019.186,0.078938258
16021.548,0.11122202
16023.911,0.097159978
16026.274,0.10591435
16028.637,0.10825163
16031,0.10274579
16033.363,0.12576046
16035.727,0.098864266
16038.09,0.10334064
16040.454,0.091417741
16042.818,0.081633894
16045.182,0.097518512
16047.547,0.062066245
16049.911,0.076524867
16052.276,0.077436266
16054.641,0.082625754
16057.006,0.090667307
16059.371,0.072327413
16061.737,0.086073095
16064.102,0.07914143
16066.468,0.079339904
16068.834,0.085242493
16071.2,0.073319785
16073.566,0.1020388
16075.933,0.085125035
16078.299,0.086036595
16080.666,0.064844782
16083.033,0.062904321
16085.4,0.072372075
16087.767,0.061875493
16090.135,0.072056289
16092.503,0.079385048
16094.87,0.070314536
16097.238,0.06766115
16099.607,0.071424891
16101.975,0.063780447
16104.344,0.064692168
16106.712,0.08200319
16109.081,0.06865469
16111.45,0.07384453
16113.819,0.066913171
16116.189,0.07210304
16118.558,0.064458698
16120.928,0.060379434
16123.298,0.075551521
16125.668,0.058638061
16128.039,0.084505364
16130.409,0.083278208
16132.78,0.079912029
16135.15,0.098649252
16137.521,0.081735865
16139.893,0.08977793
16142.264,0.06644746
16144.635,0.075202566
16147.007,0.078966599
16149.379,0.07203546
16151.751,0.07793856
16154.123,0.058173226
16156.495,0.061937318
16158.868,0.06142335
16161.241,0.052353246
16163.614,0.061108469
16165.987,0.069150695
16168.36,0.07291486
16170.733,0.078105064
16173.107,0.080443234
16175.481,0.077077318
16177.855,0.079415516
16180.229,0.072484567
16182.603,0.074822795
16184.978,0.062187775
16187.352,0.06951712
16189.727,0.058308154
16192.102,0.045673178
16194.477,0.059419679
16196.852,0.022542308
16199.228,0.024880638
16201.604,0.020088858
16203.979,0.012445042
16206.355,0.039025841
16208.732,0.01569578
16211.108,0.030155395
16213.485,0.024650676
16215.861,0.007737771
16218.238,0.020771405
16220.615,0.010275642
16222.993,0.04469968
16225.37,0.043473108
16227.748,0.039394501
16230.125,0.048150134
16232.503,0.017690094
16234.881,0.034288893
16237.26,0.034488419
16239.638,0.031122898
16242.017,0.048434753
16244.396,0.037939136
16246.775,0.043129809
16249.154,0.024078071
16251.533,0.02855576
16253.913,0.040876601
16256.292,0.03109407
16258.672,0.054110127
16261.052,0.0314934
16263.432,0.037397187
16265.813,0.036883876
16268.193,0.034231543
16270.574,0.045126461
16272.955,0.02892692
16275.336,0.049804042
16277.717,0.038595617
16280.099,0.030952269
16282.48,0.036143161
16284.862,0.02493478
16287.244,0.045811975
16289.626,0.036029648
16292.009,0.036942523
16294.391,0.032864325
16296.774,0.023082043
16299.156,0.034690149
16301.539,0.024907895
16303.923,0.019403731
16306.306,0.025307781
16308.689,0.015525571
16311.073,0.013586513
16313.457,0.0038043322
16315.841,0.016125553
16318.225,0.012760514
16320.61,0.025794776
16322.994,0.035977004
16325.379,0.031898996
16327.764,0.039229202
16330.149,0.042994361
16332.534,0.037490372
16334.92,0.050524722
16337.305,0.042168713
16339.691,0.056629117
16342.077,0.048273137
16344.463,0.045621271
16346.849,0.040830382
16349.236,0.032474446
16351.623,0.044795886
16354.009,0.040005041
16356.396,0.04947446
16358.784,0.053952807
16361.171,0.044170919
16363.558,0.060770507
16365.946,0.041719485
16368.334,0.046910903
16370.722,0.057806435
16373.11,0.065136919
16375.499,0.069615368
16377.887,0.054129482
16380.276,0.049338798
16382.665,0.045261141
16385.054,0.029062286
16387.443,0.030688758
16389.833,0.029463195
16392.222,0.033941746
16394.612,0.033429225
16397.002,0.037907805
16399.392,0.033117238
16401.783,0.021909573
16404.173,0.02995326
16406.564,0.030153824
16408.955,0.030354402
16411.346,0.053371395
16413.737,0.045728865
16416.128,0.04949455
16418.52,0.053973262
16420.911,0.044191739
16423.303,0.042253368
16425.695,0.026767774
16428.088,0.041228719
16430.48,0.043568467
16432.872,0.034500029
16435.265,0.044682943
16437.658,0.016363198
16440.051,0.045797478
16442.445,0.038868137
16444.838,0.038355922
16447.232,0.052816984
16449.625,0.027349362
16452.019,0.050366603
16454.414,0.03060311
16456.808,0.027951931
16459.202,0.042413066
16461.597,0.026927691
16463.992,0.057788143
16466.387,0.030181585
16468.782,0.043929766
16471.177,0.047695787
16473.573,0.010820112
16475.969,0.053088836
16478.365,0.037603563
16480.761,0.05491688
16483.157,0.058682974
16485.553,0.044623771
16487.95,0.061224118
16490.347,0.036469757
16492.744,0.050931097
16495.141,0.026889777
16497.538,0.018534747
16499.935,0.052247467
16502.333,0.0039637672
16504.731,0.02127723
16507.129,0.01078322
16509.527,0.0002892256
16511.925,0.026158882
16514.324,-0.0064384706
16516.722,0.01230109
16519.121,-0.0046099586
16521.52,0.00058239417
16523.919,0.015043924
16526.319,-0.0047191309
16528.718,0.026854727
16531.118,0.022064964
16533.518,0.020127265
16535.918,0.048849117
16538.318,0.029799148
16540.719,0.040695718
16543.119,0.035906027
16545.52,0.023986227
16547.921,0.047004052
16550.322,0.030806206
16552.723,0.032433686
16555.125,0.044756368
16557.526,0.015724341
16559.928,0.033751153
16562.33,-0.0002719324
16564.732,0.0042076709
16567.135,0.024373563
16569.537,0.010314872
16571.94,0.044741043
16574.343,0.012857068
16576.746,0.025179882
16579.149,0.016825348
16581.552,-0.01434557
16583.956,0.014376575
16586.36,-0.016794314
16588.764,0.0083627969
16591.168,0.0049994238
16593.572,-0.0097721344
16595.976,0.017524058
16598.381,0.02781766
16600.786,0.017762998
16603.191,0.025204579
16605.596,0.028422947
16608.001,0.028624739
16610.407,0.04089291
16612.812,0.029631684
16615.218,0.044916475
16617.624,0.037878506
16620.03,0.033253825
16622.436,0.040695523
16624.843,0.01917796
16627.25,0.027223006
16629.657,0.0093253811
16632.064,0.00047754503
16634.471,0.0079193163
16636.878,0.00088146419
16639.286,0.017976357
16641.693,0.0097318973
16644.101,0.022603591
16646.509,0.026425526
16648.918,0.016371156
16651.326,0.015969892
16653.735,0.0053122328
16656.143,0.01456409
16658.552,0.020196053
16660.962,0.027637985
16663.371,0.034476613
16665.78,0.04010862
16668.19,0.039707459
16670.6,0.030256538
16673.01,0.037698543
16675.42,0.02885097
16677.83,0.031466458
16680.241,0.044338372
16682.652,0.051177117
16685.062,0.06042915
16687.473,0.052184968
16689.885,0.052990575
16692.296,0.034490012
16694.708,0.048568649
16697.119,0.040927844
16699.531,0.041130191
16701.943,0.055208872
16704.356,0.039121656
16706.768,0.049580457
16709.181,0.030476678
16711.593,0.028265825
16714.006,0.02484835
16716.419,0.013587752
16718.833,0.031889763
16721.246,0.015199331
16723.66,0.03048478
16726.074,0.024050787
16728.488,0.010376989
16730.902,0.0069596165
16733.316,0.0017323037
16735.731,0.009778007
16738.145,0.0075673146
16740.56,0.017423002
16742.975,0.0073692015
16745.391,0.0057618713
16747.806,0.011394375
16750.222,-0.0016759731
16752.637,-0.00086998656
16755.053,-0.0018739401
16757.469,-0.014340926
16759.886,-0.0062950764
16762.302,-0.0042823948
16764.719,-0.020972564
16767.135,-0.012926671
16769.552,-0.029616812
16771.97,-0.023984162
16774.387,-0.017144861
16776.804,-0.014528774
16779.222,-0.0034662164
16781.64,-0.0092965552
16784.058,0.0065925776
16786.476,0.0037788593
16788.894,0.0069983381
16791.313,0.02107756
16793.732,0.0043875657
16796.151,0.029326545
16798.57,0.036165992
16800.989,0.039988862
16803.408,0.047431656
16805.828,0.039791509
16808.248,0.043614423
16810.667,0.028131168
16813.088,0.02531761
16815.508,0.032760477
16817.928,0.023310448
16820.349,0.039803118
16822.77,0.0231133
16825.191,0.034176135
16827.612,0.039205802
16830.033,0.014069572
16832.455,0.026942405
16834.876,0.014475887
16837.298,0.018902295
16839.72,0.014278943
16842.142,0.0066390151
16844.565,0.015892013
16846.987,-0.005020888
16849.41,0.013885231
16851.833,-0.0046143676
16854.256,0.00041546049
16856.679,0.0084618945
16859.102,-0.021500707
16861.526,0.00042207623
16863.95,-0.0066144022
16866.374,-0.0094276383
16868.798,-0.00017449476
16871.222,-0.0090208841
16873.647,0.018935154
16876.071,0.020948523
16878.496,0.028995088
16880.921,0.017132166
16883.346,0.0076825316
16885.771,0.012109231
16888.197,0.0020563078
16890.623,0.017946084
16893.048,0.0060832346
16895.475,0.0044768103
16897.901,0.005886992
16900.327,-0.0023559038
16902.754,0.0062941261
16905.18,-0.0043620134
16907.607,-0.013208184
16910.034,-0.013607884
16912.462,-0.01038766
16914.889,-0.0029441931
16917.317,-0.0039550404
16919.744,-0.00013932764
16922.172,-0.0041667381
16924.6,0.00025232097
16927.029,0.0016548028
16929.457,0.012710391
16931.886,0.0032531723
16934.315,0.0022424233
16936.744,-0.0060081307
16939.173,-0.0021923055
16941.602,0.00041689714
16944.032,-0.012660161
16946.461,-0.0082409751
16948.891,-0.015284822
16951.321,-0.019915382
16953.751,-0.014892837
16956.182,-0.013490186
16958.612,-0.017517386
16961.043,-0.019734617
16963.474,-0.011695423
16965.905,-0.018739172
16968.336,-0.010096633
16970.768,-0.0086938978
16973.199,-0.0066878307
16975.631,0.010401207
16978.063,0.0050642387
16980.495,0.010587006
16982.927,0.011886552
16985.36,0.013789423
16987.792,0.013279028
16990.225,0.0073387747
16992.658,0.015274848
16995.091,0.011144563
16997.525,0.01908065
16999.958,0.014950378
17002.392,0.011423432
17004.826,0.012723038
17007.26,0.0031629219
17009.694,0.008685769
17012.128,0.0087787584
17014.563,0.020334801
17016.998,0.01499794
17019.433,0.012677676
17021.868,0.024233739
17024.303,0.0080371689
17026.738,0.01778329
17029.174,0.026322782
17031.61,0.026415825
17034.046,0.036765284
17036.482,0.023585339
17038.918,0.035141448
17041.355,0.035234517
17043.791,0.034724275
17046.228,0.032404085
17048.665,0.018017536
17051.102,0.025953769
17053.539,0.026046872
17055.977,0.024933344
17058.415,0.032266279
17060.853,0.018483082
17063.291,0.018576211
17065.729,0.016859392
17068.167,0.021175762
17070.606,0.01825232
17073.045,0.011105657
17075.483,0.0081822282
17077.922,0.014911898
17080.362,0.022848211
17082.801,0.027164621
17085.241,0.016398082
17087.681,0.027954324
17090.121,0.024427617
17092.561,0.032363963
17095.001,0.049953408
17097.441,0.042203493
17099.882,0.05013986
17102.323,0.049026459
17104.764,0.058169475
17107.205,0.067915816
17109.646,0.06861239
17112.088,0.07956538
17114.53,0.065179011
17116.972,0.092421608
17119.414,0.077431934
17121.856,0.076921905
17124.298,0.08727161
17126.741,0.048149226
17129.184,0.077805129
17131.626,0.06583208
17134.07,0.072561903
17136.513,0.085324915
17138.956,0.077575113
17141.4,0.080081728
17143.844,0.081985031
17146.288,0.095954707
17148.732,0.089411568
17151.176,0.1015713
17153.621,0.11493768
17156.065,0.11141115
17158.51,0.15072023
17160.955,0.12426762
17163.4,0.13944398
17165.846,0.14557057
17168.291,0.14506066
17170.737,0.17351004
17173.183,0.17058688
17175.629,0.18515995
17178.075,0.17982353
17180.521,0.18776012
17182.968,0.20293653
17185.415,0.20302999
17187.862,0.21880973
17190.309,0.21709326
17192.756,0.24614601
17195.203,0.25770255
17197.651,0.26443254
17200.099,0.27900568
17202.547,0.27065274
17204.995,0.29487898
17207.443,0.28893932
17209.892,0.32824854
17212.34,0.3325653
17214.789,0.33748539
17217.238,0.35205857
17219.687,0.37085499
17222.137,0.39085806
17224.586,0.39939808
17227.036,0.41940116
17229.486,0.43397438
17231.936,0.45035756
17234.386,0.46975734
17236.837,0.48372726
17239.287,0.5013171
17241.738,0.51468371
17244.189,0.53468684
17246.64,0.53960701
17249.091,0.56202342
17251.543,0.55910047
17253.994,0.58453349
17256.446,0.60212337
17258.898,0.59859712
17261.35,0.62041025
17263.803,0.6132641
17266.255,0.62421751
17268.708,0.61345147
17271.161,0.62199162
17273.614,0.63415169
17276.067,0.63545203
17278.52,0.67657139
17280.974,0.67606179
17283.427,0.68098207
17285.881,0.70158862
17288.335,0.68659941
17290.79,0.71565243
17293.244,0.73143246
17295.699,0.74781581
17298.153,0.75756267
17300.608,0.76127636
17303.063,0.77765973
17305.519,0.7705137
17307.974,0.77181413
17310.43,0.74596525
17312.886,0.74967897
17315.342,0.74977278
17317.798,0.72754383
17320.254,0.74935711
17322.711,0.72411158
17325.167,0.70429592
17327.624,0.69775327
17330.081,0.69483053
17332.538,0.70276753
17334.996,0.68355521
17337.453,0.6776159
17339.911,0.6849496
17342.369,0.69469658
17344.827,0.69720375
17347.285,0.67859478
17349.744,0.68170528
17352.202,0.66369965
17354.661,0.66319025
17357.12,0.66931736
17359.579,0.67182457
17362.038,0.67252183
17364.498,0.67563237
17366.957,0.68296614
17369.417,0.68487006
17371.877,0.67289766
17374.337,0.65730536
17376.798,0.63809316
17379.258,0.6665431
17381.719,0.64733091
17384.18,0.64742491
17386.641,0.65053551
17389.102,0.63072002
17391.563,0.63564059
17394.025,0.62246162
17396.487,0.60626606
17398.949,0.62264969
17401.411,0.60223092
17403.873,0.60292829
17406.335,0.61327876
17408.798,0.60311642
17411.261,0.58812754
17413.724,0.58460171
17416.187,0.57926593
17418.65,0.57936002
17421.114,0.57221431
17423.577,0.56265532
17426.041,0.55852621
17428.505,0.55982696
17430.969,0.53759832
17433.434,0.52019622
17435.898,0.53115009
17438.363,0.52098783
17440.828,0.52228862
17443.293,0.53686242
17445.758,0.52187363
17448.223,0.52981094
17450.689,0.52809516
17453.155,0.5299993
17455.62,0.53311009
17458.087,0.53260097
17460.553,0.54536486
17463.019,0.55209558
17465.486,0.57813248
17467.953,0.56495371
17470.42,0.54936167
17472.887,0.55428245
17475.354,0.53688047
17477.822,0.54904109
17480.289,0.53586235
17482.757,0.53233671
17485.225,0.53062102
17487.693,0.51985558
17490.162,0.52899964
17492.63,0.49953134
17495.099,0.47911282
17497.568,0.48463699
17500.037,0.48050807
17502.506,0.4908588
17504.975,0.4867299
17507.445,0.48441096
17509.915,0.47967876
17512.384,0.48459965
17514.855,0.47926414
17517.325,0.47754854
17519.795,0.47764291
17522.266,0.45601783
17524.737,0.46998853
17527.208,0.47732273
17529.679,0.4532844
17532.15,0.45639539
17534.622,0.45166325
17537.093,0.4529643
17539.565,0.44702554
17542.037,0.44350005
17544.509,0.43997458
17546.982,0.43041592
17549.454,0.43654355
17551.927,0.42095173
17554.4,0.42828601
17556.873,0.43743025
17559.346,0.43631809
17561.819,0.44365239
17564.293,0.44676347
17566.767,0.44444469
17569.241,0.44152259
17571.715,0.43980715
17574.189,0.43628175
17576.663,0.44844263
17579.138,0.44672721
17581.613,0.44139187
17584.088,0.44148641
17586.563,0.44097764
17589.038,0.4344357
17591.514,0.4260838
17593.989,0.44246796
17596.465,0.43230612
17598.941,0.44265711
17601.417,0.43430524
17603.894,0.43500315
17606.37,0.4465608
17608.847,0.42614259
17611.324,0.43227038
17613.801,0.42452186
17616.278,0.43668285
17618.756,0.44884385
17621.233,0.44833517
17623.711,0.45325637
17626.189,0.43163156
17628.667,0.43293286
17631.145,0.42397775
17633.624,0.43070892
17636.102,0.43623347
17638.581,0.42486511
17641.06,0.43762948
17643.539,0.44375737
17646.019,0.44264543
17648.498,0.4445501
17650.978,0.42594196
17653.458,0.41698691
17655.938,0.41346173
17658.418,0.41717638
17660.898,0.41606449
17663.379,0.41374597
17665.859,0.42349382
17668.34,0.40971227
17670.821,0.4152369
17673.303,0.41834827
17675.784,0.41663311
17678.266,0.43362081
17680.747,0.42828574
17683.229,0.43139714
17685.711,0.44235168
17688.194,0.44184318
17690.676,0.44073137
17693.159,0.43298307
17695.642,0.43006132
17698.125,0.42351966
17700.608,0.42361451
17703.091,0.41646955
17705.575,0.40992792
17708.058,0.40157634
17710.542,0.39684467
17713.026,0.40719596
17715.51,0.40065436
17717.995,0.41100567
17720.479,0.41230721
17722.964,0.41360876
17725.449,0.4245634
17727.934,0.42586497
17730.419,0.41992672
17732.905,0.42967475
17735.39,0.44183606
17737.876,0.43710446
17740.362,0.4462492
17742.848,0.43186452
17745.334,0.42954622
17747.821,0.44110425
17750.307,0.43637269
17752.794,0.44853405
17755.281,0.44621577
17757.768,0.44812073
17760.256,0.46571197
17762.743,0.47304681
17765.231,0.47917502
17767.719,0.4840966
17770.207,0.48117505
17772.695,0.48730327
17775.183,0.50248128
17777.672,0.51041948
17780.161,0.52378754
17782.65,0.50457643
17785.139,0.51130801
17787.628,0.51321305
17790.117,0.51391146
17792.607,0.51400656
17795.097,0.50263862
17797.587,0.5148001
17800.077,0.50343217
17802.567,0.52102352
17805.058,0.52172197
17807.548,0.50794079
17810.039,0.51406912
17812.53,0.49908132
17815.021,0.51063952
17817.513,0.50409819
17820.004,0.50600331
17822.496,0.51756154
17824.988,0.51222686
17827.48,0.52016519
17829.972,0.50940066
17832.464,0.52940536
17834.957,0.52889726
17837.45,0.54166216
17839.942,0.55623702
17842.436,0.54486921
17844.929,0.55642749
17847.422,0.55048956
17849.916,0.55179144
17852.41,0.56274643
17854.904,0.55861847
17857.398,0.56776351
17859.892,0.57751188
17862.386,0.57881381
17864.881,0.57408255
17867.376,0.56452476
17869.871,0.55195038
17872.366,0.55385565
17874.861,0.56481069
17877.357,0.56852593
17879.853,0.58430753
17882.349,0.59888251
17884.845,0.59777122
17887.341,0.59183339
17889.837,0.59856525
17892.334,0.59926393
17894.831,0.60418585
17897.327,0.60548786
17899.825,0.61704629
17902.322,0.62015827
17904.819,0.61603044
17907.317,0.6112993
17909.815,0.60596485
17912.313,0.61149013
17914.811,0.60555238
17917.309,0.61047435
17919.808,0.62927266
17922.306,0.61971501
17924.805,0.62282705
17927.304,0.63197228
17929.803,0.62965447
17932.303,0.63457649
17934.802,0.63467197
17937.302,0.64200727
17939.802,0.64753263
17942.302,0.64159494
17944.802,0.64048381
17947.302,0.64600919
17949.803,0.65455116
17952.304,0.6486135
17954.805,0.65655217
17957.306,0.67173067
17959.807,0.66518971
17962.308,0.67554167
17964.81,0.68348037
17967.312,0.69745225
17969.814,0.71866396
17972.316,0.70789981
17974.818,0.70859871
17977.321,0.71050426
17979.823,0.71361645
17982.326,0.71733196
17984.829,0.70113798
17987.332,0.7078701
17989.836,0.68684958
17992.339,0.68694521
17994.843,0.68161099
17997.347,0.65697058
17999.851,0.66068614
18002.355,0.64388889
18004.86,0.64519119
18007.364,0.66519636
18009.869,0.64779581
18012.374,0.64668486
18014.879,0.62807769
18017.384,0.64325634
18019.89,0.63430227
18022.395,0.64103448
18024.901,0.63992356
18027.407,0.63579606
18029.913,0.6527847
18032.42,0.63478089
18034.926,0.63306668
18037.433,0.64100557
18039.94,0.63084491
18042.447,0.64843691
18044.954,0.63103645
18047.461,0.64259527
18049.969,0.6342446
18052.476,0.63554703
18054.984,0.63684946
18057.492,0.63935854
18060.001,0.6509174
18062.509,0.64136012
18065.018,0.64567917
18067.526,0.64818828
18070.035,0.64647416
18072.544,0.64415673
18075.054,0.64425258
18077.563,0.65762144
18080.073,0.65228744
18082.583,0.65901981
18085.093,0.65006591
18087.603,0.64292198
18090.113,0.6406046
18092.623,0.62561754
18095.134,0.63053999
18097.645,0.62279276
18100.156,0.60901236
18102.667,0.60005851
18105.179,0.5923113
18107.69,0.58396078
18110.202,0.56052731
18112.714,0.55217681
18115.226,0.53899977
18117.738,0.53849241
18120.251,0.53557179
18122.763,0.53265118
18125.276,0.52671398
18127.789,0.50750378
18130.302,0.51302964
18132.815,0.50467919
18135.329,0.50356857
18137.842,0.4976314
18140.356,0.49229756
18142.87,0.49360023
18145.384,0.48645644
18147.899,0.49198235
18150.413,0.47337554
18152.928,0.470455
18155.443,0.46270793
18157.958,0.46401063
18160.473,0.46651998
18162.988,0.45213643
18165.504,0.45947234
18168.02,0.44991534
18170.535,0.45725127
18173.052,0.44709097
18175.568,0.46407999
18178.084,0.46658939
18180.601,0.45703243
18183.118,0.48307125
18185.635,0.47713421
18188.152,0.47059386
18190.669,0.4700867
18193.186,0.47319945
18195.704,0.47570889
18198.222,0.47520175
18200.74,0.47348798
18203.258,0.46393108
18205.776,0.46644055
18208.295,0.4484372
18210.814,0.44370687
18213.332,0.44561304
18215.851,0.42881635
18218.371,0.42770595
18220.89,0.42599223
18223.41,0.41583206
18225.929,0.40868849
18228.449,0.39913166
18230.969,0.39621133
18233.49,0.39268769
18236.01,0.39157733
18238.531,0.38383047
18241.051,0.39237322
18243.572,0.39246951
18246.094,0.38894591
18248.615,0.38059576
18251.136,0.36922903
18253.658,0.36329217
18256.18,0.36640509
18258.702,0.36469147
18261.224,0.37142432
18263.746,0.35824767
18266.269,0.35653407
18268.792,0.35421716
18271.314,0.35129694
18273.837,0.33570704
18276.361,0.32735696
18278.884,0.32443676
18281.408,0.31669002
18283.931,0.32704283
18286.455,0.3289492
18288.979,0.31818589
18291.504,0.32069558
18294.028,0.30812233
18296.553,0.33054154
18299.077,0.3179683
18301.602,0.32228798
18304.128,0.32721098
18306.653,0.31403444
18309.178,0.32981718
18311.704,0.31724398
18314.23,0.33001014
18316.756,0.32769336
18319.282,0.32778985
18321.808,0.34296931
18324.335,0.33280941
18326.862,0.3419557
18329.388,0.32214272
18331.915,0.33249566
18334.443,0.33379883
18336.97,0.32906883
18339.498,0.35329811
18342.025,0.32926194
18344.553,0.33116845
18347.081,0.33005839
18349.61,0.32050187
18352.138,0.32059845
18354.667,0.31526518
18357.196,0.30993191
18359.725,0.31364842
18362.254,0.31314171
18364.783,0.31022174
18367.312,0.30669845
18369.842,0.29955526
18372.372,0.28879217
18374.902,0.29492199
18377.432,0.3004485
18379.963,0.29632193
18382.493,0.29822855
18385.024,0.29832522
18387.555,0.28394226
18390.086,0.29369203
18392.617,0.28413563
18395.148,0.2866456
18397.68,0.28734562
18400.212,0.27839255
18402.744,0.29719213
18405.276,0.28401585
18407.808,0.28712917
18410.34,0.28774878
18412.873,0.28784553
18415.406,0.2853279
18417.939,0.29588217
18420.472,0.29179592
18423.005,0.29502995
18425.539,0.2956496
18428.072,0.29156337
18430.606,0.28800003
18433.14,0.29227983
18435.675,0.29446814
18438.209,0.28776756
18440.743,0.29989052
18443.278,0.29266708
18445.813,0.29380966
18448.348,0.2939065
18450.883,0.28563733
18453.419,0.28207404
18455.954,0.27328201
18458.49,0.27181024
18461.026,0.27818162
18463.562,0.27461837
18466.098,0.28360414
18468.635,0.28160952
18471.171,0.28013779
18473.708,0.2844177
18476.245,0.27928585
18478.782,0.28356577
18481.32,0.27581956
18483.857,0.28219099
18486.395,0.28385656
18488.933,0.28865938
18491.471,0.28823345
18494.009,0.28676178
18496.547,0.28738162
18499.086,0.27754395
18501.625,0.28077818
18504.164,0.27616928
18506.703,0.27469764
18509.242,0.26852012
18511.781,0.26129686
18514.321,0.27132851
18516.861,0.25783075
18519.401,0.27099967
18521.941,0.26952807
18524.481,0.25916759
18527.021,0.2686764
18529.562,0.26772769
18532.103,0.26155024
18534.644,0.27105907
18537.185,0.27952215
18539.726,0.2822336
18542.268,0.27919343
18544.81,0.27667614
18547.351,0.27991049
18549.893,0.26955007
18552.436,0.25709816
18554.978,0.26190116
18557.521,0.25206364
18560.063,0.25006926
18562.606,0.2543494
18565.149,0.24346615
18567.693,0.24983781
18570.236,0.25150359
18572.78,0.24062036
18575.323,0.23287439
18577.867,0.22042255
18580.411,0.22940862
18582.956,0.22898293
18585.5,0.23744614
18588.045,0.24538648
18590.59,0.24391506
18593.135,0.2476724
18595.68,0.25090688
18598.225,0.25152698
18600.771,0.24744121
18603.316,0.25485871
18605.862,0.24449844
18608.408,0.24511857
18610.954,0.24469296
18613.501,0.23903859
18616.047,0.25586789
18618.594,0.24759916
18621.141,0.24926508
18623.688,0.25145387
18626.235,0.24318516
18628.783,0.24641973
18631.33,0.23762815
18633.878,0.23981697
18636.426,0.23363979
18638.974,0.23844301
18641.523,0.24063185
18644.071,0.24229783
18646.62,0.25180695
18649.168,0.25556444
18651.717,0.25827619
18654.267,0.2510533
18656.816,0.24383042
18659.366,0.24079055
18661.915,0.23199906
18664.465,0.23837097
18667.015,0.240037
18669.565,0.23385991
18672.116,0.23395733
18674.666,0.228826
18677.217,0.22578618
18679.768,0.22326924
18682.319,0.22022943
18684.87,0.2135295
18687.422,0.2104897
18689.973,0.21267868
18692.525,0.21068465
18695.077,0.20869062
18697.629,0.2197685
18700.182,0.20156534
18702.734,0.21212036
18705.287,0.20646623
18707.839,0.209701
18710.393,0.2103214
18712.946,0.21251043
18715.499,0.20947071
18718.053,0.21218263
18720.606,0.21541743
18723.16,0.21812936
18725.714,0.21770405
18728.268,0.21414148
18730.823,0.22155932
18733.377,0.22427128
18735.932,0.21757148
18738.487,0.23178672
18741.042,0.2172438
18743.597,0.22675317
18746.153,0.21743902
18748.708,0.21910527
18751.264,0.22234015
18753.82,0.22505216
18756.376,0.21835242
18758.933,0.21897294
18761.489,0.21384184
18764.046,0.20871074
18766.603,0.21403716
18769.16,0.20576882
18771.717,0.20011487
18774.274,0.21276158
18776.832,0.20292463
18779.389,0.20877396
18781.947,0.2125318
18784.505,0.21524389
18787.064,0.21168148
18789.622,0.20864196
18792.181,0.19828217
18794.739,0.19576553
18797.298,0.19429465
18799.857,0.19700679
18802.417,0.2002418
18804.976,0.19615656
18807.536,0.20409747
18810.096,0.20210375
18812.655,0.18912964
18815.216,0.20229933
18817.776,0.19403112
18820.336,0.18785441
18822.897,0.19840974
18825.458,0.19014155
18828.019,0.19389951
18830.58,0.20340911
18833.142,0.20089257
18835.703,0.19889891
18838.265,0.19585951
18840.827,0.20536913
18843.389,0.20076112
18845.951,0.19563023
18848.513,0.20357125
18851.076,0.20157763
18853.639,0.19278664
18856.202,0.19706754
18858.765,0.19141382
18861.328,0.19151173
18863.892,0.18690377
18866.455,0.17968143
18869.019,0.17455061
18871.583,0.1736028
18874.147,0.176838
18876.711,0.1737987
18879.276,0.16500777
18881.841,0.16772011
18884.405,0.16624946
18886.97,0.16216443
18889.536,0.1648768
18892.101,0.17386368
18894.667,0.16873292
18897.232,0.16307929
18899.798,0.15637992
18902.364,0.17268709
18904.93,0.17121649
18907.497,0.1718374
18910.063,0.17141256
18912.63,0.17098773
18915.197,0.17108578
18917.764,0.16281783
18920.332,0.16814465
18922.899,0.16510547
18925.467,0.15579179
18928.035,0.16321014
18930.602,0.15075921
18933.171,0.15451744
18935.739,0.16245868
18938.307,0.16726268
18940.876,0.16108629
18943.445,0.1549099
18946.014,0.16128255
18948.583,0.15510618
18951.153,0.15468145
18953.722,0.1526881
18956.292,0.14389737
18958.862,0.14817854
18961.432,0.13363619
18964.002,0.14419188
18966.573,0.14690445
18969.143,0.14752552
18971.714,0.15076097
18974.285,0.14197029
18976.856,0.14102275
18979.427,0.13223208
18981.999,0.13389893
18984.57,0.13452004
18987.142,0.13252678
18989.714,0.13262502
18992.286,0.13533766
18994.859,0.13700454
18997.431,0.13344268
19000.004,0.13406383
19002.577,0.1341621
19005.15,0.12484863
19007.723,0.11762666
19010.296,0.12295371
19012.87,0.11886901
19015.444,0.12890197
19018.018,0.13056891
19020.592,0.13223587
19023.166,0.12867407
19025.74,0.12772665
19028.315,0.12416487
19030.89,0.12321747
19033.465,0.13534197
19036.04,0.13334884
19038.615,0.12821845
19041.191,0.1288397
19043.766,0.1221407
19046.342,0.13478812
19048.918,0.12913488
19051.494,0.13289342
19054.071,0.12514869
19056.647,0.12733861
19059.224,0.12743704
19061.801,0.12544397
19064.378,0.12867966
19066.955,0.12720948
19069.532,0.13149094
19072.11,0.12792927
19074.688,0.11495584
19077.266,0.13074058
19079.844,0.12561031
19082.422,0.13302905
19085,0.12423866
19087.579,0.1211999
19090.158,0.12652716
19092.737,0.11878254
19095.316,0.12515557
19097.895,0.12473122
19100.475,0.12221537
19103.054,0.11917665
19105.634,0.12032095
19108.214,0.11675937
19110.794,0.11790368
19113.375,0.11800225
19115.955,0.11130343
19118.536,0.1181994
19121.117,0.10418033
19123.698,0.11682795
19126.279,0.11378929
19128.86,0.11127352
19131.442,0.11712376
19134.024,0.10833349
19136.606,0.11470663
19139.188,0.11375951
19141.77,0.11281239
19144.352,0.1071594
19146.935,0.10568943
19149.518,0.10421946
19152.101,0.1069325
19154.684,0.11225993
19157.267,0.10033247
19159.851,0.11298017
19162.434,0.093732459
19165.018,0.096445536
19167.602,0.091315483
19170.186,0.096120077
19172.771,0.084715528
19175.355,0.082199873
19177.94,0.088573115
19180.525,0.083965971
19183.11,0.095567984
19185.695,0.089915101
19188.281,0.086876605
19190.866,0.091681252
19193.452,0.071387866
19196.038,0.088218671
19198.624,0.084657325
19201.21,0.083710365
19203.797,0.083809163
19206.383,0.079202085
19208.97,0.064137498
19211.557,0.071033702
19214.144,0.070609651
19216.732,0.061819593
19219.319,0.068715817
19221.907,0.067246034
19224.495,0.057933121
19227.083,0.061169234
19229.671,0.053424961
19232.259,0.06764148
19234.848,0.060942972
19237.436,0.056335974
19240.025,0.062709375
19242.614,0.058625267
19245.204,0.057155544
19247.793,0.067189096
19250.383,0.068856641
19252.972,0.065295435
19255.562,0.069577373
19258.152,0.067061932
19260.743,0.063500745
19263.333,0.075102965
19265.924,0.073633295
19268.514,0.074778011
19271.105,0.075399858
19273.697,0.066609947
19276.288,0.063571676
19278.879,0.067330798
19281.471,0.064815417
19284.063,0.079554944
19286.655,0.069719315
19289.247,0.070864084
19291.84,0.067302978
19294.432,0.06844776
19297.025,0.071161177
19299.618,0.060802705
19302.211,0.062470384
19304.804,0.062046565
19307.397,0.063714257
19309.991,0.068519211
19312.585,0.073847046
19315.179,0.071331751
19317.773,0.075613849
19320.367,0.073098567
19322.962,0.063785907
19325.556,0.071728155
19328.151,0.069212893
19330.746,0.073495024
19333.341,0.066796769
19335.936,0.070033162
19338.532,0.082681326
19341.128,0.074937339
19343.724,0.077650876
19346.32,0.077227164
19348.916,0.06791457
19351.512,0.065922244
19354.109,0.066021428
19356.705,0.070303625
19359.302,0.077200208
19361.899,0.079390916
19364.497,0.080535878
19367.094,0.075929213
19369.692,0.074459809
19372.289,0.072467537
19374.887,0.068906643
19377.485,0.067960136
19380.084,0.069105138
19382.682,0.071818774
19385.281,0.070872287
19387.88,0.067311426
19390.479,0.072639462
19393.078,0.070124367
19395.677,0.059243265
19398.277,0.062479817
19400.876,0.055781735
19403.476,0.056926797
19406.076,0.064869252
19408.677,0.066014327
19411.277,0.07709405
19413.877,0.06307574
19416.478,0.062129332
19419.079,0.062751558
19421.68,0.061805164
19424.281,0.067656161
19426.883,0.069324159
19429.484,0.079358177
19432.086,0.06952292
19434.688,0.072759565
19437.29,0.068675955
19439.893,0.066683856
19442.495,0.061554508
19445.098,0.059039546
19447.701,0.058093218
19450.304,0.051918138
19452.907,0.053586203
19455.51,0.056300025
19458.114,0.054830848
19460.717,0.048655795
19463.321,0.05607552
19465.925,0.058266493
19468.529,0.050522833
19471.134,0.063694212
19473.738,0.059610695
19476.343,0.070167709
19478.948,0.070267212
19481.553,0.070366722
19484.158,0.07151199
19486.764,0.07213439
19489.369,0.070665292
19491.975,0.078607966
19494.581,0.071910124
19497.187,0.066780916
19499.794,0.071063479
19502.4,0.058614023
19505.007,0.06028222
19507.614,0.05619879
19510.221,0.052638243
19512.828,0.053260709
19515.435,0.045517168
19518.043,0.04823115
19520.65,0.047807884
19523.258,0.041632991
19525.866,0.047484248
19528.474,0.042877996
19531.083,0.043500508
19533.691,0.038894269
19536.3,0.04265405
19538.909,0.043799458
19541.518,0.044421997
19544.127,0.045567418
19546.737,0.038869709
19549.346,0.044721026
19551.956,0.045343591
19554.566,0.036554399
19557.176,0.050248873
19559.787,0.044074073
19562.397,0.03789928
19565.008,0.034338872
19567.619,0.021889582
19570.23,0.031401083
19572.841,0.043004094
19575.452,0.04101234
19578.064,0.03692909
19580.675,0.034414474
19583.287,0.036082871
19585.899,0.041934281
19588.512,0.043602692
19591.124,0.044748233
19593.737,0.041187898
19596.349,0.035536067
19598.962,0.030929994
19601.575,0.042010203
19604.189,0.045770156
19606.802,0.058419005
19609.416,0.056950214
19612.029,0.045023913
19614.643,0.053489775
19617.258,0.049929501
19619.872,0.049506488
19622.486,0.055357991
19625.101,0.043954599
19627.716,0.045623109
19630.331,0.037356986
19632.946,0.044254267
19635.561,0.041739791
19638.177,0.049682837
19640.793,0.058671642
19643.409,0.053019931
19646.025,0.053642736
19648.641,0.046945286
19651.257,0.048613856
19653.874,0.043485047
19656.491,0.044107879
19659.108,0.044730717
19661.725,0.03071304
19664.342,0.042839159
19666.959,0.034050253
19669.577,0.038333249
19672.195,0.04523063
19674.813,0.039056123
19677.431,0.036018877
19680.049,0.032981638
19682.668,0.023669895
19685.286,0.024815676
19687.905,0.027530091
19690.524,0.01926412
19693.144,0.023547176
19695.763,0.023124356
19698.382,0.020087163
19701.002,0.034827755
19703.622,0.022901687
19706.242,0.028753403
19708.862,0.025716237
19711.483,0.012744438
19714.103,0.023302056
19716.724,0.018173407
19719.345,0.022979405
19721.966,0.032491292
19724.587,0.023702532
19727.209,0.02850855
19729.831,0.030700195
19732.452,0.034460475
19735.074,0.027763245
19737.697,0.037798047
19740.319,0.029532203
19742.941,0.035384013
19745.564,0.041758704
19748.187,0.041336017
19750.81,0.047187847
19753.433,0.042059291
19756.057,0.042159499
19758.68,0.037030957
19761.304,0.026150787
19763.928,0.039322911
19766.552,0.027397002
19769.176,0.036386133
19771.8,0.033872003
19774.425,0.036063761
19777.05,0.035641147
19779.675,0.033127037
19782.3,0.032181561
19784.925,0.015026941
19787.551,0.015650105
19790.176,0.018364779
19792.802,0.010621944
19795.428,0.024317024
19798.054,0.013436947
19800.681,0.02085753
19803.307,0.023049362
19805.934,0.022626821
19808.561,0.0096552675
19811.188,0.0060954852
19813.815,0.011947474
19816.442,0.0068190779
19819.07,0.0084880738
19821.698,0.0091113247
19824.325,0.019669223
19826.954,0.021861114
19829.582,0.01934713
19832.21,0.025722042
19834.839,0.016410686
19837.468,0.020171231
19840.097,0.024454659
19842.726,0.01671195
19845.355,0.018903889
19847.984,0.029984722
19850.614,0.030085171
19853.244,0.025479743
19855.874,0.025057329
19858.504,0.02358917
19861.134,0.032578534
19863.765,0.033724767
19866.396,0.035393882
19869.026,0.033402874
19871.658,0.027751742
19874.289,0.028898001
19876.92,0.026384137
19879.552,0.022301652
19882.183,0.027630938
19884.815,0.032960231
19887.447,0.039858158
19890.08,0.033684197
19892.712,0.035876254
19895.345,0.038591195
19897.978,0.031371502
19900.61,0.022583187
19903.244,0.026866775
19905.877,0.016509847
19908.51,0.0218392
19911.144,0.025077056
19913.778,0.020471782
19916.412,0.021618148
19919.046,0.013352756
19921.68,0.017113515
19924.315,0.0078023845
19926.95,-0.00098586319
19929.584,0.01218668
19932.22,-0.00078456077
19934.855,0.0014076037
19937.49,0.011442912
19940.126,4.0318568e-005
19942.761,-0.0003818761
19945.397,0.0070390731
19948.033,-0.00018049384
19950.67,-0.0026941718
19953.306,0.00054379085
19955.943,-0.0019698738
19958.58,0.001790978
19961.217,0.0013688299
19963.854,0.0098355773
19966.491,0.0031389327
19969.128,-0.0046034568
19971.766,0.00020317987
19974.404,-0.0038790657
19977.042,-0.01475869
19979.68,-0.014657916
19982.319,-0.014557135
19984.957,-0.014456347
19987.596,-0.014355553
19990.235,-0.014254752
19992.874,-0.014153945
19995.513,-0.01405313
