M/Z,Intensity
-7.8602611e-005,-0.46462745
2.1773576e-007,-0.2214902
9.6021472e-005,-0.11168627
0.00036601382,-0.52737255
0.00081019477,0.32752941
0.0014285643,0.61772549
0.0022211225,-2.3705098
0.0031878693,-2.0803137
0.0043288047,-3.1469804
0.0056439287,-3.7901176
0.0071332413,-3.7116863
0.0087967426,-3.4920784
0.010634432,-3.8214902
0.012646311,-3.6537263
0.014832378,-3.7209917
0.017192634,-0.3448551
0.019727078,4.3491933
0.022435711,9.2944869
0.025318532,6.0674962
0.028375542,3.4917507
0.031606741,7.6770543
0.035012128,2.458701
0.038591704,-3.8338972
0.042345469,-3.0046621
0.046273422,4.3267985
0.050375564,1.8232298
0.054651894,-0.09968192
0.059102413,0.38551422
0.063727121,0.92587708
0.068526017,-2.7217306
0.073499102,0.21131868
0.078646375,7.4975739
0.083967837,8.5252703
0.089463488,3.1532315
0.095133327,-2.7518758
0.10097736,-3.5900518
0.10699557,-3.6436492
0.11318798,-3.6342368
0.11955457,-1.8598537
0.12609535,-0.57932353
0.13281032,-0.26323445
0.13969948,-0.84099826
0.14676283,0.41679682
0.15400037,1.6199547
0.16141209,2.7057303
0.16899801,1.8388295
0.17675811,1.0898405
0.1846924,2.2469986
0.19280088,2.1259901
0.20108355,-0.25357715
0.20954041,-2.0917032
0.21817145,-1.4432899
0.22697669,0.76617244
0.23595611,1.8151152
0.24510972,1.4133424
0.25443752,0.84712846
0.26393951,1.1674538
0.27361569,0.17823995
0.28346605,-1.830317
0.29349061,-1.6895895
0.30368935,-1.478009
0.31406228,-2.6543991
0.3246094,-2.9207204
0.33533071,-1.0534437
0.34622621,0.01409777
0.3572959,0.62700207
0.36853977,1.8833084
0.37995783,1.3281148
0.39155009,1.1967153
0.40331653,1.4655806
0.41525716,2.1111813
0.42737197,2.2786154
0.43966098,2.093373
0.45212418,2.2378072
0.46476156,1.9276042
0.47757313,0.66864637
0.49055889,0.20995329
0.50371884,-0.68769071
0.51705298,-1.5458543
0.53056131,-1.4233609
0.54424382,-0.79079883
0.55810053,-0.78542299
0.57213142,-0.41899807
0.5863365,-0.13858289
0.60071577,0.00092058884
0.61526923,0.72108099
0.62999688,0.86895713
0.64489871,1.0641569
0.65997473,1.2040149
0.67522495,0.96738709
0.69064935,0.71505778
0.70624794,0.14898775
0.72202072,-0.25239163
0.73796769,-0.21457056
0.75408884,-0.20813727
0.77038419,-0.53897412
0.78685372,-0.49335561
0.80349744,0.17185551
0.82031535,-0.49628194
0.83730745,-0.54482677
0.85447374,0.073279821
0.87181421,-0.71255039
0.88932888,-0.83172916
0.90701773,-0.24504081
0.92488077,0.16124014
0.942918,-0.44425884
0.96112942,0.15022694
0.97951503,0.69763867
0.99807483,0.29601555
1.0168088,0.60025956
1.035717,1.626057
1.0547993,1.443996
1.0740559,1.4658413
1.0934866,1.7308087
1.1130916,1.7134079
1.1328707,1.2724625
1.152824,1.3256195
1.1729515,1.2297416
1.1932532,0.71816225
1.213729,1.257548
1.2343791,1.3106441
1.2552033,0.9637249
1.2762018,1.0638493
1.2973744,0.98356631
1.3187212,0.78562103
1.3402422,0.56413111
1.3619374,1.0014495
1.3838068,1.2740467
1.4058504,0.99760915
1.4280681,1.0819406
1.4504601,1.1584138
1.4730262,1.1564403
1.4957665,0.78582412
1.518681,1.0112711
1.5417697,0.75042844
1.5650326,0.25427637
1.5884697,0.36987378
1.612081,0.014867725
1.6358664,0.14612094
1.6598261,-0.028523427
1.6839599,0.21250325
1.7082679,0.33586763
1.7327501,0.28666775
1.7574065,0.56686441
1.7822371,0.42351642
1.8072419,0.3428983
1.8324209,0.45050024
1.857774,0.4639693
1.8833013,0.56369763
1.9090029,0.29478328
1.9348786,0.25330468
1.9609285,0.36867359
1.9871526,0.044811581
2.0135509,0.26211081
2.0401234,0.28331637
2.06687,0.20254591
2.0937909,0.27077983
2.1208859,0.26841028
2.1481551,0.19543726
2.1755985,0.24793921
2.2032161,0.26905337
2.2310079,0.18819151
2.2589739,0.28770658
2.2871141,0.35583387
2.3154285,0.41610278
2.343917,0.52341529
2.3725797,0.42679099
2.4014167,0.47132793
2.4304278,0.45310454
2.4596131,0.49761101
2.4889726,0.36955323
2.5185062,0.42187238
2.5482141,0.41143119
2.5780962,0.21273947
2.6081524,0.31207174
2.6383828,0.29374172
2.6687875,0.24402391
2.6993663,0.17860459
2.7301193,0.089640633
2.7610465,0.0085045769
2.7921478,0.029314072
2.8234234,0.050108333
2.8548732,0.10225991
2.8864971,0.13086684
2.9182952,-0.083678715
2.9502676,0.27430951
2.9824141,0.075419766
3.0147348,0.2372991
3.0472296,0.3364181
3.0798987,0.33356108
3.112742,0.5973555
3.1457594,0.21799742
3.1789511,0.31705549
3.2123169,0.71413754
3.2458569,0.24845926
3.2795711,0.18276574
3.3134595,0.90921385
3.3475221,0.15329379
3.3817589,0.43265262
3.4161698,0.82180013
3.450755,1.0697559
3.4855143,0.1569122
3.5204478,0.96170028
3.5555556,0.8958849
3.5908375,0.16338762
3.6262936,0.76420844
3.6619238,0.97285716
3.6977283,0.4363926
3.733707,0.56657949
3.7698598,0.81439819
3.8061868,0.86612324
3.8426881,0.41587226
3.8793635,0.84403743
3.9162131,0.73101089
3.9532369,0.34345931
3.9904348,0.73236309
4.027807,0.5251732
4.0653534,0.46698769
4.1030739,0.40878694
4.1409686,0.45253175
4.1790376,0.31586916
4.2172807,0.2340933
4.255698,0.27779241
4.2942895,0.32147628
4.3330551,0.11416453
4.371995,0.14213166
4.411109,0.21714238
4.4503973,-0.029430763
4.4898597,0.084765178
4.5294963,0.065612551
4.5693071,0.10134665
4.6092921,-0.019797226
4.6494513,0.0002201338
4.6897847,-0.034679701
4.7302923,-0.069594769
4.770974,-0.0025642856
4.8118299,0.04876469
4.8528601,-0.096
4.8940644,-0.081981263
4.9354429,0.010461796
4.9769956,-0.053964938
5.0187225,-0.047810487
5.0606235,-0.05734936
5.1026988,0.027222365
5.1449482,-0.021546293
5.1873719,0.039481922
5.2299697,0.029914851
5.2727417,-0.011031818
5.3156879,0.065661523
5.3588083,-0.16353454
5.4021029,0.10922313
5.4455717,-0.088614477
5.4892146,0.035109489
5.5330318,0.12745386
5.5770231,0.047242156
5.6211886,0.13957243
5.6655283,0.11424859
5.7100422,0.22225103
5.7547303,0.094952309
5.7995926,0.19509752
5.8446291,0.17758862
5.8898397,0.20713149
5.9352245,0.19745163
5.9807836,0.14854904
6.0265168,0.28003155
6.0724242,0.058565832
6.1185058,0.33121071
6.1647616,0.16463286
6.2111916,0.11569502
6.2577957,0.38831875
6.3045741,0.19819034
6.3515266,0.34530978
6.3986533,0.12379472
6.4459543,0.20815496
6.4934294,0.07290031
6.5410787,-0.038831977
6.5889021,0.42982084
6.6368998,-0.058396132
6.6850717,0.31612494
6.7334177,0.47887426
6.781938,0.14749888
6.8306324,0.3102341
6.879501,0.14355051
6.9285438,0.43960496
6.9777608,0.10820139
7.027152,0.16110449
7.0767174,0.47282407
7.1264569,0.21198758
7.1763707,-0.15081674
7.2264586,0.521666
7.2767207,0.32355347
7.327157,0.078375054
7.3777675,0.20181704
7.4285522,0.47427159
7.4795111,0.080052426
7.5306442,-0.039663987
7.5819514,0.63276941
7.6334329,-0.08303953
7.6850885,0.001144477
7.7369183,0.45394889
7.7889223,-0.018743951
7.8411005,0.12816401
7.8934529,0.16526099
7.9459795,0.2180372
7.9986802,0.19237499
8.0515552,-0.25682368
8.1046043,0.22730393
8.1578277,0.11534606
8.2112252,-0.075050226
8.2647969,0.19729153
8.3185428,0.01472428
8.3724629,-0.026673551
8.4265572,0.010352941
8.4808256,-0.052681821
8.5352683,0.056831508
8.5898851,-0.092479623
8.6446761,0.087620081
8.6996413,-0.17933997
8.7547808,0.039973562
8.8100943,-0.070125602
8.8655821,-0.046892362
8.9212441,-0.078562012
8.9770803,-0.18082083
9.0330906,-0.071315868
9.0892751,-0.15789027
9.1456339,-0.048387167
9.2021668,-0.040845781
9.2588739,0.029439775
9.3157552,-0.096354031
9.3728107,-0.15156053
9.4300403,0.099114391
9.4874442,-0.12864299
9.5450222,-0.026989533
9.6027745,-0.011611517
9.6607009,-0.12172463
9.7188015,0.17600447
9.7770763,-0.028228146
9.8355253,0.026361837
9.8941485,0.049578341
9.9529458,-0.068382555
10.011917,0.072479149
10.071063,-0.0062679203
10.130383,0.0875331
10.189877,0.0009410344
10.249545,0.094740196
10.309388,0.055205094
10.369405,0.094100435
10.429596,0.32907328
10.489961,-0.039876379
10.5505,0.077447545
10.611213,0.16339799
10.672101,0.18660241
10.733163,0.037256877
10.794399,0.13104767
10.855809,0.1542493
10.917393,0.16960686
10.979152,0.098688982
11.041085,0.23953488
11.103192,0.082340632
11.165473,0.27024349
11.227928,0.18363562
11.290558,0.19114447
11.353361,0.06531905
11.416339,0.20615937
11.479491,0.056802681
11.542818,0.40156271
11.606318,-0.32034486
11.669993,0.34598194
11.733841,0.024072511
11.797864,0.05510333
11.862062,0.14103518
11.926433,0.164221
11.990979,0.21877845
12.055698,-0.0090179838
12.120592,0.19455721
12.185661,0.14715107
12.250903,-0.088491281
12.316319,0.28763014
12.38191,0.0049271012
12.447675,-0.16012981
12.513614,0.38069471
12.579727,-0.05103073
12.646015,-0.035698272
12.712477,0.34041757
12.779112,-0.15405575
12.845923,-0.0053927509
12.912907,-0.013593424
12.980065,0.13506772
13.047398,-0.092742656
13.114905,0.040230353
13.182586,0.11045733
13.250441,-0.10951269
13.31847,-0.031444435
13.386674,0.093681717
13.455051,-0.14197737
13.523603,-0.0090099437
13.592329,-0.064278737
13.66123,0.053000559
13.730304,-0.11991715
13.799553,0.13069362
13.868976,-0.1363436
13.938573,0.027990799
14.008344,-0.03512671
14.07829,-0.16883338
14.148409,0.050400187
14.218703,-0.13036717
14.289171,0.081021405
14.359813,-0.037002714
14.43063,-0.084439527
14.50162,0.056358024
14.572785,0.016762488
14.644124,-0.054206526
14.715637,0.11796078
14.787324,-0.13703126
14.859186,0.055025765
14.931221,0.12158285
15.003431,-0.10990903
15.075815,0.16839327
15.148374,-0.039588696
15.221106,-0.020129426
15.294013,0.093437744
15.367094,-0.067514638
15.440349,0.014660487
15.513778,0.018394492
15.587381,-0.087685172
15.661159,0.02583326
15.735111,-0.143011
15.809237,0.17440951
15.883537,-0.088571893
15.958011,0.087652646
16.03266,0.075632143
16.107482,-0.10110399
16.182479,0.2005815
16.25765,0.00029646114
16.332996,-0.0039198954
16.408515,0.12518733
16.484209,-0.075126949
16.560077,0.014745098
16.636119,0.054292744
16.712335,-0.10225525
16.788725,-0.047055739
16.86529,-0.03893226
16.942029,-0.14062991
17.018942,-0.038423193
17.096029,-0.014665056
17.17329,-0.053669223
17.250726,0.0092701878
17.328335,-0.045454665
17.406119,0.025293472
17.484077,-0.16279913
17.56221,0.041247932
17.640516,-0.084133979
17.718997,-0.11541545
17.797652,0.1748545
17.876481,0.15138176
17.955484,-0.20151996
18.034662,0.18281602
18.114013,-0.099531868
18.193539,0.0024167599
18.273239,-0.25643613
18.353113,0.049399654
18.433162,0.46502216
18.513384,0.072784314
18.593781,0.1297005
18.674352,0.45323674
18.755097,0.00025577422
18.836016,-0.0057129822
18.91711,0.066703019
18.998377,-0.23739818
19.079819,-0.65919306
19.161435,0.048377214
19.243226,-0.14605991
19.32519,-0.7719162
19.407329,-0.2605642
19.489642,-0.078670588
19.572129,-0.70466672
19.65479,-0.60129771
19.737625,-0.14503413
19.820635,-0.73979756
19.903819,-0.62088212
19.987177,-0.29024859
20.070709,-0.26554402
20.154415,-0.6487292
20.238296,1.0386272
20.32235,2.4592704
20.406579,0.86025908
20.490982,0.86904429
20.57556,23.097391
20.660311,69.090396
20.745237,41.96963
20.830337,4.848817
20.915611,1.5240359
21.001059,3.336463
21.086681,3.1566866
21.172478,1.5101969
21.258449,2.0675822
21.344594,1.8719797
21.430913,1.5351541
21.517406,1.8727917
21.604074,1.2613631
21.690915,1.5910643
21.777931,1.5913072
21.865121,0.97189556
21.952486,0.68184911
22.040024,0.61920702
22.127737,0.50161635
22.215624,0.078096719
22.303685,0.16433439
22.39192,0.11719212
22.480329,-0.28293795
22.568913,0.030610857
22.657671,-0.20490656
22.746603,-0.087529412
22.835709,-0.38889264
22.924989,-0.61207632
23.014444,-0.3727667
23.104073,-0.73763047
23.193876,-0.98509899
23.283853,-1.0916428
23.374004,-1.2141248
23.46433,-1.3996036
23.554829,-1.679452
23.645503,-1.7321011
23.736351,-1.894806
23.827373,-1.9401156
23.91857,-2.1895986
24.009941,-2.3687452
24.101485,-2.3912809
24.193204,-2.6572056
24.285098,-2.7743625
24.377165,-3.1270654
24.469407,-3.0721769
24.561822,-3.0096971
24.654412,-3.6533515
24.747176,-3.3090223
24.840115,-3.764945
24.933227,-3.844649
25.026514,-3.9481341
25.119975,-4.2322632
25.21361,-4.0617422
25.307419,-4.0953945
25.401403,-3.8547889
25.49556,-1.8732586
25.589892,5.025667
25.684398,11.689047
25.779078,0.32864503
25.873933,7.2425014
25.968961,79.771792
26.064164,85.712596
26.159541,82.296285
26.255092,54.856193
26.350818,36.757026
26.446717,36.11643
26.542791,35.561857
26.639039,43.971738
26.735461,55.134309
26.832057,58.680941
26.928828,58.125361
27.025772,57.695019
27.122891,56.236975
27.220184,53.539463
27.317652,50.080914
27.415293,46.927997
27.513109,40.229729
27.611098,36.409641
27.709262,31.616752
27.807601,26.235376
27.906113,20.963553
28.0048,16.515006
28.10366,14.372091
28.202695,12.111276
28.301904,8.8933471
28.401288,8.5614407
28.500845,7.4135962
28.600577,7.1125588
28.700483,5.4936224
28.800563,4.6352186
28.900817,4.3255826
29.001246,3.2862829
29.101848,3.4545747
29.202625,2.3128106
29.303576,1.6805987
29.404701,2.8049977
29.506001,4.9330665
29.607474,2.9824521
29.709122,0.86688002
29.810944,-0.89600271
29.91294,-1.0277647
30.01511,-0.93755799
30.117455,-1.6472643
30.219974,-1.4470798
30.322666,-1.395828
30.425534,-2.0268422
30.528575,-1.9832596
30.63179,-1.7121391
30.73518,-1.856618
30.838744,-1.7265001
30.942482,-1.7610012
31.046394,-1.5365918
31.15048,-1.3905269
31.254741,-1.2208456
31.359176,-0.87068518
31.463785,-0.67730061
31.568568,0.16715129
31.673525,0.57247444
31.778657,1.6837669
31.883963,2.1206364
31.989442,2.0164165
32.095097,2.1318913
32.200925,1.9258844
32.306927,2.2611409
32.413104,2.1572687
32.519455,2.6260324
32.62598,2.3654713
32.732679,2.6069579
32.839553,2.3701
32.9466,1.8352899
33.053822,1.0652726
33.161218,1.0169109
33.268788,0.83530274
33.376532,0.77927173
33.484451,1.0684257
33.592544,2.7066862
33.700811,4.423465
33.809252,3.8030759
33.917867,5.2298325
34.026657,6.9076564
34.13562,8.3032143
34.244758,8.9302317
34.35407,8.1141988
34.463556,6.5766842
34.573217,5.1882761
34.683052,3.6038765
34.79306,2.5136815
34.903243,1.454946
35.013601,0.74923865
35.124132,0.31028486
35.234838,-0.010934943
35.345717,0.33459886
35.456771,-0.38644708
35.567999,-0.9662296
35.679402,-0.18121932
35.790978,2.0548583
35.902729,3.3969052
36.014654,2.6606077
36.126753,2.3243971
36.239026,0.47454789
36.351474,0.11498174
36.464095,0.18687508
36.576891,0.43140436
36.689861,0.62111862
36.803005,1.3520963
36.916324,1.1498276
37.029816,1.8574497
37.143483,0.43966853
37.257324,0.67687629
37.371339,0.85142588
37.485529,0.53978789
37.599892,0.4949035
37.71443,0.26971389
37.829142,0.09167004
37.944028,-0.02354178
38.059088,-0.47592157
38.174323,-0.32145854
38.289731,-0.61396312
38.405314,-0.73382745
38.521071,-0.7124241
38.637002,-0.67524326
38.753108,-0.33993198
38.869387,-0.92217655
38.985841,-0.72785931
39.102469,-0.58835281
39.219271,-0.84875509
39.336248,-0.48161517
39.453398,-0.60065855
39.570723,-0.90000286
39.688222,-0.35219713
39.805895,-0.63567274
39.923742,-0.6210179
40.041764,-0.025879698
40.15996,-0.23065027
40.278329,-0.26278061
40.396873,-0.10658444
40.515592,-0.060100967
40.634484,-0.28019294
40.753551,-0.33548782
40.872792,0.087739892
40.992207,0.024784314
41.111796,-0.67334059
41.231559,-0.80717101
41.351497,-1.1139618
41.471608,-1.421164
41.591894,-1.5640718
41.712355,-1.8956262
41.832989,-2.0550429
41.953797,-2.2619299
42.07478,-2.4692283
42.195937,-2.8338008
42.317268,-3.1909415
42.438773,-3.0151603
42.560453,-0.76920229
42.682306,7.343011
42.804334,14.976382
42.926536,0.86816428
43.048912,8.9948297
43.171463,77.826966
43.294187,80.893985
43.417086,80.117456
43.540159,61.27777
43.663406,32.93179
43.786828,27.157948
43.910423,9.877812
44.034193,5.4364804
44.158137,11.386894
44.282255,11.203564
44.406547,9.5296252
44.531014,12.694491
44.655654,16.102083
44.780469,20.215146
44.905458,21.206229
45.030621,18.118469
45.155959,15.58716
45.28147,21.533872
45.407156,38.578211
45.533016,20.257433
45.65905,1.9127142
45.785259,0.97934867
45.911641,2.0377286
46.038198,-0.15920474
46.164929,-0.71733383
46.291834,-1.032737
46.418913,-1.599532
46.546167,-1.9000718
46.673595,-1.3618072
46.801196,-1.851405
46.928972,-1.2120024
47.056923,-0.27497197
47.185047,0.59890196
47.313346,1.3850291
47.441819,0.46147197
47.570466,4.1968579
47.699287,5.5872655
47.828282,0.97779258
47.957452,-1.9452862
48.086795,-1.4329513
48.216313,-1.6891242
48.346006,-1.8981187
48.475872,-0.93052299
48.605912,7.8411139
48.736127,22.416792
48.866516,10.427884
48.997079,6.4626243
49.127816,17.132779
49.258728,26.163837
49.389813,30.073446
49.521073,32.477293
49.652507,49.869494
49.784115,70.124561
49.915898,54.583668
50.047854,29.63113
50.179985,29.063026
50.31229,28.863668
50.444769,22.01345
50.577423,16.896685
50.71025,17.678078
50.843252,25.392925
50.976428,23.672597
51.109778,15.622976
51.243302,14.412691
51.377001,14.700565
51.510873,12.996402
51.64492,12.311966
51.779141,10.764904
51.913536,9.2650212
52.048106,7.0044734
52.182849,5.5518883
52.317767,6.0445209
52.452859,4.1372731
52.588125,2.5595566
52.723566,2.2996068
52.85918,2.3456589
52.994969,1.725164
53.130932,0.10871023
53.267069,-0.14291807
53.40338,-0.37089735
53.539866,-0.92816881
53.676525,-1.3990462
53.813359,-1.9717647
53.950367,-2.6086573
54.08755,-2.3906999
54.224906,-2.1492649
54.362437,-2.1039602
54.500141,-2.5292957
54.63802,-2.5468399
54.776074,-2.9722792
54.914301,-3.0683585
55.052703,-2.4037055
55.191278,-2.2175357
55.330028,-2.6196531
55.468952,-2.8414302
55.608051,-0.36522002
55.747323,-0.28121858
55.88677,-0.3384455
56.026391,-0.87415568
56.166186,-2.2726628
56.306155,-3.1927905
56.446298,-4.0815976
56.586616,-3.7939859
56.727108,-3.1377987
56.867774,-2.7326437
57.008614,-1.6530308
57.149629,-0.50288163
57.290817,-0.59984314
57.43218,-0.05337592
57.573717,0.65779404
57.715428,2.7101373
57.857313,3.4369873
57.999373,3.1206968
58.141607,4.051462
58.284014,3.6724202
58.426597,1.4972967
58.569353,2.224131
58.712283,1.3744914
58.855388,1.4973978
58.998667,2.7026539
59.14212,2.9745736
59.285747,1.7955097
59.429548,2.0125212
59.573524,2.2295294
59.717674,1.9759463
59.861998,2.1537326
60.006496,3.1628883
60.151168,3.3406684
60.296015,2.4360923
60.441036,3.0452385
60.58623,2.8230091
60.7316,0.31058048
60.877143,-1.3391062
61.02286,-1.1299725
61.168752,-0.72476356
61.314818,-1.4489695
61.461058,-0.14964916
61.607472,0.62417783
61.754061,-0.68827283
61.900823,2.2031949
62.04776,3.6044635
62.194871,4.0488661
62.342156,4.7050303
62.489616,10.835701
62.637249,34.346761
62.785057,22.053896
62.933039,4.4041655
63.081195,3.2014904
63.229525,5.528224
63.37803,2.9608368
63.526708,2.4561915
63.675561,8.3907588
63.824588,6.4978719
63.97379,2.8638055
64.123165,5.4336574
64.272715,10.607428
64.422439,12.424332
64.572337,13.786332
64.722409,24.465975
64.872655,23.153458
65.023076,13.39388
65.17367,11.2892
65.324439,11.482556
65.475383,7.6053208
65.6265,9.986906
65.777791,42.305743
65.929257,42.993204
66.080897,8.7865447
66.232711,-0.91815718
66.384699,6.1222358
66.536862,4.1979198
66.689198,2.1481105
66.841709,5.8237882
66.994394,5.3896588
67.147254,0.96336942
67.300287,-0.49821722
67.453495,0.51078123
67.606876,-0.72336072
67.760432,-0.7967215
67.914162,1.8201106
68.068067,0.9310573
68.222145,-1.2207443
68.376398,-1.6862745
68.530825,-2.0451068
68.685426,-2.6236862
68.840201,-2.5043658
68.995151,-1.8675377
69.150274,-2.8543784
69.305572,-3.2923387
69.461044,-2.8127914
69.616691,-2.7725991
69.772511,-2.5835265
69.928506,-1.9867502
70.084674,0.27263191
70.241017,-1.2485175
70.397535,-2.5423553
70.554226,-1.2716265
70.711092,0.82249233
70.868131,0.53215809
71.025345,0.96325313
71.182733,0.78244412
71.340296,-0.73183758
71.498032,-1.2658665
71.655943,-1.2274857
71.814028,-0.11473443
71.972287,-0.013887242
72.13072,1.3966245
72.289327,4.6109185
72.448109,13.558406
72.607065,23.3685
72.766195,26.56669
72.925499,23.780426
73.084977,20.06069
73.24463,18.850619
73.404457,14.001192
73.564458,6.7437833
73.724633,4.976431
73.884982,5.5461943
74.045506,3.1118966
74.206203,0.99902827
74.367075,1.0428833
74.528121,1.4709127
74.689342,-0.74433451
74.850736,-1.2656034
75.012305,-2.665443
75.174048,-2.8340494
75.335965,5.5697538
75.498056,15.494986
75.660321,0.58870699
75.822761,-6.8353588
75.985375,-4.7301521
76.148163,-4.8682221
76.311125,-4.3397647
76.474261,5.4892742
76.637572,2.2674098
76.801056,-4.4759461
76.964715,-5.1721662
77.128548,-4.1271327
77.292556,-4.0075123
77.456737,11.657283
77.621093,28.569214
77.785623,4.4929876
77.950327,-7.2537505
78.115205,-3.5651173
78.280257,-3.9783679
78.445484,-1.9993846
78.610885,8.9679111
78.77646,4.8999898
78.942209,-3.8345212
79.108132,-4.6160139
79.27423,-2.8170374
79.440502,0.69966327
79.606947,30.875265
79.773568,33.082315
79.940362,3.3521884
80.10733,-1.5229596
80.274473,3.4451068
80.44179,-0.25341647
80.609281,18.903039
80.776946,67.832121
80.944786,63.467162
81.112799,10.765026
81.280987,-5.7095826
81.449349,3.1256899
81.617885,-0.14876443
81.786596,-0.042749572
81.95548,3.1613816
82.124539,-1.2657828
82.293772,-4.030125
82.463179,-2.9434097
82.63276,-2.6330879
82.802516,-1.9854342
82.972446,-2.059272
83.142549,-3.3095034
83.312828,-3.1243636
83.48328,-2.4058133
83.653906,-1.3185586
83.824707,-0.49005032
83.995682,-0.81440615
84.166831,-0.99750845
84.338154,-1.3766121
84.509651,-0.20269753
84.681323,0.31247059
84.853169,-0.29198039
85.025189,-1.3516201
85.197383,-1.6821347
85.369751,-0.97764197
85.542294,0.079505195
85.71501,0.21871857
85.887901,0.15372363
86.060966,1.3982459
86.234206,0.57189315
86.407619,-1.43906
86.581207,-2.1012804
86.754969,-2.222611
86.928905,-1.0030518
87.103015,8.2789657
87.277299,5.0352062
87.451758,-2.271585
87.626391,-4.0100356
87.801198,-3.584067
87.976179,1.8455364
88.151334,36.921912
88.326664,35.080354
88.502168,3.3012536
88.677845,-2.9957801
88.853698,5.8206249
89.029724,6.3465471
89.205924,8.9113982
89.382299,8.1190999
89.558848,3.2402403
89.735571,-0.16439621
89.912468,-2.9418685
90.08954,-2.6921765
90.266785,11.274876
90.444205,15.406347
90.621799,-3.0507035
90.799567,-9.3903938
90.97751,-7.910763
91.155626,-7.7961248
91.333917,8.3731286
91.512382,12.071507
91.691021,-7.5558914
91.869834,-14.956126
92.048822,-10.952725
92.227984,-10.816278
92.407319,-0.89972536
92.586829,1.8086974
92.766514,-6.7066961
92.946372,-10.641984
93.126405,-12.593245
93.306612,-1.8702831
93.486993,45.848471
93.667548,44.646371
93.848277,6.0403629
94.029181,-15.357789
94.210259,-5.571614
94.391511,1.2420251
94.572937,31.13803
94.754537,7.6379701
94.936312,-12.952273
95.11826,-12.146425
95.300383,-8.815073
95.48268,-6.3150808
95.665152,3.4868853
95.847797,0.026119479
96.030617,-5.7248294
96.213611,-8.7698827
96.396779,-2.160021
96.580121,50.771422
96.763637,58.291114
96.947328,45.316702
97.131193,-4.4733843
97.315232,-0.4752218
97.499445,3.5229538
97.683832,4.9564367
97.868394,7.8722856
98.053129,5.8783437
98.238039,7.5550032
98.423123,8.5414796
98.608382,8.9789496
98.793814,10.239962
98.979421,6.8500073
99.165202,3.6404578
99.351157,3.6858233
99.537286,4.7664961
99.723589,4.4981623
99.910067,4.4102338
100.09672,6.4242793
100.28354,8.7834358
100.47055,9.1896643
100.65772,8.9919844
100.84507,14.990396
101.03259,20.102546
101.22029,8.2578466
101.40816,1.0406113
101.5962,1.995938
101.78442,4.0022583
101.97282,11.788984
102.16139,12.030624
102.35013,9.8644349
102.53904,6.6786507
102.72813,8.2222914
102.9174,36.205161
103.10684,58.039024
103.29645,41.676822
103.48624,6.6793382
103.6762,4.2857895
103.86633,7.6334304
104.05664,8.7614766
104.24713,7.5758104
104.43779,-0.19023488
104.62862,-2.5445023
104.81963,-3.0477763
105.01081,-0.74319399
105.20216,12.714343
105.39369,6.0385589
105.58539,-4.2215253
105.77727,-6.5992435
105.96932,-5.1494977
106.16155,-3.715425
106.35395,-0.9244764
106.54652,-5.7962598
106.73927,-8.5817557
106.93219,-7.9633168
107.12529,-2.3487864
107.31856,13.963796
107.51201,2.550902
107.70563,-7.7248133
107.89942,-9.6083939
108.09339,-6.2214085
108.28753,21.298888
108.48185,39.344652
108.67634,2.5668651
108.871,-14.383493
109.06584,-6.1966193
109.26085,-3.3117282
109.45604,2.4672582
109.6514,-3.0165227
109.84694,-8.2493454
110.04264,-9.003759
110.23853,-4.6523125
110.43459,22.412837
110.63082,25.368161
110.82722,-3.5432047
111.02381,-11.905573
111.22056,-4.4640414
111.41749,0.091193153
111.61459,3.1483662
111.81187,-4.5003653
112.00932,-7.3726485
112.20695,-7.1233854
112.40475,-1.078066
112.60272,36.402525
112.80087,26.259565
112.99919,-4.173614
113.19769,-9.8460307
113.39636,-1.7380776
113.5952,3.8129906
113.79422,4.3914875
113.99342,-3.3202339
114.19278,-6.1770756
114.39233,-4.9084494
114.59204,-3.0359238
114.79193,5.2130501
114.992,8.8894527
115.19223,-1.3086767
115.39265,-3.0519265
115.59323,48.318527
115.794,57.924252
115.99493,58.322112
116.19604,51.849362
116.39732,25.619726
116.59878,19.31948
116.80041,33.223134
117.00222,23.981667
117.2042,6.0342951
117.40635,-2.1483928
117.60868,2.696348
117.81119,38.32538
118.01386,54.173998
118.21672,23.473574
118.41974,-4.3092251
118.62294,1.0452083
118.82631,9.0662861
119.02986,15.824597
119.23358,4.8417084
119.43748,-1.7647314
119.64155,-1.6417818
119.8458,6.0654593
120.05022,28.596208
120.25481,9.6132081
120.45958,-5.9188333
120.66452,-4.25874
120.86963,-0.19082586
121.07492,4.8339288
121.28039,-1.7178094
121.48603,-5.4695699
121.69184,-5.4252741
121.89783,-2.1339418
122.10399,9.431878
122.31032,4.1584599
122.51683,-5.5620392
122.72351,-8.5597717
122.93037,-5.8244301
123.1374,11.80477
123.34461,13.590574
123.55199,-6.9689798
123.75954,-13.168008
123.96727,-8.1123939
124.17518,-0.32762694
124.38325,1.0882534
124.5915,-9.3706353
124.79993,-13.139587
125.00853,-8.9793864
125.2173,13.949183
125.42625,15.740238
125.63537,-8.2022999
125.84467,-14.725489
126.05414,-9.1234467
126.26378,0.6430421
126.4736,9.2328011
126.6836,3.6968108
126.89376,1.7919338
127.10411,2.7024839
127.31462,8.2951278
127.52531,12.444375
127.73618,6.9384615
127.94721,2.8362101
128.15843,3.9807584
128.36981,22.074067
128.58137,31.280842
128.79311,18.197162
129.00502,14.13283
129.2171,21.613338
129.42936,34.732801
129.64179,41.491222
129.8544,37.41801
130.06718,22.168069
130.28013,30.306104
130.49326,44.765448
130.70656,45.075514
130.92004,44.851987
131.13369,43.57722
131.34751,41.768861
131.56151,43.27789
131.77569,44.065091
131.99004,43.691248
132.20456,43.913225
132.41925,43.099648
132.63412,42.097577
132.84917,42.044267
133.06439,41.645599
133.27978,35.403534
133.49535,31.914152
133.71109,30.69902
133.927,26.871865
134.14309,14.738568
134.35936,8.9501094
134.5758,7.9770782
134.79241,16.972415
135.00919,16.955728
135.22615,2.0525079
135.44329,-1.2117561
135.6606,5.0531325
135.87808,15.694232
136.09574,9.4880144
136.31357,-0.71061965
136.53158,-3.654611
136.74976,2.5070209
136.96811,13.703688
137.18664,12.86088
137.40534,6.7236947
137.62422,0.16272119
137.84327,1.1858022
138.06249,8.6164672
138.28189,-0.55704857
138.50147,-10.624941
138.72121,-11.238893
138.94114,-4.3781494
139.16123,0.89846487
139.3815,-9.1972851
139.60195,-14.359517
139.82257,-11.247054
140.04336,8.1557893
140.26433,26.460778
140.48547,1.0639915
140.70678,-15.524767
140.92827,-4.2309887
141.14993,21.847289
141.37177,10.4983
141.59378,-11.893642
141.81597,-12.881477
142.03833,-5.7828527
142.26087,2.0688974
142.48358,2.1404402
142.70646,-6.4231263
142.92952,3.3507468
143.15275,37.124805
143.37615,38.742185
143.59973,39.347985
143.82349,26.236322
144.04741,13.242492
144.27152,19.856689
144.49579,17.153425
144.72024,-4.2869102
144.94487,-7.7192172
145.16967,7.5859154
145.39464,36.475547
145.61979,35.341833
145.84511,-0.011303337
146.07061,-9.5132747
146.29628,12.090821
146.52212,26.793141
146.74814,5.58192
146.97433,-6.9232338
147.2007,-2.6282029
147.42724,21.25917
147.65395,31.005551
147.88084,2.5168223
148.10791,-10.324663
148.33515,-0.052237049
148.56256,12.141942
148.79014,2.2578741
149.0179,-7.8534598
149.24584,-7.0861776
149.47395,1.9322698
149.70223,6.2607059
149.93069,-3.3448155
150.15932,-8.0407763
150.38812,-7.7016864
150.6171,-4.5000949
150.84626,-4.4909036
151.07559,-8.5760734
151.30509,-10.104624
151.53476,-8.0569471
151.76461,-4.1271608
151.99464,-7.3584023
152.22484,-10.182044
152.45521,-9.8294585
152.68576,-5.9084891
152.91648,-2.7799199
153.14738,-9.2829666
153.37845,-11.496061
153.60969,-8.8780257
153.84111,-3.2719987
154.0727,-4.3171956
154.30447,-8.2175379
154.53641,-0.91812351
154.76852,28.247714
155.00081,37.115269
155.23328,28.774737
155.46591,33.932002
155.69872,36.822356
155.93171,37.563447
156.16487,37.786648
156.39821,35.94686
156.63171,34.98526
156.8654,36.297926
157.09925,37.955447
157.33328,38.012725
157.56749,35.889367
157.80187,34.761845
158.03642,35.587019
158.27115,36.1845
158.50605,36.217031
158.74113,34.233633
158.97638,33.87352
159.2118,33.740615
159.4474,32.980016
159.68318,31.128977
159.91912,30.822793
160.15524,31.590876
160.39154,31.34695
160.62801,30.012584
160.86465,23.768172
161.10147,20.174496
161.33846,27.474695
161.57563,23.072689
161.81297,10.529263
162.05049,2.9738296
162.28818,17.402466
162.52604,21.289683
162.76408,6.1648917
163.00229,-4.3091627
163.24067,-3.4501271
163.47923,3.5890572
163.71797,-3.9367078
163.95688,-10.552912
164.19596,-9.2242621
164.43522,0.30806616
164.67465,-1.1167117
164.91425,-6.7534977
165.15403,-7.9042526
165.39398,-3.6199567
165.63411,-1.9633553
165.87441,-4.7932718
166.11489,-5.3410787
166.35554,3.4677336
166.59637,13.648852
166.83736,1.7669811
167.07854,-8.0131721
167.31988,-2.5229804
167.5614,16.17645
167.8031,13.691505
168.04497,-1.7738928
168.28701,-5.349156
168.52923,5.2951274
168.77162,7.3668006
169.01419,-3.1498227
169.25693,-5.82337
169.49985,3.589296
169.74293,12.758764
169.9862,4.0301306
170.22963,-4.3769949
170.47325,1.2315047
170.71703,15.349747
170.96099,8.8875358
171.20513,-4.6414032
171.44943,-5.8017759
171.69392,4.629947
171.93857,5.3204321
172.1834,-6.3028694
172.42841,-7.4242713
172.67359,12.411128
172.91894,18.913133
173.16447,10.850371
173.41017,-0.6791188
173.65605,7.4383888
173.9021,17.24211
174.14832,11.57126
174.39472,6.0964268
174.64129,16.425454
174.88804,18.079911
175.13496,18.534306
175.38206,17.498444
175.62932,17.654677
175.87677,19.089281
176.12439,19.457157
176.37218,19.354383
176.62014,19.45547
176.86828,19.09375
177.1166,19.430009
177.36509,19.664245
177.61375,19.027832
177.86259,18.987436
178.1116,19.237175
178.36079,19.157441
178.61014,17.744313
178.85968,17.79779
179.10939,17.921794
179.35927,16.908482
179.60933,7.0872651
179.85956,-1.1104832
180.10996,8.7466092
180.36054,11.458542
180.61129,1.9429633
180.86222,-4.7805201
181.11332,2.7312294
181.3646,7.8507608
181.61605,0.71140744
181.86767,-5.5574189
182.11947,1.7501642
182.37144,14.147882
182.62359,15.918088
182.87591,16.409801
183.12841,17.513217
183.38108,18.193043
183.63392,18.786534
183.88694,17.395649
184.14013,17.690978
184.39349,18.519578
184.64703,18.430471
184.90075,18.341302
185.15464,17.726582
185.4087,17.158859
185.66294,17.775389
185.91735,17.89774
186.17193,16.992579
186.42669,16.416768
186.68163,16.452661
186.93673,16.85712
187.19202,16.108577
187.44747,14.293306
187.7031,14.383856
187.95891,14.591991
188.21489,14.266733
188.47104,13.980628
188.72737,13.906228
188.98387,13.463138
189.24054,13.145478
189.49739,13.431677
189.75442,14.015855
190.01162,14.435266
190.26899,14.070302
190.52654,13.524884
190.78426,13.928425
191.04215,14.410336
191.30022,13.943166
191.55846,13.491621
191.81688,13.706682
192.07547,13.278544
192.33424,12.717012
192.59318,11.386791
192.85229,10.746704
193.11158,12.051655
193.37104,10.540858
193.63068,8.3711766
193.89049,13.150453
194.15048,12.980649
194.41064,12.481372
194.67097,11.017328
194.93148,7.568909
195.19216,10.896899
195.45302,9.1973773
195.71405,9.3644609
195.97525,12.770699
196.23663,12.733738
196.49818,11.75554
196.75991,12.541987
197.02181,13.179352
197.28389,13.989206
197.54614,12.500959
197.80856,11.85971
198.07116,12.269379
198.33393,12.31036
198.59688,11.912065
198.86,11.309786
199.12329,11.585878
199.38676,11.91681
199.6504,11.62023
199.91422,9.6059421
200.17821,11.481789
200.44238,11.39679
200.70672,10.966632
200.97123,10.693275
201.23592,11.110054
201.50078,11.197359
201.76582,11.010093
202.03103,10.987472
202.29642,12.227535
202.56198,12.134203
202.82771,12.040811
203.09362,11.947356
203.3597,11.853841
203.62595,11.760264
203.89238,11.666627
204.15899,10.843516
204.42577,10.412501
204.69272,11.087307
204.95985,11.189502
205.22715,10.468108
205.49462,9.9819456
205.76227,10.248664
206.0301,10.703556
206.2981,10.099563
206.56627,9.777862
206.83461,10.10708
207.10313,9.1578058
207.37183,7.7614114
207.6407,3.52574
207.90974,3.9880467
208.17896,2.5836255
208.44835,0.010515585
208.71791,0.42557976
208.98765,0.21313174
209.25757,-2.1719265
209.52766,-4.157046
209.79792,-3.0363443
210.06836,-3.0215863
210.33897,-5.4147325
210.60975,-5.6432341
210.88071,-1.8325813
211.15184,-1.4415975
211.42315,-3.8663612
211.69463,-2.1186371
211.96629,3.3231434
212.23812,1.2276078
212.51012,-4.6609747
212.7823,0.8151747
213.05465,7.1933111
213.32718,7.1165716
213.59988,3.0947603
213.87276,-0.47212293
214.14581,5.5923925
214.41903,5.2569342
214.69243,0.027384272
214.966,2.7194292
215.23975,7.0036571
215.51367,4.880068
215.78776,-0.34153419
216.06203,5.6917918
216.33647,7.960438
216.61109,6.9271495
216.88588,2.0272206
217.16085,5.0096707
217.43598,7.0980294
217.7113,3.9158259
217.98679,0.066981953
218.26245,6.7985563
218.53829,7.0517254
218.8143,2.3009991
219.09048,3.2993185
219.36684,7.9290367
219.64337,7.1627025
219.92008,5.3454141
220.19696,8.5948185
220.47402,8.7932687
220.75125,8.8270391
221.02865,8.2804436
221.30623,10.094658
221.58398,10.13635
221.86191,10.146696
222.14001,8.9884404
222.41828,10.261583
222.69673,10.107302
222.97536,9.1765753
223.25415,7.8066595
223.53313,9.0250051
223.81227,8.4472985
224.09159,-0.21665655
224.37109,0.68019889
224.65076,9.090806
224.9306,9.3681059
225.21061,9.5905299
225.49081,10.558078
225.77117,10.451143
226.05171,9.6461943
226.33242,10.849115
226.61331,10.891278
226.89437,10.933467
227.17561,10.975682
227.45702,11.017923
227.73861,11.06019
228.02036,11.102483
228.3023,11.144803
228.5844,11.187148
228.86669,11.22952
229.14914,10.338585
229.43177,-2.3248733
229.71457,-5.0432073
229.99755,5.7051514
230.28071,0.40647753
230.56403,-5.9274644
230.84753,6.7896003
231.13121,9.4517891
231.41506,1.8081218
231.69908,-6.7923822
231.98328,6.152238
232.26765,6.1086491
232.55219,-4.068247
232.83691,-7.5078621
233.12181,1.3662745
233.40688,-2.0922874
233.69212,-7.9900888
233.97754,-4.4526199
234.26313,0.92011931
234.54889,-4.0287339
234.83483,-6.8364344
235.12095,-0.57749212
235.40723,0.88926954
235.69369,-3.267522
235.98033,-0.13021972
236.26714,6.8031372
236.55413,5.9403919
236.84128,0.67762276
237.12862,3.0618887
237.41612,5.0069151
237.70381,0.10485886
237.99166,3.5243475
238.27969,9.3594986
238.56789,9.4612925
238.85627,6.1199254
239.14482,2.3550051
239.43355,7.8998649
239.72245,5.2878381
240.01153,1.444415
240.30077,8.9970465
240.5902,9.1927915
240.87979,9.3022382
241.16957,9.3253865
241.45951,9.2779228
241.74963,9.0735726
242.03993,9.3790025
242.33039,10.272644
242.62104,9.9505752
242.91185,10.389267
243.20284,10.49068
243.49401,10.325403
243.78535,9.9875525
244.07686,9.9869335
244.36855,8.80982
244.66041,9.193467
244.95245,8.5810118
245.24466,4.3057877
245.53704,8.9874026
245.8296,8.9395818
246.12233,6.2956589
246.41524,7.6046533
246.70832,8.858722
247.00158,8.583355
247.295,7.7824741
247.58861,8.1266674
247.88239,8.8943664
248.17634,8.6502768
248.47046,8.6885164
248.76476,8.9777125
249.05924,8.8119829
249.35389,8.7089746
249.64871,9.609864
249.94371,9.5695532
250.23888,9.5292186
250.53422,9.3476837
250.82974,9.4484779
251.12544,8.9923856
251.42131,6.7950931
251.71735,-4.8375174
252.01356,-2.7211321
252.30996,-3.1537902
252.60652,-9.4845114
252.90326,-6.1917269
253.20017,-2.1303388
253.49726,-6.5866215
253.79452,-7.7409672
254.09196,-3.3267093
254.38957,-4.7948282
254.68735,-7.0315983
254.98531,1.0767059
255.28344,7.0765557
255.58175,2.3313027
255.88023,-4.4766999
256.17888,3.4290182
256.47771,5.0915944
256.77672,2.6600483
257.0759,5.6481053
257.37525,6.4165499
257.67477,5.8908721
257.97447,4.8161701
258.27435,6.6983261
258.5744,7.0902814
258.87462,4.9410555
259.17502,6.9722171
259.47559,6.6347466
259.77633,7.1521734
260.07725,6.9401838
260.37835,6.7752483
260.67961,6.7044258
260.98106,6.7747751
261.28267,4.5313942
261.58446,6.5860479
261.88643,5.8250106
262.18857,4.0051451
262.49088,6.7735103
262.79337,6.7104982
263.09603,6.9219913
263.39886,7.3766169
263.70187,7.7528065
264.00506,6.9760503
264.30842,7.7130149
264.61195,8.2852689
264.91565,8.1908516
265.21954,8.2454492
265.52359,8.3784736
265.82782,8.386003
266.13222,8.346469
266.4368,8.5030087
266.74155,8.5654261
267.04648,8.4474467
267.35158,8.2431881
267.65685,7.3722582
267.9623,7.7562256
268.26792,6.7284236
268.57372,2.1555188
268.87969,-0.91935134
269.18584,-1.8922654
269.49216,-8.5043998
269.79865,-2.7086958
270.10532,2.5615134
270.41216,-0.51338013
270.71917,3.3921138
271.02637,7.1642698
271.33373,5.846225
271.64127,4.7791559
271.94898,7.759141
272.25687,8.0018665
272.56493,7.3739991
272.87316,7.3500486
273.18157,7.6476621
273.49016,7.2001728
273.79892,6.0860122
274.10785,7.3091019
274.41696,7.34003
274.72624,7.1356593
275.03569,7.0254016
275.34532,7.2053353
275.65512,6.1460487
275.9651,6.0514632
276.27525,7.4313829
276.58558,7.2034548
276.89608,6.8186593
277.20675,5.5240552
277.5176,6.1667013
277.82862,3.3269898
278.13982,-0.40684402
278.45119,3.0828469
278.76273,-0.031388407
279.07445,-5.3573931
279.38635,1.5832642
279.69841,2.5160737
280.01066,-3.9471999
280.32307,-1.9947919
280.63566,0.16153302
280.94843,-5.0625389
281.26137,-1.9023018
281.57448,6.1049895
281.88777,5.649531
282.20123,-1.4333831
282.51486,0.51114906
282.82867,3.0595981
283.14265,-0.57234962
283.45681,1.8662862
283.77114,3.7637409
284.08565,1.9906026
284.40033,5.8488323
284.71519,6.5462729
285.03021,3.5025325
285.34542,6.725454
285.6608,7.618959
285.97635,6.771283
286.29207,6.5981121
286.60797,7.0210149
286.92405,6.9890111
287.24029,6.0236693
287.55672,3.9367542
287.87331,6.8066972
288.19008,6.0766355
288.50703,0.65637304
288.82415,6.3027726
289.14144,6.3021087
289.45891,2.6935969
289.77655,6.1203746
290.09437,6.8334221
290.41236,6.6837199
290.73052,6.2908758
291.04886,6.8548897
291.36737,6.7287029
291.68606,6.3907467
292.00492,6.695923
292.32395,6.7265849
292.64316,5.9101834
292.96255,6.458483
293.2821,6.5832485
293.60184,6.0962447
293.92174,6.7857068
294.24182,6.777125
294.56208,6.4783424
294.88251,6.5638689
295.20311,6.7827241
295.52389,6.6094177
295.84484,6.6164989
296.16596,6.8196537
296.48726,6.6620196
296.80874,6.4651652
297.13038,6.5820316
297.45221,6.5969325
297.7742,1.200064
298.09637,-3.8752405
298.41872,2.5396464
298.74124,-2.5121381
299.06393,-4.9129468
299.3868,-0.93728957
299.70984,-2.4988919
300.03305,-2.0683421
300.35644,5.0367128
300.68001,5.4280376
301.00375,1.4428872
301.32766,6.0773399
301.65174,6.8372781
301.97601,6.4677999
302.30044,5.5022386
302.62505,6.6072609
302.94983,6.4416902
303.27479,6.3545463
303.59992,6.4713192
303.92523,6.3057346
304.25071,5.5675963
304.57636,6.358865
304.90219,6.4913056
305.22819,6.0982512
305.55437,6.3326432
305.88072,6.3160502
306.20725,6.0406289
306.53395,6.1965755
306.86082,6.3682037
307.18787,6.2653175
307.51509,6.0839952
307.84249,6.0752172
308.17006,5.9095719
308.4978,5.6184316
308.82572,5.9782671
309.15381,5.7969215
309.48208,5.3645908
309.81052,5.8577456
310.13914,6.0999153
310.46793,5.6283549
310.79689,5.68228
311.12603,6.049926
311.45534,6.0567829
311.78483,6.5185371
312.11449,6.4704828
312.44432,6.8616395
312.77433,6.7665169
313.10452,6.7498211
313.43487,6.8742971
313.7654,6.7007292
314.09611,6.8095096
314.42699,6.9496579
314.75804,6.9015661
315.08927,7.0730776
315.42068,7.1739962
315.75225,6.9376551
316.084,6.0346428
316.41593,5.4453513
316.74803,-0.39100378
317.0803,-4.6038341
317.41275,1.300978
317.74537,-2.2687243
318.07817,-8.3560784
318.41114,-4.5960733
318.74428,-6.4125331
319.0776,-9.8603596
319.41109,-8.4140628
319.74476,-9.5559954
320.0786,-8.2822361
320.41262,-0.98494163
320.74681,-0.87195512
321.08117,-1.8177864
321.41571,4.318741
321.75042,5.5376271
322.08531,3.4859307
322.42037,5.8891421
322.7556,6.0805944
323.09101,5.3230329
323.42659,4.5968497
323.76235,6.2157703
324.09828,3.8190104
324.43439,-0.091469329
324.77067,2.2098214
325.10712,-0.41437225
325.44375,3.3379104
325.78055,6.2666694
326.11753,6.105238
326.45468,4.8614595
326.792,6.2686671
327.1295,6.2954883
327.46718,6.3458446
327.80502,6.3491479
328.14305,6.3289275
328.48124,6.7871442
328.81961,7.5355628
329.15816,6.6447714
329.49687,6.1618289
329.83577,6.8632059
330.17483,6.3645886
330.51407,5.8502908
330.85349,6.0340379
331.19308,6.7197516
331.53284,5.8368436
331.87278,6.7500198
332.21289,6.6906526
332.55318,4.3959971
332.89364,4.6346807
333.23427,6.528272
333.57508,5.2532416
333.91607,5.2566484
334.25722,6.2326098
334.59855,6.236028
334.94006,6.7021971
335.28174,6.8232739
335.62359,6.6149446
335.96562,6.5948564
336.30782,6.6845779
336.6502,6.4527364
336.99275,6.6993321
337.33548,6.7655414
337.67837,6.6278349
338.02145,6.65484
338.36469,6.7681253
338.70812,6.7088674
339.05171,6.7907917
339.39548,7.3197805
339.73943,6.7742653
340.08354,6.6130696
340.42784,6.8910953
340.7723,6.7926562
341.11694,5.5961836
341.46176,6.1330501
341.80675,5.3836478
342.15191,5.5754277
342.49725,6.9279977
342.84276,6.4139068
343.18845,-2.9864529
343.53431,-3.6966107
343.88034,-6.2185276
344.22655,-4.8502426
344.57293,3.9768717
344.91949,-0.19208667
345.26622,-8.4786864
345.61313,-3.6123392
345.96021,-4.3616725
346.30746,-5.5266863
346.65489,-1.977969
347.00249,0.2060483
347.35027,5.8959537
347.69822,7.2250804
348.04634,6.8444091
348.39464,4.840214
348.74311,6.7262208
349.09176,6.5181157
349.44058,2.4825653
349.78958,1.0038834
350.13875,1.8938348
350.48809,-2.2750317
350.83761,2.0110096
351.1873,4.2578409
351.53717,5.3595799
351.88721,6.5240698
352.23742,6.4728791
352.58781,6.3354197
352.93838,6.4724758
353.28911,6.5232632
353.64003,6.9034681
353.99111,7.871914
354.34237,7.3815421
354.69381,7.0950976
355.04541,7.3184627
355.3972,7.2437943
355.74915,7.2867788
356.10128,7.5729063
356.45359,7.3492355
356.80607,7.3138059
357.15872,7.3724996
357.51155,7.1880618
357.86455,6.901669
358.21773,7.3368505
358.57108,7.3171359
358.9246,7.242525
359.2783,7.1992924
359.63217,6.7325362
359.98622,4.1246092
360.34044,0.4108056
360.69484,-3.6637765
361.04941,-9.8952157
361.40415,-3.5373542
361.75907,-2.6304745
362.11416,-9.0412432
362.46943,-6.8088762
362.82487,-7.9490596
363.18048,-11.387284
363.53627,-8.4960975
363.89224,-7.8009911
364.24837,-5.2392195
364.60468,-0.37156694
364.96117,1.3039273
365.31783,5.2382436
365.67466,6.7960879
366.03167,6.7931465
366.38885,7.2607919
366.74621,7.0303966
367.10374,6.7686273
367.46145,7.330386
367.81933,7.2882217
368.17738,6.6891932
368.53561,5.5646731
368.89401,6.0793672
369.25259,0.53915796
369.61134,0.6067904
369.97026,2.5567743
370.32936,-1.6893216
370.68863,1.7822281
371.04808,3.975345
371.4077,-0.27075519
371.76749,1.6949079
372.12746,3.464491
372.48761,6.6458375
372.84793,7.340908
373.20842,7.2438202
373.56908,7.2251623
373.92992,7.2692482
374.29094,7.2662737
374.65213,7.2240821
375.01349,7.3544381
375.37503,7.1632241
375.73674,7.2073027
376.09862,7.596478
376.46068,7.2405537
376.82292,6.8610986
377.18533,6.7718382
377.54791,6.4315959
377.91067,5.5580189
378.2736,6.6687541
378.6367,5.6226252
378.99998,6.3019851
379.36343,6.5029121
379.72706,6.1783475
380.09086,4.6459383
380.45484,6.0547042
380.81899,6.7811156
381.18331,7.2643884
381.54781,7.190797
381.91248,7.164263
382.27733,7.1926296
382.64235,7.2680535
383.00755,7.2258289
383.37292,7.0345833
383.73846,6.7962774
384.10418,7.0756171
384.47007,7.3627986
384.83613,6.9754688
385.20237,7.0430395
385.56879,7.1419813
385.93538,7.0605296
386.30214,6.955547
386.66908,6.96821
387.03619,6.6906755
387.40347,5.8092181
387.77093,5.3042297
388.13857,2.7129654
388.50638,3.2981703
388.87436,3.8284718
389.24251,3.1744581
389.61084,6.4576979
389.97935,6.9409362
390.34803,7.1731928
390.71688,7.2799576
391.08591,7.2377015
391.45511,7.5013263
391.82449,8.3531849
392.19404,8.3501401
392.56376,7.5863096
392.93366,7.6852227
393.30373,7.6743305
393.67398,7.7497114
394.0444,7.4721496
394.41499,7.1867433
394.78576,6.6817277
395.1567,6.4590636
395.52782,5.946202
395.89911,6.2803977
396.27058,6.1047882
396.64222,5.3252556
397.01403,5.4790549
397.38602,6.158343
397.75819,6.1944924
398.13052,6.4502482
398.50303,6.2589437
398.87572,6.2715594
399.24858,6.6920167
399.62161,6.673257
399.99482,6.8819468
400.3682,7.0200469
400.74176,7.2287338
401.11549,7.131537
401.48939,7.285319
401.86347,8.2704723
402.23772,8.2673887
402.61215,8.2643038
402.98675,8.2612174
403.36153,8.2189139
403.73648,8.2550403
404.1116,6.90293
404.4869,7.1743476
404.86237,7.0379207
405.23802,6.5563944
405.61384,6.5140822
405.98983,6.6756903
406.366,6.6647478
406.74235,6.5283137
407.11886,5.8556866
407.49556,-2.769859
407.87242,-12.313029
408.24946,-11.267941
408.62668,-10.136556
409.00406,-9.9384818
409.38163,-9.9521495
409.75936,-7.4010887
410.13727,-7.4774562
410.51536,-9.0753697
410.89362,-8.5634567
411.27205,-8.2162269
411.65066,-6.4023078
412.02944,-3.8275817
412.4084,-3.4489114
412.78753,-0.16825771
413.16683,-0.31503234
413.54631,-5.2225686
413.92596,-5.1496902
414.30579,-5.0454165
414.68579,-3.9371986
415.06597,-0.27993842
415.44632,1.3381287
415.82684,-0.91044824
416.20754,-0.41390448
416.58841,4.4748188
416.96946,8.3988588
417.35068,8.2601764
417.73207,8.2234774
418.11364,8.2024873
418.49538,8.1658335
418.8773,7.9017515
419.25939,8.4690646
419.64166,7.8756161
420.0241,7.9802294
420.40671,8.7358457
420.7895,8.8169749
421.17246,8.7726366
421.5556,8.8067522
421.93891,9.2016748
422.32239,9.2672083
422.70605,9.0347252
423.08989,9.1944216
423.47389,9.2835524
423.85808,9.1060392
424.24243,9.1638428
424.62696,9.0255905
425.01167,9.0677531
425.39654,9.6589579
425.7816,9.5129304
426.16682,9.4845727
426.55222,9.534669
426.9378,9.4043957
427.32355,6.7329686
427.70947,4.908623
428.09557,-1.8176607
428.48184,-4.3870591
428.86829,-5.2387878
429.25491,-6.9218664
429.6417,-5.4206086
430.02867,-6.9075634
430.41582,-8.5984172
430.80313,-6.783366
431.19062,-7.242802
431.57829,-6.7610388
431.96613,-6.106704
432.35414,-6.7072485
432.74233,-5.8332605
433.13069,-4.7239558
433.51923,-2.9793344
433.90794,-0.52096476
434.29682,-0.43904311
434.68588,4.1997639
435.07512,7.8268289
435.46452,6.8107793
435.85411,8.6574974
436.24386,10.300317
436.63379,10.735315
437.0239,10.887984
437.41417,10.915184
437.80463,11.279663
438.19525,11.204948
438.58605,11.208687
438.97703,11.31441
439.36818,11.263293
439.7595,11.400433
440.151,11.561126
440.54267,11.376743
440.93452,11.529638
441.32654,11.51785
441.71873,11.482555
442.1111,11.698262
442.50364,11.50615
442.89636,6.8591577
443.28925,4.2906197
443.68232,4.1299475
444.07556,6.7849842
444.46897,8.3812201
444.86256,5.146106
445.25632,5.1423871
445.65026,6.1426124
446.04437,9.5820761
446.43865,11.123523
446.83311,10.900287
447.22774,8.6770735
447.62255,10.210745
448.01753,11.430714
448.41269,11.631098
448.80802,11.89425
449.20352,11.741738
449.5992,10.99317
449.99505,9.2328599
450.39108,10.288259
450.78728,10.637798
451.18365,5.9520659
451.5802,6.5212584
451.97693,6.5336107
452.37382,2.6401032
452.77089,3.0681871
453.16814,2.4609995
453.56556,5.6891286
453.96315,6.7917902
454.36092,3.8395725
454.75887,5.7971813
455.15698,5.9195187
455.55527,7.2105061
455.95374,10.721124
456.35238,8.6945097
456.75119,9.067918
457.15018,8.6178196
457.54934,6.3324497
457.94868,7.3882788
458.34819,6.7892287
458.74787,7.947064
459.14773,8.367667
459.54776,6.7647632
459.94797,8.4481566
460.34835,9.4335333
460.74891,11.869913
461.14964,13.498473
461.55054,13.221172
461.95162,13.743894
462.35287,13.929384
462.7543,13.989407
463.1559,14.135726
463.55767,14.180108
463.95962,14.342159
464.36174,14.378743
464.76404,14.415349
465.16651,14.655899
465.56916,14.221963
465.97198,14.313539
466.37497,14.562
466.77814,15.312445
467.18148,15.325658
467.585,15.276148
467.98869,15.242347
468.39256,15.004648
468.79659,15.119912
469.20081,15.494022
469.6052,14.762272
470.00976,14.477604
470.41449,14.898841
470.8194,14.81814
471.22449,15.231579
471.62975,14.8921
472.03518,14.81931
472.44079,13.060268
472.84657,1.0659543
473.25252,-8.7950032
473.65865,-9.6912321
474.06496,-10.634497
474.47143,-10.785583
474.87809,-9.2739008
475.28491,-8.9308235
475.69191,-4.7772031
476.09909,-4.6314607
476.50644,-7.3092827
476.91396,-5.5636102
477.32166,-6.0140512
477.72953,-4.5429584
478.13757,-3.4797438
478.54579,-4.6675445
478.95419,-2.4985174
479.36275,-1.7177605
479.7715,0.98452999
480.18041,3.0436483
480.5895,1.6125356
480.99877,5.1225644
481.40821,7.7933425
481.81782,12.362125
482.22761,13.903421
482.63757,14.260369
483.04771,14.138851
483.45802,13.985925
483.8685,14.091787
484.27916,14.072125
484.68999,14.021054
485.101,13.985636
485.51218,13.636456
485.92353,12.965674
486.33506,10.443875
486.74677,5.6318462
487.15864,4.1609585
487.5707,6.5645457
487.98292,11.611235
488.39532,12.595145
488.8079,9.6731367
489.22064,8.1393291
489.63357,10.997643
490.04666,12.483374
490.45994,12.525932
490.87338,11.737083
491.287,10.093296
491.70079,11.767122
492.11476,12.327188
492.5289,12.236238
492.94322,11.729567
493.35771,11.889527
493.77238,11.712198
494.18722,9.9975786
494.60223,10.510375
495.01742,8.4270589
495.43278,6.6495898
495.84831,8.7230661
496.26402,5.1965074
496.67991,1.7640314
497.09596,-0.28024418
497.5122,-2.6304371
497.9286,-2.753214
498.34518,-3.456418
498.76194,-1.9478923
499.17887,-1.3962643
499.59597,0.72395627
500.01325,2.5461026
500.4307,-0.008256549
500.84833,0.91185912
501.26613,0.75743003
501.6841,1.2461032
502.10225,2.5112121
502.52057,0.96844282
502.93907,2.5079916
503.35774,2.1886818
503.77659,3.8693371
504.1956,6.5930947
504.6148,5.4423075
505.03417,6.8875639
505.45371,7.7994519
505.87342,9.5740501
506.29331,9.5839074
506.71338,9.5152984
507.13362,9.4937133
507.55403,9.3230736
507.97462,9.2543597
508.39538,9.1620815
508.81631,9.0932977
509.23742,8.9852633
509.65871,8.7438606
510.08017,8.7455602
510.5018,8.7158523
510.92361,8.7566977
511.34559,8.5465277
511.76774,8.2186757
512.19007,7.5456908
512.61257,7.0687493
513.03525,6.8662826
513.4581,6.7108398
513.88113,5.4102641
514.30433,-1.0825035
514.7277,-3.3635414
515.15125,-5.346575
515.57497,-5.1727807
515.99887,-7.0225509
516.42294,-6.5586305
516.84719,-5.7967059
517.2716,-6.3598975
517.6962,-4.8838503
518.12097,-4.8195446
518.54591,-1.4375687
518.97102,-0.071255971
519.39631,-1.0500181
519.82178,0.18300764
520.24742,-0.30943367
520.67323,3.7314815
521.09922,4.9488904
521.52538,5.8761264
521.95171,7.7524052
522.37822,8.0757659
522.80491,8.1560126
523.23176,8.2598118
523.6588,8.3165753
524.086,8.3812051
524.51338,8.5086032
524.94094,8.8713186
525.36867,8.771312
525.79657,8.6242697
526.22465,8.383133
526.6529,8.2282939
527.08132,8.4107328
527.50992,8.5539793
527.9387,8.7443077
528.36765,8.6130906
528.79677,3.1407202
529.22606,2.6722946
529.65553,1.7333038
530.08518,3.5551206
530.515,1.2279408
530.94499,-1.9619608
531.37516,1.0912979
531.8055,-1.0475771
532.23602,-1.3354485
532.66671,-1.9291791
533.09757,3.6496625
533.52861,8.8363703
533.95982,8.9564346
534.39121,9.5706398
534.82277,9.7299661
535.25451,9.9442175
535.68641,9.9075117
536.1185,9.9022017
536.55076,9.9282873
536.98319,9.4524352
537.41579,8.7883711
537.84857,7.0733497
538.28153,2.244626
538.71466,-0.63113345
539.14796,-3.5617717
539.58144,1.2252603
540.01509,2.2319233
540.44891,-2.8868807
540.88291,-5.629191
541.31709,-6.1440272
541.75144,-5.0823696
542.18596,-5.6442183
542.62065,-4.1354556
543.05552,-3.0894148
543.49057,-3.0472724
543.92579,-1.6717736
544.36118,-1.2531144
544.79675,2.5459602
545.23249,6.2666265
545.66841,10.7481
546.1045,11.166852
546.54076,10.926804
546.9772,11.337759
547.41381,11.497757
547.8506,11.681307
548.28756,11.598214
548.72469,11.609261
549.162,11.792881
549.59949,11.788289
550.03714,12.199406
550.47498,12.04584
550.91298,11.884455
551.35116,11.997602
551.78952,12.126459
552.22804,12.318084
552.66675,12.509732
553.10562,12.69356
553.54468,12.391137
553.9839,12.535796
554.4233,12.531458
554.86287,12.401654
555.30262,12.083637
555.74254,12.236232
556.18264,12.302575
556.62291,10.314039
557.06335,3.0000367
557.50397,-1.4511977
557.94477,-7.8318207
558.38573,-9.8124205
558.82688,-10.718487
559.26819,-8.9657075
559.70968,-6.4521202
560.15134,-7.6247843
560.59318,-5.7771852
561.03519,-7.4041158
561.47738,-4.3330271
561.91974,-2.5952915
562.36228,-2.0732622
562.80499,0.28404144
563.24787,-3.0684788
563.69093,-2.4916071
564.13416,-1.0676965
564.57756,4.0816844
565.02114,5.1526141
565.4649,1.2980337
565.90883,0.60421768
566.35293,-0.56020643
566.79721,1.5929966
567.24166,0.99323863
567.68628,1.6562058
568.13108,3.9975845
568.57606,7.7663943
569.0212,11.072439
569.46652,9.5235621
569.91202,8.6334887
570.35769,5.5316307
570.80354,4.6258313
571.24955,6.347463
571.69575,7.0416238
572.14211,9.3906666
572.58866,9.9592975
573.03537,11.233791
573.48226,11.112186
573.92932,11.01409
574.37656,10.994406
574.82397,11.21784
575.27156,11.370665
575.71932,11.303862
576.16726,11.401746
576.61536,11.044708
577.06365,11.197453
577.5121,11.122728
577.96074,10.326414
578.40954,9.9692965
578.85852,9.6592176
579.30768,10.721668
579.757,10.748804
580.20651,10.140626
580.65618,10.050075
581.10603,10.030093
581.55606,10.088522
582.00626,10.154775
582.45663,9.9072819
582.90718,9.2127103
583.3579,7.9769423
583.8088,4.7254682
584.25987,-0.0083788154
584.71111,-2.30303
585.16253,-4.1427991
585.61412,-3.4257253
586.06589,-4.7557303
586.51783,-4.8151669
586.96995,-4.0981528
587.42224,-1.9144919
587.8747,0.90444324
588.32734,-0.80997486
588.78015,0.96578323
589.23313,2.2866195
589.6863,6.760377
590.13963,7.7360755
590.59314,7.511754
591.04682,8.675648
591.50068,8.4826593
591.95471,9.277886
592.40892,9.4691713
592.86329,9.5820053
593.31785,9.5614862
593.77258,9.3762412
594.22748,9.1831332
594.68256,8.8174563
595.13781,8.192936
595.59323,7.348788
596.04883,8.6065809
596.5046,8.0839617
596.96055,8.1338716
597.41667,8.6700362
597.87297,8.868926
598.32944,8.730541
598.78608,8.6313519
599.2429,8.5242996
599.69989,8.4799726
600.15706,7.9571944
600.6144,7.5834159
601.07192,7.4292253
601.52961,7.4710933
601.98747,7.2541178
602.44551,7.0449656
602.90372,5.8161857
603.3621,0.054052557
603.82066,-3.3159436
604.2794,0.16109917
604.73831,1.5675338
605.19739,-1.002522
605.65665,0.99995133
606.11608,4.7906401
606.57568,6.871505
607.03546,5.7601931
607.49542,4.8449399
607.95554,4.5022157
608.41585,1.7359423
608.87632,-0.58329225
609.33697,-3.3339192
609.7978,-1.2453503
610.2588,-1.2979778
610.71997,-0.79376247
611.18132,-1.2307435
611.64284,-2.0285287
612.10453,-1.4459416
612.5664,4.5091746
613.02845,6.7466239
613.49067,6.6624847
613.95306,6.7430314
614.41563,5.5215975
614.87837,4.4491633
615.34128,2.333572
615.80437,1.9277647
616.26763,2.3297806
616.73107,4.6455022
617.19468,5.6984588
617.65847,5.8651209
618.12243,6.3533319
618.58656,6.3709347
619.05087,6.3022431
619.51535,6.2962767
619.98001,6.4628394
620.44484,6.268598
620.90985,6.3566896
621.37503,6.1310358
621.84038,5.8426171
622.30591,2.7777079
622.77161,2.1441513
623.23749,5.1811631
623.70354,4.0142335
624.16976,3.8512055
624.63616,5.6646282
625.10273,5.6505801
625.56948,5.518865
626.0364,5.5439927
626.5035,5.3338065
626.97077,5.3745808
627.43821,5.2820019
627.90583,5.0090109
628.37362,4.3673725
628.84159,0.6420512
629.30973,-2.6048475
629.77804,-4.1576372
630.24653,-8.3300434
630.71519,-8.251478
631.18403,-9.1611565
631.65304,-8.0080987
632.12223,-8.6746574
632.59159,-4.2431855
633.06112,-1.8430949
633.53083,-2.7685032
634.00071,-3.1998026
634.47077,-2.0703263
634.941,1.8356119
635.41141,3.035659
635.88199,4.6749131
636.35274,4.7612173
636.82367,5.0200619
637.29477,4.8553683
637.76604,3.6789014
638.23749,2.9337983
638.70912,3.2318237
639.18092,3.0514091
639.65289,0.84745643
640.12504,1.8748676
640.59736,0.21991708
641.06985,-1.8115127
641.54252,-1.9762845
642.01537,1.1059938
642.48838,1.8274791
642.96158,-0.39222073
643.43494,-1.4197724
643.90848,1.2310986
644.3822,2.9643138
644.85609,2.9014419
645.33015,3.2934633
645.80439,3.8658681
646.2788,4.4539506
646.75338,4.1635929
647.22814,3.9830305
647.70308,3.8887339
648.17819,3.7316835
648.65347,3.5354087
649.12892,2.4763801
649.60456,-0.41795129
650.08036,-2.1671933
650.55634,-0.70075781
651.03249,-2.434331
651.50882,-3.0777168
651.98532,-3.1564054
652.462,-1.1566713
652.93885,-0.15302431
653.41587,1.1643394
653.89307,2.6150278
654.37044,3.6264918
654.84799,3.5006922
655.32571,3.4297859
655.80361,3.4686748
656.28168,3.3585354
656.75992,3.3111324
657.23834,3.6872501
657.71693,3.6084572
658.19569,3.6473026
658.67463,3.7567276
659.15375,3.5210458
659.63304,3.0735906
660.1125,3.3790679
660.59214,3.2923797
661.07195,3.0958788
661.55193,2.711134
662.03209,2.6008902
662.51243,2.7024025
662.99294,3.4784159
663.47362,3.195597
663.95447,3.0382597
664.43551,3.3279724
664.91671,3.3196373
665.39809,3.0681562
665.87964,2.2676468
666.36137,1.137717
666.84327,0.6509157
667.32535,1.0268508
667.8076,0.52434586
668.29002,0.88457731
668.77262,1.5193099
669.25539,2.9305043
669.73834,2.8907097
670.22146,2.9528671
670.70475,2.7797218
671.18822,3.1634305
671.67187,3.0686991
672.15568,3.3818021
672.63968,3.4909749
673.12384,3.1844528
673.60818,2.5720395
674.0927,1.7164804
674.57738,1.1903243
675.06225,0.13082614
675.54728,0.083084024
676.0325,-0.86662757
676.51788,-0.22419101
677.00344,0.90451138
677.48917,2.1194796
677.97508,2.1030665
678.46116,2.0709585
678.94742,1.7878614
679.43385,1.4576968
679.92045,1.5667392
680.40723,1.4953807
680.89419,1.6279351
681.38131,2.2153827
681.86861,2.4498805
682.35609,2.4177029
682.84374,2.5502225
683.33156,2.3768511
683.81956,2.3603337
684.30773,2.312435
684.79608,2.2723709
685.2846,2.2401411
685.7733,2.3804517
686.26217,2.5129104
686.75121,2.276733
687.24043,2.1817234
687.72982,2.3298423
688.21938,2.1720702
688.70912,2.1240933
689.19904,1.5976763
689.68913,1.0398781
690.17939,1.0859928
690.66983,0.17523601
691.16044,1.005647
691.65122,2.0399709
692.14218,2.1409527
692.63331,2.0301612
693.12462,2.0448511
693.6161,0.79678728
694.10776,-1.2669715
694.59959,-2.4601508
695.09159,-2.9709858
695.58377,-2.6426139
696.07613,-2.5809173
696.56865,-1.0917784
697.06135,-1.4065698
697.55423,-1.2350954
698.04728,-1.4244139
698.5405,0.033317612
699.0339,-0.022685023
699.52747,-0.24340223
700.02122,0.14763656
700.51514,1.2053333
701.00923,1.2801815
701.5035,1.268754
701.99795,1.1239918
702.49256,1.5517774
702.98736,1.2893656
703.48232,1.4112664
703.97746,1.3370874
704.47277,1.3021228
704.96826,1.1651962
705.46393,1.4831703
705.95976,1.5580059
706.45577,1.5622519
706.95196,1.0410065
707.44832,0.60603441
707.94485,0.57106101
708.44156,1.2184393
708.93844,1.5207183
709.4355,1.5171136
709.93273,1.4037038
710.43013,0.89813583
710.92771,1.4357039
711.42546,1.4399373
711.92339,1.0912283
712.42149,1.3778122
712.91976,1.1467477
713.41821,1.2137212
713.91684,0.87285027
714.41563,0.67315456
714.91461,1.3283596
715.41375,1.4188574
715.91307,1.3838638
716.41257,0.90181008
716.91224,0.53740217
717.41208,-0.25053641
717.9121,-2.1443586
718.41229,-2.6028879
718.91265,-2.8731833
719.41319,-2.4140681
719.91391,-2.692209
720.4148,-2.2330964
720.91586,-2.7151614
721.41709,-2.1462474
721.9185,-2.3930209
722.42009,-1.4162662
722.92185,-0.71402259
723.42378,0.52155308
723.92589,0.35320592
724.42817,0.26328887
724.93063,0.47925291
725.43326,0.80501961
725.93606,1.116616
726.43904,0.80077707
726.94219,1.1202478
727.44552,1.5573811
727.94902,1.59453
728.45269,1.7807141
728.95654,1.5512274
729.46057,1.5413642
729.96476,1.5785754
730.46914,1.6393315
730.97368,1.8569659
731.4784,1.9569689
731.9833,2.0413011
732.48837,1.9844725
732.99361,1.8335417
733.49902,2.0826265
734.00462,2.0807465
734.51038,2.0396664
735.01632,1.8260528
735.52243,1.4634352
736.02872,1.2576959
736.53518,0.87157997
737.04182,0.17175414
737.54863,0.63272819
738.05562,1.3133256
738.56277,1.5939387
739.07011,2.5255476
739.57762,2.5787408
740.0853,2.2711652
740.59315,2.0028209
741.10118,2.3462569
741.60939,2.3289241
742.11776,2.3508225
742.62632,2.6001875
743.13504,2.6456465
743.64394,2.5577877
744.15302,2.5248465
744.66227,2.8840776
745.17169,3.0707753
745.68129,3.0692533
746.19106,2.9657861
746.70101,2.9642952
747.21113,3.198114
747.72142,3.4319484
748.23189,3.4383474
748.74253,3.4212325
749.25335,3.2315841
749.76434,3.1282259
750.2755,3.1739028
750.78684,3.6588109
751.29836,3.7437346
751.81005,3.71887
752.32191,3.7802954
752.83394,3.928011
753.34615,3.7698597
753.85854,3.8940769
754.3711,3.8457607
754.88383,3.7425581
755.39674,3.4276063
755.90982,3.4342387
756.42307,3.5036318
756.9365,3.7612758
757.45011,3.8071706
757.96388,4.198179
758.47784,3.6088109
758.99196,3.1057328
759.50626,2.7281604
760.02074,2.8055056
760.53539,2.7103174
761.05021,2.6465172
761.56521,2.5278307
762.08038,3.4836695
762.59573,4.274818
763.11125,4.3914723
763.62694,4.3199068
764.14281,4.7503177
764.65885,4.8670187
765.17507,4.9053038
765.69146,4.8887026
766.20802,4.7779993
766.72476,4.4869193
767.24168,4.3448746
767.75876,4.5557866
768.27602,4.8922044
768.79346,4.5776573
769.31107,4.5297925
769.82886,4.5133158
770.34681,4.5831291
770.86495,4.3470757
771.38325,4.9110378
771.90173,5.1848195
772.42039,5.019401
772.93922,4.8461549
773.45822,5.2062577
773.9774,5.1193173
774.49675,5.3696473
775.01628,5.3768557
775.53598,5.2429031
776.05585,4.8972014
776.5759,4.9201427
777.09613,5.5313349
777.61652,5.2327387
778.13709,4.9341581
778.65784,4.8787303
779.17876,4.8076318
779.69985,4.8777253
780.22112,5.1595991
780.74256,5.3865866
781.26418,5.2135895
781.78597,5.0484512
782.30794,5.6048971
782.83008,5.6123389
783.35239,5.3923453
783.87488,5.6507986
784.39754,5.3131891
784.92037,4.9599089
785.44338,4.6380168
785.96657,4.9279049
786.48993,5.1942793
787.01346,5.852826
787.53717,5.5074667
788.06105,5.8836917
788.5851,5.5226773
789.10933,5.7342274
789.63373,5.4830481
790.15831,6.1652176
790.68306,6.3846576
791.20799,6.3688191
791.73309,6.5490745
792.25836,6.4156201
792.78381,6.3606125
793.30944,6.6977774
793.83523,6.9408402
794.3612,6.9956833
794.88735,6.8858361
795.41367,6.8230632
795.94016,6.9485413
796.46683,7.0583486
796.99367,7.3485636
797.52069,7.685853
798.04788,7.740805
798.57525,7.8114589
799.10278,7.8978146
799.6305,8.0077153
800.15838,8.1019453
800.68645,8.1177595
801.21468,8.0551579
801.74309,8.0866895
802.27168,7.6633347
802.80043,7.3262699
803.32937,6.4794168
803.85847,6.2835597
804.38775,5.8759534
804.91721,6.0644411
805.44684,5.484317
805.97664,4.5120515
806.50662,4.990782
807.03677,5.9401163
807.5671,5.8384858
808.0976,6.262361
808.62827,5.8784087
809.15912,7.3532954
809.69014,7.7615311
810.22134,7.9031156
810.75271,7.8251079
811.28426,7.6608412
811.81597,6.5318842
812.34787,6.783335
812.87994,7.0583307
813.41218,7.9607929
813.94459,7.4750354
814.47718,7.7422347
815.00995,7.3898417
815.54289,7.4845231
816.076,7.6733377
816.60929,7.1562855
817.14275,7.6039547
817.67638,7.5575219
818.21019,6.7424772
818.74418,6.9470559
819.27834,6.5791011
819.81267,6.6974364
820.34718,6.8471598
820.88186,8.1812126
821.41671,9.3348887
821.95174,9.8611294
822.48694,9.8618955
823.02232,9.9881673
823.55787,9.9889645
824.0936,9.9427185
824.6295,10.2259
825.16557,10.085567
825.70182,9.9138776
826.23824,9.930439
826.77484,9.7195648
827.31161,9.0694906
827.84856,9.7998241
828.38567,9.8086045
828.92297,9.4017143
829.46044,9.2693494
829.99808,9.1056275
830.53589,8.7301564
831.07388,7.954701
831.61205,7.8773003
832.15039,8.192072
832.6889,8.0833299
833.22759,8.523623
833.76645,8.4305983
834.30548,8.1885696
834.84469,7.7740074
835.38408,7.0927941
835.92363,7.1096356
836.46337,7.3304142
837.00327,7.4021888
837.54335,7.881822
838.08361,7.3653924
838.62404,7.6646647
839.16464,7.7992466
839.70542,8.5299226
840.24637,8.5233592
840.78749,8.5638701
841.32879,10.133808
841.87027,9.6410172
842.41192,8.5207906
842.95374,8.2790109
843.49574,10.249011
844.03791,10.352361
844.58025,9.7263142
845.12277,8.9669497
845.66546,9.70564
846.20833,8.7188557
846.75137,9.0183614
847.29459,8.8865101
847.83798,9.5546744
848.38154,9.46207
848.92528,10.640069
849.46919,9.9278882
850.01328,9.6863109
850.55754,10.487886
851.10198,11.179673
851.64659,11.251868
852.19137,11.684863
852.73633,10.698265
853.28146,11.084232
853.82677,11.297666
854.37225,10.946409
854.9179,10.79909
855.46373,9.6635503
856.00973,10.920183
856.55591,10.568989
857.10226,9.4962414
857.64879,8.5019407
858.19549,8.0723616
858.74236,7.6741705
859.28941,8.0210931
859.83663,6.8856783
860.38403,7.2404751
860.9316,6.6148953
861.47934,5.7775664
862.02726,7.1206452
862.57535,7.9225631
863.12362,8.0107711
863.67206,8.4284064
864.22068,8.1166455
864.76947,8.8950963
865.31843,9.7598371
865.86757,10.193221
866.41688,10.516816
866.96637,10.840427
867.51603,12.058172
868.06587,12.985736
868.61588,13.599589
869.16606,13.884047
869.71642,13.721461
870.26695,12.460852
870.81765,11.764964
871.36853,10.692621
871.91959,9.3222549
872.47082,7.5283745
873.02222,7.2717646
873.5738,6.6073272
874.12555,6.3978072
874.67747,6.5726166
875.22957,7.861167
875.78185,8.2085565
876.3343,7.9990988
876.88692,8.2837744
877.43971,8.0351322
877.99268,8.7041526
878.54583,8.7300513
879.09915,10.308907
879.65264,9.6916993
880.20631,10.094115
880.76015,9.6024292
881.31416,9.8793861
881.86835,10.23479
882.42272,10.284327
882.97726,10.373095
883.53197,10.116781
884.08686,9.8604827
884.64192,10.874788
885.19715,12.391069
885.75256,11.044621
886.30814,11.094268
886.8639,9.308635
887.41983,8.9661553
887.97594,8.1531029
888.53222,6.8537916
889.08867,8.8799861
889.6453,11.117961
890.2021,11.15203
890.75908,10.331212
891.31623,9.4555078
891.87356,9.3876624
892.43106,8.6061071
892.98873,8.773587
893.54658,8.7920628
894.1046,8.2144758
894.6628,9.4329827
895.22117,10.361309
895.77971,9.7053375
896.33843,9.3944793
896.89732,10.111088
897.45639,9.5884961
898.01563,8.4698416
898.57505,8.3864967
899.13463,9.7306184
899.6944,9.2002458
900.25434,7.7993006
900.81445,7.8571944
901.37474,7.4915745
901.9352,7.0945975
902.49583,7.1760675
903.05664,6.1438275
903.61762,4.648858
904.17878,5.5068453
904.74011,5.8628873
905.30162,6.4150234
905.8633,9.2965867
906.42515,9.1820872
906.98718,9.2558386
907.54938,8.2629388
908.11176,8.5877017
908.67431,8.0418919
909.23703,9.2686467
909.79993,11.060123
910.36301,11.432007
910.92625,10.454887
911.48968,9.6032725
912.05327,9.8732424
912.61704,10.253032
913.18099,9.5112681
913.74511,10.408736
914.3094,11.274846
914.87386,8.7448939
915.43851,6.8737807
916.00332,6.5948399
916.56831,5.5629735
917.13347,3.4958286
917.69881,4.0639933
918.26432,4.7184482
918.83001,6.0552715
919.39587,4.9842672
919.96191,5.4191609
920.52811,4.7481878
921.0945,6.2105636
921.66105,6.590602
922.22779,6.6020285
922.79469,6.9036667
923.36177,7.0876733
923.92902,7.8991466
924.49645,8.4518118
925.06406,10.377042
925.63183,10.427777
926.19978,11.419705
926.76791,11.933217
927.33621,11.678117
927.90468,12.874013
928.47333,15.073846
929.04215,14.685459
929.61114,13.693166
930.18031,11.493046
930.74966,9.4811765
931.31918,7.5399109
931.88887,6.9555236
932.45874,5.7044852
933.02878,5.9515015
933.59899,5.9632394
934.16938,5.073032
934.73995,6.402448
935.31068,8.8456051
935.88159,10.198582
936.45268,9.0025541
937.02394,8.5281108
937.59538,8.3438792
938.16698,7.3753494
938.73877,5.9519332
939.31072,4.7324541
939.88286,4.2031867
940.45516,4.3798172
941.02764,3.6545024
941.60029,4.4978307
942.17312,4.6196059
942.74612,4.0590438
943.3193,4.3298697
943.89265,4.0438485
944.46618,2.6598037
945.03987,3.4953822
945.61375,3.3348979
946.18779,2.8763899
946.76202,2.3629955
947.33641,2.665303
947.91098,4.8029202
948.48573,4.948396
949.06064,4.6468286
949.63574,5.1531199
950.211,5.9966817
950.78644,5.9932002
951.36206,5.5897342
951.93785,7.6098133
952.51381,6.8142216
953.08995,6.3951161
953.66626,6.7289674
954.24275,5.6040106
954.81941,5.082991
955.39624,4.216889
955.97325,4.1037436
956.55043,4.3278688
957.12779,3.9167154
957.70532,2.8702834
958.28303,3.1179846
958.8609,2.3931524
959.43896,2.4448064
960.01719,2.504319
960.59559,4.1716904
961.17416,4.2469204
961.75291,3.8907935
962.33184,4.8366429
962.91094,4.3864295
963.49021,4.2107414
964.06966,6.1056571
964.64928,7.7966668
965.22907,6.4053392
965.80904,5.5473604
966.38919,6.618809
966.96951,7.3687045
967.55,7.0911646
968.13067,7.315601
968.71151,7.2420138
969.29252,5.5213834
969.87371,3.3772391
970.45507,3.272326
971.03661,4.1635069
971.61832,4.0194093
972.20021,2.9419939
972.78227,2.2096921
973.3645,1.7440726
973.94691,3.1372921
974.52949,2.3658214
975.11225,2.441425
975.69518,2.5405736
976.27829,3.9652279
976.86156,2.9349959
977.44502,3.3008579
978.02865,3.4863432
978.61245,4.3777265
979.19642,4.5397136
979.78057,2.6625006
980.3649,2.4402051
980.9494,4.2963565
981.53407,6.3172294
982.11892,5.8440001
982.70394,5.5982375
983.28913,6.2779806
983.8745,5.2165628
984.46005,4.6022194
985.04576,3.7839699
985.63166,2.9657361
986.21772,2.5632041
986.80396,1.7685308
987.39038,1.4836769
987.97697,1.7635446
988.56373,2.8904866
989.15067,1.8527383
989.73778,1.2228487
990.32506,1.2517981
990.91252,2.2454691
991.50016,2.5568026
992.08797,1.6367792
992.67595,1.9010851
993.2641,3.4203085
993.85244,3.5513122
994.44094,2.8274294
995.02962,2.4016015
995.61847,3.2463773
996.2075,4.3656785
996.7967,4.4889169
997.38608,2.5729551
997.97563,2.7354403
998.56535,3.5724508
999.15525,1.8055554
999.74532,1.8818127
1000.3356,1.8953406
1000.926,1.4147663
1001.5166,1.3734233
1002.1074,1.1281743
1002.6983,0.68686242
1003.2894,0.38674258
1003.8807,0.54154027
1004.4722,0.47674568
1005.0638,0.13745685
1005.6556,0.77857574
1006.2476,0.74520039
1006.8398,-0.66855155
1007.4321,0.70986894
1008.0246,1.288305
1008.6173,1.945188
1009.2102,2.4216944
1009.8032,1.4393928
1010.3964,0.83357742
1010.9898,0.39248345
1011.5834,0.68081682
1012.1771,0.62406771
1012.771,0.87321653
1013.3651,0.44002796
1013.9593,0.32842359
1014.5538,0.22467792
1015.1484,0.3483988
1015.7431,-0.084727506
1016.3381,0.54098529
1016.9332,2.1078901
1017.5285,1.5022615
1018.124,0.64566803
1018.7196,1.6400705
1019.3154,2.430567
1019.9114,1.6289222
1020.5076,0.85082241
1021.1039,1.5786205
1021.7005,1.6476106
1022.2972,-0.19710915
1022.894,0.42093172
1023.4911,1.031145
1024.0883,0.057060162
1024.6857,-0.68955815
1025.2832,-0.76949424
1025.881,-1.5709834
1026.4789,-0.60775108
1027.077,1.0300066
1027.6752,0.51091708
1028.2737,0.31341176
1028.8723,0.0088672915
1029.471,0.86512806
1030.07,-0.12172749
1030.6691,-0.473268
1031.2684,-0.5973366
1031.8679,-0.15667838
1032.4676,0.08792233
1033.0674,0.18352436
1033.6674,0.31836302
1034.2676,-0.12716956
1034.8679,-0.19621062
1035.4684,-1.0966033
1036.0691,-0.40481818
1036.67,0.62424277
1037.2711,-0.33098908
1037.8723,-0.69796471
1038.4737,-0.21001744
1039.0752,-0.79655905
1039.677,0.92280262
1040.2789,1.6147342
1040.881,1.232177
1041.4833,0.93591518
1042.0857,2.1690861
1042.6883,3.3473759
1043.2911,3.7570592
1043.8941,3.4451949
1044.4972,3.0000181
1045.1005,3.9352544
1045.704,4.4548254
1046.3077,4.0881428
1046.9115,4.5057948
1047.5155,4.421507
1048.1197,3.6941029
1048.724,2.7471118
1049.3286,2.443279
1049.9333,1.9904474
1050.5382,0.98861723
1051.1432,0.41818049
1051.7484,0.8830588
1052.3538,0.73619333
1052.9594,-0.7988865
1053.5652,-1.2437493
1054.1711,-1.2493755
1054.7772,-1.2863534
1055.3835,-1.8566436
1055.9899,-1.4151482
1056.5965,-1.0285338
1057.2033,-0.21052596
1057.8103,0.12122831
1058.4174,0.3039839
1059.0247,1.7259761
1059.6322,1.6734794
1060.2399,1.7464939
1060.8477,1.7410979
1061.4558,2.0729778
1062.0639,1.8088001
1062.6723,2.3446434
1063.2808,2.8648213
1063.8896,2.7105104
1064.4984,2.3444557
1065.1075,3.413716
1065.7167,4.6790757
1066.3261,3.5130838
1066.9357,3.3431912
1067.5455,2.3811627
1068.1554,1.6622924
1068.7655,2.4022665
1069.3758,1.5579479
1069.9862,1.7960031
1070.5969,0.3791773
1071.2077,-0.57488248
1071.8186,0.77696102
1072.4298,2.105296
1073.0411,3.4258088
1073.6526,2.6130093
1074.2643,2.3100345
1074.8761,2.5011983
1075.4882,1.8923831
1076.1004,1.2208437
1076.7127,1.2552076
1077.3253,1.6268473
1077.938,0.6024295
1078.5509,0.85646402
1079.1639,0.71051946
1079.7772,1.0194978
1080.3906,0.21477156
1081.0042,-0.47228668
1081.6179,0.079891693
1082.2319,1.486993
1082.846,1.513723
1083.4603,0.54439553
1084.0747,1.975089
1084.6894,1.7195289
1085.3042,1.6679113
1085.9192,2.4241577
1086.5343,3.2510133
1087.1496,4.3445566
1087.7651,4.371454
1088.3808,3.3160195
1088.9967,3.6566843
1089.6127,2.5856054
1090.2289,3.3184689
1090.8453,2.6866475
1091.4618,0.89406273
1092.0786,1.6975773
1092.6954,0.88542653
1093.3125,-0.36591899
1093.9298,-0.41724359
1094.5472,0.39419784
1095.1648,0.35860137
1095.7826,-0.029915339
1096.4005,0.22472613
1097.0186,0.95781991
1097.6369,0.89877775
1098.2554,0.88681535
1098.874,1.282717
1099.4928,1.5923651
1100.1118,1.8549753
1100.731,1.4823123
1101.3503,1.8939839
1101.9698,1.7409706
1102.5895,2.5762136
1103.2094,3.2467715
1103.8294,3.8310759
1104.4496,6.9173621
1105.07,7.9644534
1105.6905,6.4939186
1106.3113,5.3606597
1106.9322,4.2352648
1107.5532,3.5883222
1108.1745,2.2433614
1108.7959,1.4239116
1109.4175,0.84762009
1110.0393,0.48311417
1110.6613,0.65196252
1111.2834,1.2129887
1111.9057,-0.17106231
1112.5281,-0.39430804
1113.1508,-0.57831715
1113.7736,0.96318487
1114.3966,1.0537274
1115.0198,0.55605561
1115.6431,0.74860081
1116.2666,0.76077478
1116.8903,0.81218537
1117.5142,0.17342081
1118.1382,-0.39473459
1118.7624,2.0410525
1119.3868,2.2650958
1120.0114,3.4460228
1120.6361,2.3054021
1121.261,1.541273
1121.8861,2.2595176
1122.5114,1.7150382
1123.1368,0.94312864
1123.7624,0.64182828
1124.3882,0.65427434
1125.0142,0.23536878
1125.6403,0.89099395
1126.2666,0.77016946
1126.8931,1.4807385
1127.5197,0.98348524
1128.1466,0.21174315
1128.7736,0.24786512
1129.4007,-0.16305079
1130.0281,0.64174049
1130.6556,0.81910173
1131.2833,0.26707213
1131.9112,0.81310268
1132.5392,1.0768012
1133.1674,0.50914813
1133.7958,1.0317121
1134.4244,0.040571423
1135.0531,0.42984387
1135.6821,-0.36517647
1136.3111,-0.59286303
1136.9404,-0.64798326
1137.5698,-0.90700776
1138.1995,-0.71895612
1138.8293,-0.86029894
1139.4592,-0.98593817
1140.0893,-0.99391304
1140.7197,-0.68030198
1141.3501,-0.53137948
1141.9808,0.28422699
1142.6116,-0.12367865
1143.2426,0.19000165
1143.8738,1.2958561
1144.5052,1.2409436
1145.1367,2.5036954
1145.7684,2.1664646
1146.4003,1.8527804
1147.0323,1.6959763
1147.6646,1.8607582
1148.297,1.4294789
1148.9295,0.81782479
1149.5623,0.42579582
1150.1952,-0.28778447
1150.8283,-0.12291608
1151.4616,0.77138138
1152.095,0.29314714
1152.7286,-0.33408941
1153.3624,-0.91424983
1153.9964,-0.61596156
1154.6306,-0.38040109
1155.2649,-0.41148997
1155.8994,-0.073934093
1156.534,-0.93636091
1157.1689,-0.7007312
1157.8039,-0.68469203
1158.4391,-0.8490277
1159.0744,-0.66824803
1159.71,-0.3933334
1160.3457,-0.016440682
1160.9816,0.32125366
1161.6176,0.61190649
1162.2538,0.50257662
1162.8903,-0.24203005
1163.5268,-1.0023057
1164.1636,-0.33511305
1164.8005,0.67719495
1165.4376,0.48167712
1166.0749,1.3999021
1166.7124,0.52206592
1167.35,0.12267845
1167.9878,1.0723279
1168.6258,0.73572012
1169.2639,-0.36165465
1169.9022,-0.59626701
1170.5407,-0.1641954
1171.1794,0.19730529
1171.8182,0.35490171
1172.4573,0.77133897
1173.0965,0.63877394
1173.7358,0.96897131
1174.3754,0.35016638
1175.0151,0.38235915
1175.655,0.0067260881
1176.295,-0.61987005
1176.9353,-0.36801752
1177.5757,0.032871937
1178.2163,-1.0721037
1178.857,-1.0162776
1179.498,-0.40357154
1180.1391,-0.12810305
1180.7804,-0.80947999
1181.4218,-0.53397689
1182.0635,0.086641568
1182.7053,0.33080674
1183.3472,0.53577354
1183.9894,1.101542
1184.6317,1.4790924
1185.2742,1.3860719
1185.9169,1.1597354
1186.5598,1.2157691
1187.2028,0.45613387
1187.846,0.31612379
1188.4894,0.034954538
1189.1329,1.1185085
1189.7766,0.81384444
1190.4205,0.60331535
1191.0646,0.588882
1191.7088,0.63721106
1192.3533,-0.44385434
1192.9979,-0.042549485
1193.6426,0.71171385
1194.2876,0.61109253
1194.9327,0.39284147
1195.578,-0.31950994
1196.2234,0.69364616
1196.8691,0.5146627
1197.5149,-0.29175443
1198.1609,-0.69031111
1198.807,-0.3986544
1199.4534,-0.36580392
1200.0999,-0.73833094
1200.7466,0.018569665
1201.3934,-0.18137662
1202.0405,-0.10679725
1202.6877,-0.5106334
1203.335,-0.27915957
1203.9826,-1.2633562
1204.6303,-0.99263494
1205.2782,-0.28268218
1205.9263,1.4155217
1206.5746,0.70589836
1207.223,0.79629084
1207.8716,1.0121894
1208.5204,1.2673195
1209.1693,1.2950144
1209.8184,1.2756664
1210.4677,2.0328048
1211.1172,1.6134885
1211.7668,1.2961488
1212.4167,1.9043152
1213.0667,1.4301445
1213.7168,0.55598965
1214.3672,-0.27109053
1215.0177,0.54106084
1215.6684,-0.03500723
1216.3192,-0.58753004
1216.9703,-0.6380762
1217.6215,-0.64154769
1218.2729,-0.072454304
1218.9244,0.84959611
1219.5762,0.61087807
1220.2281,0.19962686
1220.8802,0.28250916
1221.5324,0.49874064
1222.1849,2.0483213
1222.8375,2.7116433
1223.4902,3.5632165
1224.1432,4.555982
1224.7963,5.01543
1225.4496,4.3925409
1226.1031,2.3971187
1226.7568,1.8291633
1227.4106,1.7945571
1228.0646,1.548202
1228.7188,0.26656866
1229.3731,0.59279432
1230.0276,0.39354564
1230.6823,-0.064510712
1231.3372,-0.3735316
1231.9922,-0.69037978
1232.6475,0.035925155
1233.3029,-0.58677366
1233.9584,-0.35455467
1234.6142,-0.45957472
1235.2701,-0.2037946
1235.9262,0.53827588
1236.5824,0.7078132
1237.2389,0.43815069
1237.8955,0.35673932
1238.5523,0.59691244
1239.2092,1.3233759
1239.8664,0.21456114
1240.5237,0.49399751
1241.1812,0.78129287
1241.8388,0.38625114
1242.4967,0.91671547
1243.1547,0.32562702
1243.8128,-0.49289656
1244.4712,-0.98983565
1245.1297,-0.52989614
1245.7884,-0.68954862
1246.4473,-0.50408721
1247.1064,-0.85978641
1247.7656,-0.086057997
1248.425,-0.22211765
1249.0846,-0.50547758
1249.7443,-1.5025508
1250.4042,-0.80549428
1251.0643,-0.77509223
1251.7246,0.008263153
1252.385,0.87006207
1253.0457,0.77501041
1253.7064,0.12310816
1254.3674,0.028080826
1255.0286,0.238948
1255.6899,0.63806263
1256.3514,1.296013
1257.013,1.185348
1257.6749,0.80802852
1258.3369,0.17974082
1258.9991,0.037739792
1259.6614,0.27222151
1260.324,-0.3560297
1260.9867,-1.054857
1261.6496,-0.42033878
1262.3126,-0.42110253
1262.9758,-0.22577568
1263.6392,-0.10886805
1264.3028,1.0904047
1264.9666,1.4661602
1265.6305,1.1831043
1266.2946,1.6765312
1266.9589,0.91506824
1267.6233,0.0045978623
1268.288,1.2117867
1268.9528,0.5209485
1269.6177,0.40267148
1270.2829,0.12754387
1270.9482,0.048506851
1271.6137,-0.17953761
1272.2794,-0.2585503
1272.9452,-0.61206064
1273.6112,-0.73810783
1274.2774,-0.50335854
1274.9438,-0.29996965
1275.6103,-0.99068623
1276.2771,-0.81080242
1276.9439,-0.67796528
1277.611,-1.0078611
1278.2783,-1.071078
1278.9457,-0.83624361
1279.6132,-0.6170833
1280.281,-0.46065593
1280.9489,0.26048948
1281.6171,0.57380392
1282.2853,1.4829601
1282.9538,1.5058538
1283.6224,1.0503283
1284.2912,-0.048322344
1284.9602,0.60205869
1285.6294,1.4799028
1286.2987,1.1812884
1286.9682,0.55327436
1287.6379,0.37233123
1288.3077,-0.27918804
1288.9778,-0.60128345
1289.648,-0.1312099
1290.3183,-0.54739876
1290.9889,-1.1518108
1291.6596,-1.4895441
1292.3305,-1.5527555
1293.0016,-0.88654304
1293.6728,-0.89482827
1294.3442,-0.37761122
1295.0158,-0.40155854
1295.6876,-0.12745454
1296.3595,0.42901449
1297.0316,0.40510346
1297.7039,0.036106494
1298.3764,0.18476868
1299.049,0.77265865
1299.7218,0.035070522
1300.3948,-0.58485845
1301.068,0.36385212
1301.7413,-0.0050722628
1302.4148,0.89660368
1303.0885,1.3669192
1303.7624,1.4843056
1304.4364,1.6252335
1305.1106,1.6014677
1305.785,1.46791
1306.4595,0.29122712
1307.1343,-0.15603186
1307.8092,0.44770165
1308.4843,0.2200747
1309.1595,0.37677358
1309.8349,0.80015122
1310.5105,1.2156978
1311.1863,0.94106044
1311.8622,0.52525869
1312.5384,0.40750824
1313.2147,0.47800519
1313.8911,0.31322012
1314.5678,-0.3456705
1315.2446,-0.64376471
1315.9216,-0.32500564
1316.5988,0.29964716
1317.2761,0.4301937
1317.9536,0.0038888792
1318.6313,0.032497405
1319.3092,-0.3624121
1319.9872,-0.41221217
1320.6654,-1.0031773
1321.3438,-1.303935
1322.0224,-0.78899507
1322.7011,-0.67404372
1323.38,-0.68457119
1324.0591,-0.47547942
1324.7384,0.51793746
1325.4178,1.1505814
1326.0974,1.3048054
1326.7772,1.592374
1327.4571,1.1662286
1328.1372,0.92048673
1328.8176,0.67475623
1329.498,-0.41017857
1330.1787,-0.044121595
1330.8595,0.21998598
1331.5405,0.23312455
1332.2217,-0.67137255
1332.903,-0.65306192
1333.5845,-0.41513274
1334.2662,-0.68699679
1334.9481,-0.53532074
1335.6302,-1.0895163
1336.3124,-0.6240934
1336.9948,-0.83316957
1337.6773,-1.0579213
1338.3601,-0.5532506
1339.043,0.17888179
1339.7261,0.06396606
1340.4093,-0.17642917
1341.0928,0.23416668
1341.7764,0.087910487
1342.4602,0.55342969
1343.1441,0.73660666
1343.8283,0.63744138
1344.5126,0.50691424
1345.1971,0.27443702
1345.8817,0.23804893
1346.5666,-0.457152
1347.2516,-0.31312654
1347.9367,-0.067129602
1348.6221,0.69652509
1349.3076,0.35430813
1349.9933,0.72582735
1350.6792,0.5561808
1351.3652,0.6296822
1352.0515,1.1737825
1352.7379,1.2394622
1353.4244,1.6894663
1354.1112,1.5826183
1354.7981,0.43264377
1355.4852,-0.089869082
1356.1725,0.22684445
1356.8599,0.76317652
1357.5475,0.47598988
1358.2353,0.079010007
1358.9233,-0.27090034
1359.6114,0.32037648
1360.2998,0.51950713
1360.9882,0.27158965
1361.6769,0.58054562
1362.3657,1.0150025
1363.0548,0.62594062
1363.7439,0.90355613
1364.4333,1.1184372
1365.1228,0.79215256
1365.8125,0.63842761
1366.5024,0.053340807
1367.1925,1.1310098
1367.8827,0.34986595
1368.5731,-0.26656131
1369.2637,0.92878683
1369.9545,1.5437535
1370.6454,-0.0059750029
1371.3365,0.044307186
1372.0278,0.11028635
1372.7192,0.12137424
1373.4108,-0.071448736
1374.1026,-0.43681004
1374.7946,-0.57470966
1375.4868,-0.26553976
1376.1791,-1.3132219
1376.8716,-0.71383454
1377.5642,-0.12227962
1378.2571,-0.056204189
1378.9501,0.31576429
1379.6433,0.15441013
1380.3367,0.13424314
1381.0302,0.99251822
1381.7239,0.60374517
1382.4178,-0.51442895
1383.1119,0.34387822
1383.8061,0.29239216
1384.5005,-0.089419164
1385.1951,-0.079065126
1385.8899,0.22933663
1386.5848,0.027942953
1387.2799,-0.47148144
1387.9752,-0.44540714
1388.6706,0.20812664
1389.3663,-0.21284088
1390.0621,-0.66517246
1390.7581,-0.16847593
1391.4542,0.38313105
1392.1505,0.75435438
1392.847,0.98440973
1393.5437,-0.19729113
1394.2406,-0.16329721
1394.9376,0.84325422
1395.6348,0.94785337
1396.3322,0.22108846
1397.0297,0.42766539
1397.7274,0.58719198
1398.4253,1.3741781
1399.1234,1.5415648
1399.8216,2.10896
1400.5201,1.9547951
1401.2187,2.0045603
1401.9174,1.9680594
1402.6164,1.7590181
1403.3155,1.2676322
1404.0148,0.91743139
1404.7142,0.7476312
1405.4139,0.71901597
1406.1137,0.4080563
1406.8137,0.018673759
1407.5138,0.60969187
1408.2142,1.3105224
1408.9147,0.86626338
1409.6153,0.80632659
1410.3162,0.60522183
1411.0172,0.85118439
1411.7184,0.32068485
1412.4198,0.37058597
1413.1214,0.54598579
1413.8231,0.086099978
1414.525,0.12818345
1415.2271,0.33498131
1415.9293,-0.0072319486
1416.6318,-0.86708377
1417.3344,-0.75437807
1418.0371,-0.084801125
1418.7401,-0.48188235
1419.4432,-0.15887124
1420.1465,0.2347343
1420.85,-0.11675202
1421.5536,-0.021173322
1422.2574,-0.082451187
1422.9614,-0.59862483
1423.6656,-0.46381189
1424.3699,-0.35252217
1425.0744,-0.01377529
1425.7791,0.23086013
1426.484,-0.15194924
1427.189,-0.2759289
1427.8942,-0.70578472
1428.5996,-0.58661475
1429.3052,-0.76547781
1430.0109,-1.2266876
1430.7168,-1.4055383
1431.4229,-1.1216377
1432.1292,-0.64949563
1432.8356,-0.34989639
1433.5422,-0.52087919
1434.249,-0.1428362
1434.9559,0.17246788
1435.6631,0.73875854
1436.3704,2.1050554
1437.0778,3.6831231
1437.7855,5.1670794
1438.4933,6.0549634
1439.2013,5.8291282
1439.9095,5.0385932
1440.6178,4.0755154
1441.3263,3.7869536
1442.035,3.2866332
1442.7439,2.4804368
1443.4529,1.13307
1444.1622,1.6053172
1444.8716,0.99521771
1445.5811,-0.061934431
1446.2909,-0.32692352
1447.0008,0.41201514
1447.7109,0.68821489
1448.4211,0.67422474
1449.1316,0.49553491
1449.8422,0.45802772
1450.553,0.30287967
1451.2639,-0.079713177
1451.9751,-0.030927289
1452.6864,-0.13115482
1453.3978,0.76470226
1454.1095,1.974291
1454.8213,2.2427095
1455.5333,1.8915263
1456.2455,1.7128983
1456.9579,1.3146687
1457.6704,0.83017076
1458.3831,0.65156135
1459.096,0.3631542
1459.809,0.23161598
1460.5222,0.4687114
1461.2356,0.69012673
1461.9492,0.37821491
1462.663,1.0937603
1463.3769,1.3700961
1464.091,1.3013401
1464.8052,1.4129825
1465.5197,1.8540428
1466.2343,2.9774622
1466.9491,2.971476
1467.6641,1.765496
1468.3792,1.3124634
1469.0945,1.831986
1469.81,1.049554
1470.5257,0.4318341
1471.2415,1.7592184
1471.9575,0.59249123
1472.6737,0.021848681
1473.3901,-0.09388572
1474.1066,-0.28020217
1474.8233,-0.51357126
1475.5402,-0.62144396
1476.2572,-0.82342813
1476.9745,-0.11560218
1477.6919,0.043210338
1478.4095,-0.59797095
1479.1272,-0.95679312
1479.8451,-0.6646287
1480.5632,-0.39598752
1481.2815,-0.71557543
1482,-0.17241207
1482.7186,0.2060516
1483.4374,0.71785479
1484.1564,0.28064456
1484.8755,0.18853855
1485.5948,0.44937991
1486.3143,-0.042713724
1487.034,0.22598314
1487.7538,0.57311757
1488.4739,0.73202289
1489.194,0.83603243
1489.9144,0.39887169
1490.6349,0.34603086
1491.3557,-0.39699986
1492.0765,-0.12825969
1492.7976,0.32872197
1493.5188,2.0719843
1494.2403,2.2387823
1494.9618,0.98597855
1495.6836,0.85474966
1496.4055,0.73137008
1497.1276,-0.4665131
1497.8499,-0.60556658
1498.5724,0.071072409
1499.295,0.76340386
1500.0178,1.6753493
1500.7408,2.1402422
1501.4639,2.479651
1502.1873,1.8700464
1502.9108,1.432997
1503.6345,0.43124795
1504.3583,0.14323055
1505.0823,0.59247423
1505.8065,0.6417241
1506.5309,0.58901938
1507.2554,0.81083064
1507.9802,0.29539319
1508.7051,-0.016116506
1509.4301,-0.19428668
1510.1554,-0.99205852
1510.8808,-0.87217711
1511.6064,-0.93268166
1512.3321,-0.72651337
1513.0581,-0.87328006
1513.7842,-0.023962143
1514.5105,-1.0491478
1515.2369,-0.37236656
1515.9636,0.49265619
1516.6904,1.1694498
1517.4174,2.2227203
1518.1445,1.738742
1518.8719,2.4861424
1519.5994,2.2923726
1520.3271,1.1652756
1521.0549,1.5519103
1521.7829,0.68364919
1522.5111,0.16049233
1523.2395,0.64126322
1523.9681,0.49458933
1524.6968,-0.14619603
1525.4257,-1.1712889
1526.1548,-0.95715996
1526.884,-0.084201268
1527.6135,-0.51319718
1528.3431,-0.22846141
1529.0728,0.056280549
1529.8028,0.39593065
1530.5329,0.55519478
1531.2632,0.14975922
1531.9937,0.089427881
1532.7243,-0.49638747
1533.4551,-0.47827506
1534.1861,0.073176868
1534.9173,0.15404675
1535.6486,0.47806007
1536.3801,0.17462859
1537.1118,0.30257585
1537.8437,0.38347048
1538.5757,0.44084187
1539.3079,1.0707685
1540.0403,0.83011304
1540.7729,0.87965986
1541.5056,0.56058541
1542.2385,-0.032992649
1542.9716,0.7459845
1543.7048,0.54457567
1544.4383,-0.001925008
1545.1719,0.80844325
1545.9057,1.634504
1546.6396,2.7742964
1547.3737,2.2748792
1548.108,1.6342918
1548.8425,1.2368479
1549.5772,-0.54098203
1550.312,-0.56194302
1551.047,-0.12015272
1551.7822,-0.47051311
1552.5175,-0.53067122
1553.253,-0.6849408
1553.9887,-0.18038066
1554.7246,-0.3189516
1555.4606,-0.69281046
1556.1968,-0.69019254
1556.9332,-0.76599982
1557.6698,-0.27709502
1558.4065,0.039266939
1559.1434,-0.091423736
1559.8805,-0.26916705
1560.6178,0.24329191
1561.3552,1.1086982
1562.0928,1.2525421
1562.8306,1.561098
1563.5686,1.5868525
1564.3067,0.396925
1565.045,0.061903643
1565.7835,-0.68095662
1566.5222,-0.85910678
1567.261,0.28823749
1568,-0.10166891
1568.7392,-0.27196325
1569.4785,-0.30892002
1570.2181,-0.66744119
1570.9578,-0.31223265
1571.6976,-0.69427477
1572.4377,-1.4606264
1573.1779,-0.78383654
1573.9183,-0.73449344
1574.6589,-0.065538266
1575.3996,0.62695055
1576.1405,0.45669849
1576.8816,0.13743106
1577.6229,-0.001439994
1578.3643,0.30675201
1579.106,0.050242352
1579.8478,0.71138398
1580.5897,0.36860828
1581.3319,0.56701327
1582.0742,0.65561856
1582.8167,-0.13420329
1583.5593,0.33872419
1584.3022,0.46655786
1585.0452,0.46890555
1585.7883,0.43204179
1586.5317,0.38733912
1587.2752,1.103425
1588.0189,0.25873078
1588.7628,0.33168785
1589.5069,0.16935503
1590.2511,1.3246735
1590.9955,2.3231335
1591.7401,2.9921859
1592.4848,3.6690856
1593.2298,2.4636367
1593.9749,1.5640744
1594.7201,1.4096143
1595.4656,0.80025646
1596.2112,0.71639306
1596.957,0.012926053
1597.703,-0.11798771
1598.4491,0.48051452
1599.1955,0.62411902
1599.9419,0.37557088
1600.6886,0.75447795
1601.4355,0.92946768
1602.1825,2.9319126
1602.9297,4.7147539
1603.677,6.1525014
1604.4246,8.1235865
1605.1723,7.0358523
1605.9202,6.0736125
1606.6682,4.4996122
1607.4165,3.5609103
1608.1649,2.8731929
1608.9135,2.0129308
1609.6622,1.6860063
1610.4112,0.73947812
1611.1603,0.16158164
1611.9095,-0.11827141
1612.659,-0.87655159
1613.4086,-0.45051383
1614.1584,-0.54996203
1614.9084,-0.1866609
1615.6586,-0.035120258
1616.4089,-0.59730087
1617.1594,-0.39869295
1617.9101,-1.2432181
1618.6609,-0.54264089
1619.4119,0.42460717
1620.1631,0.57617319
1620.9145,2.2806846
1621.666,1.8832395
1622.4178,1.4622691
1623.1697,1.3393423
1623.9217,0.54190981
1624.674,0.74840315
1625.4264,0.93921444
1626.179,1.7104221
1626.9317,1.8228105
1627.6847,1.299909
1628.4378,0.55740386
1629.1911,0.058040211
1629.9445,0.41358275
1630.6982,1.2083452
1631.452,1.3364452
1632.206,1.895922
1632.9601,0.84755991
1633.7145,0.13645693
1634.469,0.22535817
1635.2237,0.44759698
1635.9785,1.7914086
1636.7335,3.0332637
1637.4887,3.7653191
1638.2441,4.0424768
1638.9997,3.8019917
1639.7554,3.6948441
1640.5113,2.8347595
1641.2674,1.7942871
1642.0236,1.3263678
1642.78,0.53688422
1643.5366,0.14740482
1644.2934,0.76969436
1645.0504,0.38806656
1645.8075,-0.52689035
1646.5648,-0.069294009
1647.3222,-0.050909128
1648.0799,-0.056049431
1648.8377,-0.33569531
1649.5957,0.47485912
1650.3538,0.77561385
1651.1122,0.22931399
1651.8707,0.12223404
1652.6294,0.55633479
1653.3882,0.50416526
1654.1473,0.93827447
1654.9065,0.5723879
1655.6659,0.87317223
1656.4254,0.71121569
1657.1852,-0.10663111
1657.9451,-0.54016108
1658.7052,-1.0678056
1659.4654,-0.69348623
1660.2258,-0.75053631
1660.9864,-0.42326956
1661.7472,-0.48815657
1662.5082,-1.0000993
1663.2693,-0.62576443
1664.0306,-0.36907352
1664.7921,0.19350285
1665.5537,0.17569017
1666.3155,0.75395902
1667.0775,1.7400741
1667.8397,1.9889374
1668.6021,1.6652548
1669.3646,1.2474576
1670.1273,0.86103605
1670.8901,0.24716664
1671.6532,0.48820229
1672.4164,0.39198615
1673.1798,0.31145938
1673.9434,1.3211318
1674.7071,0.96610141
1675.471,0.65813296
1676.2351,0.62467742
1676.9994,1.5324014
1677.7638,1.5852266
1678.5284,1.5204078
1679.2932,1.5183372
1680.0581,0.85744622
1680.8233,0.69851909
1681.5886,1.5043009
1682.3541,1.9649879
1683.1197,2.7394034
1683.8855,3.0746063
1684.6515,3.566675
1685.4177,3.0626685
1686.1841,2.7625866
1686.9506,1.7252529
1687.7173,0.82909876
1688.4842,0.46628107
1689.2512,-0.014180578
1690.0184,0.31320401
1690.7858,0.036670136
1691.5534,-0.79672338
1692.3212,-0.030113804
1693.0891,0.7208126
1693.8572,0.20899701
1694.6254,0.26189041
1695.3939,0.82459082
1696.1625,1.8343532
1696.9313,1.7696088
1697.7002,1.4146715
1698.4694,0.93424703
1699.2387,1.0577473
1700.0082,1.4792898
1700.7778,1.0616198
1701.5477,0.22042344
1702.3177,0.18707334
1703.0879,-0.73254817
1703.8582,-1.0560882
1704.6288,-0.93256621
1705.3995,-1.1541392
1706.1704,-0.35610126
1706.9414,-0.59335432
1707.7126,-0.60315331
1708.484,-0.58941978
1709.2556,-0.35607531
1710.0274,0.041978149
1710.7993,0.86356412
1711.5714,1.7086826
1712.3437,2.4047846
1713.1161,2.6459877
1713.8887,2.204841
1714.6615,1.3323248
1715.4345,1.2441254
1716.2076,1.8147527
1716.981,1.9461674
1717.7545,1.8187617
1718.5281,1.5501826
1719.302,1.0227831
1720.076,0.69930822
1720.8502,0.069954108
1721.6245,0.14648545
1722.3991,0.66223559
1723.1738,0.88779274
1723.9487,0.88590202
1724.7237,1.0408771
1725.499,1.235071
1726.2744,0.43318963
1727.05,0.76856621
1727.8257,1.8412008
1728.6017,2.2628581
1729.3778,2.7080479
1730.154,2.9728487
1730.9305,3.0651035
1731.7071,1.4554006
1732.4839,0.63001461
1733.2609,0.80855326
1734.0381,0.28905579
1734.8154,-0.66965426
1735.5929,-0.083263176
1736.3706,-0.67333958
1737.1484,-0.5104717
1737.9264,-0.1750517
1738.7046,-0.60825605
1739.483,-0.22577103
1740.2615,-1.0040672
1741.0403,-0.15098775
1741.8191,0.35699677
1742.5982,0.2767491
1743.3775,0.8004261
1744.1569,1.253518
1744.9365,0.61641686
1745.7162,0.30088748
1746.4962,0.11085139
1747.2763,0.39140664
1748.0566,0.0837297
1748.837,-0.49061081
1749.6177,-0.25710508
1750.3985,-0.31379232
1751.1795,-0.63714313
1751.9606,-0.24676535
1752.7419,-0.38971781
1753.5234,-0.12482402
1754.3051,0.25771992
1755.087,-0.21463499
1755.869,-0.18502602
1756.6512,0.51909586
1757.4336,1.3565542
1758.2161,1.3469568
1758.9989,1.1491272
1759.7818,0.89639869
1760.5648,0.87896745
1761.3481,0.49291185
1762.1315,0.78136916
1762.9151,1.0070845
1763.6989,0.66025387
1764.4828,0.56440676
1765.2669,0.021503922
1766.0512,0.23154537
1766.8357,0.43374677
1767.6203,0.50261795
1768.4052,-0.1500764
1769.1901,0.20115391
1769.9753,0.27003439
1770.7606,0.42519248
1771.5462,0.54113799
1772.3318,0.48453757
1773.1177,0.69460693
1773.9037,1.6497774
1774.6899,2.7304412
1775.4763,3.4346375
1776.2629,2.4682487
1777.0496,2.5293139
1777.8365,2.0805784
1778.6236,0.84753217
1779.4109,0.28115575
1780.1983,0.47556674
1780.9859,0.12096122
1781.7737,0.25263331
1782.5616,-0.41569149
1783.3497,-0.2840132
1784.138,-0.11311612
1784.9265,-0.26378456
1785.7152,0.29143245
1786.504,0.046652564
1787.293,1.0410915
1788.0822,0.3178864
1788.8715,-0.12296261
1789.661,0.83226991
1790.4507,1.1443683
1791.2406,1.7780384
1792.0306,2.7332802
1792.8208,2.8414663
1793.6112,2.8320084
1794.4018,2.8147105
1795.1925,2.4444745
1795.9834,1.5095358
1796.7745,0.52754132
1797.5658,0.14947151
1798.3572,-0.032516758
1799.1488,-0.17528624
1799.9406,-0.6709938
1800.7326,-0.40591395
1801.5247,0.33760038
1802.317,0.061509962
1803.1095,1.0089521
1803.9021,2.2073777
1804.695,2.7077671
1805.488,1.6787479
1806.2811,1.402673
1807.0745,1.4246404
1807.868,1.2975913
1808.6617,0.50387868
1809.4556,1.1062475
1810.2496,0.82234501
1811.0439,1.2286416
1811.8383,1.4702355
1812.6328,0.73928344
1813.4276,1.1691188
1814.2225,1.0969965
1815.0176,1.3621321
1815.8128,1.7841337
1816.6083,1.3355501
1817.4039,1.428146
1818.1997,0.54819605
1818.9957,0.85256292
1819.7918,2.0824231
1820.5881,3.1005216
1821.3846,3.2088194
1822.1813,2.3053555
1822.9781,1.7626791
1823.7751,1.753339
1824.5723,1.6969433
1825.3696,1.6405507
1826.1672,1.3880827
1826.9649,1.0179708
1827.7628,0.8909992
1828.5608,0.21501112
1829.359,-0.076660129
1830.1574,-0.43891651
1830.956,-0.079601169
1831.7548,0.10716826
1832.5537,0.16845059
1833.3528,0.88855955
1834.1521,0.60475004
1834.9515,0.093492656
1835.7511,0.16263053
1836.5509,0.043536208
1837.3509,0.32444499
1838.151,0.14261177
1838.9514,-0.078434029
1839.7519,-0.11908457
1840.5525,-0.58326143
1841.3534,-0.8199842
1842.1544,-1.0410176
1842.9556,-1.324793
1843.7569,-0.98895744
1844.5585,-0.86488349
1845.3602,-0.5211986
1846.1621,-0.47554983
1846.9641,-0.48479991
1847.7664,0.40007075
1848.5688,0.13200334
1849.3713,0.38158609
1850.1741,1.4860739
1850.977,1.2964472
1851.7801,0.47937255
1852.5834,0.6183059
1853.3869,-0.058444112
1854.1905,0.62167154
1854.9943,1.0351234
1855.7983,0.46034296
1856.6024,-0.26345422
1857.4068,-0.72842495
1858.2113,-0.8012359
1859.0159,0.23183842
1859.8208,0.41785683
1860.6258,0.070544821
1861.431,-0.14343094
1862.2364,0.0033805276
1863.0419,0.63646942
1863.8476,0.58720829
1864.6535,1.1732442
1865.4596,1.6808516
1866.2658,2.2041483
1867.0722,2.4294086
1867.8788,1.9487895
1868.6856,1.1936635
1869.4925,1.3091286
1870.2996,1.3147928
1871.1069,0.84202848
1871.9144,-0.42288977
1872.722,-0.35447178
1873.5298,0.38845893
1874.3378,0.15884353
1875.146,-1.1452787
1875.9543,-0.43371184
1876.7628,-0.44371065
1877.5715,-0.3831183
1878.3803,-0.1029152
1879.1894,0.18513396
1879.9986,0.2771076
1880.8079,-0.25052369
1881.6175,0.46106362
1882.4272,0.57657542
1883.2371,0.7705215
1884.0472,1.5605489
1884.8574,2.679991
1885.6679,2.8582596
1886.4785,3.9933938
1887.2892,3.818727
1888.1002,3.291122
1888.9113,2.0733238
1889.7226,0.98886179
1890.534,0.68087332
1891.3457,0.77288777
1892.1575,0.5198071
1892.9695,0.16476856
1893.7816,0.17836038
1894.594,1.101759
1895.4065,1.1467292
1896.2192,1.1995455
1897.032,1.0013843
1897.8451,1.0228338
1898.6583,0.47958038
1899.4717,-0.48719955
1900.2852,0.098964619
1901.099,0.25375915
1901.9129,0.50267424
1902.7269,0.90061186
1903.5412,-0.10536918
1904.3556,0.15139779
1905.1702,-0.16438134
1905.985,0.25709735
1906.7999,0.67073582
1907.6151,0.6216321
1908.4304,0.82351169
1909.2458,-0.041272473
1910.0615,0.1919855
1910.8773,0.49583461
1911.6933,1.5683141
1912.5095,1.6368749
1913.3258,1.1799485
1914.1423,1.240672
1914.959,0.532771
1915.7759,0.08369643
1916.5929,-0.067336006
1917.4102,-0.36738513
1918.2275,-0.039980367
1919.0451,0.067819472
1919.8628,-0.21653464
1920.6808,-0.077356419
1921.4988,-0.38523411
1922.3171,-0.073501041
1923.1355,-0.17745133
1923.9541,-0.30492812
1924.7729,0.2813235
1925.5919,0.16169568
1926.411,0.41069822
1927.2303,0.22833113
1928.0498,-0.1344252
1928.8694,0.020468447
1929.6893,-0.18541931
1930.5093,-0.17953944
1931.3294,-0.079539014
1932.1498,-0.057967043
1932.9703,-0.044235294
1933.791,0.060216686
1934.6119,-0.25885689
1935.4329,0.31619104
1936.2542,0.98536048
1937.0756,-0.34546623
1937.8971,-0.80570084
1938.7189,-0.35612767
1939.5408,-0.47909967
1940.3629,0.088128277
1941.1851,0.66320321
1942.0076,0.27357613
1942.8302,0.26826662
1943.653,0.059039411
1944.476,-0.071752572
1945.2991,-0.12410932
1946.1224,-0.38822692
1946.9459,-0.80920341
1947.7695,-0.19488192
1948.5934,0.17630617
1949.4174,0.17102753
1950.2416,0.45594883
1951.0659,0.67028575
1951.8905,1.1199206
1952.7152,0.87152018
1953.54,0.59959417
1954.3651,0.26492691
1955.1903,0.25183214
1956.0157,1.540702
1956.8413,1.7864385
1957.667,1.2635514
1958.493,1.2896877
1959.3191,1.9511221
1960.1453,2.1262857
1960.9718,1.1955709
1961.7984,0.18642857
1962.6252,0.69101558
1963.4522,1.6426653
1964.2793,2.1707894
1965.1066,2.0008782
1965.9341,2.0192061
1966.7618,3.0885183
1967.5896,5.0048932
1968.4176,7.9879386
1969.2458,10.123929
1970.0742,9.5540409
1970.9027,9.0155293
1971.7314,7.2456489
1972.5603,5.8914587
1973.3894,5.0157037
1974.2186,3.7007369
1975.048,3.2014602
1975.8776,1.878658
1976.7074,1.4578204
1977.5373,1.2095356
1978.3674,0.92203909
1979.1977,0.97180131
1980.0281,0.73921444
1980.8588,1.8242785
1981.6896,1.6387582
1982.5205,1.1552025
1983.3517,0.50694475
1984.183,1.0979066
1985.0145,1.1320095
1985.8462,1.1112144
1986.678,0.85512895
1987.51,0.96767484
1988.3422,1.0331658
1989.1746,1.2319939
1990.0072,1.0151396
1990.8399,0.82966169
1991.6728,0.40889354
1992.5058,0.81165866
1993.3391,0.60266293
1994.1725,0.29955341
1995.0061,0.38860461
1995.8398,0.66589497
1996.6738,0.87260094
1997.5079,0.73421274
1998.3422,0.91739702
1999.1766,1.8770557
2000.0113,1.0720125
2000.8461,1.6787377
2001.6811,2.810957
2002.5162,2.900043
2003.3515,2.6989367
2004.187,2.2311676
2005.0227,3.2065396
2005.8586,2.7230919
2006.6946,1.9886677
2007.5308,2.0699337
2008.3672,1.9786544
2009.2037,1.1736536
2010.0404,1.2235585
2010.8773,1.195036
2011.7144,1.2292624
2012.5517,0.47917891
2013.3891,0.56831499
2014.2267,1.0574549
2015.0644,0.25248108
2015.9024,0.29456991
2016.7405,0.31313319
2017.5788,0.43366111
2018.4173,0.16203602
2019.2559,0.055120674
2020.0947,0.20703272
2020.9337,-0.2136004
2021.7729,-0.10873947
2022.6122,0.10592925
2023.4517,-0.36175112
2024.2914,-0.71962371
2025.1313,0.3421154
2025.9713,0.80777994
2026.8115,0.55972285
2027.6519,0.013630395
2028.4924,0.31460063
2029.3332,0.74106491
2030.1741,0.91655266
2031.0152,1.53126
2031.8564,1.9185201
2032.6978,2.5175489
2033.5394,3.9871697
2034.3812,5.7705199
2035.2232,6.2911288
2036.0653,5.6823298
2036.9076,5.4421622
2037.7501,4.9980768
2038.5927,4.4834071
2039.4355,3.2550157
2040.2785,2.2305497
2041.1217,2.3198131
2041.965,2.2365314
2042.8085,1.5885476
2043.6522,1.8817441
2044.4961,2.0259249
2045.3401,1.6759919
2046.1844,1.6319451
2047.0287,2.489863
2047.8733,1.763471
2048.718,1.907671
2049.5629,2.5146201
2050.408,3.4588279
2051.2533,3.0226474
2052.0987,2.9629413
2052.9443,2.5502979
2053.7901,2.0200113
2054.6361,1.9054149
2055.4822,2.2221949
2056.3285,1.8958414
2057.175,1.0361585
2058.0216,1.1019697
2058.8685,1.3403337
2059.7155,0.81007412
2060.5626,1.3072694
2061.41,0.91035087
2062.2575,0.25461268
2063.1052,0.61064305
2063.9531,1.2568734
2064.8011,1.1266369
2065.6493,0.71405143
2066.4977,0.81127371
2067.3463,0.92418612
2068.195,1.9076906
2069.044,2.1461009
2069.8931,3.5609857
2070.7423,3.6817567
2071.5918,3.7868452
2072.4414,3.6174279
2073.2912,3.8166418
2074.1411,3.1138988
2074.9913,2.2778263
2075.8416,2.14764
2076.6921,1.9547125
2077.5427,2.0755144
2078.3935,1.2080848
2079.2446,0.88967864
2080.0957,0.56343324
2080.9471,0.22934855
2081.7986,0.87565988
2082.6503,0.88668095
2083.5022,0.66241175
2084.3543,0.40677387
2085.2065,0.041335927
2086.0589,0.068058702
2086.9115,0.032040237
2087.7642,0.10582955
2088.6171,0.49334822
2089.4702,0.38675309
2090.3235,0.75075006
2091.1769,1.0441626
2092.0306,0.84346145
2092.8844,0.8309994
2093.7383,0.80285494
2094.5925,1.1198124
2095.4468,1.2720678
2096.3013,1.1419741
2097.1559,1.4511
2098.0108,1.2347395
2098.8658,0.88504957
2099.721,0.76281447
2100.5763,0.68764205
2101.4319,0.62815976
2102.2876,0.42750486
2103.1435,0.32097146
2103.9995,0.58306937
2104.8558,0.54713193
2105.7122,0.27590422
2106.5688,0.24781763
2107.4255,0.35306823
2108.2824,0.60734229
2109.1395,0.2263261
2109.9968,0.072764743
2110.8543,1.2054818
2111.7119,2.2597713
2112.5697,2.7807313
2113.4277,2.6350285
2114.2858,3.085408
2115.1441,2.602458
2116.0026,2.5430413
2116.8613,2.5777461
2117.7202,1.883043
2118.5792,1.8785398
2119.4384,1.3250209
2120.2977,1.4068
2121.1573,1.0415241
2122.017,0.32331086
2122.8769,0.12274855
2123.737,0.48689598
2124.5972,0.23928257
2125.4576,0.42304556
2126.3182,0.5205379
2127.179,0.14744586
2128.0399,0.088083169
2128.901,0.21695963
2129.7623,0.54191838
2130.6238,0.39629276
2131.4854,-0.023838812
2132.3472,0.2776021
2133.2092,0.52414491
2134.0713,1.1785347
2134.9337,0.91528133
2135.7962,0.34614944
2136.6588,0.64760965
2137.5217,0.61966194
2138.3847,0.39563967
2139.2479,0.68926831
2140.1113,0.79466552
2140.9748,0.20202736
2141.8386,0.12704013
2142.7025,0.24029205
2143.5665,0.063351744
2144.4308,-0.21554549
2145.2952,-0.0081643467
2146.1598,-0.012544056
2147.0246,-0.048292456
2147.8895,-0.029135037
2148.7546,0.14688898
2149.6199,0.19742667
2150.4854,-0.37948277
2151.351,0.11027832
2152.2168,-0.082309681
2153.0828,0.062361082
2153.949,0.19919257
2154.8153,-0.001226994
2155.6818,-0.0761525
2156.5485,-0.088329049
2157.4154,0.11126296
2158.2824,0.27164315
2159.1496,0.032027195
2160.017,-0.1448398
2160.8845,-0.25111471
2161.7523,0.18379071
2162.6202,0.23438627
2163.4882,-0.083641772
2164.3565,-0.48009733
2165.2249,-0.28047059
2166.0935,-0.012600629
2166.9623,-0.39570768
2167.8312,0.052561215
2168.7004,0.30475506
2169.5697,-0.44696928
2170.4391,0.024839187
2171.3088,0.4260628
2172.1786,0.23905451
2173.0486,0.35008882
2173.9188,0.12387161
2174.7891,-0.016067693
2175.6596,-0.2579644
2176.5303,0.025632479
2177.4012,0.34844843
2178.2722,0.012444239
2179.1434,-0.19022323
2180.0148,0.38358327
2180.8864,0.094648066
2181.7581,0.1115986
2182.63,0.76384664
2183.5021,0.52198042
2184.3744,0.29580386
2185.2468,-0.14213402
2186.1194,0.31404913
2186.9922,0.0094513588
2187.8651,-0.028476359
2188.7383,0.35712872
2189.6116,0.15450189
2190.4851,-0.055964682
2191.3587,-0.57231022
2192.2325,0.11919076
2193.1065,-0.0049911493
2193.9807,-0.39583633
2194.8551,-0.378835
2195.7296,-0.35398713
2196.6043,0.031648431
2197.4791,-0.22584987
2198.3542,-0.13824675
2199.2294,0.24739897
2200.1048,0.29579318
2200.9804,0.27360254
2201.8561,0.13376823
2202.732,0.42530986
2203.6081,0.2384235
2204.4844,-0.01120457
2205.3608,-0.39416259
2206.2374,-0.23594075
2207.1142,-0.27379395
2207.9912,-0.052820237
2208.8683,-0.16909804
2209.7456,-0.15397048
2210.6231,-0.28001638
2211.5008,-0.37468674
2212.3786,-0.39092271
2213.2566,-0.4306851
2214.1348,-0.023385658
2215.0131,0.32901483
2215.8917,-0.1421111
2216.7704,0.44558951
2217.6493,0.29603822
2218.5283,-0.12017673
2219.4075,0.35772897
2220.2869,-0.14475449
2221.1665,0.011588593
2222.0463,-0.075202581
2222.9262,-0.12277506
2223.8063,0.27671428
2224.6865,0.25267721
2225.567,0.61295688
2226.4476,-0.61107418
2227.3284,-0.36059243
2228.2094,0.3683237
2229.0905,0.20312518
2229.9718,0.38302771
2230.8533,0.24136461
2231.735,1.1820575
2232.6168,1.3776553
2233.4988,0.93011882
2234.381,1.1414089
2235.2634,0.68603534
2236.1459,0.77968439
2237.0286,0.63804231
2237.9115,0.81012873
2238.7946,0.82535541
2239.6778,1.2484282
2240.5612,1.098955
2241.4448,1.1612495
2242.3285,1.7255078
2243.2125,1.3878084
2244.0966,1.2226609
2244.9808,1.2222223
2245.8653,1.1433554
2246.7499,1.3703738
2247.6347,0.70327759
2248.5197,0.55383142
2249.4048,0.34164316
2250.2902,-0.097993072
2251.1757,0.4113933
2252.0613,-0.059609474
2252.9472,0.049782908
2253.8332,0.19839398
2254.7194,-0.15495273
2255.6058,-0.21810035
2256.4923,-0.13222537
2257.379,0.43208399
2258.2659,0.17286694
2259.153,0.054829372
2260.0402,0.38385363
2260.9276,-0.14986421
2261.8152,-0.2522065
2262.703,-0.23689873
2263.5909,-0.025509518
2264.479,-0.11215652
2265.3673,-0.3007613
2266.2558,0.3498526
2267.1444,-0.13678539
2268.0332,-0.22342038
2268.9222,0.27033979
2269.8113,-0.090798991
2270.7007,-0.067621047
2271.5902,0.24575598
2272.4798,0.12776346
2273.3697,0.10389159
2274.2597,0.32315998
2275.1499,0.21301961
2276.0403,0.12397908
2276.9308,-0.082705979
2277.8216,-0.50899635
2278.7125,-0.15881361
2279.6035,0.010979499
2280.4948,-0.15647976
2281.3862,-0.14354434
2282.2778,0.041942629
2283.1695,0.078412518
2284.0615,0.012924151
2284.9536,-0.25648326
2285.8459,0.14862167
2286.7384,-0.16783951
2287.631,0.33923125
2288.5238,0.29728494
2289.4168,0.20043919
2290.31,-0.076796195
2291.2033,-0.079519243
2292.0968,-0.16067114
2292.9905,0.2209246
2293.8843,0.43781698
2294.7784,0.66255502
2295.6726,0.21278579
2296.567,-0.63698092
2297.4615,-0.020078431
2298.3562,-0.33852698
2299.2511,-0.60991457
2300.1462,-0.45777061
2301.0415,-0.36836961
2301.9369,-0.20837825
2302.8325,0.077105445
2303.7283,-0.10799696
2304.6242,0.036314531
2305.5203,-0.070352234
2306.4166,-0.16133059
2307.3131,0.52416378
2308.2098,0.29985635
2309.1066,0.13045303
2310.0036,0.0081106609
2310.9007,0.45831945
2311.7981,0.46147154
2312.6956,0.12737087
2313.5933,0.34229194
2314.4911,0.22780339
2315.3892,0.54468951
2316.2874,0.71255816
2317.1858,0.79415444
2318.0843,0.63261559
2318.9831,0.40049064
2319.882,0.4977796
2320.7811,0.37546284
2321.6803,0.45706979
2322.5798,0.75828671
2323.4794,0.83989793
2324.3791,0.035236771
2325.2791,0.11685226
2326.1792,0.018077717
2327.0795,-0.22187116
2327.98,-0.32848456
2328.8807,-0.3017625
2329.7815,0.52496169
2330.6825,0.088942926
2331.5837,0.0058674685
2332.485,0.063970616
2333.3865,0.55344845
2334.2882,0.82332057
2335.1901,0.79515561
2336.0921,0.98660063
2336.9944,1.0447144
2337.8967,1.4636147
2338.7993,1.0354583
2339.7021,0.48965695
2340.605,0.52424989
2341.5081,0.1431587
2342.4113,-0.018322519
2343.3148,0.39274742
2344.2184,0.0038194883
2345.1222,-0.40863572
2346.0261,-0.013245653
2346.9303,0.45273478
2347.8346,0.06381539
2348.739,-0.14470971
2349.6437,0.18010066
2350.5485,0.31667786
2351.4535,0.18659054
2352.3587,0.2368975
2353.2641,-0.31671496
2354.1696,-0.16444294
2355.0753,0.30939984
2355.9812,0.085205537
2356.8872,-0.26447683
2357.7935,0.12309785
2358.6999,-0.15599201
2359.6064,-0.058609144
2360.5132,-0.12593003
2361.4201,0.24596691
2362.3272,0.26492481
2363.2345,0.29957111
2364.1419,-0.050094178
2365.0495,0.094360316
2365.9573,0.16038557
2366.8653,0.069550218
2367.7734,-0.22520457
2368.6817,0.34278787
2369.5902,0.33823343
2370.4989,0.12191642
2371.4077,0.54873879
2372.3167,-0.19306415
2373.2259,0.2965076
2374.1353,0.26059128
2375.0448,-0.065518987
2375.9545,0.0083728842
2376.8644,-0.11381154
2377.7745,-0.063444813
2378.6847,0.24574758
2379.5951,0.31964799
2380.5057,-0.09272398
2381.4164,0.18510227
2382.3274,0.17273457
2383.2385,-0.043552564
2384.1498,-0.032386582
2385.0612,-0.14670866
2385.9728,-0.033577625
2386.8846,0.30700652
2387.7966,0.35739673
2388.7087,0.21955378
2389.6211,0.042497272
2390.5336,0.35171741
2391.4462,0.23741027
2392.3591,0.36624252
2393.2721,0.25193965
2394.1853,-0.027066967
2395.0987,0.25863443
2396.0122,-0.004681643
2396.9259,-0.0013289169
2397.8398,0.27653575
2398.7539,-0.17500922
2399.6681,0.079330303
2400.5825,0.65524059
2401.4971,0.54880006
2402.4119,0.53647932
2403.3268,0.11631757
2404.2419,1.0059619
2405.1572,0.92305931
2406.0726,0.6989824
2406.9883,0.74157429
2407.9041,0.16456047
2408.8201,0.3483331
2409.7362,0.34387257
2410.6525,0.010002411
2411.569,0.32711478
2412.4857,0.18932732
2413.4026,0.05154199
2414.3196,0.21179801
2415.2368,0.12107578
2416.1542,-0.063761966
2417.0717,-0.0054603233
2417.9894,-0.32362713
2418.9073,0.26016897
2419.8254,0.17730055
2420.7436,-0.015369664
2421.6621,0.0743152
2422.5807,-0.35364486
2423.4994,-0.15415181
2424.4184,-0.28406838
2425.3375,-0.021825964
2426.2568,0.47571271
2427.1762,0.25168489
2428.0959,0.39628665
2429.0157,0.16441996
2429.9357,-0.1537191
2430.8558,-0.23656191
2431.7762,-0.33508887
2432.6967,0.12324906
2433.6173,-0.25762656
2434.5382,-0.18359809
2435.4592,-0.062508667
2436.3804,-0.24729946
2437.3018,0.030656984
2438.2234,0.29292929
2439.1451,0.12383117
2440.067,0.55081362
2440.9891,0.75034723
2441.9113,0.36949082
2442.8338,-0.22312817
2443.7564,-0.35299993
2444.6791,0.29360104
2445.6021,-0.22842331
2446.5252,0.10445644
2447.4485,-0.33128913
2448.372,-0.31997375
2449.2956,-0.53610721
2450.2194,-0.65027775
2451.1434,0.051240123
2452.0676,0.10962287
2452.9919,-0.39669813
2453.9164,-0.50301699
2454.8411,0.1122349
2455.766,-0.38623656
2456.691,-0.18666667
2457.6162,-0.17667974
2458.5416,0.43723064
2459.4672,0.14133898
2460.3929,-0.076119435
2461.3188,0.051522073
2462.2449,0.2497537
2463.1712,0.49504602
2464.0976,0.12857553
2465.0242,-0.010442111
2465.951,0.61132645
2466.8779,0.3311361
2467.8051,0.87447704
2468.7324,0.2884081
2469.6598,0.54939987
2470.5875,0.67706018
2471.5153,0.62433021
2472.4433,0.7127786
2473.3715,0.55024847
2474.2998,0.69360258
2475.2284,0.54676248
2476.157,0.47835564
2477.0859,0.370735
2478.015,0.1297829
2478.9442,0.30451896
2479.8736,0.31455101
2480.8031,-0.30286603
2481.7329,-0.19871257
2482.6628,0.1642663
2483.5929,0.04097254
2484.5231,-0.11369189
2485.4536,-0.33109953
2486.3842,-0.37595628
2487.315,0.08899278
2488.2459,-0.32448766
2489.1771,-0.17326033
2490.1084,-0.20242328
2491.0399,-0.41981964
2491.9715,-0.041135694
2492.9033,0.11794229
2493.8354,-0.16219353
2494.7675,-0.30899414
2495.6999,-0.09500855
2496.6324,0.017018133
2497.5651,0.074144735
2498.498,-0.04911894
2499.431,-0.0076748519
2500.3643,-0.46818967
2501.2977,-0.26987907
2502.2312,0.13235497
2503.165,0.13459089
2504.0989,0.42702477
2505.033,0.24102916
2505.9673,0.62758445
2506.9017,0.63767103
2507.8363,0.58501439
2508.7711,0.75981062
2509.7061,0.80911852
2510.6412,0.69372243
2511.5765,0.41362233
2512.512,0.07077902
2513.4477,0.6142121
2514.3835,0.33411764
2515.3195,0.50108389
2516.2557,0.071973584
2517.1921,0.41149261
2518.1286,0.58630764
2519.0653,0.32190886
2520.0022,0.52025706
2520.9393,0.22448949
2521.8765,0.57970419
2522.8139,0.50354823
2523.7515,0.4822961
2524.6892,0.14732037
2525.6272,-0.24255545
2526.5653,0.089139246
2527.5035,0.11495347
2528.442,0.054495057
2529.3806,0.01756794
2530.3194,0.27868192
2531.2584,0.014307582
2532.1975,0.28326846
2533.1369,0.24634886
2534.0763,-0.30037278
2535.016,-0.45493567
2535.9559,-0.044790803
2536.8959,0.21633634
2537.8361,0.25785751
2538.7764,-0.15552139
2539.717,-0.066937627
2540.6577,0.20204017
2541.5986,-0.023097797
2542.5396,0.089021017
2543.4809,-0.12042692
2544.4223,-0.094578852
2545.3639,-0.13931714
2546.3056,-0.44287708
2547.2476,-0.30721946
2548.1897,-0.069599164
2549.132,0.019003399
2550.0744,0.11545098
2551.017,0.26343901
2551.9598,0.21534987
2552.9028,0.30059533
2553.846,0.24466557
2554.7893,-0.2034198
2555.7328,-0.28287645
2556.6765,-0.13488087
2557.6203,0.013115976
2558.5644,0.012094471
2559.5086,0.22283893
2560.4529,0.22966308
2561.3975,-0.14782524
2562.3422,-0.15668485
2563.2871,0.038378374
2564.2322,-0.025380678
2565.1774,0.020665451
2566.1228,-0.2783852
2567.0684,-0.020571848
2568.0142,0.1195957
2568.9601,0.33035275
2569.9062,-0.19614385
2570.8525,-0.2206784
2571.799,-0.12756464
2572.7456,0.39692293
2573.6924,-0.019764706
2574.6394,-0.13990987
2575.5866,0.10857341
2576.5339,-0.15274626
2577.4814,-0.076810041
2578.4291,-0.23616696
2579.377,0.22408496
2580.325,0.24512216
2581.2732,0.12498388
2582.2216,0.21661129
2583.1701,-0.13881914
2584.1188,0.093986711
2585.0677,-0.24575548
2586.0168,0.034111158
2586.9661,0.086527797
2587.9155,0.39776895
2588.8651,0.89724638
2589.8149,1.0986856
2590.7648,1.8177728
2591.7149,2.6780375
2592.6652,3.6245777
2593.6157,4.4848444
2594.5663,4.5529551
2595.5172,4.8642041
2596.4681,5.4264345
2597.4193,4.8200385
2598.3707,4.707761
2599.3222,4.5876414
2600.2739,3.0792875
2601.2257,2.9121111
2602.1778,2.3370924
2603.13,2.0679572
2604.0823,1.6105876
2605.0349,1.0434151
2605.9876,0.68016509
2606.9405,0.52083767
2607.8936,0.53406025
2608.8469,0.57081323
2609.8003,0.28599856
2610.7539,0.26000841
2611.7077,0.20264669
2612.6617,0.38058007
2613.6158,0.362436
2614.5701,0.069783116
2615.5246,0.46732729
2616.4792,0.50408813
2617.434,0.25065388
2618.389,0.11486767
2619.3442,0.51241578
2620.2995,0.41584722
2621.2551,0.29575023
2622.2108,0.34036011
2623.1666,0.39281411
2624.1227,0.22566125
2625.0789,0.20752898
2626.0353,0.15802515
2626.9918,-0.1424581
2627.9486,0.011961603
2628.9055,0.22128425
2629.8626,0.022764737
2630.8198,0.18503052
2631.7773,-0.01348702
2632.7349,-0.30612123
2633.6927,-0.018362296
2634.6506,-0.099229831
2635.6088,-0.0781356
2636.5671,-0.16684431
2637.5256,-0.1222187
2638.4842,-0.12465093
2639.443,-0.11923904
2640.402,-0.090296751
2641.3612,0.47982299
2642.3206,0.60288489
2643.2801,0.24751639
2644.2398,0.33920771
2645.1997,0.54854707
2646.1597,0.49122074
2647.12,0.3084052
2648.0804,0.2197083
2649.0409,0.49963982
2650.0017,0.646239
2650.9626,0.38499602
2651.9237,0.19434226
2652.885,0.18408164
2653.8464,0.079704353
2654.808,0.64983786
2655.7698,0.7258547
2656.7318,0.67638232
2657.6939,0.88573446
2658.6562,0.78920523
2659.6187,1.320128
2660.5814,0.64320854
2661.5442,0.52315285
2662.5072,0.89721578
2663.4704,0.47912284
2664.4338,0.60220735
2665.3973,0.87431246
2666.361,1.0523009
2667.3249,0.4067609
2668.2889,0.44357484
2669.2532,0.87254662
2670.2176,0.54073507
2671.1822,0.42068921
2672.1469,0.3163306
2673.1118,0.25118867
2674.0769,0.17036144
2675.0422,0.19149598
2676.0077,0.10282759
2676.9733,-0.26819277
2677.9391,-0.06666312
2678.905,-0.19454425
2679.8712,0.054046185
2680.8375,-0.14442122
2681.804,0.30809276
2682.7707,0.18805869
2683.7375,0.67979032
2684.7045,0.36367979
2685.6717,0.44757024
2686.6391,0.9785205
2687.6066,0.28594234
2688.5743,0.47179653
2689.5422,0.4066713
2690.5103,0.31017452
2691.4785,0.3783846
2692.4469,0.28973291
2693.4155,0.62461163
2694.3843,0.36341289
2695.3532,0.43947004
2696.3223,0.79788111
2697.2916,0.86609709
2698.2611,0.81666699
2699.2307,1.0731202
2700.2005,1.6432999
2701.1705,2.3154414
2702.1406,2.6817015
2703.111,3.1107077
2704.0815,2.9671659
2705.0521,3.8197034
2706.023,3.872242
2706.994,3.1247815
2707.9652,3.8204593
2708.9366,3.0337851
2709.9081,2.8118178
2710.8798,2.8643613
2711.8517,2.2423959
2712.8238,2.043961
2713.796,1.8925858
2714.7685,1.1529763
2715.741,1.2447404
2716.7138,1.3286623
2717.6867,1.4596441
2718.6599,1.1984699
2719.6331,0.87455163
2720.6066,1.1231834
2721.5802,0.5561298
2722.5541,1.1106458
2723.528,1.1318295
2724.5022,1.1922299
2725.4765,0.84478813
2726.451,1.0698964
2727.4257,1.0989271
2728.4006,0.95540986
2729.3756,1.0942465
2730.3508,0.59779004
2731.3262,0.72094239
2732.3017,0.60095846
2733.2775,0.34764219
2734.2534,0.6198171
2735.2294,0.57042436
2736.2057,0.39554241
2737.1821,0.071641837
2738.1587,-0.0091204999
2739.1355,0.47482403
2740.1124,0.37053425
2741.0895,0.51722584
2742.0668,0.56195763
2743.0443,0.74002374
2744.0219,0.87103201
2744.9998,0.2098844
2745.9778,0.38795345
2746.9559,0.53465095
2747.9343,0.9088004
2748.9128,0.6005979
2749.8915,0.56690619
2750.8703,0.74498016
2751.8494,0.95442767
2752.8286,1.4619154
2753.808,1.4596001
2754.7875,1.6533643
2755.7672,1.5804628
2756.7472,2.1114839
2757.7272,1.8346628
2758.7075,1.9029407
2759.6879,1.7594549
2760.6685,1.8042053
2761.6493,1.9273882
2762.6302,1.0466504
2763.6114,0.98159991
2764.5927,0.97145236
2765.5741,0.85150186
2766.5558,0.79429745
2767.5376,0.98807441
2768.5196,0.86028373
2769.5018,0.65406266
2770.4841,1.0674504
2771.4667,0.29652543
2772.4493,-0.097927989
2773.4322,0.4801686
2774.4153,0.53277597
2775.3985,0.15401178
2776.3819,0.10466033
2777.3654,0.48668242
2778.3492,0.045176082
2779.3331,0.027200136
2780.3172,0.29157812
2781.3014,0.44615316
2782.2859,0.57719977
2783.2705,0.49648266
2784.2553,0.37655084
2785.2402,0.56250236
2786.2254,0.59159212
2787.2107,0.55793777
2788.1961,0.57134322
2789.1818,0.2788673
2790.1676,0.48051001
2791.1536,0.85470273
2792.1398,-0.010319258
2793.1262,0.3168166
2794.1127,0.51062011
2795.0994,-0.16616364
2796.0863,-0.074318947
2797.0733,0.48811496
2798.0605,0.64270671
2799.0479,-0.3085829
2800.0355,-0.052028396
2801.0232,-0.28959056
2802.0112,0.0689267
2802.9993,0.57646455
2803.9875,0.27616024
2804.976,0.32095495
2805.9646,0.099083984
2806.9534,0.057606156
2807.9423,-0.015243239
2808.9315,-0.10377793
2809.9208,0.129257
2810.9103,0.1505282
2811.8999,0.21101607
2812.8898,-0.15986762
2813.8798,-0.060162098
2814.87,0.25130912
2815.8603,0.19415386
2816.8509,0.23111724
2817.8416,0.13474826
2818.8324,0.16387047
2819.8235,0.075346594
2820.8147,0.33192175
2821.8061,1.1061449
2822.7977,0.67252598
2823.7895,0.44282957
2824.7814,1.1307812
2825.7735,1.2148122
2826.7658,1.0400208
2827.7582,0.49660278
2828.7508,1.1688721
2829.7436,1.2372208
2830.7366,0.80360968
2831.7297,1.7268623
2832.7231,1.6540375
2833.7166,1.7616058
2834.7102,1.6966261
2835.7041,1.1845886
2836.6981,1.5745128
2837.6923,1.2193399
2838.6866,0.62103082
2839.6812,0.73644818
2840.6759,0.88323908
2841.6708,0.41042311
2842.6658,0.32976499
2843.6611,0.91577452
2844.6565,0.36453013
2845.6521,0.23681613
2846.6478,0.46988744
2847.6437,0.38139109
2848.6399,0.27720946
2849.6361,0.26714646
2850.6326,0.28061385
2851.6292,0.38819987
2852.626,0.12715942
2853.623,0.054355253
2854.6202,0.20900305
2855.6175,0.042083198
2856.615,0.31438002
2857.6127,0.31216802
2858.6105,0.43544719
2859.6085,0.40186461
2860.6067,0.29769477
2861.6051,-0.065297607
2862.6036,-0.0047595943
2863.6024,-0.10108334
2864.6012,0.17906448
2865.6003,-0.058433774
2866.5996,-0.029264378
2867.599,-0.10205478
2868.5986,0.01339109
2869.5983,0.073935985
2870.5983,0.08742304
2871.5984,0.32051892
2872.5987,0.39675304
2873.5991,0.56710579
2874.5998,0.59628305
2875.6006,0.48428483
2876.6016,0.29385621
2877.6027,0.25244819
2878.604,0.94045291
2879.6055,0.87551744
2880.6072,0.88901433
2881.6091,1.177022
2882.6111,0.63365811
2883.6133,0.67068736
2884.6157,0.88026661
2885.6182,0.8074939
2886.621,0.52295747
2887.6239,0.53646124
2888.6269,0.71467187
2889.6302,0.29680506
2890.6336,0.31815491
2891.6372,0.35519202
2892.641,0.26673992
2893.6449,0.703779
2894.649,0.31728965
2895.6533,0.4798209
2896.6578,0.22666685
2897.6624,0.21665103
2898.6673,0.35565581
2899.6723,0.67505373
2900.6774,0.71994283
2901.6828,0.17659762
2902.6883,0.29992006
2903.694,0.10951799
2904.6998,0.23284239
2905.7058,0.35616778
2906.7121,0.12655297
2907.7184,0.39889993
2908.725,0.30262043
2909.7317,-0.060324763
2910.7386,0.31398593
2911.7457,0.31967016
2912.753,-0.074644631
2913.7604,-0.092487849
2914.768,0.085748347
2915.7758,0.028691409
2916.7837,0.010851141
2917.7919,-0.20306658
2918.8002,0.4065461
2919.8086,0.70243427
2920.8173,0.12773519
2921.8261,-0.070492318
2922.8351,0.2253988
2923.8443,0.30168306
2924.8536,0.1034585
2925.8631,0.2581761
2926.8728,-0.081222963
2927.8827,-0.20885634
2928.8927,-0.085508338
2929.9029,-0.21313975
2930.9133,-0.23096625
2931.9239,-0.20173295
2932.9346,-0.32151827
2933.9455,-0.11189085
2934.9566,0.31734541
2935.9679,0.39364146
2936.9793,0.49346792
2937.9909,0.13839339
2939.0027,0.11273162
2940.0147,0.079227687
2941.0268,0.24180317
2942.0391,0.29457572
2943.0516,0.76303552
2944.0643,0.72953552
2945.0771,1.0019189
2946.0901,0.91351887
2947.1033,0.72315908
2948.1166,0.2033885
2949.1301,0.64832479
2950.1438,0.95208559
2951.1577,0.64408267
2952.1718,0.68117878
2953.186,0.035922923
2954.2004,-0.060312341
2955.2149,-0.093801524
2956.2297,-0.31552502
2957.2446,0.1843211
2958.2597,0.32338388
2959.275,0.28989863
2960.2904,-0.20633073
2961.306,-0.075108132
2962.3218,0.16591937
2963.3378,-0.095012927
2964.3539,-0.11280699
2965.3702,-0.10707065
2966.3867,-0.05427451
2967.4034,-0.19108036
2968.4202,-0.32788546
2969.4372,0.24903568
2970.4544,0.38674188
2971.4718,-0.3461394
2972.4893,-0.15352974
2973.507,-0.094252667
2974.5249,0.090515354
2975.5429,0.38508804
2976.5612,0.13064188
2977.5796,0.0016866533
2978.5981,-0.080208997
2979.6169,-0.083672527
2980.6358,-0.44791962
2981.6549,-0.42785224
2982.6742,-0.28229392
2983.6936,-0.26222504
2984.7133,-0.13235149
2985.7331,-0.18286935
2986.753,-0.21770019
2987.7732,-0.22115773
2988.7935,-0.091281182
2989.814,0.12487062
2990.8346,0.30180748
2991.8555,0.14933333
2992.8765,0.25781514
2993.8977,0.26433594
2994.9191,0.090464362
2995.9406,-0.2010545
2996.9623,-0.084730459
2997.9842,0.039436498
2999.0062,0.28125029
3000.0285,0.30345601
3001.0509,0.18448504
3002.0735,-0.1305646
3003.0962,0.03281692
3004.1192,0.29031586
3005.1423,0.343893
3006.1655,-0.12802028
3007.189,-0.18424751
3008.2126,-0.013023984
3009.2364,0.12682677
3010.2604,0.1411871
3011.2846,-0.032688095
3012.3089,0.1542208
3013.3334,0.199953
3014.3581,0.33195949
3015.3829,0.18945594
3016.4079,0.16459923
3017.4331,0.4769972
3018.4585,0.40508121
3019.484,0.47434147
3020.5098,0.67693484
3021.5356,0.20501818
3022.5617,0.25859149
3023.588,0.24157633
3024.6144,0.64809037
3025.641,0.59970222
3026.6677,0.49641188
3027.6947,0.44018014
3028.7218,0.14081091
3029.7491,0.15516696
3030.7765,0.04403258
3031.8042,0.41132935
3032.832,0.6531357
3033.8599,0.51847123
3034.8881,0.19557124
3035.9164,-0.095956421
3036.9449,0.13016275
3037.9736,-0.059404581
3039.0025,-0.21759959
3040.0315,-0.085598741
3041.0607,0.20326463
3042.0901,-0.001989881
3043.1196,-0.11312697
3044.1494,0.17573572
3045.1793,0.12734329
3046.2093,-0.093598398
3047.2396,0.1089891
3048.27,0.37432148
3049.3006,0.42788892
3050.3314,0.081456142
3051.3623,0.12718
3052.3934,0.22780559
3053.4247,-0.24411807
3054.4562,0.20944825
3055.4878,0.20026924
3056.5196,-0.2324394
3057.5516,0.18975369
3058.5838,0.21194655
3059.6161,0.069433311
3060.6486,-0.28484486
3061.6813,-0.011672283
3062.7142,0.096794189
3063.7472,0.48761338
3064.7804,0.40000097
3065.8138,0.077094214
3066.8474,0.013010765
3067.8811,-0.22362193
3068.915,-0.044568575
3069.9491,0.46389632
3070.9833,-0.10214882
3072.0178,-0.40937065
3073.0524,0.33438769
3074.0871,-0.051265971
3075.1221,-0.31927279
3076.1572,-0.17159357
3077.1925,0.10157563
3078.228,0.63356813
3079.2636,0.20869766
3080.2995,0.48970932
3081.3355,0.26091683
3082.3716,0.047810389
3083.408,0.36803706
3084.4445,0.6255184
3085.4812,0.45162697
3086.518,0.050284333
3087.5551,0.27639245
3088.5923,0.75348074
3089.6297,0.39919625
3090.6672,0.47628408
3091.705,0.69454816
3092.7429,1.0383022
3093.781,0.84087956
3094.8192,1.2238488
3095.8577,0.86171986
3096.8963,1.5348848
3097.9351,2.1217749
3098.974,1.6184688
3100.0132,1.7818291
3101.0525,2.102052
3102.0919,3.3242354
3103.1316,4.5856342
3104.1714,4.3489936
3105.2114,4.9986273
3106.2516,6.1266922
3107.2919,7.7645607
3108.3325,7.7318408
3109.3732,7.9030422
3110.414,8.5526748
3111.4551,8.0964248
3112.4963,7.4205667
3113.5377,7.8584339
3114.5793,7.3237518
3115.621,7.447893
3116.6629,6.9445831
3117.705,5.3902925
3118.7473,5.5850213
3119.7897,6.1562205
3120.8324,5.048988
3121.8751,4.7966573
3122.9181,3.775699
3123.9612,3.821407
3125.0046,3.3729972
3126.048,2.5010578
3127.0917,2.7271573
3128.1355,2.7336488
3129.1795,2.0342577
3130.2237,2.3309448
3131.2681,2.4707689
3132.3126,1.8890242
3133.3573,1.919044
3134.4022,2.0274949
3135.4472,1.6653573
3136.4925,1.7032196
3137.5379,1.5685325
3138.5835,1.3083551
3139.6292,1.4638637
3140.6751,1.4154505
3141.7212,1.5238998
3142.7675,1.6794078
3143.8139,1.7015821
3144.8606,1.7551288
3145.9074,1.0714204
3146.9543,1.4073196
3148.0015,1.084395
3149.0488,1.6399016
3150.0963,1.3718785
3151.1439,1.3626788
3152.1918,2.0123023
3153.2398,2.3560433
3154.288,2.6684115
3155.3364,2.8945049
3156.3849,2.6029511
3157.4336,2.99375
3158.4825,4.0590585
3159.5315,4.2067196
3160.5808,5.0132041
3161.6302,5.4589041
3162.6798,5.1438195
3163.7295,6.1463817
3164.7795,6.1842378
3165.8296,5.5789565
3166.8798,5.5775965
3167.9303,5.4978049
3168.9809,5.3160523
3170.0317,5.1421426
3171.0827,5.274115
3172.1339,5.508048
3173.1852,5.1615886
3174.2367,4.2268937
3175.2883,4.1235711
3176.3402,4.4280914
3177.3922,3.7835919
3178.4444,4.4096804
3179.4968,3.7338079
3180.5493,3.6147979
3181.602,3.629121
3182.6549,3.0630517
3183.708,3.6656097
3184.7612,3.2407164
3185.8147,3.0589602
3186.8682,2.6575959
3187.922,1.9738784
3188.9759,2.3960431
3190.03,2.1985997
3191.0843,1.5854698
3192.1388,1.0743005
3193.1934,0.83764072
3194.2482,1.2049023
3195.3032,1.423144
3196.3584,1.1080522
3197.4137,0.84001903
3198.4692,0.94061304
3199.5249,1.7549323
3200.5807,1.3300357
3201.6368,1.3678839
3202.693,0.84886919
3203.7493,0.81612874
3204.8059,0.86966258
3205.8626,0.58594128
3206.9195,0.89045506
3207.9766,0.4341843
3209.0338,0.55830547
3210.0913,0.7216421
3211.1489,1.0104687
3212.2066,1.3463539
3213.2646,0.78812122
3214.3227,1.2181236
3215.381,0.99714539
3216.4394,0.53302969
3217.4981,0.69636474
3218.5569,0.94597407
3219.6159,1.015191
3220.675,0.43342736
3221.7344,0.1732321
3222.7939,0.43068367
3223.8536,0.43715462
3224.9134,0.537743
3225.9735,0.39519389
3227.0337,0.20558573
3228.0941,0.60421265
3229.1546,0.24205502
3230.2153,0.036759914
3231.2762,-0.090104046
3232.3373,-0.075791761
3233.3986,0.36989285
3234.46,0.4940086
3235.5216,-0.0014837091
3236.5834,-0.18325076
3237.6453,0.18400158
3238.7075,-0.029138472
3239.7698,0.30674086
3240.8322,0.42301213
3241.8949,0.35104787
3242.9577,0.41241673
3244.0207,0.18358927
3245.0839,0.73907532
3246.1472,0.71416899
3247.2107,0.81475263
3248.2744,0.73494388
3249.3383,0.25513491
3250.4023,0.45767866
3251.4665,0.56610453
3252.5309,0.40786351
3253.5955,0.17119089
3254.6602,-0.11254078
3255.7251,0.19196263
3256.7902,0.44940698
3257.8555,0.087243262
3258.9209,0.03880481
3259.9865,0.10801319
3261.0523,-0.034543358
3262.1182,0.089566533
3263.1844,0.14308796
3264.2507,0.58876603
3265.3172,-0.0086933816
3266.3838,-0.18262361
3267.4506,-0.52125994
3268.5176,-0.16185729
3269.5848,0.0014667114
3270.6522,-0.50971932
3271.7197,0.13987874
3272.7874,-0.29287637
3273.8553,-0.082494452
3274.9233,-0.11525001
3275.9915,0.040229496
3277.0599,0.046689171
3278.1285,0.13157999
3279.1972,-0.018823529
3280.2662,0.058495002
3281.3352,-0.22497096
3282.4045,0.23666093
3283.4739,0.00025343024
3284.5436,0.15600261
3285.6133,0.013712391
3286.6833,-0.21485252
3287.7534,0.011484351
3288.8238,0.24566418
3289.8942,0.33082421
3290.9649,0.43951348
3292.0357,0.49330061
3293.1067,0.47649931
3294.1779,0.53812921
3295.2493,0.23897462
3296.3208,0.520212
3297.3925,0.2132139
3298.4644,0.16503916
3299.5364,0.83058972
3300.6087,-0.33131088
3301.6811,-0.32458421
3302.7536,-0.035504785
3303.8264,-0.25622946
3304.8993,0.064222156
3305.9724,-0.38395386
3307.0457,-0.23605163
3308.1191,-0.40187507
3309.1928,-0.15201241
3310.2666,-0.027640134
3311.3405,-0.14640529
3312.4147,-0.061249064
3313.489,-0.4780538
3314.5635,-0.032113622
3315.6381,0.30402245
3316.713,-0.16768479
3317.788,0.097862691
3318.8632,0.033998224
3319.9385,-0.21810172
3321.0141,-0.17216263
3322.0898,0.30514883
3323.1657,0.4216758
3324.2417,-0.37160134
3325.318,-0.23154533
3326.3944,-0.33462675
3327.471,-0.014178947
3328.5477,0.15724907
3329.6246,-0.40073486
3330.7017,0.045202602
3331.779,0.28721831
3332.8565,-0.12958969
3333.9341,-0.12286846
3335.0119,-0.29653957
3336.0899,0.21214208
3337.168,0.3521961
3338.2463,0.49224994
3339.3248,0.5930879
3340.4035,0.16059236
3341.4824,0.69280251
3342.5614,1.1857968
3343.6406,0.84741836
3344.7199,0.72864758
3345.7995,0.69615113
3346.8792,0.89110547
3347.9591,1.2507655
3349.0392,1.0300332
3350.1194,1.5230263
3351.1998,1.9297446
3352.2804,2.6815608
3353.3612,2.9000434
3354.4421,2.3342122
3355.5232,2.8507337
3356.6045,2.8652943
3357.686,3.1151488
3358.7676,2.8551992
3359.8494,2.6815239
3360.9314,3.2215739
3362.0135,2.4753493
3363.0959,2.9761832
3364.1784,2.6613308
3365.261,2.6602036
3366.3439,2.8237821
3367.4269,2.6814781
3368.5101,2.4136837
3369.5935,2.1458892
3370.677,2.0584866
3371.7608,2.206378
3372.8447,1.946426
3373.9287,1.2158856
3375.013,1.4971097
3376.0974,1.339118
3377.182,1.4634791
3378.2668,1.1486242
3379.3517,0.78671038
3380.4368,1.1777375
3381.5221,1.3648429
3382.6076,0.97155601
3383.6932,0.9155238
3384.779,0.82027572
3385.865,0.74855687
3386.9512,1.0533084
3388.0375,0.52668726
3389.124,0.69026198
3390.2107,0.31266006
3391.2976,0.029175597
3392.3846,0.27118115
3393.4718,0.27789241
3394.5592,0.20617211
3395.6467,0.26778496
3396.7345,0.078417239
3397.8224,0.47728463
3398.9105,0.3192891
3399.9987,0.21619534
3401.0871,0.74055239
3402.1757,0.8335367
3403.2645,1.1147561
3404.3535,0.96460282
3405.4426,1.026214
3406.5319,1.4407663
3407.6213,0.77296535
3408.711,1.1483015
3409.8008,1.1785395
3410.8908,0.65975762
3411.981,0.88607364
3413.0713,0.72807575
3414.1618,0.87596003
3415.2525,0.41207942
3416.3434,0.026630004
3417.4344,0.33921962
3418.5256,0.51063259
3419.617,0.046751256
3420.7086,0.13188935
3421.8003,-0.15944333
3422.8922,-0.24685461
3423.9843,-0.20093275
3425.0766,-0.36677577
3426.169,-0.23457976
3427.2616,0.023106261
3428.3544,0.11608622
3429.4474,0.56200718
3430.5405,0.39616325
3431.6338,0.81855443
3432.7273,0.7076121
3433.8209,0.71431664
3434.9147,0.94847199
3436.0087,0.79047029
3437.1029,0.66384096
3438.1973,1.141133
3439.2918,0.99881704
3440.3865,0.98983422
3441.4814,0.68281201
3442.5764,1.0424563
3443.6716,1.3001396
3444.767,0.946058
3445.8626,1.0155057
3446.9583,1.7594629
3448.0542,1.8445965
3449.1503,1.3493377
3450.2466,1.9913336
3451.343,2.7745059
3452.4397,3.7537564
3453.5364,4.8506537
3454.6334,4.8887274
3455.7305,5.7895459
3456.8278,6.6119329
3457.9253,6.6813786
3459.023,6.3821966
3460.1208,6.4359556
3461.2188,6.2544204
3462.317,6.3160221
3463.4154,6.3776238
3464.5139,6.9098134
3465.6126,6.649846
3466.7115,5.7232118
3467.8105,6.1142245
3468.9098,6.1287663
3470.0092,4.8021316
3471.1087,5.0676535
3472.2085,4.8861164
3473.3084,4.5790889
3474.4085,4.083826
3475.5088,4.2238569
3476.6092,4.9207505
3477.7098,3.5941144
3478.8106,3.4596351
3479.9116,3.5447634
3481.0127,2.7200876
3482.114,3.5503136
3483.2155,2.9687747
3484.3172,3.0774316
3485.419,3.4370688
3486.5211,2.604549
3487.6232,2.3837937
3488.7256,2.2336264
3489.8281,1.9030668
3490.9308,2.0430952
3492.0337,2.0890059
3493.1368,2.2604065
3494.24,2.0161207
3495.3434,1.8737955
3496.447,1.4883328
3497.5508,1.447968
3498.6547,1.5487795
3499.7588,1.429983
3500.8631,0.7935392
3501.9675,1.4668992
3503.0722,1.0030041
3504.177,0.9469519
3505.2819,1.1810956
3506.3871,0.43484703
3507.4924,0.96702962
3508.5979,0.77764341
3509.7036,1.0745315
3510.8094,1.2694587
3511.9154,1.0330131
3513.0216,0.56127319
3514.128,0.65423901
3515.2345,1.1707341
3516.3412,1.2558564
3517.4481,1.199802
3518.5552,1.112375
3519.6624,1.2053399
3520.7699,0.98457912
3521.8774,0.77166131
3522.9852,0.71560607
3524.0931,0.62033496
3525.2012,0.80741661
3526.3095,1.2925373
3527.418,0.6404029
3528.5266,0.60003302
3529.6354,0.36358454
3530.7444,0.29184175
3531.8536,0.49460859
3532.9629,0.52482622
3534.0724,0.71974956
3535.1821,0.57741781
3536.2919,0.78018392
3537.4019,0.43393025
3538.5121,0.65238227
3539.6225,0.21985372
3540.7331,0.81477597
3541.8438,0.67244313
3542.9547,0.64775718
3544.0658,1.2897377
3545.177,0.80230629
3546.2884,0.58154135
3547.4,0.89410957
3548.5118,1.0184423
3549.6237,0.62512782
3550.7358,0.99259746
3551.8481,1.4384983
3552.9606,1.3118499
3554.0732,0.73029939
3555.186,1.2232585
3556.299,1.4338645
3557.4122,1.8170193
3558.5255,1.5884092
3559.639,2.8499951
3560.7527,3.5233454
3561.8666,4.4868917
3562.9806,5.5053397
3564.0948,6.3590817
3565.2092,7.7069411
3566.3238,8.1293102
3567.4385,8.0732477
3568.5534,8.3073811
3569.6685,8.8003378
3570.7837,8.3521179
3571.8991,8.8607606
3573.0147,8.7262658
3574.1305,8.2388297
3575.2465,7.7357071
3576.3626,6.5580745
3577.4789,6.0706378
3578.5954,6.0302598
3579.712,6.2330189
3580.8288,5.9181306
3581.9458,5.1248109
3583.063,5.2961968
3584.1803,5.1224846
3585.2978,5.3095564
3586.4155,5.3946673
3587.5334,4.8758565
3588.6514,4.7099866
3589.7696,4.8343126
3590.888,4.5351091
3592.0066,4.04767
3593.1253,3.6935642
3594.2442,3.3394581
3595.3633,3.3226067
3596.4826,3.1724219
3597.602,2.9987074
3598.7216,2.8014634
3599.8414,2.368925
3600.9613,1.9442297
3602.0815,1.8646321
3603.2018,1.8634658
3604.3223,1.6505346
3605.4429,1.0768188
3606.5637,1.0442794
3607.6847,1.0587986
3608.8059,1.551749
3609.9273,1.229013
3611.0488,0.97686498
3612.1705,1.2423639
3613.2923,1.2019802
3614.4144,1.483165
3615.5366,1.3486633
3616.659,0.90043598
3617.7816,1.1894634
3618.9043,1.2902553
3620.0272,1.4302627
3621.1503,1.2094856
3622.2736,0.94164951
3623.397,2.0071466
3624.5206,1.7706827
3625.6444,1.4557872
3626.7684,1.7683426
3627.8925,2.1671722
3629.0168,3.381688
3630.1413,2.8942428
3631.266,3.0734641
3632.3908,3.2134695
3633.5158,3.14171
3634.641,3.2424994
3635.7663,2.8962298
3636.8919,3.3107443
3638.0176,3.0193762
3639.1434,2.7593806
3640.2695,3.3386004
3641.3957,2.9531142
3642.5221,2.5676277
3643.6487,2.7782196
3644.7754,2.3221446
3645.9024,1.9837164
3647.0295,2.1315626
3648.1567,2.0598008
3649.2842,1.4547055
3650.4118,1.1633354
3651.5396,1.4915731
3652.6675,1.5766733
3653.7957,1.3166752
3654.924,1.3547162
3656.0525,1.3378551
3657.1812,1.4072683
3658.31,1.0531519
3659.439,0.85589806
3660.5682,0.90962443
3661.6976,0.93982121
3662.8271,1.0170766
3663.9568,1.0629593
3665.0867,0.11276341
3666.2167,0.60570456
3667.347,0.80844946
3668.4774,0.75237064
3669.608,0.98648772
3670.7387,0.63236932
3671.8696,0.83511349
3673.0007,0.39472022
3674.132,0.83275815
3675.2635,0.54138413
3676.3951,0.32844129
3677.5269,0.37432181
3678.6589,0.62412371
3679.791,0.49745485
3680.9233,0.66882502
3682.0558,0.29901853
3683.1885,0.23509422
3684.3213,0.75156189
3685.4544,0.84449996
3686.5876,0.56881039
3687.7209,0.75586575
3688.8545,0.75468563
3689.9882,0.18095631
3691.1221,0.55624641
3692.2561,0.81388928
3693.3904,0.69506137
3694.5248,0.0036842664
3695.6594,0.2221109
3696.7941,0.49543931
3697.9291,0.25112049
3699.0642,0.061703442
3700.1995,0.33503131
3701.3349,0.35737861
3702.4705,0.24639239
3703.6063,0.096190304
3704.7423,0.36167431
3705.8785,0.35264833
3707.0148,0.15538688
3708.1513,0.38949779
3709.288,-0.2234503
3710.4248,0.010660255
3711.5619,-0.068954865
3712.6991,-0.12504075
3713.8364,0.069853567
3714.974,-0.2215268
3716.1117,-0.11290735
3717.2496,-0.098405734
3718.3877,0.12001727
3719.5259,0.275695
3720.6643,-0.29803922
3721.8029,0.0059642337
3722.9417,-0.1527777
3724.0806,0.37867615
3725.2197,0.29836501
3726.359,-0.025083667
3727.4985,-0.003434596
3728.6381,0.11233183
3729.778,0.047705821
3730.9179,0.10072658
3732.0581,-0.30899805
3733.1984,-0.42852689
3734.3389,0.048022421
3735.4796,-0.23621287
3736.6205,-0.151821
3737.7615,0.14433528
3738.9027,-0.41441068
3740.0441,-0.086882414
3741.1856,0.19358674
3742.3274,0.27013403
3743.4693,0.401583
3744.6114,0.046757171
3745.7536,0.38212713
3746.896,0.23906543
3748.0386,0.048944626
3749.1814,0.13333333
3750.3244,0.3455773
3751.4675,0.02448681
3752.6108,-0.21817343
3753.7542,0.072498544
3754.8979,-0.19369335
3756.0417,-0.24812166
3757.1857,-0.3025511
3758.3299,0.0038026602
3759.4742,-0.40357019
3760.6187,-0.10506182
3761.7634,-0.12028006
3762.9083,-0.25314647
3764.0533,0.11594677
3765.1985,-0.20515719
3766.3439,-0.39292893
3767.4895,-0.21991749
3768.6352,-0.48612285
3769.7811,-0.4935058
3770.9272,-0.50088988
3772.0734,-0.72788292
3773.2199,-0.7666418
3774.3665,-0.47599002
3775.5133,-0.31082957
3776.6602,-0.75743495
3777.8073,-0.5216885
3778.9546,-0.1839824
3780.1021,0.177252
3781.2498,0.16201468
3782.3976,0.42912918
3783.5456,0.92369355
3784.6938,0.82217835
3785.8421,0.91674047
3786.9906,1.1289485
3788.1393,1.2078221
3789.2882,1.1063024
3790.4372,0.9969385
3791.5865,0.88757344
3792.7359,0.56644255
3793.8854,0.48060465
3795.0352,0.60653034
3796.1851,0.62265098
3797.3352,0.63092737
3798.4854,0.30979086
3799.6359,0.1063003
3800.7865,0.56947528
3801.9373,0.50715894
3803.0882,-0.0022173501
3804.2394,0.013895438
3805.3907,-0.079796818
3806.5421,-0.18133333
3807.6938,-0.10368943
3808.8456,-0.1436939
3809.9976,-0.29350359
3811.1498,-0.47468713
3812.3022,-0.14606806
3813.4547,-0.38215618
3814.6074,-0.077069133
3815.7603,-0.54061084
3816.9133,-0.8237617
3818.0666,-0.42456092
3819.22,-0.37830262
3820.3735,-0.45753583
3821.5273,-0.62304485
3822.6812,-0.28659439
3823.8353,-0.020733469
3824.9896,-0.12350131
3826.144,-0.26548614
3827.2986,-0.24276639
3828.4534,0.20348147
3829.6084,-0.056154339
3830.7635,-0.017752233
3831.9188,0.020648568
3833.0743,-0.19193233
3834.23,0.14450508
3835.3858,0.073098039
3836.5418,-0.39733777
3837.698,-0.044245317
3838.8544,-0.48331089
3840.0109,-0.012573701
3841.1676,-0.012425906
3842.3245,-0.11424005
3843.4816,0.67021915
3844.6388,-0.066891435
3845.7962,0.42736937
3846.9538,0.49809961
3848.1115,0.4668679
3849.2695,0.52975268
3850.4276,0.42793042
3851.5858,0.36532269
3852.7443,0.42036086
3853.9029,0.7342214
3855.0617,0.98533568
3856.2207,0.27958606
3857.3798,0.38952155
3858.5391,0.48376961
3859.6986,0.31919298
3860.8583,0.021281858
3862.0182,0.19395781
3863.1782,-0.049053664
3864.3384,-0.15873297
3865.4987,0.38256696
3866.6593,-0.072212697
3867.82,-0.29954254
3868.9809,-0.10334412
3870.1419,-0.22087236
3871.3032,0.46944139
3872.4646,0.68916574
3873.6262,0.61084971
3874.7879,0.97959135
3875.9499,0.62676321
3877.112,0.25040449
3878.2743,0.038750495
3879.4367,0.31336985
3880.5993,0.66641942
3881.7621,0.5488796
3882.9251,0.4705543
3884.0883,0.61183569
3885.2516,0.63546886
3886.4151,0.29047343
3887.5788,0.40822193
3888.7426,0.14949868
3889.9067,0.47900957
3891.0709,0.17322518
3892.2352,0.23606708
3893.3998,0.76949606
3894.5645,1.4362572
3895.7294,1.8363505
3896.8945,2.0874231
3898.0597,2.0718279
3899.2251,1.5072118
3900.3907,1.3269084
3901.5565,2.4642508
3902.7224,2.2996313
3903.8885,2.4095204
3905.0548,2.4488202
3906.2213,3.1547854
3907.3879,3.4685927
3908.5547,3.5235752
3909.7217,4.2844389
3910.8889,5.6570662
3912.0562,7.4924374
3913.2237,10.912121
3914.3914,12.833765
3915.5593,15.131877
3916.7273,17.594695
3917.8955,18.614374
3919.0639,19.351699
3920.2324,19.649807
3921.4012,20.081248
3922.5701,20.724452
3923.7391,19.963733
3924.9084,19.650072
3926.0778,19.352096
3927.2474,18.73255
3928.4172,17.352219
3929.5871,16.646396
3930.7572,15.705278
3931.9275,14.301414
3933.098,11.972059
3934.2686,10.740741
3935.4395,10.419226
3936.6105,10.489867
3937.7816,9.9487426
3938.953,8.4742832
3940.1245,8.4586462
3941.2962,8.0116355
3942.468,7.8391335
3943.6401,7.0862381
3944.8123,6.2705965
3945.9847,6.7490714
3947.1572,5.9491137
3948.33,5.5648412
3949.5029,4.984489
3950.6759,5.0629593
3951.8492,5.1100558
3953.0226,3.8473473
3954.1962,3.5022846
3955.37,4.1454561
3956.544,3.7690186
3957.7181,3.5180701
3958.8924,3.5651597
3960.0669,3.0396991
3961.2415,3.4005118
3962.4163,3.3613234
3963.5913,3.047624
3964.7665,3.2907862
3965.9419,2.945712
3967.1174,2.9457346
3968.2931,3.2516385
3969.4689,2.977149
3970.645,3.0477564
3971.8212,2.4203234
3972.9976,2.8517128
3974.1742,3.392905
3975.3509,3.4870371
3976.5278,4.0360701
3977.7049,4.0831412
3978.8822,4.2007993
3980.0596,4.4596327
3981.2372,5.4870924
3982.415,5.8165117
3983.593,5.1733809
3984.7711,5.7694646
3985.9494,6.7184883
3987.1279,6.3263344
3988.3065,6.1067283
3989.4854,5.8479054
3990.6644,5.91065
3991.8435,5.2596679
3993.0229,4.8204493
3994.2024,5.4792689
3995.3821,5.0871068
3996.562,4.145924
3997.7421,4.2086616
3998.9223,3.9890451
4000.1027,3.6596236
4001.2832,4.1145146
4002.464,4.3419534
4003.6449,3.5419401
4004.826,3.4399649
4006.0073,4.0360277
4007.1887,3.5497365
4008.3703,3.4791303
4009.5521,2.9849936
4010.7341,3.2830126
4011.9162,3.4241676
4013.0985,3.7927725
4014.281,4.4751018
4015.4637,4.4437044
4016.6465,4.9926979
4017.8295,4.5691413
4019.0127,4.2789169
4020.1961,4.7651619
4021.3796,4.694543
4022.5633,4.8513739
4023.7472,4.8748703
4024.9313,6.0199342
4026.1155,6.937546
4027.2999,7.2669213
4028.4845,7.6982562
4029.6692,8.3413547
4030.8542,9.2197461
4032.0393,10.490293
4033.2245,11.73731
4034.41,13.8706
4035.5956,16.905849
4036.7814,19.368549
4037.9674,24.019482
4039.1535,29.250807
4040.3398,33.68213
4041.5263,38.591884
4042.713,40.819283
4043.8998,44.952564
4045.0869,46.215255
4046.2741,47.56422
4047.4614,50.670046
4048.649,52.011165
4049.8367,52.183655
4051.0246,51.352223
4052.2126,48.52079
4053.4009,46.763865
4054.5893,44.544194
4055.7779,42.512757
4056.9666,39.014653
4058.1555,36.340076
4059.3447,35.414518
4060.5339,32.653665
4061.7234,28.99085
4062.913,26.198622
4064.1028,23.727961
4065.2928,22.190633
4066.483,19.963107
4067.6733,18.81009
4068.8638,16.904131
4070.0545,16.637386
4071.2453,15.680444
4072.4363,15.335265
4073.6275,15.523419
4074.8189,15.170395
4076.0104,14.864429
4077.2022,15.287873
4078.3941,15.632885
4079.5861,16.652405
4080.7784,15.805258
4081.9708,15.130658
4083.1634,13.781548
4084.3561,14.008906
4085.5491,13.883323
4086.7422,13.632248
4087.9355,13.773329
4089.1289,12.973232
4090.3226,12.251566
4091.5164,12.212251
4092.7104,10.816073
4093.9045,11.255187
4095.0989,10.635477
4096.2934,9.7961572
4097.4881,10.399974
4098.6829,9.262613
4099.8779,9.1134862
4101.0731,8.7682799
4102.2685,7.8348371
4103.4641,7.5759029
4104.6598,7.3561833
4105.8557,7.8109723
4107.0518,7.74027
4108.248,7.4028998
4109.4445,8.0537638
4110.6411,6.7909011
4111.8378,7.0182334
4113.0348,7.8337997
4114.2319,7.2846591
4115.4292,6.9708114
4116.6267,7.370688
4117.8243,7.9117399
4119.0221,8.7037711
4120.2201,8.860507
4121.4183,9.0564574
4122.6166,8.4053479
4123.8151,9.2679626
4125.0138,10.381557
4126.2127,9.5029926
4127.4117,10.10678
4128.6109,10.239979
4129.8103,8.4516073
4131.0099,8.2553916
4132.2096,8.9062336
4133.4095,10.011976
4134.6096,9.1647768
4135.8098,8.5371839
4137.0103,9.1566486
4138.2109,8.7800338
4139.4116,7.5093002
4140.6126,7.0228791
4141.8137,7.9246922
4143.015,7.7519943
4144.2165,6.9753737
4145.4181,7.0536539
4146.62,6.339776
4147.822,6.2925637
4149.0241,6.2767228
4150.2265,6.2059787
4151.429,6.0568021
4152.6317,6.3546832
4153.8346,6.5427592
4155.0376,6.9896576
4156.2408,7.0443979
4157.4442,6.7461959
4158.6478,6.7930908
4159.8515,6.9027297
4161.0554,7.3653085
4162.2595,6.4710234
4163.4638,6.0708549
4164.6682,6.062842
4165.8728,5.8038476
4167.0776,6.0860285
4168.2826,5.7015416
4169.4877,4.8778378
4170.693,5.4502113
4171.8985,5.2147405
4173.1041,5.3792685
4174.31,4.547717
4175.516,4.3122427
4176.7222,4.4689241
4177.9285,4.1863887
4179.135,4.0371855
4180.3417,3.8801379
4181.5486,4.334854
4182.7557,4.0680002
4183.9629,3.7070276
4185.1703,3.4558578
4186.3778,3.7144907
4187.5856,4.114299
4188.7935,3.8866551
4190.0016,3.1099904
4191.2099,3.1176384
4192.4183,3.117442
4193.6269,3.3054797
4194.8357,3.6033202
4196.0447,3.4384145
4197.2538,3.1401743
4198.4631,3.3752662
4199.6726,3.665259
4200.8823,3.4768192
4202.0921,3.1472018
4203.3021,3.7509165
4204.5123,3.7350223
4205.7227,3.2563818
4206.9332,3.2561715
4208.1439,3.3343914
4209.3548,3.3106494
4210.5659,3.4202396
4211.7771,3.9219854
4212.9885,4.4943184
4214.2001,4.3058658
4215.4118,4.6585886
4216.6237,5.1446436
4217.8358,4.8306973
4219.0481,4.861848
4220.2606,5.1439779
4221.4732,5.3555184
4222.686,5.6611754
4223.899,5.7629097
4225.1121,6.4607213
4226.3254,6.5938258
4227.5389,7.0328115
4228.7526,7.2521882
4229.9664,8.3813676
4231.1804,9.3615263
4232.3946,9.7534486
4233.609,10.859095
4234.8235,10.772584
4236.0382,11.313522
4237.2531,12.10544
4238.4682,12.387552
4239.6834,12.520644
4240.8988,13.257656
4242.1144,12.731922
4243.3302,12.825795
4244.5461,12.268686
4245.7622,11.939027
4246.9785,10.958386
4248.195,10.39343
4249.4116,10.691219
4250.6284,9.2792019
4251.8454,8.8318899
4253.0625,8.6355572
4254.2798,8.1019684
4255.4973,7.2232804
4256.715,7.19165
4257.9329,6.7835479
4259.1509,5.7872094
4260.3691,5.7163599
4261.5875,5.3631562
4262.806,4.3354417
4264.0247,4.3587063
4265.2436,4.562362
4266.4627,3.8091537
4267.6819,4.1147679
4268.9013,4.200773
4270.1209,3.9652083
4271.3407,3.9335641
4272.5606,3.6195657
4273.7807,4.1055662
4275.001,3.7445067
4276.2215,3.0775637
4277.4421,3.5557176
4278.6629,3.1475958
4279.8839,2.7551591
4281.1051,2.6686036
4282.3264,3.2094979
4283.5479,3.1229401
4284.7696,2.6442243
4285.9915,2.9733505
4287.2135,3.1456127
4288.4357,2.7061091
4289.6581,3.0744475
4290.8806,3.121216
4292.1033,2.9875913
4293.3262,3.4814164
4294.5493,3.9360246
4295.7726,3.7474944
4296.996,3.8334729
4298.2196,4.2723914
4299.4434,4.2799362
4300.6673,4.7737543
4301.8914,5.0714929
4303.1157,4.898642
4304.3402,5.5493194
4305.5648,5.3372505
4306.7896,5.8310629
4308.0146,5.9327172
4309.2398,6.2226056
4310.4651,6.8340616
4311.6906,6.512183
4312.9163,6.4099111
4314.1422,6.7782263
4315.3682,6.3151678
4316.5944,6.0795591
4317.8208,6.5812041
4319.0474,7.0357892
4320.2741,7.0982162
4321.501,7.3175048
4322.7281,6.6897335
4323.9553,6.2031374
4325.1828,6.1871284
4326.4104,5.9044517
4327.6382,5.9747149
4328.8661,5.7861534
4330.0942,5.2289633
4331.3225,5.7619682
4332.551,5.8243836
4333.7797,4.9377783
4335.0085,4.1374464
4336.2375,3.8782897
4337.4666,4.1210927
4338.696,3.6187964
4339.9255,3.9792442
4341.1552,4.127926
4342.3851,3.5079792
4343.6151,3.1390117
4344.8453,2.8876901
4346.0757,2.7775438
4347.3063,2.8007296
4348.537,2.5572477
4349.7679,2.8392547
4350.999,3.427143
4352.2303,2.9091478
4353.4617,2.1715435
4354.6933,1.9202126
4355.9251,2.2022139
4357.1571,2.2410767
4358.3892,2.4054286
4359.6215,2.0286029
4360.854,1.7380505
4362.0866,1.847497
4363.3195,1.8392952
4364.5525,2.0114845
4365.7856,2.2385745
4367.019,1.7440948
4368.2525,1.6339276
4369.4862,1.3198377
4370.7201,1.3586878
4371.9541,1.6877329
4373.1884,2.3618748
4374.4228,2.7379763
4375.6573,2.0160375
4376.8921,1.5686073
4378.127,1.866274
4379.3621,1.8345277
4380.5974,2.1321921
4381.8328,1.9671102
4383.0684,1.9902625
4384.3042,1.5036097
4385.5402,1.5267596
4386.7763,1.7381437
4388.0126,1.7926638
4389.2491,2.0040456
4390.4858,1.4467987
4391.7226,1.8150409
4392.9596,1.8695564
4394.1968,1.2574041
4395.4342,1.3276036
4396.6717,1.3585863
4397.9094,1.5934893
4399.1473,1.585254
4400.3853,0.97309587
4401.6236,1.4197601
4402.862,1.1762272
4404.1005,0.69739896
4405.3393,1.3166088
4406.5782,1.4809155
4407.8173,1.1824759
4409.0566,0.90756464
4410.296,0.91500512
4411.5357,0.87538562
4412.7754,0.92203947
4414.0154,0.73339805
4415.2556,0.73299076
4416.4959,0.89728819
4417.7364,1.3360943
4418.977,1.1866639
4420.2179,1.2019382
4421.4589,0.94270163
4422.7001,0.95013053
4423.9415,1.28697
4425.183,1.0591025
4426.4247,0.59593967
4427.6666,0.33669726
4428.9086,0.57157134
4430.1509,0.54762073
4431.3933,0.39033563
4432.6359,0.78206898
4433.8786,0.54635019
4435.1216,0.53023809
4436.3647,0.54549737
4437.6079,0.59997118
4438.8514,0.77993403
4440.095,0.49715063
4441.3388,0.42613077
4442.5828,0.2609921
4443.827,0.2056562
4445.0713,0.46404462
4446.3158,0.12635346
4447.5605,0.42395526
4448.8053,0.16469315
4450.0503,0.05444949
4451.2955,0.13243997
4452.5409,0.2339587
4453.7864,0.15508411
4455.0322,-0.2532034
4456.2781,0.020860872
4457.5241,-0.42664464
4458.7704,-0.62317092
4460.0168,-0.44322777
4461.2634,-0.42014853
4462.5101,-0.34216848
4463.7571,-0.42105234
4465.0042,-0.194055
4466.2515,0.11921569
4467.4989,-0.34006866
4468.7466,0.07907885
4469.9944,0.043324882
4471.2423,0.2193361
4472.4905,0.31691643
4473.7388,0.55567372
4474.9873,0.48854914
4476.236,0.13122896
4477.4849,0.19743867
4478.7339,0.020511618
4479.9831,0.38476152
4481.2325,1.2823452
4482.482,0.63483139
4483.7318,0.23045529
4484.9817,0.68098163
4486.2317,1.1315085
4487.482,1.1271338
4488.7324,0.51883806
4489.983,0.14583692
4491.2338,0.32969901
4492.4847,0.88218903
4493.7358,0.97193444
4494.9871,0.78717053
4496.2386,0.48476005
4497.4902,0.11176181
4498.742,-0.010255555
4499.994,0.12655109
4501.2462,0.14571117
4502.4985,0.68251878
4503.751,0.21540532
4505.0037,0.19535115
4506.2566,0.034121002
4507.5096,-0.040834155
4508.7628,-0.092259417
4510.0162,0.12298247
4511.2698,-0.014716334
4512.5235,0.0044480891
4513.7774,-0.30579877
4515.0315,-0.53761377
4516.2857,0.038414846
4517.5402,-0.075752131
4518.7948,-0.18207549
4520.0496,-0.076633656
4521.3045,-0.0025638894
4522.5596,0.56562401
4523.8149,0.34949866
4525.0704,-0.047018357
4526.326,-0.05137803
4527.5819,-0.30671761
4528.8379,-0.036566515
4530.094,-0.048767875
4531.3504,0.21354105
4532.6069,0.53859556
4533.8636,0.14208192
4535.1205,0.13772563
4536.3775,0.40003649
4537.6347,0.64666156
4538.8921,0.75211064
4540.1497,0.78697197
4541.4074,0.50026515
4542.6653,0.64493137
4543.9234,0.60136278
4545.1817,0.9656378
4546.4401,0.78089371
4547.6987,0.66673833
4548.9575,0.90552461
4550.2164,1.3874486
4551.4756,1.4536869
4552.7349,1.6297295
4553.9944,1.4920471
4555.254,1.7778946
4556.5138,1.7343309
4557.7738,1.8397872
4559.034,1.9060283
4560.2944,2.3957993
4561.5549,2.0071395
4562.8156,1.5792644
4564.0765,2.4690369
4565.3375,2.4803785
4566.5987,2.632897
4567.8601,2.3932592
4569.1217,2.5614649
4570.3834,2.149279
4571.6454,2.442976
4572.9075,3.2621636
4574.1697,2.3480184
4575.4322,2.0377952
4576.6948,2.6452195
4577.9576,2.904932
4579.2205,2.9110501
4580.4837,2.6792602
4581.747,2.4657715
4583.0105,2.3699303
4584.2741,2.4570961
4585.538,2.5181186
4586.802,2.6209717
4588.0661,2.7316684
4589.3305,2.8946531
4590.595,3.2145011
4591.8597,3.4167025
4593.1246,3.3757672
4594.3897,3.7034597
4595.6549,4.0729828
4596.9203,4.4791077
4598.1859,4.401573
4599.4516,4.7371106
4600.7176,5.2739559
4601.9837,5.7428279
4603.2499,6.1149683
4604.5164,6.4505078
4605.783,7.0317995
4607.0498,7.4196276
4608.3168,7.7342536
4609.5839,8.0645664
4610.8512,8.3530495
4612.1187,8.8742129
4613.3864,9.3535467
4614.6542,10.198894
4615.9222,11.352739
4617.1904,12.302662
4618.4588,12.742782
4619.7273,13.010354
4620.996,13.84786
4622.2649,14.808243
4623.534,15.802614
4624.8032,16.765612
4626.0726,17.867173
4627.3422,18.84063
4628.612,19.518662
4629.8819,20.685584
4631.152,21.674728
4632.4223,22.525311
4633.6927,23.666091
4634.9634,25.515367
4636.2342,27.545036
4637.5051,29.292353
4638.7763,30.966468
4640.0476,33.147773
4641.3191,36.280712
4642.5908,39.852867
4643.8626,43.526984
4645.1346,46.142278
4646.4068,48.885676
4647.6792,52.214696
4648.9518,55.182932
4650.2245,57.56032
4651.4974,58.719406
4652.7704,60.383069
4654.0437,62.059804
4655.3171,63.705167
4656.5907,64.456412
4657.8644,63.785436
4659.1384,63.326225
4660.4125,62.778126
4661.6868,61.937217
4662.9612,59.830948
4664.2359,57.669779
4665.5107,55.92691
4666.7857,53.883388
4668.0608,51.507841
4669.3361,49.440791
4670.6116,47.29531
4671.8873,44.687084
4673.1632,41.955983
4674.4392,39.577824
4675.7154,37.727769
4676.9918,35.882944
4678.2683,34.137466
4679.5451,32.018132
4680.822,30.107949
4682.099,28.851361
4683.3763,28.101964
4684.6537,27.368253
4685.9313,26.367875
4687.2091,25.275995
4688.487,24.513528
4689.7651,24.101387
4691.0434,23.660489
4692.3219,22.939853
4693.6005,22.50157
4694.8793,22.340412
4696.1583,22.181869
4697.4375,21.939666
4698.7168,21.906614
4699.9963,21.821274
4701.276,21.688877
4702.5559,21.710728
4703.8359,22.229312
4705.1161,22.56489
4706.3965,22.850795
4707.6771,22.799445
4708.9578,22.920645
4710.2387,22.924199
4711.5198,23.191805
4712.801,23.919543
4714.0825,25.02898
4715.3641,25.958026
4716.6458,26.547203
4717.9278,27.311543
4719.2099,28.588303
4720.4922,29.841533
4721.7747,31.228098
4723.0573,32.33231
4724.3401,33.624758
4725.6231,34.904134
4726.9063,36.005733
4728.1897,37.340012
4729.4732,38.679521
4730.7569,40.403343
4732.0407,41.429127
4733.3248,42.617003
4734.609,43.559128
4735.8934,44.378378
4737.1779,44.201549
4738.4627,43.961976
4739.7476,44.161619
4741.0327,44.308975
4742.3179,43.363521
4743.6034,41.727871
4744.889,40.641242
4746.1747,40.302325
4747.4607,39.228769
4748.7468,37.457173
4750.0331,35.434598
4751.3196,34.222481
4752.6063,32.568534
4753.8931,30.96949
4755.1801,29.529923
4756.4673,28.323036
4757.7546,27.236411
4759.0421,26.521029
4760.3298,26.284079
4761.6177,25.453665
4762.9058,24.435016
4764.194,23.677805
4765.4824,23.315366
4766.7709,22.709791
4768.0597,21.753889
4769.3486,21.245047
4770.6377,21.107446
4771.927,20.969847
4773.2164,20.617868
4774.506,20.391381
4775.7958,20.400188
4777.0858,20.74625
4778.3759,20.569437
4779.6662,20.19916
4780.9567,19.598819
4782.2474,18.901746
4783.5382,18.442582
4784.8292,18.12198
4786.1204,18.26151
4787.4117,18.225877
4788.7033,18.111813
4789.995,17.859187
4791.2869,17.473229
4792.5789,17.215375
4793.8711,16.886934
4795.1635,16.835618
4796.4561,16.575151
4797.7489,16.278084
4799.0418,15.996704
4800.3349,15.702252
4801.6282,15.522833
4802.9216,15.129036
4804.2152,14.740468
4805.509,14.375429
4806.803,14.499281
4808.0971,14.764309
4809.3914,15.110383
4810.6859,15.006785
4811.9806,14.748939
4813.2754,14.587825
4814.5705,14.722137
4815.8656,14.775403
4817.161,14.609062
4818.4565,14.2388
4819.7523,14.080303
4821.0481,14.042068
4822.3442,14.194683
4823.6404,14.203508
4824.9368,14.194033
4826.2334,14.064296
4827.5302,14.130639
4828.8271,14.081949
4830.1242,13.910385
4831.4215,13.976729
4832.7189,13.862681
4834.0166,13.725104
4835.3144,13.362692
4836.6123,13.222502
4837.9105,13.215646
4839.2088,13.036241
4840.5073,13.204549
4841.806,13.432989
4843.1048,13.718945
4844.4038,13.612745
4845.703,13.480401
4847.0024,13.481392
4848.302,13.884997
4849.6017,14.152655
4850.9016,14.182405
4852.2016,13.98209
4853.5019,13.896808
4854.8023,13.889959
4856.1029,13.809907
4857.4036,13.656652
4858.7046,13.526928
4860.0057,13.473021
4861.307,13.557677
4862.6084,13.359981
4863.9101,12.979278
4865.2119,12.661321
4866.5138,12.544671
4867.816,12.279003
4869.1183,11.859086
4870.4208,11.541131
4871.7235,11.712065
4873.0264,11.616333
4874.3294,11.491844
4875.6326,11.079773
4876.936,10.740905
4878.2395,10.490927
4879.5432,10.123302
4880.8471,9.9491412
4882.1512,9.6416479
4883.4555,9.5903642
4884.7599,9.5599961
4886.0645,9.4799552
4887.3692,9.3345553
4888.6742,9.2388292
4889.9793,9.347025
4891.2846,9.259143
4892.5901,9.0693006
4893.8957,8.9134456
4895.2015,8.9092251
4896.5075,8.9834365
4897.8137,8.9609163
4899.12,9.0063704
4900.4265,9.1799296
4901.7332,9.2044697
4903.04,9.268226
4904.3471,9.2274075
4905.6543,9.2022759
4906.9617,9.0150532
4908.2692,8.8252166
4909.577,8.7138119
4910.8849,8.7592704
4912.1929,8.8805464
4913.5012,8.9913653
4914.8096,8.8721194
4916.1182,8.6326125
4917.427,8.5133675
4918.7359,8.46994
4920.0451,8.3977549
4921.3544,8.372629
4922.6638,8.143582
4923.9735,7.9145356
4925.2833,7.6253589
4926.5933,7.6080781
4927.9035,7.682301
4929.2138,7.7486813
4930.5243,7.8699641
4931.835,7.8762146
4933.1459,7.7099166
4934.4569,7.5514623
4935.7681,7.4060803
4937.0795,7.4515484
4938.3911,7.2669517
4939.7028,7.3359503
4941.0147,7.4154068
4942.3268,7.4713344
4943.6391,7.4436024
4944.9515,7.3557401
4946.2641,7.5685319
4947.5769,7.6323046
4948.8898,7.6019602
4950.203,7.4435116
4951.5163,7.2981354
4952.8298,7.4324982
4954.1434,7.3315675
4955.4572,7.1966502
4956.7712,7.0251322
4958.0854,6.9346604
4959.3998,6.8964766
4960.7143,6.7301888
4962.029,6.6841629
4963.3438,6.7923858
4964.6589,6.8117203
4965.9741,6.8467416
4967.2895,6.8451621
4968.6051,6.7991386
4969.9208,6.742658
4971.2367,6.707093
4972.5528,6.6349272
4973.8691,6.7353108
4975.1855,6.5716427
4976.5021,6.6511123
4977.8189,6.5894059
4979.1359,6.6113601
4980.453,6.6202429
4981.7703,6.7415445
4983.0878,6.9935655
4984.4055,7.1200968
4985.7233,7.118524
4987.0413,7.1796969
4988.3595,7.2957721
4989.6779,7.3987759
4990.9964,7.4155057
4992.3151,7.314589
4993.634,7.305176
4994.953,7.3402079
4996.2722,7.3987697
4997.5916,7.3893581
4998.9112,7.0949797
5000.231,7.0646541
5001.5509,7.0735446
5002.871,7.1477951
5004.1913,7.1776017
5005.5117,6.9511995
5006.8323,6.8058436
5008.1531,6.5794425
5009.4741,6.5438915
5010.7952,6.5161841
5012.1165,6.404817
5013.438,6.4424701
5014.7597,6.3337184
5016.0815,6.3007842
5017.4036,6.0796152
5018.7257,6.1486427
5020.0481,6.3065596
5021.3706,6.3154574
5022.6933,6.2772969
5024.0162,6.1711629
5025.3393,5.95784
5026.6625,5.8412495
5027.9859,5.4030909
5029.3095,5.6002268
5030.6333,5.5385398
5031.9572,5.502997
5033.2813,5.3916377
5034.6056,5.2724357
5035.93,5.3806852
5037.2547,5.2640986
5038.5795,5.2390158
5039.9044,5.2714497
5041.2296,5.2019234
5042.5549,5.0905675
5043.8804,4.9609114
5045.2061,4.9332166
5046.5319,5.0519274
5047.8579,5.1732532
5049.1841,5.2605925
5050.5105,5.1779977
5051.837,4.9516124
5053.1638,4.782744
5054.4906,4.6923075
5055.8177,4.7587342
5057.1449,4.8173182
5058.4724,4.7870139
5059.7999,4.8089976
5061.1277,4.7630079
5062.4556,4.808522
5063.7838,4.7756051
5065.112,4.8237346
5066.4405,4.7751324
5067.7691,4.7422171
5069.0979,4.7380604
5070.4269,4.6868453
5071.7561,4.5990294
5073.0854,4.4066389
5074.4149,4.3658828
5075.7446,4.3957154
5077.0744,4.5039799
5078.4045,4.5861011
5079.7347,4.5218175
5081.065,4.4993645
5082.3956,4.4925983
5083.7263,4.4570743
5085.0572,4.3274332
5086.3883,4.2840671
5087.7195,4.2537733
5089.0509,4.2888396
5090.3825,4.1879586
5091.7143,4.2648558
5093.0462,4.2397928
5094.3784,4.2304165
5095.7106,4.0720211
5097.0431,3.9920575
5098.3757,4.1029441
5099.7086,4.1876874
5101.0415,4.1234116
5102.3747,3.9963911
5103.708,4.109894
5105.0416,4.3854889
5106.3752,4.4205614
5107.7091,4.2124972
5109.0431,3.9965902
5110.3773,3.9741479
5111.7117,4.0876537
5113.0463,4.070441
5114.381,4.1604184
5115.7159,4.007259
5117.051,4.0109628
5118.3862,3.8604187
5119.7217,4.0157575
5121.0573,3.9462602
5122.393,3.7721881
5123.729,3.7000774
5125.0651,3.9077057
5126.4014,4.0839619
5127.7379,3.9125062
5129.0745,3.5972601
5130.4113,3.5225374
5131.7483,3.5340897
5133.0855,3.5247274
5134.4228,3.4395486
5135.7604,3.3334553
5137.098,3.2299768
5138.4359,3.1683289
5139.7739,3.1746553
5141.1122,3.3666031
5142.4505,3.4539762
5143.7891,3.5753368
5145.1278,3.5450638
5146.4667,3.3474711
5147.8058,3.2518396
5149.1451,3.2215681
5150.4845,3.3743036
5151.8241,3.3283468
5153.1639,3.1830441
5154.5039,3.2468921
5155.844,3.3238126
5157.1843,3.3562891
5158.5248,3.1587007
5159.8654,2.9820278
5161.2062,3.0615646
5162.5472,3.1986182
5163.8884,3.2938422
5165.2298,3.1590013
5166.5713,3.011089
5167.913,2.9886674
5169.2549,2.9897757
5170.5969,3.0640871
5171.9391,3.0024512
5173.2815,2.9512734
5174.6241,2.8556516
5175.9668,2.7809453
5177.3097,2.8343441
5178.6528,2.926959
5179.9961,3.0012738
5181.3395,3.0180727
5182.6831,2.8623231
5184.0269,2.8582079
5185.3709,2.7965769
5186.715,2.7715477
5188.0593,2.5504405
5189.4038,2.4208371
5190.7485,2.4088812
5192.0933,2.425684
5193.4383,2.4346441
5194.7835,2.3521015
5196.1289,2.3192325
5197.4744,2.3151222
5198.8201,2.2561104
5200.166,2.3330468
5201.512,2.3812255
5202.8582,2.4607772
5204.2046,2.4462118
5205.5512,2.4447188
5206.898,2.4876707
5208.2449,2.4469629
5209.592,2.3095236
5210.9392,2.2374442
5212.2867,2.2542543
5213.6343,2.265836
5214.9821,2.185915
5216.3301,2.0693931
5217.6782,2.0313031
5219.0265,2.0298149
5220.375,2.0963011
5221.7237,2.0712844
5223.0725,2.1011702
5224.4215,2.2277885
5225.7707,2.3282635
5227.1201,2.3895233
5228.4696,2.343594
5229.8193,2.4231554
5231.1692,2.541933
5232.5193,2.4594039
5233.8695,2.4108621
5235.2199,2.273432
5236.5705,2.2248913
5237.9212,2.2077235
5239.2722,2.2010138
5240.6233,2.3459386
5241.9745,2.1875958
5243.326,2.0789268
5244.6776,1.9258138
5246.0294,1.971394
5247.3814,2.2313539
5248.7335,2.2168044
5250.0859,2.1708829
5251.4384,1.9942429
5252.791,2.0607406
5254.1439,2.1795264
5255.4969,2.0996198
5256.8501,2.0798445
5258.2035,2.096671
5259.557,2.1893149
5260.9107,2.2584299
5262.2646,2.0687219
5263.6187,1.9365307
5264.9729,1.8487844
5266.3273,1.8656137
5267.6819,1.9870187
5269.0367,2.037836
5270.3916,2.2089152
5271.7467,2.1159425
5273.102,2.0621861
5274.4574,2.0136588
5275.8131,2.0069622
5277.1689,2.0577823
5278.5249,2.0850735
5279.881,2.2404698
5281.2373,2.4220104
5282.5939,2.4623749
5283.9505,2.2831321
5285.3074,1.981014
5286.6644,2.0030794
5288.0216,2.1793936
5289.379,2.1831593
5290.7365,2.0379058
5292.0942,1.9449404
5293.4521,1.9068775
5294.8102,1.8583575
5296.1685,1.7497073
5297.5269,1.8658942
5298.8855,1.9036502
5300.2442,1.9963086
5301.6032,1.9634773
5302.9623,1.9567903
5304.3216,2.0337639
5305.681,2.068908
5307.0407,2.1301963
5308.4005,2.0476942
5309.7605,2.0200946
5311.1206,2.0317111
5312.481,2.0250275
5313.8415,2.1203051
5315.2022,1.951531
5316.563,1.9004044
5317.9241,1.7682325
5319.2853,1.8242964
5320.6466,1.8803607
5322.0082,1.7847916
5323.3699,1.8591576
5324.7318,1.8498639
5326.0939,1.9765185
5327.4562,2.0613434
5328.8186,2.1383257
5330.1812,2.225766
5331.544,2.3001349
5332.9069,2.3509749
5334.27,2.5220768
5335.6333,2.5520027
5336.9968,2.5531709
5338.3604,2.4340782
5339.7242,2.4613911
5341.0882,2.608966
5342.4524,2.5839924
5343.8167,2.488431
5345.1813,2.3013668
5346.546,2.3888129
5347.9108,2.4344294
5349.2759,2.3153405
5350.6411,2.2250103
5352.0065,2.1503668
5353.372,2.2378154
5354.7377,1.9958526
5356.1037,1.8715374
5357.4697,1.9694449
5358.836,1.9810783
5360.2024,1.7809476
5361.569,1.5599022
5362.9358,1.7022561
5364.3028,1.7818654
5365.6699,1.5948084
5367.0372,1.3371637
5368.4047,1.3278855
5369.7723,1.3865817
5371.1401,1.2727293
5372.5081,1.1431911
5373.8763,1.1469868
5375.2447,1.2449005
5376.6132,1.1990239
5377.9819,1.1505334
5379.3508,1.0236121
5380.7198,1.0091095
5382.089,0.84820211
5383.4584,0.82062858
5384.828,0.85580064
5386.1977,0.79685553
5387.5676,0.800656
5388.9377,0.74955499
5390.308,0.87361786
5391.6784,0.94800802
5393.049,0.88645094
5394.4198,0.92424076
5395.7908,0.79993955
5397.1619,0.70178262
5398.5332,0.60885493
5399.9047,0.56298655
5401.2764,0.67136701
5402.6482,0.65164339
5404.0202,0.59531894
5405.3924,0.51285118
5406.7647,0.4303839
5408.1373,0.53876679
5409.51,0.51381682
5410.8828,0.47579544
5412.2559,0.49006212
5413.6291,0.52001557
5415.0025,0.59441394
5416.3761,0.5171788
5417.7498,0.47915984
5419.1238,0.36793874
5420.4978,0.32207761
5421.8721,0.41739343
5423.2466,0.4787228
5424.6212,0.46423566
5425.996,0.29550065
5427.3709,0.17905369
5428.7461,0.16979676
5430.1214,0.23897169
5431.4969,0.28200331
5432.8725,0.19170208
5434.2484,-0.021474482
5435.6244,-0.069944681
5437.0006,0.0096901796
5438.3769,0.14422748
5439.7535,0.16896135
5441.1302,0.13356498
5442.5071,0.10339785
5443.8841,0.070616827
5445.2614,0.02737877
5446.6388,0.091330738
5448.0163,0.25201522
5449.3941,0.19832109
5450.772,0.092339869
5452.1501,-0.067360037
5453.5284,-0.075424331
5454.9069,-0.044271316
5456.2855,-0.05756112
5457.6643,0.028497104
5459.0432,0.10409944
5460.4224,0.014997511
5461.8017,0.0017142021
5463.1812,-0.095227613
5464.5609,-0.071906366
5465.9407,-0.11655735
5467.3207,-0.11676227
5468.7009,-0.056834841
5470.0813,-0.057036509
5471.4618,-0.101681
5472.8426,-0.073121248
5474.2234,0.075701563
5475.6045,0.13825149
5476.9857,0.23217559
5478.3672,0.23721242
5479.7487,0.23179337
5481.1305,0.1427158
5482.5124,0.030110448
5483.8945,0.12142829
5485.2768,0.15000266
5486.6593,0.11321917
5488.0419,0.039836
5489.4247,-0.062303716
5490.8077,0.021179108
5492.1909,0.11250669
5493.5742,0.28749603
5494.9577,0.28209484
5496.3414,0.16166259
5497.7252,-0.00059809785
5499.1092,-0.02952383
5500.4934,-0.095049246
5501.8778,0.045962911
5503.2623,0.13991787
5504.6471,0.23126007
5506.032,0.16051239
5507.417,0.021792483
5508.8023,0.094838904
5510.1877,0.094684334
5511.5733,0.19910655
5512.9591,0.20679837
5514.345,0.15174671
5515.7311,0.11238295
5517.1174,0.054720162
5518.5039,0.16437926
5519.8905,0.16423606
5521.2773,0.049061801
5522.6643,0.051536227
5524.0515,-0.00088968336
5525.4388,0.051261194
5526.8263,0.087727421
5528.214,0.108509
5529.6018,0.26001115
5530.9899,0.13961951
5532.3781,0.17609223
5533.7664,0.12629207
5535.155,0.31963078
5536.5437,0.46068354
5537.9326,0.38474446
5539.3217,0.42645406
5540.711,0.47077967
5542.1004,0.59615265
5543.49,0.49930503
5544.8798,0.31618453
5546.2697,0.37881728
5547.6598,0.36563467
5549.0501,0.38644061
5550.4406,0.38371876
5551.8312,0.32871095
5553.222,0.43056751
5554.613,0.45137994
5556.0042,0.50618093
5557.3955,0.50085282
5558.7871,0.44062438
5560.1787,0.4745152
5561.5706,0.3646168
5562.9626,0.28870695
5564.3549,0.20756997
5565.7472,0.23885292
5567.1398,0.27798062
5568.5325,0.25959361
5569.9254,0.31179646
5571.3185,0.2934127
5572.7118,0.32208938
5574.1052,0.26710756
5575.4988,0.14676788
5576.8926,0.2303514
5578.2866,0.34008033
5579.6807,0.32693507
5581.075,0.19614438
5582.4695,0.031368379
5583.8641,-0.034059591
5585.2589,0.018161123
5586.6539,0.09914163
5588.0491,0.30822834
5589.4444,0.3003232
5590.84,0.27150466
5592.2357,0.17732827
5593.6315,0.13805546
5595.0276,0.21120257
5596.4238,0.27389379
5597.8202,0.17710952
5599.2167,0.08555562
5600.6135,0.093349754
5602.0104,0.16389061
5603.4075,0.080184724
5604.8048,0.0017092202
5606.2022,-0.0061764241
5607.5998,0.072214066
5608.9976,0.11923363
5610.3955,0.056450898
5611.7937,0.045957371
5613.192,0.069452396
5614.5905,0.090334666
5615.9891,0.11121856
5617.388,0.07197336
5618.787,0.15037684
5620.1861,0.17126561
5621.5855,0.16339783
5622.985,0.13200226
5624.3847,0.045706359
5625.7846,-0.01182975
5627.1846,-0.043220445
5628.5849,-0.03277945
5629.9853,-0.048480622
5631.3858,-0.038036379
5632.7866,0.029925828
5634.1875,0.079589006
5635.5886,0.12141067
5636.9899,0.097874481
5638.3913,0.20505887
5639.7929,0.23904227
5641.1947,0.20243906
5642.5967,0.050804791
5643.9988,0.061263651
5645.4011,0.11093982
5646.8036,0.14231696
5648.2063,-0.058984011
5649.6091,-0.06159055
5651.0121,-0.069424224
5652.4153,-0.0014392793
5653.8187,-0.087701077
5655.2222,-0.087686741
5656.6259,-0.056298231
5658.0298,-0.082424437
5659.4339,-0.077176471
5660.8381,-0.12255506
5662.2425,-0.055513845
5663.6471,-0.1165757
5665.0518,0.013213626
5666.4568,0.067187463
5667.8619,0.30416934
5669.2671,0.29278671
5670.6726,0.15330102
5672.0782,-0.0070982096
5673.484,-0.16226717
5674.89,-0.10305554
5676.2961,-0.1196594
5677.7024,-0.065673518
5679.1089,-0.0404443
5680.5156,-0.10148809
5681.9225,-0.084098994
5683.3295,-0.095466566
5684.7367,-0.051930672
5686.144,-0.0005501349
5687.5516,-0.095573321
5688.9593,-0.075562322
5690.3672,-0.047706679
5691.7752,-0.066908355
5693.1835,-0.012905911
5694.5919,-0.0085751634
5696.0005,0.12864321
5697.4092,0.080241791
5698.8182,-0.017831702
5700.2273,-0.0061001458
5701.6365,-0.057112561
5703.046,-0.032306855
5704.4556,-0.01534316
5705.8654,0.0016216625
5707.2754,0.14669219
5708.6856,0.093071028
5710.0959,0.17539871
5711.5064,0.011975882
5712.9171,-0.049485033
5714.3279,-0.14493175
5715.7389,-0.16456034
5717.1501,-0.095298924
5718.5615,-0.041722651
5719.9731,-0.011674663
5721.3848,0.010531315
5722.7967,0.024895282
5724.2087,0.1359924
5725.621,0.12944359
5727.0334,0.036621399
5728.446,-0.030055877
5729.8588,-0.14117647
5731.2717,0.0018487228
5732.6848,-0.048589264
5734.0981,0.10489519
5735.5116,0.085831499
5736.9252,0.079840575
5738.339,0.055549869
5739.753,-0.086387023
5741.1672,-0.1080616
5742.5815,-0.098362764
5743.996,0.0054545962
5745.4107,0.11450159
5746.8255,0.074529842
5748.2406,0.0084151787
5749.6558,-0.096914298
5751.0711,-0.12381153
5752.4867,-0.095805929
5753.9024,-0.078256971
5755.3183,-0.06332152
5756.7344,-0.15557474
5758.1506,-0.14325192
5759.5671,-0.1596864
5760.9837,-0.016642886
5762.4004,-0.061833791
5763.8174,0.0080088559
5765.2345,-0.0031933762
5766.6518,0.030049709
5768.0693,0.092051836
5769.4869,0.05470843
5770.9047,0.13762734
5772.3227,0.063684368
5773.7409,-0.039015897
5775.1592,-0.031911368
5776.5777,-0.045720999
5777.9964,0.13916305
5779.4153,0.20640092
5780.8343,0.24226711
5782.2535,0.26506227
5783.6729,0.15975374
5785.0925,0.13549182
5786.5122,-0.014259411
5787.9321,-0.067277748
5789.3522,-0.002648154
5790.7725,-0.050435988
5792.1929,0.12138489
5793.6135,0.11281449
5795.0343,0.3369247
5796.4552,0.35449983
5797.8763,0.29103009
5799.2976,0.30860696
5800.7191,0.13010628
5802.1408,0.069253535
5803.5626,-0.033428407
5804.9846,-0.062906862
5806.4068,0.030491372
5807.8291,0.03500159
5809.2516,0.076113988
5810.6743,-0.0082629382
5812.0972,-0.032508273
5813.5202,0.071351841
5814.9434,0.128154
5816.3668,0.13266946
5817.7904,0.097970095
5819.2141,0.071114744
5820.6381,0.19589425
5822.0621,0.12721058
5823.4864,0.13434478
5824.9108,0.078734745
5826.3355,0.16168768
5827.7602,0.19758266
5829.1852,0.21517786
5830.6103,0.17002884
5832.0356,0.19285454
5833.4611,0.1686223
5834.8868,0.19144974
5836.3126,0.30839571
5837.7386,0.36782622
5839.1648,0.36189811
5840.5911,0.30629768
5842.0177,0.25854126
5843.4444,0.3362759
5844.8712,0.26499181
5846.2983,0.22508114
5847.7255,0.14595566
5849.1529,0.16617746
5850.5805,0.1393413
5852.0082,0.16217922
5853.4361,0.20593304
5854.8642,0.34380539
5856.2925,0.42677665
5857.7209,0.30582721
5859.1496,0.30775445
5860.5784,0.19203552
5862.0073,0.31161157
5863.4365,0.26909699
5864.8658,0.24749832
5866.2953,0.23374366
5867.7249,0.15985915
5869.1548,0.14610623
5870.5848,0.038236542
5872.015,-0.027802212
5873.4453,0.097009579
5874.8758,0.16692028
5876.3065,0.34925016
5877.7374,0.28060052
5879.1685,0.26946809
5880.5997,0.30800973
5882.0311,0.3021078
5883.4627,0.33280806
5884.8944,0.2484765
5886.3264,0.22689092
5887.7585,0.10334542
5889.1908,0.0033302078
5890.6232,-0.04439655
5892.0558,0.096112859
5893.4886,0.13466236
5894.9216,0.22811469
5896.3547,0.16209077
5897.7881,0.11175399
5899.2215,0.037888678
5900.6552,0.076442538
5902.0891,0.10192537
5903.5231,0.043748953
5904.9573,0.02740347
5906.3916,0.047660166
5907.8262,0.12804845
5909.2609,0.025431078
5910.6958,-0.017054706
5912.1308,-0.033395827
5913.5661,-0.09418052
5915.0015,-0.17326499
5916.4371,-0.23404794
5917.8728,-0.1588823
5919.3088,-0.03927135
5920.7449,-0.055607236
5922.1811,-0.077171007
5923.6176,-0.16932214
5925.0542,-0.11768155
5926.491,-0.060811335
5927.928,-0.011783381
5929.3652,0.071232374
5930.8025,-0.0052281231
5932.24,-0.07384461
5933.6777,-0.20259094
5935.1155,-0.16663052
5936.5535,-0.12021171
5937.9917,-0.026733207
5939.4301,0.030144864
5940.8686,0.10532446
5942.3074,-0.028645395
5943.7463,-0.078954248
5945.1853,-0.088153844
5946.6246,-0.073823243
5948.064,-0.0072042749
5949.5036,0.020199792
5950.9433,0.1155785
5952.3833,0.19004296
5953.8234,0.14163239
5955.2637,0.16119646
5956.7041,0.052656741
5958.1448,0.014706041
5959.5856,0.018586193
5961.0266,-0.032434832
5962.4677,0.042035125
5963.9091,0.027616979
5965.3506,0.075944715
5966.7922,0.024926831
5968.2341,-0.0051752344
5969.6761,-0.014361482
5971.1183,-0.013089429
5972.5607,-0.006587832
5974.0033,0.096646576
5975.446,0.13190791
5976.8889,0.16455566
5978.332,0.032498303
5979.7752,0.02593193
5981.2186,0.063810787
5982.6622,0.038945331
5984.106,-0.064350713
5985.5499,-0.086600219
5986.9941,0.027098772
5988.4384,0.24014495
5989.8828,0.33554486
5991.3275,0.33944229
5992.7723,0.20739278
5994.2173,0.03612838
5995.6624,0.045256919
5997.1078,-0.0031300973
5998.5533,-0.0070718838
5999.999,0.041274697
6001.4448,0.087007683
6002.8909,0.21640159
6004.3371,0.22030608
6005.7835,0.16930939
6007.23,0.11308474
6008.6768,0.0045732817
6010.1237,0.12874235
6011.5707,0.082977566
6013.018,0.034599187
6014.4654,0.014979763
6015.913,0.076406875
6017.3608,0.11953412
6018.8088,0.11037457
6020.2569,0.062000114
6021.7052,0.13650226
6023.1537,0.1351882
6024.6023,0.11557427
6026.0511,0.1377912
6027.5001,0.19399583
6028.9493,0.2319006
6030.3986,0.11032903
6031.8482,0.1194772
6033.2979,0.26195948
6034.7477,0.28418112
6036.1978,0.17045582
6037.648,0.077646346
6039.0984,0.044968375
6040.5489,0.038434979
6041.9997,-0.12757476
6043.4506,-0.12103469
6044.9017,-0.056977491
6046.3529,0.072439966
6047.8044,0.13126997
6049.256,0.075068086
6050.7078,0.05808267
6052.1597,0.03848366
6053.6119,-0.087696361
6055.0642,-0.13805884
6056.5166,-0.20672144
6057.9693,-0.081919432
6059.4221,-0.027705118
6060.8751,-0.057150391
6062.3283,-0.094438257
6063.7817,-0.15264061
6065.2352,-0.0016920927
6066.6889,0.015923636
6068.1428,0.0073961183
6069.5968,-0.016817129
6071.051,0.00864337
6072.5054,0.089006375
6073.96,0.10401045
6075.4147,0.061498723
6076.8697,0.081732642
6078.3248,0.0026207003
6079.78,0.038541983
6081.2355,-0.0118107
6082.6911,-0.033404669
6084.1469,-0.083756263
6085.6028,-0.029532149
6087.059,0.08220885
6088.5153,0.13904843
6089.9718,0.12268594
6091.4284,0.1690691
6092.8853,0.18146587
6094.3423,0.12850371
6095.7995,-0.0055036619
6097.2568,-0.066307872
6098.7143,0.024522449
6100.1721,0.057836975
6101.6299,0.12513897
6103.088,0.087866353
6104.5462,0.16562696
6106.0046,0.21462993
6107.4632,0.16690143
6108.9219,0.090415302
6110.3809,0.040073509
6111.84,0.07339239
6113.2992,0.26880332
6114.7587,0.30996643
6116.2183,0.36681635
6117.6781,0.27987598
6119.1381,0.077903462
6120.5982,0.08246744
6122.0585,0.013829348
6123.519,0.096825788
6124.9797,0.01511689
6126.4405,0.006611151
6127.9016,0.16542622
6129.3628,0.26933987
6130.8241,0.24776387
6132.2857,0.074554423
6133.7474,0.013763825
6135.2093,-0.023496818
6136.6713,0.10133459
6138.1336,0.23923843
6139.596,0.25426701
6141.0585,0.19870789
6142.5213,0.017659118
6143.9842,0.056218736
6145.4473,0.081707002
6146.9106,0.15686902
6148.3741,0.2660185
6149.8377,0.33072409
6151.3015,0.35098578
6152.7655,0.21961402
6154.2296,0.19020359
6155.694,0.12157802
6157.1585,0.1784432
6158.6231,0.23530891
6160.088,0.23988759
6161.553,0.18956485
6163.0182,0.14185704
6164.4836,0.10983604
6165.9491,0.062129319
6167.4148,0.10331203
6168.8807,0.16018156
6170.3468,0.20659411
6171.813,0.098758844
6173.2794,0.10072804
6174.746,0.17851478
6176.2128,0.23538703
6177.6797,0.21382845
6179.1469,0.1818129
6180.6141,0.13411162
6182.0816,0.12824095
6183.5492,0.08315514
6185.017,0.12434438
6186.485,0.23089364
6187.9532,0.27469835
6189.4215,0.26360165
6190.89,0.17668849
6192.3587,0.09500464
6193.8276,0.14142591
6195.2966,0.1773902
6196.7658,0.32054458
6198.2352,0.3277518
6199.7047,0.26437132
6201.1744,0.11471688
6202.6443,0.001664288
6204.1144,0.12390636
6205.5847,0.23830584
6207.0551,0.33179083
6208.5257,0.27364238
6209.9964,0.22333761
6211.4674,0.25669351
6212.9385,0.30050748
6214.4098,0.27373375
6215.8813,0.17114358
6217.3529,0.12084153
6218.8247,0.16204329
6220.2967,0.17971619
6221.7689,0.13725891
6223.2412,0.1549329
6224.7137,0.18567933
6226.1864,0.17459623
6227.6593,0.11906924
6229.1323,0.10275847
6230.6055,0.12304956
6232.0789,0.20608629
6233.5525,0.24990788
6235.0262,0.23882805
6236.5001,0.15193177
6237.9742,0.13562428
6239.4484,0.15853301
6240.9229,0.14745536
6242.3975,0.1180776
6243.8722,0.14360235
6245.3472,0.23187273
6246.8223,0.19726785
6248.2976,0.15482037
6249.7731,0.10975906
6251.2487,0.15881594
6252.7246,0.21833088
6254.2006,0.20725813
6255.6767,0.18834279
6257.1531,0.077924722
6258.6296,0.13744184
6260.1063,0.12114251
6261.5831,0.14144503
6263.0602,0.24540823
6264.5374,0.30492752
6266.0148,0.33046044
6267.4924,0.19390239
6268.9701,0.15930567
6270.448,0.26588597
6271.9261,0.22344721
6273.4044,0.24636846
6274.8828,0.16994386
6276.3614,0.2059381
6277.8402,0.19487406
6279.3191,0.21518311
6280.7983,0.28255154
6282.2776,0.28456103
6283.7571,0.1819959
6285.2367,0.15524831
6286.7165,0.12065812
6288.1965,0.059924693
6289.6767,-0.011265709
6291.1571,0.053492146
6292.6376,0.14700872
6294.1183,0.075819947
6295.5992,0.056919304
6297.0802,0.069391755
6298.5614,0.10539416
6300.0428,0.091723912
6301.5244,0.1407993
6303.0061,0.20033276
6304.4881,0.25202362
6305.9701,0.27495685
6307.4524,0.34233507
6308.9349,0.2397792
6310.4175,0.220884
6311.9003,0.26212007
6313.3832,0.32165733
6314.8664,0.25831932
6316.3497,0.14269428
6317.8332,0.24667762
6319.3168,0.30883144
6320.8007,0.24288123
6322.2847,0.093271432
6323.7688,-0.064180958
6325.2532,0.076406413
6326.7377,0.11764792
6328.2224,0.17980501
6329.7073,0.14261624
6331.1924,0.11327115
6332.6776,0.22248869
6334.163,0.12517083
6335.6486,0.04615417
6337.1343,0.027268773
6338.6203,-0.041289283
6340.1064,0.067930984
6341.5926,0.056890357
6343.0791,0.079837203
6344.5657,0.019124462
6346.0525,-0.083417799
6347.5395,-0.081384353
6349.0266,-0.0087621268
6350.5139,-0.035485761
6352.0014,0.052823828
6353.4891,0.026101282
6354.9769,0.093496928
6356.4649,0.1007624
6357.9531,0.013910768
6359.4415,0.023791708
6360.93,-0.031686286
6362.4187,0.0069539127
6363.9076,-0.017150443
6365.3967,0.018876465
6366.8859,0.086276467
6368.3753,0.090931915
6369.8649,0.090359149
6371.3547,0.063643137
6372.8446,0.03431329
6374.3347,0.054657191
6375.825,-0.0060441163
6377.3154,-0.0013854016
6378.8061,-0.14313137
6380.2969,-0.1097134
6381.7878,-0.021392919
6383.279,0.14797386
6384.7703,0.17185833
6386.2618,0.096396432
6387.7535,-0.0052092117
6389.2453,-0.072827886
6390.7374,-0.12476024
6392.2296,-0.14009125
6393.7219,-0.13973595
6395.2145,-0.10016491
6396.7072,-0.065822594
6398.2001,-0.11252599
6399.6931,-0.10955613
6401.1864,-0.038612385
6402.6798,-0.0016555223
6404.1734,0.056216415
6405.6671,-0.037545594
6407.1611,0.056927733
6408.6552,0.038982801
6410.1495,0.052410459
6411.6439,-0.0099788344
6413.1386,0.019135181
6414.6334,0.037791722
6416.1284,-0.0062967934
6417.6235,-0.092215333
6419.1189,-0.16244756
6420.6144,-0.12810458
6422.11,-0.07049216
6423.6059,-0.02595163
6425.1019,0.00028825821
6426.5981,-0.0074587706
6428.0945,0.050153689
6429.591,0.055478578
6431.0878,0.060803478
6432.5847,0.029527082
6434.0817,0.058381417
6435.579,0.0088043896
6437.0764,0.037658746
6438.574,-0.040676428
6440.0718,-0.0013645329
6441.5697,0.032718616
6443.0678,0.098174324
6444.5661,0.098270567
6446.0646,-0.074182199
6447.5632,-0.17604672
6449.0621,-0.17856482
6450.561,-0.021605788
6452.0602,0.043849988
6453.5595,-0.00049814701
6455.0591,-0.10759137
6456.5587,-0.13363883
6458.0586,-0.049882353
6459.5586,0.057392698
6461.0588,0.023491288
6462.5592,0.026191195
6464.0598,0.0001329427
6465.5605,0.11786555
6467.0614,0.089192938
6468.5625,0.029147787
6470.0637,-0.023054217
6471.5652,-0.093556865
6473.0668,-0.030726169
6474.5686,0.073934602
6476.0705,0.19951042
6477.5726,0.22312546
6479.0749,0.13955096
6480.5774,0.13179347
6482.08,0.11619285
6483.5829,0.066605319
6485.0859,-0.019583513
6486.589,-0.050870375
6488.0924,0.038104211
6489.5959,0.12707881
6491.0996,0.027818118
6492.6034,-0.060985044
6494.1075,-0.21253329
6495.6117,-0.18368938
6497.1161,-0.11824414
6498.6207,-0.11292962
6500.1254,0.010031974
6501.6303,-0.0081828928
6503.1354,0.16183754
6504.6406,0.17499525
6506.1461,0.14109413
6507.6517,0.065362966
6509.1575,0.028847495
6510.6634,0.057691511
6512.1696,-0.012810868
6513.6759,-0.096385133
6515.1823,-0.1538156
6516.689,-0.15634409
6518.1958,-0.075212443
6519.7028,-0.01238144
6521.21,0.0033907501
6522.7173,0.042692362
6524.2249,0.06369333
6525.7326,0.12652437
6527.2404,0.10830967
6528.7485,0.037807405
6530.2567,0.014363968
6531.7651,-0.13456966
6533.2737,-0.15278431
6534.7824,-0.15412771
6536.2913,-0.077039891
6537.8004,0.020962806
6539.3097,-0.0065248472
6540.8191,0.11762133
6542.3287,0.077061472
6543.8385,-0.034086778
6545.3485,-0.03804564
6546.8586,0.018126062
6548.3689,0.18933029
6549.8794,0.10432521
6551.3901,-0.040810744
6552.9009,-0.02124097
6554.4119,0.10813257
6555.9231,0.16168896
6557.4345,0.14988572
6558.946,-0.0057085232
6560.4577,0.076605573
6561.9696,0.049115593
6563.4816,0.058226765
6564.9939,0.067337782
6566.5063,0.016317925
6568.0188,0.082944972
6569.5316,0.089441144
6571.0445,0.18744043
6572.5576,0.2932827
6574.0709,0.33637971
6575.5843,0.33503213
6577.098,0.15329223
6578.6117,0.065669824
6580.1257,0.032949225
6581.6399,0.068202327
6583.1542,0.10868403
6584.6687,0.23544009
6586.1833,0.3491241
6587.6982,0.28764455
6589.2132,0.16603414
6590.7284,0.21174382
6592.2437,0.26791087
6593.7593,0.24826077
6595.275,0.15802228
6596.7909,0.12529998
6598.3069,0.15793699
6599.8232,0.21410327
6601.3396,0.32517134
6602.8562,0.40486672
6604.3729,0.42181684
6605.8898,0.37863609
6607.4069,0.32499766
6608.9242,0.23475778
6610.4417,0.31706676
6611.9593,0.34970238
6613.4771,0.44246856
6614.9951,0.3836006
6616.5132,0.43453641
6618.0316,0.52991651
6619.5501,0.63575397
6621.0687,0.63701611
6622.5876,0.53108856
6624.1066,0.43561836
6625.6258,0.51269703
6627.1452,0.51134417
6628.6647,0.67731142
6630.1844,0.68380139
6631.7043,0.63538924
6633.2244,0.61573511
6634.7446,0.59608082
6636.265,0.69145906
6637.7856,0.6665757
6639.3064,0.75149611
6640.8273,0.9828216
6642.3484,1.0520554
6643.8697,0.99057014
6645.3912,0.85326771
6646.9128,0.90681479
6648.4346,1.1093813
6649.9566,1.272732
6651.4787,1.3498081
6653.0011,1.4425702
6654.5236,1.5301035
6656.0463,1.6568522
6657.5691,1.7496139
6659.0921,2.0175388
6660.6153,2.3377512
6662.1387,2.5821464
6663.6623,2.6592212
6665.186,2.7545965
6666.7099,3.0199063
6668.234,3.1884839
6669.7582,3.417192
6671.2826,3.6066843
6672.8072,3.7621896
6674.332,3.9673678
6675.8569,3.9973826
6677.382,4.2051749
6678.9073,4.3240782
6680.4328,4.4246807
6681.9584,4.6272439
6683.4843,4.858565
6685.0102,5.0977291
6686.5364,5.2140173
6688.0627,5.1943576
6689.5893,5.3420179
6691.1159,5.3955605
6692.6428,5.4595605
6694.1698,5.3980701
6695.697,5.4359259
6697.2244,5.3090757
6698.752,5.2684999
6700.2797,5.1677932
6701.8076,5.1690471
6703.3357,5.2278172
6704.8639,5.2003127
6706.3924,4.9950302
6707.921,4.8289632
6709.4497,4.9060333
6710.9787,5.0092471
6712.5078,5.0497156
6714.0371,4.9202494
6715.5666,4.735881
6717.0962,4.5358262
6718.6261,4.2939411
6720.156,4.2847357
6721.6862,4.1892555
6723.2166,4.0885465
6724.7471,3.9643079
6726.2778,3.9498731
6727.8086,3.9354381
6729.3397,3.714467
6730.8709,3.5117964
6732.4023,3.5208903
6733.9338,3.673775
6735.4656,3.7116268
6736.9975,3.51157
6738.5296,3.2487679
6740.0618,2.9284493
6741.5943,2.6682613
6743.1269,2.5100339
6744.6596,2.4537671
6746.1926,2.3975002
6747.7257,2.485024
6749.259,2.52026
6750.7925,2.4509208
6752.3262,2.3972676
6753.86,2.327928
6755.394,2.2507451
6756.9282,2.1631046
6758.4625,1.9525881
6759.997,2.0218099
6761.5317,1.9890709
6763.0666,2.0504493
6764.6017,1.941893
6766.1369,1.8516371
6767.6723,1.8973288
6769.2078,1.8201445
6770.7436,1.7952477
6772.2795,1.6657755
6773.8156,1.7088522
6775.3519,1.6368961
6776.8883,1.7793188
6778.4249,1.8459245
6779.9617,1.8733143
6781.4987,1.7307693
6783.0358,1.6588124
6784.5731,1.75679
6786.1106,1.8495386
6787.6482,1.900457
6789.1861,1.9409178
6790.7241,1.9212477
6792.2623,1.8989631
6793.8006,1.8296194
6795.3392,1.741975
6796.8779,1.6621736
6798.4167,1.6686465
6799.9558,1.7457075
6801.495,1.7129644
6803.0344,1.6671492
6804.574,1.7128372
6806.1137,1.834342
6807.6537,1.764997
6809.1938,1.7296388
6810.734,1.7204242
6812.2745,1.8210133
6813.8151,1.960818
6815.3559,2.0509493
6816.8969,2.1907537
6818.438,2.0926494
6819.9793,2.070362
6821.5208,1.9879437
6823.0625,2.1695775
6824.6043,2.4793158
6826.1463,2.6400343
6827.6885,2.651733
6829.2309,2.5457845
6830.7734,2.489509
6832.3161,2.4358478
6833.859,2.3508139
6835.4021,2.4435576
6836.9453,2.4813992
6838.4887,2.5610706
6840.0323,2.6302845
6841.576,2.6445962
6843.12,2.6824371
6844.6641,2.7464217
6846.2083,3.0169421
6847.7528,3.1776584
6849.2974,3.1422961
6850.8422,3.1095481
6852.3872,3.1656888
6853.9323,3.4257509
6855.4777,3.5995383
6857.0232,3.8256132
6858.5688,3.9314264
6860.1147,4.1052134
6861.6607,4.1561244
6863.2069,4.3665123
6864.7533,4.6422596
6866.2998,5.1454577
6867.8465,5.5414661
6869.3934,5.9923764
6870.9405,6.3831557
6872.4877,6.8419087
6874.0351,7.0261518
6875.5827,7.3646431
6877.1305,7.8103238
6878.6784,8.4494684
6880.2265,8.8768481
6881.7748,8.919914
6883.3233,9.0466398
6884.8719,9.1106203
6886.4207,9.6268883
6887.9697,9.9313914
6889.5188,10.222823
6891.0682,10.200528
6892.6177,10.018756
6894.1674,10.179468
6895.7172,10.334951
6897.2672,10.704812
6898.8174,10.794935
6900.3678,10.728195
6901.9184,10.577795
6903.4691,10.343734
6905.02,10.337125
6906.571,10.306986
6908.1223,10.062467
6909.6737,9.6637
6911.2253,9.4557825
6912.7771,9.407342
6914.329,9.2856987
6915.8811,9.1457546
6917.4334,8.9796665
6918.9859,8.8893953
6920.5385,8.7337644
6922.0913,8.9232315
6923.6443,8.8878618
6925.1975,8.6093546
6926.7508,8.0511088
6928.3043,7.7124706
6929.858,7.6326558
6931.4119,7.5528409
6932.9659,7.4965552
6934.5201,7.1605308
6936.0745,7.0493428
6937.6291,7.0348868
6939.1838,6.934156
6940.7387,6.653033
6942.2938,6.3614522
6943.849,6.2947079
6945.4044,6.217506
6946.96,5.9076241
6948.5158,5.762448
6950.0718,5.3532194
6951.6279,5.1714417
6953.1842,4.8850886
6954.7407,4.8418727
6956.2973,4.8927742
6957.8541,4.7685122
6959.4111,4.7096095
6960.9683,4.4284844
6962.5256,4.3120651
6964.0831,4.1747305
6965.6408,4.1367422
6967.1987,4.0778388
6968.7567,3.9222031
6970.3149,3.729966
6971.8733,3.5664869
6973.4319,3.5232691
6974.9906,3.5715544
6976.5495,3.5440225
6978.1086,3.451131
6979.6679,3.3425531
6981.2273,3.3542365
6982.7869,3.4129785
6984.3467,3.3279295
6985.9067,3.2585667
6987.4668,3.0584847
6989.0271,2.9655921
6990.5876,2.8256406
6992.1482,2.7771921
6993.709,2.8803775
6995.27,2.9182033
6996.8312,2.9508001
6998.3926,2.8134622
6999.9541,2.7022679
7001.5158,2.7087205
7003.0777,2.6236696
7004.6397,2.7242395
7006.2019,2.7254629
7007.7643,2.7815881
7009.3269,2.7383667
7010.8896,2.6559295
7012.4525,2.6336228
7014.0156,2.5250415
7015.5789,2.4713619
7017.1423,2.477813
7018.7059,2.4764207
7020.2697,2.5090152
7021.8337,2.5755965
7023.3978,2.6735502
7024.9621,2.7139874
7026.5266,2.5295879
7028.0913,2.4915934
7029.6561,2.5215726
7031.2211,2.6169111
7032.7863,2.625975
7034.3517,2.444189
7035.9172,2.5473702
7037.4829,2.5878062
7039.0488,2.7197452
7040.6148,2.7627952
7042.181,2.7143418
7043.7474,2.6789602
7045.314,2.5756045
7046.8808,2.5219219
7048.4477,2.5728143
7050.0148,2.5871052
7051.582,2.6066247
7053.1495,2.529412
7054.7171,2.5986045
7056.2849,2.6128948
7057.8529,2.6324137
7059.421,2.5238278
7060.9893,2.4413856
7062.5578,2.4216884
7064.1265,2.271272
7065.6953,2.2541888
7067.2643,2.2318767
7068.8335,2.0840743
7070.4029,2.0591475
7071.9724,2.0472925
7073.5421,2.2498164
7075.112,2.2484185
7076.6821,2.1633604
7078.2523,2.0364721
7079.8227,2.029845
7081.3933,1.9787733
7082.964,1.9982898
7084.535,1.9655184
7086.1061,2.0896097
7087.6774,2.2189296
7089.2488,2.1887722
7090.8204,2.1638434
7092.3922,2.1781301
7093.9642,2.2394755
7095.5364,2.1962456
7097.1087,2.0798129
7098.6812,2.0391971
7100.2538,1.9802804
7101.8267,2.0128669
7103.3997,1.9853224
7104.9729,1.889804
7106.5463,1.9302331
7108.1198,1.9732765
7109.6935,2.0790648
7111.2674,2.0410621
7112.8415,1.8671115
7114.4157,1.9310692
7115.9901,1.9924125
7117.5647,2.1400301
7119.1395,2.1804579
7120.7144,2.0587942
7122.2895,2.16981
7123.8648,2.1893224
7125.4403,2.1853052
7127.0159,2.0845558
7128.5917,2.1615841
7130.1677,2.3196579
7131.7438,2.2842676
7133.3202,2.1024719
7134.8967,2.1664276
7136.4733,2.3375727
7138.0502,2.4433582
7139.6272,2.4053527
7141.2044,2.3568896
7142.7818,2.2195374
7144.3593,2.1109431
7145.9371,2.1043096
7147.515,2.2440811
7149.093,2.284506
7150.6713,2.2674145
7152.2497,2.1954208
7153.8283,2.1051263
7155.407,2.203067
7156.986,2.3036218
7158.5651,2.4643073
7160.1444,2.4053847
7161.7239,2.2811025
7163.3035,2.182964
7164.8833,2.1344985
7166.4633,2.135706
7168.0435,2.1761291
7169.6238,2.2217808
7171.2043,2.2831186
7172.785,2.2790968
7174.3658,2.2541597
7175.9469,2.3128827
7177.5281,2.2931741
7179.1095,2.3205242
7180.691,2.3217304
7182.2727,2.3177076
7183.8546,2.3842729
7185.4367,2.4273087
7187.019,2.5200175
7188.6014,2.5630529
7190.184,2.5799444
7191.7668,2.5105612
7193.3497,2.3575178
7194.9328,2.3874807
7196.5161,2.4645023
7198.0996,2.4421773
7199.6833,2.4172378
7201.2671,2.4262851
7202.8511,2.5974237
7204.4352,2.7267321
7206.0196,2.7593083
7207.6041,2.8154138
7209.1888,2.7460289
7210.7736,2.760304
7212.3587,2.6909189
7213.9439,2.6450629
7215.5293,2.8109715
7217.1148,2.8409323
7218.7006,2.9362524
7220.2865,2.9139252
7221.8726,2.9360424
7223.4588,2.8927999
7225.0453,2.8678579
7226.6319,2.8063145
7228.2186,2.8049016
7229.8056,2.772116
7231.3927,2.8909643
7232.98,2.8294202
7234.5675,2.7731047
7236.1551,2.7455473
7237.743,2.775506
7239.331,2.7950071
7240.9191,2.7230047
7242.5075,2.6640741
7244.096,2.4874963
7245.6847,2.4285653
7247.2736,2.5108107
7248.8626,2.6636442
7250.4518,2.7668043
7252.0412,2.7863041
7253.6308,2.7090718
7255.2205,2.5717085
7256.8105,2.5180053
7258.4005,2.5558051
7259.9908,2.6458924
7261.5813,2.5425155
7263.1719,2.4417528
7264.7626,2.4011207
7266.3536,2.4415341
7267.9447,2.4793331
7269.5361,2.4282429
7271.1275,2.3640808
7272.7192,2.3129903
7274.311,2.2252985
7275.903,2.2787829
7277.4952,2.3714828
7279.0876,2.4589539
7280.6801,2.3398888
7282.2728,2.32017
7283.8657,2.2429347
7285.4587,2.2493594
7287.0519,2.1302937
7288.6453,2.2282213
7290.2389,2.3287632
7291.8327,2.3979323
7293.4266,2.4566438
7295.0207,2.4160087
7296.615,2.5008637
7298.2094,2.5177446
7299.804,2.4509653
7301.3988,2.3318982
7302.9938,2.3226349
7304.5889,2.4127179
7306.1842,2.4792712
7307.7797,2.4281774
7309.3754,2.5522468
7310.9712,2.4096494
7312.5672,2.3559407
7314.1634,2.3597482
7315.7598,2.5151895
7317.3563,2.5006961
7318.953,2.4182286
7320.5499,2.4063492
7322.147,2.5330317
7323.7442,2.6283416
7325.3416,2.762867
7326.9392,2.8111177
7328.5369,2.6711329
7330.1349,2.6932395
7331.733,2.6133852
7333.3312,2.6930078
7334.9297,2.639297
7336.5283,2.6718605
7338.1271,2.6181493
7339.7261,2.5461373
7341.3252,2.7617069
7342.9246,2.7785835
7344.524,2.7745449
7346.1237,2.514297
7347.7236,2.5494738
7349.3236,2.5114478
7350.9238,2.434206
7352.5241,2.2968333
7354.1247,2.2091337
7355.7254,2.1449633
7357.3263,2.0572633
7358.9273,2.1002822
7360.5286,2.1171571
7362.13,2.1261887
7363.7316,1.9809718
7365.3333,1.8409835
7366.9353,1.8055702
7368.5374,1.7596992
7370.1397,1.7164424
7371.7421,1.7333163
7373.3448,1.6377716
7374.9476,1.5500699
7376.5505,1.4414531
7378.1537,1.5158426
7379.757,1.6059183
7381.3605,1.4580853
7382.9642,1.2971802
7384.5681,1.2251639
7386.1721,1.2551082
7387.7763,1.303353
7389.3806,1.2993101
7390.9852,1.2978814
7392.5899,1.1944918
7394.1948,1.0884876
7395.7999,1.0295421
7397.4051,1.0281128
7399.0105,1.031912
7400.6161,1.0409399
7402.2219,1.0212095
7403.8278,0.94657693
7405.434,1.0183494
7407.0402,1.0116904
7408.6467,1.0050313
7410.2533,0.83889483
7411.8602,0.83223535
7413.4671,0.94583716
7415.0743,1.0672819
7416.6816,1.1939553
7418.2891,1.1402364
7419.8968,1.0734454
7421.5047,0.9465236
7423.1127,0.90326173
7424.7209,0.81294088
7426.3293,0.74876367
7427.9379,0.77870395
7429.5466,0.93936303
7431.1555,0.94315921
7432.7646,0.79793562
7434.3738,0.69192757
7435.9832,0.7689259
7437.5928,0.86422473
7439.2026,0.89154954
7440.8126,0.85351472
7442.4227,0.9095974
7444.033,0.94476489
7445.6434,0.88058581
7447.2541,0.87130854
7448.8649,0.87510302
7450.4759,1.0043875
7452.0871,1.0343255
7453.6984,1.0224332
7455.3099,0.97655387
7456.9216,0.91237371
7458.5335,0.97106921
7460.1455,0.88335933
7461.7577,0.85316563
7463.3701,0.76806982
7464.9827,0.81630719
7466.5954,0.87238754
7468.2083,0.97291217
7469.8214,1.0734367
7471.4346,1.1399741
7473.0481,1.1280799
7474.6617,1.0508262
7476.2755,1.0389317
7477.8894,0.98782145
7479.5035,0.95762605
7481.1178,0.87775729
7482.7323,0.76128706
7484.347,0.69187551
7485.9618,0.69566642
7487.5768,0.8458624
7489.192,0.95422815
7490.8073,0.98677676
7492.4228,0.88076313
7494.0385,0.85318071
7495.6544,0.83605565
7497.2704,0.77710037
7498.8867,0.74428873
7500.503,0.65657497
7502.1196,0.64206367
7503.7364,0.64585287
7505.3533,0.66271381
7506.9704,0.71879028
7508.5876,0.66506268
7510.2051,0.60349178
7511.8227,0.58897955
7513.4405,0.71825801
7515.0584,0.84492194
7516.6765,0.81472297
7518.2949,0.66949117
7519.9133,0.55563176
7521.532,0.52543233
7523.1508,0.51353339
7524.7698,0.46764737
7526.389,0.50542133
7528.0084,0.6216265
7529.6279,0.61757008
7531.2476,0.48540893
7532.8675,0.29573129
7534.4875,0.34657636
7536.1077,0.42356507
7537.7281,0.44565167
7539.3487,0.47035249
7540.9695,0.43492243
7542.5904,0.40994974
7544.2115,0.36929062
7545.8327,0.43843526
7547.4542,0.56509609
7549.0758,0.55842343
7550.6976,0.4916199
7552.3196,0.41958745
7553.9417,0.43644374
7555.564,0.43238484
7557.1865,0.47799898
7558.8092,0.47132539
7560.432,0.44896537
7562.055,0.4266052
7563.6782,0.40947363
7565.3016,0.56489092
7566.9251,0.67847799
7568.5488,0.65350282
7570.1727,0.56055363
7571.7967,0.51727749
7573.421,0.53936068
7575.0454,0.59281625
7576.6699,0.50248083
7578.2947,0.57162237
7579.9196,0.56233238
7581.5447,0.53735597
7583.17,0.33983038
7584.7955,0.34361182
7586.4211,0.45196827
7588.0469,0.57862523
7589.6729,0.67129509
7591.299,0.69860533
7592.9253,0.69977162
7594.5518,0.5571469
7596.1785,0.50341092
7597.8053,0.48627609
7599.4323,0.49789928
7601.0595,0.40494715
7602.6869,0.47408636
7604.3144,0.47263719
7605.9422,0.62543622
7607.57,0.63705863
7609.1981,0.63560899
7610.8263,0.68906116
7612.4548,0.71898376
7614.0833,0.76720685
7615.7121,0.71085463
7617.341,0.73816239
7618.9701,0.7759275
7620.5994,0.91826763
7622.2289,0.90635923
7623.8585,0.91536571
7625.4883,0.84594066
7627.1183,0.81834552
7628.7484,0.76722082
7630.3788,0.68210903
7632.0093,0.78523239
7633.6399,0.95632944
7635.2708,1.0123937
7636.9018,0.95603942
7638.533,0.86831248
7640.1644,0.87993179
7641.7959,0.87325028
7643.4277,0.82212418
7645.0596,0.7866842
7646.6916,0.88719178
7648.3239,0.95632665
7649.9563,1.0254614
7651.5889,0.88021685
7653.2216,0.8813774
7654.8546,0.82502146
7656.4877,0.77912287
7658.121,0.77243982
7659.7544,0.64810956
7661.3881,0.55776606
7663.0219,0.40990608
7664.6559,0.37969299
7666.29,0.35209413
7667.9244,0.41338401
7669.5589,0.5034319
7671.1936,0.65361035
7672.8284,0.62601087
7674.4634,0.50429359
7676.0986,0.4139487
7677.734,0.43340758
7679.3696,0.44240879
7681.0053,0.34160592
7682.6412,0.29570485
7684.2773,0.30993435
7685.9135,0.38168004
7687.55,0.26780465
7689.1866,0.21667421
7690.8233,0.21521681
7692.4603,0.18238671
7694.0974,0.17831463
7695.7347,0.15071298
7697.3722,0.25905888
7699.0098,0.34910398
7700.6476,0.329345
7702.2856,0.30435711
7703.9238,0.237539
7705.5621,0.30143968
7707.2006,0.3548827
7708.8393,0.37172425
7710.4782,0.46176826
7712.1172,0.35311931
7713.7564,0.27845713
7715.3958,0.17503662
7717.0354,0.25462249
7718.6751,0.34989449
7720.315,0.38242123
7721.9551,0.33128768
7723.5953,0.26969647
7725.2358,0.16366065
7726.8764,0.19357239
7728.5172,0.26269967
7730.1581,0.35012744
7731.7992,0.44278381
7733.4405,0.42040735
7735.082,0.35097191
7736.7237,0.20833371
7738.3655,0.28268881
7740.0075,0.22109604
7741.6497,0.15688874
7743.292,0.024707425
7744.9345,0.088604388
7746.5772,0.23093257
7748.2201,0.2346985
7749.8631,0.2619937
7751.5063,0.2187005
7753.1497,0.26952479
7754.7933,0.31250579
7756.437,0.26921212
7758.081,0.1396438
7759.725,0.07020603
7761.3693,0.039983795
7763.0137,0.072506504
7764.6583,0.044898338
7766.3031,0.12970832
7767.9481,0.13608677
7769.5932,0.07971997
7771.2385,-0.039392084
7772.884,0.0088159689
7774.5297,0.0021219055
7776.1755,-0.025487346
7777.8215,-0.050482373
7779.4677,-0.023189973
7781.114,0.0014878918
7782.7606,-0.039193875
7784.4073,-0.030202595
7786.0541,0.078134936
7787.7012,0.1760148
7789.3484,0.13271803
7790.9958,0.0031465973
7792.6434,-0.079366166
7794.2911,-0.088676469
7795.939,-0.0090980392
7797.5871,-0.0088354999
7799.2354,0.035871512
7800.8838,-0.010924717
7802.5325,-0.018505232
7804.1813,-0.054843888
7805.8302,-0.017979903
7807.4794,-0.025560335
7809.1287,0.024375602
7810.7782,0.0089520884
7812.4278,0.051044943
7814.0777,0.056536518
7815.7277,0.048956225
7817.3779,0.12242171
7819.0282,0.13575651
7820.6787,0.26673839
7822.3295,0.30098827
7823.9803,0.32739505
7825.6314,0.35380185
7827.2826,0.32007796
7828.934,0.42125606
7830.5856,0.46857798
7832.2374,0.55197835
7833.8893,0.64949641
7835.5414,0.72819096
7837.1937,0.75512083
7838.8461,0.89185465
7840.4987,0.93917673
7842.1515,1.0178714
7843.8045,1.113821
7845.4576,1.1078098
7847.111,1.0861124
7848.7645,1.0910817
7850.4181,1.1180118
7852.072,1.2061184
7853.726,1.2581466
7855.3802,1.3305669
7857.0345,1.3590658
7858.6891,1.373447
7860.3438,1.3501812
7861.9987,1.3786801
7863.6537,1.4103163
7865.309,1.4576388
7866.9644,1.3684907
7868.62,1.2809113
7870.2757,1.2639202
7871.9317,1.1873212
7873.5878,1.1311144
7875.2441,1.1266724
7876.9005,1.1049755
7878.5571,1.106808
7880.2139,1.0537386
7881.8709,1.0038065
7883.5281,1.0260313
7885.1854,1.0419815
7886.8429,1.0093044
7888.5006,1.0393724
7890.1584,1.0270875
7891.8164,0.96460648
7893.4746,0.88957651
7895.133,0.81768383
7896.7916,0.80226176
7898.4503,0.78683972
7900.1092,0.84200594
7901.7682,0.90187807
7903.4275,0.93665219
7905.0869,0.96828908
7906.7465,1.0156123
7908.4063,1.056661
7910.0662,1.0522195
7911.7263,1.0995428
7913.3866,1.0903955
7915.0471,1.1032091
7916.7077,1.0971991
7918.3685,1.0974636
7920.0295,1.1479243
7921.6906,1.2297576
7923.352,1.306885
7925.0135,1.3620516
7926.6752,1.4062379
7928.337,1.3814046
7929.999,1.3487281
7931.6613,1.3207576
7933.3236,1.364944
7934.9862,1.4969736
7936.6489,1.6007678
7938.3118,1.6810327
7939.9749,1.7032585
7941.6381,1.6768567
7943.3016,1.5626119
7944.9652,1.5550338
7946.6289,1.5709851
7948.2929,1.6888972
7949.957,1.7675937
7951.6213,1.9153098
7953.2857,2.0316534
7954.9504,2.080546
7956.6152,2.1294386
7958.2802,2.2693117
7959.9454,2.2884005
7961.6107,2.2949403
7963.2762,2.4081468
7964.9419,2.4382161
7966.6078,2.5090697
7968.2738,2.6756096
7969.94,2.9001887
7971.6064,2.9616306
7973.273,3.1187589
7974.9397,3.1864754
7976.6066,3.2416429
7978.2737,3.2968104
7979.9409,3.4837426
7981.6084,3.6612632
7983.276,3.8152543
7984.9437,3.9802259
7986.6117,4.121668
7988.2798,4.3133063
7989.9481,4.5127878
7991.6166,4.789132
7993.2852,5.1078292
7994.9541,5.3528009
7996.6231,5.651106
7998.2922,5.9854895
7999.9616,6.3010496
8001.6311,6.7028841
8003.3008,7.132954
8004.9707,7.5520436
8006.6407,7.9476037
8008.3109,8.4874776
8009.9813,9.0163712
8011.6519,9.6221275
8013.3226,10.1871
8014.9935,10.849326
8016.6646,11.591553
8018.3359,12.416918
8020.0073,13.350517
8021.6789,14.511568
8023.3507,15.931442
8025.0227,17.363865
8026.6948,18.943739
8028.3671,20.769888
8030.0396,22.552115
8031.7122,24.370421
8033.3851,26.387943
8035.0581,28.254876
8036.7312,30.101417
8038.4046,32.228742
8040.0781,34.023519
8041.7518,35.551628
8043.4257,37.263267
8045.0997,38.512162
8046.774,39.491252
8048.4484,40.587989
8050.1229,41.490217
8051.7977,41.957934
8053.4726,42.758201
8055.1477,43.38435
8056.823,43.607362
8058.4984,43.973119
8060.174,44.263582
8061.8498,44.351693
8063.5258,44.400587
8065.2019,44.479285
8066.8782,44.252101
8068.5547,44.275898
8070.2314,44.069106
8071.9082,43.606628
8073.5852,43.216307
8075.2624,42.822849
8076.9398,42.189391
8078.6173,41.326913
8080.295,40.619729
8081.9729,39.716467
8083.6509,38.704969
8085.3292,37.674649
8087.0076,36.674132
8088.6861,35.480673
8090.3649,34.371921
8092.0438,33.44513
8093.7229,32.441476
8095.4022,31.555469
8097.0816,30.642795
8098.7613,29.543455
8100.4411,28.566468
8102.121,27.561245
8103.8012,26.672101
8105.4815,25.64178
8107.162,24.86244
8108.8426,23.894865
8110.5235,22.946113
8112.2045,21.904812
8113.8857,21.134884
8115.5671,20.352407
8117.2486,19.569929
8118.9303,18.909805
8120.6122,18.393995
8122.2943,17.853086
8123.9765,17.404727
8125.6589,17.001857
8127.3415,16.751145
8129.0242,16.426707
8130.7072,16.116387
8132.3903,15.757439
8134.0736,15.498884
8135.757,15.121113
8137.4406,14.950401
8139.1245,14.876944
8140.8084,14.794075
8142.4926,14.700225
8144.1769,14.549905
8145.8614,14.333703
8147.5461,14.090834
8149.2309,13.906004
8150.9159,13.73843
8152.6011,13.621051
8154.2865,13.487986
8155.9721,13.331392
8157.6578,13.182641
8159.3437,12.971145
8161.0297,12.866315
8162.716,12.752074
8164.4024,12.551558
8166.089,12.366729
8167.7758,12.288566
8169.4627,12.196286
8171.1498,12.067927
8172.8371,12.074471
8174.5245,12.066896
8176.2122,12.078146
8177.9,12.069003
8179.588,12.047311
8181.2761,12.05856
8182.9645,12.14981
8184.653,12.222235
8186.3417,12.246034
8188.0305,12.436107
8189.7195,12.643435
8191.4087,12.761351
8193.0981,12.866718
8194.7877,13.003458
8196.4774,13.154315
8198.1673,13.356937
8199.8574,13.451324
8201.5476,13.578652
8203.238,13.762451
8204.9286,13.828603
8206.6194,14.02495
8208.3103,14.285612
8210.0015,14.472548
8211.6928,14.651641
8213.3842,14.802498
8215.0759,14.835709
8216.7677,14.84539
8218.4597,14.878601
8220.1518,14.794165
8221.8442,14.726983
8223.5367,14.611175
8225.2294,14.537719
8226.9222,14.495635
8228.6153,14.477082
8230.3085,14.453822
8232.0019,14.47919
8233.6954,14.286518
8235.3891,14.126788
8237.0831,13.970195
8238.7771,13.844975
8240.4714,13.583284
8242.1658,13.549044
8243.8604,13.458334
8245.5552,13.413113
8247.2501,13.278482
8248.9453,13.183065
8250.6406,12.955884
8252.336,12.667527
8254.0317,12.419954
8255.7275,12.089244
8257.4235,11.822847
8259.1197,11.730568
8260.816,11.583388
8262.5125,11.337383
8264.2092,11.135301
8265.9061,10.963022
8267.6031,10.626037
8269.3004,10.400425
8270.9978,10.275206
8272.6953,10.120182
8274.3931,9.8914328
8276.091,9.7818994
8277.7891,9.6755032
8279.4873,9.5016561
8281.1857,9.4282012
8282.8844,9.3359227
8284.5831,9.2138404
8286.2821,9.0509738
8287.9812,8.8943817
8289.6805,8.7393583
8291.38,8.6392369
8293.0797,8.5406841
8294.7795,8.4468372
8296.4795,8.4314217
8298.1797,8.3956141
8299.88,8.3974536
8301.5806,8.3459598
8303.2813,8.294466
8304.9821,8.1786586
8306.6832,8.0832433
8308.3844,8.0066515
8310.0858,7.9535892
8311.7874,7.9664093
8313.4891,7.993347
8315.191,8.0045985
8316.8931,7.9515364
8318.5954,7.9721997
8320.2978,7.9348238
8322.0004,7.9884284
8323.7032,7.9636016
8325.4062,7.9638729
8327.1093,7.9327716
8328.8126,7.8420626
8330.5161,7.6995888
8332.2198,7.6371151
8333.9236,7.5762101
8335.6276,7.4980501
8337.3318,7.5736157
8339.0362,7.5942794
8340.7407,7.6478843
8342.4454,7.6748225
8344.1503,7.7315647
8345.8553,7.6973265
8347.5606,7.714853
8349.266,7.7182619
8350.9715,7.7640238
8352.6773,7.7988054
8354.3832,7.8618222
8356.0893,7.9358195
8357.7956,7.9549148
8359.502,7.9693043
8361.2087,8.0119291
8362.9155,8.0608284
8364.6224,8.0705121
8366.3296,8.1147056
8368.0369,8.0961541
8369.7444,8.1277986
8371.4521,8.2316001
8373.1599,8.3181466
8374.8679,8.3843011
8376.5761,8.5022202
8378.2845,8.6122963
8379.993,8.6047253
8381.7017,8.6928407
8383.4106,8.7887992
8385.1197,8.8612283
8386.8289,8.9054221
8388.5383,9.0311846
8390.2479,9.1004766
8391.9576,9.1619254
8393.6676,9.2970998
8395.3777,9.3554114
8397.088,9.3258799
8398.7984,9.370074
8400.509,9.5664249
8402.2198,9.6953249
8403.9308,9.924617
8405.642,10.177439
8407.3533,10.402025
8409.0648,10.587396
8410.7765,10.879433
8412.4883,11.089902
8414.2003,11.297233
8415.9125,11.645741
8417.6249,11.953465
8419.3374,12.209424
8421.0502,12.604991
8422.7631,12.978597
8424.4761,13.312988
8426.1894,13.647378
8427.9028,13.972357
8429.6164,14.146748
8431.3301,14.457609
8433.0441,14.602196
8434.7582,14.691881
8436.4725,14.816075
8438.1869,14.970074
8439.9016,15.122504
8441.6164,15.231012
8443.3314,15.39756
8445.0465,15.495088
8446.7618,15.594185
8448.4773,15.583478
8450.193,15.61983
8451.9089,15.620103
8453.6249,15.540376
8455.3411,15.473199
8457.0575,15.423276
8458.774,15.315314
8460.4908,15.136764
8462.2077,15.030371
8463.9247,14.86437
8465.642,14.710918
8467.3594,14.5308
8469.077,14.430681
8470.7948,14.190955
8472.5127,14.028091
8474.2308,13.683267
8475.9491,13.361972
8477.6676,13.028128
8479.3862,12.780559
8481.105,12.573774
8482.824,12.417185
8484.5432,12.146086
8486.2625,11.942438
8487.982,11.740359
8489.7017,11.486516
8491.4216,11.21228
8493.1416,11.071377
8494.8618,10.932043
8496.5822,10.706435
8498.3028,10.482395
8500.0235,10.283454
8501.7444,10.104905
8503.4655,9.8353747
8505.1867,9.6380019
8506.9082,9.4453349
8508.6298,9.2840405
8510.3515,9.1400011
8512.0735,9.0053734
8513.7956,8.916236
8515.5179,8.7925888
8517.2404,8.7693338
8518.963,8.6488239
8520.6859,8.595765
8522.4089,8.4768238
8524.132,8.3955296
8525.8554,8.3299218
8527.5789,8.2627454
8529.3026,8.2708631
8531.0264,8.3134907
8532.7505,8.2933731
8534.4747,8.2246282
8536.1991,8.232746
8537.9236,8.0918443
8539.6484,8.0042759
8541.3733,7.990433
8543.0984,7.9718843
8544.8236,8.0035317
8546.5491,8.0555712
8548.2747,8.0072187
8550.0005,7.9212191
8551.7264,7.8195332
8553.4526,7.7696121
8555.1789,7.7651812
8556.9053,7.7968288
8558.632,7.8520058
8560.3588,7.9605162
8562.0858,7.9670658
8563.813,7.9689096
8565.5403,8.0036946
8567.2679,7.9678913
8568.9956,7.9289509
8570.7234,7.9558928
8572.4515,8.023619
8574.1797,8.0521296
8575.9081,8.1402481
8577.6367,8.2001313
8579.3654,8.1878577
8581.0943,8.1300939
8582.8234,8.2040948
8584.5527,8.2294683
8586.2821,8.3034693
8588.0117,8.5123723
8589.7415,8.5722557
8591.4715,8.5427273
8593.2016,8.6198657
8594.9319,8.5291609
8596.6624,8.367868
8598.3931,8.4026535
8600.1239,8.4421449
8601.8549,8.4330088
8603.5861,8.5383827
8605.3175,8.6437565
8607.049,8.6252088
8608.7807,8.5611709
8610.5126,8.5300743
8612.2446,8.3970169
8613.9769,8.2623908
8615.7093,8.1967845
8617.4418,8.1829428
8619.1746,8.1440031
8620.9075,8.0972204
8622.6406,8.0457317
8624.3739,8.0130667
8626.1073,7.9741271
8627.841,7.8708739
8629.5748,7.8993854
8631.3087,7.8667204
8633.0429,7.8011143
8634.7772,7.7386455
8636.5117,7.6855884
8638.2463,7.6058648
8639.9812,7.6092784
8641.7162,7.5562214
8643.4514,7.4812037
8645.1867,7.4814802
8646.9223,7.3954821
8648.658,7.23419
8650.3939,7.080741
8652.1299,7.0057235
8653.8662,6.8961961
8655.6026,6.8635316
8657.3392,6.8230239
8659.0759,6.8013398
8660.8129,6.7796557
8662.55,6.7846383
8664.2872,6.8084444
8666.0247,6.7773487
8667.7623,6.754096
8669.5001,6.6884905
8671.2381,6.5664144
8672.9762,6.4647305
8674.7146,6.403831
8676.4531,6.3711667
8678.1917,6.3369339
8679.9306,6.3576031
8681.6696,6.3594487
8683.4088,6.3989415
8685.1482,6.3945126
8686.8877,6.3634172
8688.6274,6.3574198
8690.3673,6.2980892
8692.1074,6.1807193
8693.8476,6.1119769
8695.588,6.0197051
8697.3286,5.9650804
8699.0694,5.8853577
8700.8103,5.927988
8702.5514,5.954932
8704.2927,6.0022682
8706.0342,5.9821535
8707.7758,5.9887054
8709.5176,5.996826
8711.2596,6.0018094
8713.0018,6.0020869
8714.7441,5.9521684
8716.4866,5.9100931
8718.2293,5.8523314
8719.9721,5.7239816
8721.7152,5.6913181
8723.4584,5.6429684
8725.2017,5.6526578
8726.9453,5.6262689
8728.689,5.6751741
8730.4329,5.6550598
8732.177,5.7180827
8733.9212,5.7167919
8735.6656,5.6558934
8737.4102,5.6357791
8739.155,5.6407629
8740.8999,5.6175115
8742.6451,5.6130836
8744.3904,5.7012048
8746.1358,5.759522
8747.8815,5.7425452
8749.6273,5.7396861
8751.3733,5.6568269
8753.1194,5.6414188
8754.8658,5.5460107
8756.6123,5.5666811
8758.359,5.5434299
8760.1058,5.5813553
8761.8529,5.5204571
8763.6001,5.539559
8765.3474,5.4394452
8767.095,5.4475667
8768.8427,5.4651
8770.5906,5.4732216
8772.3387,5.4311471
8774.087,5.5004452
8775.8354,5.4599394
8777.584,5.3645317
8779.3328,5.3020652
8781.0817,5.2976379
8782.8308,5.1943871
8784.5801,5.0832932
8786.3296,5.1306307
8788.0793,5.1277722
8789.8291,5.153149
8791.5791,5.1408787
8793.3292,5.1568438
8795.0796,5.1508481
8796.8301,5.108774
8798.5808,5.0086608
8800.3317,5.0246259
8802.0827,4.9731402
8803.8339,4.8808701
8805.5853,4.8780119
8807.3369,4.9080948
8809.0886,4.8456288
8810.8405,4.9070843
8812.5926,4.8979516
8814.3449,4.8260739
8816.0973,4.7902746
8817.8499,4.7529068
8819.6027,4.6449507
8821.3556,4.6342495
8823.1088,4.6486465
8824.8621,4.626965
8826.6155,4.6084208
8828.3692,4.6918374
8830.123,4.670156
8831.877,4.6578864
8833.6312,4.6550286
8835.3855,4.6380531
8837.1401,4.5473522
8838.8948,4.550769
8840.6496,4.5886956
8842.4047,4.6062301
8844.1599,4.6645489
8845.9153,4.6883579
8847.6709,4.6964807
8849.4266,4.6120545
8851.1825,4.5621382
8852.9386,4.5435944
8854.6949,4.4842663
8856.4513,4.4578795
8858.2079,4.4283554
8859.9647,4.4364784
8861.7217,4.4744053
8863.4788,4.5531166
8865.2361,4.5377102
8866.9936,4.6383824
8868.7513,4.6559173
8870.5091,4.5871777
8872.2671,4.5717714
8874.0253,4.5469535
8875.7837,4.5048806
8877.5422,4.4800627
8879.3009,4.5274017
8881.0598,4.5308192
8882.8188,4.5514915
8884.578,4.6051051
8886.3374,4.6446011
8888.097,4.578999
8889.8568,4.6028087
8891.6167,4.6423048
8893.3768,4.6661146
8895.1371,4.6852185
8896.8975,4.7639303
8898.6581,4.7108775
8900.4189,4.7127266
8902.1799,4.7694777
8903.941,4.7650524
8905.7024,4.7590584
8907.4638,4.7922802
8909.2255,4.8506
8910.9873,4.8053905
8912.7494,4.8182202
8914.5116,4.8702656
8916.2739,4.9254483
8918.0364,4.942984
8919.7992,4.9667942
8921.562,4.9482515
8923.3251,4.9485324
8925.0883,4.9754799
8926.8517,5.0275255
8928.6153,5.0262378
8930.3791,5.0108325
8932.143,5.0566037
8933.9071,5.0741396
8935.6714,5.0508913
8937.4358,5.0448978
8939.2005,5.0796887
8940.9653,5.0642836
8942.7302,5.0661334
8944.4954,5.0632773
8946.2607,5.0729703
8948.0262,5.1077613
8949.7919,5.1362779
8951.5577,5.1193043
8953.3238,5.038017
8955.0899,5.0022199
8956.8563,4.999364
8958.6229,4.9165082
8960.3896,4.890123
8962.1565,4.9813848
8963.9235,4.9691173
8965.6908,4.9364576
8967.4582,4.9304647
8969.2258,4.9134913
8970.9935,4.8384788
8972.7615,4.8497409
8974.5296,4.8798264
8976.2979,4.8236375
8978.0663,4.8803898
8979.835,4.9214559
8981.6038,4.9044828
8983.3727,4.8137842
8985.1419,4.8234777
8986.9112,4.779838
8988.6807,4.7424728
8990.4504,4.7521665
8992.2203,4.7697034
8993.9903,4.796652
8995.7605,4.784385
8997.5309,4.7360395
8999.3014,4.6892627
9001.0721,4.7052311
9002.843,4.7729642
9004.6141,4.8046189
9006.3853,4.8143128
9008.1568,4.8349871
9009.9284,4.8101713
9011.7001,4.766532
9013.4721,4.7872064
9015.2442,4.8439593
9017.0165,4.8818887
9018.7889,4.924524
9020.5616,4.9404926
9022.3344,4.8890103
9024.1074,4.8877241
9025.8805,4.9319281
9027.6539,4.9745636
9029.4274,4.9905324
9031.2011,5.05356
9032.9749,5.1212936
9034.749,5.1702036
9036.5232,5.1830353
9038.2976,5.1942983
9040.0721,5.2212477
9041.8468,5.2325108
9043.6217,5.2233817
9045.3968,5.2440567
9047.1721,5.2851238
9048.9475,5.3497203
9050.7231,5.3907875
9052.4989,5.46009
9054.2748,5.5011572
9056.0509,5.573597
9057.8272,5.5911349
9059.6037,5.6353394
9061.3804,5.6717009
9063.1572,5.6751212
9064.9342,5.7695219
9066.7113,5.8043148
9068.4887,5.8281273
9070.2662,5.8848811
9072.0439,6.0184976
9073.8218,6.0611337
9075.5998,6.0723974
9077.378,6.2091512
9079.1564,6.325513
9080.935,6.3367767
9082.7137,6.4092169
9084.4926,6.5381277
9086.2717,6.5807641
9088.0509,6.587322
9089.8304,6.7099584
9091.61,6.8137713
9093.3898,6.8705254
9095.1697,6.9100246
9096.9498,6.9840337
9098.7302,7.036082
9100.5106,7.0567578
9102.2913,7.0664532
9104.0721,7.1404624
9105.8531,7.2207461
9107.6343,7.2524024
9109.4156,7.3075881
9111.1972,7.425519
9112.9788,7.5371753
9114.7607,7.5751063
9116.5428,7.6538215
9118.325,7.7184191
9120.1074,7.7892913
9121.8899,7.7754576
9123.6727,7.8745651
9125.4556,7.9485746
9127.2387,7.9394469
9129.022,8.0636526
9130.8054,8.1768778
9132.589,8.227358
9134.3728,8.3609755
9136.1568,8.5055734
9137.9409,8.6046812
9139.7252,8.7382988
9141.5097,8.8170144
9143.2943,8.8988673
9145.0792,9.0340536
9146.8642,9.1457105
9148.6494,9.2950145
9150.4347,9.5102008
9152.2202,9.7771519
9154.006,10.019005
9155.7918,10.165172
9157.5779,10.334868
9159.3641,10.537506
9161.1505,10.61779
9162.9371,10.740428
9164.7238,10.997967
9166.5108,11.300997
9168.2979,11.586772
9170.0851,11.935292
9171.8726,12.31989
9173.6602,12.735861
9175.448,13.001244
9177.2359,13.365451
9179.0241,13.751618
9180.8124,14.139354
9182.6009,14.421992
9184.3896,14.828551
9186.1784,15.115895
9187.9674,15.429905
9189.7566,15.69372
9191.546,16.115965
9193.3355,16.444094
9195.1252,16.863202
9196.9151,17.32937
9198.7051,17.960243
9200.4954,18.440528
9202.2858,18.900421
9204.0764,19.446589
9205.8671,20.006874
9207.658,20.394611
9209.4492,20.852935
9211.2404,21.518318
9213.0319,22.138212
9214.8235,22.780066
9216.6153,23.520743
9218.4073,24.217499
9220.1994,24.854648
9221.9918,25.541992
9223.7842,26.240317
9225.5769,26.885308
9227.3698,27.588339
9229.1628,28.47333
9230.956,29.275185
9232.7493,30.142921
9234.5429,31.161246
9236.3366,32.242316
9238.1305,33.359465
9239.9246,34.365241
9241.7188,35.203174
9243.5132,36.146205
9245.3078,37.122177
9247.1026,37.826776
9248.8975,38.749415
9250.6926,39.750486
9252.4879,40.654301
9254.2833,41.442038
9256.079,42.345853
9257.8748,43.324963
9259.6708,44.333877
9261.4669,45.002398
9263.2632,45.503076
9265.0597,46.182578
9266.8564,46.659727
9268.6533,46.8357
9270.4503,47.127751
9272.2475,47.673919
9274.0449,48.04597
9275.8424,48.433708
9277.6401,48.786935
9279.438,49.17781
9281.2361,49.269077
9283.0344,49.225441
9284.8328,48.963767
9286.6314,49.004838
9288.4301,48.846693
9290.2291,48.905019
9292.0282,48.825306
9293.8275,48.61069
9295.6269,48.113722
9297.4266,47.66695
9299.2264,46.884491
9301.0264,46.17419
9302.8265,45.398006
9304.6269,44.662607
9306.4274,43.837795
9308.2281,43.09769
9310.0289,42.210134
9311.83,41.485715
9313.6312,40.960512
9315.4325,40.391387
9317.2341,39.717164
9319.0358,39.108823
9320.8377,38.469111
9322.6398,37.454496
9324.4421,36.526155
9326.2445,35.69507
9328.0471,34.898494
9329.8499,34.123879
9331.6528,33.539069
9333.4559,33.071905
9335.2592,32.611016
9337.0627,32.090519
9338.8663,31.661002
9340.6702,31.245603
9342.4742,30.770596
9344.2783,30.301864
9346.0827,30.120191
9347.8872,29.867929
9349.6919,29.617236
9351.4967,29.3587
9353.3018,29.109576
9355.107,28.860452
9356.9124,28.564269
9358.7179,28.337106
9360.5237,28.342099
9362.3296,28.354936
9364.1357,28.287773
9365.9419,28.324139
9367.7483,28.27423
9369.555,28.250989
9371.3617,28.312453
9373.1687,28.347251
9374.9758,28.433813
9376.7831,28.562728
9378.5906,28.595958
9380.3982,28.63703
9382.2061,28.645161
9384.0141,28.833684
9385.8222,29.121031
9387.6306,29.193476
9389.4391,29.320823
9391.2478,29.57366
9393.0567,29.865713
9394.8657,30.082472
9396.6749,30.49374
9398.4843,30.941087
9400.2939,31.204905
9402.1036,31.481272
9403.9136,31.970972
9405.7236,32.446554
9407.5339,32.843705
9409.3444,33.209484
9411.155,33.586243
9412.9658,33.991237
9414.7767,34.148389
9416.5878,34.462403
9418.3992,34.84073
9420.2106,35.03396
9422.0223,35.035817
9423.8341,35.371792
9425.6461,35.538355
9427.4583,35.637468
9429.2707,35.898148
9431.0832,36.198045
9432.8959,36.388138
9434.7088,36.473132
9436.5218,36.592637
9438.335,36.709004
9440.1484,36.831646
9441.962,36.703307
9443.7758,36.667518
9445.5897,36.663101
9447.4038,36.489272
9449.2181,36.135052
9451.0325,35.835733
9452.8471,35.628963
9454.6619,35.255919
9456.4769,34.76209
9458.292,34.442379
9460.1073,34.144629
9461.9228,33.575507
9463.7385,33.208737
9465.5543,32.901575
9467.3703,32.453237
9469.1865,32.004899
9471.0029,31.663228
9472.8194,31.098811
9474.6361,30.625375
9476.453,30.202135
9478.2701,29.645562
9480.0873,29.05291
9481.9047,28.634376
9483.7223,28.016626
9485.54,27.373779
9487.358,26.762304
9489.1761,26.285731
9490.9943,25.71504
9492.8128,25.180428
9494.6314,24.659933
9496.4502,24.27434
9498.2692,23.852669
9500.0883,23.432567
9501.9077,23.114425
9503.7272,22.72099
9505.5468,22.421672
9507.3667,22.210197
9509.1867,21.983036
9511.0069,21.81862
9512.8273,21.473812
9514.6478,21.146259
9516.4685,20.784196
9518.2894,20.506839
9520.1105,20.14007
9521.9317,19.848596
9523.7531,19.677905
9525.5747,19.544862
9527.3965,19.356917
9529.2184,19.18309
9531.0405,19.147301
9532.8628,18.938964
9534.6852,18.752588
9536.5079,18.489349
9538.3307,18.382973
9540.1537,18.359734
9541.9768,18.336495
9543.8001,18.234824
9545.6236,18.18335
9547.4473,18.028346
9549.2712,17.843539
9551.0952,17.70579
9552.9194,17.575885
9554.7438,17.562058
9556.5683,17.518427
9558.393,17.407345
9560.2179,17.374694
9562.043,17.354593
9563.8682,17.310962
9565.6937,17.245371
9567.5193,17.23625
9569.345,17.159678
9571.171,17.073694
9572.9971,16.945358
9574.8234,16.90957
9576.6498,16.832998
9578.4765,16.772113
9580.3033,16.78809
9582.1303,16.758577
9583.9574,16.639653
9585.7848,16.570924
9587.6123,16.506902
9589.44,16.41935
9591.2678,16.438464
9593.0958,16.509344
9594.924,16.531596
9596.7524,16.420514
9598.581,16.348649
9600.4097,16.305019
9602.2386,16.146879
9604.0677,16.118935
9605.8969,16.280795
9607.7264,16.235596
9609.556,16.146476
9611.3857,16.142061
9613.2157,15.97451
9615.0458,15.817938
9616.8761,15.785289
9618.7066,15.713423
9620.5372,15.61646
9622.368,15.629301
9624.199,15.544887
9626.0302,15.466747
9627.8615,15.443509
9629.693,15.407723
9631.5247,15.32174
9633.3566,15.260855
9635.1886,15.15448
9637.0208,15.132811
9638.8532,15.140946
9640.6858,15.131827
9642.5185,15.185452
9644.3514,15.218685
9646.1845,15.211134
9648.0178,15.178485
9649.8512,15.142698
9651.6848,15.089657
9653.5186,15.017792
9655.3525,14.925536
9657.1867,14.781514
9659.021,14.733179
9660.8554,14.612687
9662.6901,14.501606
9664.5249,14.396801
9666.3599,14.351603
9668.1951,14.221699
9670.0304,14.15454
9671.866,14.153264
9673.7017,14.076694
9675.5375,14.067575
9677.3736,14.111789
9679.2098,14.03365
9681.0462,14.007276
9682.8827,14.018549
9684.7195,13.970214
9686.5564,13.893644
9688.3935,13.91276
9690.2307,13.840896
9692.0682,13.73609
9693.9058,13.698736
9695.7436,13.68648
9697.5815,13.562851
9699.4197,13.556869
9701.258,13.602652
9703.0965,13.604514
9704.9351,13.529512
9706.774,13.53608
9708.613,13.526961
9710.4521,13.484901
9712.2915,13.439704
9714.131,13.386664
9715.9707,13.324212
9717.8106,13.338622
9719.6506,13.284013
9721.4909,13.234111
9723.3313,13.301855
9725.1718,13.364893
9727.0126,13.369892
9728.8535,13.334107
9730.6946,13.312439
9732.5359,13.257831
9734.3773,13.162438
9736.2189,12.987045
9738.0607,12.904201
9739.9027,12.824495
9741.7448,12.697729
9743.5872,12.596062
9745.4296,12.616747
9747.2723,12.565276
9749.1151,12.504393
9750.9582,12.540765
9752.8013,12.570863
9754.6447,12.470764
9756.4882,12.475764
9758.3319,12.491744
9760.1758,12.371253
9762.0199,12.294684
9763.8641,12.353017
9765.7085,12.256056
9767.5531,12.104193
9769.3978,12.048017
9771.2428,11.933801
9773.0879,11.739585
9774.9331,11.669291
9776.7786,11.635075
9778.6242,11.555369
9780.47,11.596447
9782.316,11.585761
9784.1621,11.549976
9786.0085,11.478114
9787.855,11.410957
9789.7016,11.307722
9791.5485,11.240565
9793.3955,11.198506
9795.2427,11.214487
9797.09,11.22733
9798.9376,11.185271
9800.7853,11.149487
9802.6332,11.132527
9804.4813,11.062233
9806.3295,10.982527
9808.1779,10.968704
9810.0265,10.871744
9811.8752,10.834391
9813.7242,10.804882
9815.5733,10.762823
9817.4226,10.632922
9819.272,10.57204
9821.1217,10.533119
9822.9715,10.462825
9824.8214,10.464689
9826.6716,10.546552
9828.5219,10.484102
9830.3724,10.38871
9832.2231,10.310574
9834.0739,10.19479
9835.925,10.085281
9837.7762,10.062046
9839.6275,9.9854786
9841.4791,9.9575382
9843.3308,9.9703822
9845.1827,9.900089
9847.0348,9.9270507
9848.887,10.001071
9850.7394,9.9778369
9852.592,9.9012693
9854.4448,9.8905841
9856.2977,9.807742
9858.1508,9.7296058
9860.0041,9.6734304
9861.8576,9.6909806
9863.7112,9.6238249
9865.565,9.6178457
9867.419,9.5836312
9869.2732,9.5478482
9871.1275,9.5261828
9872.982,9.5374586
9874.8367,9.487558
9876.6916,9.439226
9878.5466,9.4740313
9880.4018,9.4602092
9882.2572,9.4369753
9884.1127,9.4639376
9885.9685,9.4375665
9887.8244,9.3625681
9889.6804,9.3644324
9891.5367,9.3851202
9893.3931,9.3822787
9895.2497,9.3606136
9897.1065,9.3828702
9898.9634,9.358068
9900.8205,9.3426775
9902.6778,9.3053263
9904.5353,9.235034
9906.393,9.2086633
9908.2508,9.1085671
9910.1088,9.0241571
9911.9669,8.9271982
9913.8253,8.9322002
9915.6838,8.8838688
9917.5425,8.8480864
9919.4013,8.8201472
9921.2604,8.8110316
9923.1196,8.8317199
9924.979,8.7708397
9926.8385,8.6895673
9928.6983,8.6177067
9930.5582,8.5489833
9932.4182,8.4363385
9934.2785,8.414674
9936.1389,8.3977155
9937.9995,8.3760511
9939.8603,8.4171318
9941.7213,8.3829185
9943.5824,8.3204698
9945.4437,8.2972369
9947.3052,8.2896903
9949.1668,8.1692026
9951.0286,8.1506756
9952.8906,8.1274428
9954.7528,8.1151905
9956.6152,8.0386244
9958.4777,8.0655877
9960.3404,8.0188256
9962.2032,7.9673577
9964.0663,7.9268702
9965.9295,7.939716
9967.7929,7.880405
9969.6565,7.8869764
9971.5202,7.9139399
9973.3841,7.9048251
9975.2482,7.8690436
9977.1125,7.9007131
9978.9769,7.9261081
9980.8415,7.8369934
9982.7063,7.7494473
9984.5713,7.7183719
9986.4364,7.6151396
9988.3017,7.5040642
9990.1672,7.5263221
9992.0328,7.4811291
9993.8987,7.4014263
9995.7647,7.3985863
9997.6308,7.4035895
9999.4972,7.344279
10001.364,7.3383018
10003.23,7.3213443
10005.097,7.2463475
10006.964,7.1854685
10008.832,7.1889032
10010.699,7.2268477
10012.567,7.224008
10014.434,7.23058
10016.302,7.2214658
10018.17,7.1747045
10020.039,7.1404924
10021.907,7.1015743
10023.776,7.0846171
10025.644,7.0472677
10027.513,6.9754086
10029.383,6.9129612
10031.252,6.9022786
10033.121,6.8570862
10034.991,6.8213056
10036.861,6.8137604
10038.731,6.7717053
10040.601,6.7092581
10042.471,6.6687718
10044.342,6.659658
10046.213,6.6113285
10048.084,6.6226069
10049.955,6.6166305
10051.826,6.5808501
10053.697,6.5246777
10055.569,6.5375248
10057.441,6.4593916
10059.312,6.4471408
10061.185,6.4584194
10063.057,6.4461686
10064.929,6.4213689
10066.802,6.3902946
10068.675,6.3874557
10070.548,6.350107
10072.421,6.3362878
10074.294,6.328743
10076.168,6.2866885
10078.041,6.2179674
10079.915,6.1570894
10081.789,6.1181723
10083.663,6.0400395
10085.538,6.0497498
10087.412,5.9967151
10089.287,5.9891706
10091.162,5.986332
10093.037,5.9693758
10094.912,5.9069294
10096.788,5.8586007
10098.663,5.8134093
10100.539,5.7462571
10102.415,5.7418501
10104.291,5.7594039
10106.167,5.7973498
10108.044,5.7756879
10109.92,5.7555947
10111.797,5.7511878
10113.674,5.6542319
10115.551,5.624727
10117.429,5.6171829
10119.306,5.5594428
10121.184,5.4954282
10123.062,5.4816097
10124.94,5.4521049
10126.818,5.4414237
10128.696,5.4166249
10130.575,5.409081
10132.453,5.436047
10134.332,5.3908561
10136.211,5.3472338
10138.091,5.3475332
10139.97,5.2772444
10141.85,5.2210732
10143.729,5.1884315
10145.609,5.1557897
10147.489,5.1545206
10149.37,5.1626633
10151.25,5.128453
10153.131,5.1083605
10155.012,5.0490522
10156.893,5.0038617
10158.774,4.9602398
10160.655,4.9479904
10162.537,4.9843686
10164.418,4.9956487
10166.3,4.989674
10168.182,4.9789934
10170.064,4.9698815
10171.947,4.8588088
10173.829,4.7806773
10175.712,4.7292125
10177.595,4.7216693
10179.478,4.6890281
10181.361,4.7238379
10183.245,4.736687
10185.128,4.7009086
10187.012,4.661993
10188.896,4.6262147
10190.78,4.6108285
10192.664,4.6362267
10194.549,4.6333897
10196.434,4.5772193
10198.318,4.5508529
10200.203,4.4899767
10202.089,4.4541986
10203.974,4.4356754
10205.859,4.4108777
10207.745,4.3939232
10209.631,4.3691256
10211.517,4.3160927
10213.403,4.2803147
10215.29,4.2837525
10217.176,4.3122883
10219.063,4.3031771
10220.95,4.2752424
10222.837,4.2771116
10224.724,4.2836867
10226.612,4.2463403
10228.499,4.2074254
10230.387,4.2092947
10232.275,4.1641053
10234.163,4.1032296
10236.051,4.0721578
10237.94,4.083439
10239.828,4.0319752
10241.717,4.0416878
10243.606,4.0435574
10245.495,4.003074
10247.385,3.9704338
10249.274,3.9424995
10251.164,3.9208398
10253.054,3.9070232
10254.944,3.9026184
10256.834,3.8903705
10258.725,3.8687108
10260.615,3.839208
10262.506,3.8222543
10264.397,3.8068693
10266.288,3.7601117
10268.179,3.7259032
10270.071,3.6854202
10271.962,3.6229764
10273.854,3.5824934
10275.746,3.5890693
10277.638,3.5940766
10279.53,3.5896722
10281.423,3.6229148
10283.315,3.6310595
10285.208,3.5968512
10287.101,3.5971528
10288.994,3.5801994
10290.888,3.5193246
10292.781,3.4929595
10294.675,3.4462024
10296.569,3.4229747
10298.463,3.4342568
10300.357,3.4110291
10302.252,3.3862328
10304.146,3.3614366
10306.041,3.3209541
10307.936,3.2647854
10309.831,3.26195
10311.726,3.2277421
10313.622,3.2390245
10315.517,3.2550127
10317.413,3.2349226
10319.309,3.2101265
10321.205,3.1868992
10323.101,3.158966
10324.998,3.1388759
10326.895,3.1187859
10328.791,3.106539
10330.688,3.1570373
10332.586,3.193418
10334.483,3.1764653
10336.38,3.1924539
10338.278,3.147266
10340.176,3.1146271
10342.074,3.0443412
10343.972,3.0054279
10345.871,2.9869068
10347.769,2.9825034
10349.668,2.935747
10351.567,2.9031083
10353.466,2.8892932
10355.365,2.8441056
10357.265,2.8318591
10359.164,2.8274559
10361.064,2.8575624
10362.964,2.8233553
10364.864,2.7985599
10366.765,2.7580783
10368.665,2.733283
10370.566,2.7210368
10372.467,2.73232
10374.368,2.7185052
10376.269,2.7313571
10378.17,2.7034246
10380.072,2.6551001
10381.974,2.6459913
10383.875,2.6070786
10385.777,2.6096225
10387.68,2.6020823
10389.582,2.5911809
10391.485,2.5802795
10393.387,2.5660168
10395.29,2.5562359
10397.193,2.5374914
10399.097,2.5120243
10401,2.4966413
10402.904,2.4924627
10404.808,2.4905251
10406.712,2.4729012
10408.616,2.4530365
10410.52,2.4645443
10412.425,2.4379569
10414.329,2.4416217
10416.234,2.4464069
10418.139,2.4411082
10420.044,2.4358094
10421.95,2.4316311
10423.855,2.3938395
10425.761,2.3963839
10427.667,2.3608332
10429.573,2.3252825
10431.479,2.2818887
10433.386,2.2384949
10435.292,2.2455213
10437.199,2.2738362
10439.106,2.2539719
10441.013,2.2240236
10442.92,2.2198457
10444.828,2.2055837
10446.735,2.219333
10448.643,2.1916257
10450.551,2.1527139
10452.459,2.1642224
10454.368,2.1522014
10456.276,2.1166511
10458.185,2.0822213
10460.094,2.0578755
10462.003,2.039132
10463.912,2.0226294
10465.821,1.9971633
10467.731,2.0019492
10469.641,1.9720014
10471.551,1.9879919
10473.461,1.9882961
10475.371,1.9852391
10477.281,1.9698572
10479.192,1.9511139
10481.103,1.968225
10483.014,1.9662885
10484.925,1.9576294
10486.836,1.9467294
10488.747,1.9111795
10490.659,1.9126045
10492.571,1.8781751
10494.483,1.8246982
10496.395,1.8137983
10498.307,1.7748873
10500.22,1.7370967
10502.133,1.7284378
10504.045,1.7052131
10505.958,1.7156019
10507.872,1.6722092
10509.785,1.6713935
10511.699,1.6716983
10513.612,1.6451124
10515.526,1.6286106
10517.44,1.6065066
10519.355,1.5619936
10521.269,1.5858279
10523.184,1.5581217
10525.098,1.5517041
10527.013,1.5486478
10528.929,1.5231825
10530.844,1.4977173
10532.759,1.5047452
10534.675,1.4804005
10536.591,1.4762239
10538.507,1.4406747
10540.423,1.4174506
10542.339,1.4300808
10544.256,1.4090975
10546.172,1.4138847
10548.089,1.3985037
10550.006,1.3864842
10551.924,1.3834283
10553.841,1.3859746
10555.759,1.3582689
10557.676,1.3507312
10559.594,1.3319891
10561.512,1.3266924
10563.431,1.2933846
10565.349,1.3026537
10567.268,1.3085616
10569.186,1.3234331
10571.105,1.3707976
10573.024,1.3531762
10574.944,1.3646864
10576.863,1.3638717
10578.783,1.3384072
10580.703,1.3252676
10582.623,1.2986827
10584.543,1.2396049
10586.463,1.2477539
10588.384,1.2390963
10590.304,1.2595703
10592.225,1.2621172
10594.146,1.2837117
10596.068,1.28962
10597.989,1.3493098
10599.911,1.369784
10601.832,1.3644879
10603.754,1.3636736
10605.676,1.3908706
10607.599,1.4113448
10609.521,1.4475054
10611.444,1.4164391
10613.366,1.4066614
10615.289,1.4405812
10617.213,1.4722601
10619.136,1.4770483
10621.059,1.4459821
10622.983,1.4451681
10624.907,1.4622813
10626.831,1.4614673
10628.755,1.4203173
10630.679,1.4329488
10632.604,1.4209304
10634.529,1.4100325
10636.454,1.4204232
10638.379,1.4050436
10640.304,1.4199161
10642.229,1.4370295
10644.155,1.3869161
10646.081,1.4096318
10648.006,1.4435521
10649.933,1.4236908
10651.859,1.4374431
10653.785,1.3716435
10655.712,1.3719504
10657.639,1.4002685
10659.566,1.3523962
10661.493,1.324692
10663.42,1.2936265
10665.348,1.2816086
10667.275,1.3099269
10669.203,1.2867046
10671.131,1.2455551
10673.059,1.2817166
10674.988,1.2517717
10676.916,1.239754
10678.845,1.201966
10680.774,1.1899483
10682.703,1.1487991
10684.632,1.1289383
10686.562,1.057537
10688.491,1.0455194
10690.421,1.0043703
10692.351,0.97666649
10694.281,0.94224006
10696.211,0.91901814
10698.142,0.9249279
10700.072,0.92635589
10702.003,0.9064954
10703.934,0.92248928
10705.865,0.87461763
10707.797,0.84243229
10709.728,0.82705371
10711.66,0.75901408
10713.592,0.70666076
10715.524,0.65318701
10717.456,0.60867688
10719.388,0.6134665
10721.321,0.55102925
10723.253,0.55469848
10725.186,0.52923608
10727.119,0.50489415
10729.053,0.52200884
10730.986,0.49542607
10732.92,0.47556602
10734.853,0.50052393
10736.787,0.44144825
10738.721,0.44847904
10740.656,0.44206448
10742.59,0.40651829
10744.525,0.41242872
10746.46,0.38472573
10748.395,0.37158859
10750.33,0.36181282
10752.265,0.31842364
10754.201,0.31312972
10756.136,0.27646329
10758.072,0.24315822
10760.008,0.25467111
10761.944,0.21576386
10763.881,0.24184263
10765.817,0.26904187
10767.754,0.25254367
10769.691,0.25173177
10771.628,0.21282465
10773.565,0.16607443
10775.503,0.16638306
10777.44,0.13419872
10779.378,0.059437375
10781.316,0.032855331
10783.254,0.018598244
10785.192,0.018907012
10787.131,0.044986115
10789.069,0.025126871
10791.008,0.0052676546
10792.947,0.040310427
10794.886,0.046221574
10796.826,0.04541006
10798.765,0.065887089
10800.705,0.026980392
10802.645,0.054773596
10804.585,0.044472548
10806.525,0.046497417
10808.465,0.039559686
10810.406,0.019177565
10812.347,0.017844048
10814.288,0.022113759
10816.229,0.0084572861
10818.17,0.018331211
10820.111,-0.0054073227
10822.053,0.0044685754
10823.995,-0.0013408145
10825.937,-0.0060287697
10827.879,-0.0062339456
10829.821,-0.01540172
10831.764,-0.001039097
10833.706,-0.010204899
10835.649,0.00079835315
10837.592,0.015163936
10839.535,-0.010805629
10841.479,0.001321031
10843.422,0.020171366
10845.366,-0.01139748
10847.31,0.0063343802
10849.254,-0.031955182
10851.198,-0.044093955
10853.142,-0.012534328
10855.087,-0.024671261
10857.032,-0.065938926
10858.977,-0.024292506
10860.922,-0.0229813
10862.867,0.005221583
10864.812,0.027823145
10866.758,-0.0078376787
10868.704,0.030451998
10870.65,0.078826628
10872.596,0.052132151
10874.542,0.034402179
10876.489,0.0077095414
10878.435,-0.0066572458
10880.382,0.012590333
10882.329,0.0027071784
10884.276,-0.026222675
10886.224,-0.01705637
10888.171,0.011158475
10890.119,0.0091221384
10892.067,0.059747787
10894.015,0.055472394
10895.963,0.010861787
10897.911,0.026756303
10899.86,0.012294892
10901.809,0.012400018
10903.758,0.016987647
10905.707,-0.032205525
10907.656,-0.029857372
10909.605,-0.021906266
10911.555,-0.047567896
10913.505,-0.058662989
10915.455,-0.067516475
10917.405,-0.062923872
10919.355,-0.053848767
10921.306,-0.030207124
10923.256,-0.024491942
10925.207,-0.012053361
10927.158,0.0071086206
10929.109,0.0094645895
10931.061,0.01742351
10933.012,0.017540003
10934.964,-0.035003857
10936.916,-0.015838324
10938.868,0.0022074718
10940.82,0.012410841
10942.773,0.0024468528
10944.725,0.0059289535
10946.678,0.013893557
10948.631,0.045289362
10950.584,0.05763815
10952.537,0.015085578
10954.491,0.027435569
10956.444,0.024099887
10958.398,-0.003885053
10960.352,-0.011701324
10962.306,-0.053130439
10964.26,-0.041897888
10966.215,-0.029544287
10968.17,-0.063128459
10970.124,-0.061978137
10972.079,-0.041779593
10974.035,-0.024941793
10975.99,0.028871399
10977.946,0.022180992
10979.901,0.025575219
10981.857,0.065944838
10983.813,0.089508336
10985.769,0.040243305
10987.726,0.034676353
10989.682,0.012303281
10991.639,-0.02799636
10993.596,-0.016754783
10995.553,-0.061535014
10997.511,-0.079705837
10999.468,-0.030649193
11001.426,-0.042096173
11003.383,-0.017688236
11005.341,-0.020170478
11007.3,-0.026013488
11009.258,0.0096006614
11011.216,-0.0029638845
11013.175,0.027049177
11015.134,0.020088025
11017.093,-0.020485995
11019.052,0.015131037
11021.011,0.038423716
11022.971,0.058355627
11024.931,0.051397358
11026.891,0.052282803
11028.851,0.063252858
11030.811,0.084307524
11032.771,0.099760525
11034.732,0.095046036
11036.693,0.093693468
11038.654,0.11362999
11040.615,0.078665131
11042.576,0.089639222
11044.537,0.11293882
11046.499,0.073493897
11048.461,0.05869941
11050.423,0.021496537
11052.385,0.031353063
11054.347,0.047932855
11056.31,0.058910983
11058.273,0.050842068
11060.235,0.066303142
11062.198,0.067198966
11064.162,0.079299848
11066.125,0.086919514
11068.089,0.08669662
11070.052,0.077510717
11072.016,0.058241357
11073.98,0.080429156
11075.945,0.10485843
11077.909,0.11808379
11079.874,0.092094051
11081.838,0.10980236
11083.803,0.11182498
11085.768,0.10936638
11087.734,0.1057879
11089.699,0.10557135
11091.665,0.10759627
11093.631,0.16116239
11095.597,0.13293636
11097.563,0.16409467
11099.529,0.18068772
11101.496,0.18719732
11103.462,0.20155063
11105.429,0.1968569
11107.396,0.16751388
11109.363,0.20988013
11111.331,0.1861405
11113.298,0.18368998
11115.266,0.16555375
11117.234,0.16758617
11119.202,0.13376482
11121.17,0.11899167
11123.139,0.093014608
11125.107,0.068158575
11127.076,0.066832531
11129.045,0.058784374
11131.014,0.027207382
11132.983,0.056135168
11134.953,0.06713636
11136.923,0.057970061
11138.892,0.093622266
11140.862,0.10014339
11142.833,0.108906
11144.803,0.15240307
11146.773,0.13875786
11148.744,0.13967906
11150.715,0.15964845
11152.686,0.14264362
11154.657,0.17605954
11156.629,0.16577856
11158.6,0.1330892
11160.572,0.16090461
11162.544,0.13942087
11164.516,0.15379206
11166.488,0.1468753
11168.461,0.11755016
11170.433,0.12183905
11172.406,0.088033267
11174.379,0.090082405
11176.352,0.089891224
11178.325,0.090821068
11180.299,0.1175218
11182.272,0.10164607
11184.246,0.13955243
11186.22,0.16625489
11188.194,0.180633
11190.169,0.2118184
11192.143,0.1712957
11194.118,0.17783239
11196.093,0.1944537
11198.068,0.15393273
11200.043,0.1638325
11202.019,0.14908299
11203.994,0.15226123
11205.97,0.19129438
11207.946,0.16198077
11209.922,0.22118315
11211.898,0.24229086
11213.875,0.26115825
11215.851,0.26770129
11217.828,0.24959505
11219.805,0.25165745
11221.782,0.24475684
11223.759,0.18631619
11225.737,0.19062122
11227.715,0.180361
11229.692,0.19475121
11231.67,0.21698514
11233.649,0.22129247
11235.627,0.24576845
11237.605,0.25904052
11239.584,0.26110868
11241.563,0.23292533
11243.542,0.21594703
11245.521,0.22137827
11247.501,0.20552157
11249.48,0.21319486
11251.46,0.1782917
11253.44,0.16355718
11255.42,0.17795489
11257.4,0.15649883
11259.381,0.1361638
11261.361,0.12703383
11263.342,0.12126578
11265.323,0.14462995
11267.304,0.13438126
11269.286,0.13309673
11271.267,0.13405368
11273.249,0.13725209
11275.231,0.12140347
11277.213,0.097712282
11279.195,0.089707947
11281.177,0.10187226
11283.16,0.1106758
11285.142,0.1004323
11287.125,0.11035744
11289.108,0.11019912
11291.092,0.11564363
11293.075,0.10428198
11295.059,0.076114193
11297.042,0.050187876
11299.026,0.056755133
11301.01,0.034191315
11302.995,0.047482414
11304.979,0.061894539
11306.964,0.050536931
11308.949,0.060468416
11310.934,0.06928003
11312.919,0.047840119
11314.904,0.064496022
11316.89,0.077791158
11318.875,0.061955218
11320.861,0.075251507
11322.847,0.040369101
11324.833,0.06823237
11326.82,0.084891733
11328.806,0.042167919
11330.793,0.011769612
11332.78,0.0071421902
11334.767,-0.00084599995
11336.754,0.031502521
11338.742,-0.0067366168
11340.729,-0.001277699
11342.717,0.020988518
11344.705,0.033171278
11346.693,0.01174117
11348.681,0.016081946
11350.67,0.024905091
11352.658,0.025885676
11354.647,0.011180562
11356.636,0.0020782668
11358.625,0.010903719
11360.615,0.038777366
11362.604,0.037519937
11364.594,0.009372329
11366.584,0.0092365018
11368.574,0.027028422
11370.564,0.024652852
11372.554,0.0054711352
11374.545,0.016542096
11376.535,0.00072287742
11378.526,0.038685748
11380.517,0.034072164
11382.509,0.017134227
11384.5,0.040533001
11386.492,0.04040294
11388.483,0.046996144
11390.475,0.053589925
11392.468,0.00080052959
11394.46,-0.0015681215
11396.452,0.00054559663
11398.445,-0.0074241422
11400.438,-0.029959131
11402.431,-0.071541162
11404.424,-0.058220655
11406.417,-0.047140469
11408.411,-0.023734776
11410.404,-0.014894332
11412.398,-0.032944068
11414.392,-0.010657093
11416.387,0.0093895617
11418.381,0.030557242
11420.375,0.042761913
11422.37,0.035919541
11424.365,0.034679987
11426.36,0.022236528
11428.355,0.019877679
11430.351,-0.016094038
11432.346,-0.034138009
11434.342,-0.029772439
11436.338,-0.0511766
11438.334,-0.065857496
11440.331,-0.061490196
11442.327,-0.048728858
11444.324,-0.048292021
11446.321,-0.045613859
11448.318,-0.018285408
11450.315,-0.0044019054
11452.312,0.011722922
11454.31,0.02112549
11456.307,0.0092399717
11458.305,0.04777505
11460.303,-0.010047985
11462.301,0.0083198844
11464.3,0.0087610124
11466.298,-0.012085946
11468.297,0.019728589
11470.296,-0.006719752
11472.295,-0.011879149
11474.294,0.052429671
11476.294,-0.0053899317
11478.293,0.00065644086
11480.293,0.025750862
11482.293,0.034038989
11484.293,0.055772923
11486.293,0.074145942
11488.294,0.076833115
11490.295,0.10753192
11492.295,0.15391743
11494.296,0.16781038
11496.298,0.15593344
11498.299,0.19559755
11500.3,0.19716685
11502.302,0.20770016
11504.304,0.23504063
11506.306,0.23997256
11508.308,0.25722985
11510.311,0.2890534
11512.313,0.28950482
11514.316,0.29555892
11516.319,0.32626331
11518.322,0.32783647
11520.325,0.30924199
11522.329,0.29176839
11524.332,0.31127001
11526.336,0.31620624
11528.34,0.35587678
11530.344,0.33952535
11532.349,0.4128102
11534.353,0.44351844
11536.358,0.46190219
11538.363,0.45339561
11540.368,0.48858694
11542.373,0.51257421
11544.378,0.5130325
11546.384,0.48099823
11548.389,0.4960232
11550.395,0.52449399
11552.401,0.53279713
11554.407,0.51420995
11556.414,0.47321424
11558.42,0.52073436
11560.427,0.47189636
11562.434,0.45219045
11564.441,0.43024407
11566.448,0.40717767
11568.456,0.39419573
11570.464,0.37897333
11572.471,0.31445163
11574.479,0.32836174
11576.487,0.29745435
11578.496,0.28671545
11580.504,0.29390416
11582.513,0.28764791
11584.522,0.29483748
11586.531,0.27513671
11588.54,0.25543638
11590.549,0.26262723
11592.559,0.25861403
11594.569,0.26132394
11596.578,0.25843205
11598.588,0.23985431
11600.599,0.25264954
11602.609,0.26320431
11604.62,0.26367548
11606.63,0.24061766
11608.641,0.23996924
11610.652,0.20234645
11612.664,0.19721709
11614.675,0.19544951
11616.687,0.17127339
11618.699,0.12917052
11620.711,0.12852467
11622.723,0.093145359
11624.735,0.080175437
11626.748,0.064965048
11628.76,0.06656181
11630.773,0.050231831
11632.786,0.068636175
11634.799,0.078077362
11636.813,0.040460155
11638.826,0.059986234
11640.84,0.041417504
11642.854,0.047499063
11644.868,0.056942395
11646.882,0.052940779
11648.897,0.061264522
11650.911,0.097599898
11652.926,0.1059245
11654.941,0.12097222
11656.956,0.079997958
11658.971,0.079360261
11660.987,0.069759407
11663.002,0.052315845
11665.018,0.035993161
11667.034,0.016309561
11669.05,0.010071769
11671.067,0.028484265
11673.083,0.014404194
11675.1,0.017131274
11677.117,0.043388195
11679.134,0.033791203
11681.151,0.04324226
11683.168,0.04373016
11685.186,0.033014008
11687.203,0.046948145
11689.221,0.056400918
11691.239,0.0098317108
11693.258,0.017044446
11695.276,0.026498506
11697.295,0.025868962
11699.313,0.037564777
11701.332,0.026852057
11703.352,0.0060557331
11705.371,0.013271043
11707.39,0.037293504
11709.41,0.053473257
11711.43,0.056208061
11713.45,0.042136572
11715.47,0.039269993
11717.49,0.037524292
11719.511,0.039140364
11721.531,0.028431936
11723.552,-0.011407717
11725.573,-0.0086699087
11727.595,0.0086341546
11729.616,0.0068910279
11731.637,0.0073892267
11733.659,0.031417266
11735.681,0.0083869116
11737.703,0.040258947
11739.725,0.035156621
11741.748,0.017729794
11743.77,0.045121324
11745.793,0.044502078
11747.816,0.006908472
11749.839,0.044385323
11751.863,0.037044675
11753.886,0.02186132
11755.91,0.054857665
11757.934,0.036313823
11759.958,0.04242027
11761.982,0.059731628
11764.006,0.044550418
11766.031,0.027128741
11768.055,0.046682282
11770.08,0.027020567
11772.105,0.0051183843
11774.13,0.045961729
11776.156,0.031903541
11778.181,0.031291161
11780.207,0.027317866
11782.233,0.0042973807
11784.259,-0.010879538
11786.285,-0.0070084092
11788.312,-0.010979988
11790.338,-0.0093488972
11792.365,-0.026764996
11794.392,-0.038578425
11796.419,-0.021259772
11798.446,-0.0084224832
11800.474,0.0044152351
11802.502,-0.014119166
11804.529,0.0009603064
11806.557,0.045171861
11808.586,0.030000091
11810.614,0.054044437
11812.642,0.044475766
11814.671,0.022582595
11816.7,0.03878509
11818.729,0.015772329
11820.758,-0.010601348
11822.788,0.058263499
11824.817,-0.0050841093
11826.847,0.017843221
11828.877,0.048614118
11830.907,-0.019213996
11832.937,0.014919103
11834.968,0.01319829
11836.998,-0.024376436
11839.029,0.0086375023
11841.06,-0.018852332
11843.091,-0.013848739
11845.123,0.031873706
11847.154,0.0014060402
11849.186,-0.024579467
11851.218,-0.012469369
11853.25,-0.019406526
11855.282,0.0061496813
11857.314,-0.028797948
11859.347,-0.044697592
11861.379,-0.029224321
11863.412,-0.014871133
11865.445,-0.0094811642
11867.478,0.0015114111
11869.512,-0.011025059
11871.545,0.024618107
11873.579,-0.0047243542
11875.613,0.011871925
11877.647,0.02286633
11879.681,-0.0019932418
11881.716,0.019085928
11883.75,0.007672466
11885.785,0.0097047482
11887.82,0.045350842
11889.855,0.00144548
11891.891,0.016924238
11893.926,0.022319328
11895.962,-0.013925633
11897.998,0.011454407
11900.034,-0.0068626821
11902.07,0.0028317832
11904.106,0.015887943
11906.143,-0.0024280959
11908.18,0.0005447306
11910.216,-0.021131953
11912.253,-0.029362908
11914.291,-0.039834409
11916.328,-0.064871387
11918.366,-0.030524261
11920.403,-0.029790231
11922.441,-0.021212713
11924.479,0.0019309815
11926.518,-0.025345142
11928.556,4.0148567e-005
11930.595,0.016462204
11932.634,-0.0096924213
11934.673,-0.015678629
11936.712,-0.014941798
11938.751,0.0082043467
11940.791,0.035832634
11942.83,0.038811412
11944.87,0.021622473
11946.91,0.024601951
11948.95,0.030943123
11950.991,0.021598371
11953.031,0.036903829
11955.072,0.057811878
11957.113,0.037263695
11959.154,0.046967962
11961.195,0.033143168
11963.236,0.019318724
11965.278,0.027903593
11967.32,0.011838953
11969.362,0.00025645532
11971.404,-0.015807485
11973.446,-0.016184801
11975.489,0.0024858529
11977.531,-0.0012521072
11979.574,0.00061252377
11981.617,0.0069592975
11983.66,0.0043428358
11985.704,0.021894792
11987.747,0.018158582
11989.791,0.006579585
11991.835,0.011807661
11993.879,-0.0031319803
11995.923,-0.039359787
11997.967,-0.022926179
12000.012,-0.038985218
12002.056,-0.0012623946
12004.101,0.010690471
12006.146,0.0035960673
12008.192,0.027874563
12010.237,0.057755649
12012.283,0.028253333
12014.328,0.049171534
12016.374,0.012947228
12018.42,0.011457166
12020.467,0.022292384
12022.513,0.0084780916
12024.56,-0.0075767466
12026.607,-0.012426753
12028.654,-0.0060719276
12030.701,-0.019884819
12032.748,-0.016890638
12034.796,-0.0060529698
12036.843,-0.0075398813
12038.891,0.024587003
12040.939,0.016378102
12042.987,0.020494482
12045.036,0.021249867
12047.084,0.0040784314
12049.133,-0.0045912938
12051.182,-0.0076584672
12053.231,-0.014086674
12055.28,-0.017153226
12057.33,-0.026942157
12059.379,0.0058462548
12061.429,-0.0039420539
12063.479,-0.0014051218
12065.529,0.016818396
12067.579,-0.0086552553
12069.63,0.0073279873
12071.681,-0.00021787112
12073.731,-0.017847452
12075.782,0.0093412043
12077.834,0.0096394155
12079.885,-0.014711923
12081.936,0.00015273649
12083.988,-0.012993498
12086.04,0.015317161
12088.092,0.0066533402
12090.144,0.0002307269
12092.197,-0.020757402
12094.249,-0.012613567
12096.302,0.012337301
12098.355,0.030565791
12100.408,0.024144731
12102.461,0.053578324
12104.515,0.053880576
12106.568,0.085555687
12108.622,0.083617663
12110.676,0.059270987
12112.73,0.037165517
12114.784,0.056516942
12116.839,0.050098368
12118.893,0.033596072
12120.948,0.040623499
12123.003,0.039808099
12125.058,0.030029424
12127.114,0.054984954
12129.169,0.036243316
12131.225,0.05335633
12133.281,0.055903828
12135.337,0.047247155
12137.393,0.047554379
12139.45,0.053464154
12141.506,0.032483484
12143.563,0.018225814
12145.62,0.0028480062
12147.677,0.018843058
12149.734,0.012429457
12151.792,0.009377512
12153.849,0.0029645328
12155.907,0.038008447
12157.965,0.013668918
12160.023,0.022943146
12162.081,0.01653141
12164.14,0.017963122
12166.199,0.033960971
12168.257,0.028670615
12170.316,0.033464604
12172.376,0.053945178
12174.435,0.040812618
12176.494,0.074739191
12178.554,0.054884563
12180.614,0.075366381
12182.674,0.066716856
12184.734,0.042381367
12186.795,0.06734591
12188.855,0.027324768
12190.916,0.038844554
12192.977,0.049244202
12195.038,0.028271612
12197.099,0.075646672
12199.161,0.068120081
12201.222,0.057232457
12203.284,0.077717693
12205.346,0.04218083
12207.408,0.048100861
12209.471,0.045057618
12211.533,0.052098718
12213.596,0.0468152
12215.659,0.057218267
12217.722,0.073223885
12219.785,0.066820851
12221.848,0.08954978
12223.912,0.05625661
12225.975,0.035288682
12228.039,0.041211821
12230.103,-0.0021644497
12232.168,0.032890963
12234.232,-0.0015211002
12236.297,-0.0079216484
12238.361,0.028255145
12240.426,0.0016871511
12242.491,0.0020102244
12244.557,0.0079358493
12246.622,-0.011908523
12248.688,0.016426687
12250.753,-0.01798289
12252.819,-0.021019608
12254.886,-0.013927396
12256.952,-0.018039445
12259.018,-0.0053445523
12261.085,-0.031865125
12263.152,-0.028133378
12265.219,-0.026642306
12267.286,-0.027391911
12269.353,-0.037104881
12271.421,-0.0087223928
12273.489,0.015178523
12275.557,0.0088275573
12277.625,0.021524431
12279.693,0.034221525
12281.761,0.042437046
12283.83,0.07978444
12285.899,0.042062026
12287.968,0.01778521
12290.037,0.038326542
12292.106,0.017411511
12294.175,0.046916868
12296.245,0.022640932
12298.315,0.0039674578
12300.385,0.023389441
12302.455,0.0069573035
12304.525,0.0095730046
12306.596,0.018911615
12308.667,-0.027771964
12310.737,-0.0027466388
12312.808,0.00099039081
12314.88,0.0024867441
12316.951,0.029753626
12319.023,0.025648178
12321.094,0.0058566764
12323.166,0.025281081
12325.238,0.025658086
12327.31,0.010349037
12329.383,0.019690069
12331.455,-0.0012207812
12333.528,0.014843379
12335.601,0.063400757
12337.674,0.049213256
12339.748,0.049591802
12341.821,0.057813706
12343.895,0.050349555
12345.968,0.064174139
12348.042,0.044385498
12350.117,0.013392596
12352.191,0.017133807
12354.265,0.011911652
12356.34,0.0055692698
12358.415,-0.0063751335
12360.49,0.0018487505
12362.565,0.022397785
12364.641,0.039585694
12366.716,0.042207998
12368.792,0.034746487
12370.868,0.041851024
12372.944,0.027667264
12375.02,0.035892689
12377.097,0.0071435437
12379.173,-0.0070395552
12381.25,0.010150115
12383.327,-0.0085143365
12385.404,-0.0036491561
12387.481,0.014661623
12389.559,-0.0096044096
12391.636,0.031115773
12393.714,0.0057297326
12395.792,0.0016324279
12397.87,0.032269237
12399.949,-0.0065615213
12402.027,0.0039076606
12404.106,-0.016995487
12406.185,-0.037898414
12408.264,-0.02854902
12410.343,-0.026355147
12412.422,-0.032004227
12414.502,-0.018605505
12416.582,-0.019772425
12418.662,-0.0018915427
12420.742,-0.016503473
12422.822,0.027148085
12424.902,-0.0053906493
12426.983,-0.0020748579
12429.064,0.016927392
12431.145,0.022484447
12433.226,0.044848409
12435.307,0.034719558
12437.389,0.011145512
12439.47,0.03014868
12441.552,-0.0079908242
12443.634,-0.015878044
12445.716,-0.032728666
12447.799,-0.033892829
12449.881,-0.02833412
12451.964,-0.044063742
12454.047,-0.026179735
12456.13,-0.0071750956
12458.213,0.019672864
12460.296,0.0207507
12462.38,-0.0042112347
12464.464,0.015644919
12466.548,0.015333166
12468.632,0.017262471
12470.716,0.015830593
12472.8,-0.028178155
12474.885,-0.0094416435
12476.97,0.016017718
12479.055,0.019068278
12481.14,0.018757654
12483.225,-0.010684461
12485.311,-0.0065129698
12487.396,0.0099836128
12489.482,-0.013855778
12491.568,-0.0096838026
12493.654,-0.030161526
12495.741,-0.025989228
12497.827,-0.0005282541
12499.914,0.0047648143
12502.001,-2.598976e-005
12504.088,0.010869642
12506.175,-0.029775181
12508.262,-0.022240572
12510.35,-0.0091035597
12512.438,-0.0094117647
12514.526,-0.029934462
12516.614,-0.015723109
12518.702,-0.036245492
12520.79,0.0037364841
12522.879,0.0056233795
12524.968,0.0097513286
12527.057,0.0049158497
12529.146,0.038175766
12531.235,0.026617913
12533.325,0.047553214
12535.414,0.03935702
12537.504,0.027799639
12539.594,0.027446897
12541.684,0.034937449
12543.775,0.022260092
12545.865,0.030871408
12547.956,0.029398847
12550.047,0.021203754
12552.138,0.016370164
12554.229,0.024982109
12556.321,0.019028385
12558.412,-0.0059728009
12560.504,0.011603202
12562.596,0.0067703979
12564.688,-0.00030314488
12566.78,0.020634674
12568.873,0.0023569644
12570.965,0.0076088238
12573.058,0.046474286
12575.151,0.016992566
12577.244,0.032328931
12579.338,0.061110832
12581.431,0.047315859
12583.525,0.070495833
12585.619,0.039894453
12587.713,0.033943089
12589.807,0.031353227
12591.901,-0.0026090259
12593.996,-0.0085599173
12596.09,-0.0066675141
12598.185,-0.015979435
12600.28,-0.0073640284
12602.376,-0.016675635
12604.471,0.010987706
12606.567,0.0095195513
12608.662,0.0035697614
12610.758,0.0077041625
12612.854,-0.019533828
12614.951,-0.007555975
12617.047,-0.0067824463
12619.144,-0.030837031
12621.241,-0.0022304088
12623.338,-0.019562019
12625.435,-0.018966317
12627.532,0.015242974
12629.63,0.023682099
12631.727,0.010583863
12633.825,0.0088147456
12635.923,0.015760368
12638.021,0.0078913172
12640.12,0.018323063
12642.218,0.017425975
12644.317,0.014786111
12646.416,0.023475365
12648.515,0.0016636718
12650.614,0.031268244
12652.714,0.02775749
12654.813,0.0172752
12656.913,0.039037063
12659.013,0.014611703
12661.113,0.018944657
12663.213,0.021534833
12665.314,0.0014672002
12667.414,0.011900799
12669.515,-0.014266767
12671.616,-0.0047043426
12673.717,0.0048582241
12675.819,-0.0047511799
12677.92,0.023983785
12680.022,0.014374666
12682.124,0.0030227706
12684.226,0.0056143725
12686.328,-0.0074801575
12688.43,0.0073121652
12690.533,0.0064183559
12692.636,0.0081390683
12694.738,0.002016786
12696.842,-0.01456287
12698.945,-0.01371319
12701.048,-0.016349206
12703.152,-0.010270482
12705.256,-0.004191616
12707.36,-0.015541801
12709.464,-0.013819949
12711.568,-0.015583792
12713.672,-0.012990195
12715.777,-0.010396454
12717.882,-0.0025738137
12719.987,2.0211405e-005
12722.092,0.0095860566
12724.197,0.01909553
12726.303,0.010304416
12728.409,0.0067421262
12730.514,0.013637418
12732.62,0.0048465013
12734.727,0.021327981
12736.833,0.012537196
12738.94,0.0011320976
12741.046,-0.010272935
12743.153,-0.025163741
12745.26,3.2664876e-005
12747.368,-0.0061434125
12749.475,-0.0079621256
12751.583,-0.0097807729
12753.69,-0.02467125
12755.798,-0.033461443
12757.906,-0.021336538
12760.015,0.011703465
12762.123,0.014242445
12764.232,0.014167112
12766.341,0.021063522
12768.45,0.02098832
12770.559,0.039213838
12772.668,0.036524388
12774.778,0.049521279
12776.887,0.056418018
12778.997,0.011027241
12781.107,0.030124547
12783.218,0.018720829
12785.328,0.0073171776
12787.439,0.016828624
12789.549,-0.0076467914
12791.66,0.0053506256
12793.771,0.01486227
12795.883,0.0034589467
12797.994,0.026914077
12800.106,0.012896507
12802.217,0.011950898
12804.329,0.0066480557
12806.441,-0.010855156
12808.554,0.013471763
12810.666,0.0046832794
12812.779,0.0046094587
12814.892,0.0097644618
12817.005,-0.0042525825
12819.118,0.017460286
12821.231,0.010415051
12823.345,0.022541995
12825.458,0.020725649
12827.572,0.0049660145
12829.686,0.014478777
12831.801,0.0022051119
12833.915,-0.00135389
12836.03,0.0038017709
12838.144,-0.011957535
12840.259,0.0036557735
12842.374,-0.0042602638
12844.49,0.020939233
12846.605,0.032195441
12848.721,0.023408141
12850.836,0.042507617
12852.952,0.038949207
12855.069,0.041491081
12857.185,0.04490448
12859.301,0.026531452
12861.418,0.034302282
12863.535,0.016800845
12865.652,0.0045282329
12867.769,0.0044561221
12869.886,0.00089823821
12872.004,0.0025691783
12874.122,-0.0027314935
12876.24,-0.0028033412
12878.358,0.014554071
12880.476,0.019711113
12882.594,0.023996761
12884.713,0.027411015
12886.832,0.017753439
12888.951,0.022039284
12891.07,0.007153082
12893.189,0.00795322
12895.308,0.0043961253
12897.428,-0.0070040409
12899.548,0.018197166
12901.668,0.0024398328
12903.788,0.0075975981
12905.908,0.023212946
12908.029,0.0030985113
12910.149,0.033528805
12912.27,0.026486398
12914.391,0.03687325
12916.512,0.068175201
12918.634,0.027146063
12920.755,0.060191064
12922.877,0.057506284
12924.999,0.060921788
12927.121,0.074794874
12929.243,0.049452339
12931.366,0.063325556
12933.488,0.040597532
12935.611,0.023969791
12937.734,0.048300722
12939.857,0.021215597
12941.98,0.028117465
12944.104,0.016718746
12946.227,0.01142031
12948.351,0.018322376
12950.475,0.013024072
12952.599,0.033869624
12954.724,0.0067849592
12956.848,0.013687288
12958.973,0.010132166
12961.098,0.0039627313
12963.223,0.023937153
12965.348,0.0029530346
12967.473,0.012470071
12969.599,0.017629875
12971.724,0.0097178498
12973.85,0.027078221
12975.976,-0.0078489235
12978.103,0.0025399018
12980.229,0.0024712765
12982.356,-0.014155017
12984.482,0.0075629814
12986.609,-0.002962963
12988.737,-0.0059048001
12990.864,-0.0062322135
12992.991,-0.010916881
12995.119,0.014899586
12997.247,-0.00024250907
12999.375,-0.011027261
13001.503,-2.5475366e-005
13003.631,-0.016038896
13005.76,-0.0024226426
13007.888,-0.0062355384
13010.017,-0.028349043
13012.146,-0.03303331
13014.275,-0.039460451
13016.405,-0.0049289422
13018.534,-0.0069986959
13020.664,-0.015168623
13022.794,-0.017238288
13024.924,-0.020179367
13027.054,0.0012804689
13029.185,0.014897212
13031.315,0.036357138
13033.446,0.029058938
13035.577,0.017403484
13037.708,0.021434349
13039.839,0.0062931451
13041.971,0.028624753
13044.103,0.016969477
13046.234,0.016643222
13048.366,0.011088253
13050.499,-0.0049241876
13052.631,0.010435965
13054.763,0.0092384286
13056.896,0.024598671
13059.029,0.035601659
13061.162,0.039633014
13063.295,0.045407333
13065.429,0.026780825
13067.562,0.046498588
13069.696,0.040944065
13071.83,0.02493207
13073.964,-0.00066593748
13076.098,-0.00099156902
13078.233,-0.015260511
13080.367,-0.039115465
13082.502,-0.014168632
13084.637,-0.0049080288
13086.772,0.0052240788
13088.907,0.029299586
13091.043,0.029845726
13093.178,0.046949645
13095.314,0.027452301
13097.45,0.052399446
13099.586,0.0651462
13101.723,0.024733957
13103.859,0.0034938718
13105.996,-0.010774491
13108.133,-0.026785729
13110.27,-0.02101043
13112.407,-0.037893038
13114.544,-0.021660134
13116.682,-0.029828056
13118.82,-0.033638636
13120.958,-0.0025907825
13123.096,0.020613978
13125.234,0.02377521
13127.372,0.038265462
13129.511,0.023997589
13131.65,0.047202528
13133.789,0.026834526
13135.928,0.023024303
13138.067,0.016599745
13140.207,-0.0055110421
13142.346,-0.01367843
13144.486,0.0025550983
13146.626,-0.016069717
13148.766,-0.010444502
13150.907,-0.032705966
13153.047,-0.029695066
13155.188,-0.012740779
13157.329,-0.020187331
13159.47,-0.018919254
13161.611,-0.00022195088
13163.753,-0.042526794
13165.894,-0.022086507
13168.036,-0.028661438
13170.178,-0.014321304
13172.32,0.03574871
13174.462,0.0047730042
13176.605,0.030442211
13178.747,0.022124522
13180.89,-0.0053652482
13183.033,0.020304055
13185.176,-0.028100683
13187.319,0.010640581
13189.463,0.025852465
13191.607,-0.023423637
13193.75,0.012703345
13195.894,-0.01391474
13198.039,-0.010903162
13200.183,0.006923262
13202.327,0.0081919845
13204.472,0.052162264
13206.617,0.033387478
13208.762,0.018970023
13210.907,0.027210552
13213.053,0.014536081
13215.198,0.028876893
13217.344,0.042346277
13219.49,0.057558612
13221.636,0.041398431
13223.782,0.03220996
13225.929,0.022150062
13228.075,0.010347276
13230.222,0.025559773
13232.369,0.023343109
13234.516,0.042041509
13236.664,0.031981772
13238.811,0.0071072519
13240.959,0.040620564
13243.107,0.04014698
13245.255,0.041416348
13247.403,0.063600781
13249.551,0.048312479
13251.7,0.048710484
13253.848,0.043008303
13255.997,0.046020752
13258.146,0.053390531
13260.296,0.032002173
13262.445,0.032400339
13264.595,0.056327949
13266.744,0.077641213
13268.894,0.09459721
13271.044,0.1211393
13273.195,0.13373806
13275.345,0.16202313
13277.496,0.17897926
13279.647,0.20029271
13281.798,0.21637744
13283.949,0.21503301
13286.1,0.18841629
13288.252,0.19317214
13290.403,0.17004131
13292.555,0.18351182
13294.707,0.16909566
13296.859,0.14945077
13299.012,0.13852051
13301.164,0.12236152
13303.317,0.12101738
13305.47,0.13710247
13307.623,0.13575839
13309.776,0.16752982
13311.93,0.15311391
13314.083,0.15961307
13316.237,0.19399897
13318.391,0.20572695
13320.545,0.23749854
13322.699,0.24486929
13324.854,0.24439693
13327.008,0.25786796
13329.163,0.22776604
13331.318,0.24472297
13333.473,0.26690869
13335.629,0.24290708
13337.784,0.25812119
13339.94,0.24544863
13342.096,0.23626193
13344.252,0.26454803
13346.408,0.24751826
13348.564,0.27406151
13350.721,0.26226057
13352.878,0.2365163
13355.034,0.2552165
13357.192,0.25300171
13359.349,0.25340133
13361.506,0.25815828
13363.664,0.22892833
13365.822,0.24065702
13367.979,0.23495655
13370.138,0.23535633
13372.296,0.24882804
13374.454,0.2509708
13376.613,0.24614192
13378.772,0.26309956
13380.931,0.25914221
13383.09,0.29440057
13385.249,0.30264371
13387.409,0.31873002
13389.569,0.33917367
13391.728,0.33783085
13393.888,0.34345974
13396.049,0.33688823
13398.209,0.34687449
13400.37,0.37603289
13402.53,0.33547455
13404.691,0.3498182
13406.852,0.33366079
13409.014,0.29920276
13411.175,0.31006067
13413.337,0.27908855
13415.498,0.28471776
13417.66,0.25636008
13419.822,0.22887389
13421.985,0.26326138
13424.147,0.23316087
13426.31,0.24750485
13428.473,0.25923447
13430.636,0.26050662
13432.799,0.28443674
13434.962,0.25346494
13437.126,0.28262389
13439.289,0.27343865
13441.453,0.2651249
13443.617,0.27424037
13445.781,0.25546917
13447.946,0.27591368
13450.11,0.26411422
13452.275,0.27497274
13454.44,0.31023217
13456.605,0.26183149
13458.77,0.29621952
13460.936,0.28093438
13463.101,0.27262096
13465.267,0.29655157
13467.433,0.25860857
13469.599,0.27121027
13471.766,0.28294054
13473.932,0.27462728
13476.099,0.31337286
13478.266,0.3041882
13480.433,0.30894692
13482.6,0.31021984
13484.767,0.26704834
13486.935,0.30753701
13489.102,0.28789499
13491.27,0.24733798
13493.438,0.25296835
13495.607,0.23419789
13497.775,0.22937082
13499.943,0.22192939
13502.112,0.22058822
13504.281,0.23057606
13506.45,0.18479051
13508.62,0.18606381
13510.789,0.19605175
13512.959,0.18512468
13515.128,0.18291224
13517.298,0.17198524
13519.468,0.18023038
13521.639,0.1788895
13523.809,0.17580573
13525.98,0.18230806
13528.151,0.17922435
13530.322,0.17178338
13532.493,0.1695712
13534.664,0.17781657
13536.836,0.16863278
13539.008,0.16467778
13541.179,0.16595157
13543.351,0.17419706
13545.524,0.19028573
13547.696,0.19678838
13549.869,0.19806229
13552.041,0.18975019
13554.214,0.18230957
13556.387,0.18881234
13558.561,0.1595853
13560.734,0.16957398
13562.908,0.18304852
13565.082,0.17037931
13567.256,0.16555327
13569.43,0.1685704
13571.604,0.1750734
13573.779,0.16240431
13575.953,0.16890738
13578.128,0.17366755
13580.303,0.173199
13582.478,0.17098757
13584.654,0.16180448
13586.829,0.15436435
13589.005,0.14866717
13591.181,0.13251251
13593.357,0.14947335
13595.533,0.11414663
13597.709,0.13895067
13599.886,0.13151074
13602.063,0.11622769
13604.24,0.14016037
13606.417,0.13097761
13608.594,0.13050948
13610.772,0.13265576
13612.949,0.10081515
13615.127,0.12997674
13617.305,0.1173083
13619.483,0.13078369
13621.661,0.14425911
13623.84,0.12636201
13626.019,0.14419479
13628.197,0.15157009
13630.376,0.15545958
13632.556,0.17416392
13634.735,0.16149574
13636.915,0.15057051
13639.094,0.11001569
13641.274,0.078175489
13643.454,0.095137069
13645.634,0.081597592
13647.815,0.061957928
13649.995,0.078919605
13652.176,0.066251684
13654.357,0.055326715
13656.538,0.054859294
13658.72,0.081407156
13660.901,0.098368994
13663.083,0.076115177
13665.264,0.085233942
13667.446,0.091738361
13669.629,0.068613181
13671.811,0.068145987
13673.993,0.088593857
13676.176,0.11949928
13678.359,0.10247444
13680.542,0.077606506
13682.725,0.071910714
13684.909,0.055757439
13687.092,0.05529047
13689.276,0.076610025
13691.46,0.10402983
13693.644,0.083519386
13695.828,0.032507884
13698.012,0.039012754
13700.197,0.052489333
13702.382,0.045050913
13704.567,0.052427339
13706.752,0.051960661
13708.937,0.029707522
13711.123,0.0013541976
13713.308,-0.0017267632
13715.494,0.016978801
13717.68,0.006054767
13719.866,-0.0039977746
13722.053,0.012093507
13724.239,0.015984385
13726.426,0.022489674
13728.613,0.026380617
13730.8,0.016328237
13732.987,0.035905518
13735.174,0.047639695
13737.362,0.063731202
13739.55,0.091151718
13741.737,0.097657233
13743.926,0.11200592
13746.114,0.096725006
13748.302,0.10323062
13750.491,0.13326567
13752.68,0.13541405
13754.869,0.14279122
13757.058,0.13709653
13759.247,0.12268727
13761.436,0.13442183
13763.626,0.13831329
13765.816,0.17357733
13768.006,0.18008323
13770.196,0.18310333
13772.386,0.21226725
13774.577,0.21180157
13776.768,0.24968015
13778.959,0.28058708
13781.15,0.28273588
13783.341,0.28314179
13785.532,0.29836255
13787.724,0.33362691
13789.915,0.36279109
13792.107,0.38672654
13794.299,0.4307056
13796.492,0.44592652
13798.684,0.45853309
13800.877,0.50164078
13803.07,0.55259165
13805.263,0.55299788
13807.456,0.57780502
13809.649,0.61481262
13811.842,0.59866122
13814.036,0.60429634
13816.23,0.59860251
13818.424,0.61208084
13820.618,0.61945897
13822.812,0.618994
13825.007,0.65338746
13827.202,0.66163715
13829.397,0.64200016
13831.592,0.66942204
13833.787,0.66459993
13835.982,0.68679311
13838.178,0.70811486
13840.373,0.70677869
13842.569,0.70544255
13844.766,0.71107812
13846.962,0.69841307
13849.158,0.70840601
13851.355,0.71055584
13853.552,0.70747694
13855.749,0.70701246
13857.946,0.6655894
13860.143,0.66512498
13862.341,0.67337519
13864.538,0.64066683
13866.736,0.66808921
13868.934,0.66065324
13871.132,0.65060293
13873.331,0.65798184
13875.529,0.62701656
13877.728,0.66663954
13879.927,0.6339314
13882.126,0.59338016
13884.325,0.58333004
13886.524,0.53144988
13888.724,0.54405778
13890.924,0.53226483
13893.124,0.53877258
13895.324,0.55312349
13897.524,0.50298641
13899.724,0.51210863
13901.925,0.48985833
13904.126,0.48939456
13906.327,0.4871879
13908.528,0.43966536
13910.729,0.42874417
13912.931,0.38383608
13915.132,0.36158597
13917.334,0.3890091
13919.536,0.3789595
13921.738,0.3889535
13923.941,0.38587563
13926.143,0.37931196
13928.346,0.37623417
13930.549,0.36182742
13932.752,0.34654925
13934.955,0.35828637
13937.159,0.34736556
13939.362,0.32075851
13941.566,0.3351101
13943.77,0.31547479
13945.974,0.31065433
13948.178,0.30844828
13950.383,0.30537081
13952.587,0.32146548
13954.792,0.2678434
13956.997,0.2351364
13959.202,0.23990219
13961.408,0.21765276
13963.613,0.23200467
13965.819,0.21498406
13968.025,0.20667809
13970.231,0.21754426
13972.437,0.22056732
13974.643,0.26106319
13976.85,0.27541529
13979.056,0.28018137
13981.263,0.28930478
13983.47,0.2687986
13985.678,0.27530769
13987.885,0.28268828
13990.093,0.27699701
13992.3,0.26781993
13994.508,0.23598493
13996.716,0.22767937
13998.925,0.20804487
14001.133,0.21368273
14003.342,0.22454939
14005.551,0.2240871
14007.76,0.23059652
14009.969,0.20486196
14012.178,0.20701415
14014.388,0.22223826
14016.597,0.21654737
14018.807,0.24484345
14021.017,0.21475175
14023.227,0.20731804
14025.438,0.21382772
14027.648,0.18547904
14029.859,0.2068036
14032.07,0.19937002
14034.281,0.20239399
14036.492,0.20716091
14038.704,0.17358363
14040.915,0.18532229
14043.127,0.18311763
14045.339,0.17219841
14047.551,0.19526614
14049.763,0.17476092
14051.976,0.18214245
14054.189,0.18952401
14056.401,0.18121932
14058.614,0.20080138
14060.827,0.1959826
14063.041,0.19377823
14065.254,0.18808805
14067.468,0.16322579
14069.682,0.17845071
14071.896,0.16666041
14074.11,0.14964139
14076.324,0.15440889
14078.539,0.14523307
14080.754,0.15697231
14082.969,0.15999699
14085.184,0.16825046
14087.399,0.16953228
14089.614,0.17952873
14091.83,0.19911127
14094.046,0.19080714
14096.262,0.21300412
14098.478,0.20208567
14100.694,0.19465309
14102.911,0.19942098
14105.127,0.2041889
14107.344,0.24991545
14109.561,0.22766819
14111.778,0.22372161
14113.996,0.23720425
14116.213,0.2167
14118.431,0.24064023
14120.649,0.23059356
14122.867,0.22577568
14125.085,0.21660054
14127.303,0.17953872
14129.522,0.19476451
14131.741,0.1803607
14133.96,0.19732948
14136.179,0.19686909
14138.398,0.19030852
14140.617,0.21076323
14142.837,0.19635958
14145.057,0.20635684
14147.277,0.22506873
14149.497,0.21589394
14151.717,0.24157757
14153.938,0.21235927
14156.158,0.21277064
14158.379,0.20011014
14160.6,0.19180697
14162.821,0.22707682
14165.043,0.22313101
14167.264,0.21308502
14169.486,0.23354015
14171.708,0.22087985
14173.93,0.23872066
14176.152,0.26091881
14178.374,0.26568779
14180.597,0.29137184
14182.82,0.2743544
14185.043,0.28348078
14187.266,0.30655055
14189.489,0.2851759
14191.712,0.29953114
14193.936,0.31562932
14196.16,0.32737025
14198.384,0.35654039
14200.608,0.32819423
14202.832,0.33993525
14205.057,0.33511856
14207.281,0.31984439
14209.506,0.33681427
14211.731,0.33025476
14213.956,0.33763864
14216.182,0.32323606
14218.407,0.32277687
14220.633,0.35630464
14222.859,0.34974529
14225.085,0.37455853
14227.311,0.39675741
14229.537,0.39629838
14231.764,0.40368252
14233.991,0.37882268
14236.218,0.38794981
14238.445,0.3962055
14240.672,0.3791889
14242.9,0.41097407
14245.127,0.39134315
14247.355,0.38478416
14249.583,0.39565439
14251.811,0.39781006
14254.039,0.45138189
14256.268,0.43872281
14258.497,0.45656485
14260.725,0.45610627
14262.954,0.42950393
14265.184,0.45518921
14267.413,0.45647365
14269.642,0.48651629
14271.872,0.48692933
14274.102,0.46032715
14276.332,0.46074026
14278.562,0.42542355
14280.793,0.45808073
14283.023,0.45239371
14285.254,0.46849322
14287.485,0.4880786
14289.716,0.45799081
14291.947,0.48280502
14294.179,0.4936759
14296.41,0.52720476
14298.642,0.5642195
14300.874,0.54546085
14303.106,0.6007763
14305.339,0.56633144
14307.571,0.55715894
14309.804,0.58023048
14312.037,0.56931513
14314.27,0.57234316
14316.503,0.55881349
14318.736,0.54615532
14320.97,0.5587695
14323.204,0.53565388
14325.437,0.56918316
14327.672,0.57395431
14329.906,0.56478213
14332.14,0.5834967
14334.375,0.57519605
14336.61,0.5912963
14338.844,0.59519615
14341.08,0.58515267
14343.315,0.60648178
14345.55,0.59208107
14347.786,0.59162375
14350.022,0.60162398
14352.258,0.57938023
14354.494,0.58589468
14356.73,0.58195165
14358.967,0.59456639
14361.203,0.62025305
14363.44,0.61195282
14365.677,0.61585305
14367.914,0.63456814
14370.152,0.63846844
14372.389,0.66066942
14374.627,0.66369833
14376.865,0.66759872
14379.103,0.66278456
14381.341,0.65274166
14383.58,0.63136983
14385.818,0.64747079
14388.057,0.65137135
14390.296,0.63609982
14392.535,0.63041439
14394.774,0.64564402
14397.014,0.66000222
14399.254,0.673489
14401.493,0.68261851
14403.733,0.70830579
14405.974,0.7122066
14408.214,0.68996366
14410.454,0.69996476
14412.695,0.70212275
14414.936,0.67116531
14417.177,0.64717958
14419.418,0.61883658
14421.66,0.61489449
14423.901,0.59962345
14426.143,0.56082303
14428.385,0.57082439
14430.627,0.56601096
14432.869,0.55771173
14435.111,0.59211405
14437.354,0.5942724
14439.597,0.59991662
14441.84,0.60556087
14444.083,0.60684786
14446.326,0.6142351
14448.57,0.6251082
14450.813,0.64731032
14453.057,0.66951247
14455.301,0.64465582
14457.545,0.63025673
14459.79,0.64635875
14462.034,0.63631702
14464.279,0.64631889
14466.524,0.67287853
14468.769,0.6671942
14471.014,0.66673865
14473.259,0.65146832
14475.505,0.67715663
14477.751,0.71678833
14479.997,0.71371853
14482.243,0.73766402
14484.489,0.75202348
14486.735,0.7594113
14488.982,0.77377082
14491.229,0.76460097
14493.476,0.75978845
14495.723,0.76804785
14497.97,0.76497832
14500.218,0.78020946
14502.465,0.78672605
14504.713,0.79411412
14506.961,0.81195975
14509.209,0.81934789
14511.458,0.8624659
14513.706,0.89948374
14515.955,0.90077176
14518.204,0.919489
14520.453,0.92774876
14522.702,0.91857936
14524.951,0.93381086
14527.201,0.91941277
14529.451,0.94335893
14531.701,0.93418966
14533.951,0.90933415
14536.201,0.92369435
14538.451,0.92759707
14540.702,0.93934296
14542.953,0.97636121
14545.204,0.94976294
14547.455,0.95889455
14549.706,0.93142488
14551.958,0.95014261
14554.209,1.0054617
14556.461,0.99280692
14558.713,1.0123962
14560.965,1.0241424
14563.218,1.0219452
14565.47,1.044149
14567.723,1.0497951
14569.976,1.0754847
14572.229,1.066316
14574.482,1.0606332
14576.735,1.1002663
14578.989,1.0980694
14581.243,1.0932582
14583.497,1.0762465
14585.751,1.0853786
14588.005,1.0892821
14590.26,1.0774993
14592.514,1.0735596
14594.769,1.060034
14597.024,1.0465083
14599.279,1.0591265
14601.534,1.0621587
14603.79,1.073034
14606.046,1.0542797
14608.301,1.0372684
14610.557,1.0533726
14612.814,1.0529191
14615.07,1.0393937
14617.326,1.0267398
14619.583,0.98532782
14621.84,0.98661735
14624.097,0.9905213
14626.354,0.98658214
14628.612,1.0201158
14630.869,0.99787603
14633.127,1.0078803
14635.385,1.0170132
14637.643,1.0000023
14639.901,1.0039065
14642.16,0.99038148
14644.418,0.98034237
14646.677,0.98860393
14648.936,0.95503547
14651.195,0.95545396
14653.455,0.90881367
14655.714,0.89267449
14657.974,0.88960724
14660.234,0.86823938
14662.494,0.86081489
14664.754,0.83334687
14667.014,0.81720786
14669.275,0.81762661
14671.536,0.78841577
14673.796,0.80016356
14676.058,0.79186781
14678.319,0.78182918
14680.58,0.79183415
14682.842,0.76959515
14685.104,0.77468832
14687.365,0.75157792
14689.628,0.74415382
14691.89,0.70820926
14694.152,0.70648933
14696.415,0.69407425
14698.678,0.65599075
14700.941,0.65213188
14703.204,0.63116074
14705.467,0.60947662
14707.731,0.59777471
14709.994,0.56610848
14712.258,0.56795387
14714.522,0.5640952
14716.786,0.58447898
14719.051,0.54568275
14721.315,0.54610225
14723.58,0.55864299
14725.845,0.53695916
14728.11,0.54308285
14730.375,0.53066825
14732.641,0.5246708
14734.906,0.52437747
14737.172,0.50982393
14739.438,0.51309573
14741.704,0.48570803
14743.97,0.50466618
14746.237,0.49296481
14748.504,0.48625457
14750.77,0.49023955
14753.037,0.46855611
14755.304,0.4925055
14757.572,0.47866526
14759.839,0.48122434
14762.107,0.48592249
14764.375,0.44142282
14766.643,0.45966827
14768.911,0.45010627
14771.179,0.43983128
14773.448,0.44167755
14775.717,0.43211564
14777.986,0.45392632
14780.255,0.4229741
14782.524,0.40913422
14784.793,0.40028545
14787.063,0.38929769
14789.333,0.40825647
14791.603,0.38799961
14793.873,0.38485507
14796.143,0.37600647
14798.414,0.35931476
14800.684,0.36472647
14802.955,0.34375676
14805.226,0.35415962
14807.497,0.36812758
14809.769,0.35642712
14812.04,0.36397803
14814.312,0.35726872
14816.584,0.35626355
14818.856,0.37736179
14821.128,0.36851355
14823.4,0.37677763
14825.673,0.36792945
14827.946,0.35123816
14830.219,0.37162355
14832.492,0.35350631
14834.765,0.37389176
14837.038,0.38144303
14839.312,0.36546492
14841.586,0.37872035
14843.86,0.34705602
14846.134,0.36744164
14848.408,0.3828362
14850.683,0.36543223
14852.957,0.37512276
14855.232,0.34773667
14857.507,0.3481581
14859.782,0.33431931
14862.058,0.31335043
14864.333,0.33231029
14866.609,0.33273185
14868.885,0.34313561
14871.161,0.33357506
14873.437,0.3211625
14875.713,0.31730611
14877.99,0.32628398
14880.267,0.34096599
14882.543,0.35636103
14884.821,0.36391298
14887.098,0.38144713
14889.375,0.38828612
14891.653,0.37373478
14893.931,0.37629576
14896.209,0.38812594
14898.487,0.38498289
14900.765,0.41535146
14903.044,0.40365232
14905.322,0.39694431
14907.601,0.38595825
14909.88,0.36427703
14912.159,0.35471707
14914.439,0.3494352
14916.718,0.34058831
14918.998,0.33815856
14921.278,0.3214686
14923.558,0.31333482
14925.838,0.30377504
14928.118,0.30205843
14930.399,0.30034186
14932.68,0.30860749
14934.961,0.31687316
14937.242,0.32656488
14939.523,0.32770049
14941.804,0.33667926
14944.086,0.33353686
14946.368,0.33823762
14948.65,0.33723432
14950.932,0.33623105
14953.214,0.3516271
14955.497,0.35418895
14957.779,0.36673302
14960.062,0.37713807
14962.345,0.35902266
14964.628,0.35659356
14966.912,0.34846039
14969.195,0.35743955
14971.479,0.35144549
14973.763,0.34687748
14976.047,0.36013481
14978.331,0.33702854
14980.616,0.33459966
14982.9,0.32290166
14985.185,0.29765645
14987.47,0.30449683
14989.755,0.29065988
14992.04,0.3017784
14994.326,0.30861888
14996.611,0.30690324
14998.897,0.31730885
15001.183,0.30347207
15003.469,0.30959966
15005.756,0.31144922
15008.042,0.30616868
15010.329,0.32370457
15012.616,0.33411037
15014.903,0.33809909
15017.19,0.33139265
15019.477,0.32112119
15021.765,0.33010109
15024.052,0.33694199
15026.34,0.33237472
15028.628,0.32923351
15030.917,0.33607451
15033.205,0.34790662
15035.494,0.34333948
15037.782,0.34732853
15040.071,0.36129978
15042.36,0.35958478
15044.65,0.35573079
15046.939,0.3390426
15049.229,0.34017975
15051.519,0.34060392
15053.809,0.33960211
15056.099,0.33147019
15058.389,0.31193012
15060.68,0.32590166
15062.97,0.3156308
15065.261,0.30322095
15067.552,0.30934945
15069.843,0.30121773
15072.135,0.32802365
15074.426,0.30705778
15076.718,0.31104737
15079.01,0.32644519
15081.302,0.30191435
15083.594,0.33157249
15085.887,0.31131978
15088.179,0.31245748
15090.472,0.33070752
15092.765,0.30902889
15095.058,0.34225225
15097.351,0.33483393
15099.645,0.35664915
15101.938,0.36776923
15104.232,0.34466473
15106.526,0.37860126
15108.82,0.3704701
15111.115,0.37873825
15113.409,0.39413655
15115.704,0.37887536
15117.999,0.40924699
15120.294,0.38899477
15122.589,0.39940212
15124.884,0.39554925
15127.18,0.37672315
15129.476,0.39996482
15131.771,0.39326
15134.068,0.3915463
15136.364,0.40694493
15138.66,0.38455393
15140.957,0.40779576
15143.254,0.41535135
15145.551,0.42076793
15147.848,0.42190648
15150.145,0.42518409
15152.442,0.44557403
15154.74,0.45384279
15157.038,0.46139858
15159.336,0.46824138
15161.634,0.47294518
15163.932,0.50117842
15166.231,0.48163986
15168.53,0.4606753
15170.828,0.46609224
15173.128,0.45867499
15175.427,0.47336115
15177.726,0.46879601
15180.026,0.46779597
15182.325,0.468935
15184.625,0.4729261
15186.925,0.47549122
15189.226,0.44810984
15191.526,0.46778732
15193.827,0.47748266
15196.127,0.48503899
15198.428,0.48903029
15200.73,0.47091824
15203.031,0.49059588
15205.332,0.48032703
15207.634,0.47932737
15209.936,0.48260582
15212.238,0.46449393
15214.54,0.48987583
15216.842,0.46392087
15219.145,0.46506041
15221.448,0.45978287
15223.75,0.45165331
15226.053,0.46990525
15228.357,0.44751551
15230.66,0.46362848
15232.964,0.46690725
15235.267,0.44023953
15237.571,0.45706561
15239.875,0.42540686
15242.18,0.43438987
15244.484,0.42412156
15246.789,0.40529714
15249.093,0.43067953
15251.398,0.40543806
15253.704,0.42155135
15256.009,0.41128321
15258.314,0.38461581
15260.62,0.40999836
15262.926,0.38333103
15265.232,0.39801845
15267.538,0.39701963
15269.844,0.38247361
15272.151,0.4128474
15274.458,0.3669289
15276.764,0.37947745
15279.072,0.36065348
15281.379,0.32756929
15283.686,0.36150831
15285.994,0.32485913
15288.301,0.33740784
15290.609,0.33569633
15292.917,0.32685473
15295.226,0.36293295
15297.534,0.32057982
15299.843,0.34168485
15302.152,0.33213036
15304.461,0.33255809
15306.77,0.36150634
15309.079,0.31344928
15311.388,0.34667567
15313.698,0.33284328
15316.008,0.31544585
15318.318,0.32157787
15320.628,0.29063327
15322.939,0.32100777
15325.249,0.29861939
15327.56,0.30617756
15329.871,0.31658781
15332.182,0.29776458
15334.493,0.33170431
15336.804,0.29933391
15339.116,0.29548405
15341.428,0.31730266
15343.74,0.2927755
15346.052,0.30247296
15348.364,0.26154657
15350.676,0.26767904
15352.989,0.26169033
15355.302,0.22290308
15357.615,0.23117468
15359.928,0.21092582
15362.241,0.21349338
15364.555,0.21392195
15366.868,0.16729172
15369.182,0.19837988
15371.496,0.17599214
15373.811,0.19139409
15376.125,0.20465704
15378.439,0.17513927
15380.754,0.20266254
15383.069,0.18098797
15385.384,0.17856477
15387.699,0.18754981
15390.015,0.18370065
15392.33,0.21764119
15394.646,0.19026268
15396.962,0.20352592
15399.278,0.21607618
15401.594,0.19154982
15403.911,0.21693437
15406.227,0.1995382
15408.544,0.22349679
15410.861,0.22820407
15413.178,0.20153883
15415.496,0.21694137
15417.813,0.19312825
15420.131,0.18999252
15422.449,0.19826503
15424.767,0.17017393
15427.085,0.18771566
15429.403,0.15962463
15431.722,0.15078497
15434.041,0.14622341
15436.36,0.13310573
15438.679,0.14850859
15440.998,0.12255676
15443.317,0.14009872
15445.637,0.13910238
15447.957,0.12598487
15450.277,0.1421009
15452.597,0.12470538
15454.917,0.1536557
15457.237,0.16905881
15459.558,0.14595928
15461.879,0.15851041
15464.2,0.14325409
15466.521,0.15224022
15468.842,0.1505312
15471.164,0.14953522
15473.486,0.15210434
15475.807,0.14326529
15478.129,0.13513928
15480.452,0.12772632
15482.774,0.10106205
15485.097,0.11860459
15487.419,0.11618281
15489.742,0.10377889
15492.065,0.11133935
15494.389,0.091092362
15496.712,0.097226864
15499.036,0.096944285
15501.359,0.079549439
15503.683,0.088536087
15506.007,0.071141306
15508.332,0.076562956
15510.656,0.069150414
15512.981,0.060311879
15515.306,0.075715801
15517.631,0.064738293
15519.956,0.075151192
15522.281,0.074868936
15524.607,0.0624655
15526.932,0.074304521
15529.258,0.079013449
15531.584,0.085861447
15533.91,0.072032115
15536.237,0.066758965
15538.563,0.06505091
15540.89,0.079029162
15543.217,0.075182134
15545.544,0.075613213
15547.871,0.074618299
15550.199,0.076475468
15552.526,0.075480619
15554.854,0.05380844
15557.182,0.043544494
15559.51,0.068218191
15561.839,0.07577962
15564.167,0.079063008
15566.496,0.063808103
15568.824,0.05996143
15571.153,0.054688764
15573.483,0.045851068
15575.812,0.038439429
15578.142,0.04172301
15580.471,0.052849761
15582.801,0.057559431
15585.131,0.042304784
15587.461,0.032041257
15589.792,0.020351737
15592.122,0.016505386
15594.453,0.023354256
15596.784,0.02236002
15599.115,0.022078828
15601.446,0.036057919
15603.778,0.025794618
15606.109,0.016957374
15608.441,0.025945474
15610.773,0.037785656
15613.105,0.038930683
15615.438,0.057901055
15617.77,0.054768072
15620.103,0.041652947
15622.435,0.054206303
15624.768,0.054638479
15627.102,0.045801525
15629.435,0.057641966
15631.769,0.067343401
15634.102,0.058506544
15636.436,0.045391644
15638.77,0.045824014
15641.104,0.040552317
15643.439,0.046688851
15645.773,0.049260355
15648.108,0.046127791
15650.443,0.045134298
15652.778,0.047705898
15655.113,0.041721382
15657.449,0.037162922
15659.784,0.04543872
15662.12,0.062270699
15664.456,0.058425349
15666.792,0.048162919
15669.129,0.048595709
15671.465,0.05473263
15673.802,0.038053184
15676.139,0.043477158
15678.476,0.051040201
15680.813,0.055038214
15683.15,0.048341072
15685.488,0.036652875
15687.825,0.04492906
15690.163,0.037519002
15692.501,0.036526089
15694.84,0.049793458
15697.178,0.04024446
15699.517,0.060642018
15701.855,0.05537116
15704.194,0.035127071
15706.533,0.038412427
15708.873,0.043123839
15711.212,0.047122272
15713.552,0.043990612
15715.892,0.048702121
15718.231,0.059117763
15720.572,0.0388739
15722.912,0.062836844
15725.252,0.054714258
15727.593,0.052295804
15729.934,0.074119806
15732.275,0.064571292
15734.616,0.079978247
15736.958,0.06543871
15739.299,0.038064981
15741.641,0.05561107
15743.983,0.03536753
15746.325,0.044357534
15748.667,0.039800333
15751.009,0.038095214
15753.352,0.061345564
15755.695,0.041102186
15758.038,0.040110176
15760.381,0.039831211
15762.724,0.035274204
15765.067,0.06280279
15767.411,0.047550661
15769.755,0.057254
15772.099,0.061966283
15774.443,0.04671425
15776.787,0.037166349
15779.132,0.021201368
15781.477,0.028052819
15783.821,0.029200202
15786.166,0.0089572424
15788.512,0.030069039
15790.857,0.013391207
15793.203,0.015964744
15795.548,0.02638145
15797.894,0.013268777
15800.24,0.0072862612
15802.586,0.017703064
15804.933,0.0167117
15807.279,0.0057381938
15809.626,0.014729069
15811.973,0.013024789
15814.32,-0.00080067053
15816.668,0.0053382515
15819.015,-0.0020700314
15821.363,0.00834703
15823.71,0.00022579927
15826.058,0.019199075
15828.407,0.013216946
15830.755,-0.00417335
15833.103,0.013373997
15835.452,-0.0054422591
15837.801,-0.0021550966
15840.15,0.0068361979
15842.499,-0.013405987
15844.849,0.0091326094
15847.198,-0.013961561
15849.548,0.0014469752
15851.898,-0.0088129058
15854.248,-0.022637817
15856.598,-0.0029511093
15858.949,-0.013210893
15861.299,-0.0070713584
15863.65,0.0047723088
15866.001,0.0016427462
15868.352,0.010634428
15870.703,-0.013885444
15873.055,-0.018440935
15875.406,-0.023709406
15877.758,-0.019708683
15880.11,-0.0035867148
15882.462,-0.0038640016
15884.815,0.0022758562
15887.167,0.0084157462
15889.52,-0.001130606
15891.873,-0.0014077638
15894.226,0.0011671606
15896.579,0.018002367
15898.932,0.020577356
15901.286,0.018874302
15903.64,0.027153456
15905.994,0.013329254
15908.348,0.021608472
15910.702,0.022757598
15913.056,0.01392458
15915.411,0.022916908
15917.766,0.014083955
15920.121,0.028780447
15922.476,0.019947559
15924.831,0.026800977
15927.187,0.034367441
15929.542,0.01412645
15931.898,0.029536115
15934.254,0.0085821765
15936.61,-0.0088066677
15938.967,-0.0019530553
15941.323,-0.01506376
15943.68,-0.0010799583
15946.037,-0.023459761
15948.394,-0.023023132
15950.751,-0.019021408
15953.108,-0.025714839
15955.466,-0.0067397885
15957.824,-0.021989305
15960.181,-0.011050187
15962.54,-0.0036761131
15964.898,-0.0055711836
15967.256,0.0082200384
15969.615,-0.011500308
15971.974,0.0079950499
15974.333,0.0018219766
15976.692,0.0063441085
15979.051,0.030117595
15981.411,0.014675414
15983.77,0.024188687
15986.13,0.018015704
15988.49,0.016833826
15990.85,0.027060166
15993.211,0.018748199
15995.571,0.03325265
15997.932,0.024227707
16000.293,0.033028094
16002.654,0.02186415
16005.015,0.012839261
16007.376,0.019500664
16009.738,0.033292211
16012.1,0.025693401
16014.462,0.048754145
16016.824,0.045433446
16019.186,0.04068674
16021.548,0.055904402
16023.911,0.055435807
16026.274,0.063523379
16028.637,0.065193858
16031,0.043334942
16033.363,0.055700644
16035.727,0.048815027
16038.09,0.066171852
16040.454,0.045026021
16042.818,0.040992508
16045.182,0.044089137
16047.547,0.011535161
16049.911,0.026040026
16052.276,0.028423697
16054.641,0.040076549
16057.006,0.053155443
16059.371,0.032722769
16061.737,0.034393499
16064.102,0.028221111
16066.468,0.043439115
16068.834,0.037979775
16071.2,0.04321564
16073.566,0.065563823
16075.933,0.052261399
16078.299,0.038958994
16080.666,0.024943595
16083.033,0.013780263
16085.4,0.024720336
16087.767,0.034234402
16090.135,0.030914262
16092.503,0.028307152
16094.87,0.039247297
16097.238,0.034501186
16099.607,0.041876305
16101.975,0.034278179
16104.344,0.044505384
16106.712,0.050454532
16109.081,0.062107798
16111.45,0.05878782
16113.819,0.033364473
16116.189,0.052147917
16118.558,0.045262931
16120.928,0.044795075
16123.298,0.064291586
16125.668,0.048850503
16128.039,0.067634038
16130.409,0.058610104
16132.78,0.056716313
16135.15,0.051257478
16137.521,0.049363723
16139.893,0.06600831
16142.264,0.056271454
16144.635,0.047247628
16147.007,0.040362858
16149.379,0.020643881
16151.751,0.027306384
16154.123,0.026125767
16156.495,0.035640356
16158.868,0.032320738
16161.241,0.042548376
16163.614,0.033524694
16165.987,0.030918143
16168.36,0.029737634
16170.733,0.027844132
16173.107,0.038071859
16175.481,0.033326342
16177.855,0.032858919
16180.229,0.019557288
16182.603,0.0055426635
16184.978,0.0065013188
16187.352,-0.0025221826
16189.727,0.0098447083
16192.102,-0.0077349067
16194.477,-0.012480279
16196.852,0.0020257032
16199.228,-0.021257958
16201.604,-0.0067519391
16203.979,-0.018627364
16206.355,-0.0076863722
16208.732,-0.013144649
16211.108,-0.01361182
16213.485,-0.0090878865
16215.861,0.0047052276
16218.238,0.01279426
16220.615,0.00020594842
16222.993,-0.0024001704
16225.37,0.0064019285
16227.748,-0.0026212666
16230.125,0.0068938808
16232.503,-0.012111453
16234.881,0.00096879294
16237.26,-0.0030632427
16239.638,-0.0099473102
16242.017,-0.020396422
16244.396,-0.023002379
16246.775,-0.0092090303
16249.154,-0.011101938
16251.533,-0.0094297661
16253.913,0.0029376114
16256.292,-0.0089607505
16258.672,0.0076614029
16261.052,0.00075416094
16263.432,0.002403085
16265.813,0.0083301002
16268.193,-0.0057072176
16270.574,0.01162803
16272.955,0.0068599069
16275.336,0.0042308377
16277.717,0.025131197
16280.099,0.0096679353
16282.48,0.01987314
16284.862,0.025800285
16287.244,0.0096240606
16289.626,0.023394376
16292.009,0.017200359
16294.391,0.035248782
16296.774,0.029054797
16299.156,0.023573841
16301.539,0.038770263
16303.923,0.01332499
16306.306,0.022104333
16308.689,0.022327542
16311.073,0.0018734053
16313.457,0.032043171
16315.841,0.011589067
16318.225,0.020368491
16320.61,0.013461657
16322.994,0.0029897767
16325.379,0.0146213
16327.764,-0.010110798
16330.149,0.0057988328
16332.534,-0.0018209323
16334.92,-0.0037365813
16337.305,0.012173098
16339.691,-0.0032897554
16342.077,0.0004987444
16344.463,9.1856427e-006
16346.849,0.0016586806
16349.236,0.011151329
16351.623,0.0035316946
16354.009,0.011598351
16356.396,0.014673936
16358.784,0.011332425
16361.171,0.015834068
16363.558,0.011066565
16365.946,0.023411378
16368.334,0.030765119
16370.722,0.008172353
16373.11,0.0098220274
16375.499,0.0086196682
16377.887,0.025242637
16380.276,0.04115261
16382.665,0.021411976
16385.054,0.039461019
16387.443,0.033267654
16389.833,0.03135238
16392.222,0.018028923
16394.612,0.026808869
16397.002,0.054840168
16399.392,0.03866471
16401.783,0.052435792
16404.173,0.047668566
16406.564,0.035771232
16408.955,0.051681401
16411.346,0.035506024
16413.737,0.050703213
16416.128,0.066613431
16418.52,0.065411365
16420.911,0.076330528
16423.303,0.074415482
16425.695,0.082482628
16428.088,0.072011466
16430.48,0.068670444
16432.872,0.067468476
16435.265,0.063414475
16437.658,0.072907727
16440.051,0.067427734
16442.445,0.063373781
16444.838,0.06359792
16447.232,0.050987851
16449.625,0.04194286
16452.019,0.049297172
16454.414,0.055938489
16456.808,0.055449697
16459.202,0.059952008
16461.597,0.058037224
16463.992,0.062539568
16466.387,0.058485779
16468.782,0.052292969
16471.177,0.069629586
16473.573,0.059158734
16475.969,0.072217309
16478.365,0.075293726
16480.761,0.066248948
16483.157,0.066473347
16485.553,0.068123789
16487.95,0.076191358
16490.347,0.084258944
16492.744,0.084483409
16495.141,0.083281866
16497.538,0.073524189
16499.935,0.09300004
16502.333,0.09892867
16504.731,0.087032004
16507.129,0.099377779
16509.527,0.11386261
16511.925,0.12763444
16514.324,0.12286797
16516.722,0.10811933
16519.121,0.11404808
16521.52,0.1178378
16523.919,0.12733164
16526.319,0.12541729
16528.718,0.10781669
16531.118,0.11231949
16533.518,0.10327507
16535.918,0.09708272
16538.318,0.097307495
16540.719,0.088263124
16543.119,0.10060914
16545.52,0.097981918
16547.921,0.10319785
16550.322,0.11055283
16552.723,0.09651745
16555.125,0.10529849
16557.526,0.12548774
16559.928,0.1221476
16562.33,0.11952049
16564.732,0.10691122
16567.135,0.12567452
16569.537,0.13516867
16571.94,0.15250597
16574.343,0.1477399
16576.746,0.14297385
16579.149,0.15532011
16581.552,0.16909242
16583.956,0.16646545
16586.36,0.18237683
16588.764,0.18973207
16591.168,0.19280926
16593.572,0.19232139
16595.976,0.17115619
16598.381,0.17582399
16600.786,0.17182596
16603.191,0.18230758
16605.596,0.18253281
16608.001,0.18637797
16610.407,0.18479328
16612.812,0.1862252
16615.218,0.18705381
16617.624,0.19270899
16620.03,0.19414096
16622.436,0.21246585
16624.843,0.21932771
16627.25,0.22679291
16629.657,0.22520835
16632.064,0.21397072
16634.471,0.22626251
16636.878,0.23614104
16639.286,0.23515987
16641.693,0.24564176
16644.101,0.2410407
16646.509,0.23583635
16648.918,0.22821873
16651.326,0.2326675
16653.735,0.22323997
16656.143,0.2385485
16658.552,0.25265041
16660.962,0.26252911
16663.371,0.27964764
16665.78,0.25996378
16668.19,0.25536289
16670.6,0.26403502
16673.01,0.25098771
16675.42,0.25965987
16677.83,0.27738182
16680.241,0.28002083
16682.652,0.29351958
16685.062,0.28891881
16687.473,0.28009482
16689.885,0.28454385
16692.296,0.27632321
16694.708,0.27413578
16697.119,0.29246117
16699.531,0.28725718
16701.943,0.28748306
16704.356,0.29012224
16706.768,0.28793488
16709.181,0.27428449
16711.593,0.28838676
16714.006,0.27232314
16716.419,0.27013584
16718.833,0.27820498
16721.246,0.26274472
16723.66,0.26960725
16726.074,0.2698333
16728.488,0.25919963
16730.902,0.26968213
16733.316,0.26206508
16735.731,0.27254761
16738.145,0.27337705
16740.56,0.27782643
16742.975,0.28046586
16745.391,0.27646881
16747.806,0.28755473
16750.222,0.27752453
16752.637,0.27473417
16755.053,0.27858032
16757.469,0.26251699
16759.886,0.27179304
16762.302,0.26417619
16764.719,0.26017927
16767.135,0.26100892
16769.552,0.26123526
16771.97,0.2674948
16774.387,0.26048135
16776.804,0.26312102
16779.222,0.26998392
16781.64,0.27081366
16784.058,0.26500692
16786.476,0.26583669
16788.894,0.28295608
16791.313,0.28076929
16793.732,0.28521902
16796.151,0.28906545
16798.57,0.27782894
16800.989,0.2816754
16803.408,0.26802565
16805.828,0.25799583
16808.248,0.27813193
16810.667,0.26689551
16813.088,0.27375864
16815.508,0.2842417
16817.928,0.27903851
16820.349,0.27986851
16822.77,0.27285539
16825.191,0.27790865
16827.612,0.28477188
16830.033,0.28439531
16832.455,0.28763867
16834.876,0.28786545
16837.298,0.2995553
16839.72,0.28469915
16842.142,0.27949612
16844.565,0.28213624
16846.987,0.2690901
16849.41,0.27414353
16851.833,0.27014719
16854.256,0.27218406
16856.679,0.27301431
16859.102,0.26600143
16861.526,0.27286489
16863.95,0.25981887
16866.374,0.27814541
16868.798,0.27716578
16871.222,0.27497954
16873.647,0.28184308
16876.071,0.27121041
16878.496,0.2720408
16880.921,0.25718494
16883.346,0.25318882
16885.771,0.26548231
16888.197,0.2542464
16890.623,0.25507688
16893.048,0.25771732
16895.475,0.26277106
16897.901,0.25274185
16900.327,0.23848944
16902.754,0.24173327
16905.18,0.23954725
16907.607,0.24279111
16910.034,0.25387813
16912.462,0.2498822
16914.889,0.2495062
16917.317,0.23766717
16919.744,0.22763812
16922.172,0.22484889
16924.6,0.21119996
16927.029,0.20841077
16929.457,0.21165478
16931.886,0.22756849
16934.315,0.2265893
16936.744,0.23164331
16939.173,0.24092057
16941.602,0.23330493
16944.032,0.24077226
16946.461,0.24341307
16948.891,0.24545057
16951.321,0.24869473
16953.751,0.24952563
16956.182,0.25518309
16958.612,0.23851779
16961.043,0.22909233
16963.474,0.22208015
16965.905,0.21868791
16968.336,0.21408904
16970.768,0.20949019
16973.199,0.22057763
16975.631,0.21597881
16978.063,0.2077601
16980.495,0.20255799
16982.927,0.20399241
16985.36,0.20723679
16987.792,0.20987787
16990.225,0.21251897
16992.658,0.2121435
16995.091,0.20694149
16997.525,0.21139259
16999.958,0.1989508
17002.392,0.18711234
17004.826,0.18673695
17007.26,0.18636157
17009.694,0.1859862
17012.128,0.18621418
17014.563,0.18825212
17016.998,0.18727349
17019.433,0.18689819
17021.868,0.19738264
17024.303,0.21088369
17026.738,0.20869849
17029.174,0.21013321
17031.61,0.23147746
17034.046,0.23351553
17036.482,0.23314035
17038.918,0.23819504
17041.355,0.24023317
17043.791,0.25675094
17046.228,0.24491278
17048.665,0.24574431
17051.102,0.24717918
17053.539,0.24499416
17055.977,0.23918924
17058.415,0.2351943
17060.853,0.23421596
17063.291,0.22720446
17065.729,0.22501951
17068.167,0.21137154
17070.606,0.20617004
17073.045,0.21303492
17075.483,0.19033722
17077.922,0.21168178
17080.362,0.2052737
17082.801,0.19102251
17085.241,0.20693725
17087.681,0.20776904
17090.121,0.21463404
17092.561,0.2196891
17095.001,0.20724794
17097.441,0.21592294
17099.882,0.23123445
17102.323,0.22844644
17104.764,0.24677458
17107.205,0.25544964
17109.646,0.25990149
17112.088,0.28064296
17114.53,0.28630148
17116.972,0.28834011
17119.414,0.28736216
17121.856,0.30086387
17124.298,0.30591913
17126.741,0.31761092
17129.184,0.33111268
17131.626,0.32530827
17134.07,0.34665319
17136.513,0.33240236
17138.956,0.33806104
17141.4,0.33647993
17143.844,0.32464241
17146.288,0.35322724
17148.732,0.3558694
17151.176,0.36213148
17153.621,0.35632722
17156.065,0.35957275
17158.51,0.36523156
17160.955,0.35339416
17163.4,0.3687061
17165.846,0.38341474
17168.291,0.3981234
17170.737,0.41162543
17173.183,0.42633412
17175.629,0.45069591
17178.075,0.45876813
17180.521,0.46744368
17182.968,0.48999557
17185.415,0.50410102
17187.862,0.52906622
17190.309,0.55584138
17192.756,0.57779002
17195.203,0.59792872
17197.651,0.59815793
17200.099,0.61829666
17202.547,0.63119559
17204.995,0.65254099
17207.443,0.68957268
17209.892,0.69764511
17212.34,0.72080051
17214.789,0.72826966
17217.238,0.7484085
17219.687,0.769754
17222.137,0.77058669
17224.586,0.78348577
17227.036,0.79155831
17229.486,0.82255697
17231.936,0.83967932
17234.386,0.85619837
17236.837,0.88116389
17239.287,0.87113697
17241.738,0.87257311
17244.189,0.89029886
17246.64,0.90561136
17249.091,0.928767
17251.543,0.92839326
17253.994,0.94430912
17256.446,0.97168804
17258.898,0.97915748
17261.35,0.98361034
17263.803,0.99409641
17266.255,1.0039792
17268.708,0.99877899
17271.161,0.98151246
17273.614,0.99380854
17276.067,0.99283164
17278.52,0.99607798
17280.974,1.0089774
17283.427,1.0061906
17285.881,1.0221067
17288.335,1.0229398
17290.79,1.0382526
17293.244,1.0529621
17295.699,1.038109
17298.153,1.0425621
17300.608,1.0271057
17303.063,1.0623281
17305.519,1.0583348
17307.974,1.0356387
17310.43,1.0509516
17312.886,1.0186024
17315.342,1.0097826
17317.798,1.0106159
17320.254,0.9891265
17322.711,0.97005036
17325.167,0.94252778
17327.624,0.95784082
17330.081,0.94419459
17332.538,0.93839152
17334.996,0.93138182
17337.453,0.92738874
17339.911,0.93908194
17342.369,0.91698934
17344.827,0.91178967
17347.285,0.90055683
17349.744,0.86398464
17352.202,0.87205801
17354.661,0.85720531
17357.12,0.84174931
17359.579,0.81845019
17362.038,0.79997763
17364.498,0.80382786
17366.957,0.77389228
17369.417,0.76386623
17371.877,0.74298046
17374.337,0.71002834
17376.798,0.72051515
17379.258,0.70324934
17381.719,0.70046319
17384.18,0.69767705
17386.641,0.67679138
17389.102,0.67581523
17391.563,0.68026895
17394.025,0.6714497
17396.487,0.67288687
17398.949,0.66829087
17401.411,0.66007498
17403.873,0.66211552
17406.335,0.66234612
17408.798,0.65292364
17411.261,0.67185714
17413.724,0.66545128
17416.187,0.65482222
17418.65,0.66410267
17421.114,0.65830018
17423.577,0.64344794
17426.041,0.64428199
17428.505,0.60952028
17430.969,0.6151809
17433.434,0.60032872
17435.898,0.61021261
17438.363,0.62492306
17440.828,0.60946761
17443.293,0.62417809
17445.758,0.61234259
17448.223,0.59809382
17450.689,0.58987826
17453.155,0.5876959
17455.62,0.59094341
17458.087,0.58333121
17460.553,0.6010584
17463.019,0.59525619
17465.486,0.61298341
17467.953,0.59149496
17470.42,0.58388285
17472.887,0.59316366
17475.354,0.56443544
17477.822,0.57974947
17480.289,0.57998055
17482.757,0.58021166
17485.225,0.5744096
17487.693,0.55654119
17490.162,0.5555657
17492.63,0.55398692
17495.099,0.53913515
17497.568,0.53031657
17500.037,0.52511793
17502.506,0.51388612
17504.975,0.50024105
17507.445,0.49142254
17509.915,0.50130692
17512.384,0.48524862
17514.855,0.49211644
17517.325,0.49958759
17519.795,0.49257912
17522.266,0.50729013
17524.737,0.4972651
17527.208,0.50232304
17529.679,0.49953786
17532.15,0.49494275
17534.622,0.5120671
17537.093,0.50807534
17539.565,0.51192673
17542.037,0.50069518
17544.509,0.49670346
17546.982,0.49331508
17549.454,0.48329022
17551.927,0.48714169
17554.4,0.47772017
17556.873,0.47010863
17559.346,0.47154687
17561.819,0.46755527
17564.293,0.46658028
17566.767,0.4656053
17569.241,0.4567872
17571.715,0.45701889
17574.189,0.44337428
17576.663,0.45808564
17579.138,0.45831738
17581.613,0.45492923
17584.088,0.45998755
17586.563,0.44996293
17589.038,0.44717814
17591.514,0.44017015
17593.989,0.4410053
17596.465,0.44304711
17598.941,0.42095621
17601.417,0.43506441
17603.894,0.43831291
17606.37,0.42949505
17608.847,0.4267104
17611.324,0.41427267
17613.801,0.41269468
17616.278,0.40689348
17618.756,0.40229894
17621.233,0.40615087
17623.711,0.3931099
17626.189,0.39696186
17628.667,0.40202047
17631.145,0.40647578
17633.624,0.41032779
17636.102,0.39487363
17638.581,0.39993231
17641.06,0.39594123
17643.539,0.39798335
17646.019,0.40605867
17648.498,0.400861
17650.978,0.40229985
17653.458,0.40735863
17655.938,0.41302074
17658.418,0.41083973
17660.898,0.40141891
17663.379,0.40346116
17665.859,0.38318065
17668.34,0.38522293
17670.821,0.39510837
17673.303,0.37905114
17675.784,0.39134988
17678.266,0.38192918
17680.747,0.39362464
17683.229,0.40351015
17685.711,0.40132932
17688.194,0.41785137
17690.676,0.40541416
17693.159,0.40986988
17695.642,0.40829244
17698.125,0.39947518
17700.608,0.40996413
17703.091,0.39873364
17705.575,0.40922263
17708.058,0.4022154
17710.542,0.3825385
17713.026,0.38277112
17715.51,0.36912744
17717.995,0.36031032
17720.479,0.35692308
17722.964,0.36620554
17725.449,0.3682482
17727.934,0.36305105
17730.419,0.3638871
17732.905,0.35808667
17735.39,0.35892276
17737.876,0.37122191
17740.362,0.36723148
17742.848,0.36927425
17745.334,0.37252368
17747.821,0.38240962
17750.307,0.38143585
17752.794,0.36960237
17755.281,0.36621536
17757.768,0.35800181
17760.256,0.35702811
17762.743,0.36269092
17765.231,0.35870066
17767.719,0.35591705
17770.207,0.34529031
17772.695,0.34914324
17775.183,0.35480613
17777.672,0.35021263
17780.161,0.34984237
17782.65,0.35429868
17785.139,0.35996164
17787.628,0.35355825
17790.117,0.35499801
17792.607,0.35583447
17795.097,0.35305104
17797.587,0.3496643
17800.077,0.35834395
17802.567,0.34168425
17805.058,0.34131416
17807.548,0.35120049
17810.039,0.33574747
17812.53,0.34503052
17815.021,0.33561072
17817.513,0.33041416
17820.004,0.33547403
17822.496,0.32243437
17824.988,0.33051086
17827.48,0.33195087
17829.972,0.33580416
17832.464,0.33965748
17834.957,0.34351081
17837.45,0.34857079
17839.942,0.34458102
17842.436,0.35145099
17844.929,0.34203138
17847.422,0.34347152
17849.916,0.33646522
17852.41,0.32764898
17854.904,0.34417212
17857.398,0.33716587
17859.892,0.34282932
17862.386,0.34125296
17864.881,0.3288169
17867.376,0.34413348
17869.871,0.3298875
17872.366,0.32167471
17874.861,0.32673493
17877.357,0.31912549
17879.853,0.33142557
17882.349,0.33407258
17884.845,0.33309969
17887.341,0.33454009
17889.837,0.32994732
17892.334,0.32595789
17894.831,0.32920829
17897.327,0.32159898
17899.825,0.31821292
17902.322,0.31422355
17904.819,0.30601097
17907.317,0.30564155
17909.815,0.28656927
17912.313,0.28438993
17914.811,0.28462387
17917.309,0.28968437
17919.808,0.29414158
17922.306,0.28834238
17924.805,0.29460957
17927.304,0.29062037
17929.803,0.29809423
17932.303,0.29772497
17934.802,0.29614909
17937.302,0.31327609
17939.802,0.31109692
17942.302,0.31374431
17944.802,0.31639173
17947.302,0.30576615
17949.803,0.30781028
17952.304,0.29416815
17954.805,0.28354262
17957.306,0.29403325
17959.807,0.28702767
17962.308,0.29027851
17964.81,0.28327296
17967.312,0.27506079
17969.814,0.2722785
17972.316,0.25079336
17974.818,0.26912724
17977.321,0.25608859
17979.823,0.26235614
17982.326,0.25595402
17984.829,0.24532869
17987.332,0.26728257
17989.836,0.24217763
17992.339,0.25206517
17994.843,0.24264654
17997.347,0.24348434
17999.851,0.25457857
18002.355,0.24576331
18004.86,0.25504761
18007.364,0.24140584
18009.869,0.24224372
18012.374,0.24066834
18014.879,0.22943989
18017.384,0.2429475
18019.89,0.23413236
18022.395,0.23798691
18024.901,0.23399834
18027.407,0.23302638
18029.913,0.23567435
18032.42,0.23590906
18034.926,0.23795374
18037.433,0.22732875
18039.94,0.25109292
18042.447,0.25072438
18044.954,0.24009944
18047.461,0.25783048
18049.969,0.24901553
18052.476,0.25769682
18054.984,0.24948522
18057.492,0.24549687
18060.001,0.25478153
18062.509,0.24295007
18065.018,0.2401684
18067.526,0.23316352
18070.035,0.23641506
18072.544,0.22156708
18075.054,0.22421533
18077.563,0.23350011
18080.073,0.23554508
18082.583,0.23276353
18085.093,0.22334549
18087.603,0.23323365
18090.113,0.22743555
18092.623,0.2095711
18095.134,0.21040954
18097.645,0.20461149
18100.156,0.21510305
18102.667,0.21292494
18105.179,0.21014353
18107.69,0.21098205
18110.202,0.21061395
18112.714,0.19636954
18115.226,0.19901806
18117.738,0.18899691
18120.251,0.18983551
18122.763,0.19127745
18125.276,0.19030612
18127.789,0.20079786
18130.302,0.1974133
18132.815,0.19825198
18135.329,0.19728072
18137.842,0.19329288
18140.356,0.19232166
18142.87,0.18833386
18145.384,0.18555271
18147.899,0.18216826
18150.413,0.18843692
18152.928,0.17539941
18155.443,0.17744487
18157.958,0.18552353
18160.473,0.17610598
18162.988,0.19202781
18165.504,0.17838707
18168.02,0.18827575
18170.535,0.18549477
18173.052,0.17487066
18175.568,0.17751957
18178.084,0.17715191
18180.601,0.18040417
18183.118,0.16676354
18185.635,0.17303243
18188.152,0.17326815
18190.669,0.16867734
18193.186,0.16891309
18195.704,0.15466922
18198.222,0.16395478
18200.74,0.16660386
18203.258,0.16623636
18205.776,0.16647219
18208.295,0.168518
18210.814,0.17720032
18213.332,0.15933666
18215.851,0.1710356
18218.371,0.17428811
18220.89,0.16788754
18223.41,0.18018986
18225.929,0.16896277
18228.449,0.17523194
18230.969,0.16038498
18233.49,0.14976127
18236.01,0.1632703
18238.531,0.15023334
18241.051,0.15167604
18243.572,0.1446723
18246.094,0.15033826
18248.615,0.15902083
18251.136,0.14900055
18253.658,0.1594931
18256.18,0.15188613
18258.702,0.17263512
18261.224,0.16985473
18263.746,0.17793407
18266.269,0.17937694
18268.792,0.16875345
18271.314,0.18407267
18273.837,0.18189567
18276.361,0.18394191
18278.884,0.19805454
18281.408,0.18501786
18283.931,0.18706416
18286.455,0.1734242
18288.979,0.17305725
18291.504,0.1654505
18294.028,0.16448027
18296.553,0.17014656
18299.077,0.18486263
18301.602,0.17966923
18304.128,0.17869906
18306.653,0.18617537
18309.178,0.17977537
18311.704,0.17940857
18314.23,0.17904179
18316.756,0.18169161
18319.282,0.19399455
18321.808,0.19181786
18324.335,0.19748432
18326.862,0.19229108
18329.388,0.19313103
18331.915,0.18612786
18334.443,0.18033135
18336.97,0.19263439
18339.498,0.18683791
18342.025,0.19129785
18344.553,0.1921379
18347.081,0.19599456
18349.61,0.20467778
18352.138,0.19164156
18354.667,0.19368831
18357.196,0.1830654
18359.725,0.192352
18362.254,0.19620876
18364.783,0.1958423
18367.312,0.21840195
18369.842,0.20596917
18372.372,0.2037928
18374.902,0.21307951
18377.432,0.20547331
18379.963,0.203297
18382.493,0.19931075
18385.024,0.19894442
18387.555,0.1913383
18390.086,0.19821182
18392.617,0.19422564
18395.148,0.19204942
18397.68,0.18444336
18400.212,0.18528377
18402.744,0.20060383
18405.276,0.19722104
18407.808,0.21048986
18410.34,0.20497538
18412.873,0.21044131
18415.406,0.22061314
18417.939,0.22660198
18420.472,0.24461698
18423.005,0.25635748
18425.539,0.25973199
18428.072,0.26310652
18430.606,0.25654642
18433.14,0.26462686
18435.675,0.25597529
18438.209,0.26196426
18440.743,0.2710905
18443.278,0.27132787
18445.813,0.27783976
18448.348,0.28278304
18450.883,0.28929497
18453.419,0.28796378
18455.954,0.28140384
18458.49,0.28059555
18461.026,0.2729899
18463.562,0.27793328
18466.098,0.2823538
18468.635,0.28938872
18471.171,0.29433215
18473.708,0.29352396
18476.245,0.28696415
18478.782,0.29295338
18481.32,0.28743936
18483.857,0.28453974
18486.395,0.28791464
18488.933,0.29128955
18491.471,0.29780174
18494.009,0.31215708
18496.547,0.30768891
18499.086,0.31995278
18501.625,0.32594216
18504.164,0.32408842
18506.703,0.32955495
18509.242,0.32926987
18511.781,0.34048807
18514.321,0.3449089
18516.861,0.33782648
18519.401,0.34590747
18521.941,0.34823685
18524.481,0.35004337
18527.021,0.35028127
18529.562,0.35156495
18532.103,0.34761988
18534.644,0.3551781
18537.185,0.35489319
18539.726,0.34728804
18542.268,0.35798356
18544.81,0.35090132
18547.351,0.35218511
18549.893,0.34614865
18552.436,0.33122333
18554.978,0.34191893
18557.521,0.35313742
18560.063,0.34919253
18562.606,0.34943067
18565.149,0.3392113
18567.693,0.33840372
18570.236,0.33132164
18572.78,0.32737683
18575.323,0.33650394
18577.867,0.32785328
18580.411,0.32495428
18582.956,0.3304213
18585.5,0.33536546
18588.045,0.34083252
18590.59,0.34891397
18593.135,0.35176668
18595.68,0.33736451
18598.225,0.33341986
18600.771,0.33261249
18603.316,0.34173977
18605.862,0.33831806
18608.408,0.34639962
18610.954,0.35082107
18613.501,0.34112489
18616.047,0.35914115
18618.594,0.35101363
18621.141,0.35386652
18623.688,0.34051027
18626.235,0.3302913
18628.783,0.33837299
18631.33,0.31717366
18633.878,0.3163665
18636.426,0.32235674
18638.974,0.32573262
18641.523,0.32806277
18644.071,0.32830142
18646.62,0.32540284
18649.168,0.31047813
18651.717,0.31489984
18654.267,0.30834118
18656.816,0.30962567
18659.366,0.31195593
18661.915,0.31062607
18664.465,0.31609362
18667.015,0.31790105
18669.565,0.31866274
18672.116,0.32622184
18674.666,0.3175718
18677.217,0.30003289
18679.768,0.30131753
18682.319,0.29737343
18684.87,0.30388685
18687.422,0.30830879
18689.973,0.30645624
18692.525,0.30198933
18695.077,0.29699955
18697.629,0.28939541
18700.182,0.2880658
18702.734,0.27941594
18705.287,0.26815172
18707.839,0.27205092
18710.393,0.26706124
18712.946,0.26677746
18715.499,0.27172246
18718.053,0.27143871
18720.606,0.2664491
18723.16,0.24995624
18725.714,0.26222156
18728.268,0.25148036
18730.823,0.25799408
18733.377,0.26607645
18735.932,0.26213269
18738.487,0.27701247
18741.042,0.280389
18743.597,0.28376555
18746.153,0.28766499
18748.708,0.28372131
18751.264,0.29337241
18753.82,0.29256602
18756.376,0.28130213
18758.933,0.28886178
18761.489,0.28073517
18764.046,0.27783734
18766.603,0.26866502
18769.16,0.25949271
18771.717,0.2592093
18774.274,0.24376252
18776.832,0.24400202
18779.389,0.2322154
18781.947,0.22408893
18784.505,0.22537423
18787.064,0.21411053
18789.622,0.22010175
18792.181,0.20256358
18794.739,0.19862019
18797.298,0.19624545
18799.857,0.19230209
18802.417,0.19306464
18804.976,0.20010171
18807.536,0.20086428
18810.096,0.20058112
18812.655,0.20500386
18815.216,0.19792335
18817.776,0.20652913
18820.336,0.20258591
18822.897,0.2007342
18825.458,0.20934003
18828.019,0.1891877
18830.58,0.20772821
18833.142,0.20901382
18835.703,0.21029945
18838.265,0.2115851
18840.827,0.20868776
18843.389,0.21101919
18845.951,0.20237025
18848.513,0.20051871
18851.076,0.21383058
18853.639,0.20936469
18856.202,0.2096047
18858.765,0.2103676
18861.328,0.20067301
18863.892,0.20300457
18866.455,0.20376752
18869.019,0.20766774
18871.583,0.2026791
18874.147,0.20135059
18876.711,0.22146001
18879.276,0.19817076
18881.841,0.20207106
18884.405,0.2012655
18886.97,0.19209394
18889.536,0.19390279
18892.101,0.17897964
18894.667,0.18444865
18897.232,0.18364317
18899.798,0.17813182
18902.364,0.17628062
18904.93,0.17390657
18907.497,0.16839527
18910.063,0.18223039
18912.63,0.16730736
18915.197,0.15918174
18917.764,0.1646509
18920.332,0.15913968
18922.899,0.17402064
18925.467,0.16694083
18928.035,0.17031855
18930.602,0.17735642
18933.171,0.1650479
18935.739,0.17626881
18938.307,0.1665747
18940.876,0.17047538
18943.445,0.17333032
18946.014,0.16468202
18948.583,0.15394222
18951.153,0.15470571
18953.722,0.1622666
18956.292,0.16930464
18958.862,0.16117929
18961.432,0.15619121
18964.002,0.15381752
18966.573,0.14464647
18969.143,0.14645583
18971.714,0.14408219
18974.285,0.13752557
18976.856,0.15188399
18979.427,0.1453274
18981.999,0.13877083
18984.57,0.1400574
18987.142,0.14448125
18989.714,0.14263061
18992.286,0.13136822
18994.859,0.12585747
18997.431,0.13028139
19000.004,0.12686218
19002.577,0.13756064
19005.15,0.13518722
19007.723,0.13176806
19010.296,0.14351231
19012.87,0.14323044
19015.444,0.13928846
19018.018,0.14005237
19020.592,0.13558755
19023.166,0.13216849
19025.74,0.13084095
19028.315,0.13683368
19030.89,0.13027742
19033.465,0.13313293
19036.04,0.1286682
19038.615,0.11792898
19041.191,0.11660154
19043.766,0.10167934
19046.342,0.11237807
19048.918,0.10373042
19051.494,0.086716768
19054.071,0.10421294
19056.647,0.09817971
19059.224,0.10417264
19061.801,0.12376036
19064.378,0.10674679
19066.955,0.10960252
19069.532,0.12134715
19072.11,0.11740553
19074.688,0.12235281
19077.266,0.12939161
19079.844,0.12701866
19082.422,0.14556076
19085,0.1332532
19087.579,0.14133782
19090.158,0.15935709
19092.737,0.1444352
19095.316,0.14833686
19097.895,0.14596402
19100.475,0.12947356
19103.054,0.13285239
19105.634,0.13884562
19108.214,0.12915259
19110.794,0.12834846
19113.375,0.1264986
19115.955,0.11471411
19118.536,0.11704729
19121.117,0.10473996
19123.698,0.11282481
19126.279,0.10417764
19128.86,0.10075925
19131.442,0.10204676
19134.024,0.1007199
19136.606,0.11560221
19139.188,0.11479827
19141.77,0.11713159
19144.352,0.11214467
19146.935,0.11447803
19149.518,0.11785715
19152.101,0.12280492
19154.684,0.13350434
19157.267,0.13479201
19159.851,0.13660257
19162.434,0.13684453
19165.018,0.1412695
19167.602,0.1347141
19170.186,0.13966198
19172.771,0.13728962
19175.355,0.12759701
19177.94,0.13829658
19180.525,0.13697002
19183.11,0.14034936
19185.695,0.13849995
19188.281,0.13299043
19190.866,0.13793845
19193.452,0.1272002
19196.038,0.12587374
19198.624,0.14232507
19201.21,0.12949537
19203.797,0.13026046
19206.383,0.12841118
19208.97,0.11453578
19211.557,0.11843817
19214.144,0.11658895
19216.732,0.11473974
19219.319,0.12648532
19221.907,0.11731588
19224.495,0.12069548
19227.083,0.11727771
19229.671,0.10967695
19232.259,0.12926574
19234.848,0.12793952
19237.436,0.11667868
19240.025,0.13313027
19242.614,0.13232698
19245.204,0.13413808
19247.793,0.13647207
19250.383,0.13305445
19252.972,0.13381985
19255.562,0.12621925
19258.152,0.12123305
19260.743,0.11938411
19263.333,0.12224108
19265.924,0.12405231
19268.514,0.12534069
19271.105,0.1109428
19273.697,0.11798284
19276.288,0.11979414
19278.879,0.10069042
19281.471,0.11086776
19284.063,0.10745035
19286.655,0.10560158
19289.247,0.11002734
19291.84,0.094583828
19294.432,0.098486743
19297.025,0.10291255
19299.618,0.10629262
19302.211,0.10601258
19304.804,0.10625543
19307.397,0.10336104
19309.991,0.10778692
19312.585,0.10384682
19315.179,0.098860972
19317.773,0.1142673
19320.367,0.090980836
19322.962,0.099066937
19325.556,0.11551907
19328.151,0.10530455
19330.746,0.1175737
19333.341,0.11363372
19335.936,0.11178527
19338.532,0.10784532
19341.128,0.10181389
19343.724,0.11303737
19346.32,0.098117084
19348.916,0.10254322
19351.512,0.10069486
19354.109,0.096232133
19356.705,0.086540667
19359.302,0.096718499
19361.899,0.09539308
19364.497,0.085178788
19367.094,0.094310917
19369.692,0.090894043
19372.289,0.091660192
19374.887,0.089289102
19377.485,0.098944172
19380.084,0.10703063
19382.682,0.094202075
19385.281,0.1232036
19387.88,0.11717246
19390.479,0.11114134
19393.078,0.11922788
19395.677,0.11685692
19398.277,0.11710036
19400.876,0.10897779
19403.476,0.101901
19406.076,0.10371311
19408.677,0.097682107
19411.277,0.097925624
19413.877,0.096077655
19416.478,0.079589179
19419.079,0.075126864
19421.68,0.08739659
19424.281,0.07509117
19426.883,0.079517792
19429.484,0.084990182
19432.086,0.07529919
19434.688,0.080248737
19437.29,0.082583921
19439.893,0.086487749
19442.495,0.091960221
19445.098,0.083837937
19447.701,0.0945392
19450.304,0.082756819
19452.907,0.081954846
19455.51,0.089518902
19458.114,0.086102583
19460.717,0.078503273
19463.321,0.069335352
19465.925,0.073762219
19468.529,0.072960344
19471.134,0.078955871
19473.738,0.078154029
19476.343,0.067417562
19478.948,0.077073269
19481.553,0.072088469
19484.158,0.070763816
19486.764,0.068916303
19489.369,0.079094951
19491.975,0.074110216
19494.581,0.071739877
19497.187,0.06989243
19499.794,0.063861992
19502.4,0.073517846
19505.007,0.060167179
19507.614,0.059365549
19510.221,0.06170119
19512.828,0.06246822
19515.435,0.076830037
19518.043,0.064002328
19520.65,0.064246531
19523.258,0.067105129
19525.866,0.072578123
19528.474,0.070207996
19531.083,0.075681022
19533.691,0.084814195
19536.3,0.079306862
19538.909,0.089485819
19541.518,0.073521003
19544.127,0.082131365
19546.737,0.085512986
19549.346,0.078437107
19551.956,0.086524643
19554.566,0.07526579
19557.176,0.083353358
19559.787,0.091963819
19562.397,0.089071028
19565.008,0.087224005
19567.619,0.083285495
19570.23,0.086667262
19572.841,0.080637282
19575.452,0.090816468
19578.064,0.089492402
19580.675,0.102286
19583.287,0.089981574
19585.899,0.086566054
19588.512,0.088902184
19591.124,0.079735063
19593.737,0.085731357
19596.349,0.082838778
19598.962,0.079946215
19601.575,0.085419682
19604.189,0.073638263
19606.802,0.071791501
19609.416,0.073604886
19612.029,0.072803908
19614.643,0.075663077
19617.258,0.072247753
19619.872,0.064649438
19622.486,0.074828918
19625.101,0.070367891
19627.716,0.077933024
19630.331,0.087589676
19632.946,0.08417445
19635.561,0.083373619
19638.177,0.079435549
19640.793,0.071837365
19643.409,0.074696714
19646.025,0.089059347
19648.641,0.076755329
19651.257,0.07177159
19653.874,0.065219239
19656.491,0.059712656
19659.108,0.063617854
19661.725,0.056542676
19664.342,0.049467515
19666.959,0.054418514
19669.577,0.040545999
19672.195,0.03556239
19674.813,0.043127817
19677.431,0.035529861
19680.049,0.046755451
19682.668,0.044909162
19685.286,0.036265504
19687.905,0.048536894
19690.524,0.045644903
19693.144,0.045367306
19695.763,0.04718123
19698.382,0.044812163
19701.002,0.047148994
19703.622,0.048962966
19706.242,0.040842314
19708.862,0.031153051
19711.483,0.038718706
19714.103,0.031643855
19716.724,0.038686667
19719.345,0.03004322
19721.966,0.037086065
19724.587,0.044128926
19727.209,0.028688143
19729.831,0.033116657
19732.452,0.029179175
19735.074,0.02262733
19737.697,0.032807527
19740.319,0.030438721
19742.941,0.030161434
19745.564,0.026746909
19748.187,0.037450048
19750.81,0.029329673
19753.433,0.02173219
19756.057,0.026683744
19758.68,0.021700673
19761.304,0.019854873
19763.928,0.0065058218
19766.552,0.015640447
19769.176,0.01327182
19771.8,0.002537197
19774.425,0.021606512
19777.05,0.011394797
19779.675,0.010071987
19782.3,0.011886449
19784.925,0.010563672
19787.551,0.0087180349
19790.176,0.017329931
19792.802,0.020190209
19795.428,0.015730243
19798.054,0.023296436
19800.681,0.028771143
19803.307,0.038951748
19805.934,0.029263088
19808.561,0.037875098
19811.188,0.048055752
19813.815,0.03732139
19816.442,0.041750443
19819.07,0.036244871
19821.698,0.041719708
19824.325,0.041442927
19826.954,0.039597535
19829.582,0.032000526
19832.21,0.029632291
19834.839,0.033538582
19837.468,0.02489587
19840.097,0.015730298
19842.726,0.011270625
19845.355,0.014131229
19847.984,0.010194465
19850.614,0.01200935
19853.244,0.012255625
19855.874,0.0030901511
19858.504,0.01431685
19861.134,0.017700429
19863.765,0.0090578796
19866.396,0.019761752
19869.026,0.020008124
19871.658,0.018685886
19874.289,0.020500918
19876.92,0.01447283
19879.552,0.021516653
19882.183,0.023331734
19884.815,0.026715459
19887.447,0.041079593
19890.08,0.029299952
19892.712,0.036866733
19895.345,0.039727647
19897.978,0.026379428
19900.61,0.028194624
19903.244,0.027395456
19905.877,0.019276044
19908.51,0.022659916
19911.144,0.019246419
19913.778,0.022107447
19916.412,0.027059996
19919.046,0.014234783
19921.68,0.012389978
19924.315,0.013682445
19926.95,0.0029487838
19929.584,0.0063327862
19932.22,-0.0012635872
19934.855,0.0015975721
19937.49,0.0039358719
19940.126,0.0020911814
19942.761,0.0059981413
19945.397,0.0046763593
19948.033,0.0064918485
19950.67,0.008307354
19953.306,-0.0050405229
19955.943,-0.0068851155
19958.58,0.0012049488
19961.217,-0.010051376
19963.854,-0.010327292
19966.491,-0.011126068
19969.128,-0.0035588141
19971.766,-0.00069742642
19974.404,-0.0067249113
19977.042,-0.0038634911
19979.68,-0.0036164336
19982.319,-0.0033693598
19984.957,-0.0031222696
19987.596,-0.0028751632
19990.235,-0.0026280405
19992.874,-0.0023809014
19995.513,-0.002133746
