M/Z,Intensity
-7.8602611e-005,-0.29364706
2.1773576e-007,-0.26227451
9.6021472e-005,-0.16031373
0.00036601382,-0.41913725
0.00081019477,-0.24658824
0.0014285643,0.098509804
0.0022211225,-1.7681569
0.0031878693,-2.4191373
0.0043288047,-3.5093333
0.0056439287,-3.5799216
0.0071332413,-3.776
0.0087967426,-3.6975686
0.010634432,-3.7995294
0.012646311,-3.6162364
0.014832378,-3.6130845
0.017192634,-0.76262253
0.019727078,4.7861298
0.022435711,9.3468979
0.025318532,6.3941918
0.028375542,4.2338936
0.031606741,7.352278
0.035012128,2.8316978
0.038591704,-3.680788
0.042345469,-3.2283169
0.046273422,4.0871506
0.050375564,2.0381632
0.054651894,-0.12037685
0.059102413,0.94486363
0.063727121,1.2181984
0.068526017,-1.7709608
0.073499102,0.19699395
0.078646375,7.3495136
0.083967837,8.8552255
0.089463488,2.7768748
0.095133327,-3.034558
0.10097736,-3.5673083
0.10699557,-3.621376
0.11318798,-3.5575456
0.11955457,-1.8071895
0.12609535,0.21792755
0.13281032,0.30604086
0.13969948,-0.52324173
0.14676283,0.56145231
0.15400037,1.3012995
0.16141209,2.5433586
0.16899801,1.283708
0.17675811,0.80077924
0.1846924,1.996533
0.19280088,2.0631261
0.20108355,0.50644095
0.20954041,-1.6852872
0.21817145,-0.8649994
0.22697669,1.0457356
0.23595611,2.0782904
0.24510972,1.4326649
0.25443752,0.43434942
0.26393951,0.9107949
0.27361569,-0.18897906
0.28346605,-1.9708548
0.29349061,-1.6818912
0.30368935,-1.141696
0.31406228,-2.2326222
0.3246094,-2.4683953
0.33533071,-0.84509369
0.34622621,0.072576693
0.3572959,0.64540019
0.36853977,1.4302396
0.37995783,1.1094477
0.39155009,0.96145604
0.40331653,1.182343
0.41525716,2.2034811
0.42737197,2.464086
0.43966098,2.5367068
0.45212418,2.7742846
0.46476156,2.1650547
0.47757313,1.038429
0.49055889,0.006172024
0.50371884,-0.83759849
0.51705298,-1.7595492
0.53056131,-1.8106606
0.54424382,-0.92818742
0.55810053,-0.71212979
0.57213142,-0.26052689
0.5863365,0.057993832
0.60071577,0.38460884
0.61526923,0.90755343
0.62999688,0.90525898
0.64489871,1.1385098
0.65997473,1.0430265
0.67522495,0.6494882
0.69064935,0.60103217
0.70624794,-0.09842004
0.72202072,-0.23318214
0.73796769,-0.28168552
0.75408884,0.038422782
0.77038419,-0.28462195
0.78685372,-0.23905502
0.80349744,-0.083699935
0.82031535,0.095168778
0.83730745,-1.0514685
0.85447374,-0.34714113
0.87181421,-0.41930015
0.88932888,-0.91500435
0.90701773,-0.64209689
0.92488077,0.41510853
0.942918,-0.21397635
0.96112942,0.1686877
0.97951503,0.80231637
0.99807483,1.0986744
1.0168088,0.57148715
1.035717,1.3305587
1.0547993,1.9954968
1.0740559,0.6212034
1.0934866,1.4508158
1.1130916,1.7784517
1.1328707,0.85116981
1.152824,1.2572055
1.1729515,1.5063626
1.1932532,1.3319746
1.213729,1.0634531
1.2343791,1.1086414
1.2552033,1.4440099
1.2762018,0.69700975
1.2973744,0.78136634
1.3187212,1.085315
1.3402422,0.65199298
1.3619374,0.74414538
1.3838068,0.93824278
1.4058504,0.91271656
1.4280681,1.3891353
1.4504601,1.2380874
1.4730262,1.3066315
1.4957665,1.328101
1.518681,0.58092721
1.5417697,0.74354162
1.5650326,0.24731671
1.5884697,0.1040172
1.612081,0.21952544
1.6358664,0.052664965
1.6598261,0.074024002
1.6839599,0.33066138
1.7082679,0.24218494
1.7327501,0.34977115
1.7574065,0.39459648
1.7822371,0.36097466
1.8072419,0.42145471
1.8324209,0.47407585
1.857774,0.3149165
1.8833013,0.39887862
1.9090029,0.34949164
1.9348786,0.26087319
1.9609285,0.39968994
1.9871526,0.28751052
2.0135509,0.34786434
2.0401234,0.32192787
2.06687,0.26460307
2.0937909,0.26216446
2.1208859,0.31461203
2.1481551,0.31214185
2.1755985,0.29396963
2.2032161,0.21303653
2.2310079,0.22620529
2.2589739,0.40406416
2.2871141,0.25249549
2.3154285,0.47738162
2.343917,0.59244806
2.3725797,0.44867519
2.4014167,0.5088081
2.4304278,0.30225858
2.4596131,0.3545168
2.4889726,0.28126904
2.5185062,0.3099663
2.5482141,0.39354973
2.5780962,0.34378405
2.6081524,0.38812025
2.6383828,0.38538183
2.6687875,0.21007862
2.6993663,0.37201454
2.7301193,0.19667977
2.7610465,0.13897628
2.7921478,-0.12266455
2.8234234,0.10979648
2.8548732,0.12263389
2.8864971,0.049181014
2.9182952,0.069830005
2.9502676,0.34928675
2.9824141,0.071864965
3.0147348,0.40619211
3.0472296,0.46599367
3.0798987,0.12577945
3.112742,0.43652985
3.1457594,0.5433429
3.1789511,0.16386566
3.2123169,0.48241186
3.2458569,0.15780502
3.2795711,0.58612358
3.3134595,0.33207343
3.3475221,0.45447808
3.3817589,0.85137675
3.4161698,0.49531847
3.450755,0.6412052
3.4855143,0.5674683
3.5204478,0.86234308
3.5555556,0.47484914
3.5908375,0.69126098
3.6262936,0.8135394
3.6619238,0.39462557
3.6977283,0.94040185
3.733707,0.74890744
3.7698598,0.51818157
3.8061868,0.89136149
3.8426881,0.6057021
3.8793635,0.84551713
3.9162131,0.45002226
3.9532369,0.56431553
3.9904348,0.64722048
4.027807,0.38501161
4.0653534,0.54631637
4.1030739,0.48799751
4.1409686,0.46103542
4.1790376,0.52033206
4.2172807,0.21098547
4.255698,0.3643682
4.2942895,0.34518613
4.3330551,0.20049808
4.371995,0.14206877
4.411109,0.16205505
4.4503973,-0.037582288
4.4898597,0.045117534
4.5294963,0.11995844
4.5693071,-0.15031447
4.6092921,0.12841644
4.6494513,-0.079142928
4.6897847,-0.035737687
4.7302923,-0.0080344991
4.770974,-0.16073925
4.8118299,0.063010815
4.8528601,-0.1132549
4.8940644,-0.10711909
4.9354429,0.11077421
4.9769956,-0.055653439
5.0187225,-0.049539281
5.0606235,0.027155893
5.1026988,0.0018830663
5.1449482,-0.04692639
5.1873719,-0.0094685545
5.2299697,0.14562912
5.2727417,0.034052915
5.3156879,-0.030471686
5.3588083,0.054016102
5.4021029,-0.11248372
5.4455717,0.034734733
5.4892146,0.072142045
5.5330318,0.054640179
5.5770231,0.17046443
5.6211886,0.20000695
5.6655283,0.14326775
5.7100422,0.17279583
5.7547303,0.27290494
5.7995926,0.04359506
5.8446291,0.23780738
5.8898397,0.26730659
5.9352245,0.13993585
5.9807836,0.31844024
6.0265168,0.18321192
6.0724242,0.18915285
6.1185058,0.36763559
6.1647616,0.16964052
6.2111916,0.27752058
6.2577957,0.33833461
6.3045741,0.1011022
6.3515266,0.45209787
6.3986533,0.14426279
6.4459543,0.1109303
6.4934294,0.4383749
6.5410787,0.059929932
6.5889021,0.2618699
6.6368998,0.31478305
6.6850717,0.4147478
6.7334177,-0.018627995
6.781938,0.54406742
6.8306324,0.15773601
6.879501,0.06159346
6.9285438,0.26348291
6.9777608,0.32418867
7.027152,0.13390682
7.0767174,0.44557854
7.1264569,0.17685088
7.1763707,0.26105718
7.2264586,0.25898176
7.2767207,0.13140892
7.327157,0.35677004
7.3777675,0.18996707
7.4285522,0.2349216
7.4795111,0.18575126
7.5306442,0.25422077
7.5819514,0.048173251
7.6334329,0.16368714
7.6850885,0.18507617
7.7369183,0.033908961
7.7889223,0.21998944
7.8411005,0.18645485
7.8934529,0.11369736
7.9459795,0.15073657
7.9986802,0.11718033
8.0515552,-0.034030181
8.1046043,0.12847758
8.1578277,0.00078203719
8.2112252,0.006412614
8.2647969,0.051251659
8.3185428,-0.045092983
8.3724629,-0.0081115103
8.4265572,0.083764706
8.4808256,-0.049798734
8.5352683,-0.10493154
8.5898851,0.0046407977
8.6446761,-0.011277799
8.6996413,-0.10562851
8.7547808,-0.035274072
8.8100943,-0.059038021
8.8655821,-0.090645847
8.9212441,-0.051666176
8.9770803,-0.15386371
9.0330906,-0.099199246
9.0892751,-0.060221791
9.1456339,0.010127475
9.2021668,-0.052857332
9.2588739,-0.07662719
9.3157552,-0.084711513
9.3728107,-0.092796574
9.4300403,-0.077352962
9.4874442,0.000835009
9.5450222,-0.038624817
9.6027745,-0.1878893
9.6607009,0.15696312
9.7188015,-0.015832256
9.7770763,0.078038297
9.8355253,0.054261052
9.8941485,-0.071477715
9.9529458,0.0067043476
10.011917,0.084885672
10.071063,0.037576061
10.130383,0.037324535
10.189877,0.11550364
10.249545,0.17799574
10.309388,0.13068317
10.369405,0.091213008
10.429596,0.12233034
10.489961,0.27109399
10.5505,-0.011515648
10.611213,0.19999162
10.672101,0.15267463
10.733163,0.058298069
10.794399,0.12862665
10.855809,0.15189568
10.917393,0.14379141
10.979152,0.14352955
11.041085,0.18248263
11.103192,0.2684938
11.165473,0.22901403
11.227928,0.18169038
11.290558,0.15005228
11.353361,0.1968448
11.416339,0.23579345
11.479491,0.22768254
11.542818,0.36074736
11.606318,-0.0081493422
11.669993,0.38373753
11.733841,0.18738837
11.797864,-0.20503996
11.862062,0.50841332
11.926433,-0.025192954
11.990979,0.11570983
12.055698,0.25661188
12.120592,0.075944565
12.185661,0.059982391
12.250903,0.11460771
12.316319,0.2947225
12.38191,-0.097712482
12.447675,0.098087096
12.513614,0.05074868
12.579727,0.073997761
12.646015,0.13646179
12.712477,-0.059898449
12.779112,0.17511312
12.845923,-0.068307417
12.912907,-0.10780713
12.980065,0.19779046
13.047398,-0.17896562
13.114905,0.032512842
13.182586,0.094970962
13.250441,-0.03080695
13.31847,-0.093840503
13.386674,0.054889911
13.455051,-0.015988256
13.523603,-0.063337751
13.592329,0.014802213
13.66123,-0.056078171
13.730304,-0.04852792
13.799553,0.10019806
13.868976,-0.049115909
13.938573,-0.057254148
14.008344,-0.10460881
14.07829,-0.042160294
14.148409,-0.11304585
14.218703,-0.089814492
14.289171,0.098122007
14.359813,-0.090412821
14.43063,0.0034045537
14.50162,-0.07532783
14.572785,0.034174342
14.644124,0.041714991
14.715637,-0.037019608
14.787324,0.0065807859
14.859186,0.018800227
14.931221,0.031011265
15.003431,-0.0038449241
15.075815,0.05540813
15.148374,-0.057896238
15.221106,0.079771382
15.294013,-0.064922342
15.367094,0.01782651
15.440349,0.061351273
15.513778,-0.012779426
15.587381,0.10131677
15.661159,-0.11400721
15.735111,0.10203296
15.809237,-0.034876454
15.883537,0.0321273
15.958011,0.067750102
16.03266,-0.022125696
16.107482,0.12328422
16.182479,0.017705341
16.25765,-0.048666255
16.332996,0.16730669
16.408515,-0.055944462
16.484209,0.097266575
16.560077,-0.039726871
16.636119,0.011506575
16.712335,0.14116299
16.788725,-0.089973314
16.86529,0.0082937451
16.942029,0.051650439
17.018942,-0.12460911
17.096029,0.099122932
17.17329,0.01696422
17.250726,-0.018144072
17.328335,0.087915703
17.406119,-0.0099544936
17.484077,-0.10783309
17.56221,0.092319118
17.640516,-0.1545959
17.718997,0.21808853
17.797652,-0.052372705
17.876481,0.092843932
17.955484,0.51256197
18.034662,-0.22851271
18.114013,0.10491401
18.193539,0.32068527
18.273239,-0.39688521
18.353113,0.28945748
18.433162,-0.11440431
18.513384,0.085647059
18.593781,-0.18005823
18.674352,0.17382941
18.755097,-0.052690014
18.836016,0.0031285928
18.91711,-0.027342221
18.998377,-0.1127299
19.079819,-0.072642303
19.161435,-0.21296177
19.243226,-0.0081981044
19.32519,-0.21913563
19.407329,-0.33597041
19.489642,0.033454407
19.572129,-0.31086118
19.65479,-0.051270103
19.737625,-0.17600766
19.820635,-0.41056406
19.903819,0.099962678
19.987177,-0.47972157
20.070709,-0.047656032
20.154415,-0.10187991
20.238296,-0.022785362
20.32235,0.83276486
20.406579,0.30790802
20.490982,0.39480097
20.57556,6.8581496
20.660311,23.203836
20.745237,18.020096
20.830337,3.9108511
20.915611,0.036885226
21.001059,1.2138848
21.086681,1.0261636
21.172478,0.47764313
21.258449,0.54871562
21.344594,0.47859673
21.430913,0.44767861
21.517406,0.46380441
21.604074,0.4171702
21.690915,0.55875637
21.777931,0.5669943
21.865121,0.34776634
21.952486,0.18342543
22.040024,0.21514804
22.127737,0.1135224
22.215624,0.10599951
22.303685,-0.18389124
22.39192,-0.034581211
22.480329,0.23236097
22.568913,-0.19875098
22.657671,0.20149471
22.746603,-0.24533333
22.835709,-0.13304148
22.924989,-0.099344795
23.014444,-0.48934131
23.104073,-0.24420749
23.193876,-0.50119825
23.283853,-0.65639202
23.374004,-0.71763193
23.46433,-0.7947219
23.554829,-0.95040703
23.645503,-1.0042952
23.736351,-1.0740334
23.827373,-1.1909942
23.91857,-1.2140011
24.009941,-1.2057993
24.101485,-1.6056045
24.193204,-1.3153773
24.285098,-1.770412
24.377165,-1.7079634
24.469407,-1.8652864
24.561822,-2.0306164
24.654412,-1.9451297
24.747176,-2.1735323
24.840115,-2.2530792
24.933227,-2.1367113
25.026514,-2.4205073
25.119975,-2.3044671
25.21361,-2.4631004
25.307419,-2.135623
25.401403,-2.2004663
25.49556,0.18158545
25.589892,7.3085715
25.684398,13.745198
25.779078,3.0287188
25.873933,11.810115
25.968961,89.179583
26.064164,90.972417
26.159541,90.92195
26.255092,77.47524
26.350818,48.357779
26.446717,32.298977
26.542791,26.145894
26.639039,31.184803
26.735461,39.729432
26.832057,41.803308
26.928828,40.857413
27.025772,41.699589
27.122891,38.525915
27.220184,34.614823
27.317652,30.758468
27.415293,26.37646
27.513109,23.006053
27.611098,19.55705
27.709262,16.437295
27.807601,12.705612
27.906113,10.769844
28.0048,10.433912
28.10366,8.6546782
28.202695,6.4360654
28.301904,6.3741516
28.401288,5.4885445
28.500845,3.9361071
28.600577,4.1638979
28.700483,4.0072113
28.800563,3.2385962
28.900817,2.8776604
29.001246,2.4773451
29.101848,1.9670622
29.202625,1.2526938
29.303576,1.8871813
29.404701,1.6666031
29.506001,0.59880218
29.607474,0.064170848
29.709122,-0.17258506
29.810944,-0.26832828
29.91294,-0.5132549
30.01511,-0.32400091
30.117455,-0.39351522
30.219974,-0.84728804
30.322666,-0.61865269
30.425534,-0.6174131
30.528575,-1.1651379
30.63179,-0.6461408
30.73518,-0.83297083
30.838744,-1.0589613
30.942482,-0.64175935
31.046394,-0.85979626
31.15048,-1.1013074
31.254741,-0.64472402
31.359176,-0.52534036
31.463785,-0.68825442
31.568568,-0.65503483
31.673525,-0.10411295
31.778657,0.45470729
31.883963,0.69985726
31.989442,1.2509448
32.095097,1.3550288
32.200925,1.4748542
32.306927,1.2653231
32.413104,1.2597688
32.519455,1.0895638
32.62598,0.40176705
32.732679,0.082652927
32.839553,0.12437834
32.9466,0.15831584
33.053822,0.29426935
33.161218,0.32047416
33.268788,0.50359693
33.376532,0.82795141
33.484451,0.68177287
33.592544,2.0650613
33.700811,3.8405618
33.809252,5.3023921
33.917867,8.5368266
34.026657,11.285042
34.13562,12.841155
34.244758,12.107128
34.35407,11.028058
34.463556,9.4627687
34.573217,7.9445934
34.683052,5.5872576
34.79306,4.257428
34.903243,3.1707909
35.013601,2.1940129
35.124132,1.6565059
35.234838,0.95434816
35.345717,0.6365594
35.456771,1.0639239
35.567999,2.1815397
35.679402,2.0835244
35.790978,2.1032115
35.902729,1.7700126
36.014654,0.644712
36.126753,0.49201568
36.239026,0.26878635
36.351474,0.02992597
36.464095,0.37151297
36.576891,0.45433166
36.689861,-0.22357873
36.803005,0.18876217
36.916324,0.27958967
37.029816,0.17439396
37.143483,-0.30721711
37.257324,0.26220743
37.371339,0.023844064
37.485529,-0.33995428
37.599892,0.33159672
37.71443,-0.08699314
37.829142,0.1846683
37.944028,-0.27302679
38.059088,-0.28360784
38.174323,0.032808612
38.289731,-0.40368833
38.405314,0.014744467
38.521071,-0.22561849
38.637002,-0.2855615
38.753108,0.05452326
38.869387,-0.29556028
38.985841,0.005364357
39.102469,-0.36819303
39.219271,0.25435579
39.336248,0.23379513
39.453398,-0.33575736
39.570723,0.09079637
39.688222,-0.22772016
39.805895,-0.38934617
39.923742,0.068663437
40.041764,-0.061534467
40.15996,-0.13680263
40.278329,-0.18067047
40.396873,-0.12254974
40.515592,-0.06440123
40.634484,0.040833879
40.753551,-0.065667938
40.872792,-0.11724002
40.992207,0.011607843
41.111796,-0.56559527
41.231559,-0.4529061
41.351497,-0.72483447
41.471608,-1.0127529
41.591894,-1.065681
41.712355,-1.5816581
41.832989,-1.3685271
41.953797,-1.6419745
42.07478,-1.8921963
42.195937,-1.9466434
42.317268,-2.322963
42.438773,-2.1035079
42.560453,-0.69219979
42.682306,4.5227261
42.804334,9.5177403
42.926536,0.28499979
43.048912,7.6323476
43.171463,83.332333
43.294187,86.506524
43.417086,86.307862
43.540159,57.646152
43.663406,16.46649
43.786828,11.459074
43.910423,0.82782484
44.034193,-0.35274797
44.158137,3.6663754
44.282255,2.8302931
44.406547,1.3115539
44.531014,2.1768247
44.655654,2.6339486
44.780469,3.1221412
44.905458,3.61003
45.030621,1.8780072
45.155959,1.1574453
45.28147,6.4365795
45.407156,21.119332
45.533016,8.4841328
45.65905,-3.3356836
45.785259,-3.0067842
45.911641,-2.4821101
46.038198,-3.5028378
46.164929,-4.7121047
46.291834,-4.2040283
46.418913,-4.2217459
46.546167,-3.8554536
46.673595,-3.5522102
46.801196,-3.4218196
46.928972,-2.0054583
47.056923,1.4655012
47.185047,2.598902
47.313346,4.1099239
47.441819,5.8249596
47.570466,7.8381266
47.699287,8.1494251
47.828282,3.4804235
47.957452,0.14484745
48.086795,-1.2298521
48.216313,-0.28289091
48.346006,-0.64564144
48.475872,-1.5102606
48.605912,8.0487418
48.736127,22.972542
48.866516,13.621925
48.997079,15.769439
49.127816,33.689595
49.258728,46.747097
49.389813,49.279202
49.521073,47.0663
49.652507,55.324079
49.784115,74.146656
49.915898,51.886972
50.047854,24.639145
50.179985,22.912979
50.31229,23.445729
50.444769,18.260924
50.577423,14.001701
50.71025,13.515119
50.843252,17.428629
50.976428,14.903016
51.109778,9.3186718
51.243302,7.4599097
51.377001,8.0561418
51.510873,7.8054071
51.64492,7.3351568
51.779141,5.8218614
51.913536,4.5910111
52.048106,3.9014294
52.182849,3.5413517
52.317767,2.9225426
52.452859,1.5744139
52.588125,1.0655931
52.723566,0.39215851
52.85918,0.37763964
52.994969,0.62203647
53.130932,0.49789802
53.267069,0.31894977
53.40338,-0.40108278
53.539866,-0.45435651
53.676525,-0.90753806
53.813359,-0.84298039
53.950367,-0.87265069
54.08755,-0.80812141
54.224906,-0.71213764
54.362437,-0.74940526
54.500141,-1.0297282
54.63802,-1.4589888
54.776074,-1.0411087
54.914301,-0.91334268
55.052703,-1.5305928
55.191278,-1.1673688
55.330028,0.41946656
55.468952,0.58677599
55.608051,0.66004972
55.747323,-0.090124031
55.88677,-1.0441374
56.026391,-1.6529708
56.166186,-1.4930948
56.306155,-0.91745064
56.446298,-0.42015588
56.586616,-0.41689684
56.727108,-0.73512448
56.867774,-0.84934862
57.008614,-0.46937317
57.149629,-0.15206089
57.290817,-0.68172549
57.43218,-0.34951666
57.573717,-0.55067638
57.715428,0.11087379
57.857313,0.30964365
57.999373,0.53975085
58.141607,0.39335225
58.284014,0.050840004
58.426597,-0.26817804
58.569353,-0.41468227
58.712283,-0.2631825
58.855388,0.80592912
58.998667,0.50245651
59.14212,0.24600751
59.285747,0.013052708
59.429548,0.65849407
59.573524,-0.45296252
59.717674,-0.56053276
59.861998,0.57892062
60.006496,0.3536329
60.151168,-0.21678806
60.296015,-0.089205025
60.441036,0.86971535
60.58623,0.50311032
60.7316,-0.4282358
60.877143,-1.124323
61.02286,-1.4439749
61.168752,-1.6303286
61.314818,-1.2912273
61.461058,-0.52078871
61.607472,-0.22097355
61.754061,-0.47805635
61.900823,0.48051192
62.04776,3.0547313
62.194871,3.4798958
62.342156,4.0932604
62.489616,9.6712956
62.637249,26.080668
62.785057,16.293927
62.933039,3.2051902
63.081195,1.4262218
63.229525,2.713885
63.37803,1.6721011
63.526708,1.8145958
63.675561,7.0472513
63.824588,6.2720285
63.97379,6.783045
64.123165,11.631281
64.272715,18.918698
64.422439,22.762942
64.572337,25.5797
64.722409,32.616031
64.872655,27.715071
65.023076,18.704273
65.17367,16.077752
65.324439,14.611981
65.475383,12.377548
65.6265,11.547
65.777791,24.559555
65.929257,25.713251
66.080897,9.494363
66.232711,3.7617141
66.384699,6.0133437
66.536862,4.8061145
66.689198,3.9047325
66.841709,5.3797858
66.994394,4.7920589
67.147254,2.2356693
67.300287,1.4517935
67.453495,1.3972942
67.606876,0.77021077
67.760432,2.0568176
67.914162,9.2571146
68.068067,7.8063961
68.222145,0.41838749
68.376398,-1.1108328
68.530825,0.24618616
68.685426,-0.50663399
68.840201,-1.2124305
68.995151,-0.42022306
69.150274,-0.36530571
69.305572,-1.3300314
69.461044,-1.3300864
69.616691,-1.4399806
69.772511,-1.3381453
69.928506,0.1832627
70.084674,2.3477727
70.241017,0.1749926
70.397535,-1.44096
70.554226,-1.2922419
70.711092,-1.1200296
70.868131,-0.95569561
71.025345,-1.2698282
71.182733,-1.4585059
71.340296,-1.6393756
71.498032,-1.6006727
71.655943,-1.4129854
71.814028,-1.3194509
71.972287,-1.4534027
72.13072,-1.2579778
72.289327,-0.097882353
72.448109,1.8710341
72.607065,4.3183908
72.766195,4.7657565
72.925499,4.0523468
73.084977,2.9546323
73.24463,2.8137894
73.404457,2.4690339
73.564458,0.15565983
73.724633,-0.82437195
73.884982,-1.0279242
74.045506,-0.83931073
74.206203,-1.262453
74.367075,-1.0581354
74.528121,-1.489103
74.689342,-1.7082969
74.850736,-2.0137564
75.012305,-1.7780306
75.174048,-2.0834723
75.335965,2.9208989
75.498056,6.7644946
75.660321,0.60809932
75.822761,-3.3208361
75.985375,-2.7242724
76.148163,-1.2963272
76.311125,-0.28405942
76.474261,10.092923
76.637572,5.8346206
76.801056,-1.7962221
76.964715,-1.4505852
77.128548,-0.061802215
77.292556,0.079930892
77.456737,13.751085
77.621093,25.359502
77.785623,6.4189092
77.950327,-3.3373612
78.115205,-0.58381877
78.280257,-0.23811057
78.445484,0.97035165
78.610885,11.519999
78.77646,7.0971068
78.942209,0.54088988
79.108132,0.55723093
79.27423,2.1735809
79.440502,6.4095476
79.606947,31.006308
79.773568,29.265822
79.940362,7.5488739
80.10733,5.9731116
80.274473,8.2797112
80.44179,3.8333785
80.609281,35.818427
80.776946,80.14074
80.944786,77.412081
81.112799,32.47951
81.280987,-3.4491315
81.449349,8.6692952
81.617885,5.423025
81.786596,5.9728421
81.95548,9.7854132
82.124539,4.1470129
82.293772,-0.06392753
82.463179,0.43102331
82.63276,0.87108111
82.802516,1.836638
82.972446,0.73161564
83.142549,-0.27143705
83.312828,-0.23134357
83.48328,-0.28535881
83.653906,0.11553684
83.824707,0.13997081
83.995682,-0.25127256
84.166831,-0.26603643
84.338154,-0.76706589
84.509651,-0.41318446
84.681323,-0.52203922
84.853169,-0.24813454
85.025189,-0.4291881
85.197383,-0.69657242
85.369751,-0.7287189
85.542294,-0.60405889
85.71501,-0.21278848
85.887901,-0.67647629
86.060966,-0.21473017
86.234206,-0.20009914
86.407619,0.081142297
86.581207,-0.50826077
86.754969,-1.2781123
86.928905,5.0657055
87.103015,33.401624
87.277299,23.337486
87.451758,1.4458407
87.626391,-1.951743
87.801198,2.2976757
87.976179,6.3195873
88.151334,25.36105
88.326664,22.778928
88.502168,9.6006705
88.677845,10.100788
88.853698,18.310654
89.029724,21.979287
89.205924,24.141981
89.382299,20.78305
89.558848,15.753475
89.735571,12.825804
89.912468,11.419646
90.08954,10.789902
90.266785,15.838533
90.444205,17.44397
90.621799,7.6297438
90.799567,2.9056571
90.97751,3.1305337
91.155626,4.8690796
91.333917,23.438942
91.512382,23.993061
91.691021,3.9745756
91.869834,-1.3223977
92.048822,2.368808
92.227984,4.4756437
92.407319,16.778502
92.586829,17.449931
92.766514,5.3213034
92.946372,0.79261994
93.126405,1.5423116
93.306612,11.852731
93.486993,65.519957
93.667548,57.085167
93.848277,7.1287508
94.029181,-5.3139957
94.210259,5.5608485
94.391511,11.023872
94.572937,27.937819
94.754537,12.639946
94.936312,1.0753492
95.11826,0.88324546
95.300383,1.8361835
95.48268,3.5655359
95.665152,7.8438516
95.847797,6.9613267
96.030617,4.5258044
96.213611,2.0039514
96.396779,6.7604734
96.580121,54.363998
96.763637,76.218447
96.947328,25.994408
97.131193,-1.6963541
97.315232,7.5696906
97.499445,6.2160711
97.683832,5.5525914
97.868394,6.4498398
98.053129,6.147032
98.238039,6.0559325
98.423123,4.5765415
98.608382,5.0657217
98.793814,6.9744535
98.979421,4.7576388
99.165202,3.1603757
99.351157,1.8767819
99.537286,2.2401905
99.723589,2.7290332
99.910067,1.9942901
100.09672,2.4438045
100.28354,1.7481646
100.47055,2.5505077
100.65772,1.8390689
100.84507,5.2138485
101.03259,7.6395522
101.22029,1.6573564
101.40816,-0.35626811
101.5962,-0.048380289
101.78442,-0.13270559
101.97282,3.3985991
102.16139,2.5612201
102.35013,1.6375103
102.53904,0.96472466
102.72813,2.8409024
102.9174,19.015063
103.10684,41.683285
103.29645,19.229882
103.48624,5.1215211
103.6762,6.6209468
103.86633,6.5203164
104.05664,5.9490414
104.24713,3.6992788
104.43779,-0.095638166
104.62862,-1.9062976
104.81963,-1.2228957
105.01081,-0.53955004
105.20216,5.7594256
105.39369,1.9720705
105.58539,-4.2310271
105.77727,-4.3635928
105.96932,-2.6373912
106.16155,-1.8210498
106.35395,-1.1459411
106.54652,-3.2238299
106.73927,-4.3605984
106.93219,-3.999384
107.12529,2.0951074
107.31856,14.511111
107.51201,4.2760784
107.70563,-4.810292
107.89942,-5.4574434
108.09339,-3.4692972
108.28753,9.9698329
108.48185,19.259947
108.67634,1.3030052
108.871,-6.9519721
109.06584,-4.1402792
109.26085,-1.5638771
109.45604,3.2086069
109.6514,-0.7796899
109.84694,-4.2424931
110.04264,-5.0464693
110.23853,-1.8739716
110.43459,19.094608
110.63082,19.365152
110.82722,-1.5015556
111.02381,-6.5094362
111.22056,-2.0349604
111.41749,-0.82322626
111.61459,0.7649819
111.81187,-1.4821006
112.00932,-4.0507483
112.20695,-3.9840985
112.40475,3.4315744
112.60272,37.749212
112.80087,24.81195
112.99919,-3.0429548
113.19769,-6.5213858
113.39636,-0.70569568
113.5952,1.2276449
113.79422,0.60412624
113.99342,-2.4429184
114.19278,-4.2978028
114.39233,-2.2468013
114.59204,1.5140075
114.79193,5.063055
114.992,1.5140668
115.19223,-3.4309965
115.39265,-2.9015464
115.59323,30.498495
115.794,70.769129
115.99493,35.078981
116.19604,-7.6307708
116.39732,-3.815029
116.59878,3.7889515
116.80041,11.05568
117.00222,7.8910404
117.2042,1.314639
117.40635,-0.96371968
117.60868,1.0638074
117.81119,15.859965
118.01386,25.503186
118.21672,5.7660172
118.41974,-1.6338929
118.62294,1.5309063
118.82631,4.2172776
119.02986,7.9232601
119.23358,0.61748141
119.43748,-2.7902546
119.64155,-2.5352421
119.8458,3.7433032
120.05022,13.661068
120.25481,3.3043258
120.45958,-4.3230009
120.66452,-3.4405202
120.86963,-0.22862433
121.07492,3.9087652
121.28039,0.29713855
121.48603,-2.2086023
121.69184,-3.6398299
121.89783,-1.5494854
122.10399,5.8192939
122.31032,2.3253315
122.51683,-3.4509804
122.72351,-5.3294282
122.93037,-3.56088
123.1374,1.3840759
123.34461,1.293675
123.55199,-3.5654162
123.75954,-5.1304526
123.96727,-3.3151596
124.17518,4.0373254
124.38325,4.9191594
124.5915,-2.0814223
124.79993,-5.9997139
125.00853,0.72506894
125.2173,41.567436
125.42625,43.013662
125.63537,1.1343347
125.84467,-9.6940748
126.05414,-0.61666487
126.26378,4.5155843
126.4736,5.7967902
126.6836,0.25440388
126.89376,-1.6096139
127.10411,-0.75212577
127.31462,6.2151034
127.52531,8.562662
127.73618,2.3376087
127.94721,-2.2796643
128.15843,-0.77150983
128.36981,6.9405034
128.58137,11.679905
128.79311,3.1251256
129.00502,-0.21403001
129.2171,2.987928
129.42936,12.18198
129.64179,17.321067
129.8544,6.9542096
130.06718,-0.11075029
130.28013,7.4359917
130.49326,58.135612
130.70656,68.231248
130.92004,21.542508
131.13369,-6.6129624
131.34751,15.341309
131.56151,70.150419
131.77569,72.771231
131.99004,43.956686
132.20456,-1.6108623
132.41925,16.397997
132.63412,64.414636
132.84917,69.803762
133.06439,20.934001
133.27978,-5.6691561
133.49535,5.6805654
133.71109,10.983165
133.927,8.1758983
134.14309,-0.61574514
134.35936,-2.011373
134.5758,-0.034514567
134.79241,6.0756143
135.00919,5.2288177
135.22615,-0.4729437
135.44329,-4.3708464
135.6606,-1.4688118
135.87808,3.8566893
136.09574,0.068402172
136.31357,-3.2493596
136.53158,-3.6181645
136.74976,-1.2576205
136.96811,5.5499196
137.18664,3.7299458
137.40534,-0.56067898
137.62422,-2.9690136
137.84327,-2.0519209
138.06249,2.2847168
138.28189,-1.5434141
138.50147,-5.4029804
138.72121,-5.0792051
138.94114,0.38188282
139.16123,3.7881265
139.3815,-3.080082
139.60195,-5.8933308
139.82257,-4.1575023
140.04336,8.3626977
140.26433,19.808446
140.48547,1.8895452
140.70678,-6.7979249
140.92827,-1.8069059
141.14993,9.5998571
141.37177,4.6694229
141.59378,-5.366836
141.81597,-5.1677431
142.03833,-2.9607493
142.26087,0.39140026
142.48358,0.38674474
142.70646,-2.700206
142.92952,3.0207441
143.15275,52.067242
143.37615,69.129484
143.59973,20.411392
143.82349,-8.463506
144.04741,3.1479287
144.27152,10.53197
144.49579,8.1043045
144.72024,-1.6644799
144.94487,-3.8410497
145.16967,3.7471441
145.39464,22.778533
145.61979,14.209979
145.84511,-2.3663597
146.07061,-4.3936214
146.29628,4.9674099
146.52212,9.6696754
146.74814,1.1249397
146.97433,-3.5530715
147.2007,-0.69377018
147.42724,10.589118
147.65395,13.174025
147.88084,0.63742123
148.10791,-4.5108898
148.33515,0.48203343
148.56256,6.7299163
148.79014,0.85236664
149.0179,-3.981988
149.24584,-3.4907948
149.47395,0.54555413
149.70223,3.3035294
149.93069,-1.1493253
150.15932,-3.7905154
150.38812,-3.5220018
150.6171,-2.0222156
150.84626,-1.9891962
151.07559,-2.9366691
151.30509,-3.4607127
151.53476,-4.078974
151.76461,-2.6894923
151.99464,-3.6138361
152.22484,-3.5343585
152.45521,-3.4471379
152.68576,-2.254135
152.91648,-0.66907536
153.14738,-4.237057
153.37845,-4.8953348
153.60969,-2.6125362
153.84111,-0.50238676
154.0727,-2.6982198
154.30447,-5.2863097
154.53641,-2.7137155
154.76852,15.694073
155.00081,27.34882
155.23328,10.48582
155.46591,15.622719
155.69872,45.959519
155.93171,64.562885
156.16487,57.88772
156.39821,22.937945
156.63171,48.050815
156.8654,68.787114
157.09925,69.413509
157.33328,69.302549
157.56749,68.705214
157.80187,67.464643
158.03642,69.165147
158.27115,68.920453
158.50605,68.612915
158.74113,66.595472
158.97638,66.499497
159.2118,66.481854
159.4474,60.409209
159.68318,45.763915
159.91912,36.977344
160.15524,47.00636
160.39154,36.57253
160.62801,10.711149
160.86465,8.0418248
161.10147,37.686126
161.33846,39.581308
161.57563,11.617565
161.81297,1.5674488
162.05049,8.8740947
162.28818,16.659072
162.52604,10.42042
162.76408,1.7973536
163.00229,0.77418736
163.24067,7.7979799
163.47923,8.1706919
163.71797,0.0021273359
163.95688,-2.4645765
164.19596,0.51175676
164.43522,4.9075978
164.67465,1.3268681
164.91425,-2.1127852
165.15403,-2.5407738
165.39398,-0.93749007
165.63411,-1.6323456
165.87441,-3.3939679
166.11489,-3.4694158
166.35554,4.8236636
166.59637,10.371545
166.83736,-0.74734055
167.07854,-5.5212281
167.31988,-0.11482353
167.5614,15.795209
167.8031,9.0696332
168.04497,-5.2484131
168.28701,-7.6216751
168.52923,-0.27760375
168.77162,-0.43188544
169.01419,-7.8884417
169.25693,-9.2276646
169.49985,-4.1828877
169.74293,2.0537324
169.9862,-5.2864319
170.22963,-10.948479
170.47325,-7.2069175
170.71703,4.6911926
170.96099,-2.7365013
171.20513,-13.44294
171.44943,-13.177144
171.69392,-8.4253872
171.93857,-9.5484539
172.1834,-14.914972
172.42841,-15.505332
172.67359,-4.4881639
172.91894,6.1757496
173.16447,-11.403788
173.41017,-19.046384
173.65605,-10.148118
173.9021,4.9380699
174.14832,-8.0623305
174.39472,-16.004221
174.64129,2.6025939
174.88804,46.89537
175.13496,43.713322
175.38206,-4.9200197
175.62932,41.458089
175.87677,48.047649
176.12439,47.766307
176.37218,47.272887
176.62014,46.685035
176.86828,46.230203
177.1166,46.112311
177.36509,45.790185
177.61375,44.338333
177.86259,42.290088
178.1116,42.774863
178.36079,36.294619
178.61014,14.323865
178.85968,6.4626006
179.10939,3.8559247
179.35927,-5.5510651
179.60933,-12.440722
179.85956,-11.416966
180.10996,-1.4052894
180.36054,-6.970397
180.61129,-17.155426
180.86222,-16.627044
181.11332,-3.9734848
181.3646,-2.7006318
181.61605,-17.835936
181.86767,-21.606847
182.11947,-14.02121
182.37144,-1.5809849
182.62359,-5.3920538
182.87591,21.541662
183.12841,34.318201
183.38108,34.741485
183.63392,34.497788
183.88694,34.551817
184.14013,34.103572
184.39349,32.988346
184.64703,32.413982
184.90075,32.17656
185.15464,31.82902
185.4087,31.206657
185.66294,30.740842
185.91735,30.204126
186.17193,29.769056
186.42669,29.404261
186.68163,28.756799
186.93673,28.320788
187.19202,27.829562
187.44747,27.439982
187.7031,26.908912
187.95891,24.597137
188.21489,19.532106
188.47104,8.6785261
188.72737,6.8128679
188.98387,2.9312096
189.24054,-7.7978213
189.49739,-2.5193229
189.75442,22.264744
190.01162,21.197517
190.26899,12.875074
190.52654,3.7680038
190.78426,5.9076785
191.04215,6.3921374
191.30022,-2.072737
191.55846,-5.3771409
191.81688,5.522063
192.07547,3.3464433
192.33424,-5.104
192.59318,-7.103
192.85229,-2.5687135
193.11158,-3.5403561
193.37104,-6.4022416
193.63068,-4.0014288
193.89049,8.0699254
194.15048,7.0275072
194.41064,-4.0933891
194.67097,-7.4182537
194.93148,-0.052969141
195.19216,-1.9191039
195.45302,-5.5735208
195.71405,3.940643
195.97525,15.046917
196.23663,13.870791
196.49818,3.0789318
196.75991,15.87134
197.02181,17.330367
197.28389,17.369741
197.54614,17.589459
197.80856,15.762072
198.07116,16.052285
198.33393,16.373824
198.59688,15.573747
198.86,13.503035
199.12329,15.644041
199.38676,16.906569
199.6504,9.8396388
199.91422,6.9687399
200.17821,15.540931
200.44238,14.426802
200.70672,6.5675268
200.97123,7.7591857
201.23592,15.539033
201.50078,14.644324
201.76582,14.533882
202.03103,16.588098
202.29642,17.277562
202.56198,16.155215
202.82771,16.154389
203.09362,16.349595
203.3597,16.246715
203.62595,15.783004
203.89238,15.601599
204.15899,15.788774
204.42577,15.803354
204.69272,15.44926
204.95985,15.416687
205.22715,15.658577
205.49462,15.539637
205.76227,15.240257
206.0301,15.144752
206.2981,15.213906
206.56627,15.25164
206.83461,15.101093
207.10313,15.719126
207.37183,15.584171
207.6407,15.182503
207.90974,10.098435
208.17896,-4.4209739
208.44835,-8.2345473
208.71791,-1.9226773
208.98765,-3.2186973
209.25757,-8.169666
209.52766,-9.6147992
209.79792,-5.6795871
210.06836,-7.6973629
210.33897,-10.985774
210.60975,-7.6546237
210.88071,-1.962736
211.15184,-5.2669736
211.42315,-9.3320424
211.69463,-6.259903
211.96629,0.027875831
212.23812,-3.9510588
212.51012,-6.1486638
212.7823,11.120387
213.05465,13.785505
213.32718,11.87022
213.59988,9.0059039
213.87276,8.7219693
214.14581,12.061553
214.41903,7.3070081
214.69243,-0.42009685
214.966,5.9939636
215.23975,8.7295817
215.51367,2.0769535
215.78776,3.5105888
216.06203,12.669703
216.33647,12.88763
216.61109,7.4898598
216.88588,5.1195294
217.16085,11.8786
217.43598,9.8062865
217.7113,3.6163152
217.98679,8.4694701
218.26245,12.153987
218.53829,8.0894723
218.8143,3.2092609
219.09048,9.0427638
219.36684,11.017432
219.64337,8.207776
219.92008,8.7471282
220.19696,12.996273
220.47402,12.649329
220.75125,7.9964915
221.02865,11.320113
221.30623,14.03196
221.58398,13.912422
221.86191,8.8595404
222.14001,13.43802
222.41828,13.961587
222.69673,12.022398
222.97536,3.0479031
223.25415,9.6498682
223.53313,11.828293
223.81227,6.9870987
224.09159,3.8164817
224.37109,9.8301674
224.65076,11.890901
224.9306,13.128094
225.21061,13.784884
225.49081,13.767153
225.77117,13.749411
226.05171,13.731658
226.33242,13.713894
226.61331,13.696119
226.89437,13.678333
227.17561,13.660536
227.45702,13.642728
227.73861,13.624909
228.02036,13.607078
228.3023,13.589237
228.5844,13.571385
228.86669,13.553522
229.14914,13.535648
229.43177,13.517762
229.71457,13.499866
229.99755,13.481959
230.28071,5.322864
230.56403,2.9990523
230.84753,13.412485
231.13121,13.033749
231.41506,9.1726491
231.69908,4.0801659
231.98328,11.646495
232.26765,5.3696761
232.55219,-5.1895068
232.83691,1.1062011
233.12181,7.1430745
233.40688,-0.57692583
233.69212,-4.6106627
233.97754,2.1085306
234.26313,4.0277128
234.54889,-2.0295865
234.83483,-1.8751322
235.12095,6.3655856
235.40723,4.7474689
235.69369,0.70581171
235.98033,5.2994376
236.26714,8.6930525
236.55413,5.1062643
236.84128,2.9077002
237.12862,7.1326546
237.41612,7.2870097
237.70381,4.3354715
237.99166,7.1486281
238.27969,11.169617
238.56789,8.1160847
238.85627,6.5841102
239.14482,10.220752
239.43355,10.673069
239.72245,6.9371402
240.01153,9.3894353
240.30077,12.163288
240.5902,11.533208
240.87979,10.048215
241.16957,11.880859
241.45951,12.466432
241.74963,11.734347
242.03993,12.217938
242.33039,12.701517
242.62104,12.683125
242.91185,12.664722
243.20284,12.646307
243.49401,12.627882
243.78535,12.609445
244.07686,12.590998
244.36855,12.57254
244.66041,12.55407
244.95245,12.53559
245.24466,11.866118
245.53704,12.498595
245.8296,12.480082
246.12233,9.8811652
246.41524,11.690081
246.70832,12.126436
247.00158,11.668663
247.295,11.054015
247.58861,11.819749
247.88239,11.958021
248.17634,11.860988
248.47046,12.156101
248.76476,12.29434
249.05924,12.275705
249.35389,12.257059
249.64871,12.112912
249.94371,12.172676
250.23888,12.201056
250.53422,12.182366
250.82974,12.022488
251.12544,12.144953
251.42131,12.12623
251.71735,12.107496
252.01356,12.057378
252.30996,10.156269
252.60652,6.0904433
252.90326,8.3226456
253.20017,7.8803271
253.49726,5.0458406
253.79452,6.1250687
254.09196,8.5219327
254.38957,6.5736877
254.68735,6.6568043
254.98531,10.567361
255.28344,11.1132
255.58175,7.5100093
255.88023,8.3303366
256.17888,11.072222
256.47771,11.406252
256.77672,11.15988
257.0759,11.227222
257.37525,11.255337
257.67477,10.687363
257.97447,10.97428
258.27435,11.253343
258.5744,10.544159
258.87462,10.391827
259.17502,11.259092
259.47559,11.600856
259.77633,10.719079
260.07725,10.786311
260.37835,11.394708
260.67961,11.54035
260.98106,10.517352
261.28267,10.796305
261.58446,11.43603
261.88643,10.56202
262.18857,10.825253
262.49088,11.261024
262.79337,11.265411
263.09603,11.387435
263.39886,11.368271
263.70187,11.349096
264.00506,11.32991
264.30842,11.310713
264.61195,11.291505
264.91565,11.272286
265.21954,11.253056
265.52359,11.233815
265.82782,11.214563
266.13222,11.1953
266.4368,11.176026
266.74155,11.156741
267.04648,11.137444
267.35158,11.118137
267.65685,11.098819
267.9623,11.07949
268.26792,11.060149
268.57372,11.040798
268.87969,11.021436
269.18584,11.002062
269.49216,10.825815
269.79865,10.641714
270.10532,10.755641
270.41216,10.610733
270.71917,10.90503
271.02637,10.885591
271.33373,10.86614
271.64127,10.846679
271.94898,10.827206
272.25687,10.807723
272.56493,10.788228
272.87316,10.768722
273.18157,10.749206
273.49016,10.729678
273.79892,10.294453
274.10785,10.69059
274.41696,10.671029
274.72624,10.416163
275.03569,10.435796
275.34532,10.596594
275.65512,10.216205
275.9651,10.431883
276.27525,10.553433
276.58558,10.533795
276.89608,10.302381
277.20675,10.345467
277.5176,10.474815
277.82862,9.6316038
278.13982,9.5883814
278.45119,10.227501
278.76273,9.3293544
279.07445,8.9331578
279.38635,10.270283
279.69841,10.132888
280.01066,8.7092075
280.32307,9.0815942
280.63566,9.3912247
280.94843,7.1910403
281.26137,9.7124136
281.57448,10.218089
281.88777,10.198264
282.20123,8.7431338
282.51486,7.9389727
282.82867,9.2602908
283.14265,6.9580685
283.45681,8.530345
283.77114,8.6908457
284.08565,3.6356491
284.40033,6.0549513
284.71519,8.3409092
285.03021,5.3092089
285.34542,8.7480859
285.6608,9.9595009
285.97635,9.8375715
286.29207,6.4293566
286.60797,9.2015229
286.92405,9.5815212
287.24029,5.1066066
287.55672,5.7454064
287.87331,9.058705
288.19008,6.2621887
288.50703,2.077426
288.82415,8.2220641
289.14144,7.9039461
289.45891,3.6171895
289.77655,8.7500299
290.09437,9.5377611
290.41236,8.3960696
290.73052,8.9014258
291.04886,9.6185358
291.36737,9.4258308
291.68606,8.7076246
292.00492,9.3148975
292.32395,8.9888261
292.64316,4.2470574
292.96255,8.5013561
293.2821,8.8654477
293.60184,6.6648224
293.92174,9.3190881
294.24182,9.3694211
294.56208,7.9530765
294.88251,7.6033875
295.20311,9.2223149
295.52389,8.9196627
295.84484,9.275823
296.16596,9.2947173
296.48726,9.274385
296.80874,8.5089436
297.13038,8.8493735
297.45221,8.4682238
297.7742,1.3341219
298.09637,-1.1882264
298.41872,3.52863
298.74124,0.010181305
299.06393,-0.010239225
299.3868,3.3889371
299.70984,0.10574939
300.03305,3.0343154
300.35644,8.8805174
300.68001,8.6247477
301.00375,6.3454375
301.32766,8.9523908
301.65174,8.9475683
301.97601,8.7858721
302.30044,8.4280865
302.62505,8.8859761
302.94983,8.6458154
303.27479,8.0997614
303.59992,8.5027159
303.92523,7.6429144
304.25071,3.3321214
304.57636,6.6919056
304.90219,7.60462
305.22819,6.9957548
305.55437,8.5045256
305.88072,8.6015206
306.20725,5.0828184
306.53395,7.7680266
306.86082,8.5238122
307.18787,6.840371
307.51509,7.7765266
307.84249,8.4852202
308.17006,7.7272361
308.4978,7.3849273
308.82572,8.0857447
309.15381,7.9943942
309.48208,8.1853857
309.81052,8.4312681
310.13914,8.2379237
310.46793,8.0367252
310.79689,8.3531628
311.12603,8.3480207
311.45534,8.3271813
311.78483,8.3063308
312.11449,8.2854694
312.44432,8.1704793
312.77433,8.2437134
313.10452,8.1600738
313.43487,8.123482
313.7654,8.079036
314.09611,7.9247751
314.42699,8.0606993
314.75804,8.118181
315.08927,8.0344752
315.42068,8.0762487
315.75225,7.9140895
316.084,1.618586
316.41593,0.29562044
316.74803,-9.53716
317.0803,-2.0993633
317.41275,4.4364616
317.74537,-5.0355676
318.07817,-6.8997647
318.41114,-1.617324
318.74428,-7.8407553
319.0776,-7.8367254
319.41109,-0.72680278
319.74476,-5.1384385
320.0786,-5.9030051
320.41262,0.29714451
320.74681,-3.7144603
321.08117,-4.7691921
321.41571,3.862361
321.75042,3.042944
322.08531,2.6156941
322.42037,7.7413957
322.7556,7.4396566
323.09101,3.5379279
323.42659,7.6518957
323.76235,8.0325405
324.09828,4.7896661
324.43439,4.3781747
324.77067,4.9863013
325.10712,1.9787521
325.44375,8.2574876
325.78055,8.3636844
326.11753,7.9757738
326.45468,8.0898344
326.792,8.2352778
327.1295,6.7964178
327.46718,5.2869798
327.80502,7.0559835
328.14305,4.8798995
328.48124,8.1548062
328.81961,8.1905075
329.15816,8.2419054
329.49687,7.6501763
329.83577,8.4388497
330.17483,7.1334157
330.51407,3.6711293
330.85349,8.4912062
331.19308,8.3936462
331.53284,7.4568809
331.87278,8.7240475
332.21289,8.7049499
332.55318,5.9799802
332.89364,6.9020797
333.23427,8.1771306
333.57508,4.6521918
333.91607,6.1625575
334.25722,7.476855
334.59855,7.826457
334.94006,8.905481
335.28174,8.9100055
335.62359,8.9459129
335.96562,8.7386933
336.30782,8.8530526
336.6502,8.7713438
336.99275,9.0269003
337.33548,9.0471729
337.67837,8.5890244
338.02145,8.6799059
338.36469,8.9668761
338.70812,8.7048369
339.05171,9.0310434
339.39548,9.1690249
339.73943,9.095252
340.08354,8.9273717
340.42784,9.0889136
340.7723,7.8073284
341.11694,0.71398888
341.46176,5.0088949
341.80675,3.8293015
342.15191,8.4144242
342.49725,9.3524985
342.84276,5.0278379
343.18845,-3.9399496
343.53431,-0.31949157
343.88034,-3.8441212
344.22655,-0.19227001
344.57293,4.5184151
344.91949,-1.0610857
345.26622,-5.3856741
345.61313,-1.4435856
345.96021,-2.9524672
346.30746,-2.6966325
346.65489,3.880781
347.00249,3.6817343
347.35027,4.7454429
347.69822,7.6915149
348.04634,4.2297539
348.39464,2.9954543
348.74311,9.1729297
349.09176,9.444533
349.44058,4.8690878
349.78958,3.7367901
350.13875,3.129993
350.48809,1.0800689
350.83761,5.0458414
351.1873,5.7724085
351.53717,8.2480055
351.88721,9.4530246
352.23742,9.5207991
352.58781,9.4160348
352.93838,9.4995162
353.28911,9.7477138
353.64003,10.011608
353.99111,9.8755123
354.34237,10.053153
354.69381,9.8386462
355.04541,9.89866
355.3972,10.076331
355.74915,10.112836
356.10128,10.110136
356.45359,9.8329358
356.80607,10.073393
357.15872,10.078567
357.51155,9.8719861
357.86455,9.6418862
358.21773,9.9686594
358.57108,9.103286
358.9246,7.1790994
359.2783,2.909825
359.63217,-3.2261057
359.98622,-8.099281
360.34044,-5.1528382
360.69484,-10.527954
361.04941,-2.8756078
361.40415,9.0413504
361.75907,7.2171261
362.11416,-1.2267122
362.46943,-1.7568311
362.82487,-5.1183286
363.18048,-10.315126
363.53627,-8.6021264
363.89224,-9.3205051
364.24837,-7.5604585
364.60468,-5.8082611
364.96117,-7.0521483
365.31783,-1.0489828
365.67466,1.8169217
366.03167,3.192624
366.38885,9.7996927
366.74621,9.0891083
367.10374,6.1353805
367.46145,9.6600779
367.81933,9.8906516
368.17738,8.8663172
368.53561,5.17531
368.89401,5.5156693
369.25259,-1.2263305
369.61134,1.4904871
369.97026,1.768083
370.32936,-2.5504058
370.68863,-0.69635158
371.04808,-1.501127
371.4077,-3.4745361
371.76749,-1.0871669
372.12746,-1.1390195
372.48761,3.4365727
372.84793,8.4984333
373.20842,4.9955819
373.56908,3.524097
373.92992,6.7898609
374.29094,5.451697
374.65213,8.5762722
375.01349,9.7871157
375.37503,8.9508943
375.73674,9.0480001
376.09862,9.1843155
376.46068,8.9598405
376.82292,9.3079084
377.18533,9.7187152
377.54791,9.4001042
377.91067,7.7167812
378.2736,8.4412952
378.6367,8.4128619
378.99998,9.3177558
379.36343,9.1951926
379.72706,8.6412508
380.09086,8.1265186
380.45484,9.0157017
380.81899,9.6617416
381.18331,9.4764027
381.54781,9.2204695
381.91248,9.2076675
382.27733,9.3830946
382.64235,9.2212607
383.00755,9.6241266
383.37292,9.493653
383.73846,9.4102322
384.10418,9.6248444
384.47007,9.6276858
384.83613,9.3324819
385.20237,9.1078601
385.56879,9.2675459
385.93538,8.6978139
386.30214,8.2143502
386.66908,3.9269588
387.03619,-6.5329876
387.40347,-6.3733324
387.77093,-6.8019186
388.13857,-8.610903
388.50638,-1.0473445
388.87436,-2.213204
389.24251,-6.4771087
389.61084,-3.0390588
389.97935,-3.0990542
390.34803,1.7585914
390.71688,8.4201523
391.08591,8.2268053
391.45511,6.8961972
391.82449,9.0714653
392.19404,8.3369234
392.56376,4.5827675
392.93366,4.5619389
393.30373,4.6822806
393.67398,7.877126
394.0444,6.5072594
394.41499,0.023661232
394.78576,1.7204491
395.1567,0.55448571
395.52782,-1.2075622
395.89911,1.7441093
396.27058,-0.096382265
396.64222,-0.30550735
397.01403,2.4814399
397.38602,2.6017143
397.75819,7.6710023
398.13052,8.6461665
398.50303,7.7389716
398.87572,7.8670647
399.24858,8.4500537
399.62161,8.1389189
399.99482,8.4944447
400.3682,8.9283957
400.74176,8.7976347
401.11549,8.5884362
401.48939,9.0302121
401.86347,9.0170798
402.23772,9.0039414
402.61215,8.8574636
402.98675,8.9776463
403.36153,8.7684112
403.73648,8.849366
404.1116,8.7891382
404.4869,8.6426298
404.86237,8.762782
405.23802,8.6868496
405.61384,8.1167934
405.98983,7.8996723
406.366,8.3413686
406.74235,6.2026667
407.11886,-3.6966273
407.49556,-5.1880751
407.87242,-6.0285394
408.24946,-9.0729222
408.62668,-6.0937726
409.00406,-9.8832474
409.38163,-9.9550721
409.75936,-8.6935604
410.13727,-12.984987
410.51536,-12.021508
410.89362,-12.830576
411.27205,-11.906307
411.65066,-0.43301501
412.02944,1.7618483
412.4084,-1.7138736
412.78753,-0.64841591
413.16683,-5.3947199
413.54631,-8.6508248
413.92596,-6.7618286
414.30579,-7.4924372
414.68579,-0.22304272
415.06597,2.6698842
415.44632,-3.0646368
415.82684,-2.4540567
416.20754,-0.094454018
416.58841,6.9475047
416.96946,8.9620155
417.35068,7.5569215
417.73207,5.3361442
418.11364,7.4604681
418.49538,5.412246
418.8773,6.0777524
419.25939,5.3471834
419.64166,1.8558332
420.0241,5.4154664
420.40671,7.4378478
420.7895,8.7229773
421.17246,8.3218353
421.5556,8.0932454
421.93891,8.7587762
422.32239,8.734114
422.70605,8.3643568
423.08989,8.6220536
423.47389,9.0758319
423.85808,9.1217701
424.24243,8.7833976
424.62696,8.5705183
425.01167,8.7733284
425.39654,9.0232004
425.7816,9.0142519
426.16682,9.0837378
426.55222,8.6042071
426.9378,8.5168364
427.32355,6.7196647
427.70947,0.26367262
428.09557,-6.8040811
428.48184,-6.6561456
428.86829,-11.708207
429.25491,-11.701442
429.6417,-10.863301
430.02867,-14.778098
430.41582,-12.363481
430.80313,-11.274351
431.19062,-13.620511
431.57829,-11.527453
431.96613,-11.638314
432.35414,-11.576622
432.74233,-9.4286533
433.13069,-9.8140145
433.51923,-7.250353
433.90794,-5.7376689
434.29682,-5.3308641
434.68588,0.98182612
435.07512,1.0905978
435.46452,1.5209412
435.85411,2.3276222
436.24386,4.7814
436.63379,9.0626669
437.0239,9.3988738
437.41417,9.4292364
437.80463,9.8596371
438.19525,9.8900758
438.58605,9.3323173
438.97703,9.5902831
439.36818,8.2561301
439.7595,9.1024073
440.151,8.6938206
440.54267,6.5205661
440.93452,9.2022516
441.32654,8.6604457
441.71873,9.1853446
442.1111,9.8279285
442.50364,4.49408
442.89636,3.8034067
443.28925,7.199046
443.68232,7.2378607
444.07556,9.9198506
444.46897,8.9626629
444.86256,5.0486505
445.25632,5.1111468
445.65026,5.7070144
446.04437,10.279391
446.43865,10.381217
446.83311,9.0007281
447.22774,10.224199
447.62255,11.369276
448.01753,11.698706
448.41269,11.408565
448.80802,11.526306
449.20352,11.338202
449.5992,10.656019
449.99505,8.4287761
450.39108,9.6682376
450.78728,7.1822471
451.18365,6.7041377
451.5802,9.6064585
451.97693,6.7833272
452.37382,4.9406261
452.77089,5.2626689
453.16814,4.565142
453.56556,6.9813786
453.96315,6.2290258
454.36092,6.0727895
454.75887,7.2577677
455.15698,6.0584702
455.55527,8.584701
455.95374,9.4168522
456.35238,8.2725709
456.75119,9.0185237
457.15018,8.4625538
457.54934,8.8791709
457.94868,10.072297
458.34819,9.8693821
458.74787,10.764545
459.14773,11.063667
459.54776,11.449102
459.94797,12.5483
460.34835,12.682831
460.74891,13.766419
461.14964,13.759849
461.55054,13.965082
461.95162,14.16251
462.35287,13.975663
462.7543,14.345716
463.1559,14.566787
463.55767,14.701622
463.95962,14.930613
464.36174,14.759642
464.76404,14.808316
465.16651,15.335461
465.56916,15.290094
465.97198,15.440843
466.37497,15.654376
466.77814,15.72677
467.18148,15.838419
467.585,15.950105
467.98869,15.983398
468.39256,16.142219
468.79659,16.152058
469.20081,16.185465
469.6052,16.36793
470.00976,16.511217
470.41449,16.662385
470.8194,16.837121
471.22449,16.909934
471.62975,17.218079
472.03518,17.236066
472.44079,14.50115
472.84657,-0.15529627
473.25252,-13.603862
473.65865,-13.319056
474.06496,-12.838133
474.47143,-9.9258
474.87809,-9.7193112
475.28491,-7.5284706
475.69191,-2.776033
476.09909,-6.8000964
476.50644,-5.9222295
476.91396,-4.2051773
477.32166,-5.4058026
477.72953,-4.1437133
478.13757,-5.2189092
478.54579,-4.1059003
478.95419,-2.4046865
479.36275,-2.5701698
479.7715,-0.12391886
480.18041,-1.0737767
480.5895,0.66653102
480.99877,3.646024
481.40821,3.1666631
481.81782,7.3460953
482.22761,7.0156931
482.63757,9.2891821
483.04771,10.13519
483.45802,12.118422
483.8685,15.936917
484.27916,15.418128
484.68999,12.413033
485.101,12.035359
485.51218,8.6145176
485.92353,9.7975671
486.33506,8.7766646
486.74677,6.1086728
487.15864,7.7857487
487.5707,10.521618
487.98292,14.880986
488.39532,13.656009
488.8079,11.105513
489.22064,13.958907
489.63357,15.071094
490.04666,15.422467
490.45994,15.232633
490.87338,14.14865
491.287,14.233265
491.70079,14.372751
492.11476,14.731815
492.5289,14.36928
492.94322,13.277302
493.35771,13.102941
493.77238,11.148158
494.18722,11.48354
494.60223,12.148303
495.01742,10.169899
495.43278,12.638523
495.84831,12.267901
496.26402,10.093327
496.67991,9.0481349
497.09596,6.2774217
497.5122,4.7851094
497.9286,4.390806
498.34518,4.7415701
498.76194,5.727598
499.17887,4.6665366
499.59597,5.5740722
500.01325,6.2933421
500.4307,6.5341502
500.84833,7.527869
501.26613,7.4313614
501.6841,8.291686
502.10225,8.5166862
502.52057,9.1181264
502.93907,9.8450265
503.35774,9.8346412
503.77659,10.843833
504.1956,10.778485
504.6148,10.940558
505.03417,11.408482
505.45371,11.562651
505.87342,11.810906
506.29331,11.800308
506.71338,12.001444
507.13362,11.92804
507.55403,11.533037
507.97462,11.483101
508.39538,11.189998
508.81631,11.202746
509.23742,11.113504
509.65871,11.212466
510.08017,11.052574
510.5018,11.033829
510.92361,10.928778
511.34559,10.384481
511.76774,9.8636836
512.19007,10.009522
512.61257,10.108271
513.03525,10.010912
513.4581,9.5056786
513.88113,9.0396308
514.30433,9.3657093
514.7277,9.2603849
515.15125,9.2805202
515.57497,8.9006252
515.99887,8.7010918
516.42294,9.1054496
516.84719,8.5686005
517.2716,8.0944661
517.6962,8.1850071
518.12097,8.4951255
518.54591,8.6640371
518.97102,8.6211535
519.39631,8.9154944
519.82178,8.5509813
520.24742,8.2805555
520.67323,8.4885306
521.09922,8.6494165
521.52538,8.9357621
521.95171,9.0965871
522.37822,8.8730679
522.80491,9.1044203
523.23176,8.8965266
523.6588,8.8140926
524.086,8.8100596
524.51338,8.9471727
524.94094,9.2097455
525.36867,9.25268
525.79657,8.7073488
526.22465,8.7110068
526.6529,8.3616932
527.08132,8.1770551
527.50992,8.078661
527.9387,7.9174914
528.36765,7.3013894
528.79677,6.5597669
529.22606,5.7945844
529.65553,5.62545
530.08518,5.9190302
530.515,4.9890506
530.94499,5.4237465
531.37516,5.1368433
531.8055,4.8577528
532.23602,5.0884358
532.66671,5.2563433
533.09757,6.4124557
533.52861,6.6352043
533.95982,7.0147852
534.39121,6.727669
534.82277,6.6679734
535.25451,7.0160905
535.68641,6.5484909
536.1185,6.0808609
536.55076,5.6288867
536.98319,5.404333
537.41579,5.5954353
537.84857,4.7355267
538.28153,4.6206857
538.71466,4.1058143
539.14796,4.3438536
539.58144,4.495588
540.01509,4.247292
540.44891,3.857789
540.88291,3.5466871
541.31709,3.4943782
541.75144,2.9871369
542.18596,2.864179
542.62065,3.8862886
543.05552,3.2064071
543.49057,2.5892402
543.92579,3.2740037
544.36118,3.8097171
544.79675,3.482655
545.23249,3.7281115
545.66841,4.2715768
546.1045,4.0699137
546.54076,4.3701809
546.9772,4.7645353
547.41381,4.5941534
547.8506,4.6668783
548.28756,4.5434944
548.72469,4.4279232
549.162,4.280949
549.59949,4.2359052
550.03714,4.535929
550.47498,4.2163145
550.91298,3.9515715
551.35116,3.7966021
551.78952,3.8690532
552.22804,4.1140229
552.66675,4.5315111
553.10562,4.4548514
553.54468,3.742867
553.9839,3.6818327
554.4233,3.7854738
554.86287,3.5439864
555.30262,3.1848215
555.74254,2.8883714
556.18264,2.7173809
556.62291,1.9738111
557.06335,1.1204069
557.50397,0.086580079
557.94477,-0.85315949
558.38573,-1.4321452
558.82688,-0.90527893
559.26819,0.2960667
559.70968,-0.25948085
560.15134,-0.31309804
560.59318,-1.0280616
561.03519,-0.64497091
561.47738,-0.17559077
561.91974,-1.212078
562.36228,-0.21717774
562.80499,-0.1948115
563.24787,-0.031253829
563.69093,-0.84807334
564.13416,0.31159271
564.57756,1.1183326
565.02114,-0.090598899
565.4649,-0.060299696
565.90883,-0.54763258
566.35293,-0.12514657
566.79721,0.95617794
567.24166,1.5355566
567.68628,2.6796562
568.13108,2.2551433
568.57606,2.7482924
569.0212,2.2924368
569.46652,2.3385571
569.91202,2.0003785
570.35769,1.1524111
570.80354,1.5201448
571.24955,0.99377593
571.69575,1.6282063
572.14211,1.4548085
572.58866,2.6226022
573.03537,2.9904108
573.48226,3.1699991
573.92932,3.0437201
574.37656,2.9802011
574.82397,3.6068931
575.27156,3.7081099
575.71932,3.4956162
576.16726,3.5654905
576.61536,3.5020463
577.06365,3.7444995
577.5121,3.2810853
577.96074,3.0843527
578.40954,2.7543018
578.85852,2.8085796
579.30768,2.729539
579.757,2.3760036
580.20651,2.9009145
580.65618,3.229762
581.10603,3.5272519
581.55606,3.3149529
582.00626,3.3850217
582.45663,3.2354977
582.90718,2.6310867
583.3579,1.987475
583.8088,0.77917236
584.25987,0.51206117
584.71111,-0.11581935
585.16253,0.57396216
585.61412,0.44807236
586.06589,-0.30525344
586.51783,0.61202396
586.96995,-0.69813464
587.42224,-0.78474886
587.8747,-0.99683831
588.32734,0.030302907
588.78015,0.11628262
589.23313,2.2571793
589.6863,2.2961301
590.13963,0.93117435
590.59314,1.30741
591.04682,1.2366019
591.50068,3.1109067
591.95471,2.5067951
592.40892,3.9026986
592.86329,4.5927346
593.31785,2.9376876
593.77258,2.9610869
594.22748,2.5531286
594.68256,1.8785186
595.13781,1.3215707
595.59323,3.8548338
596.04883,2.6312492
596.5046,2.3880717
596.96055,3.1723601
597.41667,4.7096047
597.87297,5.5723544
598.32944,4.5919819
598.78608,4.105742
599.2429,4.8352033
599.69989,5.4470325
600.15706,5.3686807
600.6144,5.1491673
601.07192,5.2277081
601.52961,4.6709698
601.98747,4.4593445
602.44551,3.1889107
602.90372,2.7733937
603.3621,1.6598526
603.82066,2.3110322
604.2794,2.4210504
604.73831,-0.17479879
605.19739,0.64113169
605.65665,2.6257046
606.11608,5.2612729
606.57568,3.8654835
607.03546,2.3050033
607.49542,2.7445381
607.95554,1.2782054
608.41585,0.87071132
608.87632,-1.144611
609.33697,-0.94815359
609.7978,-0.73599496
610.2588,-1.1512723
610.71997,-1.8253583
611.18132,-1.9660959
611.64284,-1.3068186
612.10453,0.44266984
612.5664,3.9019771
613.02845,4.4436523
613.49067,5.5657347
613.95306,5.6760673
614.41563,4.884454
614.87837,4.2026597
615.34128,2.4463706
615.80437,1.6312729
616.26763,2.2985431
616.73107,3.0991616
617.19468,1.4056774
617.65847,3.6337768
618.12243,2.7011069
618.58656,5.31355
619.05087,5.008361
619.51535,6.5384811
619.98001,6.8450868
620.44484,5.18308
620.90985,4.5250097
621.37503,2.0551897
621.84038,1.0834239
622.30591,0.50382992
622.77161,3.1948391
623.23749,1.9878241
623.70354,1.6435692
624.16976,4.3581527
624.63616,7.7629473
625.10273,8.4069726
625.56948,8.0000324
626.0364,7.5617347
626.5035,6.841099
626.97077,7.2655763
627.43821,6.8979117
627.90583,4.867517
628.37362,4.2410588
628.84159,2.3518705
629.30973,1.41956
629.77804,-1.7480298
630.24653,-0.7038398
630.71519,-2.4753211
631.18403,-1.1487483
631.65304,-1.4692193
632.12223,-0.69163613
632.59159,-1.514038
633.06112,-3.0109347
633.53083,-2.1235026
634.00071,-1.2517419
634.47077,0.86709257
634.941,-1.586607
635.41141,0.90088494
635.88199,0.10996044
636.35274,0.77003131
636.82367,0.16737205
637.29477,-0.89801733
637.76604,-1.006529
638.23749,-2.2679669
638.70912,-0.68233094
639.18092,-0.93197416
639.65289,0.53604465
640.12504,-1.9959216
640.59736,-2.5234614
641.06985,-2.6352926
641.54252,1.8960359
642.01537,2.0509161
642.48838,-0.12359302
642.96158,-0.81572683
643.43494,-0.080387271
643.90848,1.8549747
644.3822,-0.53905277
644.85609,0.66694218
645.33015,1.6376654
645.80439,6.208411
646.2788,2.8262378
646.75338,1.2323223
647.22814,7.0423507
647.70308,10.193578
648.17819,10.270318
648.65347,7.2176684
649.12892,5.6866099
649.60456,2.9869463
650.08036,2.2402463
650.55634,-1.7064313
651.03249,-2.6099493
651.50882,-4.1330528
651.98532,-5.2561338
652.462,-4.2144866
652.93885,-4.2394837
653.41587,-2.4919094
653.89307,-0.97960676
654.37044,3.0425221
654.84799,1.6450656
655.32571,2.0358667
655.80361,1.6266902
656.28168,5.5940067
656.75992,6.329973
657.23834,3.881648
657.71693,3.1902081
658.19569,5.1027121
658.67463,5.1171993
659.15375,5.8454344
659.63304,9.5776135
660.1125,6.4862855
660.59214,5.3008623
661.07195,3.2056575
661.55193,1.9026319
662.03209,-0.41997905
662.51243,1.6731186
662.99294,-0.84552604
663.47362,-1.6465012
663.95447,-0.47882663
664.43551,4.3751449
664.91671,3.3467858
665.39809,-1.2737077
665.87964,-1.4235906
666.36137,-0.51462756
666.84327,0.9355343
667.32535,-1.7319285
667.8076,-1.034663
668.29002,-1.4746301
668.77262,3.4658174
669.25539,4.9474637
669.73834,2.9154069
670.22146,2.4206275
670.70475,4.8278311
671.18822,6.6076062
671.67187,7.9874037
672.15568,10.292714
672.63968,5.9549089
673.12384,5.303401
673.60818,0.90289586
674.0927,-0.68190063
674.57738,-2.8392238
675.06225,-3.6710343
675.54728,-5.8910578
676.0325,-3.718902
676.51788,-2.7781346
677.00344,1.5352069
677.48917,2.6407305
677.97508,-1.241956
678.46116,-1.6736369
678.94742,-3.9562731
679.43385,-2.9604527
679.92045,-4.1528424
680.40723,-4.5295206
680.89419,-4.5610756
681.38131,-2.6553505
681.86861,-2.5378356
682.35609,0.42676339
682.84374,1.4227601
683.33156,3.2344683
683.81956,4.4579663
684.30773,6.4971758
684.79608,10.599156
685.2846,13.587435
685.7733,14.622799
686.26217,14.622893
686.75121,14.254386
687.24043,13.070217
687.72982,12.246857
688.21938,8.8745037
688.70912,9.0080575
689.19904,7.6514405
689.68913,7.2752408
690.17939,3.3069094
690.66983,3.8405639
691.16044,9.8958123
691.65122,15.9354
692.14218,14.892659
692.63331,11.206807
693.12462,8.6268616
693.6161,4.8469418
694.10776,0.89449813
694.59959,-0.75988112
695.09159,1.2249805
695.58377,-1.6685641
696.07613,0.010465586
696.56865,0.050304726
697.06135,0.65487493
697.55423,-1.2111179
698.04728,0.10722816
698.5405,1.229521
699.0339,1.0655645
699.52747,0.90947629
700.02122,2.9259623
700.51514,4.5738461
701.00923,3.9550883
701.5035,2.5755715
701.99795,4.1058837
702.49256,7.5421035
702.98736,4.6803093
703.48232,4.3283442
703.97746,4.0391493
704.47277,5.0989992
704.96826,4.9196587
705.46393,10.873677
705.95976,10.592426
706.45577,7.2602195
706.95196,2.0613718
707.44832,2.4547062
707.94485,3.773556
708.44156,9.7669407
708.93844,8.2309389
709.4355,4.224374
709.93273,2.4295991
710.43013,3.5054375
710.92771,5.4126737
711.42546,3.8375821
711.92339,4.1134961
712.42149,5.4482588
712.91976,8.9948114
713.41821,7.7413891
713.91684,7.8370117
714.41563,8.646385
714.91461,12.294999
715.41375,12.14756
715.91307,10.588381
716.41257,6.4253063
716.91224,3.4073545
717.41208,1.6600161
717.9121,0.39897739
718.41229,-2.0385067
718.91265,-2.8445931
719.41319,-3.7918307
719.91391,-3.2331608
720.4148,-3.8744657
720.91586,-2.5941769
721.41709,-2.6471961
721.9185,-2.8570529
722.42009,-2.0237473
722.92185,-0.66492632
723.42378,-0.20804092
723.92589,-0.67662053
724.42817,-0.32164554
724.93063,-1.0960571
725.43326,1.1177918
725.93606,1.6610776
726.43904,2.800467
726.94219,4.0889013
727.44552,10.420498
727.94902,11.418787
728.45269,9.7347473
728.95654,7.6585764
729.46057,7.5510581
729.96476,5.7023886
730.46914,6.7949207
730.97368,6.1541446
731.4784,7.9369232
731.9833,4.3628642
732.48837,3.9025559
732.99361,3.1207041
733.49902,3.2094657
734.00462,1.0080565
734.51038,0.13216264
735.01632,-2.0064511
735.52243,-1.9097456
736.02872,-2.9659561
736.53518,-3.5672394
737.04182,-3.2508505
737.54863,-2.0403187
738.05562,1.0839637
738.56277,0.96121251
739.07011,1.379663
739.57762,1.3353935
740.0853,3.165659
740.59315,2.3684987
741.10118,3.7439127
741.60939,5.0252341
742.11776,6.5418749
742.62632,4.9840311
743.13504,5.0262124
743.64394,4.5664582
744.15302,6.7969252
744.66227,5.5685938
745.17169,4.6540132
745.68129,3.4414185
746.19106,1.9935548
746.70101,0.56140266
747.21113,4.0469227
747.72142,2.9442327
748.23189,1.4258816
748.74253,-0.71989535
749.25335,0.3108235
749.76434,-1.889805
750.2755,0.64684657
750.78684,3.5678371
751.29836,11.853559
751.81005,14.311854
752.32191,13.758411
752.83394,11.0246
753.34615,7.4986575
753.85854,3.957054
754.3711,5.9527305
754.88383,5.7052951
755.39674,3.0265122
755.90982,2.9124604
756.42307,6.8925515
756.9365,8.4256089
757.45011,5.9116327
757.96388,4.3231718
758.47784,2.4366969
758.99196,0.15024724
759.50626,-0.2067655
760.02074,-1.6617923
760.53539,-2.8109115
761.05021,-2.6502016
761.56521,-1.8227999
762.08038,-1.9130201
762.59573,-2.0738033
763.11125,-1.0816201
763.62694,-0.50509804
764.14281,0.42154498
764.65885,-0.98903739
765.17507,-2.2348844
765.69146,-1.433643
766.20802,-0.96178384
766.72476,-1.2898952
767.24168,0.15457202
767.75876,1.1127942
768.27602,1.671046
768.79346,1.0528566
769.31107,3.1092066
769.82886,2.3106842
770.34681,2.7043481
770.86495,3.69412
771.38325,4.3545096
771.90173,4.1678699
772.42039,4.4047892
772.93922,3.4260517
773.45822,3.0747948
773.9774,1.7745477
774.49675,2.0900164
775.01628,1.1506127
775.53598,0.97986595
776.05585,-0.06143951
776.5759,1.5168924
777.09613,0.53054794
777.61652,-0.96557091
778.13709,-2.3989152
778.65784,-2.8283083
779.17876,-3.5635543
779.69985,-1.9458296
780.22112,-1.849644
780.74256,-1.5102916
781.26418,-2.159145
781.78597,0.23516844
782.30794,-0.6018612
782.83008,-1.1721947
783.35239,-1.6640672
783.87488,-1.167675
784.39754,-1.1339983
784.92037,-1.2179391
785.44338,-1.7959681
785.96657,-1.2131833
786.48993,-1.265663
787.01346,-0.28281913
787.53717,-2.0764163
788.06105,-1.8072389
788.5851,-1.4203848
789.10933,-0.76683463
789.63373,0.18478431
790.15831,1.3232777
790.68306,0.55590472
791.20799,-0.031060045
791.73309,0.24473633
792.25836,0.92839188
792.78381,0.2944164
793.30944,1.150653
793.83523,1.4108273
794.3612,0.99650778
794.88735,1.1312239
795.41367,2.1365443
795.94016,2.3340376
796.46683,5.5589979
796.99367,13.050641
797.52069,22.079555
798.04788,21.124171
798.57525,23.706058
799.10278,22.523256
799.6305,21.96792
800.15838,18.502797
800.68645,16.19063
801.21468,14.647108
801.74309,13.025169
802.27168,6.7836395
802.80043,4.1578119
803.32937,2.9908238
803.85847,1.4552243
804.38775,-0.63722186
804.91721,-1.4904363
805.44684,-2.0691249
805.97664,-2.5301505
806.50662,-3.0382188
807.03677,-3.4364671
807.5671,-3.0268563
808.0976,-2.6878176
808.62827,-1.7919002
809.15912,-2.6449864
809.69014,-2.8000173
810.22134,-1.4962086
810.75271,-1.964933
811.28426,-3.2257981
811.81597,-0.91801976
812.34787,-0.33571558
812.87994,1.4466046
813.41218,1.3387448
813.94459,1.5054108
814.47718,0.50346545
815.00995,0.16035962
815.54289,-0.44939684
816.076,-0.15717647
816.60929,-1.0055319
817.14275,-1.147985
817.67638,-2.7257121
818.21019,-1.7622426
818.74418,-2.5791453
819.27834,-1.3254396
819.81267,-1.2403413
820.34718,0.12320842
820.88186,0.49854293
821.41671,4.3562505
821.95174,6.3629977
822.48694,7.8129022
823.02232,7.3804738
823.55787,10.681399
824.0936,11.480383
824.6295,10.977427
825.16557,9.8235102
825.70182,9.0852999
826.23824,7.8373057
826.77484,8.0010962
827.31161,6.6433383
827.84856,8.2267768
828.38567,10.116118
828.92297,8.695675
829.46044,6.9458404
829.99808,6.3097514
830.53589,4.9834864
831.07388,3.2180258
831.61205,1.7114088
832.15039,1.0910864
832.6889,2.1413723
833.22759,1.3799135
833.76645,-0.5030938
834.30548,-1.868434
834.84469,-1.4612051
835.38408,-2.1049365
835.92363,-1.9172753
836.46337,-1.8864568
837.00327,-1.0320887
837.54335,-0.51495557
838.08361,-0.80564545
838.62404,-0.26494271
839.16464,-0.085004221
839.70542,-1.0579868
840.24637,-1.4819298
840.78749,0.74512776
841.32879,1.521225
841.87027,1.3953815
842.41192,0.80681294
842.95374,6.0300292
843.49574,10.696403
844.03791,7.2451493
844.58025,5.7782297
845.12277,6.3662321
845.66546,4.2954311
846.20833,2.6403364
846.75137,2.8362421
847.29459,3.549815
847.83798,2.1849766
848.38154,3.1025112
848.92528,3.2200659
849.46919,3.0239152
850.01328,3.5807257
850.55754,3.8708896
851.10198,4.4434265
851.64659,4.929709
852.19137,3.1415017
852.73633,4.86704
853.28146,5.1180886
853.82677,4.0515102
854.37225,2.3888734
854.9179,2.6086096
855.46373,3.0166013
856.00973,2.8285345
856.55591,1.62088
857.10226,0.30344159
857.64879,-0.29240809
858.19549,-0.66862986
858.74236,-0.64483155
859.28941,-1.8210132
859.83663,-0.50305708
860.38403,-0.8870417
860.9316,-0.87100625
861.47934,-0.18828406
862.02726,1.6630857
862.57535,1.3419264
863.12362,1.7972578
863.67206,1.1075113
864.22068,2.2217064
864.76947,2.7163137
865.31843,6.4815293
865.86757,10.270294
866.41688,11.612021
866.96637,13.824355
867.51603,29.095534
868.06587,37.974575
868.61588,37.849715
869.16606,34.477816
869.71642,26.172604
870.26695,21.192903
870.81765,13.444593
871.36853,7.9159122
871.91959,5.6892118
872.47082,4.3880217
873.02222,2.7260673
873.5738,1.8327605
874.12555,1.7865326
874.67747,2.5952267
875.22957,0.50982318
875.78185,1.2636554
876.3343,2.5194686
876.88692,2.2380469
877.43971,2.6468413
877.99268,1.6674205
878.54583,2.2017453
879.09915,2.7439333
879.65264,4.1724159
880.20631,4.142095
880.76015,2.8490491
881.31416,2.2775919
881.86835,2.6159587
882.42272,3.5661102
882.97726,3.8025563
883.53197,3.380199
884.08686,6.6598226
884.64192,13.633584
885.19715,12.364228
885.75256,9.6909704
886.30814,6.8451841
886.8639,4.7680452
887.41983,2.0242598
887.97594,0.77853359
888.53222,4.3249844
889.08867,11.40871
889.6453,9.6689265
890.2021,7.6781826
890.75908,8.3227528
891.31623,8.6928334
891.87356,6.5139144
892.43106,4.8840351
892.98873,3.6698621
893.54658,2.447866
894.1046,2.3474587
894.6628,2.6549146
895.22117,3.0408219
895.77971,2.0855728
896.33843,0.27544178
896.89732,0.23003675
897.45639,0.21602435
898.01563,0.31967907
898.57505,0.90962837
899.13463,0.11136245
899.6944,0.28566561
900.25434,-0.40275624
900.81445,0.030410596
901.37474,0.40869555
901.9352,-0.78947002
902.49583,-0.13663512
903.05664,-0.056329175
903.61762,0.11811449
904.17878,0.42591156
904.74011,0.67882674
905.30162,3.27686
905.8633,5.4121683
906.42515,3.7200457
906.98718,3.4475509
907.54938,4.3280174
908.11176,4.4712491
908.67431,4.222344
909.23703,5.00091
909.79993,6.0461626
910.36301,5.2796707
910.92625,4.3877086
911.48968,4.3898843
912.05327,5.5763937
912.61704,4.3786095
913.18099,3.5181002
913.74511,1.9831013
914.3094,1.0520439
914.87386,0.10532038
915.43851,-0.41001054
916.00332,-0.77630179
916.56831,-1.7778671
917.13347,-1.4539221
917.69881,-1.1691727
918.26432,0.025400623
918.83001,-0.15255497
919.39587,-0.5422552
919.96191,-0.64173928
920.52811,0.58428691
921.0945,0.57896062
921.66105,0.32267401
922.22779,1.1017016
922.79469,1.8729061
923.36177,0.38530716
923.92902,0.23890475
924.49645,3.4180126
925.06406,3.6873366
925.63183,3.0782493
926.19978,1.5280057
926.76791,1.405233
927.33621,1.4001275
927.90468,2.2185715
928.47333,2.8801728
929.04215,1.9574804
929.61114,1.4975532
930.18031,0.89646966
930.74966,0.51501399
931.31918,1.1061274
931.88887,0.47373149
932.45874,-0.16648749
933.02878,-0.40668641
933.59899,-0.36451231
934.16938,0.94827009
934.73995,5.2100922
935.31068,8.0209539
935.88159,6.0161495
936.45268,4.5054828
937.02394,3.9516989
937.59538,2.8881311
938.16698,1.6598775
938.73877,0.55713423
939.31072,0.34852865
939.88286,-0.68358628
940.45516,-0.73528898
941.02764,-0.95167749
941.60029,-0.72883024
942.17312,-0.74125704
942.74612,-2.1105265
943.3193,-2.397423
943.89265,-1.8215543
944.46618,-1.6535086
945.03987,-1.6187762
945.61375,-1.4506905
946.18779,-1.0551336
946.76202,-1.2164195
947.33641,-0.012979338
947.91098,-0.63697013
948.48573,-0.53937223
949.06064,-0.40253857
949.63574,0.51862889
950.211,0.35746348
950.78644,0.97278873
951.36206,1.5332321
951.93785,1.0584014
952.51381,0.41104176
953.08995,0.91664337
953.66626,2.0810886
954.24275,0.71222053
954.81941,0.033568627
955.39624,-0.48981105
955.97325,-0.69945038
956.55043,-0.87770232
957.12779,-0.9696649
957.70532,-0.85769107
958.28303,-1.7182514
958.8609,-0.92389493
959.43896,-1.5412883
960.01719,-0.62141195
960.59559,-0.18779525
961.17416,-0.067889191
961.75291,0.60105132
962.33184,1.0268694
962.91094,0.88799651
963.49021,1.0785502
964.06966,2.8220599
964.64928,3.3812707
965.22907,1.8542219
965.80904,1.7311095
966.38919,3.2001688
966.96951,5.18689
967.55,6.5697045
968.13067,5.6937103
968.71151,3.9000839
969.29252,2.7888253
969.87371,0.50111089
970.45507,1.6957643
971.03661,1.4080797
971.61832,0.53217455
972.20021,0.032754872
972.78227,-0.17645388
973.3645,0.51631301
973.94691,0.47968297
974.52949,0.68620504
975.11225,0.29666353
975.69518,0.5894898
976.27829,1.0627231
976.86156,1.1908732
977.44502,0.7700185
978.02865,0.47466887
978.61245,0.74403998
979.19642,0.21342593
979.78057,-0.41913406
980.3649,1.1522424
980.9494,5.2334376
981.53407,4.9773927
982.11892,3.3331274
982.70394,3.406524
983.28913,2.4917002
983.8745,2.2592441
984.46005,1.2660186
985.04576,0.39829814
985.63166,-0.28901533
986.21772,-1.2116081
986.80396,-0.76163694
987.39038,-0.32733724
987.97697,0.075604763
988.56373,-0.29006584
989.15067,0.042317623
989.73778,-0.064499754
990.32506,-0.11640032
990.91252,-0.51338408
991.50016,0.16415681
992.08797,0.83386941
992.67595,0.59379294
993.2641,0.67529995
993.85244,1.0313316
994.44094,1.0109075
995.02962,0.80226299
995.61847,1.0563784
996.2075,0.81639102
996.7967,1.1960263
997.38608,1.9599902
997.97563,1.7671062
998.56535,-0.072821806
999.15525,-0.15587221
999.74532,1.2669746
1000.3356,1.1290519
1000.926,1.2264382
1001.5166,0.10030997
1002.1074,-0.90031325
1002.6983,-1.5558236
1003.2894,-1.63877
1003.8807,-1.4393487
1004.4722,-1.4830498
1005.0638,-0.78948114
1005.6556,-0.95864272
1006.2476,-1.6297502
1006.8398,-1.3831959
1007.4321,-1.0268227
1008.0246,-0.074356267
1008.6173,-0.17285538
1009.2102,-1.0556534
1009.8032,0.1243086
1010.3964,0.83369717
1010.9898,0.50780647
1011.5834,0.18193062
1012.1771,0.1462657
1012.771,0.094929346
1013.3651,-0.7014902
1013.9593,-0.96964136
1014.5538,-0.28875956
1015.1484,-0.42355067
1015.7431,-1.2328382
1016.3381,0.66376992
1016.9332,0.99960712
1017.5285,1.5550655
1018.124,0.92622355
1018.7196,0.98759102
1019.3154,0.86073656
1019.9114,0.93781702
1020.5076,-0.24783425
1021.1039,-0.42170747
1021.7005,-0.89360653
1022.2972,-1.0517668
1022.894,0.021458936
1023.4911,0.2554823
1024.0883,-0.76538294
1024.6857,-1.3548623
1025.2832,-1.4658969
1025.881,-0.80044753
1026.4789,1.3159956
1027.077,3.0795108
1027.6752,1.674412
1028.2737,1.665405
1028.8723,1.123078
1029.471,0.086646721
1030.07,0.14826801
1030.6691,-0.15872479
1031.2684,-0.13629247
1031.8679,-0.20796444
1032.4676,-0.060015209
1033.0674,0.7859866
1033.6674,-0.19544921
1034.2676,-0.32196971
1034.8679,0.037797667
1035.4684,-0.3396765
1036.0691,-0.44262751
1036.67,-1.2279181
1037.2711,-0.85241101
1037.8723,0.4642859
1038.4737,0.23589814
1039.0752,-0.15718215
1039.677,-0.0012294745
1040.2789,0.1625797
1040.881,-0.19908797
1041.4833,0.082394984
1042.0857,1.830558
1042.6883,1.7277539
1043.2911,2.7230024
1043.8941,5.7182643
1044.4972,7.7645199
1045.1005,7.0578477
1045.704,6.3198163
1046.3077,4.3504258
1046.9115,3.1418329
1047.5155,2.4116847
1048.1197,1.1952754
1048.724,0.33966374
1049.3286,-0.68064043
1049.9333,-0.35975477
1050.5382,-0.36042438
1051.1432,-0.71402181
1051.7484,-1.0205471
1052.3538,-1.0054903
1052.9594,-1.0688516
1053.5652,-1.0302387
1054.1711,-0.98376934
1054.7772,-1.5255219
1055.3835,-1.0162807
1055.9899,-0.45212423
1056.5965,-0.2330524
1057.2033,-0.068869183
1057.8103,0.53454308
1058.4174,0.65953733
1059.0247,0.87866259
1059.6322,0.66642866
1060.2399,0.43852181
1060.8477,-0.04035207
1061.4558,0.88470898
1062.0639,1.8411559
1062.6723,1.7152633
1063.2808,1.8795801
1063.8896,1.1654789
1064.4984,2.3415871
1065.1075,3.1412381
1065.7167,2.3016868
1066.3261,3.2190116
1066.9357,3.4304674
1067.5455,2.5674267
1068.1554,2.5200857
1068.7655,1.5629541
1069.3758,1.4842672
1069.9862,0.70755453
1070.5969,0.70732576
1071.2077,0.32279663
1071.8186,0.97357497
1072.4298,2.4243667
1073.0411,2.0555639
1073.6526,2.3926568
1074.2643,2.5258415
1074.8761,1.882569
1075.4882,1.302055
1076.1004,0.79998565
1076.7127,0.58812576
1077.3253,0.99588708
1077.938,1.0507206
1078.5509,-0.32188354
1079.1639,-0.24349391
1079.7772,-0.18862034
1080.3906,-0.45530203
1081.0042,-0.14942135
1081.6179,0.0074530894
1082.2319,0.41532128
1082.846,0.22712439
1083.4603,0.50168596
1084.0747,0.90959423
1084.6894,1.1057511
1085.3042,2.0862351
1085.9192,2.2510462
1086.5343,2.7139099
1087.1496,1.98463
1087.7651,2.6671283
1088.3808,3.8672869
1088.9967,3.2949099
1089.6127,2.8401933
1090.2289,1.5776469
1090.8453,1.1464864
1091.4618,1.9937707
1092.0786,1.1155781
1092.6954,0.009947893
1093.3125,-0.044688559
1093.9298,-0.38166459
1094.5472,-0.72647041
1095.1648,-0.56930207
1095.7826,1.0623894
1096.4005,0.25487859
1097.0186,-0.69379536
1097.6369,0.9771519
1098.2554,0.97752428
1098.874,0.41320413
1099.4928,0.62536793
1100.1118,1.1277412
1100.731,0.80659836
1101.3503,0.32860616
1101.9698,1.4114116
1102.5895,1.9765834
1103.2094,1.7025529
1103.8294,2.2285357
1104.4496,3.8996299
1105.07,3.6962276
1105.6905,2.9281329
1106.3113,1.5247573
1106.9322,1.9880618
1107.5532,1.5729483
1108.1745,0.60882856
1108.7959,0.22511432
1109.4175,0.68847226
1110.0393,0.43811806
1110.6613,0.21914977
1111.2834,0.31392034
1111.9057,-0.26580555
1112.5281,0.26036428
1113.1508,0.11203767
1113.7736,0.089214606
1114.3966,0.99973824
1115.0198,1.4240007
1115.6431,0.28749224
1116.2666,-0.62155189
1116.8903,-0.39332777
1117.5142,-0.25920793
1118.1382,0.89453311
1118.7624,1.3031895
1119.3868,0.65303565
1120.0114,1.5244638
1120.6361,1.4861014
1121.261,1.5653995
1121.8861,0.34275007
1122.5114,0.57893756
1123.1368,0.48572665
1123.7624,-0.30551012
1124.3882,0.16601157
1125.0142,-0.69578672
1125.6403,-0.075218711
1126.2666,-0.11346087
1126.8931,0.13066327
1127.5197,0.53166352
1128.1466,0.43855947
1128.7736,0.21997859
1129.4007,-0.49270658
1130.0281,-0.47596662
1130.6556,0.21529649
1131.2833,0.51441611
1131.9112,0.71943143
1132.5392,0.51661698
1133.1674,-0.24304686
1133.7958,-0.27328557
1134.4244,-0.4446874
1135.0531,0.6623555
1135.6821,0.01254902
1136.3111,-0.29223627
1136.9404,-0.41661824
1137.5698,-0.34491061
1138.1995,-0.90848594
1138.8293,-0.93087364
1139.4592,0.12910276
1140.0893,-0.30894889
1140.7197,0.084383178
1141.3501,-0.071293205
1141.9808,-0.085781955
1142.6116,0.22130908
1143.2426,0.94409756
1143.8738,0.8041521
1144.5052,1.4328453
1145.1367,1.6458633
1145.7684,1.4588925
1146.4003,0.95820737
1147.0323,0.057533412
1147.6646,0.32549806
1148.297,0.52288564
1148.9295,-0.37775484
1149.5623,0.054949184
1150.1952,-0.029982693
1150.8283,-0.020785761
1151.4616,0.44332429
1152.095,-0.29255449
1152.7286,-0.36175544
1153.3624,0.1023881
1153.9964,0.072425156
1154.6306,0.13659102
1155.2649,0.25567001
1155.8994,-0.28406337
1156.534,-0.80809931
1157.1689,-0.21055546
1157.8039,-0.42084359
1158.4391,-0.23112055
1159.0744,-0.82570008
1159.71,-0.5888959
1160.3457,-0.21090408
1160.9816,-0.39760699
1161.6176,-0.47449481
1162.2538,-0.36313617
1162.8903,0.55607676
1163.5268,0.094908704
1164.1636,0.26904592
1164.8005,1.4079002
1165.4376,0.36637346
1166.0749,0.41505397
1166.7124,0.84805937
1167.35,0.8967622
1167.9878,0.051358553
1168.6258,-0.048935895
1169.2639,0.15666317
1169.9022,-0.15537366
1170.5407,0.5286791
1171.1794,0.5539195
1171.8182,0.42230831
1172.4573,0.67502202
1173.0965,-0.029115867
1173.7358,-0.13716415
1174.3754,-0.34716207
1175.0151,-0.30616842
1175.655,-0.28084989
1176.295,-0.87512804
1176.9353,-0.31645385
1177.5757,-0.032278303
1178.2163,0.055829975
1178.857,-0.20899176
1179.498,0.32619767
1180.1391,-0.181739
1180.7804,-0.92495862
1181.4218,-0.51522591
1182.0635,-0.14469771
1182.7053,-0.67611914
1183.3472,0.42384314
1183.9894,0.65152545
1184.6317,-0.12470523
1185.2742,0.18142561
1185.9169,0.26795717
1186.5598,0.36234044
1187.2028,0.4175166
1187.846,0.57466212
1188.4894,0.25338483
1189.1329,0.026233771
1189.7766,0.026542261
1190.4205,-0.26333675
1191.0646,0.23894966
1191.7088,0.19222505
1192.3533,-0.51331452
1192.9979,-0.02668866
1193.6426,0.20896538
1194.2876,0.96227506
1194.9327,0.81363252
1195.578,0.40617503
1196.2234,1.0967653
1196.8691,0.25795243
1197.5149,0.21130497
1198.1609,0.65878373
1198.807,0.59646714
1199.4534,1.0831787
1200.0999,1.2169577
1200.7466,0.77819626
1201.3934,0.54336494
1202.0405,0.48893435
1202.6877,0.010982923
1203.335,-0.059116795
1203.9826,-0.23116872
1204.6303,-0.67772188
1205.2782,-0.74779588
1205.9263,0.33507987
1206.5746,0.39051321
1207.223,1.1753669
1207.8716,0.83081737
1208.5204,0.14902153
1209.1693,0.36135191
1209.8184,0.6442791
1210.4677,1.4056462
1211.1172,1.2336886
1211.7668,1.5323278
1212.4167,0.91332847
1213.0667,0.51394558
1213.7168,0.44398303
1214.3672,0.2799114
1215.0177,-0.0410144
1215.6684,0.10081347
1216.3192,0.33676756
1216.9703,0.062926302
1217.6215,0.65968185
1218.2729,0.53487735
1218.9244,0.81008141
1219.5762,0.73235288
1220.2281,0.40365252
1220.8802,0.74162741
1221.5324,0.73451282
1222.1849,1.0960343
1222.8375,2.5007015
1223.4902,3.2779264
1224.1432,3.4590814
1224.7963,2.9029901
1225.4496,2.1351426
1226.1031,1.5006371
1226.7568,1.5014342
1227.4106,0.87478892
1228.0646,0.6638385
1228.7188,0.8215241
1229.3731,0.57921827
1230.0276,0.070254351
1230.6823,0.024044101
1231.3372,0.11901889
1231.9922,0.057139514
1232.6475,-0.29492737
1233.3029,-0.74110333
1233.9584,-0.94413346
1234.6142,-0.68440992
1235.2701,-0.51095232
1235.9262,-0.39238811
1236.5824,0.039910171
1237.2389,-0.63366533
1237.8955,-0.31899697
1238.5523,-0.30235925
1239.2092,0.31036548
1239.8664,0.83682426
1240.5237,-0.04847308
1241.1812,0.32898325
1241.8388,0.63585991
1242.4967,0.33098044
1243.1547,0.22218797
1243.8128,-0.90620376
1244.4712,-0.43458693
1245.1297,0.10762672
1245.7884,-0.40113146
1246.4473,-0.68243008
1247.1064,0.11078967
1247.7656,0.4412729
1248.425,0.0031372549
1249.0846,-0.45812881
1249.7443,-0.40174122
1250.4042,-0.33750388
1251.0643,-0.053652094
1251.7246,0.026284727
1252.385,0.41995364
1253.0457,0.84500171
1253.7064,0.030840701
1254.3674,-0.38331371
1255.0286,-0.25628504
1255.6899,0.200162
1256.3514,0.084066619
1257.013,0.23464451
1257.6749,-0.069672951
1258.3369,-0.31123871
1258.9991,0.027594288
1259.6614,0.099767227
1260.324,-0.0084453868
1260.9867,0.30687802
1261.6496,-0.0052429576
1262.3126,0.16891718
1262.9758,0.13916236
1263.6392,0.38392395
1264.3028,1.193398
1264.9666,1.2107218
1265.6305,1.0006013
1266.2946,0.64931084
1266.9589,0.50979173
1267.6233,0.25263215
1268.288,0.40332232
1268.9528,0.012842628
1269.6177,-0.87174811
1270.2829,-0.10927342
1270.9482,-0.53110585
1271.6137,-0.96077482
1272.2794,-0.51984894
1272.9452,-0.50244587
1273.6112,-0.18699698
1274.2774,-1.0323258
1274.9438,-0.82666763
1275.6103,0.006448135
1276.2771,-0.52513538
1276.9439,-0.28024171
1277.611,-0.49808652
1278.2783,0.46054585
1278.9457,0.23487111
1279.6132,-0.3829539
1280.281,0.75609045
1280.9489,0.55396493
1281.6171,0.71263033
1282.2853,1.1144396
1282.9538,0.85743192
1283.6224,0.68670537
1284.2912,1.0571619
1284.9602,1.8746838
1285.6294,2.6529967
1286.2987,2.6626887
1286.9682,2.021407
1287.6379,1.5526808
1288.3077,0.42513776
1288.9778,-0.35730066
1289.648,-0.61424229
1290.3183,-0.31431456
1290.9889,-1.0261449
1291.6596,-0.55365497
1292.3305,-0.10468782
1293.0016,-0.56551799
1293.6728,-0.42241999
1294.3442,-0.11460949
1295.0158,0.32654094
1295.6876,0.014756795
1296.3595,-0.0068246635
1297.0316,0.40297303
1297.7039,0.36571851
1298.3764,-0.44015686
1299.049,0.13907304
1299.7218,-0.058161861
1300.3948,0.081863936
1301.068,-0.10751624
1301.7413,0.15801134
1302.4148,0.70589765
1303.0885,0.0067309283
1303.7624,0.13109941
1304.4364,0.49861094
1305.1106,0.46612827
1305.785,-0.044779991
1306.4595,0.22078813
1307.1343,0.58832283
1307.8092,0.22645156
1308.4843,0.17831157
1309.1595,0.90664796
1309.8349,0.6781274
1310.5105,0.87314204
1311.1863,0.66031934
1311.8622,0.28279654
1312.5384,-0.031975359
1313.2147,-0.57419245
1313.8911,-0.12032532
1314.5678,-0.28606024
1315.2446,-0.74982858
1315.9216,-0.3665323
1316.5988,0.43245604
1317.2761,-0.28227532
1317.9536,-0.29896167
1318.6313,-0.21368144
1319.3092,-0.55192483
1319.9872,-0.68624086
1320.6654,0.042193996
1321.3438,0.45690916
1322.0224,0.91868893
1322.7011,1.0275333
1323.38,1.0030502
1324.0591,1.0413179
1324.7384,0.24821891
1325.4178,-0.23899196
1326.0974,0.59145002
1326.7772,0.69248603
1327.4571,0.23666508
1328.1372,0.34555582
1328.8176,-0.61221433
1329.498,-0.024880639
1330.1787,0.77422355
1330.8595,0.12235313
1331.5405,0.1214689
1332.2217,-0.67940953
1332.903,0.033443313
1333.5845,0.1031647
1334.2662,-0.7055395
1334.9481,-0.64364967
1335.6302,-0.51900895
1336.3124,-0.44142126
1336.9948,-0.70108268
1337.6773,-0.55289517
1338.3601,0.20706284
1339.043,0.40232075
1339.7261,0.18189819
1340.4093,0.024226513
1341.0928,0.36852142
1341.7764,0.64223387
1342.4602,-0.04091062
1343.1441,0.40536244
1343.8283,0.55360208
1344.5126,0.18420046
1345.1971,0.59127521
1345.8817,0.6297283
1346.5666,0.4172068
1347.2516,0.28312246
1347.9367,0.8627694
1348.6221,0.44634371
1349.3076,0.52404145
1349.9933,0.60958812
1350.6792,0.53827784
1351.3652,1.2042283
1352.0515,0.99959622
1352.7379,0.55967587
1353.4244,0.33936915
1354.1112,0.43279371
1354.7981,0.024263283
1355.4852,0.46279747
1356.1725,0.64251392
1356.8599,0.28890283
1357.5475,0.74314067
1358.2353,0.56209018
1358.9233,0.090849405
1359.6114,-0.25489538
1360.2998,-0.33396771
1360.9882,0.18304419
1361.6769,0.81770894
1362.3657,1.3974775
1363.0548,1.0596048
1363.7439,0.48644382
1364.4333,0.86230821
1365.1228,1.1911196
1365.8125,0.32777985
1366.5024,0.34287731
1367.1925,0.28739231
1367.8827,0.92995233
1368.5731,1.1333025
1369.2637,0.34842307
1369.9545,0.49688282
1370.6454,-0.07622027
1371.3365,-0.3826509
1372.0278,0.12661054
1372.7192,-0.23471047
1373.4108,-0.70582961
1374.1026,-0.46321746
1374.7946,-0.21275638
1375.4868,-0.29170128
1376.1791,-0.62946391
1376.8716,-0.52800507
1377.5642,-0.63830514
1378.2571,-0.19173667
1378.9501,-0.16869182
1379.6433,0.15239804
1380.3367,0.45780742
1381.0302,0.92792847
1381.7239,0.60589845
1382.4178,-0.03769441
1383.1119,0.063816565
1383.8061,-0.26603922
1384.5005,0.48258
1385.1951,0.6351256
1385.8899,0.50532307
1386.5848,0.43827046
1387.2799,-0.20132635
1387.9752,-0.59778108
1388.6706,-0.35109375
1389.3663,0.099519977
1390.0621,0.16582479
1390.7581,-0.50512048
1391.4542,-0.35253151
1392.1505,-0.074447538
1392.847,0.18011184
1393.5437,0.29349957
1394.2406,0.11669604
1394.9376,0.48891694
1395.6348,1.0180054
1396.3322,1.0216085
1397.0297,0.78992226
1397.7274,1.2170644
1398.4253,1.7932309
1399.1234,1.3262651
1399.8216,1.1887158
1400.5201,1.4747007
1401.2187,1.619514
1401.9174,2.3604105
1402.6164,1.6660177
1403.3155,1.3559435
1404.0148,1.2419525
1404.7142,0.90051537
1405.4139,-0.03699539
1406.1137,-0.096069955
1406.8137,0.40956618
1407.5138,0.69559929
1408.2142,1.0757549
1408.9147,1.5029741
1409.6153,0.70666871
1410.3162,0.38879952
1411.0172,0.8395626
1411.7184,0.29425207
1412.4198,-0.36085756
1413.1214,-0.36498198
1413.8231,0.33678076
1414.525,0.41894049
1415.2271,0.33639914
1415.9293,0.68523517
1416.6318,-0.063963203
1417.3344,-0.0053136199
1418.0371,0.26510549
1418.7401,0.064941176
1419.4432,-0.104218
1420.1465,-0.5714136
1420.85,-0.18370447
1421.5536,-0.79991411
1422.2574,-0.77298373
1422.9614,-0.52644271
1423.6656,-0.77401656
1424.3699,0.092137865
1425.0744,-0.18680297
1425.7791,0.46759232
1426.484,0.094539402
1427.189,-0.20792249
1427.8942,0.20334388
1428.5996,0.057750299
1429.3052,-0.39372286
1430.0109,-0.16284029
1430.7168,0.020986241
1431.4229,0.62050183
1432.1292,0.78080451
1432.8356,0.62738448
1433.5422,0.4661241
1434.249,-0.38532957
1434.9559,0.025964633
1435.6631,0.64902633
1436.3704,0.97405159
1437.0778,1.8637855
1437.7855,2.2672477
1438.4933,1.3922813
1439.2013,1.5369256
1439.9095,1.3129451
1440.6178,2.2105361
1441.3263,1.2571495
1442.035,0.74298131
1442.7439,1.5072473
1443.4529,1.7068102
1444.1622,1.5455916
1444.8716,0.86672865
1445.5811,0.36826067
1446.2909,-0.14589079
1447.0008,0.42231347
1447.7109,1.249344
1448.4211,0.8371617
1449.1316,0.76223706
1449.8422,0.57751127
1450.553,-0.14838821
1451.2639,-0.32526529
1451.9751,-0.14135528
1452.6864,0.30922419
1453.3978,1.6068653
1454.1095,1.7672542
1454.8213,1.9433322
1455.5333,1.8370601
1456.2455,1.1111828
1456.9579,0.47942606
1457.6704,0.69473089
1458.3831,0.1100385
1459.096,0.25476065
1459.809,1.050466
1460.5222,0.96774272
1461.2356,0.31247322
1461.9492,0.32387317
1462.663,0.23331513
1463.3769,0.40942653
1464.091,0.036521102
1464.8052,-0.42265605
1465.5197,0.4907186
1466.2343,0.40017447
1466.9491,-0.0511512
1467.6641,0.17987886
1468.3792,-0.083205947
1469.0945,-0.10315072
1469.81,-0.11524956
1470.5257,0.43736025
1471.2415,0.52722775
1471.9575,-0.049568627
1472.6737,0.40733058
1473.3901,0.23678119
1474.1066,-0.35729521
1474.8233,-0.67685941
1475.5402,0.093774857
1476.2572,0.42519583
1476.9745,0.22328587
1477.6919,0.31157437
1478.4095,-0.37660531
1479.1272,-0.88439045
1479.8451,-0.54511437
1480.5632,-0.63720845
1481.2815,-0.39988837
1482,-0.72727178
1482.7186,-0.37229985
1483.4374,0.22581173
1484.1564,0.18863158
1484.8755,0.3161597
1485.5948,0.42800395
1486.3143,0.91632118
1487.034,0.65954276
1487.7538,0.8811981
1488.4739,0.86756173
1489.194,0.71275127
1489.9144,0.76186478
1490.6349,0.59137284
1491.3557,0.35813819
1492.0765,0.79941574
1492.7976,1.0210878
1493.5188,1.5408016
1494.2403,1.6918902
1494.9618,0.87827537
1495.6836,0.17446684
1496.4055,-0.1528687
1497.1276,-0.42529988
1497.8499,-0.15655221
1498.5724,0.88082532
1499.295,1.4162444
1500.0178,1.5202934
1500.7408,2.2282664
1501.4639,2.3872221
1502.1873,1.448141
1502.9108,0.83847404
1503.6345,1.0993977
1504.3583,0.62306891
1505.0823,1.2839974
1505.8065,1.8586537
1506.5309,0.96664582
1507.2554,0.49032657
1507.9802,0.77479403
1508.7051,0.023969766
1509.4301,-0.66410701
1510.1554,-0.20708335
1510.8808,-0.079469063
1511.6064,-1.0498916
1512.3321,-1.0007039
1513.0581,-0.66916086
1513.7842,-0.76898798
1514.5105,-0.50018526
1515.2369,0.31763947
1515.9636,0.79821169
1516.6904,1.3336883
1517.4174,1.7044613
1518.1445,1.9497466
1518.8719,2.0460147
1519.5994,1.4756185
1520.3271,1.1326756
1521.0549,0.58581363
1521.7829,0.23503245
1522.5111,0.85680268
1523.2395,0.88249687
1523.9681,0.68858561
1524.6968,0.62016693
1525.4257,-0.099229735
1526.1548,0.30294462
1526.884,-0.071349227
1527.6135,0.38573187
1528.3431,0.16830556
1529.0728,-0.18245169
1529.8028,0.40012678
1530.5329,-0.36631196
1531.2632,-0.30921889
1531.9937,0.15571971
1532.7243,0.87164109
1533.4551,1.367957
1534.1861,1.0485891
1534.9173,1.1527529
1535.6486,1.531429
1536.3801,0.48265645
1537.1118,0.28094513
1537.8437,0.94982444
1538.5757,1.6579218
1539.3079,1.989551
1540.0403,1.5211826
1540.7729,0.88811072
1541.5056,0.31778631
1542.2385,0.64158195
1542.9716,0.65949762
1543.7048,0.23035686
1544.4383,0.80514007
1545.1719,1.5916904
1545.9057,1.9782431
1546.6396,2.2314648
1547.3737,1.3552772
1548.108,1.0594841
1548.8425,1.5715366
1549.5772,0.020846377
1550.312,-0.055331664
1551.047,-0.170723
1551.7822,-0.01944527
1552.5175,-0.13483182
1553.253,-0.50119636
1553.9887,-0.059715378
1554.7246,-0.418232
1555.4606,-0.61204035
1556.1968,-0.49212081
1556.9332,-0.6937675
1557.6698,-0.53462749
1558.4065,-0.45391646
1559.1434,-0.56928147
1559.8805,-0.77876173
1560.6178,0.25881923
1561.3552,0.84150062
1562.0928,1.2437922
1562.8306,1.4107921
1563.5686,0.84053954
1564.3067,0.29381873
1565.045,0.092198365
1565.7835,0.14940392
1566.5222,-0.47574108
1567.261,-0.50480525
1568,-0.094651336
1568.7392,0.19785791
1569.4785,0.44331072
1570.2181,0.12406005
1570.9578,-0.11675686
1571.6976,-0.067375299
1572.4377,-0.049363892
1573.1779,-0.25880107
1573.9183,-0.15451037
1574.6589,-0.11296237
1575.3996,0.44623508
1576.1405,0.62896434
1576.8816,-0.08242166
1577.6229,0.65717513
1578.3643,0.79285274
1579.106,0.71676804
1579.8478,1.1975485
1580.5897,1.1763705
1581.3319,1.0767636
1582.0742,1.20461
1582.8167,0.50892946
1583.5593,0.4485454
1584.3022,0.94502647
1585.0452,0.67288249
1585.7883,0.69093697
1586.5317,0.79526836
1587.2752,1.1819551
1588.0189,0.44707558
1588.7628,-0.2172133
1589.5069,0.52242178
1590.2511,0.46205926
1590.9955,2.0095423
1591.7401,3.3138904
1592.4848,3.0339272
1593.2298,1.7343586
1593.9749,1.6347923
1594.7201,1.1430716
1595.4656,0.35331408
1596.2112,0.68512757
1596.957,0.75811992
1597.703,0.40758525
1598.4491,0.58254317
1599.1955,-0.3326926
1599.9419,-0.35380832
1600.6886,0.62899991
1601.4355,0.23141839
1602.1825,0.21815298
1602.9297,1.0676351
1603.677,1.6896686
1604.4246,1.1038613
1605.1723,0.18080155
1605.9202,0.51264615
1606.6682,0.84449314
1607.4165,0.37634253
1608.1649,0.75525313
1608.9135,0.89102887
1609.6622,0.73661093
1610.4112,0.27631302
1611.1603,-0.066335432
1611.9095,-0.35407953
1612.659,-0.17907614
1613.4086,-0.20014878
1614.1584,0.47682018
1614.9084,0.055752324
1615.6586,-0.13786216
1616.4089,-0.11186641
1617.1594,-0.51724081
1617.9101,-0.30300498
1618.6609,-0.46523734
1619.4119,-0.17256535
1620.1631,0.26912864
1620.9145,0.77357013
1621.666,0.74468067
1622.4178,0.072656356
1623.1697,0.44377169
1623.9217,0.27371294
1624.674,0.6526762
1625.4264,0.9375242
1626.179,0.97923734
1626.9317,0.88761954
1627.6847,1.0234551
1628.4378,0.74360681
1629.1911,1.0363099
1629.9445,0.34078012
1630.6982,1.033488
1631.452,1.4987473
1632.206,0.99145999
1632.9601,0.36652801
1633.7145,0.15728469
1634.469,0.50490651
1635.2237,0.81331503
1635.9785,1.294275
1636.7335,2.8340608
1637.4887,3.1973785
1638.2441,3.7489339
1638.9997,3.5632367
1639.7554,2.4834243
1640.5113,1.960477
1641.2674,1.3591008
1642.0236,1.2047858
1642.78,0.19557115
1643.5366,0.17459424
1644.2934,0.53793345
1645.0504,0.43852995
1645.8075,-0.32753782
1646.5648,-0.52105417
1647.3222,-0.72241127
1648.0799,-0.79827578
1648.8377,0.18468563
1649.5957,0.069610215
1650.3538,-0.72781574
1651.1122,-0.99190598
1651.8707,-0.07168009
1652.6294,0.28384231
1653.3882,0.74917102
1654.1473,1.3164629
1654.9065,1.3112082
1655.6659,1.0392892
1656.4254,0.50070588
1657.1852,0.17281226
1657.9451,0.38609726
1658.7052,0.16016871
1659.4654,0.27934036
1660.2258,-0.29952507
1660.9864,-0.062702078
1661.7472,-0.57097498
1662.5082,-0.74199083
1663.2693,-0.96006336
1664.0306,-0.88009452
1664.7921,-0.29031962
1665.5537,0.58181037
1666.3155,0.60688368
1667.0775,1.3221552
1667.8397,1.755076
1668.6021,1.3330969
1669.3646,0.37778662
1670.1273,0.34796871
1670.8901,0.45148627
1671.6532,1.182457
1672.4164,0.71342979
1673.1798,0.15028713
1673.9434,0.56753877
1674.7071,0.20832196
1675.471,0.60989162
1676.2351,1.2310713
1676.9994,1.1306844
1677.7638,1.2028488
1678.5284,1.0083486
1679.2932,0.79032111
1680.0581,0.26641345
1680.8233,0.55035107
1681.5886,0.67742809
1682.3541,2.3260759
1683.1197,3.9041376
1683.8855,3.6782799
1684.6515,3.1151694
1685.4177,2.2932376
1686.1841,0.68699412
1686.9506,0.46898813
1687.7173,1.0196117
1688.4842,0.84082572
1689.2512,0.47380656
1690.0184,0.45973072
1690.7858,0.2495786
1691.5534,0.11785999
1692.3212,0.56653569
1693.0891,0.77207628
1693.8572,0.27173666
1694.6254,0.54786978
1695.3939,0.58086779
1696.1625,0.731515
1696.9313,0.57628201
1697.7002,0.39752175
1698.4694,0.74425384
1699.2387,0.79294885
1700.0082,1.1161558
1700.7778,0.81975709
1701.5477,0.35865462
1702.3177,0.18775038
1703.0879,0.15018162
1703.8582,0.19104637
1704.6288,-0.10534163
1705.3995,-0.29192356
1706.1704,-0.29811119
1706.9414,-0.17096334
1707.7126,0.065990581
1708.484,0.30294665
1709.2556,-0.064016711
1710.0274,-0.75254655
1710.7993,0.017749288
1711.5714,0.99981198
1712.3437,1.3308964
1713.1161,1.1129634
1713.8887,1.2401306
1714.6615,1.1869077
1715.4345,1.4709419
1716.2076,1.6765469
1716.981,1.2782325
1717.7545,1.5701163
1718.5281,1.1404336
1719.302,0.90683143
1720.076,0.68891773
1720.8502,0.36904539
1721.6245,0.9119203
1722.3991,0.71754245
1723.1738,0.6408138
1723.9487,0.78369515
1724.7237,0.73834334
1725.499,0.88122898
1726.2744,0.98490108
1727.05,0.74347728
1727.8257,1.6471537
1728.6017,3.3900479
1729.3778,4.9760815
1730.154,4.2170193
1730.9305,2.6971748
1731.7071,2.0087051
1732.4839,0.68494336
1733.2609,0.93765438
1734.0381,1.0099754
1734.8154,0.33720051
1735.5929,0.1742317
1736.3706,-0.098538891
1737.1484,-0.13601322
1737.9264,-0.16564226
1738.7046,-0.76781817
1739.483,-1.1895998
1740.2615,-0.38784984
1741.0403,-0.24492127
1741.8191,-0.32159841
1742.5982,-0.65709692
1743.3775,-0.34945604
1744.1569,0.25622621
1744.9365,0.32073413
1745.7162,0.58916577
1746.4962,0.80269759
1747.2763,0.61623156
1748.0566,0.50819905
1748.837,-0.39198818
1749.6177,-0.5000164
1750.3985,-0.92176796
1751.1795,-0.77881149
1751.9606,0.22689222
1752.7419,-0.68112742
1753.5234,-0.34208608
1754.3051,-0.23049358
1755.087,0.037963814
1755.869,0.36132531
1756.6512,0.68468896
1757.4336,0.99236848
1758.2161,0.88436387
1758.9989,0.67440062
1759.7818,1.0683611
1760.5648,0.36428449
1761.3481,0.78177866
1762.1315,0.71300047
1762.9151,0.91873423
1763.6989,0.90486229
1764.4828,0.56158073
1765.2669,0.82222289
1766.0512,0.24365151
1766.8357,-0.083937334
1767.6203,0.28651518
1768.4052,0.48442083
1769.1901,0.79997568
1769.9753,0.49592483
1770.7606,0.26246437
1771.5462,0.0054766401
1772.3318,0.57986361
1773.1177,1.4993508
1773.9037,2.0580557
1774.6899,2.4912727
1775.4763,3.5440996
1776.2629,3.4126149
1777.0496,1.9164265
1777.8365,0.98494619
1778.6236,1.1279778
1779.4109,1.1376782
1780.1983,1.1238513
1780.9859,0.69434031
1781.7737,-0.44889402
1782.5616,0.21963849
1783.3497,-0.43731704
1784.138,-0.20015279
1784.9265,-0.057104029
1785.7152,-0.23562175
1786.504,0.025078356
1787.293,-0.22402331
1788.0822,-0.20645616
1788.8715,-0.071239812
1789.661,-0.34386445
1790.4507,-0.012565375
1791.2406,-0.034205329
1792.0306,0.44611765
1792.8208,0.95108647
1793.6112,0.93056748
1794.4018,0.62769795
1795.1925,0.25424257
1795.9834,-0.079994727
1796.7745,-0.32011199
1797.5658,-0.40336411
1798.3572,-0.055241292
1799.1488,-0.31103765
1799.9406,-0.37859632
1800.7326,-0.16379966
1801.5247,0.16864645
1802.317,0.58736946
1803.1095,0.45707526
1803.9021,0.68756776
1804.695,1.0592391
1805.488,0.99954034
1806.2811,0.32807923
1807.0745,0.60564013
1807.868,0.459674
1808.6617,1.2392005
1809.4556,1.0775528
1810.2496,-0.095857084
1811.0439,0.54250008
1811.8383,0.2239969
1812.6328,0.25843728
1813.4276,0.93601731
1814.2225,0.96261934
1815.0176,0.44804729
1815.8128,0.84328156
1816.6083,0.97185155
1817.4039,1.5396396
1818.1997,1.0093909
1818.9957,1.5850268
1819.7918,2.8430182
1820.5881,2.6265021
1821.3846,2.8256747
1822.1813,2.4052418
1822.9781,2.1338309
1823.7751,1.6977165
1824.5723,0.82238888
1825.3696,0.92745577
1826.1672,0.20899564
1826.9649,0.063086922
1827.7628,-0.21615274
1828.5608,-0.36989981
1829.359,-0.22560528
1830.1574,-0.57542599
1830.956,-0.46249922
1831.7548,-0.27898183
1832.5537,-0.03271694
1833.3528,0.28413857
1834.1521,0.020604325
1834.9515,0.078641094
1835.7511,0.74060182
1836.5509,0.73589828
1837.3509,0.77041281
1838.151,0.29512582
1838.9514,0.43944905
1839.7519,0.39553939
1840.5525,-0.18170121
1841.3534,0.041060573
1842.1544,0.14617769
1842.9556,-0.18791848
1843.7569,-0.38083579
1844.5585,-0.63649581
1845.3602,-0.70391814
1846.1621,-0.69290671
1846.9641,-0.19561837
1847.7664,-0.17675902
1848.5688,0.39112233
1849.3713,0.87273157
1850.1741,0.9543432
1850.977,0.97321212
1851.7801,0.48227951
1852.5834,0.51683949
1853.3869,0.76316657
1854.1905,0.99380976
1854.9943,0.040141626
1855.7983,0.051181762
1856.6024,0.41516547
1857.4068,-0.27182883
1858.2113,-0.26078152
1859.0159,-0.092869068
1859.8208,0.24759479
1860.6258,0.83904144
1861.431,0.45009832
1862.2364,0.70429484
1863.0419,0.58202317
1863.8476,0.78916566
1864.6535,1.0512125
1865.4596,2.0034578
1866.2658,2.7439408
1867.0722,3.0452105
1867.8788,2.2641297
1868.6856,1.7418747
1869.4925,1.2902104
1870.2996,1.0032544
1871.1069,1.0457125
1871.9144,0.45287895
1872.722,0.095341866
1873.5298,0.082905213
1874.3378,-0.070705518
1875.146,-0.1694119
1875.9543,-0.087723727
1876.7628,-0.11583709
1877.5715,0.0050715539
1878.3803,0.40049239
1879.1894,0.61552346
1879.9986,-0.19689406
1880.8079,-0.044603299
1881.6175,0.23318005
1882.4272,0.38547559
1883.2371,0.60051862
1884.0472,1.1292895
1884.8574,1.4855138
1885.6679,1.1358581
1886.4785,0.76267544
1887.2892,1.12675
1888.1002,1.0516113
1888.9113,0.55294563
1889.7226,0.16408623
1890.534,-0.23261392
1891.3457,-0.22146854
1892.1575,-0.28875214
1892.9695,-0.050150989
1893.7816,0.39237412
1894.594,0.29372515
1895.4065,0.35194131
1896.2192,0.66114026
1897.032,0.61740042
1897.8451,0.30699631
1898.6583,0.2083593
1899.4717,0.49403841
1900.2852,0.53658265
1901.099,-0.11890993
1901.9129,0.049129289
1902.7269,-0.19851537
1903.5412,-0.17949097
1904.3556,0.035614248
1905.1702,-0.039474218
1905.985,0.0030867681
1906.7999,0.13192466
1907.6151,0.26076493
1908.4304,0.39745074
1909.2458,0.16551149
1910.0615,0.89828052
1910.8773,1.003601
1911.6933,1.7442179
1912.5095,1.8573863
1913.3258,1.0136943
1914.1423,1.0170635
1914.959,0.78514097
1915.7759,0.57675027
1916.5929,0.45463646
1917.4102,0.0893878
1918.2275,0.10845525
1919.0451,-0.14698471
1919.8628,0.091695375
1920.6808,-0.24217117
1921.4988,-0.38780003
1922.3171,-0.08636768
1923.1355,-0.020227052
1923.9541,-0.0011428554
1924.7729,0.25323785
1925.5919,0.24095428
1926.411,-0.26544454
1927.2303,-0.45027235
1928.0498,0.062941458
1928.8694,0.2702753
1929.6893,0.061925261
1930.5093,0.15945997
1931.3294,0.25699706
1932.1498,-0.061149724
1932.9703,-0.34007843
1933.791,-0.68991579
1934.6119,-0.067201814
1935.4329,-0.33860316
1936.2542,-0.3198061
1937.0756,-0.057869461
1937.8971,-0.49396972
1938.7189,-0.13006765
1939.5408,-0.27596718
1940.3629,0.11931209
1941.1851,1.0165545
1942.0076,0.72164229
1942.8302,0.32477166
1943.653,0.52398179
1944.476,0.36240992
1945.2991,0.17731097
1946.1224,0.16476336
1946.9459,-0.17719369
1947.7695,-0.064246455
1948.5934,0.26831095
1949.4174,0.044007924
1950.2416,-0.28225356
1951.0659,0.011095126
1951.8905,0.092681427
1952.7152,0.10368182
1953.54,0.38919433
1954.3651,-0.015486903
1955.1903,-0.21624425
1956.0157,0.79084387
1956.8413,1.5626402
1957.667,2.0756153
1958.493,1.7023182
1959.3191,1.2192196
1960.1453,1.4027899
1960.9718,1.3118527
1961.7984,0.30327083
1962.6252,0.24371086
1963.4522,0.22336891
1964.2793,0.29714692
1965.1066,0.26896648
1965.9341,0.10745502
1966.7618,-0.20307372
1967.5896,-0.35673739
1968.4176,0.11705225
1969.2458,0.21437361
1970.0742,0.39797182
1970.9027,0.69137626
1971.7314,0.45929284
1972.5603,0.28211369
1973.3894,0.47356433
1974.2186,0.65717415
1975.048,-0.084703909
1975.8776,0.012636047
1976.7074,0.14919401
1977.5373,0.08967587
1978.3674,-0.0012124981
1979.1977,-0.052882856
1980.0281,0.18564519
1980.8588,-0.43072641
1981.6896,-0.49807607
1982.5205,-0.10267831
1983.3517,-0.32688607
1984.183,-0.072660136
1985.0145,-0.045882858
1985.8462,0.12991635
1986.678,0.070423766
1987.51,0.41093351
1988.3422,0.17889655
1989.1746,-0.18647142
1990.0072,0.099143328
1990.8399,-0.17994548
1991.6728,0.0037131281
1992.5058,-0.36948868
1993.3391,-0.13092346
1994.1725,0.2801931
1995.0061,-0.30476645
1995.8398,-0.19952759
1996.6738,0.1410077
1997.5079,0.56781983
1998.3422,0.64169311
1999.1766,0.064588316
2000.0113,0.69532898
2000.8461,0.48685629
2001.6811,0.54505259
2002.5162,1.1993296
2003.3515,1.5398835
2004.187,1.7392633
2005.0227,1.4131551
2005.8586,0.8125395
2006.6946,0.73741641
2007.5308,-0.13770437
2008.3672,0.28913797
2009.2037,0.56696302
2010.0404,-0.025797845
2010.8773,0.17360048
2011.7144,-0.12895966
2012.5517,-0.33739982
2013.3891,-0.5536808
2014.2267,-0.66799868
2015.0644,-0.35878481
2015.9024,0.013176471
2016.7405,0.15719657
2017.5788,0.058081638
2018.4173,0.27269442
2019.2559,-0.35974941
2020.0947,-0.23924984
2020.9337,-0.0089441194
2021.7729,0.088030484
2022.6122,-0.097345632
2023.4517,-0.26703325
2024.2914,0.10445782
2025.1313,-0.11228419
2025.9713,-0.015298476
2026.8115,0.066003179
2027.6519,0.33554235
2028.4924,-0.038053514
2029.3332,0.73345088
2030.1741,0.94025162
2031.0152,1.2019565
2031.8564,1.6911147
2032.6978,3.3096868
2033.5394,5.1478689
2034.3812,6.0997788
2035.2232,6.0320831
2036.0653,5.8467425
2036.9076,5.1437571
2037.7501,3.0290092
2038.5927,1.8868125
2039.4355,1.4583436
2040.2785,1.5161513
2041.1217,0.94651036
2041.965,0.66706768
2042.8085,0.85821546
2043.6522,0.64936546
2044.4961,1.4130667
2045.3401,1.6434368
2046.1844,1.0581229
2047.0287,1.547321
2047.8733,1.275737
2048.718,1.4355278
2049.5629,1.438458
2050.408,0.8531552
2051.2533,1.2560899
2052.0987,0.52961505
2052.9443,0.46980909
2053.7901,0.29235829
2054.6361,0.27177245
2055.4822,0.20413002
2056.3285,0.19139176
2057.175,0.3825773
2058.0216,0.16592192
2058.8685,-0.066417519
2059.7155,0.40712762
2060.5626,0.072831845
2061.41,0.044420642
2062.2575,-0.0388903
2063.1052,0.07387941
2063.9531,0.13174938
2064.8011,-0.069201957
2065.6493,0.85926069
2066.4977,0.51713732
2067.3463,0.41815343
2068.195,0.86034824
2069.044,0.96529036
2069.8931,1.0623916
2070.7423,1.8653773
2071.5918,2.0722869
2072.4414,1.3929242
2073.2912,0.674348
2074.1411,0.44989168
2074.9913,0.55484935
2075.8416,0.36177002
2076.6921,0.62359488
2077.5427,0.52463764
2078.3935,0.30803556
2079.2446,0.71888669
2080.0957,0.69836749
2080.9471,-0.11430635
2081.7986,0.17890438
2082.6503,0.25250948
2083.5022,-0.33270672
2084.3543,-0.33752854
2085.2065,-0.2090148
2086.0589,0.20969723
2086.9115,-0.030412049
2087.7642,0.074578935
2088.6171,-0.13415335
2089.4702,0.033587173
2090.3235,0.099369134
2091.1769,0.36907488
2092.0306,0.48192011
2092.8844,0.38300285
2093.7383,0.5115388
2094.5925,0.985175
2095.4468,1.1294017
2096.3013,1.014807
2097.1559,0.90021458
2098.0108,0.11111457
2098.8658,0.035742273
2099.721,0.046646705
2100.5763,0.010494534
2101.4319,0.20179556
2102.2876,-0.35984236
2103.1435,-0.27834081
2103.9995,-0.42428802
2104.8558,0.096433663
2105.7122,0.044608544
2106.5688,-0.093488863
2107.4255,0.39586693
2108.2824,0.01463671
2109.1395,0.58242832
2109.9968,0.66394764
2110.8543,0.65135153
2111.7119,0.72503216
2112.5697,0.90851892
2113.4277,1.5155373
2114.2858,1.7460874
2115.1441,1.4746788
2116.0026,0.71699801
2116.8613,0.86128019
2117.7202,0.57419205
2118.5792,0.79691005
2119.4384,0.41570871
2120.2977,0.16784292
2121.1573,0.061155815
2122.017,-0.18670554
2122.8769,0.31053337
2123.737,0.2587549
2124.5972,0.19913551
2125.4576,0.076773236
2126.3182,-0.23382211
2127.179,0.083035752
2128.0399,-0.28245711
2128.901,-0.059712455
2129.7623,-0.27618127
2130.6238,-0.50049099
2131.4854,0.012456401
2132.3472,-0.5098881
2133.2092,0.042279424
2134.0713,-0.1349626
2134.9337,0.56622898
2135.7962,0.27134434
2136.6588,0.3921482
2137.5217,0.66981703
2138.3847,0.47689984
2139.2479,0.67614173
2140.1113,0.41264075
2140.9748,0.50208317
2141.8386,0.11309643
2142.7025,-0.0092214194
2143.5665,0.4253257
2144.4308,-0.042085747
2145.2952,0.21207366
2146.1598,0.16819606
2147.0246,-0.27567931
2147.8895,-0.11563089
2148.7546,-0.1359724
2149.6199,-0.31317444
2150.4854,-0.20802132
2151.351,-0.36953265
2152.2168,-0.18594371
2153.0828,-0.21411726
2153.949,0.063593767
2154.8153,0.16091486
2155.6818,-0.17313438
2156.5485,-0.19345591
2157.4154,0.052891452
2158.2824,0.40120182
2159.1496,0.059318327
2160.017,-0.015896276
2160.8845,0.17555801
2161.7523,0.24936745
2162.6202,0.26043402
2163.4882,0.30287536
2164.3565,-0.45468108
2165.2249,-0.17694118
2166.0935,0.019891875
2166.9623,0.20888351
2167.8312,-0.32369175
2168.7004,0.045695492
2169.5697,0.085672695
2170.4391,0.17271045
2171.3088,-0.10887753
2172.1786,-0.14732653
2173.0486,-0.1857738
2173.9188,-0.43598405
2174.7891,0.011846632
2175.6596,-0.18345821
2176.5303,-0.34738879
2177.4012,-0.15837646
2178.2722,0.21102975
2179.1434,-0.039170156
2180.0148,-0.51681932
2180.8864,-0.25721186
2181.7581,-0.21721052
2182.63,-0.04387412
2183.5021,0.019660082
2184.3744,-0.14425497
2185.2468,0.37418464
2186.1194,0.22595931
2186.9922,0.73655923
2187.8651,1.0981413
2188.7383,0.94992111
2189.6116,0.63699679
2190.4851,0.7240742
2191.3587,0.25429059
2192.2325,0.27862634
2193.1065,0.22453245
2193.9807,0.052793228
2194.8551,0.13203612
2195.7296,-0.16518985
2196.6043,0.39248786
2197.4791,0.063892783
2198.3542,-0.53136723
2199.2294,-0.15407651
2200.1048,0.034980652
2200.9804,-0.073999682
2201.8561,0.43662955
2202.732,-0.033131647
2203.6081,-0.087204848
2204.4844,-0.17264887
2205.3608,0.087006865
2206.2374,-0.14745332
2207.1142,0.30044116
2207.9912,0.003239326
2208.8683,-0.40376471
2209.7456,-0.418877
2210.6231,-0.3241837
2211.5008,0.24109951
2212.3786,0.17893341
2213.2566,-0.1734271
2214.1348,-0.063040842
2215.0131,-0.39971173
2215.8917,0.3067563
2216.7704,0.3387162
2217.6493,0.33930522
2218.5283,0.33205278
2219.4075,0.3640177
2220.2869,0.42735683
2221.1665,0.098540774
2222.0463,0.083451878
2222.9262,0.25659995
2223.8063,0.22582812
2224.6865,0.32054816
2225.567,0.3995836
2226.4476,0.10999325
2227.3284,0.040012425
2228.2094,0.31513131
2229.0905,0.33927147
2229.9718,0.59870742
2230.8533,0.59147837
2231.735,0.86660394
2232.6168,0.74957431
2233.4988,0.71882087
2234.381,1.1665005
2235.2634,0.47692684
2236.1459,0.78343331
2237.0286,0.80758851
2237.9115,0.2670395
2238.7946,0.40100197
2239.6778,0.39378963
2240.5612,0.37873583
2241.4448,0.29309547
2242.3285,0.38000579
2243.2125,0.30221191
2244.0966,0.13030205
2244.9808,0.32702131
2245.8653,0.0060951866
2246.7499,-0.13443711
2247.6347,0.15640481
2248.5197,0.35313076
2249.4048,0.91064269
2250.2902,0.51129355
2251.1757,0.55116176
2252.0613,0.010639493
2252.9472,0.55247184
2253.8332,0.34920781
2254.7194,-0.4344467
2255.6058,0.38974359
2256.4923,-0.088025222
2257.379,0.31263901
2258.2659,0.33683432
2259.153,0.21985483
2260.0402,0.65189662
2260.9276,0.15844988
2261.8152,0.017945996
2262.703,-0.059811122
2263.5909,-0.14540971
2264.479,0.2787973
2265.3673,-0.15189598
2266.2558,0.11545163
2267.1444,0.54750679
2268.0332,0.20309303
2268.9222,-0.023671996
2269.8113,0.00054504046
2270.7007,-0.077197036
2271.5902,-0.15493744
2272.4798,0.19085324
2273.3697,-0.012374024
2274.2597,-0.097952554
2275.1499,0.13019608
2276.0403,0.12079107
2276.9308,-0.44547546
2277.8216,-0.062721155
2278.7125,-0.056436206
2279.6035,-0.10505199
2280.4948,-0.075235171
2281.3862,-0.38267203
2282.2778,0.086362936
2283.1695,0.092654028
2284.0615,-0.23046541
2284.9536,0.12876931
2285.8459,-0.19434767
2286.7384,0.44724245
2287.631,0.56334361
2288.5238,0.40493619
2289.4168,0.41907903
2290.31,0.25283093
2291.2033,0.50227034
2292.0968,-0.31495569
2292.9905,0.42860382
2293.8843,0.27804691
2294.7784,-0.4685872
2295.6726,0.31419169
2296.567,-0.18145957
2297.4615,-0.096717444
2298.3562,-0.40413095
2299.2511,0.11198618
2300.1462,0.47908494
2301.0415,0.14030257
2301.9369,0.32701162
2302.8325,0.27058465
2303.7283,-0.0054489333
2304.6242,0.27538146
2305.5203,0.3522915
2306.4166,0.25665376
2307.3131,0.45121333
2308.2098,0.44969569
2309.1066,0.69131654
2310.0036,0.58784057
2310.9007,0.88436584
2311.7981,0.53775508
2312.6956,-0.19316818
2313.5933,0.32296862
2314.4911,0.51753801
2315.3892,0.56308903
2316.2874,0.26354324
2317.1858,0.19929279
2318.0843,0.36249455
2318.9831,0.2433446
2319.882,0.13988216
2320.7811,0.044264075
2321.6803,0.7643335
2322.5798,0.41773748
2323.4794,-0.12493573
2324.3791,0.22650992
2325.2791,0.25638818
2326.1792,0.71764022
2327.0795,0.61418761
2327.98,0.016618573
2328.8807,-0.18094923
2329.7815,0.31168027
2330.6825,0.3415659
2331.5837,0.54400178
2332.485,0.27585066
2333.3865,0.054759586
2334.2882,0.12386582
2335.1901,-0.018791422
2336.0921,0.026787858
2336.9944,0.5429566
2337.8967,0.20422462
2338.7993,0.47725856
2339.7021,0.15421531
2340.605,-0.17666986
2341.5081,0.15911288
2342.4113,-0.0070639474
2343.3148,0.32872124
2344.2184,0.38999786
2345.1222,-0.18401842
2346.0261,0.44980967
2346.9303,0.32285468
2347.8346,-0.047236338
2348.739,0.22581113
2349.6437,-0.0736892
2350.5485,0.16014504
2351.4535,0.1194707
2352.3587,0.66703288
2353.2641,0.11655708
2354.1696,-0.29274103
2355.0753,0.435217
2355.9812,-0.12309825
2356.8872,-0.33631424
2357.7935,-0.17305841
2358.6999,-0.0098013464
2359.6064,0.52992753
2360.5132,0.042206657
2361.4201,0.095663482
2362.3272,0.21186663
2363.2345,0.37512984
2364.1419,0.522708
2365.0495,0.24675797
2365.9573,0.088456236
2366.8653,0.22819494
2367.7734,0.32087606
2368.6817,-0.19820631
2369.5902,-0.12905215
2370.4989,-0.15401441
2371.4077,-0.22603426
2372.3167,-0.17256269
2373.2259,-0.13477616
2374.1353,0.16183512
2375.0448,0.12903587
2375.9545,-0.13121314
2376.8644,-0.14832366
2377.7745,0.077704309
2378.6847,-0.26881552
2379.5951,0.36505804
2380.5057,0.30089361
2381.4164,-0.16326959
2382.3274,-0.28233352
2383.2385,0.2338979
2384.1498,0.42071878
2385.0612,0.23891343
2385.9728,0.010050496
2386.8846,0.18903193
2387.7966,-0.094730515
2388.7087,0.45288082
2389.6211,0.42010123
2390.5336,-0.067579091
2391.4462,0.032977109
2392.3591,-0.10960272
2393.2721,-0.18943622
2394.1853,-0.13593515
2395.0987,0.19207694
2396.0122,0.14361968
2396.9259,-0.15581675
2397.8398,-0.14936959
2398.7539,-0.017431011
2399.6681,0.043920562
2400.5825,0.08958709
2401.4971,0.22937249
2402.4119,0.024061087
2403.3268,-0.0008569337
2404.2419,0.16246157
2405.1572,-0.29382654
2406.0726,0.29302383
2406.9883,0.19752249
2407.9041,-0.10974233
2408.8201,0.053582315
2409.7362,0.11494741
2410.6525,-0.10603922
2411.569,0.11130196
2412.4857,0.022761835
2413.4026,-0.41087527
2414.3196,0.17509654
2415.2368,-0.11736197
2416.1542,0.052925673
2417.0717,-0.09051111
2417.9894,0.18958258
2418.9073,0.014775367
2419.8254,-0.37963863
2420.7436,-0.17797313
2421.6621,-0.15669873
2422.5807,0.20183163
2423.4994,0.44271599
2424.4184,0.22085631
2425.3375,0.46958593
2426.2568,0.85949308
2427.1762,0.58273462
2428.0959,0.58833016
2429.0157,0.43706402
2429.9357,0.27011267
2430.8558,0.26786825
2431.7762,0.34405627
2432.6967,0.56142182
2433.6173,0.67682764
2434.5382,0.40007766
2435.4592,0.24881894
2436.3804,0.19167892
2437.3018,0.21297134
2438.2234,0.57936285
2439.1451,0.6869319
2440.067,0.42587455
2440.9891,0.18050454
2441.9113,0.22533167
2442.8338,0.20741476
2443.7564,0.41694989
2444.6791,0.28923118
2445.6021,0.075239013
2446.5252,-0.083850129
2447.4485,0.40019904
2448.372,0.12346496
2449.2956,0.17614371
2450.2194,0.040588215
2451.1434,0.085425941
2452.0676,0.34202943
2452.9919,0.20647712
2453.9164,0.16504352
2454.8411,0.28047372
2455.766,0.16061086
2456.691,0.18192553
2457.6162,0.24245695
2458.5416,0.22455806
2459.4672,0.2850916
2460.3929,0.2828811
2461.3188,0.33557362
2462.2449,0.52944367
2463.1712,0.73115792
2464.0976,0.34463793
2465.0242,0.44439352
2465.951,0.60689526
2466.8779,0.29880983
2467.8051,0.2730784
2468.7324,0.28656371
2469.6598,0.39416773
2470.5875,0.66647869
2471.5153,0.52310444
2472.4433,0.77188811
2473.3715,0.18145716
2474.2998,-0.25995313
2475.2284,0.18491215
2476.157,0.23762163
2477.0859,0.17268511
2478.015,0.25676926
2478.9442,-0.18463573
2479.8736,-0.069176913
2480.8031,0.23451826
2481.7329,0.098998801
2482.6628,0.081127464
2483.5929,0.20443366
2484.5231,0.10813307
2485.4536,0.25497079
2486.3842,0.68416252
2487.315,0.39962981
2488.2459,-0.18294105
2489.1771,0.018802877
2490.1084,-0.014746256
2491.0399,0.32033312
2491.9715,0.012276305
2492.9033,0.24539702
2493.8354,0.43145997
2494.7675,0.3273279
2495.6999,0.39574591
2496.6324,0.49553753
2497.5651,0.94042825
2498.498,0.78139846
2499.431,0.37138933
2500.3643,0.44765578
2501.2977,0.59451152
2502.2312,0.3570546
2503.165,0.80979481
2504.0989,0.84684981
2505.033,0.78194509
2505.9673,1.3601787
2506.9017,1.2560604
2507.8363,0.91664904
2508.7711,0.95370934
2509.7061,1.1868491
2510.6412,1.2317547
2511.5765,0.88450444
2512.512,0.70196114
2513.4477,1.2723601
2514.3835,0.525113
2515.3195,0.62492582
2516.2557,0.83454361
2517.1921,0.66769188
2518.1286,0.78319415
2519.0653,0.29477592
2520.0022,0.35537835
2520.9393,0.4081387
2521.8765,0.3118805
2522.8139,0.4117018
2523.7515,0.67623003
2524.6892,0.57213188
2525.6272,0.044505374
2526.5653,0.21491914
2527.5035,0.63631437
2528.442,0.57927928
2529.3806,0.15361779
2530.3194,0.041682861
2531.2584,0.22778821
2532.1975,0.15507108
2533.1369,0.027453052
2534.0763,0.15865961
2535.016,0.45457312
2535.9559,0.41323278
2536.8959,0.17581507
2537.8361,-0.13218981
2538.7764,0.038237736
2539.717,0.26356831
2540.6577,0.39478229
2541.5986,0.071095367
2542.5396,-0.10357088
2543.4809,0.0041168642
2544.4223,0.18239391
2545.3639,-0.17266132
2546.3056,-0.22967627
2547.2476,-0.012180364
2548.1897,-0.12409516
2549.132,-0.15757752
2550.0744,-0.096941176
2551.017,0.095405333
2551.9598,-0.14361995
2552.9028,-0.24931113
2553.846,-0.041276072
2554.7893,-0.0057892688
2555.7328,-0.087948765
2556.6765,-0.075989854
2557.6203,-0.19736352
2558.5644,-0.09128544
2559.5086,-0.055794839
2560.4529,0.29342201
2561.3975,0.37597296
2562.3422,0.10558348
2563.2871,-0.12558954
2564.2322,-0.035193181
2565.1774,0.32971374
2566.1228,0.16128809
2567.0684,-0.038509344
2568.0142,0.059733193
2568.9601,-0.12437645
2569.9062,-0.10456377
2570.8525,-0.061220913
2571.799,-0.15121063
2572.7456,0.11174159
2573.6924,-0.33118779
2574.6394,0.088628694
2575.5866,0.13197535
2576.5339,-0.036441945
2577.4814,-0.05583887
2578.4291,-0.083078172
2579.377,0.0073303442
2580.325,0.09773962
2581.2732,-0.12557583
2582.2216,-0.074380725
2583.1701,0.13367789
2584.1188,0.098600007
2585.0677,0.087052297
2586.0168,-0.0186123
2586.9661,0.45611602
2587.9155,0.099472549
2588.8651,0.095771016
2589.8149,0.28030554
2590.7648,0.35503689
2591.7149,0.25721999
2592.6652,0.21430581
2593.6157,0.55570612
2594.5663,0.66181306
2595.5172,0.46988155
2596.4681,0.56814688
2597.4193,0.43111885
2598.3707,0.57644452
2599.3222,0.17275134
2600.2739,0.59258834
2601.2257,0.063406485
2602.1778,-0.097147158
2603.13,0.19720192
2604.0823,0.38174784
2605.0349,0.087863138
2605.9876,-0.16680511
2606.9405,0.064801906
2607.8936,0.22582145
2608.8469,0.073116261
2609.8003,0.5870785
2610.7539,0.034374831
2611.7077,-0.21244572
2612.6617,0.25445997
2613.6158,0.47038603
2614.5701,0.19219521
2615.5246,0.08655416
2616.4792,0.50640407
2617.434,0.52625474
2618.389,0.20885127
2619.3442,0.0012524749
2620.2995,0.20149758
2621.2551,0.1193905
2622.2108,0.28826458
2623.1666,-0.18599784
2624.1227,0.32797579
2625.0789,0.25371489
2626.0353,-0.055839363
2626.9918,0.4895091
2627.9486,-0.071024031
2628.9055,-0.004105422
2629.8626,0.094186496
2630.8198,0.34149878
2631.7773,-0.070011702
2632.7349,-0.25407045
2633.6927,0.2206951
2634.6506,-0.2535582
2635.6088,0.02513043
2636.5671,0.029310019
2637.5256,-0.22533316
2638.4842,0.1474754
2639.443,0.08106903
2640.402,0.077408521
2641.3612,0.10512132
2642.3206,0.038717232
2643.2801,0.28603939
2644.2398,0.51767604
2645.1997,0.91401933
2646.1597,0.35350063
2647.12,0.51455133
2648.0804,0.2599165
2649.0409,0.56214518
2650.0017,0.69966874
2650.9626,0.42150678
2651.9237,0.31589461
2652.885,0.029891033
2653.8464,0.21447645
2654.808,0.43043518
2655.7698,0.53659075
2656.7318,0.18784512
2657.6939,0.0038061261
2658.6562,0.14917966
2659.6187,0.3259265
2660.5814,0.47914469
2661.5442,0.075500895
2662.5072,0.056171584
2663.4704,0.013313622
2664.4338,0.41751524
2665.3973,0.53152154
2666.361,0.19846978
2667.3249,0.19483055
2668.2889,0.45785873
2669.2532,0.38363278
2670.2176,0.62313308
2671.1822,0.53322237
2672.1469,0.52958693
2673.1118,0.33771696
2674.0769,0.48310265
2675.0422,0.18143027
2676.0077,-0.018280562
2676.9733,0.10357799
2677.9391,0.264653
2678.905,0.15121895
2679.8712,0.10837391
2680.8375,0.49690217
2681.804,0.31288217
2682.7707,0.034745283
2683.7375,-0.13358692
2684.7045,0.18435614
2685.6717,0.0081823201
2686.6391,-0.042500547
2687.6066,0.47936637
2688.5743,0.24044972
2689.5422,0.37016129
2690.5103,0.14693245
2691.4785,0.0099788683
2692.4469,0.40635938
2693.4155,0.70862301
2694.3843,0.55598544
2695.3532,0.67001529
2696.3223,0.41541845
2697.2916,0.27846943
2698.2611,0.1258349
2699.2307,0.23202465
2700.2005,0.39311713
2701.1705,0.6247986
2702.1406,1.036873
2703.111,0.90777166
2704.0815,1.1786711
2705.0521,0.88486541
2706.023,0.7636095
2706.994,1.4423544
2707.9652,0.99953134
2708.9366,1.1920032
2709.9081,0.82761307
2710.8798,1.224008
2711.8517,1.3615802
2712.8238,1.2873884
2713.796,1.7308445
2714.7685,1.413517
2715.741,1.5197197
2716.7138,1.508276
2717.6867,1.1360488
2718.6599,1.1089205
2719.6331,0.98767519
2720.6066,0.62329342
2721.5802,0.64322614
2722.5541,0.26315962
2723.528,0.26740758
2724.5022,0.42067591
2725.4765,0.31512147
2726.451,0.56250897
2727.4257,0.57460311
2728.4006,0.17885487
2729.3756,0.36349955
2730.3508,0.24226263
2731.3262,0.52886962
2732.3017,0.46253618
2733.2775,0.23149762
2734.2534,0.47104806
2735.2294,0.28706985
2736.2057,0.056033568
2737.1821,0.21715491
2738.1587,-0.021722984
2739.1355,0.21783125
2740.1124,0.18287644
2741.0895,0.27341259
2742.0668,0.081596558
2743.0443,0.10938913
2744.0219,0.3567903
2744.9998,0.2198785
2745.9778,0.42022237
2746.9559,0.25193955
2747.9343,-0.041832711
2748.9128,0.59772912
2749.8915,0.49219368
2750.8703,-0.029027285
2751.8494,-0.095345526
2752.8286,0.23833699
2753.808,0.48574576
2754.7875,0.34099843
2755.7672,0.28252636
2756.7472,0.26327075
2757.7272,0.46362373
2758.7075,0.60123238
2759.6879,0.65256727
2760.6685,0.48429508
2761.6493,0.54347464
2762.6302,0.46147848
2763.6114,0.13634582
2764.5927,0.30533158
2765.5741,0.54490633
2766.5558,0.49428576
2767.5376,0.12994046
2768.5196,-0.02263938
2769.5018,0.16987958
2770.4841,0.37808558
2771.4667,0.13139038
2772.4493,0.23763711
2773.4322,0.43800225
2774.4153,0.44228972
2775.3985,0.51716618
2776.3819,0.70969046
2777.3654,0.19633315
2778.3492,0.29474131
2779.3331,0.44805218
2780.3172,0.3033246
2781.3014,0.33898993
2782.2859,0.98642073
2783.2705,0.57502877
2784.2553,0.28912775
2785.2402,0.48165887
2786.2254,-0.031691603
2787.2107,0.26280182
2788.1961,0.24357051
2789.1818,0.51453604
2790.1676,0.063933705
2791.1536,0.1545086
2792.1398,0.76273131
2793.1262,0.27291556
2794.1127,0.27721823
2795.0994,0.11681577
2796.0863,0.34857093
2797.0733,0.26660136
2798.0605,0.20816196
2799.0479,0.52619391
2800.0355,0.29520702
2801.0232,0.079907154
2802.0112,0.19401982
2802.9993,0.30813324
2803.9875,0.57126703
2804.976,0.25400942
2805.9646,-0.23579645
2806.9534,0.40381021
2807.9423,0.49439801
2808.9315,0.090868934
2809.9208,0.0089092421
2810.9103,-0.16716734
2811.8999,-0.1001059
2812.8898,-0.11931822
2813.8798,-0.0600984
2814.87,0.25794571
2815.8603,0.26226508
2816.8509,0.046977375
2817.8416,-0.0036036906
2818.8324,-0.093399683
2819.8235,0.34229528
2820.8147,0.23681453
2821.8061,0.13133455
2822.7977,0.22193375
2823.7895,0.20272979
2824.7814,0.058036398
2825.7735,-0.031754276
2826.7658,0.24708326
2827.7582,0.094549008
2828.7508,0.31064297
2829.7436,0.43262004
2830.7366,0.20165669
2831.7297,0.45696861
2832.7231,0.28875189
2833.7166,0.41073199
2834.7102,0.59545796
2835.7041,0.34881214
2836.6981,0.39236316
2837.6923,0.1143463
2838.6866,0.25201649
2839.6812,0.38968743
2840.6759,0.55873168
2841.6708,-0.15849782
2842.6658,0.049763638
2843.6611,0.11684938
2844.6565,0.19962216
2845.6521,0.4078859
2846.6478,-0.074045683
2847.6437,0.44794506
2848.6399,0.3032699
2849.6361,0.2213406
2850.6326,0.31980421
2851.6292,0.010425446
2852.626,0.12457685
2853.623,0.17598392
2854.6202,0.29013685
2855.6175,0.145467
2856.615,0.12628812
2857.6127,0.38161979
2858.6105,0.41734438
2859.6085,0.28052072
2860.6067,0.23781546
2861.6051,0.19511096
2862.6036,0.30142682
2863.6024,0.10970423
2864.6012,-0.066331322
2865.6003,0.15763388
2866.5996,-0.018400153
2867.599,-0.084629507
2868.5986,0.10796543
2869.5983,-0.044536918
2870.5983,0.48531444
2871.5984,0.19948028
2872.5987,-0.15694135
2873.5991,0.027814242
2874.5998,0.12629609
2875.6006,0.23262183
2876.6016,0.16639931
2877.6027,0.06096187
2878.604,0.42611342
2879.6055,0.046167693
2880.6072,-0.067110608
2881.6091,-0.14117246
2882.6111,-0.42699827
2883.6133,-0.038313504
2884.6157,0.13860731
2885.6182,0.24494065
2886.621,0.35911789
2887.6239,0.14388412
2888.6269,0.16394523
2889.6302,0.06636004
2890.6336,0.20406973
2891.6372,0.28687821
2892.641,-0.045998814
2893.6449,0.083870015
2894.649,0.088249408
2895.6533,0.24949231
2896.6578,0.26171636
2897.6624,-0.19664707
2898.6673,0.29400987
2899.6723,0.094471495
2900.6774,0.028267211
2901.6828,0.22873035
2902.6883,0.17037073
2903.694,0.25318833
2904.6998,0.0850263
2905.7058,-0.13019379
2906.7121,0.015371187
2907.7184,-0.097886602
2908.725,0.26728774
2909.7317,0.044227549
2910.7386,0.12705047
2911.7457,0.21771729
2912.753,-0.083771997
2913.7604,0.085327713
2914.768,-0.27890515
2915.7758,0.11764706
2916.7837,-0.035804248
2917.7919,-0.37749026
2918.8002,-0.11525411
2919.8086,-0.29223306
2920.8173,-0.21823103
2921.8261,0.028320611
2922.8351,-0.2819899
2923.8443,0.38024919
2924.8536,0.11699868
2925.8631,0.25374876
2926.8728,-0.033029987
2927.8827,-0.12372971
2928.8927,0.29537508
2929.9029,-0.0070881735
2930.9133,-0.12131554
2931.9239,-0.32965996
2932.9346,0.06591777
2933.9455,0.21835884
2934.9566,-0.021356366
2935.9679,0.091870195
2936.9793,0.28352872
2937.9909,0.20067803
2939.0027,0.28253381
2940.0147,0.27811567
2941.0268,0.17958047
2942.0391,-0.1228757
2943.0516,0.045256946
2944.0643,-0.20229609
2945.0771,0.044269111
2946.0901,0.0084819597
2947.1033,-0.074363425
2948.1166,-0.01603175
2949.1301,-0.1302485
2950.1438,0.30455494
2951.1577,0.26877073
2952.1718,0.029065552
2953.186,0.18936096
2954.2004,0.0045589168
2955.2149,-0.086124889
2956.2297,0.22319189
2957.2446,0.21878378
2958.2597,0.041827231
2959.275,-0.14297186
2960.2904,-0.029731153
2961.306,-0.12041142
2962.3218,-0.34442443
2963.3378,0.082543535
2964.3539,-0.015978102
2965.3702,-0.090969738
2966.3867,0.17913725
2967.4034,-0.14986655
2968.4202,0.10152188
2969.4372,0.17251822
2970.4544,0.13371071
2971.4718,0.2282366
2972.4893,-0.42233548
2973.507,-0.27290749
2974.5249,-0.10779315
2975.5429,0.16712517
2976.5612,0.089102394
2977.5796,-0.22421443
2978.5981,0.12913548
2979.6169,-0.027318466
2980.6358,-0.34063508
2981.6549,-0.0578732
2982.6742,0.052339734
2983.6936,0.13118019
2984.7133,-0.017430266
2985.7331,0.10062601
2986.753,0.29711374
2987.7732,0.43085643
2988.7935,0.41557959
2989.814,-0.0075403189
2990.8346,0.149732
2991.8555,0.008965169
2992.8765,-0.006311394
2993.8977,0.25292192
2994.9191,0.088625886
2995.9406,0.34785934
2996.9623,0.12081835
2997.9842,0.20750292
2999.0062,0.3020307
3000.0285,0.45930364
3001.0509,0.24010607
3002.0735,0.020908567
3003.0962,-0.064955533
3004.1192,-0.11944701
3005.1423,0.014296871
3006.1655,0.14019769
3007.189,0.34452995
3008.2126,0.133176
3009.2364,0.22770448
3010.2604,0.14184087
3011.2846,0.032447915
3012.3089,0.13481974
3013.3334,-0.01378876
3014.3581,0.19054399
3015.3829,0.1831121
3016.4079,0.51293518
3017.4331,0.4349152
3018.4585,0.27062078
3019.484,0.31809113
3020.5098,0.16948312
3021.5356,0.091463417
3022.5617,0.11540457
3023.588,0.23346343
3024.6144,0.084855705
3025.641,0.13232648
3026.6677,0.25038555
3027.6947,-0.031555299
3028.7218,0.35317058
3029.7491,0.094759282
3030.7765,0.23634805
3031.8042,-0.069121934
3032.832,0.23717286
3033.8599,0.16699713
3034.8881,-0.083570687
3035.9164,-0.13806
3036.9449,0.16039193
3037.9736,-0.19997959
3039.0025,-0.30152752
3040.0315,-0.003075379
3041.0607,0.13067095
3042.0901,-0.17479834
3043.1196,-0.29987539
3044.1494,0.061322125
3045.1793,-0.071597932
3046.2093,0.0072467871
3047.2396,0.023346478
3048.27,-0.02329886
3049.3006,0.11044803
3050.3314,0.13439107
3051.3623,0.095589076
3052.3934,0.22149304
3053.4247,-0.1937794
3054.4562,-0.13846353
3055.4878,0.16783279
3056.5196,-0.12194924
3057.5516,-0.23918218
3058.5838,0.11417318
3059.6161,0.043999198
3060.6486,-0.073233536
3061.6813,-0.04928973
3062.7142,0.068771794
3063.7472,0.084872603
3064.7804,0.069600932
3065.8138,0.42295678
3066.8474,-0.14917749
3067.8811,-0.25072346
3068.915,-0.13266152
3069.9491,-0.053815193
3070.9833,0.34659983
3072.0178,-0.162789
3073.0524,-0.0055110887
3074.0871,0.27725709
3075.1221,-0.043896238
3076.1572,0.019264233
3077.1925,-0.32541836
3078.228,0.11421284
3079.2636,-0.010861777
3080.2995,0.013083288
3081.3355,0.28800881
3082.3716,0.31979716
3083.408,0.36727184
3084.4445,0.3520015
3085.4812,0.04653515
3086.518,-0.15697035
3087.5551,0.26697521
3088.5923,0.22817573
3089.6297,0.28349398
3090.6672,0.24469464
3091.705,0.55099342
3092.7429,0.70042952
3093.781,0.86555196
3094.8192,0.88165487
3095.8577,0.48207157
3096.8963,0.49033148
3097.9351,0.63192479
3098.974,0.67155738
3100.0132,0.71903319
3101.0525,1.0880777
3102.0919,1.3473183
3103.1316,1.6144022
3104.1714,2.1481528
3105.2114,2.3289623
3106.2516,2.2980071
3107.2919,2.4788168
3108.3325,2.91845
3109.3732,3.3188676
3110.414,3.3271284
3111.4551,2.9353893
3112.4963,2.7711012
3113.5377,2.5675976
3114.5793,2.536643
3115.621,2.4351002
3116.6629,2.0904203
3117.705,1.6751522
3118.7473,1.8559626
3119.7897,1.691675
3120.8324,1.6999365
3121.8751,1.4885902
3122.9181,1.4733225
3123.9612,1.3090352
3125.0046,0.94082641
3126.048,1.1765393
3127.0917,1.1455855
3128.1355,1.1616906
3129.1795,0.78563899
3130.2237,0.95860702
3131.2681,1.1629477
3132.3126,0.84964133
3133.3573,0.9677076
3134.4022,0.78773473
3135.4472,1.0940364
3136.4925,1.0552402
3137.5379,0.64781654
3138.5835,0.73451062
3139.6292,0.68787143
3140.6751,0.64123232
3141.7212,0.81420111
3142.7675,0.8224641
3143.8139,0.60327617
3144.8606,0.35271577
3145.9074,0.80019465
3146.9543,0.94179124
3148.0015,0.58142713
3149.0488,0.74655327
3150.0963,0.57442459
3151.1439,0.89641362
3152.1918,1.0693831
3153.2398,0.65411739
3154.288,1.2663027
3155.3364,1.4392724
3156.3849,1.8553794
3157.4336,1.4871728
3158.4825,1.3072016
3159.5315,1.9899755
3160.5808,2.1707887
3161.6302,2.6025823
3162.6798,2.4226113
3163.7295,3.0818561
3164.7795,3.1685519
3165.8296,2.353287
3166.8798,2.7223359
3167.9303,2.7070712
3168.9809,2.1114144
3170.0317,2.0255615
3171.0827,1.8612774
3172.1339,1.7832678
3173.1852,1.5013367
3174.2367,1.4782293
3175.2883,1.7923768
3176.3402,1.3614263
3177.3922,1.3853779
3178.4444,1.3779569
3179.4968,0.88426159
3180.5493,0.66507611
3181.602,0.97922404
3182.6549,0.97964654
3183.708,0.72124558
3184.7612,0.64323685
3185.8147,0.45542427
3186.8682,0.51859215
3187.922,0.2445052
3188.9759,0.51159479
3190.03,0.3473119
3191.0843,0.5673428
3192.1388,0.19129535
3193.1934,0.034855805
3194.2482,0.31763202
3195.3032,0.50629065
3196.3584,0.020439556
3197.4137,-0.20658794
3198.4692,0.24873757
3199.5249,0.35896511
3200.5807,0.16331037
3201.6368,0.14020472
3202.693,0.13278541
3203.7493,0.33713088
3204.8059,0.055201913
3205.8626,0.29876321
3206.9195,0.095265751
3207.9766,-0.15529046
3209.0338,0.37846712
3210.0913,0.19849929
3211.1489,0.39500211
3212.2066,0.39542657
3213.2646,0.28604718
3214.3227,0.3962757
3215.381,0.067288602
3216.4394,0.45202707
3217.4981,0.38186364
3218.5569,-0.096142851
3219.6159,-0.17414927
3220.675,-0.048234059
3221.7344,0.0933675
3222.7939,0.18791031
3223.8536,-0.31362525
3224.9134,-0.20339603
3225.9735,-0.17159811
3227.0337,-0.26529032
3228.0941,-0.10800207
3229.1546,0.064972532
3230.2153,-0.35813123
3231.2762,-0.24790159
3232.3373,-0.23963267
3233.3986,-0.23920681
3234.46,0.18474853
3235.5216,0.20870394
3236.5834,0.37383589
3237.6453,0.052693401
3238.7075,-0.20570392
3239.7698,-0.15821882
3240.8322,0.17161929
3241.8949,-0.17305233
3242.9577,-0.12556702
3244.0207,-0.2584738
3245.0839,-0.25020403
3246.1472,0.14237953
3247.2107,-0.27287998
3248.2744,-0.16264922
3249.3383,0.2613071
3250.4023,0.32447917
3251.4665,0.23863171
3252.5309,-0.2707451
3253.5955,0.55968812
3254.6602,0.31561138
3255.7251,-0.06179885
3256.7902,0.2823594
3257.8555,0.16377239
3258.9209,0.45302837
3259.9865,-0.11261777
3261.0523,-0.019440529
3262.1182,-0.0046948161
3263.1844,-0.2095571
3264.2507,-0.3438313
3265.3172,-0.59575272
3266.3838,-0.09473311
3267.4506,0.021972619
3268.5176,-0.5123022
3269.5848,-0.14461638
3270.6522,-0.34163661
3271.7197,-0.21708836
3272.7874,0.040793075
3273.8553,-0.015051139
3274.9233,-0.28266021
3275.9915,-0.23654395
3277.0599,-0.025721955
3278.1285,0.075295962
3279.1972,0.17631373
3280.2662,-0.26322755
3281.3352,0.01879975
3282.4045,-0.20113379
3283.4739,-0.099498751
3284.5436,0.10409702
3285.6133,-0.31191511
3286.6833,0.040700159
3287.7534,0.087433022
3288.8238,0.50279328
3289.8942,0.7926633
3290.9649,0.44723914
3292.0357,0.48612865
3293.1067,0.689724
3294.1779,0.89331929
3295.2493,0.60279688
3296.3208,0.19462735
3297.3925,0.66488915
3298.4644,0.13907247
3299.5364,0.50737337
3300.6087,0.53057619
3301.6811,0.27926915
3302.7536,0.098550287
3303.8264,0.48253726
3304.8993,0.21554378
3305.9724,0.089726724
3307.0457,0.15214491
3308.1191,0.10475912
3309.1928,0.55149092
3310.2666,0.088418746
3311.3405,0.15083672
3312.4147,0.15050954
3313.489,0.12665289
3314.5635,0.13416874
3315.6381,0.0083512068
3316.713,0.14135715
3317.788,0.10181402
3318.8632,0.2661924
3319.9385,0.38351191
3321.0141,0.28122352
3322.0898,0.5632488
3323.1657,-0.056686753
3324.2417,0.060632542
3325.318,-0.01028351
3326.3944,0.044290581
3327.471,0.24004109
3328.5477,0.075007231
3329.6246,0.69428705
3330.7017,-0.24721751
3331.779,-0.11421231
3332.8565,0.40310656
3333.9341,0.51258224
3335.0119,0.48872454
3336.0899,0.18251383
3337.168,0.77042073
3338.2463,0.51126875
3339.3248,0.60505789
3340.4035,0.36943521
3341.4824,0.44753797
3342.5614,0.76093479
3343.6406,0.25080215
3344.7199,0.6975322
3345.7995,0.62661514
3346.8792,0.88510979
3347.9591,1.1436044
3349.0392,0.97856953
3350.1194,1.3625542
3351.1998,2.0445781
3352.2804,2.1383666
3353.3612,1.9968609
3354.4421,2.1220218
3355.5232,1.8158102
3356.6045,1.8703828
3357.686,2.0504455
3358.7676,2.1442337
3359.8494,2.9595905
3360.9314,2.4259276
3362.0135,2.5197156
3363.0959,2.5272291
3364.1784,2.2680758
3365.261,2.2599029
3366.3439,2.3536907
3367.4269,2.2827726
3368.5101,2.4314623
3369.5935,2.5409362
3370.677,2.1955081
3371.7608,1.5755702
3372.8447,1.6066126
3373.9287,1.927851
3375.013,1.6922266
3376.0974,1.7781708
3377.182,1.7856836
3378.2668,1.77751
3379.3517,1.8556109
3380.4368,1.5023392
3381.5221,1.3843616
3382.6076,1.4467761
3383.6932,1.3052689
3384.779,1.5402323
3385.865,0.92029367
3386.9512,1.0532962
3388.0375,0.90394566
3389.124,0.84871275
3390.2107,0.97387195
3391.2976,0.90295266
3392.3846,1.1143863
3393.4718,0.57287863
3394.5592,0.76078271
3395.6467,0.82319655
3396.7345,0.48561032
3397.8224,1.0264554
3398.9105,0.71239851
3399.9987,0.6414788
3401.0871,0.65683354
3402.1757,0.52316862
3403.2645,0.90715071
3404.3535,0.4597602
3405.4426,0.71825198
3406.5319,0.65517509
3407.6213,0.71758834
3408.711,0.99960938
3409.8008,0.5522186
3410.8908,0.74012188
3411.981,0.70057414
3413.0713,0.55906555
3414.1618,0.7940275
3415.2525,0.43291097
3416.3434,0.5188532
3417.4344,0.33028558
3418.5256,0.62799242
3419.617,0.61981685
3420.7086,0.32144515
3421.8003,0.68974006
3422.8922,0.6345055
3423.9843,0.31260423
3425.0766,0.38285977
3426.169,0.33546819
3427.2616,0.64886088
3428.3544,0.51519469
3429.4474,0.73446962
3430.5405,1.1655092
3431.6338,1.1730193
3432.7273,1.2511176
3433.8209,0.8900002
3434.9147,0.96809839
3436.0087,1.1403142
3437.1029,0.63802012
3438.1973,0.95925541
3439.2918,1.2020593
3440.3865,1.0056474
3441.4814,1.468059
3442.5764,1.2638039
3443.6716,1.7105291
3444.767,1.5219602
3445.8626,1.6314304
3446.9583,2.7605084
3448.0542,2.4464491
3449.1503,2.3127819
3450.2466,2.5712715
3451.343,3.4101532
3452.4397,4.5941329
3453.5364,4.5702694
3454.6334,5.3150333
3455.7305,5.5421501
3456.8278,5.3927963
3457.9253,5.9022659
3459.023,6.0038924
3460.1208,6.003558
3461.2188,6.0659686
3462.317,6.23034
3463.4154,5.5947113
3464.5139,5.955161
3465.6126,5.8058068
3466.7115,5.2642956
3467.8105,5.8600392
3468.9098,5.2949985
3470.0092,4.0476048
3471.1087,4.0786425
3472.2085,4.9018369
3473.3084,5.1054234
3474.4085,4.744304
3475.5088,4.2027924
3476.6092,3.6612808
3477.7098,3.6923181
3478.8106,4.3429632
3479.9116,4.5387062
3481.0127,3.863861
3482.114,3.4007805
3483.2155,3.8631901
3484.3172,2.97658
3485.419,2.8664404
3486.5211,3.2268891
3487.6232,2.6696906
3488.7256,3.0615117
3489.8281,2.6062739
3490.9308,2.6137812
3492.0337,2.0095237
3493.1368,2.2366387
3494.24,1.969636
3495.3434,1.922241
3496.447,2.3924931
3497.5508,1.9450981
3498.6547,1.4741736
3499.7588,1.5365824
3500.8631,1.3872264
3501.9675,1.4888508
3503.0722,1.4179261
3504.177,1.2215112
3505.2819,1.072155
3506.3871,1.111034
3507.4924,1.4793248
3508.5979,1.4946744
3509.7036,1.1257101
3510.8094,1.5489027
3511.9154,1.8936639
3513.0216,1.5403857
3514.128,1.4067154
3515.2345,0.99853522
3516.3412,1.217806
3517.4481,1.5233512
3518.5552,1.0994845
3519.6624,1.3344414
3520.7699,1.1458688
3521.8774,1.2082765
3522.9852,0.98048812
3524.0931,1.0977977
3525.2012,1.1837347
3526.3095,1.003005
3527.418,1.3948242
3528.5266,1.1827218
3529.6354,0.52356052
3530.7444,1.0643992
3531.8536,1.1660221
3532.9629,0.91470385
3534.0724,1.1418169
3535.1821,0.81206711
3536.2919,0.694082
3537.4019,0.90550859
3538.5121,1.5169351
3539.6225,1.4146361
3540.7331,1.1084155
3541.8438,1.1629792
3542.9547,0.88028783
3544.0658,0.82504745
3545.177,0.6207874
3546.2884,1.0988802
3547.4,0.84756125
3548.5118,0.99624222
3549.6237,1.6233545
3550.7358,1.0426236
3551.8481,0.85404951
3552.9606,0.56351458
3554.0732,0.99454822
3555.186,1.2608759
3556.299,0.60955653
3557.4122,0.71117825
3558.5255,0.99319207
3559.639,0.95363721
3560.7527,0.96898426
3561.8666,1.5882528
3562.9806,1.5722272
3564.0948,0.94443686
3565.2092,1.4068425
3566.3238,1.2417971
3567.4385,1.4610654
3568.5534,1.3901376
3569.6685,1.217249
3570.7837,1.3423994
3571.8991,1.5695107
3573.0147,1.404465
3574.1305,1.4668702
3575.2465,1.3175107
3576.3626,1.2622688
3577.4789,1.6854582
3578.5954,1.5204122
3579.712,1.8730133
3580.8288,2.7903201
3581.9458,2.6723328
3583.063,3.1033651
3584.1803,2.9618483
3585.2978,3.4634687
3586.4155,3.4709714
3587.5334,3.2039642
3588.6514,3.5879374
3589.7696,3.313087
3590.888,3.5480404
3592.0066,3.2967193
3593.1253,2.3238296
3594.2442,2.339175
3595.3633,2.1349126
3596.4826,1.7973168
3597.602,1.7891326
3598.7216,1.6319289
3599.8414,1.3727643
3600.9613,1.137129
3602.0815,1.1916898
3603.2018,0.97958384
3604.3223,0.8851249
3605.4429,0.87694041
3606.5637,0.92365784
3607.6847,1.3154732
3608.8059,1.2210141
3609.9273,1.1971431
3611.0488,1.4477819
3612.1705,1.0474402
3613.2923,1.2745495
3614.4144,0.92910969
3615.5366,0.63857179
3616.659,0.94411227
3617.7816,0.82612328
3618.9043,1.2493107
3620.0272,1.3117138
3621.1503,0.80941089
3622.2736,0.76985307
3623.397,0.68323636
3624.5206,0.87112941
3625.6444,1.0982381
3626.7684,0.54887612
3627.8925,0.54069058
3629.0168,0.6423089
3630.1413,0.76745658
3631.266,0.79064343
3632.3908,0.40598708
3633.5158,0.75074245
3634.641,1.0170664
3635.7663,0.63240989
3636.8919,0.63206705
3638.0176,0.48270456
3639.1434,0.60000868
3640.2695,0.59182255
3641.3957,0.7169697
3642.5221,0.55192072
3643.6487,0.59079326
3644.7754,0.57476378
3645.9024,0.77834209
3647.0295,0.68388114
3648.1567,0.24432209
3649.2842,0.37731201
3650.4118,0.4946156
3651.5396,0.85505639
3652.6675,0.98804615
3653.7957,0.56417311
3654.924,1.2304961
3656.0525,0.81446608
3657.1812,0.73569092
3658.31,0.79809218
3659.439,0.63304241
3660.5682,0.78956121
3661.6976,0.75784466
3662.8271,0.4829908
3663.9568,0.44343101
3665.0867,0.5999496
3666.2167,0.63097793
3667.347,0.4267121
3668.4774,0.51264229
3669.608,0.74759204
3670.7387,0.68450252
3671.8696,0.39396196
3673.0007,0.80930371
3674.132,0.30699834
3675.2635,0.41645762
3676.3951,0.18866196
3677.5269,0.31380741
3678.6589,0.54091359
3679.791,0.50135306
3680.9233,0.28924345
3682.0558,0.10850634
3683.1885,0.3120829
3684.3213,0.31173784
3685.4544,0.36629469
3686.5876,0.49928286
3687.7209,0.23227097
3688.8545,-0.19944685
3689.9882,0.18452155
3691.1221,0.29398009
3692.2561,0.5759876
3693.3904,0.026622507
3694.5248,0.16745344
3695.6594,0.080833338
3696.7941,0.36284064
3697.9291,0.37033808
3699.0642,0.44058056
3700.1995,0.34611711
3701.3349,0.25165361
3702.4705,0.078758678
3703.6063,0.12547154
3704.7423,0.14865494
3705.8785,0.14046573
3707.0148,0.13227647
3708.1513,0.16330284
3709.288,0.084525244
3710.4248,0.17045347
3711.5619,0.17010714
3712.6991,0.22466271
3713.8364,0.28706137
3714.974,0.42789135
3716.1117,0.31774088
3717.2496,0.23896291
3718.3877,0.47391038
3719.5259,0.43434798
3720.6643,0.59086397
3721.8029,0.83365441
3722.9417,0.53526833
3724.0806,0.91923514
3725.2197,0.81692739
3726.359,0.86363919
3727.4985,0.95740976
3728.6381,1.0982391
3729.778,0.56455858
3730.9179,0.79166233
3732.0581,0.7834719
3733.1984,0.42234024
3734.3389,0.38277716
3735.4796,0.50007677
3736.6205,0.57816065
3737.7615,0.35036211
3738.9027,0.25589686
3740.0441,0.60064724
3741.1856,0.098338738
3742.3274,0.3568145
3743.4693,0.37999609
3744.6114,0.49729528
3745.7536,0.18322186
3746.896,0.12012879
3748.0386,0.29232977
3749.1814,0.06453071
3750.3244,0.33084924
3751.4675,0.15010889
3752.6108,0.35368222
3753.7542,0.58862804
3754.8979,0.15690714
3756.0417,0.32910775
3757.1857,0.39934753
3758.3299,0.39115589
3759.4742,0.2182583
3760.6187,0.3041842
3761.7634,0.62540416
3762.9083,-0.1200426
3764.0533,0.35804
3765.1985,0.28710293
3766.3439,-0.074030262
3767.4895,-0.019477235
3768.6352,-0.22374779
3769.7811,0.026883562
3770.9272,-0.15385769
3772.0734,0.17520493
3773.2199,0.16701259
3774.3665,0.041173147
3775.5133,0.18984345
3776.6602,0.087533307
3777.8073,0.00090938616
3778.9546,-0.093557725
3780.1021,0.047269228
3781.2498,0.062605932
3782.3976,-0.071077024
3783.5456,-0.22828945
3784.6938,-0.36197251
3785.8421,0.029834571
3786.9906,-0.09600546
3788.1393,0.42129171
3789.2882,0.091530003
3790.4372,-0.02646705
3791.5865,0.21632016
3792.7359,-0.0036377875
3793.8854,0.36463951
3795.0352,-0.13767148
3796.1851,0.16786061
3797.3352,0.4420201
3798.4854,-0.26421262
3799.6359,-0.1939748
3800.7865,-0.0060899797
3801.9373,0.26022616
3803.0882,0.13438539
3804.2394,-0.17969073
3805.3907,0.023880149
3806.5421,0
3807.6938,0.053357879
3808.8456,-0.23838252
3809.9976,-0.22424079
3811.1498,0.064410506
3812.3022,-0.062624707
3813.4547,0.02994769
3814.6074,-0.28532328
3815.7603,-0.21628076
3816.9133,-0.24135613
3818.0666,-0.078196429
3819.22,0.28104147
3820.3735,0.21674972
3821.5273,0.23088911
3822.6812,0.67640081
3823.8353,0.52583385
3824.9896,0.36742352
3826.144,0.50705218
3827.2986,0.43491589
3828.4534,0.11964211
3829.6084,0.31417202
3830.7635,0.10085856
3831.9188,0.083623304
3833.0743,0.38795644
3834.23,0.2844462
3835.3858,0.40838671
3836.5418,0.28134659
3837.698,0.61705134
3838.8544,0.34099115
3840.0109,-0.037030063
3841.1676,0.16534065
3842.3245,-0.11856338
3843.4816,-0.13580097
3844.6388,0.09009845
3845.7962,-0.17027687
3846.9538,-0.085554381
3848.1115,0.030540421
3849.2695,-0.13571795
3850.4276,0.058807758
3851.5858,-0.08392167
3852.7443,-0.093317997
3853.9029,0.093363873
3855.0617,0.36632002
3856.2207,0.1059426
3857.3798,-0.036787996
3858.5391,-0.12461686
3859.6986,-0.25166165
3860.8583,-0.26105961
3862.0182,0.043267681
3863.1782,0.033869251
3864.3384,0.079372549
3865.4987,0.21510001
3866.6593,-0.36289883
3867.82,-0.085996536
3868.9809,0.073257885
3870.1419,-0.12042969
3871.3032,0.05450937
3872.4646,-0.029375918
3873.6262,0.23967915
3874.7879,0.18716478
3875.9499,-0.077115122
3877.112,-0.2708076
3878.2743,-0.056657766
3879.4367,0.016314783
3880.5993,0.33242377
3881.7621,-0.088722965
3882.9251,0.015619679
3884.0883,0.433687
3885.2516,-0.23059945
3886.4151,-0.00076906147
3887.5788,-0.12388067
3888.7426,-0.15287545
3889.9067,-0.017165164
3891.0709,0.16560313
3892.2352,0.2228804
3893.3998,0.21741176
3894.5645,-0.14590139
3895.7294,-0.038627853
3896.8945,-0.11174803
3898.0597,0.081796914
3899.2251,0.032203049
3900.3907,-0.15856884
3901.5565,-0.066989335
3902.7224,-0.26560746
3903.8885,-0.13481537
3905.0548,-0.035397388
3906.2213,0.0012739499
3907.3879,-0.33068371
3908.5547,-0.1293096
3909.7217,0.12696493
3910.8889,-0.14225229
3912.0562,-0.15264753
3913.2237,-0.38265217
3914.3914,-0.25187404
3915.5593,-0.042666093
3916.7273,-0.27267538
3917.8955,-0.47131367
3919.0639,-0.13662018
3920.2324,0.26865999
3921.4012,0.070017045
3922.5701,0.27137255
3923.7391,0.3582603
3924.9084,0.02161756
3926.0778,0.014385508
3927.2474,0.1169563
3928.4172,0.18031033
3929.5871,0.0083691639
3930.7572,0.35407398
3931.9275,0.11938556
3933.098,0.21410783
3934.2686,0.30882902
3935.4395,-0.15331361
3936.6105,-0.050751433
3937.7816,-0.010935433
3938.953,0.41319321
3940.1245,-0.041110588
3941.2962,0.15556493
3942.468,0.3600825
3943.6401,-0.1491265
3944.8123,-0.070101274
3945.9847,0.46382483
3947.1572,0.57422045
3948.33,0.4336346
3949.5029,0.49696924
3950.6759,0.074028287
3951.8492,-0.16852158
3953.0226,0.27128041
3954.1962,-0.02617357
3955.37,0.04499882
3956.544,0.108327
3957.7181,-0.0087380626
3958.8924,0.52517619
3960.0669,0.03948153
3961.2415,0.47927598
3962.4163,0.47201054
3963.5913,0.33141068
3964.7665,0.17512347
3965.9419,0.026678326
3967.1174,0.19195759
3968.2931,-0.12903873
3969.4689,0.13035603
3970.645,0.49955363
3971.8212,0.14718152
3972.9976,0.045788736
3974.1742,0.57968899
3975.3509,0.56456856
3976.5278,0.49454509
3977.7049,0.99706956
3978.8822,1.7584165
3980.0596,1.7354486
3981.2372,1.9320875
3982.415,2.0032351
3983.593,2.8743816
3984.7711,3.337684
3985.9494,2.9539264
3987.1279,2.6329128
3988.3065,2.986408
3989.4854,3.3163727
3990.6644,2.7443755
3991.8435,2.7606125
3993.0229,2.6984171
3994.2024,2.142103
3995.3821,1.5073564
3996.562,1.4922166
3997.7421,1.8221737
3998.9223,2.0109533
4000.1027,1.7683593
4001.2832,1.69047
4002.464,1.7929719
4003.6449,2.146453
4004.826,1.8960116
4006.0073,2.0926278
4007.1887,1.6382626
4008.3703,1.9760532
4009.5521,2.1805094
4010.7341,2.1026115
4011.9162,2.1815753
4013.0985,2.1350479
4014.281,2.2845978
4015.4637,2.6615976
4016.6465,2.3797728
4017.8295,2.3018685
4019.0127,2.5690611
4020.1961,2.6323311
4021.3796,2.9073648
4022.5633,3.3392601
4023.7472,3.5750759
4024.9313,3.8814788
4026.1155,3.8584689
4027.2999,4.2276148
4028.4845,4.6987204
4029.6692,5.0208053
4030.8542,5.2252421
4032.0393,5.382619
4033.2245,6.6145046
4034.41,7.9875656
4035.5956,8.2233706
4036.7814,9.4238805
4037.9674,10.561644
4039.1535,13.762152
4040.3398,15.864619
4041.5263,18.97885
4042.713,21.951904
4043.8998,26.10927
4045.0869,28.98036
4046.2741,31.122038
4047.4614,33.648028
4048.649,36.746567
4049.8367,39.71177
4051.0246,41.257365
4052.2126,40.316685
4053.4009,39.901493
4054.5893,39.376497
4055.7779,36.859342
4056.9666,35.510814
4058.1555,32.468167
4059.3447,29.598068
4060.5339,27.112282
4061.7234,24.375514
4062.913,22.572079
4064.1028,21.035309
4065.2928,19.498538
4066.483,17.342158
4067.6733,16.032836
4068.8638,15.296062
4070.0545,14.747522
4071.2453,13.767609
4072.4363,13.822988
4073.6275,12.913661
4074.8189,12.192567
4076.0104,12.177355
4077.2022,11.173907
4078.3941,10.162614
4079.5861,10.163085
4080.7784,10.014536
4081.9708,9.0581419
4083.1634,8.5252764
4084.3561,8.008096
4085.5491,7.6948362
4086.7422,7.2247125
4087.9355,6.8643917
4089.1289,6.6609326
4090.3226,6.206492
4091.5164,6.8265601
4092.7104,6.9132938
4093.9045,6.0196343
4095.0989,5.6906796
4096.2934,5.3381943
4097.4881,5.668061
4098.6829,5.6136128
4099.8779,5.1670068
4101.0731,4.6262819
4102.2685,5.2228109
4103.4641,4.8389467
4104.6598,4.604101
4105.8557,4.0476856
4107.0518,4.455975
4108.248,4.4956359
4109.4445,4.5666683
4110.6411,4.6769152
4111.8378,5.0302984
4113.0348,5.3366216
4114.2319,5.1017673
4115.4292,5.3061276
4116.6267,5.7457809
4117.8243,5.4638646
4119.0221,5.5662608
4120.2201,5.5823815
4121.4183,5.0416384
4122.6166,5.4812863
4123.8151,5.5209332
4125.0138,5.4899908
4126.2127,5.1531649
4127.4117,4.4477105
4128.6109,5.2167648
4129.8103,5.7348377
4131.0099,5.4999683
4132.2096,5.3670586
4133.4095,5.5714028
4134.6096,5.3600596
4135.8098,5.3369506
4137.0103,5.1883503
4138.2109,4.929945
4139.4116,4.977421
4140.6126,4.7739156
4141.8137,3.9821737
4143.015,3.998274
4144.2165,3.7633927
4145.4181,4.1167457
4146.62,4.1406858
4147.822,3.7567817
4149.0241,4.2277785
4150.2265,3.7497547
4151.429,3.5932983
4152.6317,3.9858605
4153.8346,3.6097942
4155.0376,3.6337268
4156.2408,3.5007956
4157.4442,3.5639417
4158.6478,3.4623808
4159.8515,2.9529758
4161.0554,2.7965108
4162.2595,2.7341625
4163.4638,3.3776953
4164.6682,3.1820115
4165.8728,2.8765226
4167.0776,3.0651503
4168.2826,2.8302475
4169.4877,2.6894613
4170.693,2.9329877
4171.8985,2.1725915
4173.1041,2.8004295
4174.31,2.5968939
4175.516,2.612965
4176.7222,2.3780547
4177.9285,2.0333394
4179.135,2.2141132
4180.3417,1.9948859
4181.5486,1.971736
4182.7557,2.6779967
4183.9629,2.4195505
4185.1703,1.863064
4186.3778,1.6752039
4187.5856,1.6834211
4188.7935,1.7857549
4190.0016,1.6135778
4191.2099,1.7159095
4192.4183,1.645691
4193.6269,1.5990009
4194.8357,1.8817215
4196.0447,1.6232645
4197.2538,1.9138261
4198.4631,1.7337983
4199.6726,1.8047499
4200.8823,1.5776611
4202.0921,1.2015517
4203.3021,1.7979902
4204.5123,1.9081532
4205.7227,2.1359621
4206.9332,1.681417
4208.1439,1.5954983
4209.3548,1.9095785
4210.5659,1.2432654
4211.7771,1.6044023
4212.9885,2.3969106
4214.2001,2.3737316
4215.4118,2.1466299
4216.6237,2.421488
4217.8358,2.3434038
4219.0481,2.0613969
4220.2606,2.1950753
4221.4732,2.124831
4222.686,2.478115
4223.899,2.3059078
4225.1121,2.5729151
4226.3254,2.5810979
4227.5389,2.557907
4228.7526,3.044519
4229.9664,2.8566201
4231.1804,3.1549946
4232.3946,3.4063093
4233.609,3.5791914
4234.8235,3.9638372
4236.0382,3.9092663
4237.2531,4.1135178
4238.4682,4.8981604
4239.6834,5.1965273
4240.8988,4.4282266
4242.1144,3.9422777
4243.3302,5.017112
4244.5461,4.70371
4245.7622,4.4765814
4246.9785,4.0612165
4248.195,3.3556543
4249.4116,3.8344049
4250.6284,3.1680563
4251.8454,3.2389615
4253.0625,2.8941794
4254.2798,2.7297884
4255.4973,3.0752002
4256.715,3.1225717
4257.9329,2.9424911
4259.1509,2.9114291
4260.3691,1.9548759
4261.5875,1.8140078
4262.806,2.1594131
4264.0247,2.0420723
4265.2436,1.6659068
4266.4627,1.8073874
4267.6819,1.7606316
4268.9013,1.8236786
4270.1209,1.9886853
4271.3407,1.7458478
4272.5606,2.2010485
4273.7807,1.5582088
4275.001,1.7545838
4276.2215,1.8803694
4277.4421,1.888507
4278.6629,2.0927218
4279.8839,1.8106611
4281.1051,2.3756581
4282.3264,2.3524188
4283.5479,2.4625117
4284.7696,2.4627996
4285.9915,2.8081845
4287.2135,2.7849409
4288.4357,2.8401275
4289.6581,3.060019
4290.8806,3.8210858
4292.1033,3.805681
4293.3262,3.3824319
4294.5493,3.9787897
4295.7726,4.3633816
4296.996,3.8381686
4298.2196,3.5796211
4299.4434,3.7995039
4300.6673,4.5135033
4301.8914,4.3020115
4303.1157,4.3414989
4304.3402,4.2554951
4305.5648,4.3498823
4306.7896,5.157994
4308.0146,4.562183
4309.2398,4.1859788
4310.4651,4.3274206
4311.6906,4.7198416
4312.9163,4.9004969
4314.1422,4.4223276
4315.3682,4.1167062
4316.5944,3.936574
4317.8208,3.2701662
4319.0474,3.7253259
4320.2741,3.749112
4321.501,3.9846617
4322.7281,3.8358966
4323.9553,3.3498755
4325.1828,3.7658142
4326.4104,3.0680262
4327.6382,2.9898451
4328.8661,3.1704864
4330.0942,3.202107
4331.3225,3.3121579
4332.551,3.1163254
4333.7797,2.5597074
4335.0085,2.1442649
4336.2375,2.2935272
4337.4666,2.4663178
4338.696,2.4744015
4339.9255,2.2001311
4341.1552,2.2160557
4342.3851,1.9966852
4343.6151,2.2635881
4344.8453,2.4128428
4346.0757,2.5699396
4347.3063,2.8133098
4348.537,2.7194241
4349.7679,3.8020078
4350.999,3.9434141
4352.2303,4.3279565
4353.4617,4.8536742
4354.6933,4.4931164
4355.9251,4.8698125
4357.1571,5.2935662
4358.3892,5.1839856
4359.6215,4.9410706
4360.854,4.4236446
4362.0866,4.6983745
4363.3195,4.4240836
4364.5525,4.110576
4365.7856,3.8833419
4367.019,4.2208125
4368.2525,3.922988
4369.4862,3.3898682
4370.7201,3.1704729
4371.9541,3.2255863
4373.1884,3.0061888
4374.4228,2.7946334
4375.6573,2.8654298
4376.8921,3.328382
4378.127,2.9991763
4379.3621,2.7797734
4380.5974,2.9995852
4381.8328,2.544886
4383.0684,2.0666564
4384.3042,2.1139159
4385.5402,2.545488
4386.7763,2.2947061
4388.0126,2.0596094
4389.2491,1.9970607
4390.4858,1.9737265
4391.7226,1.8484306
4392.9596,2.0211727
4394.1968,1.8801883
4395.4342,1.4019479
4396.6717,1.6844907
4397.9094,1.9748756
4399.1473,1.8809457
4400.3853,2.0458382
4401.6236,1.8185728
4402.862,1.4658161
4404.1005,1.5601172
4405.3393,2.0230446
4406.5782,1.7251867
4407.8173,1.5449747
4409.0566,1.498095
4410.296,1.8747436
4411.5357,2.2435481
4412.7754,2.0476455
4414.0154,2.141938
4415.2556,2.1421117
4416.4959,2.5579706
4417.7364,3.0365736
4418.977,2.6602735
4420.2179,2.6604429
4421.4589,2.3547289
4422.7001,2.0803863
4423.9415,2.1981996
4425.183,2.2218941
4426.4247,2.096568
4427.6666,1.7830054
4428.9086,1.6263046
4430.1509,1.8852889
4431.3933,1.9560369
4432.6359,1.5405092
4433.8786,1.2818433
4435.1216,1.4545488
4436.3647,1.6429395
4437.6079,1.0470154
4438.8514,1.0706981
4440.095,1.1022228
4441.3388,1.0631582
4442.5828,1.2593867
4443.827,1.1889474
4445.0713,0.80478156
4446.3158,0.48335973
4447.5605,0.10703486
4448.8053,0.84443441
4450.0503,0.8916368
4451.2955,0.49177929
4452.5409,0.7036854
4453.7864,0.41362966
4455.0322,0.43729833
4456.2781,0.26488749
4457.5241,0.28855401
4458.7704,0.81418023
4460.0168,0.50058969
4461.2634,0.86935101
4462.5101,0.41458184
4463.7571,0.28138023
4465.0042,0.52464812
4466.2515,0.885562
4467.4989,0.6582395
4468.7466,0.52503358
4469.9944,0.49378736
4471.2423,0.07822634
4472.4905,0.023448556
4473.7388,0.59612068
4474.9873,0.64330152
4476.236,0.87087345
4477.4849,0.66707175
4478.7339,0.62797485
4479.9831,1.0594651
4481.2325,0.75369939
4482.482,1.0126385
4483.7318,0.65196865
4484.9817,0.58933696
4486.2317,0.91101791
4487.482,0.42485465
4488.7324,0.79359227
4489.983,0.87997588
4491.2338,0.45655449
4492.4847,0.83313202
4493.7358,0.13519866
4494.9871,0.2921662
4496.2386,0.4805052
4497.4902,-0.037039228
4498.742,0.32384664
4499.994,-0.021150922
4501.2462,-0.28771819
4502.4985,0.22218406
4503.751,0.081104832
4505.0037,-0.091348019
4506.2566,-0.1069392
4507.5096,-0.16959029
4508.7628,0.16775755
4510.0162,-0.49881725
4511.2698,-0.26343235
4512.5235,-0.020205394
4513.7774,-0.090705002
4515.0315,0.089774706
4516.2857,-0.20817804
4517.5402,-0.027700483
4518.7948,0.14493286
4520.0496,-0.1922388
4521.3045,-0.066666444
4522.5596,0.14517935
4523.8149,-0.23121123
4525.0704,-0.19191661
4526.326,0.027769089
4527.5819,-0.34078158
4528.8379,0.059294118
4530.094,0.16339735
4531.3504,0.56554009
4532.6069,-0.059767857
4533.8636,-0.096840209
4535.1205,0.3837348
4536.3775,-0.092552649
4537.6347,-0.18452607
4538.8921,-0.041205076
4540.1497,0.15701817
4541.4074,0.44935937
4542.6653,-0.23084816
4543.9234,0.64188579
4545.1817,0.51069846
4546.4401,0.62264869
4547.6987,0.89146196
4548.9575,0.60341278
4550.2164,0.54281488
4551.4756,0.56064865
4552.7349,0.42161997
4553.9944,0.75317982
4555.254,0.88866154
4556.5138,1.0398298
4557.7738,1.3792337
4559.034,1.4049124
4560.2944,1.2501992
4561.5549,1.5660746
4562.8156,1.1917542
4564.0765,1.6488066
4565.3375,1.6666436
4566.5987,1.2138927
4567.8601,1.0591813
4569.1217,1.2966271
4570.3834,2.036034
4571.6454,1.4342646
4572.9075,2.0011231
4574.1697,2.120923
4575.4322,1.7622918
4576.6948,1.7330727
4577.9576,1.6698669
4579.2205,1.5831321
4580.4837,1.7081622
4581.747,1.966526
4583.0105,2.2118182
4584.2741,2.4335812
4585.538,2.3912923
4586.802,2.3882194
4588.0661,2.4374343
4589.3305,2.5781528
4590.595,2.8129892
4591.8597,2.7837737
4593.1246,2.8878918
4594.3897,2.9815526
4595.6549,3.2111615
4596.9203,3.2629929
4598.1859,3.4612298
4599.4516,3.8738461
4600.7176,4.343979
4601.9837,4.5474456
4603.2499,4.4319582
4604.5164,4.611896
4605.783,4.9826837
4607.0498,5.46589
4608.3168,5.6562862
4609.5839,6.0375323
4610.8512,6.3560336
4612.1187,6.8549274
4613.3864,7.1080698
4614.6542,7.7559838
4615.9222,8.0561857
4617.1904,8.5001787
4618.4588,8.7480936
4619.7273,9.1554859
4620.996,9.6020941
4622.2649,10.061775
4623.534,10.673089
4624.8032,11.221659
4626.0726,11.665654
4627.3422,12.122722
4628.612,12.501358
4629.8819,13.212021
4631.152,14.019415
4632.4223,14.852955
4633.6927,15.746625
4634.9634,16.42853
4636.2342,17.398018
4637.5051,18.145284
4638.7763,19.237648
4640.0476,20.513019
4641.3191,21.932181
4642.5908,23.63631
4643.8626,25.434558
4645.1346,27.381826
4646.4068,28.955237
4647.6792,30.31427
4648.9518,32.02363
4650.2245,33.782663
4651.4974,34.79137
4652.7704,35.2223
4654.0437,35.289831
4655.3171,35.775663
4656.5907,36.536005
4657.8644,36.838831
4659.1384,36.741657
4660.4125,35.41834
4661.6868,33.838814
4662.9612,32.429223
4664.2359,31.618325
4665.5107,31.345989
4666.7857,30.576922
4668.0608,29.337267
4669.3361,27.985194
4670.6116,26.588676
4671.8873,25.764708
4673.1632,24.501525
4674.4392,23.698472
4675.7154,22.665355
4676.9918,21.768185
4678.2683,20.816114
4679.5451,20.104566
4680.822,19.82962
4682.099,19.538987
4683.3763,19.206525
4684.6537,18.654455
4685.9313,18.204347
4687.2091,17.979075
4688.487,17.696287
4689.7651,17.520689
4691.0434,16.84836
4692.3219,16.568187
4693.6005,16.395205
4694.8793,16.420915
4696.1583,16.219175
4697.4375,15.881487
4698.7168,16.30197
4699.9963,16.644022
4701.276,16.789995
4702.5559,16.460152
4703.8359,16.373446
4705.1161,16.511577
4706.3965,16.430101
4707.6771,16.591762
4708.9578,16.831855
4710.2387,17.095477
4711.5198,17.570865
4712.801,18.054096
4714.0825,18.176543
4715.3641,18.275461
4716.6458,18.51817
4717.9278,19.351728
4719.2099,19.997052
4720.4922,20.448913
4721.7747,21.117767
4723.0573,22.074203
4724.3401,23.446325
4725.6231,24.353088
4726.9063,25.048087
4728.1897,26.012368
4729.4732,26.994949
4730.7569,27.763151
4732.0407,28.220243
4733.3248,28.601518
4734.609,29.168414
4735.8934,29.034657
4737.1779,29.345345
4738.4627,29.276948
4739.7476,29.21378
4741.0327,28.491788
4742.3179,27.819471
4743.6034,27.160225
4744.889,26.43562
4746.1747,25.130624
4747.4607,24.379876
4748.7468,23.469651
4750.0331,22.823479
4751.3196,21.683189
4752.6063,20.995188
4753.8931,20.385618
4755.1801,19.977355
4756.4673,19.407001
4757.7546,18.925537
4759.0421,18.227079
4760.3298,17.329929
4761.6177,16.53474
4762.9058,15.831054
4764.194,15.414951
4765.4824,15.132181
4766.7709,14.778823
4768.0597,14.532655
4769.3486,14.375376
4770.6377,14.492608
4771.927,14.303957
4773.2164,13.89047
4774.506,13.341035
4775.7958,12.924934
4777.0858,12.589879
4778.3759,12.189465
4779.6662,11.891013
4780.9567,11.579488
4782.2474,11.571232
4783.5382,11.48193
4784.8292,11.183478
4786.1204,10.670648
4787.4117,10.238863
4788.7033,10.152177
4789.995,9.9583018
4791.2869,9.8899169
4792.5789,9.743101
4793.8711,9.7008605
4795.1635,9.6795353
4796.4561,9.5274914
4797.7489,9.4721799
4799.0418,9.5946465
4800.3349,9.6517539
4801.6282,9.7977505
4802.9216,9.7189107
4804.2152,9.721117
4805.509,9.5978335
4806.803,9.5634391
4808.0971,9.5395025
4809.3914,9.4841937
4810.6859,9.6171204
4811.9806,9.6428579
4813.2754,9.7444127
4814.5705,9.5426998
4815.8656,9.5867389
4817.161,9.7065952
4818.4565,9.7558637
4819.7523,9.9515376
4821.0481,9.8779308
4822.3442,10.013475
4823.6404,9.9267965
4824.9368,9.9917526
4826.2334,9.7848137
4827.5302,9.8654567
4828.8271,9.9539432
4830.1242,10.045044
4831.4215,9.9871262
4832.7189,9.9109076
4834.0166,9.9471077
4835.3144,9.7061839
4836.6123,9.4731035
4837.9105,9.2870823
4839.2088,9.3964862
4840.5073,9.5320341
4841.806,9.5002621
4843.1048,9.327314
4844.4038,9.0341047
4845.703,8.722595
4847.0024,8.4503013
4848.302,8.3688576
4849.6017,8.5200939
4850.9016,8.4987815
4852.2016,8.3127635
4853.5019,8.0927589
4854.8023,7.9145847
4856.1029,7.827914
4857.4036,7.634054
4858.7046,7.492482
4860.0057,7.4554854
4861.307,7.6171819
4862.6084,7.6403166
4863.9101,7.5353471
4865.2119,7.2709007
4866.5138,7.1241016
4867.816,6.9590023
4869.1183,6.9612234
4870.4208,6.9216148
4871.7235,6.8140327
4873.0264,6.5469737
4874.3294,6.3217451
4875.6326,6.1801769
4876.936,6.190243
4878.2395,6.2316819
4879.5432,6.3254087
4880.8471,6.2256718
4882.1512,6.214824
4883.4555,6.0392707
4884.7599,5.9029333
4886.0645,5.7326093
4887.3692,5.771436
4888.6742,5.8599361
4889.9793,5.8987633
4891.2846,5.9428196
4892.5901,5.9136736
4893.8957,5.7459658
4895.2015,5.7011341
4896.5075,5.7478059
4897.8137,5.828465
4899.12,5.7182747
4900.4265,5.6394573
4901.7332,5.6965878
4903.04,5.756333
4904.3471,5.7036603
4905.6543,5.549027
4906.9617,5.6453745
4908.2692,5.7626372
4909.577,5.8328415
4910.8849,5.578863
4912.1929,5.4451462
4913.5012,5.3166586
4914.8096,5.4156222
4916.1182,5.3132789
4917.427,5.3547267
4918.7359,5.383103
4920.0451,5.3879501
4921.3544,5.4293988
4922.6638,5.2433969
4923.9735,5.1436698
4925.2833,5.030871
4926.5933,4.8710138
4927.9035,4.8261895
4929.2138,4.7865942
4930.5243,4.9195483
4931.835,4.8825681
4933.1459,4.8508169
4934.4569,4.8138372
4935.7681,4.6931977
4937.0795,4.73465
4938.3911,4.7421157
4939.7028,4.8672287
4941.0147,4.9609695
4942.3268,4.9213773
4943.6391,4.7955108
4944.9515,4.6068995
4946.2641,4.5699225
4947.5769,4.5904622
4948.8898,4.4175381
4950.203,4.3518038
4951.5163,4.3540437
4952.8298,4.3876564
4954.1434,4.3454525
4955.4572,4.2274318
4956.7712,4.3603918
4958.0854,4.4253783
4959.3998,4.4354631
4960.7143,4.3226724
4962.029,4.3223003
4963.3438,4.3506866
4964.6589,4.3267857
4965.9741,4.1904668
4967.2895,4.2214684
4968.6051,4.1583527
4969.9208,4.3200738
4971.2367,4.4530371
4972.5528,4.5860007
4973.8691,4.666677
4975.1855,4.6819942
4976.5021,4.8907756
4977.8189,4.8694921
4979.1359,4.8299081
4980.453,4.9262722
4981.7703,5.2422444
4983.0878,5.6732496
4984.4055,5.9604642
4985.7233,6.1300321
4987.0413,6.2943715
4988.3595,6.1737439
4989.6779,6.2439663
4990.9964,6.1939275
4992.3151,6.3190524
4993.634,6.2507135
4994.953,6.3418521
4996.2722,6.4512917
4997.5916,6.4770714
4998.9112,6.3642893
5000.231,6.1155597
5001.5509,5.7413403
5002.871,5.6050297
5004.1913,5.5811377
5005.5117,5.7977688
5006.8323,5.7555768
5008.1531,5.8467183
5009.4741,5.9012589
5010.7952,5.7989369
5012.1165,5.4168768
5013.438,5.1838365
5014.7597,5.0893586
5016.0815,5.1099137
5017.4036,4.8977894
5018.7257,4.7902405
5020.0481,4.8055677
5021.3706,4.6614181
5022.6933,4.5512558
5024.0162,4.2816166
5025.3393,4.2655724
5026.6625,4.2181561
5027.9859,4.1733543
5029.3095,4.2200562
5030.6333,4.1438825
5031.9572,4.1801275
5033.2813,4.177157
5034.6056,4.0225529
5035.93,4.0770994
5037.2547,3.9277246
5038.5795,4.0058011
5039.9044,3.9270151
5041.2296,3.9188177
5042.5549,3.9942807
5043.8804,3.9364107
5045.2061,3.9752729
5046.5319,3.9409329
5047.8579,3.974567
5049.1841,3.9323845
5050.5105,3.8745159
5051.837,3.8663209
5053.1638,3.8476686
5054.4906,3.8499316
5055.8177,3.7633061
5057.1449,3.7917136
5058.4724,3.9090102
5059.7999,3.7204248
5061.1277,3.5292253
5062.4556,3.3746274
5063.7838,3.3638206
5065.112,3.3164128
5066.4405,3.2245609
5067.7691,3.3575459
5069.0979,3.4774593
5070.4269,3.369922
5071.7561,3.2754569
5073.0854,3.1313189
5074.4149,3.2198609
5075.7446,3.2116712
5077.0744,3.1956387
5078.4045,3.2135933
5079.7347,3.1661888
5081.065,3.1710722
5082.3956,3.1315115
5083.7263,3.2775719
5085.0572,3.3373581
5086.3883,3.2455107
5087.7195,3.0647746
5089.0509,3.0278297
5090.3825,2.9908851
5091.7143,3.0349866
5093.0462,2.9640556
5094.3784,2.9035825
5095.7106,2.7986652
5097.0431,2.719892
5098.3757,2.7247793
5099.7086,2.7218237
5101.0415,2.792071
5102.3747,2.8910768
5103.708,2.867207
5105.0416,2.8930108
5106.3752,2.8429979
5107.7091,2.9132467
5109.0431,2.8632343
5110.3773,2.7530916
5111.7117,2.7344524
5113.0463,2.7079703
5114.381,2.9246258
5115.7159,2.8223274
5117.051,2.683428
5118.3862,2.4321105
5119.7217,2.3977868
5121.0573,2.4418948
5122.393,2.4467874
5123.729,2.5771705
5125.0651,2.5925212
5126.4014,2.7072186
5127.7379,2.7042692
5129.0745,2.6333463
5130.4113,2.5179792
5131.7483,2.3006517
5133.0855,2.3813636
5134.4228,2.4254746
5135.7604,2.4878865
5137.098,2.4169654
5138.4359,2.3591164
5139.7739,2.4241436
5141.1122,2.4499554
5142.4505,2.4208655
5143.7891,2.3970047
5145.1278,2.5300069
5146.4667,2.6185649
5147.8058,2.6025481
5149.1451,2.5002571
5150.4845,2.5600579
5151.8241,2.6329309
5153.1639,2.7424055
5154.5039,2.8231222
5155.844,2.7522052
5157.1843,2.7518768
5158.5248,2.6835748
5159.8654,2.7067763
5161.2062,2.5338998
5162.5472,2.4002392
5163.8884,2.2953371
5165.2298,2.3995856
5166.5713,2.3678867
5167.913,2.294358
5169.2549,2.1973002
5170.5969,2.2361904
5171.9391,2.3221397
5173.2815,2.2146253
5174.6241,2.1829282
5175.9668,2.2035189
5177.3097,2.2973126
5178.6528,2.3022176
5179.9961,2.2469923
5181.3395,2.121179
5182.6831,1.9901372
5184.0269,1.8956971
5185.3709,1.979035
5186.715,1.9525693
5188.0593,2.0542085
5189.4038,2.0225146
5190.7485,1.9829779
5192.0933,1.8257945
5193.4383,1.7548858
5194.7835,1.7728663
5196.1289,1.8928079
5197.4744,1.8741878
5198.8201,1.7849796
5200.166,1.6304123
5201.512,1.5098323
5202.8582,1.5382721
5204.2046,1.6216142
5205.5512,1.7781592
5206.898,1.7569267
5208.2449,1.6755638
5209.592,1.6151162
5210.9392,1.6487866
5212.2867,1.6197121
5213.6343,1.5618798
5214.9821,1.5354204
5216.3301,1.535105
5217.6782,1.5896919
5219.0265,1.6599653
5220.375,1.7119384
5221.7237,1.7037811
5223.0725,1.6773234
5224.4215,1.705768
5225.7707,1.6740822
5227.1201,1.6188672
5228.4696,1.5688813
5229.8193,1.6443859
5231.1692,1.6702176
5232.5193,1.6620627
5233.8695,1.632993
5235.2199,1.6640543
5236.5705,1.6925016
5237.9212,1.7627792
5239.2722,1.7546257
5240.6233,1.7569301
5241.9745,1.6808034
5243.326,1.8242848
5244.6776,1.7978319
5246.0294,1.755693
5247.3814,1.6664955
5248.7335,1.6374291
5250.0859,1.6266637
5251.4384,1.4564214
5252.791,1.3646107
5254.1439,1.4662645
5255.4969,1.6280492
5256.8501,1.7297036
5258.2035,1.5908353
5259.557,1.4937974
5260.9107,1.467348
5262.2646,1.5219447
5263.6187,1.4379796
5264.9729,1.3670867
5266.3273,1.3746255
5267.6819,1.468439
5269.0367,1.6302268
5270.3916,1.5802501
5271.7467,1.6374632
5273.102,1.7234348
5274.4574,1.7911061
5275.8131,1.7960325
5277.1689,1.764358
5278.5249,1.8738602
5279.881,1.8395719
5281.2373,1.7007087
5282.5939,1.7683817
5283.9505,1.8072969
5285.3074,1.9037287
5286.6644,1.7700954
5288.0216,1.7279657
5289.379,1.7982546
5290.7365,1.7587399
5292.0942,1.8630164
5293.4521,1.7633715
5294.8102,1.8493479
5296.1685,1.8229062
5297.5269,1.8461381
5298.8855,1.8562984
5300.2442,1.8429295
5301.6032,1.9184499
5302.9623,1.9233823
5304.3216,1.8028248
5305.681,1.6979538
5307.0407,1.5852401
5308.4005,1.6424612
5309.7605,1.5977219
5311.1206,1.4405646
5312.481,1.5448455
5313.8415,1.5968391
5315.2022,1.8344539
5316.563,1.878605
5317.9241,1.7763511
5319.2853,1.6557968
5320.6466,1.3757658
5322.0082,1.3258004
5323.3699,1.3516523
5324.7318,1.4062626
5326.0939,1.4425726
5327.4562,1.3194058
5328.8186,1.2432981
5330.1812,1.1567332
5331.544,1.1982731
5332.9069,1.2528853
5334.27,1.2787395
5335.6333,1.2235483
5336.9968,1.1369849
5338.3604,1.1340819
5339.7242,1.2671269
5341.0882,1.2223944
5342.4524,1.2221066
5343.8167,1.1590741
5345.1813,1.1901595
5346.546,1.1689576
5347.9108,0.99612204
5349.2759,1.0690384
5350.6411,1.12104
5352.0065,1.1573557
5353.372,1.1622991
5354.7377,1.0208375
5356.1037,1.0676116
5357.4697,0.99412447
5358.836,0.94939585
5360.2024,0.8576087
5361.569,0.75536433
5362.9358,0.79429673
5364.3028,0.7992425
5365.6699,0.8747768
5367.0372,0.85880813
5368.4047,0.82453911
5369.7723,0.74844031
5371.1401,0.76907384
5372.5081,0.78186453
5373.8763,0.73975355
5375.2447,0.76038797
5376.6132,0.75749328
5377.9819,0.80950084
5379.3508,0.77523419
5380.7198,0.76711163
5382.089,0.69362989
5383.4584,0.56786086
5384.828,0.54405291
5386.1977,0.57776161
5387.5676,0.5983987
5388.9377,0.60857857
5390.308,0.59261495
5391.6784,0.53743594
5393.049,0.56330298
5394.4198,0.56564091
5395.7908,0.62026671
5397.1619,0.45005621
5398.5332,0.3190617
5399.9047,0.25342695
5401.2764,0.30021081
5402.6482,0.4045113
5404.0202,0.43822385
5405.3924,0.34644651
5406.7647,0.2128394
5408.1373,0.14459206
5409.51,0.12078946
5410.8828,0.20156232
5412.2559,0.26403483
5413.6291,0.36049456
5415.0025,0.35760818
5416.3761,0.37040838
5417.7498,0.44333959
5419.1238,0.36202273
5420.4978,0.35913754
5421.8721,0.28305004
5423.2466,0.29062296
5424.6212,0.25636611
5425.996,0.23256708
5427.3709,0.36301671
5428.7461,0.27908755
5430.1214,0.17947242
5431.4969,0.0040405874
5432.8725,-0.01975696
5434.2484,0.066249712
5435.6244,0.079054066
5437.0006,0.15198944
5438.3769,0.10727804
5439.7535,0.007664989
5441.1302,-0.026588292
5442.5071,-0.0033249362
5443.8841,0.10359885
5445.2614,0.10071901
5446.6388,0.02202247
5448.0163,0.074045184
5449.3941,0.050251201
5450.772,0.083973856
5452.1501,-0.026883617
5453.5284,-0.11943925
5454.9069,-0.14401983
5456.2855,-0.17905675
5457.6643,-0.10167417
5459.0432,-0.003375375
5460.4224,0.00080696352
5461.8017,0.012833628
5463.1812,-0.024811722
5464.5609,0.07349183
5465.9407,0.16656781
5467.3207,0.079252825
5468.7009,-0.0420479
5470.0813,-0.13197489
5471.4618,-0.13039742
5472.8426,0.030658361
5474.2234,-0.014820617
5475.6045,-0.10735723
5476.9857,-0.21557893
5478.3672,-0.25843996
5479.7487,-0.13136516
5481.1305,-0.10886434
5482.5124,-0.0053165805
5483.8945,0.048559167
5485.2768,-0.0021390594
5486.6593,-0.011006032
5488.0419,-0.027714954
5489.4247,0.1202832
5490.8077,0.16893613
5492.1909,0.19144646
5493.5742,0.14336974
5494.9577,0.10575173
5496.3414,0.14918066
5497.7252,0.20829705
5499.1092,0.35630352
5500.4934,0.33176216
5501.8778,0.31506513
5503.2623,0.29314052
5504.6471,0.21631515
5506.032,0.20485044
5507.417,0.10188365
5508.8023,0.20545399
5510.1877,0.26458108
5511.5733,0.34985315
5512.9591,0.1867604
5514.345,0.10994334
5515.7311,-0.042689521
5517.1174,-0.051530343
5518.5039,-0.065598736
5519.8905,-0.10842411
5521.2773,-0.11203261
5522.6643,-0.18884253
5524.0515,-0.15846173
5525.4388,-0.094092802
5526.8263,-0.071552756
5528.214,0.032034231
5529.6018,0.023204106
5530.9899,0.13463661
5532.3781,0.18593958
5533.7664,0.23201498
5535.155,0.20227458
5536.5437,0.12547654
5537.9326,0.11926792
5539.3217,0.079073571
5540.711,0.031037269
5542.1004,0.037904116
5543.49,0.031700257
5544.8798,0.083013925
5546.2697,0.071583685
5547.6598,0.13335725
5549.0501,0.19251762
5550.4406,0.1993916
5551.8312,0.19058049
5553.222,0.098110443
5554.613,0.076229818
5556.0042,0.13539613
5557.3955,0.19979239
5558.7871,0.26157547
5560.1787,0.18218326
5561.5706,0.20213864
5562.9626,0.27438279
5564.3549,0.26819676
5565.7472,0.30907075
5567.1398,0.29242958
5568.5325,0.28363273
5569.9254,0.14411812
5571.3185,0.085650456
5572.7118,0.048099009
5574.1052,-0.0077519035
5575.4988,-0.068830385
5576.8926,-0.041018789
5578.2866,0.15411426
5579.6807,0.23421581
5581.075,0.33261921
5582.4695,0.32906301
5583.8641,0.28890669
5585.2589,0.21476464
5586.6539,0.15631004
5588.0491,0.20504618
5589.4444,0.14659396
5590.84,0.16657431
5592.2357,0.15518329
5593.6315,0.10980654
5595.0276,0.022600906
5596.4238,-0.10381922
5597.8202,0.04427164
5599.2167,0.24465127
5600.6135,0.36398634
5602.0104,0.34476051
5603.4075,0.16082999
5604.8048,0.1834366
5606.2022,0.21388753
5607.5998,0.21035273
5608.9976,0.11531585
5610.3955,0.02812329
5611.7937,0.10825218
5613.192,0.16223847
5614.5905,0.20315406
5615.9891,0.11335188
5617.388,0.026165265
5618.787,-0.040105127
5620.1861,-0.048857991
5621.5855,-0.010550842
5622.985,0.027757495
5624.3847,-0.048965659
5625.7846,0.010260088
5627.1846,0.072101403
5628.5849,0.060741292
5629.9853,0.072911781
5631.3858,-0.0011910503
5632.7866,0.0057530583
5634.1875,-0.055275501
5635.5886,-0.082315943
5636.9899,-0.036152582
5638.3913,0.038770137
5639.7929,0.092779013
5641.1947,0.11803091
5642.5967,0.0047218978
5643.9988,-0.0092395172
5645.4011,0.091832936
5646.8036,0.20597847
5648.2063,0.29659579
5649.6091,0.27741037
5651.0121,0.26606928
5652.4153,0.15799735
5653.8187,0.11528608
5655.2222,0.12224921
5656.6259,0.1448998
5658.0298,0.18062347
5659.4339,0.030727421
5660.8381,0.019394648
5662.2425,0.0080630647
5663.6471,0.10130783
5665.0518,0.10827928
5666.4568,0.028977406
5667.8619,0.080395675
5669.2671,0.040311865
5670.6726,0.055131204
5672.0782,-0.06599598
5673.484,-0.038102369
5674.89,-0.031122601
5676.2961,-0.005840991
5677.7024,-0.022388258
5679.1089,-0.031091199
5680.5156,0.0046514936
5681.9225,0.058696028
5683.3295,0.20424502
5684.7367,0.16940304
5686.144,0.074431534
5687.5516,0.010833765
5688.9593,0.064884242
5690.3672,0.13985094
5691.7752,0.016126018
5693.1835,-0.021323206
5694.5919,-0.022169935
5696.0005,-0.0093046559
5697.4092,-0.0042818934
5698.8182,-0.069846745
5700.2273,-0.051750845
5701.6365,-0.059798115
5703.046,-0.080916659
5704.4556,-0.065433275
5705.8654,-0.10485123
5707.2754,-0.091980984
5708.6856,-0.16277025
5710.0959,-0.18911444
5711.5064,-0.11349723
5712.9171,-0.035265026
5714.3279,0.0063664958
5715.7389,-0.022589596
5717.1501,-0.0044862435
5718.5615,0.065905312
5719.9731,0.12061121
5721.3848,0.17270336
5722.7967,0.081005273
5724.2087,0.031137874
5725.621,-0.071016485
5727.0334,-0.076438196
5728.446,-0.10277432
5729.8588,-0.15525361
5731.2717,-0.13452967
5732.6848,-0.16870707
5734.0981,-0.064321753
5735.5116,-0.077582876
5736.9252,-0.001954489
5738.339,-0.0047568533
5739.753,0.070872776
5741.1672,0.10728734
5742.5815,0.12540187
5743.996,0.093843821
5745.4107,0.059672013
5746.8255,0.10131782
5748.2406,0.11420608
5749.6558,0.11402306
5751.0711,-0.0011920152
5752.4867,0.035227517
5753.9024,0.053347017
5755.3183,0.03748021
5756.7344,-0.012372904
5758.1506,-0.070068535
5759.5671,0.044785475
5760.9837,0.015849257
5762.4004,0.031358104
5763.8174,-0.052478833
5765.2345,-0.081413188
5766.6518,-0.013614896
5768.0693,-0.01378984
5769.4869,0.048780936
5770.9047,0.051221614
5772.3227,0.077192325
5773.7409,0.10577804
5775.1592,0.01410293
5776.5777,0.00085981764
5777.9964,0.00068922175
5779.4153,0.013591142
5780.8343,0.076166887
5782.2535,0.11521384
5783.6729,0.21177775
5785.0925,0.22991092
5786.5122,0.19575712
5787.9321,0.19297649
5789.3522,0.12745139
5790.7725,0.093299453
5792.1929,0.053919381
5793.6135,0.11388634
5795.0343,0.1999977
5796.4552,0.15800511
5797.8763,0.1343138
5799.2976,0.16029631
5800.7191,0.23333827
5802.1408,0.25409326
5803.5626,0.25654822
5804.9846,0.25638943
5806.4068,0.20132929
5807.8291,0.22470115
5809.2516,0.13304095
5810.6743,0.27144673
5812.0972,0.17978777
5813.5202,0.22407715
5814.9434,0.18732139
5816.3668,0.074749262
5817.7904,0.024922853
5819.2141,-0.12424934
5820.6381,-0.059041828
5822.0621,0.058453887
5823.4864,0.13150578
5824.9108,0.12089816
5826.3355,0.089376133
5827.7602,0.1362861
5829.1852,0.16751041
5830.6103,0.11507521
5832.0356,0.028653703
5833.4611,-0.073453456
5834.8868,-0.065756073
5836.3126,0.064817749
5837.7386,0.25029415
5839.1648,0.21877771
5840.5911,0.19249065
5842.0177,0.1296029
5843.4444,0.1268465
5844.8712,0.07441751
5846.2983,0.05597607
5847.7255,0.16825421
5849.1529,0.19948721
5850.5805,0.30392345
5852.0082,0.35084398
5853.4361,0.36900695
5854.8642,0.43161499
5856.2925,0.48899489
5857.7209,0.44441463
5859.1496,0.31617486
5860.5784,0.12257623
5862.0073,0.23486058
5863.4365,0.23472724
5864.8658,0.3130259
5866.2953,0.23184806
5867.7249,0.16374273
5869.1548,0.040736069
5870.5848,-0.082269976
5872.015,0.014332444
5873.4453,0.11877862
5874.8758,0.19969601
5876.3065,0.11329376
5877.7374,0.10270912
5879.1685,0.071210066
5880.5997,0.016182225
5882.0311,0.023900103
5883.4627,0.042076118
5884.8944,0.052409617
5886.3264,0.013070535
5887.7585,-0.0053528941
5889.1908,0.046812533
5890.6232,0.088521066
5892.0558,0.030883814
5893.4886,0.0098484903
5894.9216,-0.003343075
5896.3547,0.0017666343
5897.7881,-0.016652447
5899.2215,-0.08474411
5900.6552,-0.092704433
5902.0891,-0.069291586
5903.5231,-0.058950013
5904.9573,0.0010653833
5906.3916,0.008793819
5907.8262,-0.030535948
5909.2609,-0.073268354
5910.6958,-0.061098274
5912.1308,0.016431808
5913.5661,-0.023684643
5915.0015,-0.03242802
5916.4371,-0.069929041
5917.8728,0.046818828
5919.3088,0.095593367
5920.7449,0.16266908
5922.1811,0.10686951
5923.6176,0.032769808
5925.0542,-0.046558127
5926.491,-0.0030097203
5927.928,0.10851307
5929.3652,0.086703049
5930.8025,0.11979551
5932.24,-0.0013598594
5933.6777,-0.0074820288
5935.1155,-0.016218052
5936.5535,-0.045868582
5937.9917,0.065657883
5939.4301,0.054309056
5940.8686,0.053418272
5942.3074,-0.02851774
5943.7463,-0.17058394
5945.1853,-0.12964309
5946.6246,-0.13314615
5948.064,-0.12096241
5949.5036,-0.12185005
5950.9433,-0.099207743
5952.3833,0.098598485
5953.8234,0.12385622
5955.2637,0.15957199
5956.7041,0.1063994
5958.1448,0.050612962
5959.5856,0.052343385
5961.0266,0.012244268
5962.4677,0.053191427
5963.9091,0.01570774
5965.3506,0.072342224
5966.7922,0.094990306
5968.2341,0.047050678
5969.6761,0.072314189
5971.1183,0.14986581
5972.5607,0.26140488
5974.0033,0.25529742
5975.446,0.17598787
5976.8889,0.18295335
5978.332,0.10364485
5979.7752,0.09753949
5981.2186,0.083591518
5982.6622,0.074872828
5984.106,0.14458604
5985.5499,0.086195196
5986.9941,0.14545194
5988.4384,0.14196411
5989.8828,0.24828073
5991.3275,0.28139525
5992.7723,0.21254952
5994.2173,0.18292
5995.6624,0.11407532
5997.1078,0.14457757
5998.5533,0.10187773
5999.999,0.15591044
6001.4448,0.17072799
6002.8909,0.16201666
6004.3371,0.19252154
6005.7835,0.31975896
6007.23,0.36856554
6008.6768,0.33109814
6010.1237,0.20212799
6011.5707,0.25877929
6013.018,0.31281672
6014.4654,0.22306384
6015.913,0.13854024
6017.3608,-0.011342315
6018.8088,0.12374298
6020.2569,0.1333386
6021.7052,0.20045109
6023.1537,0.27279286
6024.6023,0.26147502
6026.0511,0.21094202
6027.5001,0.05322001
6028.9493,-0.026070106
6030.3986,0.056731807
6031.8482,0.068946009
6033.2979,0.060245705
6034.7477,0.085532853
6036.1978,0.055918566
6037.648,0.14395186
6039.0984,0.046364771
6040.5489,0.050738988
6041.9997,0.0054405277
6043.4506,-0.039857407
6044.9017,0.027263484
6046.3529,0.034254181
6047.8044,0.070003573
6049.256,-0.024965463
6050.7078,-0.051960119
6052.1597,-0.005751634
6053.6119,-0.018852815
6055.0642,-0.045025581
6056.5166,-0.071198037
6057.9693,-0.039853843
6059.4221,-0.018966856
6060.8751,-0.13402727
6062.3283,-0.14712659
6063.7817,-0.089637366
6065.2352,-0.011232798
6066.6889,0.0044269817
6068.1428,-0.016514236
6069.5968,0.051433746
6071.051,0.098467005
6072.5054,0.069683581
6073.96,0.095802428
6075.4147,0.15852289
6076.8697,0.14019791
6078.3248,0.095729456
6079.78,-0.016712549
6081.2355,0.0015647111
6082.6911,-0.053360333
6084.1469,0.0041332329
6085.6028,0.15313038
6087.059,0.14265071
6088.5153,0.053739975
6089.9718,-0.092686787
6091.4284,-0.053492323
6092.8853,-0.0038400338
6094.3423,0.022283154
6095.7995,0.02487724
6097.2568,0.003942225
6098.7143,-0.04575065
6100.1721,-0.037926876
6101.6299,-0.06147534
6103.088,-0.087637873
6104.5462,-0.077198789
6106.0046,0.0012144615
6107.4632,0.040412336
6108.9219,0.058695487
6110.3809,-0.038053731
6111.84,-0.0093124427
6113.2992,-0.095603524
6114.7587,-0.053789721
6116.2183,0.05599825
6117.6781,0.07951202
6119.1381,0.18145747
6120.5982,0.12131173
6122.0585,0.084695714
6123.519,-0.022508229
6124.9797,-0.11663997
6126.4405,-0.017307343
6127.9016,-0.0016345394
6129.3628,-0.0016477001
6130.8241,-0.038261858
6132.2857,-0.093176359
6133.7474,0.016615332
6135.2093,-0.017383517
6136.6713,0.034892455
6138.1336,-0.051393355
6139.596,-0.048789966
6141.0585,0.027016347
6142.5213,0.034849115
6143.9842,0.13157108
6145.4473,0.02175741
6146.9106,0.00083293743
6148.3741,-0.0096337084
6149.8377,-0.014871286
6151.3015,0.081852231
6152.7655,0.016484554
6154.2296,-0.0044383675
6155.694,-0.098563594
6157.1585,-0.093342104
6158.6231,-0.025375207
6160.088,0.045206379
6161.553,0.11840266
6163.0182,0.13146852
6164.4836,0.16544973
6165.9491,0.066097918
6167.4148,0.055635303
6168.8807,0.053016136
6170.3468,0.042554141
6171.813,0.045164352
6173.2794,-0.041114015
6174.746,-0.028045668
6176.2128,0.060839983
6177.6797,0.066065814
6179.1469,0.10527888
6180.6141,-0.022828
6182.0816,-0.064660063
6183.5492,0.00069772663
6185.017,0.073898964
6186.485,0.12618548
6187.9532,0.058210865
6189.4215,0.0033084573
6190.89,-0.020221091
6192.3587,-0.038521572
6193.8276,-0.082965533
6195.2966,-0.1509386
6196.7658,-0.1875388
6198.2352,-0.14047856
6199.7047,-0.025444159
6201.1744,0.14449252
6202.6443,0.17586741
6204.1144,0.13142562
6205.5847,0.073912242
6207.0551,0.084373032
6208.5257,0.11313479
6209.9964,0.097452406
6211.4674,0.094842232
6212.9385,0.087003609
6214.4098,0.03994961
6215.8813,0.071327294
6217.3529,0.073947118
6218.8247,0.079181631
6220.2967,0.068730179
6221.7689,0.14716793
6223.2412,0.23083474
6224.7137,0.13933847
6226.1864,0.14457453
6227.6593,0.12105274
6229.1323,0.19687766
6230.6055,0.21518655
6232.0789,0.19689444
6233.5525,0.24396212
6235.0262,0.2047556
6236.5001,0.31718337
6237.9742,0.41392519
6239.4484,0.42962156
6240.9229,0.34858621
6242.3975,0.22310673
6243.8722,0.14207201
6245.3472,0.19175654
6246.8223,0.26497081
6248.2976,0.31727034
6249.7731,0.27283817
6251.2487,0.17088996
6252.7246,0.26763487
6254.2006,0.34085068
6255.6767,0.38792301
6257.1531,0.40885186
6258.6296,0.41148037
6260.1063,0.47162553
6261.5831,0.39843766
6263.0602,0.24158997
6264.5374,0.21546155
6266.0148,0.26515043
6267.4924,0.31483962
6268.9701,0.30178402
6270.448,0.2050686
6271.9261,0.28874565
6273.4044,0.25477595
6274.8828,0.22080656
6276.3614,0.14500742
6277.8402,0.11103865
6279.3191,0.19210287
6280.7983,0.16336348
6282.2776,0.14246753
6283.7571,0.26536275
6285.2367,0.36472886
6286.7165,0.40919333
6288.1965,0.2288215
6289.6767,0.12688136
6291.1571,0.16350361
6292.6376,0.1975118
6294.1183,0.33609546
6295.5992,0.29951603
6297.0802,0.31261012
6298.5614,0.19759994
6300.0428,0.22376654
6301.5244,0.22640404
6303.0061,0.18982616
6304.4881,0.23167997
6305.9701,0.25784781
6307.4524,0.25787217
6308.9349,0.22129553
6310.4175,0.085372799
6311.9003,0.13507129
6313.3832,0.040979246
6314.8664,0.061920189
6316.3497,-0.0034130667
6317.8332,0.059358562
6319.3168,0.14304553
6320.8007,0.16398772
6322.2847,0.19015897
6323.7688,0.085611578
6325.2532,0.041195215
6326.7377,0.0072366785
6328.2224,-0.00057775711
6329.7073,-0.071136981
6331.1924,-0.094637071
6332.6776,-0.071078027
6334.163,0.064899627
6335.6486,0.06492988
6337.1343,0.01267286
6338.6203,-0.078799536
6340.1064,-0.15719973
6341.5926,-0.057821828
6343.0791,-0.097005712
6344.5657,-0.086516083
6346.0525,-0.039424837
6347.5395,0.055937004
6349.0266,0.065024175
6350.5139,-0.087980318
6352.0014,-0.11549478
6353.4891,-0.088107433
6354.9769,-0.026733323
6356.4649,0.0084968362
6357.9531,0.048955593
6359.4415,0.071113535
6360.93,0.11680073
6362.4187,0.1206577
6363.9076,0.12974326
6365.3967,0.07346919
6366.8859,0.051181886
6368.3753,0.0053650092
6369.8649,-0.0064651
6371.3547,-0.020909749
6372.8446,0.053534331
6374.3347,0.073076289
6375.825,0.12399064
6377.3154,0.10431659
6378.8061,0.087256757
6380.2969,0.05973925
6381.7878,-0.035752274
6383.279,-0.060655724
6384.7703,-0.11170312
6386.2618,-0.042489247
6387.7535,0.031953227
6389.2453,0.080251751
6390.7374,0.073648152
6392.2296,0.07750191
6393.7219,0.07351237
6395.2145,0.074751428
6396.7072,0.03154588
6398.2001,-0.016888586
6399.6931,0.01310816
6401.1864,0.082320432
6402.6798,0.12800313
6404.1734,0.024666063
6405.6671,-0.052527376
6407.1611,-0.053903981
6408.6552,-0.021293819
6410.1495,-0.040971399
6411.6439,-0.00051842078
6413.1386,-0.041111355
6414.6334,-0.10261948
6416.1284,-0.11445457
6417.6235,-0.026943407
6419.1189,0.03965256
6420.6144,0.098405229
6422.11,0.089300523
6423.6059,0.10372508
6425.1019,0.013574331
6426.5981,-0.0033739523
6428.0945,-0.025551141
6429.591,-0.050342856
6431.0878,-0.077749097
6432.5847,-0.039796007
6434.0817,-0.030601234
6435.579,0.043952868
6437.0764,0.071448001
6438.574,0.078027953
6440.0718,0.10813717
6441.5697,0.1304031
6443.0678,0.20234209
6444.5661,0.1540195
6446.0646,0.09262486
6447.5632,0.04430197
6449.0621,0.084867822
6450.561,0.13850542
6452.0602,0.14246967
6453.5595,0.12551875
6455.0591,0.12686832
6456.5587,0.070701416
6458.0586,0.13218142
6459.5586,0.089086113
6461.0588,0.17148086
6462.5592,0.11269898
6464.0598,0.030387546
6465.5605,-0.0074795899
6467.0614,-0.0061311869
6468.5625,0.10502099
6470.0637,0.19002923
6471.5652,0.32209615
6473.0668,0.39141782
6474.5686,0.37707921
6476.0705,0.28430909
6477.5726,0.1052643
6479.0749,0.075238983
6480.5774,0.019069724
6482.08,0.13283496
6483.5829,0.25705756
6485.0859,0.33683557
6486.589,0.39569841
6488.0924,0.28985521
6489.5959,0.23368507
6491.0996,0.18012916
6492.6034,0.076899904
6494.1075,0.012886185
6495.6117,-0.072042713
6497.1161,0.044335431
6498.6207,0.18685722
6500.1254,0.28493442
6501.6303,0.24706375
6503.1354,0.12030406
6504.6406,0.12426316
6506.1461,0.099463957
6507.6517,0.10080839
6509.1575,0.10738144
6510.6634,0.23944454
6512.1696,0.35059245
6513.6759,0.34932192
6515.1823,0.28530615
6516.689,0.23959088
6518.1958,0.27753559
6519.7028,0.25534944
6521.21,0.25669256
6522.7173,0.24496363
6524.2249,0.36395351
6525.7326,0.37313932
6527.2404,0.35879557
6528.7485,0.2529484
6530.2567,0.19938868
6531.7651,0.18243011
6533.2737,0.19684394
6534.7824,0.2269439
6536.2913,0.19952738
6537.8004,0.14596691
6539.3097,0.19959585
6540.8191,0.22708084
6542.3287,0.31208203
6543.8385,0.35263862
6545.3485,0.33044998
6546.8586,0.28211739
6548.3689,0.18672583
6549.8794,0.25604001
6551.3901,0.25476581
6552.9009,0.2979359
6554.4119,0.3097333
6555.9231,0.38427565
6557.4345,0.45620347
6558.946,0.40786971
6560.4577,0.42750966
6561.9696,0.38963312
6563.4816,0.40404401
6564.9939,0.39753973
6566.5063,0.39626405
6568.0188,0.54662222
6569.5316,0.62116325
6571.0445,0.59374334
6572.5576,0.56893767
6574.0709,0.58073316
6575.5843,0.80167883
6577.098,0.80040212
6578.6117,0.69716449
6580.1257,0.60176985
6581.6399,0.58480643
6583.1542,0.67241803
6584.6687,0.62146739
6586.1833,0.60450354
6587.6982,0.55616698
6589.2132,0.62547734
6590.7284,0.66080062
6592.2437,0.64906494
6593.7593,0.5876559
6595.275,0.59422057
6596.7909,0.65307268
6598.3069,0.68055209
6599.8232,0.63221436
6601.3396,0.66753662
6602.8562,0.718545
6604.3729,0.79569703
6605.8898,0.88069204
6607.4069,0.92908561
6608.9242,0.87290386
6610.4417,0.90561085
6611.9593,0.91217391
6613.4771,1.0389983
6614.9951,0.9357571
6616.5132,0.96584913
6618.0316,0.97764035
6619.5501,1.0260327
6621.0687,1.1084119
6622.5876,1.1672615
6624.1066,1.1947384
6625.6258,1.1568557
6627.1452,1.223548
6628.6647,1.3869722
6630.1844,1.5268668
6631.7043,1.4471535
6633.2244,1.4301851
6634.7446,1.4132165
6636.265,1.5740256
6637.7856,1.5439848
6639.3064,1.5845322
6640.8273,1.7113539
6642.3484,1.7832735
6643.8697,1.7532321
6645.3912,1.6970469
6646.9128,1.8421686
6648.4346,1.9846759
6649.9566,2.0801241
6651.4787,2.2017161
6653.0011,2.2684059
6654.5236,2.3533962
6656.0463,2.5272752
6657.5691,2.596579
6659.0921,2.7390852
6660.6153,2.7561011
6662.1387,3.0319403
6663.6623,3.3103938
6665.186,3.4790432
6666.7099,3.5509605
6668.234,3.5784331
6669.7582,3.9510037
6671.2826,4.3601754
6672.8072,4.6830724
6674.332,4.7314595
6675.8569,4.8007615
6677.382,4.9406516
6678.9073,5.2792343
6680.4328,5.7511502
6681.9584,6.1707784
6683.4843,6.2949816
6685.0102,6.3355246
6686.5364,6.4623419
6688.0627,6.7669368
6689.5893,6.9538845
6691.1159,6.9839693
6692.6428,6.9983677
6694.1698,7.1513281
6695.697,7.3121314
6697.2244,7.5199935
6698.752,7.421973
6700.2797,7.3500961
6701.8076,7.2102453
6703.3357,7.1122244
6704.8639,7.225968
6706.3924,7.1593193
6707.921,7.1005137
6709.4497,6.8299431
6710.9787,6.6848627
6712.5078,6.7959912
6714.0371,6.9933941
6715.5666,6.8561563
6717.0962,6.6378726
6718.6261,6.241811
6720.156,6.3137231
6721.6862,6.1738703
6723.2166,6.0941482
6724.7471,6.0274977
6726.2778,5.8039844
6727.8086,5.719033
6729.3397,5.3935586
6730.8709,5.2850776
6732.4023,5.16091
6733.9338,4.992298
6735.4656,5.0511367
6736.9975,4.9661844
6738.5296,4.9805784
6740.0618,4.7910507
6741.5943,4.4864902
6743.1269,4.2786615
6744.6596,4.2303098
6746.1926,4.2107162
6747.7257,4.1675929
6749.259,3.9989794
6750.7925,4.0264441
6752.3262,4.0303792
6753.86,4.0264711
6755.394,3.9519746
6756.9282,3.7624453
6758.4625,3.677491
6759.997,3.6448241
6761.5317,3.646144
6763.0666,3.8278559
6764.6017,3.9102213
6766.1369,3.9795146
6767.6723,3.6749515
6769.2078,3.4671204
6770.7436,3.4971976
6772.2795,3.5586471
6773.8156,3.5808809
6775.3519,3.4985394
6776.8883,3.4763284
6778.4249,3.5822218
6779.9617,3.3691609
6781.4987,3.3338776
6783.0358,3.2384634
6784.5731,3.3469706
6786.1106,3.3430594
6787.6482,3.4071219
6789.1861,3.4999424
6790.7241,3.4568151
6792.2623,3.2568249
6793.8006,3.1352659
6795.3392,3.1836413
6796.8779,3.2607749
6798.4167,3.3091501
6799.9558,3.3026231
6801.495,3.2804098
6803.0344,3.2947976
6804.574,3.2804272
6806.1137,3.2634421
6807.6537,3.2281563
6809.1938,3.3340468
6810.734,3.3798065
6812.2745,3.3837359
6813.8151,3.3902796
6815.3559,3.4203525
6816.8969,3.3563076
6818.438,3.2870339
6819.9793,3.3223351
6821.5208,3.3942375
6823.0625,3.5314992
6824.6043,3.6478458
6826.1463,3.8530811
6827.6885,3.9406692
6829.2309,3.9472114
6830.7734,3.9746685
6832.3161,3.9576809
6833.859,4.0661835
6835.4021,4.1354702
6836.9453,4.1498548
6838.4887,4.2060693
6840.0323,4.2413686
6841.576,4.381243
6843.12,4.589091
6844.6641,4.6165468
6846.2083,4.6178586
6847.7528,4.4440069
6849.2974,4.6518544
6850.8422,4.9538193
6852.3872,5.1878103
6853.9323,5.3878142
6855.4777,5.5041578
6857.0232,5.7459915
6858.5688,5.9276943
6860.1147,6.1120113
6861.6607,6.3799883
6863.2069,6.5669195
6864.7533,6.827053
6866.2998,7.1290165
6867.8465,7.5983002
6869.3934,8.0649693
6870.9405,8.5630107
6872.4877,9.0558233
6874.0351,9.7943874
6875.5827,10.365631
6877.1305,11.015306
6878.6784,11.495046
6880.2265,11.906812
6881.7748,12.16433
6883.3233,12.393089
6884.8719,12.964332
6886.4207,13.446686
6887.9697,13.902895
6889.5188,14.115968
6891.0682,14.276752
6892.6177,14.544727
6894.1674,14.909433
6895.7172,15.143419
6897.2672,15.157798
6898.8174,14.892438
6900.3678,14.898974
6901.9184,14.934267
6903.4691,15.027077
6905.02,15.036226
6906.571,14.906813
6908.1223,14.892433
6909.6737,14.80485
6911.2253,14.748639
6912.7771,14.402232
6914.329,13.864976
6915.8811,13.557784
6917.4334,13.399612
6918.9859,13.298956
6920.5385,13.363006
6922.0913,13.15516
6923.6443,13.023132
6925.1975,12.54339
6926.7508,12.272799
6928.3043,12.177371
6929.858,12.006126
6931.4119,11.800894
6932.9659,11.491086
6934.5201,11.212651
6936.0745,11.117222
6937.6291,11.01395
6939.1838,10.722443
6940.7387,10.485837
6942.2938,10.032238
6943.849,9.8531482
6945.4044,9.6609866
6946.96,9.5237267
6948.5158,9.4387543
6950.0718,9.1812328
6951.6279,8.915868
6953.1842,8.574686
6954.7407,8.4792555
6956.2973,8.4413412
6957.8541,8.2334921
6959.4111,7.8138782
6960.9683,7.4596236
6962.5256,7.3354342
6964.0831,7.3550355
6965.6408,7.2988196
6967.1987,7.1955448
6968.7567,6.8805052
6970.3149,6.6857268
6971.8733,6.5850659
6973.4319,6.5497644
6974.9906,6.5066196
6976.5495,6.3719713
6978.1086,6.2190223
6979.6679,5.9902561
6981.2273,5.6856728
6982.7869,5.5379521
6984.3467,5.6542835
6985.9067,5.668654
6987.4668,5.5575342
6989.0271,5.2634076
6990.5876,5.0398692
6992.1482,4.970579
6993.709,4.8856023
6995.27,5.0254621
6996.8312,5.0136878
6998.3926,4.9757695
6999.9541,4.8620341
7001.5158,4.6855535
7003.0777,4.6790073
7004.6397,4.7090623
7006.2019,4.6946727
7007.7643,4.7508712
7009.3269,4.5377885
7010.8896,4.588758
7012.4525,4.4070475
7014.0156,4.3848141
7015.5789,4.2815347
7017.1423,4.1677977
7018.7059,4.2030801
7020.2697,4.1050291
7021.8337,4.14554
7023.3978,4.0919331
7024.9621,4.0775417
7026.5266,4.2435424
7028.0913,4.2396083
7029.6561,4.2775041
7031.2211,4.0147461
7032.7863,3.9062364
7034.3517,3.9624324
7035.9172,4.1232034
7037.4829,4.3048893
7039.0488,4.2852679
7040.6148,4.1270842
7042.181,3.987201
7043.7474,3.9152916
7045.314,3.8721401
7046.8808,3.8603611
7048.4477,3.9165558
7050.0148,4.0511817
7051.582,3.9818859
7053.1495,3.9073612
7054.7171,3.8276076
7056.2849,3.9099453
7057.8529,3.8667927
7059.421,3.8680844
7060.9893,3.7883302
7062.5578,3.7974647
7064.1265,3.6837233
7065.6953,3.5673673
7067.2643,3.4849981
7068.8335,3.507204
7070.4029,3.4797365
7071.9724,3.4993276
7073.5421,3.5895069
7075.112,3.6352416
7076.6821,3.5607146
7078.2523,3.4312856
7079.8227,3.4351898
7081.3933,3.4992245
7082.964,3.4403833
7084.535,3.4495158
7086.1061,3.3645304
7087.6774,3.3945777
7089.2488,3.3618796
7090.8204,3.4285279
7092.3922,3.5056335
7093.9642,3.4650918
7095.5364,3.4428507
7097.1087,3.3212631
7098.6812,3.2415054
7100.2538,3.2166494
7101.8267,3.3251267
7103.3997,3.441447
7104.9729,3.3721462
7106.5463,3.1721262
7108.1198,3.1524984
7109.6935,3.2191448
7111.2674,3.3040918
7112.8415,3.2844635
7114.4157,3.2256193
7115.9901,3.2687357
7117.5647,3.2412638
7119.1395,3.2164061
7120.7144,3.1706333
7122.2895,3.1248603
7123.8648,3.147061
7125.4403,3.1352746
7127.0159,3.1993051
7128.5917,3.2032047
7130.1677,3.1757316
7131.7438,3.0384544
7133.3202,2.9665366
7134.8967,2.9808931
7136.4733,3.1102822
7138.0502,3.3050306
7139.6272,3.2409553
7141.2044,3.1821086
7142.7818,2.9820854
7144.3593,3.0251992
7145.9371,3.131058
7147.515,3.1977009
7149.093,3.1623829
7150.6713,3.0747772
7152.2497,3.0551452
7153.8283,3.0747287
7155.407,3.1047696
7156.986,3.1452679
7158.5651,3.0602758
7160.1444,3.0537149
7161.7239,3.0549971
7163.3035,3.1164098
7164.8833,3.0418746
7166.4633,2.9699537
7168.0435,2.9843072
7169.6238,2.8836278
7171.2043,2.8901378
7172.785,2.8966477
7174.3658,2.9057718
7175.9469,2.812935
7177.5281,2.7645424
7179.1095,2.8651694
7180.691,2.9840968
7182.2727,3.0115208
7183.8546,3.020644
7185.4367,3.1500285
7187.019,3.0911776
7188.6014,3.1133723
7190.184,2.9682466
7191.7668,2.9512253
7193.3497,2.9211319
7194.9328,2.846594
7196.5161,2.9916637
7198.0996,2.9537268
7199.6833,2.9785348
7201.2671,2.9902708
7202.8511,3.0778236
7204.4352,3.1470757
7206.0196,3.0620792
7207.6041,2.9561675
7209.1888,2.9809747
7210.7736,3.0110104
7212.3587,3.2005232
7213.9439,3.2906893
7215.5293,3.3076528
7217.1148,3.1703677
7218.7006,3.0383112
7220.2865,3.026516
7221.8726,3.0774658
7223.4588,3.0578271
7225.0453,2.9414563
7226.6319,2.8276998
7228.2186,2.74793
7229.8056,2.8014934
7231.3927,2.8184553
7232.98,2.7752864
7234.5675,2.8079344
7236.1551,2.7595364
7237.743,2.868001
7239.331,2.759472
7240.9191,2.7842762
7242.5075,2.6914332
7244.096,2.6796359
7245.6847,2.7148971
7247.2736,2.6821844
7248.8626,2.7462036
7250.4518,2.5670853
7252.0412,2.5735878
7253.6308,2.4912013
7255.2205,2.5133898
7256.8105,2.4989769
7258.4005,2.3904461
7259.9908,2.4884512
7261.5813,2.406064
7263.1719,2.5171406
7264.7626,2.4530537
7266.3536,2.4543262
7267.9447,2.3928534
7269.5361,2.3183085
7271.1275,2.4241557
7272.7192,2.4437282
7274.311,2.48683
7275.903,2.4096702
7277.4952,2.3272815
7279.0876,2.2997946
7280.6801,2.2095624
7282.2728,2.3023366
7283.8657,2.2147186
7285.4587,2.2735056
7287.0519,2.1675866
7288.6453,2.1636282
7290.2389,2.0760096
7291.8327,2.1060378
7293.4266,2.2432555
7295.0207,2.2575972
7296.615,2.3033113
7298.2094,2.2627507
7299.804,2.2849351
7301.3988,2.3018906
7302.9938,2.3371466
7304.5889,2.4220756
7306.1842,2.4155013
7307.7797,2.403698
7309.3754,2.4075809
7310.9712,2.3565616
7312.5672,2.2872416
7314.1634,2.2858952
7315.7598,2.3682089
7317.3563,2.4243786
7318.953,2.3733586
7320.5499,2.4478286
7322.147,2.4072659
7323.7442,2.3980755
7325.3416,2.3287543
7326.9392,2.3561649
7328.5369,2.5169088
7330.1349,2.4292864
7331.733,2.3181346
7333.3312,2.1782244
7334.9297,2.1821049
7336.5283,2.3559199
7338.1271,2.3650288
7339.7261,2.3898239
7341.3252,2.2917431
7342.9246,2.2616359
7344.524,2.330875
7346.1237,2.2850813
7347.7236,2.2837319
7349.3236,2.1621208
7350.9238,1.9882221
7352.5241,1.8901402
7354.1247,1.8678752
7355.7254,2.0312309
7357.3263,2.0351093
7358.9273,1.9500987
7360.5286,1.8964605
7362.13,1.8088353
7363.7316,1.708138
7365.3333,1.6492706
7366.9353,1.6426906
7368.5374,1.7302282
7370.1397,1.6818179
7371.7421,1.609878
7373.3448,1.537938
7374.9476,1.418939
7376.5505,1.3731425
7378.1537,1.2724439
7379.757,1.3625948
7381.3605,1.4527455
7382.9642,1.4487785
7384.5681,1.4421969
7386.1721,1.3571838
7387.7763,1.4081183
7389.3806,1.364935
7390.9852,1.269464
7392.5899,1.2210516
7394.1948,1.2118548
7395.7999,1.3229192
7397.4051,1.2797352
7399.0105,1.2470085
7400.6161,1.1672229
7402.2219,1.1266527
7403.8278,1.1226838
7405.434,1.2415905
7407.0402,1.3029807
7408.6467,1.3146976
7410.2533,1.2218392
7411.8602,1.1577388
7413.4671,1.1485402
7415.0743,1.1550277
7416.6816,1.132757
7418.2891,1.1967606
7419.8968,1.1326594
7421.5047,1.2463359
7423.1127,1.1796201
7424.7209,1.1704205
7426.3293,1.0827893
7427.9379,0.97162864
7429.5466,0.99641551
7431.1555,1.0107447
7432.7646,1.0224594
7434.3738,1.0289452
7435.9832,0.98575759
7437.5928,1.1046614
7439.2026,1.0614735
7440.8126,0.99998484
7442.4227,0.93326726
7444.033,0.96328157
7445.6434,1.0952565
7447.2541,1.1069699
7448.8649,1.1291406
7450.4759,1.0650367
7452.0871,1.0506058
7453.6984,1.0936911
7455.3099,1.0740312
7456.9216,1.1171162
7458.5335,1.0503972
7460.1455,1.0751812
7461.7577,1.0555207
7463.3701,1.0855333
7464.9827,1.11816
7466.5954,1.1141854
7468.2083,1.1023674
7469.8214,1.1140787
7471.4346,1.0473585
7473.0481,0.96756622
7474.6617,0.8511725
7476.2755,0.80013812
7477.8894,0.696816
7479.5035,0.77650028
7481.1178,0.8195831
7482.7323,0.90711022
7484.347,0.82208817
7485.9618,0.87039931
7487.5768,0.90563841
7489.192,0.91211918
7490.8073,0.99703119
7492.4228,0.99043978
7494.0385,1.1145672
7495.6544,0.94588397
7497.2704,0.80857316
7498.8867,0.70002038
7500.503,0.65159817
7502.1196,0.67114967
7503.7364,0.67240037
7505.3533,0.74946792
7506.9704,0.87359414
7508.5876,0.84085747
7510.2051,0.81596379
7511.8227,0.7230961
7513.4405,0.76356161
7515.0584,0.71775245
7516.6765,0.63011309
7518.2949,0.54770233
7519.9133,0.62999732
7521.532,0.82209607
7523.1508,0.84687442
7524.7698,0.73309053
7526.389,0.61407773
7528.0084,0.6440844
7529.6279,0.70546346
7531.2476,0.80605807
7532.8675,0.74456103
7534.4875,0.73273704
7536.1077,0.62418088
7537.7281,0.57575529
7539.3487,0.55608772
7540.9695,0.52073373
7542.5904,0.58734038
7544.2115,0.64087499
7545.8327,0.58983429
7547.4542,0.71134246
7549.0758,0.77010538
7550.6976,0.89161326
7552.3196,0.84318635
7553.9417,0.71371353
7555.564,0.73064581
7557.1865,0.66130342
7558.8092,0.66254912
7560.432,0.6611803
7562.055,0.63105316
7563.6782,0.66628535
7565.3016,0.62831478
7566.9251,0.60603034
7568.5488,0.69093529
7570.1727,0.7758401
7571.7967,0.96270554
7573.421,0.90643358
7575.0454,0.80048827
7576.6699,0.7337585
7578.2947,0.66964297
7579.9196,0.79899134
7581.5447,0.75840492
7583.17,0.81977913
7584.7955,0.73736236
7586.4211,0.6967755
7588.0469,0.73200548
7589.6729,0.73586277
7591.299,0.78677874
7592.9253,0.83508018
7594.5518,0.81017886
7596.1785,0.7722055
7597.8053,0.67671565
7599.4323,0.62828448
7601.0595,0.6373695
7602.6869,0.64122562
7604.3144,0.68952603
7605.9422,0.78227074
7607.57,0.73906759
7609.1981,0.82396887
7610.8263,0.85658242
7612.4548,0.94409779
7614.0833,0.9322666
7615.7121,0.828932
7617.341,0.94520509
7618.9701,0.93337346
7620.5994,1.0052018
7622.2289,0.88618035
7623.8585,0.97369469
7625.4883,1.0272219
7627.1183,1.1199647
7628.7484,1.168263
7630.3788,1.0936852
7632.0093,1.0008066
7633.6399,1.0517188
7635.2708,1.249036
7636.9018,1.3156342
7638.533,1.2279838
7640.1644,1.0775881
7641.7959,1.1755584
7643.4277,1.1715677
7645.0596,1.2120213
7646.6916,1.2655466
7648.3239,1.1177646
7649.9563,0.99089755
7651.5889,0.81174272
7653.2216,0.87049624
7654.8546,1.0259816
7656.4877,1.0507479
7658.121,0.99708272
7659.7544,0.90943043
7661.3881,0.79301982
7663.0219,0.86484435
7664.6559,0.71183214
7666.29,0.70522501
7667.9244,0.59404257
7669.5589,0.50638939
7671.1936,0.48670992
7672.8284,0.40167083
7674.4634,0.53101068
7676.0986,0.4198275
7677.734,0.39230431
7679.3696,0.26543457
7681.0053,0.26928363
7682.6412,0.4038515
7684.2773,0.51227543
7685.9135,0.63638549
7687.55,0.56441697
7689.1866,0.46369014
7690.8233,0.42570826
7692.4603,0.39556936
7694.0974,0.49614928
7695.7347,0.46339571
7697.3722,0.44371389
7699.0098,0.39265938
7700.6476,0.31023217
7702.2856,0.35329501
7703.9238,0.38590018
7705.5621,0.36621763
7707.2006,0.33869179
7708.8393,0.22750568
7710.4782,0.29671158
7712.1172,0.33715915
7713.7564,0.34884842
7715.3958,0.34746564
7717.0354,0.25457944
7718.6751,0.19045127
7720.315,0.11847981
7721.9551,0.22428599
7723.5953,0.35885018
7725.2358,0.38099593
7726.8764,0.31686703
7728.5172,0.33116935
7730.1581,0.41344537
7731.7992,0.43559054
7733.4405,0.31655908
7735.082,0.33086081
7736.7237,0.31378985
7738.3655,0.32024815
7740.0075,0.27180434
7741.6497,0.220746
7743.292,0.235047
7744.9345,0.17614524
7746.5772,0.28194921
7748.2201,0.32239355
7749.8631,0.25564821
7751.5063,0.13138638
7753.1497,0.14045774
7754.7933,0.17828712
7756.437,0.19258694
7758.081,0.070938898
7759.725,0.019878948
7761.3693,0.044635845
7763.0137,0.11122266
7764.6583,0.1438224
7766.3031,0.13720631
7767.9481,0.13581882
7769.5932,0.16318937
7771.2385,0.13827218
7772.884,0.027080333
7774.5297,-0.00045152744
7776.1755,-0.025369156
7777.8215,0.0046150296
7779.4677,0.011069656
7781.114,-0.00077651741
7782.7606,0.10240984
7784.4073,0.10886403
7786.0541,0.060416106
7787.7012,-0.032476407
7789.3484,-0.046937695
7790.9958,-0.0091115473
7792.6434,0.023485695
7794.2911,0.019481483
7795.939,0.05730719
7797.5871,0.057675083
7799.2354,0.073729014
7800.8838,0.037495125
7802.5325,0.08492113
7804.1813,0.046072387
7805.8302,0.062125368
7807.4794,0.02589053
7809.1287,-0.044331474
7810.7782,-0.080566787
7812.4278,-0.20046247
7814.0777,-0.17133878
7815.7277,-0.23110422
7817.3779,-0.15492218
7819.0282,-0.17285803
7820.6787,-0.11759149
7822.3295,-0.1381422
7823.9803,-0.16915065
7825.6314,-0.11911359
7827.2826,-0.12920749
7828.934,-0.088582667
7830.5856,-0.03593194
7832.2374,-0.052301059
7833.8893,-0.023180219
7835.5414,0.012214893
7837.1937,0.024080356
7838.8461,0.068886759
7840.4987,0.12153606
7842.1515,0.17575375
7843.8045,0.15938297
7845.4576,0.11791391
7847.111,0.11722893
7848.7645,0.082033911
7850.4181,0.056250416
7852.072,0.10889806
7853.726,0.1411533
7855.3802,0.18595733
7857.0345,0.25115328
7858.6891,0.26615291
7860.3438,0.26232877
7861.9987,0.31497499
7863.6537,0.28762097
7865.309,0.23987455
7866.9644,0.25957888
7868.62,0.19457708
7870.2757,0.17506525
7871.9317,0.18378847
7873.5878,0.14702126
7875.2441,0.13378322
7876.9005,0.2319175
7878.5571,0.19828683
7880.2139,0.094067685
7881.8709,0.1435738
7883.5281,0.097393396
7885.1854,-0.055453909
7886.8429,-0.0043798825
7888.5006,0.10630175
7890.1584,0.14482628
7891.8164,0.14413489
7893.4746,0.20932561
7895.133,0.19765335
7896.7916,0.21578478
7898.4503,0.16332773
7900.1092,0.12812535
7901.7682,0.16978547
7903.4275,0.18007281
7905.0869,0.11349717
7906.7465,0.098685993
7908.4063,0.15603144
7910.0662,0.17259234
7911.7263,0.16562359
7913.3866,0.19787029
7915.0471,0.23952851
7916.7077,0.23883356
7918.3685,0.26009915
7920.0295,0.2405802
7921.6906,0.24145316
7923.352,0.31762
7925.0135,0.35300229
7926.6752,0.36799219
7928.337,0.38925636
7929.999,0.4795399
7931.6613,0.45531339
7933.3236,0.47030234
7934.9862,0.47744791
7936.6489,0.47988737
7938.3118,0.45409129
7939.9749,0.45496164
7941.6381,0.45269449
7943.3016,0.41748594
7944.9652,0.48423793
7946.6289,0.45059752
7948.2929,0.42323139
7949.957,0.48998267
7951.6213,0.5332043
7953.2857,0.54191589
7954.9504,0.62121547
7956.6152,0.65659325
7958.2802,0.69040217
7959.9454,0.71166183
7961.6107,0.75174478
7963.2762,0.7526118
7964.9419,0.78641977
7966.6078,0.81552161
7968.2738,0.81638793
7969.94,0.85019518
7971.6064,0.85733553
7973.273,0.89584819
7974.9397,0.88887042
7976.6066,0.95718652
7978.2737,0.98158082
7979.9409,1.0530337
7981.6084,1.1276236
7983.276,1.1771152
7984.9437,1.3207243
7986.6117,1.4329605
7988.2798,1.5106867
7989.9481,1.6448833
7991.6166,1.802609
7993.2852,1.9242561
7994.9541,1.9643343
7996.6231,2.1863731
7998.2922,2.3189998
7999.9616,2.4014302
8001.6311,2.515233
8003.3008,2.7309963
8004.9707,2.851073
8006.6407,3.0025221
8008.3109,3.2151474
8009.9813,3.4277725
8011.6519,3.6215738
8013.3226,3.8232181
8014.9935,4.1189797
8016.6646,4.4649372
8018.3359,4.7967767
8020.0073,5.1003808
8021.6789,5.4432003
8023.3507,5.8566078
8025.0227,6.270015
8026.6948,6.7116574
8028.3671,7.3132994
8030.0396,7.9039609
8031.7122,8.4397201
8033.3851,9.0115576
8035.0581,9.6743752
8036.7312,10.382683
8038.4046,11.108245
8040.0781,11.894983
8041.7518,12.749173
8043.4257,13.608067
8045.0997,14.325786
8046.774,15.208209
8048.4484,16.004358
8050.1229,16.715801
8051.7977,17.455479
8053.4726,18.297118
8055.1477,18.766991
8056.823,19.318433
8058.4984,19.794581
8060.174,20.146807
8061.8498,20.208836
8063.5258,20.452826
8065.2019,20.522698
8066.8782,20.603551
8068.5547,20.613815
8070.2314,20.663294
8071.9082,20.606106
8073.5852,20.396762
8075.2624,20.083887
8076.9398,19.712973
8078.6173,19.324804
8080.295,18.889576
8081.9729,18.529642
8083.6509,18.014414
8085.3292,17.469381
8087.0076,16.961995
8088.6861,16.380884
8090.3649,15.813889
8092.0438,15.375523
8093.7229,14.868136
8095.4022,14.447023
8097.0816,14.223558
8098.7613,13.760092
8100.4411,13.18839
8102.121,12.826885
8103.8012,12.455967
8105.4815,11.849755
8107.162,11.458445
8108.8426,11.222428
8110.5235,10.831118
8112.2045,10.444512
8113.8857,10.288495
8115.5671,10.135615
8117.2486,9.927833
8118.9303,9.8188741
8120.6122,9.6471698
8122.2943,9.3907593
8123.9765,9.1719957
8125.6589,9.0442123
8127.3415,8.8207423
8129.0242,8.6223701
8130.7072,8.4067428
8132.3903,8.2836643
8134.0736,8.0774483
8135.757,7.8555458
8137.4406,7.7057998
8139.1245,7.6438968
8140.8084,7.4470916
8142.4926,7.2879333
8144.1769,7.1444609
8145.8614,6.9994197
8147.5461,6.7602606
8149.2309,6.5650229
8150.9159,6.5109613
8152.6011,6.3565074
8154.2865,6.2820533
8155.9721,6.2138734
8157.6578,6.1629481
8159.3437,6.0100619
8161.0297,5.9669793
8162.716,5.8533083
8164.4024,5.7255194
8166.089,5.5836126
8167.7758,5.4950389
8169.4627,5.4205826
8171.1498,5.321028
8172.8371,5.243434
8174.5245,5.2097613
8176.2122,5.1368727
8177.9,5.0890819
8179.588,5.0256045
8181.2761,5.0107544
8182.9645,4.970806
8184.653,4.9277201
8186.3417,4.9050262
8188.0305,4.9278222
8189.7195,4.9349317
8191.4087,4.9969429
8193.0981,5.0275813
8194.7877,5.1178273
8196.4774,5.1610143
8198.1673,5.1571422
8199.8574,5.1830738
8201.5476,5.1133188
8203.238,5.0623872
8204.9286,5.1102789
8206.6194,5.184837
8208.3103,5.2295909
8210.0015,5.3794426
8211.6928,5.4445882
8213.3842,5.4830669
8215.0759,5.5215454
8216.7677,5.5129648
8218.4597,5.5781095
8220.1518,5.6636461
8221.8442,5.7633
8223.5367,5.8566793
8225.2294,5.9751563
8226.9222,6.0544175
8228.6153,6.0662274
8230.3085,5.9917625
8232.0019,5.961219
8233.6954,5.9636164
8235.3891,5.8687587
8237.0831,5.7911557
8238.7771,5.8139445
8240.4714,5.7347724
8242.1658,5.6446196
8243.8604,5.5921137
8245.5552,5.583529
8247.2501,5.4165128
8248.9453,5.3608689
8250.6406,5.3099306
8252.336,5.2480117
8254.0317,5.1217788
8255.7275,5.0190751
8257.4235,4.8865672
8259.1197,4.7619023
8260.816,4.6309626
8262.5125,4.5517873
8264.2092,4.5008472
8265.9061,4.4106911
8267.6031,4.2907308
8269.3004,4.2915546
8270.9978,4.2421821
8272.6953,4.2414368
8274.3931,4.2453972
8276.091,4.1442592
8277.7891,3.9568466
8279.4873,3.7757082
8281.1857,3.6855499
8282.8844,3.5420581
8284.5831,3.4973896
8286.2821,3.4872307
8287.9812,3.4253068
8289.6805,3.3131865
8291.38,3.2779288
8293.0797,3.1830631
8294.7795,3.1525108
8296.4795,3.2176445
8298.1797,3.1651309
8299.88,3.0781073
8301.5806,3.0695149
8303.2813,3.0860202
8304.9821,3.0256626
8306.6832,2.99354
8308.3844,2.9708289
8310.0858,2.9010588
8311.7874,2.7936414
8313.4891,2.7191649
8315.191,2.6258647
8316.8931,2.6157014
8318.5954,2.605538
8320.2978,2.55459
8322.0004,2.5601123
8323.7032,2.6252422
8325.4062,2.6401759
8327.1093,2.6033445
8328.8126,2.5821993
8330.5161,2.5249753
8332.2198,2.4944178
8333.9236,2.4607228
8335.6276,2.4850667
8337.3318,2.4968615
8339.0362,2.5227736
8340.7407,2.4624109
8342.4454,2.4945971
8344.1503,2.446783
8345.8553,2.4130863
8347.5606,2.3997816
8349.266,2.4053001
8350.9715,2.3606223
8352.6773,2.3504541
8354.3832,2.3747955
8356.0893,2.3928621
8357.7956,2.4030853
8359.502,2.3787985
8361.2087,2.4345115
8362.9155,2.4415967
8364.6224,2.4471131
8366.3296,2.4589038
8368.0369,2.4612825
8369.7444,2.4699354
8371.4521,2.4848626
8373.1599,2.5013582
8374.8679,2.5711869
8376.5761,2.5814075
8378.2845,2.5633926
8379.993,2.5908677
8381.7017,2.5508915
8383.4106,2.5611112
8385.1197,2.6011345
8386.8289,2.6097851
8388.5383,2.5854943
8390.2479,2.6443404
8391.9576,2.6686766
8393.6676,2.7055615
8395.3777,2.7408775
8397.088,2.7683502
8398.7984,2.8099403
8400.509,2.8358438
8402.2198,2.9370413
8403.9308,3.0366699
8405.642,3.0892394
8407.3533,3.1339655
8409.0648,3.1818287
8410.7765,3.190476
8412.4883,3.279123
8414.2003,3.4399266
8415.9125,3.5175927
8417.6249,3.6815331
8419.3374,3.8674341
8421.0502,4.0031387
8422.7631,4.1137451
8424.4761,4.2808218
8426.1894,4.407114
8427.9028,4.5428177
8429.6164,4.5640113
8431.3301,4.6903028
8433.0441,4.8683587
8434.7582,5.0495517
8436.4725,5.1538816
8438.1869,5.3460545
8439.9016,5.4566585
8441.6164,5.5327524
8443.3314,5.5978657
8445.0465,5.721018
8446.7618,5.8206407
8448.4773,5.8904592
8450.193,5.9194931
8451.9089,5.846566
8453.6249,5.7406975
8455.3411,5.7399268
8457.0575,5.6591559
8458.774,5.6332867
8460.4908,5.696829
8462.2077,5.8042927
8463.9247,5.7643051
8465.642,5.7494153
8467.3594,5.6890351
8469.077,5.5078704
8470.7948,5.3125877
8472.5127,5.1549519
8474.2308,5.0381002
8475.9491,4.9275227
8477.6676,4.8514548
8479.3862,4.8240141
8481.105,4.818534
8482.824,4.7581517
8484.5432,4.6491416
8486.2625,4.5024843
8487.982,4.3354346
8489.7017,4.1574043
8491.4216,4.0374129
8493.1416,3.9252644
8494.8618,3.8068412
8496.5822,3.666457
8498.3028,3.4884254
8500.0235,3.3496094
8501.7444,3.2249107
8503.4655,3.1645255
8505.1867,3.0900224
8506.9082,3.0170877
8508.6298,2.9912117
8510.3515,2.9418059
8512.0735,2.8406352
8513.7956,2.7865231
8515.5179,2.8124108
8517.2404,2.7394747
8518.963,2.6947736
8520.6859,2.7175233
8522.4089,2.7151747
8524.132,2.6485122
8525.8554,2.5551828
8527.5789,2.4900884
8529.3026,2.4234251
8531.0264,2.3112714
8532.7505,2.2744116
8534.4747,2.286179
8536.1991,2.2916717
8537.9236,2.2846151
8539.6484,2.2963817
8541.3733,2.2799129
8543.0984,2.2446203
8544.8236,2.1952098
8546.5491,2.1724657
8548.2747,2.1716822
8550.0005,2.1379573
8551.7264,2.1167812
8553.4526,2.1175656
8555.1789,2.0807027
8556.9053,2.050114
8558.632,2.0524663
8560.3588,2.0234459
8562.0858,2.0101114
8563.813,2.0014826
8565.5403,2.0006968
8567.2679,2.010891
8568.9956,2.0587321
8570.7234,2.1081416
8572.4515,2.165394
8574.1797,2.1740186
8575.9081,2.2344078
8577.6367,2.2696987
8579.3654,2.2798913
8581.0943,2.275966
8582.8234,2.3285111
8584.5527,2.3198794
8586.2821,2.3222279
8588.0117,2.3183017
8589.7415,2.3975125
8591.4715,2.3826054
8593.2016,2.3676981
8594.9319,2.3574964
8596.6624,2.3347454
8598.3931,2.3276805
8600.1239,2.2861056
8601.8549,2.2759029
8603.5861,2.2766804
8605.3175,2.3213793
8607.049,2.281372
8608.7807,2.3182272
8610.5126,2.3331215
8612.2446,2.3323291
8613.9769,2.3127131
8615.7093,2.3244693
8617.4418,2.3597547
8619.1746,2.3338635
8620.9075,2.3283641
8622.6406,2.2852174
8624.3739,2.130698
8626.1073,2.0295116
8627.841,1.9596976
8629.5748,1.8851774
8631.3087,1.9110491
8633.0429,1.9573128
8634.7772,1.9282821
8636.5117,1.8851336
8638.2463,1.8561024
8639.9812,1.7549142
8641.7162,1.6694119
8643.4514,1.682733
8645.1867,1.7384068
8646.9223,1.7203548
8648.658,1.6787732
8650.3939,1.6669953
8652.1299,1.6599231
8653.8662,1.6387329
8655.6026,1.5814641
8657.3392,1.6183127
8659.0759,1.6018277
8660.8129,1.4771072
8662.55,1.4119942
8664.2872,1.431587
8666.0247,1.3837285
8667.7623,1.3484188
8669.5001,1.3193834
8671.2381,1.3264261
8672.9762,1.2926843
8674.7146,1.3075698
8676.4531,1.3240236
8678.1917,1.3483203
8679.9306,1.3130089
8681.6696,1.2698542
8683.4088,1.2659149
8685.1482,1.3027597
8686.8877,1.3019572
8688.6274,1.2603701
8690.3673,1.2627044
8692.1074,1.1913129
8693.8476,1.1230585
8695.588,1.0563724
8697.3286,1.0210587
8699.0694,0.95750942
8700.8103,0.95513638
8702.5514,0.92452781
8704.2927,0.95038959
8706.0342,0.96997663
8707.7758,0.99426931
8709.5176,0.96052253
8711.2596,0.92677552
8713.0018,0.87891063
8714.7441,0.83575138
8716.4866,0.80670953
8718.2293,0.70551059
8719.9721,0.7062722
8721.7152,0.69291592
8723.4584,0.67014764
8725.2017,0.70071245
8726.9453,0.78461037
8728.689,0.83870412
8730.4329,0.81907214
8732.177,0.83865561
8733.9212,0.81274865
8735.6656,0.77586106
8737.4102,0.74054186
8739.155,0.77267341
8740.8999,0.72637334
8742.6451,0.72713186
8744.3904,0.71220387
8746.1358,0.67531485
8747.8815,0.62587658
8749.6273,0.62506552
8751.3733,0.60699932
8753.1194,0.63599171
8754.8658,0.63674857
8756.6123,0.67985813
8758.359,0.69630079
8760.1058,0.70333144
8761.8529,0.70408735
8763.6001,0.71111753
8765.3474,0.71344159
8767.095,0.66243208
8768.8427,0.66475566
8770.5906,0.66394176
8772.3387,0.64744134
8774.087,0.63564656
8775.8354,0.64267508
8777.584,0.63558571
8779.3328,0.58457454
8781.0817,0.53356313
8782.8308,0.52490442
8784.5801,0.53506901
8786.3296,0.50288042
8788.0793,0.49108374
8789.8291,0.51850252
8791.5791,0.47376419
8793.3292,0.45726092
8795.0796,0.39840448
8796.8301,0.36464583
8798.5808,0.32931832
8800.3317,0.31908861
8802.0827,0.31983906
8803.8339,0.33156966
8805.5853,0.33545689
8807.3369,0.34404976
8809.0886,0.30244631
8810.8405,0.27966616
8812.5926,0.28355244
8814.3449,0.22469338
8816.0973,0.18465761
8817.8499,0.155602
8819.6027,0.11085988
8821.3556,0.078666533
8823.1088,0.040198444
8824.8621,0.026828157
8826.6155,0.030712534
8828.3692,0.014204517
8830.123,-0.041519424
8831.877,-0.029792622
8833.6312,-0.052575861
8835.3855,-0.054967181
8837.1401,-0.038535209
8838.8948,-0.0048485719
8840.6496,0.017857435
8842.4047,0.060955362
8844.1599,0.071111874
8845.9153,0.046758346
8847.6709,0.019267325
8849.4266,-0.0019494239
8851.1825,-0.071793861
8852.9386,-0.15261893
8854.6949,-0.13305207
8856.4513,-0.11975997
8858.2079,-0.05784065
8859.9647,-0.0021960784
8861.7217,0.054698165
8863.4788,0.050416136
8865.2361,0.058683324
8866.9936,0.066950709
8868.7513,0.083061429
8870.5091,0.06623117
8872.2671,0.039989344
8874.0253,0.049826147
8875.7837,0.020447461
8877.5422,0.027147404
8879.3009,0.052671074
8881.0598,0.10015573
8882.8188,0.095875869
8884.578,0.14649817
8886.3374,0.12653244
8888.097,0.14578258
8889.8568,0.11013097
8891.6167,0.11683249
8893.3768,0.11412245
8895.1371,0.10984397
8896.8975,0.16831079
8898.6581,0.25030722
8900.4189,0.28681366
8902.1799,0.30606538
8903.941,0.34727809
8905.7024,0.36653022
8907.4638,0.40617469
8909.2255,0.44895662
8910.9873,0.45879758
8912.7494,0.50471715
8914.5116,0.55377419
8916.2739,0.53694906
8918.0364,0.53737904
8919.7992,0.52682882
8921.562,0.52412194
8923.3251,0.57631721
8925.0883,0.589297
8926.8517,0.66659071
8928.6153,0.75643363
8930.3791,0.8086297
8932.143,0.74004165
8933.9071,0.74204203
8935.6714,0.76286614
8937.4358,0.80094534
8939.2005,0.78569141
8940.9653,0.75945729
8942.7302,0.7865567
8944.4954,0.79483278
8946.2607,0.73095219
8948.0262,0.69060121
8949.7919,0.74123082
8951.5577,0.72284102
8953.3238,0.63543181
8955.0899,0.60763064
8956.8563,0.67394731
8958.6229,0.64300928
8960.3896,0.63403223
8962.1565,0.61721224
8963.9235,0.63490226
8965.6908,0.58200423
8967.4582,0.54479268
8969.2258,0.54522839
8970.9935,0.53154664
8972.7615,0.47864941
8974.5296,0.48222296
8976.2979,0.47481631
8978.0663,0.44388046
8979.835,0.47255264
8981.6038,0.5514211
8983.3727,0.5126427
8985.1419,0.56955077
8986.9112,0.64685119
8988.6807,0.62219103
8990.4504,0.60223695
8992.2203,0.58542032
8993.9903,0.57330977
8995.7605,0.55178765
8997.5309,0.56948142
8999.3014,0.58090087
9001.0721,0.55781072
9002.843,0.58021096
9004.6141,0.54300356
9006.3853,0.56540419
9008.1568,0.58309914
9009.9284,0.68236292
9011.7001,0.74084258
9013.4721,0.78049891
9015.2442,0.80603779
9017.0165,0.81432196
9018.7889,0.82103771
9020.5616,0.77285169
9022.3344,0.76858744
9024.1074,0.79726456
9025.8805,0.85260854
9027.6539,0.90481547
9029.4274,0.92094416
9031.2011,0.97315149
9032.9749,0.95947666
9034.749,0.97090006
9036.5232,1.0811472
9038.2976,1.1898259
9040.0721,1.2781126
9041.8468,1.3695368
9043.6217,1.4233142
9045.3968,1.4080721
9047.1721,1.3787126
9048.9475,1.3901375
9050.7231,1.4266608
9052.4989,1.4663214
9054.2748,1.490296
9056.0509,1.534663
9057.8272,1.5774615
9059.6037,1.57477
9061.3804,1.6363925
9063.1572,1.6886034
9064.9342,1.7251282
9066.7113,1.7820453
9068.4887,1.947198
9070.2662,1.9821547
9072.0439,2.0390725
9073.8218,2.1367747
9075.5998,2.2109478
9077.378,2.260023
9079.1564,2.2683141
9080.935,2.4224877
9082.7137,2.5217596
9084.4926,2.6304434
9086.2717,2.6999118
9088.0509,2.8007529
9089.8304,2.8043393
9091.61,2.8518474
9093.3898,2.8664146
9095.1697,3.0001977
9096.9498,3.141824
9098.7302,3.2850193
9100.5106,3.4156657
9102.2913,3.5494495
9104.0721,3.5185277
9105.8531,3.5378021
9107.6343,3.615116
9109.4156,3.6641947
9111.1972,3.7493521
9112.9788,3.8454901
9114.7607,3.9541773
9116.5428,4.0016882
9118.325,4.1260621
9120.1074,4.204946
9121.8899,4.2634379
9123.6727,4.2936947
9125.4556,4.352187
9127.2387,4.4451893
9129.022,4.5397604
9130.8054,4.7582533
9132.589,4.9234131
9134.3728,5.0493573
9136.1568,5.153341
9137.9409,5.2871288
9139.7252,5.3597403
9141.5097,5.4982344
9143.2943,5.584964
9145.0792,5.717184
9146.8642,5.7803845
9148.6494,5.9706441
9150.4347,6.063649
9152.2202,6.2444972
9154.006,6.4347573
9155.7918,6.6563902
9157.5779,6.8466508
9159.3641,7.1263233
9161.1505,7.2930549
9162.9371,7.495865
9164.7238,7.7614205
9166.5108,7.9344272
9168.2979,8.1403752
9170.0851,8.4137744
9171.8726,8.5616836
9173.6602,8.7597891
9175.448,9.0096595
9177.2359,9.2156085
9179.0241,9.5235185
9180.8124,9.9051541
9182.6009,10.269535
9184.3896,10.571171
9186.1784,10.985749
9187.9674,11.378365
9189.7566,11.662747
9191.546,11.942423
9193.3355,12.261315
9195.1252,12.633541
9196.9151,12.941453
9198.7051,13.287012
9200.4954,13.737669
9202.2858,14.227543
9204.0764,14.634279
9205.8671,15.017486
9207.658,15.570105
9209.4492,15.968999
9211.2404,16.45103
9213.0319,16.875022
9214.8235,17.371172
9216.6153,17.864184
9218.4073,18.404255
9220.1994,18.807856
9221.9918,19.307143
9223.7842,19.793881
9225.5769,20.318267
9227.3698,20.811281
9229.1628,21.456451
9230.956,22.214563
9232.7493,22.903655
9234.5429,23.581767
9236.3366,24.346154
9238.1305,25.152894
9239.9246,25.82787
9241.7188,26.648728
9243.5132,27.441351
9245.3078,28.299856
9247.1026,29.238362
9248.8975,30.092162
9250.6926,31.0291
9252.4879,31.669567
9254.2833,32.277093
9256.079,32.905011
9257.8748,33.664695
9259.6708,34.375751
9261.4669,35.215435
9263.2632,36.06453
9265.0597,36.755195
9266.8564,37.412919
9268.6533,37.951427
9270.4503,38.599739
9272.2475,39.120993
9274.0449,39.555972
9275.8424,39.951736
9277.6401,40.520049
9279.438,40.956597
9281.2361,41.280205
9283.0344,41.519107
9284.8328,41.535263
9286.6314,41.419656
9288.4301,41.412284
9290.2291,41.538245
9292.0282,41.347344
9293.8275,41.244286
9295.6269,40.985935
9297.4266,40.641309
9299.2264,40.053546
9301.0264,39.691665
9302.8265,39.251354
9304.6269,38.74516
9306.4274,38.089946
9308.2281,37.442577
9310.0289,36.903442
9311.83,36.416073
9313.6312,36.025958
9315.4325,35.557413
9317.2341,35.182985
9319.0358,34.675224
9320.8377,34.049816
9322.6398,33.449507
9324.4421,33.017041
9326.2445,32.539084
9328.0471,32.084658
9329.8499,31.823173
9331.6528,31.555413
9333.4559,31.057066
9335.2592,30.670091
9337.0627,30.367822
9338.8663,29.91026
9340.6702,29.42603
9342.4742,29.10337
9344.2783,28.752475
9346.0827,28.42354
9347.8872,28.314214
9349.6919,28.160966
9351.4967,28.039091
9353.3018,27.989374
9355.107,27.779656
9356.9124,27.585625
9358.7179,27.465319
9360.5237,27.345014
9362.3296,27.121179
9364.1357,27.062051
9365.9419,26.998216
9367.7483,26.854382
9369.555,26.889372
9371.3617,26.921225
9373.1687,26.804058
9374.9758,26.628852
9376.7831,26.588549
9378.5906,26.532559
9380.3982,26.514217
9382.2061,26.572737
9384.0141,26.703415
9385.8222,26.774485
9387.6306,26.914575
9389.4391,27.027998
9391.2478,27.136716
9393.0567,27.273669
9394.8657,27.324348
9396.6749,27.273066
9398.4843,27.413157
9400.2939,27.678738
9402.1036,27.894123
9403.9136,28.220882
9405.7236,28.596268
9407.5339,29.042242
9409.3444,29.334491
9411.155,29.609485
9412.9658,29.950362
9414.7767,30.201827
9416.5878,30.337214
9418.3992,30.62319
9420.2106,31.045636
9422.0223,31.366122
9423.8341,31.689745
9425.6461,32.018074
9427.4583,32.246011
9429.2707,32.342184
9431.0832,32.444632
9432.8959,32.507863
9434.7088,32.54286
9436.5218,32.730014
9438.335,32.794815
9440.1484,32.931774
9441.962,33.040497
9443.7758,33.006475
9445.5897,32.941081
9447.4038,32.90706
9449.2181,32.736568
9451.0325,32.617841
9452.8471,32.484997
9454.6619,32.237643
9456.4769,31.869505
9458.292,31.597053
9460.1073,31.195974
9461.9228,30.729013
9463.7385,30.464406
9465.5543,30.212347
9467.3703,29.742249
9469.1865,29.383525
9471.0029,29.08127
9472.8194,28.582938
9474.6361,28.130096
9476.453,27.699215
9478.2701,27.260491
9480.0873,26.798238
9481.9047,26.287358
9483.7223,25.820399
9485.54,25.375402
9487.358,24.866091
9489.1761,24.465015
9490.9943,24.181587
9492.8128,23.661296
9494.6314,23.231985
9496.4502,22.824636
9498.2692,22.445522
9500.0883,21.978565
9501.9077,21.782981
9503.7272,21.541907
9505.5468,21.299265
9507.3667,21.020544
9509.1867,20.796725
9511.0069,20.587025
9512.8273,20.320853
9514.6478,20.198996
9516.4685,20.006551
9518.2894,19.635282
9520.1105,19.229504
9521.9317,18.947648
9523.7531,18.598341
9525.5747,18.305504
9527.3965,18.18208
9529.2184,18.072773
9531.0405,17.96033
9532.8628,17.90122
9534.6852,17.751129
9536.5079,17.51947
9538.3307,17.363106
9540.1537,17.211448
9541.9768,16.984495
9543.8001,16.85323
9545.6236,16.814513
9547.4473,16.655012
9549.2712,16.471982
9551.0952,16.274835
9552.9194,16.102786
9554.7438,15.891521
9556.5683,15.761826
9558.393,15.734091
9560.2179,15.574591
9562.043,15.484112
9563.8682,15.508142
9565.6937,15.358056
9567.5193,15.099733
9569.345,15.10651
9571.171,15.10858
9572.9971,14.91771
9574.8234,14.855467
9576.6498,14.848126
9578.4765,14.730982
9580.3033,14.566779
9582.1303,14.484145
9583.9574,14.388962
9585.7848,14.279661
9587.6123,14.212714
9589.44,14.104982
9591.2678,13.954898
9593.0958,13.853442
9594.924,13.76924
9596.7524,13.711706
9598.581,13.665152
9600.4097,13.624872
9602.2386,13.661456
9604.0677,13.62902
9605.8969,13.648349
9607.7264,13.554738
9609.556,13.489361
9611.3857,13.378495
9613.2157,13.294295
9615.0458,13.106567
9616.8761,13.041191
9618.7066,12.994639
9620.5372,12.877499
9622.368,12.865458
9624.199,12.842436
9626.0302,12.833532
9627.8615,12.793256
9629.693,12.741999
9631.5247,12.621723
9633.3566,12.550075
9635.1886,12.398427
9637.0208,12.26874
9638.8532,12.250426
9640.6858,12.161523
9642.5185,12.041248
9644.3514,12.019797
9646.1845,12.045405
9648.0178,12.088269
9649.8512,12.164073
9651.6848,12.161446
9653.5186,12.129016
9655.3525,12.008743
9657.1867,11.863371
9659.021,11.699177
9660.8554,11.638512
9662.6901,11.595102
9664.5249,11.559536
9666.3599,11.467499
9668.1951,11.460168
9670.0304,11.413622
9671.866,11.368644
9673.7017,11.325236
9675.5375,11.295945
9677.3736,11.280772
9679.2098,11.224815
9681.0462,11.153172
9682.8827,11.169372
9684.7195,11.180866
9686.5564,11.112361
9688.3935,11.015621
9690.2307,11.034959
9692.0682,10.986846
9693.9058,10.894812
9695.7436,10.889053
9697.5815,10.859765
9699.4197,10.821065
9701.258,10.725894
9703.0965,10.673077
9704.9351,10.639084
9706.774,10.67411
9708.613,10.611882
9710.4521,10.604555
9712.2915,10.556445
9714.131,10.52559
9715.9707,10.452382
9717.8106,10.376037
9719.6506,10.400084
9721.4909,10.427269
9723.3313,10.388571
9725.1718,10.451835
9727.0126,10.49
9728.8535,10.506206
9730.6946,10.458097
9732.5359,10.422538
9734.3773,10.399528
9736.2189,10.442401
9738.0607,10.381744
9739.9027,10.383833
9741.7448,10.429843
9743.5872,10.36605
9745.4296,10.278727
9747.2723,10.25415
9749.1151,10.180946
9750.9582,10.082643
9752.8013,10.012577
9754.6447,9.9221179
9756.4882,9.8395024
9758.3319,9.8306127
9760.1758,9.8154486
9762.0199,9.8442063
9763.8641,9.8211995
9765.7085,9.7338792
9767.5531,9.6355787
9769.3978,9.606298
9771.2428,9.5472135
9773.0879,9.4379332
9774.9331,9.4525746
9776.7786,9.4625104
9778.6242,9.3861719
9780.47,9.3239511
9782.316,9.2868287
9784.1621,9.2199025
9786.0085,9.1435647
9787.855,9.0829134
9789.7016,9.0128506
9791.5485,9.0259252
9793.3955,8.9480196
9795.2427,8.9281534
9797.09,8.8800521
9798.9376,8.8084216
9800.7853,8.7603207
9802.6332,8.7906514
9804.4813,8.8005901
9806.3295,8.7760192
9808.1779,8.7357623
9810.0265,8.7315839
9811.8752,8.6552489
9813.7242,8.5757769
9815.5733,8.5010109
9817.4226,8.5266373
9819.272,8.5004992
9821.1217,8.4492632
9822.9715,8.3948902
9824.8214,8.3467918
9826.6716,8.2767329
9828.5219,8.1862821
9830.3724,8.1930863
9832.2231,8.1763613
9834.0739,8.1015973
9835.925,8.0425198
9837.7762,8.0555993
9839.6275,8.0122085
9841.4791,7.9609747
9843.3308,7.9756234
9845.1827,7.9416449
9847.0348,7.9092352
9848.887,7.892512
9850.7394,7.8538283
9852.592,7.8292623
9854.4448,7.815677
9856.2977,7.7534643
9858.1508,7.7006637
9860.0041,7.7011966
9861.8576,7.7048669
9863.7112,7.6803022
9865.565,7.6949533
9867.419,7.6248987
9869.2732,7.5548443
9871.1275,7.5114568
9872.982,7.516697
9874.8367,7.4356628
9876.6916,7.4393347
9878.5466,7.5026147
9880.4018,7.4843262
9882.2572,7.4770183
9884.1127,7.4791224
9885.9685,7.4576973
9887.8244,7.4864684
9889.6804,7.5026907
9891.5367,7.4812662
9893.3931,7.4206262
9895.2497,7.3960648
9897.1065,7.35268
9898.9634,7.31557
9900.8205,7.258068
9902.6778,7.2695858
9904.5353,7.2952215
9906.393,7.2110534
9908.2508,7.1221797
9910.1088,7.0866395
9911.9669,7.0667857
9913.8253,6.9983047
9915.6838,6.9502161
9917.5425,6.9491865
9919.4013,6.9246276
9921.2604,6.8561474
9923.1196,6.81904
9924.979,6.7819327
9926.8385,6.7150217
9928.6983,6.6716404
9930.5582,6.6251219
9932.4182,6.5676233
9934.2785,6.5163994
9936.1389,6.5357639
9937.9995,6.498658
9939.8603,6.5117484
9941.7213,6.5060155
9943.5824,6.4312631
9945.4437,6.4553345
9947.3052,6.4590139
9949.1668,6.4517131
9951.0286,6.4302949
9952.8906,6.4794651
9954.7528,6.404714
9956.6152,6.3613356
9958.4777,6.3367809
9960.3404,6.2902656
9962.2032,6.2876721
9964.0663,6.250569
9965.9295,6.2542504
9967.7929,6.228128
9969.6565,6.184751
9971.5202,6.1649036
9973.3841,6.1685858
9975.2482,6.1346211
9977.1125,6.0928135
9978.9769,6.1388492
9980.8415,6.1111596
9982.7063,6.0724899
9984.5713,6.0934281
9986.4364,6.1018176
9988.3017,6.052168
9990.1672,6.0229108
9992.0328,5.9748303
9993.8987,5.9408676
9995.7647,5.9147482
9997.6308,5.8650996
9999.4972,5.8264316
10001.364,5.8191364
10003.23,5.7067433
10005.097,5.6696445
10006.964,5.657644
10008.832,5.6378005
10010.699,5.5881533
10012.567,5.6294867
10014.434,5.5767027
10016.302,5.5348992
10018.17,5.530743
10020.039,5.5548223
10021.907,5.476941
10023.776,5.461805
10025.644,5.4654927
10027.513,5.400161
10029.383,5.353653
10031.252,5.3636159
10033.121,5.3390691
10034.991,5.2941303
10036.861,5.282133
10038.731,5.2889593
10040.601,5.2644133
10042.471,5.2069263
10044.342,5.1698317
10046.213,5.1578353
10048.084,5.0736823
10049.955,5.0318824
10051.826,5.0449846
10053.697,5.0518125
10055.569,5.0335426
10057.441,5.0466455
10059.312,5.0189642
10061.185,5.0101067
10063.057,5.0059552
10064.929,4.9484706
10066.802,4.9051038
10068.675,4.8758549
10070.548,4.8042532
10072.421,4.778142
10074.294,4.7535995
10076.168,4.7572926
10078.041,4.7578486
10079.915,4.723895
10081.789,4.7009219
10083.663,4.6528511
10085.538,4.6047804
10087.412,4.5598472
10089.287,4.5635416
10091.162,4.5311578
10093.037,4.5395585
10094.912,4.5275673
10096.788,4.5155762
10098.663,4.480056
10100.539,4.4837516
10102.415,4.5094082
10104.291,4.4974179
10106.167,4.4995455
10108.044,4.5236341
10109.92,4.4943895
10111.797,4.4620079
10113.674,4.4233519
10115.551,4.3846962
10117.429,4.3711387
10119.306,4.3120912
10121.184,4.273436
10123.062,4.2363497
10124.94,4.2541655
10126.818,4.2013933
10128.696,4.2129351
10130.575,4.2385946
10132.453,4.228176
10134.332,4.1706987
10136.211,4.1712608
10138.091,4.1749603
10139.97,4.115915
10141.85,4.1353012
10143.729,4.1248838
10145.609,4.0501527
10147.489,3.9942455
10149.37,3.952456
10151.25,3.9185099
10153.131,3.8735836
10155.012,3.8678732
10156.893,3.8637316
10158.774,3.8407667
10160.655,3.7770176
10162.537,3.7666021
10164.418,3.7405005
10166.3,3.7175364
10168.182,3.7039842
10170.064,3.7390597
10171.947,3.7490373
10173.829,3.7182308
10175.712,3.7172285
10177.595,3.6832851
10179.478,3.6305185
10181.361,3.6044187
10183.245,3.5940053
10185.128,3.5412392
10187.012,3.5355322
10188.896,3.5235508
10190.78,3.455099
10192.664,3.4462553
10194.549,3.4452549
10196.434,3.4520979
10198.318,3.4040391
10200.203,3.4532353
10202.089,3.4616475
10203.974,3.3869226
10205.859,3.3702371
10207.745,3.3629636
10209.631,3.3447099
10211.517,3.3060642
10213.403,3.3050658
10215.29,3.2632833
10217.176,3.208952
10219.063,3.1828561
10220.95,3.1442114
10222.837,3.1385081
10224.724,3.1296677
10226.612,3.1286707
10228.499,3.1166935
10230.387,3.0623635
10232.275,3.0597984
10234.163,3.0227238
10236.051,3.0389826
10237.94,3.003477
10239.828,3.0307166
10241.717,3.0156035
10243.606,2.998922
10245.495,2.9461622
10247.385,2.9106576
10249.274,2.8829963
10251.164,2.8145508
10253.054,2.8213997
10254.944,2.8282488
10256.834,2.8272549
10258.725,2.8309671
10260.615,2.853503
10262.506,2.8085882
10264.397,2.7777912
10266.288,2.7595434
10268.179,2.7507076
10270.071,2.7528523
10271.962,2.739311
10273.854,2.7461621
10275.746,2.7263467
10277.638,2.7347667
10279.53,2.6961282
10281.423,2.7139604
10283.315,2.7239497
10285.208,2.713547
10287.101,2.6937328
10288.994,2.6692128
10290.888,2.6117519
10292.781,2.6154677
10294.675,2.6113405
10296.569,2.5523116
10298.463,2.5638711
10300.357,2.5958229
10302.252,2.5681671
10304.146,2.5577664
10306.041,2.5552091
10307.936,2.510299
10309.831,2.4638204
10311.726,2.4393029
10313.622,2.4038051
10315.517,2.404386
10317.413,2.4175161
10319.309,2.3726072
10321.205,2.346522
10323.101,2.3220056
10324.998,2.3225875
10326.895,2.3231696
10328.791,2.3127714
10330.688,2.3180598
10332.586,2.3139366
10334.483,2.2972645
10336.38,2.2617691
10338.278,2.2905877
10340.176,2.2550927
10342.074,2.2305783
10343.972,2.2280249
10345.871,2.2160599
10347.769,2.196252
10349.668,2.2015423
10351.567,2.1958524
10353.466,2.1729079
10355.365,2.1609439
10357.265,2.1583918
10359.164,2.1181929
10361.064,2.1140727
10362.964,2.1005409
10364.864,2.0775975
10366.765,2.0844582
10368.665,2.1164171
10370.566,2.1217096
10372.467,2.0752376
10374.368,2.0711187
10376.269,2.0403334
10378.17,1.9828816
10380.072,1.9520966
10381.974,1.941704
10383.875,1.9499111
10385.777,1.9262976
10387.68,1.9127683
10389.582,1.903721
10391.485,1.9092398
10393.387,1.9091565
10395.29,1.918037
10397.193,1.9123519
10399.097,1.9033056
10401,1.8920186
10402.904,1.8829727
10404.808,1.8772884
10406.712,1.8693633
10408.616,1.8379091
10410.52,1.8210208
10412.425,1.8063737
10414.329,1.7928472
10416.234,1.7849231
10418.139,1.761313
10420.044,1.7802801
10421.95,1.7656339
10423.855,1.7453857
10425.761,1.7531489
10427.667,1.7530692
10429.573,1.7608328
10431.479,1.749549
10433.386,1.7046519
10435.292,1.7236206
10437.199,1.7403486
10439.106,1.7167406
10441.013,1.7043373
10442.92,1.6975365
10444.828,1.6896154
10446.735,1.6917785
10448.643,1.6872192
10450.551,1.6367216
10452.459,1.6321627
10454.368,1.6096767
10456.276,1.5569389
10458.185,1.5546214
10460.094,1.544461
10462.003,1.5264577
10463.912,1.5443089
10465.821,1.4960538
10467.731,1.4993396
10469.641,1.5093482
10471.551,1.499189
10473.461,1.4957526
10475.371,1.4329327
10477.281,1.4126901
10479.192,1.4182179
10481.103,1.3990961
10483.014,1.3979016
10484.925,1.3574917
10486.836,1.3675021
10488.747,1.3663083
10490.659,1.356151
10492.571,1.3628007
10494.483,1.3403189
10496.395,1.3268009
10498.307,1.3300898
10500.22,1.2773565
10502.133,1.2470324
10504.045,1.2301538
10505.958,1.2054323
10507.872,1.2042404
10509.785,1.1873625
10511.699,1.1458348
10513.612,1.1524867
10515.526,1.1512956
10517.44,1.1030459
10519.355,1.1119392
10521.269,1.0771352
10523.184,1.0546564
10525.098,1.0478641
10527.013,1.0029767
10528.929,1.0085097
10530.844,1.0263678
10532.759,0.99604679
10534.675,0.99037587
10536.591,0.96117575
10538.507,0.94542119
10540.423,0.94087132
10542.339,0.93856254
10544.256,0.93401306
10546.172,0.92050019
10548.089,0.91595111
10550.006,0.90579998
10551.924,0.8990104
10553.841,0.88998011
10555.759,0.86750465
10557.676,0.84614983
10559.594,0.83039745
10561.512,0.82024751
10563.431,0.80897731
10565.349,0.81563449
10567.268,0.79876245
10569.186,0.7886133
10571.105,0.79751196
10573.024,0.79968814
10574.944,0.80858719
10576.863,0.81300466
10578.783,0.77932708
10580.703,0.79719032
10582.623,0.76127224
10584.543,0.75560646
10586.463,0.7387364
10588.384,0.70618026
10590.304,0.72740583
10592.225,0.72174084
10594.146,0.72055784
10596.068,0.76195207
10597.989,0.73724006
10599.911,0.7674302
10601.832,0.75392306
10603.754,0.74041612
10605.676,0.73699341
10607.599,0.72012552
10609.521,0.7189441
10611.444,0.69647436
10613.366,0.66840258
10615.289,0.67506489
10617.213,0.65035485
10619.136,0.67046294
10621.059,0.68720987
10622.983,0.66362087
10624.907,0.65795924
10626.831,0.63885243
10628.755,0.63767299
10630.679,0.64209598
10632.604,0.61178528
10634.529,0.58595657
10636.454,0.58477792
10638.379,0.60040618
10640.304,0.60819151
10642.229,0.60141121
10644.155,0.63160589
10646.081,0.65955988
10648.006,0.6651051
10649.933,0.63927797
10651.859,0.61569193
10653.785,0.59658789
10655.712,0.57860449
10657.639,0.56286218
10659.566,0.51350662
10661.493,0.49104202
10663.42,0.482023
10665.348,0.48420865
10667.275,0.4886354
10669.203,0.48073741
10671.131,0.43698529
10673.059,0.41788321
10674.988,0.41782896
10676.916,0.44578611
10678.845,0.40315522
10680.774,0.38629483
10682.703,0.37391644
10684.632,0.35929734
10686.562,0.41974847
10688.491,0.3872026
10690.421,0.34793424
10692.351,0.37589297
10694.281,0.38928607
10696.211,0.38699309
10698.142,0.38582076
10700.072,0.32862621
10702.003,0.27031142
10703.934,0.2859464
10705.865,0.25004096
10707.797,0.21077438
10709.728,0.21632592
10711.66,0.1994687
10713.592,0.19157526
10715.524,0.24530666
10717.456,0.21052286
10719.388,0.23848435
10721.321,0.22947125
10723.253,0.18796535
10725.186,0.18903668
10727.119,0.1643379
10729.053,0.13739842
10730.986,0.12166362
10732.92,0.055508845
10734.853,0.048738024
10736.787,0.052051434
10738.721,0.021751596
10740.656,0.037390331
10742.59,0.014934026
10744.525,-0.00079939263
10746.46,0.001394557
10748.395,-0.0076157776
10750.33,-0.022228156
10752.265,-0.050285714
10754.201,-0.044806725
10756.136,-0.041567735
10758.072,0.0042491823
10760.008,0.039982962
10761.944,0.021936126
10763.881,0.049828561
10765.817,0.077721893
10767.754,0.059677746
10769.691,0.036032255
10771.628,0.001183178
10773.565,-0.011256039
10775.503,0.0031963971
10777.44,-0.0047592341
10779.378,-0.022798002
10781.316,-0.018426911
10783.254,0.016197178
10785.192,0.035135889
10787.131,0.052955048
10789.069,0.04836614
10791.008,0.050500817
10792.947,0.072804459
10794.886,0.049170621
10796.826,0.064753366
10798.765,0.024314598
10800.705,-0.0015574469
10802.645,0.021871125
10804.585,0.0027235617
10806.525,0.029515271
10808.465,0.031658016
10810.406,0.013633591
10812.347,0.060596056
10814.288,0.036971182
10816.229,0.048081099
10818.17,0.04798743
10820.111,-0.0081277512
10822.053,0.017550681
10823.995,0.001773427
10825.937,-0.0050393452
10827.879,0.0015941573
10829.821,-0.034348475
10831.764,-0.019870042
10833.706,-0.018836091
10835.649,-0.017801244
10837.592,-0.0078019149
10839.535,-0.043740065
10841.479,-0.0090890827
10843.422,-0.02037558
10845.366,-0.026058939
10847.31,-0.0093324388
10849.254,-0.03070028
10851.198,-0.010629588
10853.142,0.0072010016
10855.087,-0.005219715
10857.032,0.009251119
10858.977,0.012518266
10860.922,0.029231585
10862.867,0.022416286
10864.812,0.022324471
10866.758,0.027835692
10868.704,0.01878188
10870.65,0.031017378
10872.596,-0.01164829
10874.542,-0.022940615
10876.489,-0.0028595965
10878.435,-0.00070495462
10880.382,-0.0041517592
10882.329,0.014811194
10884.276,0.016968219
10886.224,0.026969176
10888.171,0.0224051
10890.119,0.0032759929
10892.067,-0.022575009
10894.015,-0.017052668
10895.963,-0.032818048
10897.911,-0.058666667
10899.86,-0.037901521
10901.809,-0.041785582
10903.758,-0.03222361
10905.707,-0.027142776
10907.656,-0.038868011
10909.605,-0.034906316
10911.555,-0.0074145561
10913.505,0.01335517
10915.455,0.017318827
10917.405,0.031367172
10919.355,0.054379757
10921.306,0.059465825
10923.256,0.084720615
10925.207,0.075242166
10927.158,0.066884819
10929.109,0.08765978
10931.061,0.052412985
10933.012,0.037334912
10934.964,0.0065712195
10936.916,0.011662523
10938.868,-0.014618069
10940.82,-0.034175317
10942.773,-0.039166085
10944.725,-0.044156198
10946.678,-0.026736693
10948.631,-0.012677878
10950.584,-0.049038578
10952.537,-0.01929218
10954.491,-0.020917677
10956.444,-0.023662968
10958.398,0.020651219
10960.352,0.0022209629
10962.306,0.023007047
10964.26,0.0045780989
10966.215,0.0074383207
10968.17,0.0080583005
10970.124,-0.0081277881
10972.079,-0.011988292
10974.035,-0.031534417
10975.99,-0.048838991
10977.946,-0.019084086
10979.901,-0.019580629
10981.857,9.155038e-005
10983.813,-0.011608165
10985.769,-0.026668571
10987.726,-0.00027173957
10989.682,-0.010849044
10991.639,-0.0057394194
10993.596,-0.021917656
10995.553,-0.035854342
10997.511,-0.0056348319
10999.468,-0.0079077239
11001.426,-0.0090595723
11003.383,0.0032345528
11005.341,0.0032043434
11007.3,0.015499659
11009.258,0.023313778
11011.216,0.026646699
11013.175,0.028859768
11015.134,0.04451881
11017.093,0.043371724
11019.052,0.02653896
11021.011,0.04107934
11022.971,0.028729559
11024.931,0.024223511
11026.891,0.025320299
11028.851,0.0062496147
11030.811,0.010708938
11032.771,0.031975579
11034.732,0.036436093
11036.693,0.043138099
11038.654,0.026311289
11040.615,0.018448659
11042.576,0.017309314
11044.537,0.045302216
11046.499,0.022875547
11048.461,0.0038108165
11050.423,-0.019735111
11052.385,-0.0040647564
11054.347,0.034015157
11056.31,0.021675498
11058.273,0.019420467
11060.235,-0.0041224832
11062.198,-0.0063763228
11064.162,0.003695363
11066.125,-0.0052799749
11068.089,-0.0064115802
11070.052,0.0036618918
11072.016,0.013735959
11073.98,0.04958093
11075.945,0.047331258
11077.909,0.064129801
11079.874,0.07420625
11081.838,0.055151641
11083.803,0.054024799
11085.768,0.037212278
11087.734,0.027123041
11089.699,0.037202467
11091.665,0.031596213
11093.631,0.00022024732
11095.597,-0.0031439189
11097.563,0.0091787849
11099.529,0.0058158095
11101.496,0.021501048
11103.462,0.024861953
11105.429,0.021500764
11107.396,0.053994512
11109.363,0.056236754
11111.331,0.031588835
11113.298,0.02710958
11115.266,0.010305989
11117.234,-0.010978799
11119.202,-0.0087335793
11121.17,0.012559855
11123.139,-0.012084492
11125.107,0.0092101329
11127.076,0.0069759411
11129.045,0.00026055198
11131.014,0.036122789
11132.983,0.02380635
11134.953,0.018213195
11136.923,0.031668255
11138.892,-0.00081446569
11140.862,0.0059190956
11142.833,0.0003283224
11144.803,0.0070630745
11146.773,0.025002904
11148.744,-0.016440425
11150.715,0.016066421
11152.686,0.022803555
11154.657,0.037384421
11156.629,0.036279609
11158.6,0.009405083
11160.572,0.020626391
11162.544,0.0038370897
11164.516,-0.0095902715
11166.488,0.0016328226
11168.461,-0.028600071
11170.433,-0.0061713039
11172.406,-0.013994043
11174.379,-0.039743357
11176.352,-0.0005060815
11178.325,-0.007206586
11180.299,0.016345606
11182.272,0.021971222
11184.246,0.034320123
11186.22,0.055633204
11188.194,0.07806733
11190.169,0.057925019
11192.143,0.057951372
11194.118,0.034448908
11196.093,0.045680932
11198.068,0.053552208
11200.043,0.035653771
11202.019,0.0356831
11203.994,0.016665406
11205.97,0.043586682
11207.946,0.034654212
11209.922,0.025722338
11211.898,0.039200022
11213.875,0.034751131
11215.851,0.029182387
11217.828,0.068432166
11219.805,0.053901027
11221.782,0.084188411
11223.759,0.092067427
11225.737,0.064092696
11227.715,0.080936488
11229.692,0.055203845
11231.67,0.053001209
11233.649,0.068726339
11235.627,0.054199963
11237.605,0.062083147
11239.584,0.045317066
11241.563,0.049840095
11243.542,0.093579407
11245.521,0.07793556
11247.501,0.075737687
11249.48,0.056733686
11251.46,0.041091626
11253.44,0.03777509
11255.42,0.0075683944
11257.4,0.032264254
11259.381,0.01998592
11261.361,0.012189974
11263.342,0.033526275
11265.323,0.015647486
11267.304,0.094127836
11269.286,0.084093374
11271.267,0.066216371
11273.249,0.081953409
11275.231,0.040548185
11277.213,0.064129551
11279.195,0.061941204
11281.177,-0.010834783
11283.16,0.031795988
11285.142,-0.011847156
11287.125,-0.019635362
11289.108,-0.002773113
11291.092,-0.025125955
11293.075,-0.0060216187
11295.059,0.0041197274
11297.042,-0.015990432
11299.026,0.007597483
11301.01,0.017740615
11302.995,0.02340255
11304.979,0.015619702
11306.964,0.012319243
11308.949,0.014621619
11310.934,-0.011086614
11312.919,-0.032312458
11314.904,-0.018803813
11316.89,-0.025462641
11318.875,-0.0074710128
11320.861,-0.027574028
11322.847,-0.020785691
11324.833,0.012893998
11326.82,0.029767559
11328.806,0.024232753
11330.793,0.034384816
11332.78,0.0030808914
11334.767,0.0031501116
11336.754,0.0088221681
11338.742,-0.015757281
11340.729,-0.0056022409
11342.717,-0.028225067
11344.705,-0.008270291
11346.693,-0.0028807714
11348.681,-0.0064542669
11350.67,-0.010027192
11352.658,0.0054480723
11354.647,-0.00036460847
11356.636,0.020714037
11358.625,-0.0097473625
11360.615,0.0023688388
11362.604,0.015606059
11364.594,-0.013733182
11366.584,-0.024024233
11368.574,-0.029832921
11370.564,-0.022195661
11372.554,-0.02688276
11374.545,-0.018123911
11376.535,-0.0015213539
11378.526,0.0072386361
11380.517,0.030565023
11382.509,0.027001224
11384.5,0.015594858
11386.492,0.038922956
11388.483,0.042083557
11390.475,0.013872179
11392.468,0.049526918
11394.46,0.038123404
11396.452,0.024479564
11398.445,0.033245257
11400.438,0.025204799
11402.431,0.026128496
11404.424,0.047220831
11406.417,0.017893568
11408.411,0.01657808
11410.404,0.04775616
11412.398,0.036357779
11414.392,0.021598624
11416.387,0.01244228
11418.381,-0.0067975268
11420.375,-0.004748248
11422.37,-0.012782432
11424.365,-0.034261425
11426.36,-0.0064401267
11428.355,-0.018954393
11430.351,-0.024745399
11432.346,-0.0058859756
11434.342,-0.029603012
11436.338,-0.017465137
11438.334,-0.013169828
11440.331,-0.045848739
11442.327,-0.0238975
11444.324,-0.041161595
11446.321,-0.028173239
11448.318,-0.017425428
11450.315,0.0045272161
11452.312,0.0018303512
11454.31,-0.00086616251
11456.307,0.011003501
11458.305,0.0094281378
11460.303,0.030262089
11462.301,0.053337288
11464.3,0.01366774
11466.298,0.042345881
11468.297,0.050856307
11470.296,0.04928305
11472.295,0.072360004
11474.294,0.037174004
11476.294,0.044565386
11478.293,0.077727427
11480.293,0.048144722
11482.293,0.073464328
11484.293,0.081977562
11486.293,0.080407114
11488.294,0.097884636
11490.295,0.091833097
11492.295,0.092504599
11494.296,0.12903079
11496.298,0.12298031
11498.299,0.12365286
11500.3,0.15345742
11502.302,0.17541919
11504.304,0.18393594
11506.306,0.17676676
11508.308,0.15055032
11510.311,0.16915215
11512.313,0.15414089
11514.316,0.16714118
11516.319,0.15885331
11518.322,0.16849296
11520.325,0.20390327
11522.329,0.20682093
11524.332,0.22542522
11526.336,0.26419793
11528.34,0.25703262
11530.344,0.29132423
11532.349,0.2953641
11534.353,0.30052477
11536.358,0.31913117
11538.363,0.27163147
11540.368,0.29023857
11542.373,0.25170316
11544.378,0.26807007
11546.384,0.28667822
11548.389,0.2537461
11550.395,0.3082093
11552.401,0.34474568
11554.407,0.34318717
11556.414,0.37524245
11558.42,0.33110761
11560.427,0.32058657
11562.434,0.31230677
11564.441,0.28722061
11566.448,0.25653255
11568.456,0.20231543
11570.464,0.21196421
11572.471,0.19360214
11574.479,0.20437207
11576.487,0.22522638
11578.496,0.20686536
11580.504,0.23892486
11582.513,0.2474553
11584.522,0.22685443
11586.531,0.22306064
11588.54,0.18005152
11590.549,0.15496992
11592.559,0.11756373
11594.569,0.091362385
11596.578,0.10549752
11598.588,0.090501357
11600.599,0.085589576
11602.609,0.079557699
11604.62,0.10377827
11606.63,0.13584234
11608.641,0.11412524
11610.652,0.10249252
11612.664,0.11214868
11614.675,0.12292563
11616.687,0.10233038
11618.699,0.091819521
11620.711,0.054418254
11622.723,0.060714818
11624.735,0.059168595
11626.748,0.046418242
11628.76,0.061679444
11630.773,0.057893378
11632.786,0.055228112
11634.799,0.068249471
11636.813,0.061103114
11638.826,0.077486519
11640.84,0.064738624
11642.854,0.027341219
11644.868,0.066134642
11646.882,0.047785559
11648.897,0.063050272
11650.911,0.08167668
11652.926,0.054365065
11654.941,0.067389935
11656.956,0.074812915
11658.971,0.057586387
11660.987,0.047082898
11663.002,0.028736624
11665.018,-0.00193423
11667.034,-0.0034730797
11669.05,-0.019577405
11671.067,-0.025597345
11673.083,-0.01593066
11675.1,0.00045906594
11677.117,0.019090039
11679.134,0.019794192
11681.151,0.020498696
11683.168,0.042492067
11685.186,0.037595033
11687.203,0.045023279
11689.221,0.039006499
11691.239,0.019544691
11693.258,0.04041937
11695.276,0.035524091
11697.295,-0.0029842827
11699.313,0.02349369
11701.332,0.0029131893
11703.352,0.0013806593
11705.371,0.026739237
11707.39,0.010641582
11709.41,0.025916828
11711.43,0.037831081
11713.45,0.018373135
11715.47,0.034769883
11717.49,0.0052286058
11719.511,-0.023191872
11721.531,-0.015757657
11723.552,-0.031852502
11725.573,-0.0064904138
11727.595,0.0099084402
11729.616,-0.012908041
11731.637,0.01917779
11733.659,0.013168733
11735.681,0.0037986833
11737.703,0.0078743627
11739.725,0.00074591145
11741.748,0.00034050034
11743.77,-0.011269041
11745.793,-0.012794199
11747.816,-0.004234971
11749.839,-0.0057594259
11751.863,0.009523193
11753.886,0.0035176475
11755.91,-0.010330684
11757.934,0.031843744
11759.958,0.030321045
11761.982,-0.0014534043
11764.006,0.051926559
11766.031,0.011189227
11768.055,0.016390621
11770.08,0.019351469
11772.105,-0.0068189834
11774.13,-0.022905052
11776.156,0.014790744
11778.181,-0.0068968628
11780.207,-0.0084160513
11782.233,0.024799005
11784.259,0.0042328994
11786.285,0.027364624
11788.312,0.034810425
11790.338,0.029931648
11792.365,0.010487395
11794.392,0.023387313
11796.419,-0.0096508055
11798.446,-0.0034728997
11800.474,-0.021944516
11802.502,-0.019127278
11804.529,-0.027514184
11806.557,-0.013491787
11808.586,-0.018516672
11810.614,-0.014577633
11812.642,0.0072889152
11814.671,-0.030227952
11816.7,-0.020685657
11818.729,0.0067841469
11820.758,0.0051226364
11822.788,0.00010011971
11824.817,-0.0049220588
11826.847,-0.031232414
11828.877,0.0085640109
11830.907,0.02034957
11832.937,-0.011562012
11834.968,-0.026666532
11836.998,0.0019267642
11839.029,0.018195469
11841.06,0.0064533077
11843.091,0.0059159664
11845.123,-0.016473733
11847.154,-0.0052496981
11849.186,-0.0052298546
11851.218,-0.022016444
11853.25,-0.030959606
11855.282,-0.015252618
11857.314,-0.014111167
11859.347,-0.0028853923
11861.379,0.011702017
11863.412,0.0094829933
11865.445,0.020709638
11867.478,0.027454779
11869.512,0.029718418
11871.545,0.045427725
11873.579,0.020801187
11875.613,0.023065696
11877.647,0.053341699
11879.681,0.032077375
11881.716,0.034342753
11883.75,0.059017385
11885.785,0.025429001
11887.82,0.075874521
11889.855,0.055732095
11891.891,0.046794441
11893.926,0.061386488
11895.962,0.049088069
11897.998,0.034549044
11900.034,0.041298824
11902.07,0.031242171
11904.106,0.014463119
11906.143,-0.010158781
11908.18,-0.0067691857
11910.216,-0.0067406454
11912.253,-0.011193608
11914.291,0.0022808903
11916.328,-0.0021714924
11918.366,-0.0043826889
11920.403,0.02701985
11922.441,0.034893267
11924.479,0.022598906
11926.518,0.036075144
11928.556,0.024901812
11930.595,0.01933101
11932.634,0.028326325
11934.673,0.036201481
11936.712,0.0059816889
11938.751,0.030664148
11940.791,-0.0017959608
11942.83,-0.023051298
11944.87,-0.0062111064
11946.91,-0.0095386926
11948.95,-0.0095046443
11950.991,0.014059106
11953.031,-0.0038334372
11955.072,0.0018037217
11957.113,0.0029593777
11959.154,0.00635622
11961.195,-0.0070533705
11963.236,-0.02718536
11965.278,-0.0047400291
11967.32,-0.033835024
11969.362,0.017742539
11971.404,0.023382017
11973.446,0.0032514768
11975.489,0.052589014
11977.531,0.030218157
11979.574,0.010088486
11981.617,0.045981515
11983.66,-0.0032792288
11985.704,0.0079645193
11987.747,-0.00095950985
11989.791,-0.0076423528
11991.835,-0.0087226649
11993.879,-0.00083910169
11995.923,0.012646992
11997.967,0.020531135
12000.012,0.044101843
12002.056,0.04302298
12004.101,0.016174099
12006.146,0.031902539
12008.192,0.029704098
12010.237,-0.0016257062
12012.283,0.011862707
12014.328,-0.017225621
12016.374,-0.01494111
12018.42,0.004150414
12020.467,-0.005889425
12022.513,-0.01256763
12024.56,-0.019245544
12026.607,-0.028164066
12028.654,-0.0090710924
12030.701,-0.026952619
12032.748,-0.040352063
12034.796,-0.030221806
12036.843,-0.036897981
12038.891,-0.026767144
12040.939,-0.018876913
12042.987,-0.010986393
12045.036,0.004747555
12047.084,0.031686275
12049.133,0.033247202
12051.182,0.041531047
12053.231,0.03188795
12055.28,0.0099201498
12057.33,-0.0042042849
12059.379,-0.010485354
12061.429,-0.042536504
12063.479,-0.023046809
12065.529,-0.021484057
12067.579,0.030499091
12069.63,0.048869021
12071.681,0.07284142
12073.731,0.077766429
12075.782,0.095016595
12077.834,0.095460266
12079.885,0.1037473
12081.936,0.06721664
12083.988,0.067660996
12086.04,0.051298857
12088.092,0.051743668
12090.144,0.039863777
12092.197,0.0055751511
12094.249,0.025068265
12096.302,0.034477574
12098.355,0.043887111
12100.408,0.036490153
12102.461,0.047020594
12104.515,0.037383195
12106.568,0.047914092
12108.622,0.022590875
12110.676,-0.0060934585
12112.73,-0.0056459114
12114.784,0.00040410463
12116.839,-0.0069910296
12118.893,0.020347958
12120.948,0.010712383
12123.003,0.030208689
12125.058,0.029537156
12127.114,0.032227195
12129.169,0.031556118
12131.225,0.014078546
12133.281,0.025732855
12135.337,0.021701117
12137.393,-0.008100701
12139.45,0.01699967
12141.506,0.011848168
12143.563,0.0022151009
12145.62,0.020593466
12147.677,-0.00024362618
12149.734,0.015894299
12151.792,0.02755066
12153.849,0.033605007
12155.907,0.013889275
12157.965,0.035630353
12160.023,0.040564936
12162.081,0.044379299
12164.14,0.047073442
12166.199,0.055370054
12168.257,0.023330759
12170.316,0.02938693
12172.376,0.030961537
12174.435,0.010127408
12176.494,0.032990986
12178.554,0.015518658
12180.614,-0.00979658
12182.674,0.03883799
12184.734,0.025848138
12186.795,0.017340307
12188.855,0.03572346
12190.916,0.0081684661
12192.977,0.020949834
12195.038,0.022526949
12197.099,-0.0027864652
12199.161,0.009995587
12201.222,0.018296074
12203.284,0.019874101
12205.346,0.023693251
12207.408,0.016308148
12209.471,0.020127755
12211.533,0.021706693
12213.596,0.019924515
12215.659,0.0035767381
12217.722,-0.017252603
12219.785,-0.024636339
12221.848,-0.015213123
12223.912,-0.01811461
12225.975,0.011477129
12228.039,0.0052147536
12230.103,0.015759329
12232.168,0.029665477
12234.232,0.016681097
12236.297,0.036189942
12238.361,0.025446914
12240.426,-0.014427539
12242.491,0.0095637824
12244.557,0.003303231
12246.622,-0.0040775406
12248.688,0.018794017
12250.753,-0.0053930216
12252.819,0.0029131653
12254.886,0.027870591
12256.952,0.0024080625
12259.018,-0.012970217
12261.085,0.0019038192
12263.152,-0.022437616
12265.219,-0.018767632
12267.286,-0.0050133994
12269.353,-0.038317776
12271.421,-0.024563113
12273.489,-0.025374063
12275.557,-0.031787038
12277.625,-0.0045863529
12279.693,-0.014360243
12281.761,-0.0073271956
12283.83,0.014271893
12285.899,0.007859992
12287.968,0.030579958
12290.037,0.0040004199
12292.106,0.0065527489
12294.175,0.039357394
12296.245,0.032946567
12298.315,0.04782447
12300.385,0.03133004
12302.455,0.0081131347
12304.525,0.038677957
12306.596,0.018822827
12308.667,0.006811048
12310.737,-0.0040800676
12312.808,-0.012730072
12314.88,0.02679941
12316.951,0.023752077
12319.023,0.0061391314
12321.094,0.014296709
12323.166,-0.0066771509
12325.238,-0.0074827288
12327.31,-0.035178848
12329.383,-0.069597442
12331.455,-0.044632067
12333.528,-0.021907374
12335.601,-0.01486874
12337.674,-0.0044685475
12339.748,-0.0097544142
12341.821,0.0040075529
12343.895,0.012167494
12345.968,0.001280031
12348.042,0.0015972646
12350.117,-0.00032618338
12352.191,0.0044732726
12354.265,0.0081524953
12356.34,0.012952381
12358.415,0.016054188
12360.49,0.015794817
12362.565,0.023378749
12364.641,-0.00040970097
12366.716,0.0026927714
12368.792,-0.0020477271
12370.868,-0.0056676111
12372.944,-0.0070464324
12375.02,-0.0073046392
12377.097,-0.022128506
12379.173,-0.0044592092
12381.25,-0.0024760206
12383.327,0.00062778251
12385.404,0.022779371
12387.481,0.01804037
12389.559,-0.0046256364
12391.636,-0.0048825125
12393.714,-0.0185846
12395.792,-0.018841144
12397.87,-4.9901789e-005
12399.949,-0.012631042
12402.027,0.016244566
12404.106,0.035036307
12406.185,0.024696562
12408.264,0.032284153
12410.343,0.04099236
12412.422,0.040737147
12414.502,0.031518515
12416.582,0.040227221
12418.662,0.010840855
12420.742,0.029633926
12422.822,0.015934167
12424.902,0.0078368152
12426.983,0.0031009742
12429.064,0.0017266441
12431.145,-0.022056483
12433.226,-0.0055033099
12435.307,-0.011358934
12437.389,0.002953676
12439.47,0.0015801775
12441.552,-0.014358981
12443.634,-0.0022867685
12445.716,-0.017105146
12447.799,-0.0083939456
12449.881,-0.016489301
12451.964,-0.022343595
12454.047,-0.025956825
12456.13,-0.019485855
12458.213,-0.03094189
12460.296,-0.024470588
12462.38,-0.012851023
12464.464,-0.0034722257
12466.548,0.015990734
12468.632,0.011924409
12470.716,0.025785385
12472.8,0.02620111
12474.885,0.034460101
12476.97,0.040478324
12479.055,0.022967263
12481.14,0.017781261
12483.225,0.0058726986
12485.311,-0.031806044
12487.396,-0.0044986636
12489.482,-0.029852219
12491.568,-0.030555787
12493.654,-0.011091159
12495.741,-0.036444329
12497.827,-0.0035340665
12499.914,0.015930947
12502.001,0.0096257802
12504.088,0.030211498
12506.175,0.0026180732
12508.262,0.015360911
12510.35,0.012417602
12512.438,0.008353974
12514.526,0.033422127
12516.614,0.011431584
12518.702,0.029777305
12520.79,0.021232397
12522.879,0.0070853772
12524.968,0.039997309
12527.057,0.022489201
12529.146,0.015065255
12531.235,0.015484575
12533.325,-0.0031435959
12535.414,0.018564496
12537.504,0.016743305
12539.594,0.0081995524
12541.684,0.015342203
12543.775,0.0112805
12545.865,0.0094598224
12547.956,0.019964203
12550.047,0.017023333
12552.138,0.024166626
12554.229,0.030189599
12556.321,0.018285529
12558.412,0.039995033
12560.504,0.033693461
12562.596,0.03187381
12564.688,0.050222354
12566.78,0.045041616
12568.873,0.046583694
12570.965,0.031319179
12573.058,0.042945548
12575.151,0.05793339
12577.244,0.071800912
12579.338,0.068861839
12581.431,0.073766033
12583.525,0.078670355
12585.619,0.08021346
12587.713,0.044781904
12589.807,0.038482129
12591.901,0.033302931
12593.996,0.020280724
12596.09,0.0094995414
12598.185,0.02785014
12600.28,0.017069214
12602.376,0.02869738
12604.471,0.039205227
12606.567,-0.0018274146
12608.662,0.0322101
12610.758,0.013586679
12612.854,0.010649661
12614.951,0.05141025
12617.047,0.018221388
12619.144,0.015284755
12621.241,0.045961695
12623.338,0.01165277
12625.435,0.036727726
12627.532,-0.00094228701
12629.63,0.027494271
12631.727,0.023811442
12633.825,0.039300856
12635.923,0.04781872
12638.021,0.030192921
12640.12,0.031739365
12642.218,0.037643235
12644.317,0.049647451
12646.416,0.035508005
12648.515,0.028340365
12650.614,0.0046151191
12652.714,0.018362768
12654.813,0.003352376
12656.913,-0.0038147506
12659.013,0.012547663
12661.113,0.0018949541
12663.213,0.0025713498
12665.314,-0.0045952633
12667.414,-0.019604885
12669.515,0.0063442266
12671.616,-0.020717319
12673.717,-0.020763545
12675.819,0.0001053294
12677.92,-0.019984333
12680.022,-0.020030354
12682.124,-0.03924842
12684.226,-0.015764893
12686.328,-0.004481733
12688.43,-0.028928352
12690.533,-0.0071875388
12692.636,-0.0072331495
12694.738,-0.0072786918
12696.842,-0.0038383269
12698.945,0.0013450258
12701.048,-0.0004432307
12703.152,-0.016174774
12705.256,-0.0014051593
12707.36,0.003778467
12709.464,0.00024756484
12711.568,0.0036884086
12713.672,0.0053864014
12715.777,0.01579906
12717.882,0.017497189
12719.987,0.033138742
12722.092,0.015664895
12724.197,0.011263012
12726.303,0.012961416
12728.409,0.013788428
12730.514,0.014615508
12732.62,0.017185576
12734.727,0.016269874
12736.833,-0.0020749534
12738.94,0.017053054
12741.046,0.024852154
12743.153,0.022193806
12745.26,0.035221801
12747.368,0.03256359
12749.475,0.039491504
12751.583,0.014175478
12753.69,0.01674623
12755.798,0.018445591
12757.906,-0.00599877
12760.015,0.016615761
12762.123,0.0017575926
12764.232,0.0069430661
12766.341,-0.0026862068
12768.45,-0.01754417
12770.559,0.0076850822
12772.668,-0.008915663
12774.778,0.00062745098
12776.887,-0.012633854
12778.997,-0.022409264
12781.107,-0.010398125
12783.218,-0.017559044
12785.328,-0.014262389
12787.439,-0.0083512993
12789.549,-0.0015686935
12791.66,-0.0061150074
12793.771,-0.0080468859
12795.883,0.013550704
12797.994,-0.0049387964
12800.106,-0.0059990463
12802.217,-0.011416538
12804.329,-0.0046335383
12806.441,0.0073782762
12808.554,-0.0023963454
12810.666,0.022687477
12812.779,0.029470702
12814.892,0.017081871
12817.005,0.031708346
12819.118,0.021934006
12821.231,0.036560594
12823.345,0.038115342
12825.458,0.03269847
12827.572,0.03686771
12829.686,0.028836571
12831.801,0.031263005
12833.915,0.045018471
12836.03,0.021301226
12838.144,0.039414103
12840.259,0.033997625
12842.374,0.023352445
12844.49,0.025779216
12846.605,0.012519769
12848.721,0.021046871
12850.836,0.017373594
12852.952,0.0067286953
12855.069,0.056214572
12857.185,0.031626431
12859.301,0.046254032
12861.418,0.055652932
12863.535,0.047622694
12865.652,0.070093601
12867.769,0.059449097
12869.886,0.076691359
12872.004,0.073018645
12874.122,0.064117229
12876.24,0.094431555
12878.358,0.082915872
12880.476,0.08882944
12882.594,0.089514306
12884.713,0.079741712
12886.832,0.061254577
12888.951,0.050610635
12891.07,0.063496162
12893.189,0.043266277
12895.308,0.043080021
12897.428,0.028079006
12899.548,0.046193516
12901.668,0.056464946
12903.788,0.058021834
12905.908,0.083979651
12908.029,0.086408112
12910.149,0.090579548
12912.27,0.10346564
12914.391,0.091950913
12916.512,0.10396566
12918.634,0.088965204
12920.755,0.082679406
12922.877,0.084236801
12924.999,0.070979438
12927.121,0.064693809
12929.243,0.062765535
12931.366,0.074780672
12933.488,0.092896083
12935.611,0.071795864
12937.734,0.092525767
12939.857,0.093212153
12941.98,0.090412757
12944.104,0.10068531
12946.227,0.093528731
12948.351,0.1081587
12950.475,0.081830115
12952.599,0.057244508
12954.724,0.073617563
12956.848,0.04380331
12958.973,0.055819179
12961.098,0.042562773
12963.223,0.057193134
12965.348,0.059623116
12967.473,0.060310234
12969.599,0.060997409
12971.724,0.053841502
12973.85,0.066729225
12975.976,0.047372996
12978.103,0.033245581
12980.229,0.039161795
12982.356,0.018062815
12984.482,0.025722062
12986.609,-0.0040914023
12988.737,0.0087967149
12990.864,0.027785106
12992.991,0.012786626
12995.119,0.046589945
12997.247,0.028105738
12999.375,0.043608516
13001.503,0.032967559
13003.631,0.028426877
13005.76,0.057873179
13007.888,0.031546116
13010.017,0.03484874
13012.146,0.026822444
13014.275,0.028382261
13016.405,0.033427973
13018.534,0.035859362
13020.664,0.040905187
13022.794,0.020678737
13024.924,0.017881537
13027.054,0.02379899
13029.185,0.010544386
13031.315,0.013847573
13033.446,-0.017707571
13035.577,0.0030249219
13037.708,-0.0076150774
13039.839,0.01050315
13041.971,0.03733603
13044.103,0.022338901
13046.234,0.055272111
13048.366,0.049861152
13050.499,0.06797966
13052.631,0.086969685
13054.763,0.070229918
13056.896,0.069176482
13059.029,0.04633661
13061.162,0.033954311
13063.295,0.030286665
13065.429,-0.010853692
13067.562,-0.0014493295
13069.696,0.0027263306
13071.83,-0.0096556871
13073.964,0.0067205215
13076.098,0.0074105118
13078.233,0.0081005585
13080.367,0.010533581
13082.502,0.0068664417
13084.637,0.019757093
13086.772,0.0073754695
13088.907,-0.016335074
13091.043,-0.01477323
13093.178,-0.026283224
13095.314,-0.021442047
13097.45,-0.020958129
13099.586,-0.011759575
13101.723,-0.014761417
13103.859,0.0014088942
13105.996,-0.000721409
13108.133,0.0015056257
13110.27,0.021161894
13112.407,0.0024739748
13114.544,0.0081869667
13116.682,0.0095426996
13118.82,0.0082840929
13120.958,0.034040776
13123.096,-0.0038190588
13125.234,0.012351647
13127.372,0.025036553
13129.511,0.012449168
13131.65,0.043434806
13133.789,0.026490201
13135.928,0.039175265
13138.067,0.025716578
13140.207,0.0070291721
13142.346,0.050215444
13144.486,0.036756875
13146.626,0.040727539
13148.766,0.043826784
13150.907,0.014682059
13153.047,0.017781382
13155.188,0.012166147
13157.329,0.018751388
13159.47,0.011393314
13161.611,-0.00032202031
13163.753,0.00016312108
13165.894,-0.00022315777
13168.036,0.0028764416
13170.178,0.032119871
13172.32,0.057877502
13174.462,0.054877002
13176.605,0.067562816
13178.747,0.059333636
13180.89,0.030189464
13183.033,0.037646638
13185.176,0.031160496
13187.319,0.034260451
13189.463,0.014702493
13191.607,-0.0092127243
13193.75,-0.012212869
13195.894,-0.050071362
13198.039,-0.0094984437
13200.183,-0.010755551
13202.327,0.0045451157
13204.472,0.0041595472
13206.617,-0.024984152
13208.762,-0.00096876994
13210.907,-0.016169035
13213.053,-0.014811526
13215.198,0.0083325144
13217.344,-0.039983101
13219.49,-0.013353142
13221.636,-0.039010726
13223.782,-0.03852448
13225.929,-0.0049227257
13228.075,-0.032323111
13230.222,-0.005692955
13232.369,-0.027864503
13234.516,-0.029120979
13236.664,0.0036095132
13238.811,-0.0037471014
13240.959,0.020268872
13243.107,-0.0062597767
13245.255,-0.012744813
13247.403,0.0060425208
13249.551,-0.010028493
13251.7,0.038388549
13253.848,0.029289291
13255.997,0.038490727
13258.146,0.061635556
13260.296,0.055150796
13262.445,0.10356804
13264.595,0.097083355
13266.744,0.093213092
13268.894,0.10241476
13271.044,0.083729765
13273.195,0.11297509
13275.345,0.096904548
13277.496,0.086062805
13279.647,0.081321319
13281.798,0.059150679
13283.949,0.064866789
13286.1,0.057511042
13288.252,0.067584529
13290.403,0.068943458
13292.555,0.053744693
13294.707,0.042903266
13296.859,0.027704579
13299.012,0.041264102
13301.164,0.028679874
13303.317,0.032653419
13305.47,0.038369923
13307.623,0.038857709
13309.776,0.044574292
13311.93,0.045062156
13314.083,0.070822391
13316.237,0.08351077
13318.391,0.068312478
13320.545,0.081872396
13322.699,0.07451732
13324.854,0.088077317
13327.008,0.073750642
13329.163,0.066395685
13331.318,0.093027696
13333.473,0.080444059
13335.629,0.092261334
13337.784,0.12063638
13339.94,0.12548206
13342.096,0.14601405
13344.252,0.14040229
13346.408,0.16267727
13348.564,0.17710916
13350.721,0.14709665
13352.878,0.16937176
13355.034,0.15330268
13357.192,0.15814867
13359.349,0.167352
13361.506,0.1477972
13363.664,0.15874352
13365.822,0.1479034
13367.979,0.15972126
13370.138,0.17415355
13372.296,0.14937019
13374.454,0.18733196
13376.613,0.15731992
13378.772,0.15868047
13380.931,0.17049857
13383.09,0.13874373
13385.249,0.15927651
13387.409,0.13972218
13389.569,0.1524119
13391.728,0.15987291
13393.888,0.11678928
13396.049,0.1364508
13398.209,0.12561127
13400.37,0.12000053
13402.53,0.12833319
13404.691,0.10965064
13406.852,0.1066544
13409.014,0.086229009
13411.175,0.090204527
13413.337,0.11073782
13415.498,0.082469408
13417.66,0.085573585
13419.822,0.096520939
13421.985,0.11008271
13424.147,0.11405847
13426.31,0.11454842
13428.473,0.12549593
13430.636,0.12685743
13432.799,0.11601853
13434.962,0.12260886
13437.126,0.12135609
13439.289,0.10093125
13441.453,0.11100754
13443.617,0.11236927
13445.781,0.098916228
13447.946,0.1055068
13450.11,0.10251135
13452.275,0.11171637
13454.44,0.13399334
13456.605,0.11095443
13458.77,0.13410293
13460.936,0.11367849
13463.101,0.10545452
13465.267,0.11030248
13467.433,0.079420637
13469.599,0.099954956
13471.766,0.097831361
13473.932,0.081764451
13476.099,0.11101348
13478.266,0.082746217
13480.433,0.099794894
13482.6,0.10115734
13484.767,0.10426274
13486.935,0.12305445
13489.102,0.093044462
13491.27,0.087435383
13493.438,0.088798022
13495.607,0.09190362
13497.775,0.10546677
13499.943,0.096372015
13502.112,0.082919997
13504.281,0.068596558
13506.45,0.068216515
13508.62,0.059993373
13510.789,0.053513191
13512.959,0.054004725
13515.128,0.033581266
13517.298,0.031458501
13519.468,0.025849935
13521.639,0.015012652
13523.809,0.035547956
13525.98,0.042139945
13528.151,0.063546789
13530.322,0.069267397
13532.493,0.06017323
13534.664,0.078094353
13536.836,0.086429459
13539.008,0.073849571
13541.179,0.10309979
13543.351,0.09139144
13545.524,0.089269187
13547.696,0.083661135
13549.869,0.076310203
13552.041,0.11427521
13554.214,0.079909111
13556.387,0.075172676
13558.561,0.079150878
13560.734,0.070057224
13562.908,0.094950538
13565.082,0.066684849
13567.256,0.077634887
13569.43,0.075513068
13571.604,0.0428902
13573.779,0.071269549
13575.953,0.054333034
13578.128,0.055697212
13580.303,0.043118074
13582.478,0.025310218
13584.654,0.051946846
13586.829,0.033267608
13589.005,0.051189718
13591.181,0.042096616
13593.357,0.033003554
13595.533,0.031753669
13597.709,0.058390533
13599.886,0.056269267
13602.063,0.059376798
13604.24,0.058127071
13606.417,0.06384906
13608.594,0.056499194
13610.772,0.056121045
13612.949,0.067071911
13615.127,0.076279897
13617.305,0.050629534
13619.483,0.069423656
13621.661,0.046387752
13623.84,0.040781081
13626.019,0.019488175
13628.197,0.010395745
13630.376,0.023089846
13632.556,-0.0016887806
13634.735,-0.002066496
13636.915,-0.011158769
13639.094,-0.028094139
13641.274,0.004643732
13643.454,-0.015777399
13645.634,0.012603253
13647.815,0.0078684763
13649.995,-0.010809616
13652.176,0.0036277987
13654.357,-0.0028497793
13656.538,0.0054874969
13658.72,0.0024958366
13660.901,-0.016182059
13663.083,-0.010459043
13665.264,-0.02913686
13667.446,-0.032999822
13669.629,-0.029019607
13671.811,-0.032011031
13673.993,-0.012344463
13676.176,-0.01010705
13678.359,0.0025879198
13680.542,0.0048254122
13682.725,-0.00078019311
13684.909,0.011043435
13687.092,0.018509804
13689.276,0.01877148
13691.46,0.020776096
13693.644,-0.0094632762
13695.828,0.00038451877
13698.012,-0.0063253996
13700.197,0.0061368162
13702.382,0.025570731
13704.567,0.011889197
13706.752,0.010408121
13708.937,0.012412904
13711.123,0.0091889492
13713.308,0.018165451
13715.494,0.014070079
13717.68,0.0030030502
13719.866,0.0050079376
13722.053,-0.0025732109
13724.239,0.016860912
13726.426,0.022351701
13728.613,0.025228131
13730.8,0.022004365
13732.987,0.022266458
13735.174,0.020785653
13737.362,0.035862603
13739.55,0.020438484
13741.737,0.033772556
13743.926,0.028805995
13746.114,0.03952573
13748.302,0.045016728
13750.491,0.052250665
13752.68,0.062099003
13754.869,0.055389627
13757.058,0.067852386
13759.247,0.083801004
13761.436,0.098878183
13763.626,0.10785517
13765.816,0.093302757
13768.006,0.11012292
13770.196,0.11561412
13772.386,0.13940601
13774.577,0.18149856
13776.768,0.18001815
13778.959,0.19683842
13781.15,0.18228616
13783.341,0.20433522
13785.532,0.23248453
13787.724,0.2292613
13789.915,0.28616882
13792.107,0.28730293
13794.299,0.29279437
13796.492,0.3096148
13798.684,0.28983395
13800.877,0.31188318
13803.07,0.31911762
13805.263,0.35946755
13807.456,0.3867456
13809.649,0.38090821
13811.842,0.39424295
13814.036,0.39014851
13816.23,0.41306935
13818.424,0.44383335
13820.618,0.45891109
13822.812,0.46527426
13825.007,0.4402649
13827.202,0.44227081
13829.397,0.41551857
13831.592,0.4332108
13833.787,0.45264596
13835.982,0.44419444
13838.178,0.45752943
13840.373,0.45517817
13842.569,0.45195546
13844.766,0.45744738
13846.962,0.47165391
13849.158,0.50851842
13851.355,0.49483829
13853.552,0.47767233
13855.749,0.46399224
13857.946,0.44508341
13860.143,0.45493277
13862.341,0.47001091
13864.538,0.48247469
13866.736,0.46530886
13868.934,0.43245678
13871.132,0.42313413
13873.331,0.41555443
13875.529,0.42104663
13877.728,0.43699638
13879.927,0.43464549
13882.126,0.42445149
13884.325,0.39421393
13886.524,0.4005777
13888.724,0.4025842
13890.924,0.40459071
13893.124,0.43012666
13895.324,0.4303903
13897.524,0.41322477
13899.724,0.3821159
13901.925,0.36407894
13904.126,0.37044288
13906.327,0.33584824
13908.528,0.3404693
13910.729,0.32940411
13912.931,0.30003828
13915.132,0.29855919
13917.334,0.29446573
13919.536,0.31128734
13921.738,0.29499349
13923.941,0.28828572
13926.143,0.28767819
13928.346,0.25482667
13930.549,0.25334773
13932.752,0.24925442
13934.955,0.24951843
13937.159,0.25588269
13939.362,0.23697463
13941.566,0.25379644
13943.77,0.26277513
13945.974,0.26129633
13948.178,0.28421842
13950.383,0.26966777
13952.587,0.27777509
13954.792,0.26583885
13956.997,0.21817279
13959.202,0.21756557
13961.408,0.19778626
13963.613,0.17016384
13965.819,0.1800142
13968.025,0.1593635
13970.231,0.17269974
13972.437,0.17819286
13974.643,0.16364244
13976.85,0.21358005
13979.056,0.21471594
13981.263,0.2106231
13983.47,0.23354552
13985.678,0.2233525
13987.885,0.23233161
13990.093,0.23608198
13992.3,0.19800231
13994.508,0.2130817
13996.716,0.19417419
13998.925,0.18659567
14001.133,0.21126118
14003.342,0.19061081
14005.551,0.20481885
14007.76,0.21466961
14009.969,0.18791908
14012.178,0.22129929
14014.388,0.19542026
14016.597,0.19045629
14018.807,0.19246402
14021.017,0.14567002
14023.227,0.15726385
14025.438,0.14968558
14027.648,0.11596354
14029.859,0.14150078
14032.07,0.12172214
14034.281,0.14290213
14036.492,0.14578148
14038.704,0.14517502
14040.915,0.17506966
14043.127,0.15529112
14045.339,0.16078494
14047.551,0.16627878
14049.763,0.1595722
14051.976,0.17290921
14054.189,0.1635883
14056.401,0.17866827
14058.614,0.17021886
14060.827,0.1652553
14063.041,0.18469264
14065.254,0.16578577
14067.468,0.19219483
14069.682,0.19681741
14071.896,0.18139645
14074.11,0.19647659
14076.324,0.17059815
14078.539,0.19177855
14080.754,0.20337292
14082.969,0.18795206
14085.184,0.22394734
14087.399,0.1937117
14089.614,0.18961988
14091.83,0.20818603
14094.046,0.19189381
14096.262,0.21656022
14098.478,0.19765366
14100.694,0.1987907
14102.911,0.21474257
14105.127,0.17492105
14107.344,0.20568778
14109.561,0.19026717
14111.778,0.18443263
14113.996,0.1768552
14116.213,0.15620589
14118.431,0.18435835
14120.649,0.16283762
14122.867,0.16746071
14125.085,0.17121236
14127.303,0.17147819
14129.522,0.18307301
14131.741,0.17113845
14133.96,0.18360478
14136.179,0.15859836
14138.398,0.16060721
14140.617,0.15564441
14142.837,0.13325243
14145.057,0.15879076
14147.277,0.14511342
14149.497,0.16106573
14151.717,0.14564552
14153.938,0.16856955
14156.158,0.21153718
14158.379,0.18565951
14160.6,0.20596922
14162.821,0.20623539
14165.043,0.18035778
14167.264,0.19631026
14169.486,0.16868978
14171.708,0.18289938
14173.93,0.16399353
14176.152,0.15293084
14178.374,0.18544116
14180.597,0.17437852
14182.82,0.19904574
14185.043,0.21848423
14187.266,0.20306434
14189.489,0.22511725
14191.712,0.23322682
14193.936,0.24569371
14196.16,0.24770311
14198.384,0.22705457
14200.608,0.24387883
14202.832,0.22933055
14205.057,0.24528339
14207.281,0.24119267
14209.506,0.23623051
14211.731,0.26089801
14213.956,0.26029319
14216.182,0.29716116
14218.407,0.28435595
14220.633,0.30292331
14222.859,0.32149069
14225.085,0.30607116
14227.311,0.33683902
14229.537,0.3266483
14231.764,0.31122883
14233.991,0.3106242
14236.218,0.28126143
14238.445,0.30244333
14240.672,0.27569498
14242.9,0.28816233
14245.127,0.29801532
14247.355,0.27649578
14249.583,0.29942071
14251.811,0.30317355
14254.039,0.31302662
14256.268,0.31155075
14258.497,0.31878948
14260.725,0.33735722
14262.954,0.31496637
14265.184,0.30564744
14267.413,0.31114334
14269.642,0.30443883
14271.872,0.30644893
14274.102,0.31368782
14276.332,0.29652585
14278.562,0.28982142
14280.793,0.29531745
14283.023,0.29994204
14285.254,0.3228673
14287.485,0.33794945
14289.716,0.36958935
14291.947,0.36811381
14294.179,0.35705223
14296.41,0.38607781
14298.642,0.39680277
14300.874,0.39271292
14303.106,0.40953814
14305.339,0.38801914
14307.571,0.40397294
14309.804,0.39639734
14312.037,0.39143615
14314.27,0.4030327
14316.503,0.42770118
14318.736,0.42884026
14320.97,0.44043689
14323.204,0.43024704
14325.437,0.46885895
14327.672,0.4638979
14329.906,0.45980833
14332.14,0.50103469
14334.375,0.49433078
14336.61,0.46845478
14338.844,0.47656573
14341.08,0.47509064
14343.315,0.48581601
14345.55,0.47039761
14347.786,0.46717967
14350.022,0.46221883
14352.258,0.44767195
14354.494,0.46188327
14356.73,0.49700963
14358.967,0.50163493
14361.203,0.50538879
14363.44,0.51175705
14365.677,0.5059249
14367.914,0.5166505
14370.152,0.51866152
14372.389,0.53025862
14374.627,0.54447012
14376.865,0.5185945
14379.103,0.52234853
14381.341,0.4973444
14383.58,0.50981307
14385.818,0.53012489
14388.057,0.51034959
14390.296,0.52194686
14392.535,0.51611496
14394.774,0.50505431
14397.014,0.49050785
14399.254,0.48467601
14401.493,0.52067426
14403.733,0.52355705
14405.974,0.50378192
14408.214,0.50666476
14410.454,0.49734718
14412.695,0.49674422
14414.936,0.49439837
14417.177,0.51558194
14419.418,0.52979386
14421.66,0.5030472
14423.901,0.50418726
14426.143,0.5105561
14428.385,0.52128227
14430.627,0.55553786
14432.869,0.53489152
14435.111,0.53690315
14437.354,0.53978626
14439.597,0.51129684
14441.84,0.55426714
14444.083,0.51880609
14446.326,0.52430366
14448.57,0.53938731
14450.813,0.4934688
14453.057,0.5320819
14455.301,0.50446409
14457.545,0.50211863
14459.79,0.51633093
14462.034,0.47912712
14464.279,0.51076865
14466.524,0.48489386
14468.769,0.47121953
14471.014,0.49850382
14473.259,0.4595572
14475.505,0.48858446
14477.751,0.49321086
14479.997,0.51178064
14482.243,0.53209336
14484.489,0.5245194
14486.735,0.54483216
14488.982,0.52331488
14491.229,0.51312659
14493.476,0.52995358
14495.723,0.54068037
14497.97,0.5400782
14500.218,0.52466125
14502.465,0.5266735
14504.713,0.52955724
14506.961,0.54289851
14509.209,0.56234002
14511.458,0.58875323
14513.706,0.59076559
14515.955,0.56576272
14518.204,0.58258994
14520.453,0.58895966
14522.702,0.58400043
14524.951,0.59385603
14527.201,0.60458311
14529.451,0.62053897
14531.701,0.61470836
14533.951,0.61846383
14536.201,0.63267683
14538.451,0.6416611
14540.702,0.66023144
14542.953,0.68751641
14545.204,0.69127198
14547.455,0.70025633
14549.706,0.71011216
14551.958,0.71561071
14554.209,0.73330972
14556.461,0.75798043
14558.713,0.77045072
14560.965,0.76723476
14563.218,0.76837612
14565.47,0.78781816
14567.723,0.7837308
14569.976,0.79358682
14572.229,0.80780016
14574.482,0.82114206
14576.735,0.823155
14578.989,0.82342505
14581.243,0.82456657
14583.497,0.83093688
14585.751,0.83120699
14588.005,0.83147712
14590.26,0.85876252
14592.514,0.84596079
14594.769,0.86801748
14597.024,0.87264499
14599.279,0.83892829
14601.534,0.87144256
14603.79,0.84034028
14606.046,0.8336389
14608.301,0.83390922
14610.557,0.80542139
14612.814,0.81789218
14615.07,0.77546104
14617.326,0.79490355
14619.583,0.81086025
14621.84,0.78760128
14624.097,0.81662991
14626.354,0.80208558
14628.612,0.83198572
14630.869,0.80959829
14633.127,0.80725446
14635.385,0.81972546
14637.643,0.77380869
14639.901,0.79150849
14642.16,0.76040657
14644.418,0.74411949
14646.677,0.75920497
14648.936,0.69847349
14651.195,0.72314507
14653.455,0.70424369
14655.714,0.6862138
14657.974,0.69432771
14660.234,0.6536399
14662.494,0.66959699
14664.754,0.67422513
14667.014,0.64050906
14669.275,0.66866665
14671.536,0.63495063
14673.796,0.62737841
14676.058,0.64072125
14678.319,0.60700529
14680.58,0.61163357
14682.842,0.58576079
14685.104,0.59149824
14687.365,0.56538783
14689.628,0.57849312
14691.89,0.56307794
14694.152,0.560497
14696.415,0.55649005
14698.678,0.51968456
14700.941,0.52851188
14703.204,0.51951391
14705.467,0.52762826
14707.731,0.5164913
14709.994,0.48681603
14712.258,0.48280923
14714.522,0.47737643
14716.786,0.47550871
14719.051,0.46223282
14721.315,0.4468179
14723.58,0.46063652
14725.845,0.44949972
14728.11,0.44192801
14730.375,0.42437414
14732.641,0.42179356
14734.906,0.43133421
14737.172,0.43944885
14739.438,0.41833
14741.704,0.40648034
14743.97,0.4174471
14746.237,0.40417145
14748.504,0.39659992
14750.77,0.38760239
14753.037,0.38430898
14755.304,0.3981279
14757.572,0.38984344
14759.839,0.38013298
14762.107,0.36115338
14764.375,0.35786008
14766.643,0.36169692
14768.911,0.34343039
14771.179,0.35796246
14773.448,0.34825213
14775.717,0.36563629
14777.986,0.36091708
14780.255,0.33623355
14782.524,0.34648765
14784.793,0.33749043
14787.063,0.34204047
14789.333,0.35229464
14791.603,0.33688037
14793.873,0.34428252
14796.143,0.3345724
14798.414,0.32985338
14800.684,0.32156932
14802.955,0.31756336
14805.226,0.31640947
14807.497,0.31454258
14809.769,0.3112497
14812.04,0.32293009
14814.312,0.30965507
14816.584,0.30778827
14818.856,0.30449547
14821.128,0.28979449
14823.4,0.30717908
14825.673,0.29319116
14827.946,0.29203747
14830.219,0.30229201
14832.492,0.28046101
14834.765,0.29356764
14837.038,0.26389354
14839.312,0.2591749
14841.586,0.26372544
14843.86,0.25330274
14846.134,0.2735396
14848.408,0.26739501
14850.683,0.2698066
14852.957,0.26366206
14855.232,0.24682235
14857.507,0.25279907
14859.782,0.24023748
14862.058,0.25263134
14864.333,0.251478
14866.609,0.25388973
14868.885,0.25059738
14871.161,0.24302699
14873.437,0.23403058
14875.713,0.23501638
14877.99,0.24598436
14880.267,0.235562
14882.543,0.24866907
14884.821,0.26177615
14887.098,0.25634494
14889.375,0.27016508
14891.653,0.26116885
14893.931,0.27142397
14896.209,0.26741886
14898.487,0.26769185
14900.765,0.28008607
14903.044,0.27964609
14905.322,0.28562324
14907.601,0.2794792
14909.88,0.27262217
14912.159,0.26861721
14914.439,0.26675131
14916.718,0.26773747
14918.998,0.26801065
14921.278,0.26970987
14923.558,0.26713104
14925.838,0.26241319
14928.118,0.26696453
14930.399,0.28506312
14932.68,0.2896145
14934.961,0.2941659
14937.242,0.32010769
14939.523,0.3118249
14941.804,0.31495034
14944.086,0.3123717
14946.368,0.30337596
14948.65,0.31648363
14950.932,0.30962698
14953.214,0.29920528
14955.497,0.30375687
14957.779,0.28620509
14960.062,0.28148755
14962.345,0.25110159
14964.628,0.26064435
14966.912,0.26947411
14969.195,0.25976557
14971.479,0.2814296
14973.763,0.26815604
14976.047,0.26771673
14978.331,0.28724179
14980.616,0.27895938
14982.9,0.31630979
14985.185,0.31587056
14987.47,0.32327448
14989.755,0.33495651
14992.04,0.32239613
14994.326,0.33621723
14996.611,0.33078702
14998.897,0.33462599
15001.183,0.34274305
15003.469,0.3202006
15005.756,0.33259578
15008.042,0.31005337
15010.329,0.30890136
15012.616,0.31274046
15014.903,0.2894851
15017.19,0.28405507
15019.477,0.28646821
15021.765,0.28888136
15024.052,0.29913767
15026.34,0.29869882
15028.628,0.30325107
15030.917,0.28997803
15033.205,0.27813104
15035.494,0.27484022
15037.782,0.27297544
15040.071,0.27610178
15042.36,0.28279319
15044.65,0.27878944
15046.939,0.27763776
15049.229,0.27363405
15051.519,0.26749133
15053.809,0.27774791
15056.099,0.28230042
15058.389,0.29113102
15060.68,0.29354453
15062.97,0.27955877
15065.261,0.29979763
15067.552,0.29864614
15069.843,0.30890287
15072.135,0.30204732
15074.426,0.29733083
15076.718,0.31257871
15079.01,0.30643623
15081.302,0.31098896
15083.594,0.32267184
15085.887,0.32437257
15088.179,0.35815888
15090.472,0.33633023
15092.765,0.35443031
15095.058,0.3440099
15097.351,0.36496207
15099.645,0.36167183
15101.938,0.35267752
15104.232,0.36008251
15106.526,0.34181907
15108.82,0.34779808
15111.115,0.34450795
15113.409,0.33693977
15115.704,0.33079762
15117.999,0.31609936
15120.294,0.32992161
15122.589,0.30951928
15124.884,0.33118471
15127.18,0.3321728
15129.476,0.32389174
15131.771,0.35696544
15134.068,0.33371116
15136.364,0.34682055
15138.66,0.36349502
15140.957,0.38159553
15143.254,0.41253029
15145.551,0.39284118
15147.848,0.41664586
15150.145,0.409078
15152.442,0.41291837
15154.74,0.42531491
15157.038,0.41489507
15159.336,0.43798684
15161.634,0.43754922
15163.932,0.42071233
15166.231,0.43168295
15168.53,0.41555911
15170.828,0.45576328
15173.128,0.45461275
15175.427,0.44633212
15177.726,0.46158091
15180.026,0.46613454
15182.325,0.45500192
15184.625,0.45171246
15186.925,0.44913603
15189.226,0.47294108
15191.526,0.46252155
15193.827,0.45210205
15196.127,0.4438216
15198.428,0.42341996
15200.73,0.43296487
15203.031,0.41826737
15205.332,0.42139521
15207.634,0.44448741
15209.936,0.43335504
15212.238,0.43790896
15214.54,0.42392458
15216.842,0.42491349
15219.145,0.44087567
15221.448,0.41690918
15223.75,0.43572346
15226.053,0.44669462
15228.357,0.44910965
15230.66,0.43369939
15232.964,0.43754049
15235.267,0.4463727
15237.571,0.44379672
15239.875,0.4369427
15242.18,0.44363593
15244.484,0.43749496
15246.789,0.43848413
15249.093,0.43947333
15251.398,0.42121121
15253.704,0.41863538
15256.009,0.43031983
15258.314,0.40777969
15260.62,0.4151861
15262.926,0.40833229
15265.232,0.4135997
15267.538,0.39533773
15269.844,0.3785018
15272.151,0.39018639
15274.458,0.36479435
15276.764,0.37433995
15279.072,0.37746845
15281.379,0.35991961
15283.686,0.37303033
15285.994,0.34692539
15288.301,0.36787929
15290.609,0.35104355
15292.917,0.35132013
15295.226,0.37370011
15297.534,0.34046515
15299.843,0.36213216
15302.152,0.35100063
15304.461,0.3391561
15306.77,0.3736574
15309.079,0.34113555
15311.388,0.35424652
15313.698,0.32956785
15316.008,0.31772343
15318.318,0.33439952
15320.628,0.30116477
15322.939,0.32497103
15325.249,0.31170066
15327.56,0.29130019
15329.871,0.30512434
15332.182,0.25762944
15334.493,0.2807228
15336.804,0.27030458
15339.116,0.25489531
15341.428,0.28654487
15343.74,0.25687539
15346.052,0.27283872
15348.364,0.26812471
15350.676,0.24415939
15352.989,0.26582689
15355.302,0.24899173
15357.615,0.26281613
15359.928,0.25596319
15362.241,0.25267533
15364.555,0.27434293
15366.868,0.24253462
15369.182,0.24209887
15371.496,0.22597688
15373.811,0.22625418
15376.125,0.25006093
15378.439,0.23108694
15380.754,0.23778143
15383.069,0.23378074
15385.384,0.22407598
15387.699,0.22007534
15390.015,0.20252749
15392.33,0.21492618
15394.646,0.21948175
15396.962,0.21690722
15399.278,0.20007246
15401.594,0.18109868
15403.911,0.17282011
15406.227,0.16168951
15408.544,0.15483701
15410.861,0.14513248
15413.178,0.15610533
15415.496,0.14497482
15417.813,0.1381224
15420.131,0.13626109
15422.449,0.14152992
15424.767,0.15678095
15427.085,0.14565054
15429.403,0.15804957
15431.722,0.15048426
15434.041,0.14291898
15436.36,0.16030915
15438.679,0.13848366
15440.998,0.14945676
15443.317,0.14688264
15445.637,0.12220516
15447.957,0.13317833
15450.277,0.12418717
15452.597,0.14942062
15454.917,0.15896782
15457.237,0.14498564
15459.558,0.16879313
15461.879,0.15267195
15464.2,0.13298572
15466.521,0.14538508
15468.842,0.12855094
15471.164,0.14808047
15473.486,0.13623746
15475.807,0.11655134
15478.129,0.1061344
15480.452,0.086448321
15482.774,0.094569749
15485.097,0.079161786
15487.419,0.062327819
15489.742,0.1039609
15492.065,0.076431783
15494.389,0.085266328
15496.712,0.089109806
15499.036,0.068710881
15501.359,0.10321394
15503.683,0.085667104
15506.007,0.091649704
15508.332,0.10690149
15510.656,0.088641703
15512.981,0.11815378
15515.306,0.08420776
15517.631,0.10801578
15519.956,0.1139985
15522.281,0.10999907
15524.607,0.12881606
15526.932,0.10485232
15529.258,0.12438237
15531.584,0.11182687
15533.91,0.10782755
15536.237,0.12379259
15538.563,0.10553306
15540.89,0.12648924
15543.217,0.11250782
15545.544,0.10351751
15547.871,0.1045094
15550.199,0.09195407
15552.526,0.09009395
15554.854,0.071834563
15557.182,0.079956659
15559.51,0.078809613
15561.839,0.064828364
15564.167,0.065107385
15566.496,0.055404253
15568.824,0.059961391
15571.153,0.05881445
15573.483,0.042694267
15575.812,0.05081653
15578.142,0.038974464
15580.471,0.045670744
15582.801,0.052367045
15585.131,0.031255879
15587.461,0.047221384
15589.792,0.041796535
15592.122,0.040649781
15594.453,0.030946899
15596.784,0.034078263
15599.115,0.052182909
15601.446,0.049610214
15603.778,0.065575865
15606.109,0.058012124
15608.441,0.054013467
15610.773,0.061423031
15613.105,0.041738141
15615.438,0.056990883
15617.77,0.057983397
15620.103,0.068245094
15622.435,0.077793799
15624.768,0.070230226
15627.102,0.071222823
15629.435,0.061520254
15631.769,0.068216993
15634.102,0.06849664
15636.436,0.058081121
15638.77,0.077612148
15641.104,0.06719667
15643.439,0.059633264
15645.773,0.061339041
15648.108,0.044506514
15650.443,0.041934257
15652.778,0.036509972
15655.113,0.030372695
15657.449,0.032078576
15659.784,0.017385191
15662.12,0.036916426
15664.456,0.01865802
15666.792,0.019650972
15669.129,0.01921792
15671.465,0.017358864
15673.802,0.0090827167
15676.139,0.0072237024
15678.476,0.021050983
15680.813,0.019905023
15683.15,0.029454271
15685.488,0.024743291
15687.825,0.011476181
15690.163,0.021025492
15692.501,0.014888548
15694.84,0.026576938
15697.178,0.011883887
15699.517,0.028563406
15701.855,0.026704621
15704.194,0.024132845
15706.533,0.024413139
15708.873,0.011146218
15711.212,0.032103916
15713.552,0.035949335
15715.892,0.039081763
15718.231,0.045779274
15720.572,0.046772706
15722.912,0.052044234
15725.252,0.038064446
15727.593,0.038344929
15729.934,0.027217232
15732.275,0.037479931
15734.616,0.037760476
15736.958,0.033049954
15739.299,0.025487404
15741.641,0.014359812
15743.983,0.0096493527
15746.325,-0.0021912102
15748.667,0.0016545224
15751.009,0.013343413
15753.352,0.020041237
15755.695,0.030304145
15758.038,0.020602724
15760.381,0.025161573
15762.724,0.016173206
15765.067,0.027862222
15767.411,0.030282097
15769.755,0.027710905
15772.099,0.032269859
15774.443,0.019003522
15776.787,0.017858417
15779.132,0.019565384
15781.477,0.0041600716
15783.821,0.012284192
15786.166,0.00044398417
15788.512,0.0028640466
15790.857,0.003858105
15793.203,0.0041391718
15795.548,0.0037072469
15797.894,0.0047013679
15800.24,0.0035564723
15802.586,0.00597666
15804.933,-0.0080024184
15807.279,0.00083492334
15809.626,0.009672286
15811.973,-2.8654984e-005
15814.32,0.0016786246
15816.668,-0.0030311873
15819.015,-0.0020368784
15821.363,0.0032355262
15823.71,-4.8198096e-005
15826.058,0.020910523
15828.407,0.02047889
15830.755,0.023612341
15833.103,0.01747665
15835.452,-0.0079103566
15837.801,0.0052053313
15840.15,-0.00021728428
15842.499,-0.004213854
15844.849,-0.011062453
15847.198,0.0020533186
15849.548,-0.0005171636
15851.898,-0.016634862
15854.248,-0.014214215
15856.598,-0.017497647
15858.949,-0.0072338213
15861.299,0.010873163
15863.65,0.0097288308
15866.001,0.016427657
15868.352,0.015283367
15870.703,0.036242484
15873.055,0.020837986
15875.406,0.026110871
15877.758,0.042791976
15880.11,0.021683441
15882.462,0.0333735
15884.815,0.027238269
15887.167,0.010407871
15889.52,0.0092637685
15891.873,0.009545712
15894.226,0.00055851405
15896.579,-0.008428663
15898.932,-0.012424732
15901.286,-0.01356873
15903.64,-0.023268857
15905.994,-0.013717626
15908.348,-0.019852649
15910.702,-0.013866438
15913.056,-0.01144527
15915.411,-0.0054590176
15917.766,-0.007315882
15920.121,-0.0013295883
15922.476,-0.00033436105
15924.831,-0.0021911628
15927.187,0.003082181
15929.542,-0.0016266289
15931.898,-0.00063131815
15934.254,0.0039290759
15936.61,-0.012900884
15938.967,0.0037807643
15941.323,0.0026371211
15943.68,0.0050585612
15946.037,0.0067670097
15948.394,-0.0022197082
15950.751,0.0066189068
15953.108,0.0033363306
15955.466,0.014314025
15957.824,0.018161615
15960.181,0.019870189
15962.54,0.020865771
15964.898,0.026852461
15967.256,0.022856998
15969.615,0.021713605
15971.974,0.026274333
15974.333,0.035826169
15976.692,0.043238989
15979.051,0.054929904
15981.411,0.055925653
15983.77,0.045513224
15986.13,0.051500102
15988.49,0.050356876
15990.85,0.028536309
15993.211,0.030958188
15995.571,0.0226849
15997.932,0.026532845
16000.293,0.018972611
16002.654,0.0071343236
16005.015,-0.00042586837
16007.376,-0.014403152
16009.738,-0.00128594
16012.1,-0.0067070319
16014.462,0.0064102215
16016.824,0.018101471
16019.186,0.029792741
16021.548,0.02365872
16023.911,0.02322882
16026.274,0.024937978
16028.637,0.02165607
16031,0.027643345
16033.363,0.040047753
16035.727,0.047461094
16038.09,0.039188182
16040.454,0.018081066
16042.818,0.023355433
16045.182,0.0036743835
16047.547,0.023209041
16049.911,0.023492383
16052.276,0.011654534
16054.641,0.037606367
16057.006,0.022916509
16059.371,0.014643785
16061.737,0.015640244
16064.102,-0.00047557597
16066.468,0.038310586
16068.834,0.03146397
16071.2,0.038877625
16073.566,0.03773515
16075.933,0.040157759
16078.299,0.048284489
16080.666,0.02503869
16083.033,0.028174374
16085.4,0.018475855
16087.767,0.010203381
16090.135,0.033303477
16092.503,-0.0006374043
16094.87,0.0089154964
16097.238,0.0099122683
16099.607,0.0016398988
16101.975,-0.0016413624
16104.344,6.848452e-005
16106.712,-0.0053517724
16109.081,-0.0022158588
16111.45,0.0059111631
16113.819,0.013325193
16116.189,0.015035145
16118.558,0.026727292
16120.928,0.027724272
16123.298,0.028721274
16125.668,0.044691558
16128.039,0.045688601
16130.409,0.05096374
16132.78,0.069786137
16135.15,0.052244919
16137.521,0.058946145
16139.893,0.034274843
16142.264,0.023863812
16144.635,0.040547276
16147.007,0.017302062
16149.379,0.024003393
16151.751,0.00075822061
16154.123,0.0053205558
16156.495,0.0077438745
16158.868,-0.0083711104
16161.241,0.016868649
16163.614,0.021431068
16165.987,0.043818819
16168.36,0.053372367
16170.733,0.035118449
16173.107,0.053941201
16175.481,0.0399654
16177.855,0.057362168
16180.229,0.048377496
16182.603,0.051514057
16184.978,0.061067751
16187.352,0.052796153
16189.727,0.041672527
16192.102,0.030548922
16194.477,0.029407512
16196.852,0.023988048
16199.228,0.029263793
16201.604,0.031687508
16203.979,0.017711957
16206.355,0.035108976
16208.732,0.026837567
16211.108,0.022844253
16213.485,0.010294811
16215.861,0.014857688
16218.238,0.016568537
16220.615,0.019705432
16222.993,0.02640741
16225.37,0.012432047
16227.748,0.024838166
16230.125,0.017279958
16232.503,0.012573819
16234.881,2.4564736e-005
16237.26,0.0031616055
16239.638,0.01271578
16242.017,0.0072967123
16244.396,0.019702978
16246.775,2.3702983e-005
16249.154,0.0031608482
16251.533,0.0020199393
16253.913,-0.0069640859
16256.292,0.014711446
16258.672,0.014996625
16261.052,0.029542074
16263.432,0.029114282
16265.813,0.035816636
16268.193,0.027545748
16270.574,0.019987894
16272.955,0.039524535
16275.336,0.038383835
16277.717,0.055068468
16280.099,0.041093585
16282.48,0.044944035
16284.862,0.033108231
16287.244,0.031254623
16289.626,0.03367911
16292.009,0.0082961321
16294.391,0.021415849
16296.774,0.013858224
16299.156,0.0084396578
16301.539,0.018707387
16303.923,-0.0016843996
16306.306,0.0050183089
16308.689,-0.010382348
16311.073,-0.016513823
16313.457,-0.020506239
16315.841,-0.030311822
16318.225,-0.019440031
16320.61,-0.022828477
16322.994,-0.0076785846
16325.379,-0.015345079
16327.764,-0.023011561
16330.149,-0.01926983
16332.534,-0.019093148
16334.92,0.003186933
16337.305,0.00051159043
16339.691,0.0078184354
16342.077,0.012273243
16344.463,0.0024678147
16346.849,0.004783611
16349.236,-0.012864929
16351.623,-0.013401157
16354.009,-0.014650384
16356.396,-0.0094824863
16358.784,0.009945674
16361.171,-0.0084158141
16363.558,0.00031718487
16365.946,-0.0066360778
16368.334,-0.0085982402
16370.722,0.014395047
16373.11,0.02098906
16375.499,0.024018024
16377.887,0.0441593
16380.276,0.03863214
16382.665,0.033104992
16385.054,0.02543882
16387.443,0.015633624
16389.833,0.020801702
16392.222,0.018126657
16394.612,0.024720786
16397.002,0.025610828
16399.392,0.015805696
16401.783,0.010991665
16404.173,-0.0052305539
16406.564,-6.2385078e-005
16408.955,0.0001147093
16411.346,0.002430854
16413.737,0.00046893676
16416.128,-0.0093361048
16418.52,-0.0020288341
16420.911,-0.018250962
16423.303,-0.019499815
16425.695,-0.016470581
16428.088,-0.0027461461
16430.48,0.0052742017
16432.872,0.01258155
16435.265,0.022740961
16437.658,0.015075073
16440.051,0.036642709
16442.445,0.025411785
16444.838,0.028441122
16447.232,0.041452648
16449.625,0.023091637
16452.019,0.041094276
16454.414,0.023446303
16456.808,0.019345581
16459.202,0.021661984
16461.597,0.0097181497
16463.992,0.024868803
16466.387,0.00864692
16468.782,0.037344836
16471.177,0.037522266
16473.573,0.024865484
16475.969,0.040729214
16478.365,0.020229321
16480.761,0.026823915
16483.157,0.028427434
16485.553,0.015057704
16487.95,0.016661249
16490.347,0.0032915452
16492.744,0.0027560787
16495.141,-0.0034834748
16497.538,-0.018992177
16499.935,-0.01524953
16502.333,-0.024341095
16504.731,-0.022024447
16507.129,-0.010438624
16509.527,-0.00099182564
16511.925,0.0034638984
16514.324,0.00078951059
16516.722,0.0052452604
16519.121,0.0061359608
16521.52,0.00060956179
16523.919,0.012195475
16526.319,0.013799227
16528.718,0.020394078
16531.118,0.020571831
16533.518,0.010054409
16535.918,-0.00046299991
16538.318,-0.00099822128
16540.719,-0.0043854796
16543.119,0.0036354745
16545.52,-0.00046477052
16547.921,0.011834284
16550.322,0.01201214
16552.723,0.015042058
16555.125,0.02377609
16557.526,0.0082677094
16559.928,0.024131891
16562.33,0.0079105243
16564.732,0.0066624324
16567.135,0.028943765
16569.537,0.014148462
16571.94,0.032864758
16574.343,0.010939356
16576.746,0.0047002412
16579.149,0.0091563265
16581.552,-0.012056024
16583.956,0.0059473237
16586.36,-0.00029173939
16588.764,0.021989709
16591.168,0.01503766
16593.572,0.01022466
16595.976,0.013967823
16598.381,0.0091000026
16600.786,-0.0021849176
16603.191,0.011266223
16605.596,0.0066178298
16608.001,0.0037794038
16610.407,0.020247175
16612.812,0.01197891
16615.218,0.013967069
16617.624,0.0081121035
16620.03,0.014926834
16622.436,0.00364203
16624.843,0.0032169673
16627.25,0.0039985541
16629.657,-0.006682893
16632.064,0.0031484933
16634.471,-0.007532928
16636.878,-0.0031313801
16639.286,0.0042867719
16641.693,0.0026551631
16644.101,0.01731316
16646.509,0.010855031
16648.918,0.0031902783
16651.326,0.0015587211
16653.735,0.0017371315
16656.143,0.0013122366
16658.552,0.01295372
16660.962,0.02640517
16663.371,0.028996905
16665.78,0.031588653
16668.19,0.037197005
16670.6,0.031945642
16673.01,0.023074382
16675.42,0.023856227
16677.83,0.019811538
16680.241,0.02722991
16682.652,0.043698068
16685.062,0.036033509
16687.473,0.035608781
16689.885,0.029754203
16692.296,0.018469773
16694.708,0.014425175
16697.119,0.014000499
16699.531,0.024435565
16701.943,0.026424188
16704.356,0.035652644
16706.768,0.027384882
16709.181,0.030580181
16711.593,0.024725718
16714.006,0.013441405
16716.419,0.025686516
16718.833,0.027675229
16721.246,0.026044046
16723.66,0.035875923
16726.074,0.042087903
16728.488,0.052523123
16730.902,0.042445536
16733.316,0.046244282
16735.731,0.040389949
16738.145,0.038758856
16740.56,0.045574232
16742.975,0.041529892
16745.391,0.04593202
16747.806,0.038267797
16750.222,0.03603345
16752.637,0.03621239
16755.053,0.02673825
16757.469,0.02872717
16759.886,0.012013237
16762.302,0.016415456
16764.719,0.0051314131
16767.135,-0.0025327073
16769.552,0.00066291374
16771.97,-0.016050955
16774.387,0.0028309667
16776.804,-0.0036264656
16779.222,0.0037924348
16781.64,0.014831258
16784.058,0.019836911
16786.476,0.025445895
16788.894,0.0026989345
16791.313,0.011927854
16793.732,0.011503695
16796.151,0.015302776
16798.57,0.02935828
16800.989,0.027727523
16803.408,0.02549346
16805.828,0.020242819
16808.248,0.018612101
16810.667,0.016378077
16813.088,0.021383885
16815.508,0.012513386
16817.928,0.024155721
16820.349,0.037004705
16822.77,0.041407246
16825.191,0.0391733
16827.612,0.023666364
16830.033,0.029275581
16832.455,0.023421764
16834.876,0.035667507
16837.298,0.039466807
16839.72,0.020943346
16842.142,0.033189127
16844.565,0.012855737
16846.987,0.018465043
16849.41,0.006578134
16851.833,-0.0034988078
16854.256,-0.0057325994
16856.679,-0.0079663782
16859.102,0.0072960852
16861.526,0.0014424228
16863.95,-0.0044112268
16866.374,-0.0018184079
16868.798,-0.010688623
16871.222,-0.0014592775
16873.647,-0.01274274
16876.071,-0.019802961
16878.496,-0.024449897
16880.921,-0.02547691
16883.346,-0.028313865
16885.771,-0.028134216
16888.197,-0.0327811
16890.623,-0.032601425
16893.048,-0.025181918
16895.475,-0.022588945
16897.901,-0.01577273
16900.327,-0.0089565032
16902.754,-0.0081734455
16905.18,-0.0007538742
16907.607,0.0096823013
16910.034,0.0050355334
16912.462,0.012455143
16914.889,0.019874766
16917.317,0.023071174
16919.744,0.01782114
16922.172,0.019810937
16924.6,0.010941019
16927.029,0.01715407
16929.457,0.011904087
16931.886,0.0030342074
16934.315,0.013470525
16936.744,0.0082205806
16939.173,-0.00064926026
16941.602,0.0079771411
16944.032,0.00091728081
16946.461,0.0010972525
16948.891,-0.0023426725
16951.321,0.0032671892
16953.751,0.004653836
16956.182,0.0030239045
16958.612,-0.0040358783
16961.043,-0.0038558292
16963.474,-0.0097089498
16965.905,-0.010735511
16968.336,-0.010555424
16970.768,0.0053109515
16973.199,0.0024744738
16975.631,0.0092911011
16978.063,0.0094222173
16980.495,0.013173252
16982.927,0.0090811597
16985.36,-0.0064739704
16987.792,-0.00030963404
16990.225,0.00042484741
16992.658,-0.0060804807
16995.091,0.0043071115
16997.525,-0.0064214256
16999.958,0.0015529124
17002.392,-0.0031424234
17004.826,-0.0072344316
17007.26,0.0025498893
17009.694,-0.0045586914
17012.128,-0.0032208071
17014.563,0.0053569055
17016.998,0.014537946
17019.433,0.018892449
17021.868,0.012990552
17024.303,0.016741756
17026.738,0.013253151
17029.174,0.015797737
17031.61,0.022565561
17034.046,0.0082172553
17036.482,0.013778461
17038.918,0.0018434472
17041.355,0.0061980353
17043.791,0.0099493147
17046.228,-0.0080188537
17048.665,0.0084021277
17051.102,0.0012937067
17053.539,0.0080616148
17055.977,0.0057797586
17058.415,-0.00072531601
17060.853,0.010869166
17063.291,-0.0083055728
17065.729,0.0075121561
17068.167,0.005833665
17070.606,0.0095850477
17073.045,0.015749713
17075.483,-0.0034249794
17077.922,0.017822661
17080.362,-0.0037652857
17082.801,-0.011476903
17085.241,-0.0053121909
17087.681,-0.0094038798
17090.121,-0.0062557403
17092.561,-0.001900955
17095.001,0.0018505216
17097.441,-0.0046544028
17099.882,-0.00090290744
17102.323,0.0016419608
17104.764,0.012029976
17107.205,0.027847864
17109.646,0.029789442
17112.088,0.043194077
17114.53,0.051168856
17116.972,0.054317099
17119.414,0.056862033
17121.856,0.070870023
17124.298,0.066175156
17126.741,0.065100209
17129.184,0.085744728
17131.626,0.076826662
17134.07,0.08721479
17136.513,0.091569744
17138.956,0.079635115
17141.4,0.090023271
17143.844,0.078691979
17146.288,0.093303381
17148.732,0.10308825
17151.176,0.11830299
17153.621,0.12446796
17156.065,0.12882299
17158.51,0.14946762
17160.955,0.13391317
17163.4,0.16119432
17165.846,0.14986311
17168.291,0.15482151
17170.737,0.182706
17173.183,0.17439142
17175.629,0.21192903
17178.075,0.20240782
17180.521,0.20917622
17182.968,0.2153413
17185.415,0.23055617
17187.862,0.25180424
17190.309,0.25193617
17192.756,0.28706057
17195.203,0.29201907
17197.651,0.32593685
17200.099,0.34658164
17202.547,0.35274681
17204.995,0.37097834
17207.443,0.3729203
17209.892,0.40321822
17212.34,0.41481328
17214.789,0.43907804
17217.238,0.45610299
17219.687,0.46226822
17222.137,0.48110314
17224.586,0.48545843
17227.036,0.49946682
17229.486,0.50563209
17231.936,0.52567369
17234.386,0.55114515
17236.837,0.56455027
17239.287,0.58338525
17241.738,0.59136052
17244.189,0.6258818
17246.64,0.63446041
17249.091,0.65148548
17251.543,0.66187406
17253.994,0.66441951
17256.446,0.68023797
17258.898,0.68941994
17261.35,0.71911474
17263.803,0.69511422
17266.255,0.70670949
17268.708,0.72433796
17271.161,0.70757729
17273.614,0.74149536
17276.067,0.71206503
17278.52,0.71762717
17280.974,0.73827227
17283.427,0.72814815
17285.881,0.77654591
17288.335,0.75797535
17290.79,0.75509108
17293.244,0.74134709
17295.699,0.74570265
17298.153,0.74161177
17300.608,0.72907444
17303.063,0.73825658
17305.519,0.71727282
17307.974,0.71981847
17310.43,0.70426459
17312.886,0.6615614
17315.342,0.67858672
17317.798,0.6376935
17320.254,0.64204916
17322.711,0.65786788
17325.167,0.63929746
17327.624,0.64485978
17330.081,0.63775243
17332.538,0.63004178
17334.996,0.64706717
17337.453,0.63030676
17339.911,0.62621604
17342.369,0.6444481
17344.827,0.63553085
17347.285,0.6326468
17349.744,0.61528311
17352.202,0.61541566
17354.661,0.61434159
17357.12,0.60120116
17359.579,0.61340011
17362.038,0.59241656
17364.498,0.58470602
17366.957,0.56975567
17369.417,0.55118543
17371.877,0.55131805
17374.337,0.52973124
17376.798,0.54132693
17379.258,0.53059986
17381.719,0.53555907
17384.18,0.52905524
17386.641,0.49781538
17389.102,0.51363435
17391.563,0.47455136
17394.025,0.47287412
17396.487,0.47119689
17398.949,0.4508168
17401.411,0.46180927
17403.873,0.46073538
17406.335,0.46509137
17408.798,0.45919096
17411.261,0.45087728
17413.724,0.4485968
17416.187,0.43063005
17418.65,0.44282922
17421.114,0.43391226
17423.577,0.44731809
17426.041,0.43538456
17428.505,0.42586431
17430.969,0.42599716
17433.434,0.41104707
17435.898,0.41479985
17438.363,0.3974365
17440.828,0.3879163
17443.293,0.38744589
17445.758,0.36585934
17448.223,0.3804719
17450.689,0.36310859
17453.155,0.36806808
17455.62,0.36880434
17458.087,0.35868089
17460.553,0.36605368
17463.019,0.37402979
17465.486,0.37476609
17467.953,0.35981613
17470.42,0.35632923
17472.887,0.3353461
17475.354,0.33306585
17477.822,0.34104202
17480.289,0.3357452
17482.757,0.34553134
17485.225,0.31670512
17487.693,0.31321828
17490.162,0.32843432
17492.63,0.32193091
17495.099,0.31422087
17497.568,0.30952743
17500.037,0.32233023
17502.506,0.32366999
17504.975,0.34853917
17507.445,0.33781259
17509.915,0.34096234
17512.384,0.33566564
17514.855,0.31649262
17517.325,0.32989881
17519.795,0.31736232
17522.266,0.30965238
17524.737,0.31159555
17527.208,0.30328231
17529.679,0.31367195
17532.15,0.29087909
17534.622,0.29402893
17537.093,0.27425269
17539.565,0.27076605
17542.037,0.27934578
17544.509,0.2740492
17546.982,0.27719909
17549.454,0.27190253
17551.927,0.26479602
17554.4,0.28242557
17556.873,0.28316222
17559.346,0.28570884
17561.819,0.28885878
17564.293,0.29321537
17566.767,0.28188569
17569.241,0.29227548
17571.715,0.3099051
17574.189,0.29435223
17576.663,0.30112213
17579.138,0.3060821
17581.613,0.30259561
17584.088,0.31962196
17586.563,0.30587909
17589.038,0.30178931
17591.514,0.30855928
17593.989,0.29903966
17596.465,0.30882623
17598.941,0.3180095
17601.417,0.30969655
17603.894,0.30440019
17606.37,0.30574035
17608.847,0.29863406
17611.324,0.29756096
17613.801,0.29588456
17616.278,0.29360484
17618.756,0.27986209
17621.233,0.28361558
17623.711,0.28676575
17626.189,0.26940312
17628.667,0.27255332
17631.145,0.26363716
17633.624,0.27402719
17636.102,0.26752432
17638.581,0.25800487
17641.06,0.27804803
17643.539,0.26611532
17646.019,0.2698689
17648.498,0.26939927
17650.978,0.27194623
17653.458,0.27207993
17655.938,0.26678377
17658.418,0.27355399
17660.898,0.26463794
17663.379,0.25994513
17665.859,0.25223574
17668.34,0.25598941
17670.821,0.27542935
17673.303,0.26410008
17675.784,0.27569691
17678.266,0.2625577
17680.747,0.26027823
17683.229,0.26403195
17685.711,0.27743878
17688.194,0.27515933
17690.676,0.2795164
17693.159,0.27301375
17695.642,0.27737084
17698.125,0.28595116
17700.608,0.28608504
17703.091,0.2789791
17705.575,0.27307982
17708.058,0.26114736
17710.542,0.27274432
17713.026,0.26563842
17715.51,0.27964868
17717.995,0.26409635
17720.479,0.26000707
17722.964,0.26074435
17725.449,0.26630819
17727.934,0.26945876
17730.419,0.26295625
17732.905,0.25947034
17735.39,0.25176121
17737.876,0.24344877
17740.362,0.25866576
17742.848,0.24613011
17745.334,0.24686747
17747.821,0.23312521
17750.307,0.22843273
17752.794,0.23339335
17755.281,0.23051084
17757.768,0.22762834
17760.256,0.22655581
17762.743,0.23332642
17765.231,0.23044395
17767.719,0.22213163
17770.207,0.23010891
17772.695,0.2151601
17775.183,0.22434403
17777.672,0.21965165
17780.161,0.22762897
17782.65,0.23198638
17785.139,0.2260874
17787.628,0.23527138
17790.117,0.23118237
17792.607,0.23131659
17795.097,0.2205911
17797.587,0.23460166
17800.077,0.24499232
17802.567,0.23849008
17805.058,0.25491395
17807.548,0.24961837
17810.039,0.25699247
17812.53,0.23239073
17815.021,0.23192172
17817.513,0.23326267
17820.004,0.21710741
17822.496,0.23111807
17824.988,0.21797941
17827.48,0.22656022
17829.972,0.21100831
17832.464,0.20752278
17834.957,0.21248371
17837.45,0.19632851
17839.942,0.20792596
17842.436,0.19659733
17844.929,0.2118147
17847.422,0.21556905
17849.916,0.20725703
17852.41,0.22730098
17854.904,0.20812926
17857.398,0.22334668
17859.892,0.22046457
17862.386,0.22663224
17864.881,0.23822978
17867.376,0.23414106
17869.871,0.23186231
17872.366,0.23320347
17874.861,0.23273468
17877.357,0.23769577
17879.853,0.22817724
17882.349,0.22589853
17884.845,0.22241319
17887.341,0.21832454
17889.837,0.20156622
17892.334,0.21195723
17894.831,0.19942216
17897.327,0.19111032
17899.825,0.20632791
17902.322,0.20465259
17904.819,0.19996069
17907.317,0.20431858
17909.815,0.1863537
17912.313,0.19493483
17914.811,0.20291265
17917.309,0.20365066
17919.808,0.23093469
17922.306,0.22563954
17924.805,0.21370789
17927.304,0.23314881
17929.803,0.21699396
17932.303,0.20626898
17934.802,0.20580042
17937.302,0.20653851
17939.802,0.21391311
17942.302,0.2273209
17944.802,0.21719928
17947.302,0.21190423
17949.803,0.20117931
17952.304,0.19226437
17954.805,0.20748216
17957.306,0.20339377
17959.807,0.19206558
17962.308,0.21331658
17964.81,0.20681496
17967.312,0.20936311
17969.814,0.21492787
17972.316,0.19575658
17974.818,0.20554459
17977.321,0.20507619
17979.823,0.20641775
17982.326,0.2101726
17984.829,0.19039805
17987.332,0.19535955
17989.836,0.18765138
17992.339,0.18476976
17994.843,0.18611139
17997.347,0.17719661
17999.851,0.18215816
18002.355,0.16479694
18004.86,0.16855187
18007.364,0.15662054
18009.869,0.15856554
18012.374,0.14965082
18014.879,0.15943897
18017.384,0.16922713
18019.89,0.16151907
18022.395,0.17432384
18024.901,0.16178926
18027.407,0.15589118
18029.913,0.16688603
18032.42,0.15797138
18034.926,0.17499943
18037.433,0.16849807
18039.94,0.18371618
18042.447,0.17480157
18044.954,0.17614338
18047.461,0.16541884
18049.969,0.1480578
18052.476,0.15784609
18054.984,0.14953485
18057.492,0.14665348
18060.001,0.14135884
18062.509,0.12942772
18065.018,0.12292647
18067.526,0.11340863
18070.035,0.10992399
18072.544,0.10523272
18075.054,0.11622773
18077.563,0.11334644
18080.073,0.12253152
18082.583,0.11965024
18085.093,0.11314906
18087.603,0.11509435
18090.113,0.11402306
18092.623,0.13286127
18095.134,0.14325304
18097.645,0.16088464
18100.156,0.16102002
18102.667,0.16598196
18105.179,0.15525763
18107.69,0.14212004
18110.202,0.16095832
18112.714,0.14721743
18115.226,0.16002255
18117.738,0.1637779
18120.251,0.15607022
18122.763,0.17128864
18125.276,0.14729138
18127.789,0.15104678
18130.302,0.148769
18132.815,0.13321822
18135.329,0.14904001
18137.842,0.13047266
18140.356,0.14931106
18142.87,0.13376032
18145.384,0.12786269
18147.899,0.14066793
18150.413,0.12934045
18152.928,0.14335235
18155.443,0.1422813
18157.958,0.14845008
18160.473,0.149189
18162.988,0.14751466
18165.504,0.15308015
18168.02,0.14657928
18170.535,0.17869079
18173.052,0.16434681
18175.568,0.17172229
18178.084,0.18271769
18180.601,0.17018368
18183.118,0.17333597
18185.635,0.16623185
18188.152,0.16576424
18190.669,0.16288336
18193.186,0.15457263
18195.704,0.14927851
18198.222,0.15062089
18200.74,0.14291351
18203.258,0.13037959
18205.776,0.13654855
18208.295,0.12823787
18210.814,0.12354712
18213.332,0.13031942
18215.851,0.13407515
18218.371,0.13602092
18220.89,0.13796671
18223.41,0.14594569
18225.929,0.14306494
18228.449,0.14259748
18230.969,0.13851012
18233.49,0.15674555
18236.01,0.15808807
18238.531,0.16124056
18241.051,0.18490588
18243.572,0.17599202
18246.094,0.18095449
18248.615,0.18109042
18251.136,0.17338323
18253.658,0.17894905
18256.18,0.16641533
18258.702,0.18284089
18261.224,0.1872001
18263.746,0.19517923
18266.269,0.19833182
18268.792,0.19243464
18271.314,0.19558725
18273.837,0.17400382
18276.361,0.18258632
18278.884,0.18634227
18281.408,0.18768497
18283.931,0.21557367
18286.455,0.20665997
18288.979,0.21886242
18291.504,0.21115538
18294.028,0.22396116
18296.553,0.2313371
18299.077,0.21337367
18301.602,0.22738612
18304.128,0.21364594
18306.653,0.21921196
18309.178,0.22417466
18311.704,0.22974069
18314.23,0.24556315
18316.756,0.22397988
18319.282,0.23738908
18321.808,0.23330205
18324.335,0.24007477
18326.862,0.24443422
18329.388,0.236124
18331.915,0.24832661
18334.443,0.25328941
18336.97,0.25945886
18339.498,0.27648804
18342.025,0.26817786
18344.553,0.26228097
18347.081,0.25638409
18349.61,0.25229717
18352.138,0.25906999
18354.667,0.26644614
18357.196,0.26839243
18359.725,0.26671882
18362.254,0.27349168
18364.783,0.288711
18367.312,0.28100424
18369.842,0.27933067
18372.372,0.28369029
18374.902,0.28804993
18377.432,0.29904607
18379.963,0.30219908
18382.493,0.31802179
18385.024,0.32177814
18387.555,0.3255345
18390.086,0.33592737
18392.617,0.33063397
18395.148,0.335597
18397.68,0.3297003
18400.212,0.33526666
18402.744,0.35712263
18405.276,0.35544919
18407.808,0.35892408
18410.34,0.37736126
18412.873,0.38063506
18415.406,0.37606573
18417.939,0.3782938
18420.472,0.37529312
18423.005,0.39163885
18425.539,0.39438982
18428.072,0.40916695
18430.606,0.41871532
18433.14,0.42303495
18435.675,0.42317158
18438.209,0.42017096
18440.743,0.42867362
18443.278,0.4282874
18445.813,0.44097309
18448.348,0.4489529
18450.883,0.4443837
18453.419,0.46857268
18455.954,0.47132377
18458.49,0.47930362
18461.026,0.48100897
18463.562,0.48219145
18466.098,0.48964846
18468.635,0.48089632
18471.171,0.49619648
18473.708,0.51724828
18476.245,0.53411708
18478.782,0.53843688
18481.32,0.54589394
18483.857,0.5470765
18486.395,0.53832443
18488.933,0.55989916
18491.471,0.54382685
18494.009,0.55546696
18496.547,0.56501558
18499.086,0.56306094
18501.625,0.56842657
18504.164,0.56594907
18506.703,0.58177224
18509.242,0.58034051
18511.781,0.56531402
18514.321,0.56545094
18516.861,0.55303885
18519.401,0.56729344
18521.941,0.56272451
18524.481,0.57122748
18527.021,0.57345595
18529.562,0.58614194
18532.103,0.58209592
18534.644,0.57125253
18537.185,0.58393855
18539.726,0.58616707
18542.268,0.59676161
18544.81,0.60840191
18547.351,0.59546705
18549.893,0.61181326
18552.436,0.59783267
18554.978,0.61731615
18557.521,0.6158846
18560.063,0.62177332
18562.606,0.63916532
18565.149,0.63041354
18567.693,0.64309968
18570.236,0.65526295
18572.78,0.65383146
18575.323,0.65867448
18577.867,0.64835412
18580.411,0.6416939
18582.956,0.64496833
18585.5,0.6519029
18588.045,0.65151721
18590.59,0.66315768
18593.135,0.65074588
18595.68,0.64931447
18598.225,0.65102033
18600.771,0.6438373
18603.316,0.6408373
18605.862,0.62790266
18608.408,0.63065431
18610.954,0.64281773
18613.501,0.63406613
18616.047,0.65250407
18618.594,0.65577863
18621.141,0.64284405
18623.688,0.64559576
18626.235,0.64364159
18628.783,0.6380273
18631.33,0.64862216
18633.878,0.63830201
18636.426,0.63477925
18638.974,0.63857676
18641.523,0.63662265
18644.071,0.63832867
18646.62,0.63742033
18649.168,0.6234401
18651.717,0.63455792
18654.267,0.62319209
18656.816,0.60607463
18659.366,0.61928398
18661.915,0.62360445
18664.465,0.6200818
18667.015,0.63015392
18669.565,0.6219254
18672.116,0.63408905
18674.666,0.64102394
18677.217,0.63227258
18679.768,0.63084148
18682.319,0.63620778
18684.87,0.6347767
18687.422,0.63700576
18689.973,0.61152241
18692.525,0.61479725
18695.077,0.62905248
18697.629,0.62030119
18700.182,0.61573291
18702.734,0.60959602
18705.287,0.60868789
18707.839,0.60621114
18710.393,0.59641415
18712.946,0.59916618
18715.499,0.58152606
18718.053,0.59055262
18720.606,0.58493867
18723.16,0.56834433
18725.714,0.57371079
18728.268,0.58169164
18730.823,0.58130648
18733.377,0.57830695
18735.932,0.57060155
18738.487,0.56917067
18741.042,0.57035418
18743.597,0.55114554
18746.153,0.55285194
18748.708,0.54880672
18751.264,0.53744124
18753.82,0.55326532
18756.376,0.53614823
18758.933,0.53471743
18761.489,0.53799251
18764.046,0.5349931
18766.603,0.53356232
18769.16,0.52115116
18771.717,0.52338053
18774.274,0.52038115
18776.832,0.52051904
18779.389,0.53059158
18781.947,0.53804975
18784.505,0.53871054
18787.064,0.5336197
18789.622,0.53428051
18792.181,0.51768643
18794.739,0.52200739
18797.298,0.51377934
18799.857,0.50921143
18802.417,0.51562392
18804.976,0.51262466
18807.536,0.52531168
18810.096,0.5034889
18812.655,0.51199293
18815.216,0.49905907
18817.776,0.48298795
18820.336,0.48626325
18822.897,0.47176079
18825.458,0.47712761
18828.019,0.4704683
18830.58,0.47531227
18833.142,0.46917585
18835.703,0.46199369
18838.265,0.46213181
18840.827,0.43978627
18843.389,0.43312702
18845.951,0.42280764
18848.513,0.42451442
18851.076,0.41419506
18853.639,0.41433323
18856.202,0.41185703
18858.765,0.40467496
18861.328,0.39853864
18863.892,0.39606247
18866.455,0.39515494
18869.019,0.38692715
18871.583,0.38654251
18874.147,0.37726899
18876.711,0.36851835
18879.276,0.37231674
18881.841,0.37350077
18884.405,0.38095931
18886.97,0.38528061
18889.536,0.37966728
18892.101,0.39078598
18894.667,0.3930158
18897.232,0.39106263
18899.798,0.38231208
18902.364,0.36833278
18904.93,0.37108551
18907.497,0.36547224
18910.063,0.37606814
18912.63,0.37254639
18915.197,0.37529916
18917.764,0.38850946
18920.332,0.37400735
18922.899,0.36630264
18925.467,0.35964369
18928.035,0.35193899
18930.602,0.3442343
18933.171,0.32816361
18935.739,0.33091646
18938.307,0.34778697
18940.876,0.3468797
18943.445,0.34544957
18946.014,0.34872534
18948.583,0.33526908
18951.153,0.33749911
18953.722,0.32927163
18956.292,0.31581541
18958.862,0.32222847
18961.432,0.3166154
18964.002,0.32093698
18966.573,0.32264419
18969.143,0.31127951
18971.714,0.32135275
18974.285,0.31051097
18976.856,0.30698946
18979.427,0.30817384
18981.999,0.29576346
18984.57,0.29224198
18987.142,0.29185776
18989.714,0.29983956
18992.286,0.29631811
18994.859,0.2964568
18997.431,0.28247784
19000.004,0.28732243
19002.577,0.28170951
19005.15,0.27505085
19007.723,0.2898301
19010.296,0.27951133
19012.87,0.28069583
19015.444,0.28606335
19018.018,0.28411062
19020.592,0.28529515
19023.166,0.28125093
19025.74,0.28034398
19028.315,0.27734553
19030.89,0.27800722
19033.465,0.28337481
19036.04,0.28769665
19038.615,0.27946948
19041.191,0.28117696
19043.766,0.27190406
19046.342,0.26263117
19048.918,0.27427332
19051.494,0.27807235
19054.071,0.26984523
19056.647,0.2731214
19059.224,0.27326032
19061.801,0.28019664
19064.378,0.26830943
19066.955,0.265834
19069.532,0.26649583
19072.11,0.24885702
19074.688,0.25788489
19077.266,0.25279512
19079.844,0.24509098
19082.422,0.26405351
19085,0.25059775
19087.579,0.24550802
19090.158,0.24355555
19092.737,0.24317172
19095.316,0.24331077
19097.895,0.24135832
19100.475,0.23992877
19103.054,0.25366262
19105.634,0.25432458
19108.214,0.25812381
19110.794,0.26244593
19113.375,0.25683341
19115.955,0.25854117
19118.536,0.2544973
19121.117,0.24940768
19123.698,0.25582135
19126.279,0.25230038
19128.86,0.25400818
19131.442,0.24734998
19134.024,0.25114931
19136.606,0.25547151
19139.188,0.24933622
19141.77,0.24424668
19144.352,0.24072578
19146.935,0.24400227
19149.518,0.23995852
19152.101,0.24271215
19154.684,0.24180567
19157.267,0.24560508
19159.851,0.25620188
19162.434,0.24170065
19165.018,0.24445434
19167.602,0.23518189
19170.186,0.24264147
19172.771,0.23598342
19175.355,0.2288025
19177.94,0.23364774
19180.525,0.2316956
19183.11,0.23444935
19185.695,0.22831422
19188.281,0.22531635
19190.866,0.23539039
19193.452,0.22977817
19196.038,0.23566922
19198.624,0.22691976
19201.21,0.23751671
19203.797,0.23190452
19206.383,0.22890672
19208.97,0.2180658
19211.557,0.21663664
19214.144,0.22305064
19216.732,0.22319013
19219.319,0.22855839
19221.907,0.23026653
19224.495,0.23563481
19227.083,0.24361748
19229.671,0.22441061
19232.259,0.23343905
19234.848,0.21527796
19237.436,0.22326066
19240.025,0.22706037
19242.614,0.22929146
19245.204,0.23518269
19247.793,0.22852491
19250.383,0.23912204
19252.972,0.22618977
19255.562,0.23312679
19258.152,0.22856055
19260.743,0.21876557
19263.333,0.21681373
19265.924,0.20858738
19268.514,0.22179896
19271.105,0.21148113
19273.697,0.22364698
19276.288,0.22117231
19278.879,0.21033163
19281.471,0.22406613
19284.063,0.21217973
19286.655,0.21545673
19289.247,0.20461609
19291.84,0.19638985
19294.432,0.19652962
19297.025,0.18987202
19299.618,0.19105757
19302.211,0.19590325
19304.804,0.19133718
19307.397,0.19618289
19309.991,0.19684559
19312.585,0.20012269
19315.179,0.19085077
19317.773,0.20092527
19320.367,0.18224161
19322.962,0.19702201
19325.556,0.20605079
19328.151,0.20096193
19330.746,0.22149399
19333.341,0.21065352
19335.936,0.21549932
19338.532,0.21929939
19341.128,0.21107332
19343.724,0.21539628
19346.32,0.19566696
19348.916,0.20155857
19351.512,0.20588156
19354.109,0.19974704
19356.705,0.1920439
19359.302,0.20054992
19361.899,0.19284681
19364.497,0.19769272
19367.094,0.20201576
19369.692,0.18124078
19372.289,0.18608671
19374.887,0.18988691
19377.485,0.18845836
19380.084,0.1917357
19382.682,0.18664703
19385.281,0.20090479
19387.88,0.18640438
19390.479,0.18026999
19393.078,0.19191339
19395.677,0.18682477
19398.277,0.18696492
19400.876,0.17873907
19403.476,0.17887924
19406.076,0.17013053
19408.677,0.18125111
19411.277,0.18295993
19413.877,0.17055112
19416.478,0.17121421
19419.079,0.15985117
19421.68,0.17201755
19424.281,0.16326891
19426.883,0.16236341
19429.484,0.16145792
19432.086,0.15532368
19434.688,0.16173847
19437.29,0.15298988
19439.893,0.15522168
19442.495,0.14961036
19445.098,0.16020819
19447.701,0.15930277
19450.304,0.15003134
19452.907,0.14808019
19455.51,0.14822055
19458.114,0.14888379
19460.717,0.14797841
19463.321,0.14236716
19465.925,0.15767096
19468.529,0.15781136
19471.134,0.15376877
19473.738,0.15129481
19476.343,0.152481
19478.948,0.15523582
19481.553,0.14857888
19484.158,0.14244483
19486.764,0.13578792
19489.369,0.15004604
19491.975,0.14757215
19494.581,0.1487584
19497.187,0.16092506
19499.794,0.15113093
19502.4,0.16695773
19505.007,0.15088912
19507.614,0.14475515
19510.221,0.14907871
19512.828,0.15287941
19515.435,0.15458861
19518.043,0.15525207
19520.65,0.15957567
19523.258,0.1461215
19525.866,0.159334
19528.474,0.14012822
19531.083,0.14497473
19533.691,0.13779511
19536.3,0.11858935
19538.909,0.13493916
19541.518,0.11311904
19544.127,0.12580874
19546.737,0.12594942
19549.346,0.11720123
19551.956,0.13564259
19554.566,0.11905128
19557.176,0.12755801
19559.787,0.11828698
19562.397,0.12417936
19565.008,0.12588874
19567.619,0.12655237
19570.23,0.13819641
19572.841,0.14095157
19575.452,0.14841262
19578.064,0.13861878
19580.675,0.14189684
19583.287,0.13785465
19585.899,0.1505445
19588.512,0.15068534
19591.124,0.12311376
19593.737,0.14207815
19596.349,0.12339548
19598.962,0.12771936
19601.575,0.13727201
19604.189,0.12329526
19606.802,0.13284792
19609.416,0.12200844
19612.029,0.12214936
19614.643,0.12961055
19617.258,0.1208626
19619.872,0.12518656
19622.486,0.1169615
19625.101,0.11135084
19627.716,0.12247221
19630.331,0.12993346
19632.946,0.13425746
19635.561,0.13962722
19638.177,0.13663098
19640.793,0.13990926
19643.409,0.13743591
19646.025,0.13077957
19648.641,0.13562651
19651.257,0.13210744
19653.874,0.1280655
19656.491,0.12768371
19659.108,0.13462218
19661.725,0.1321489
19664.342,0.123924
19666.959,0.12354224
19669.577,0.11688598
19672.195,0.1044781
19674.813,0.11037088
19677.431,0.11260354
19680.049,0.10751594
19682.668,0.112363
19685.286,0.11198131
19687.905,0.10793949
19690.524,0.096054553
19693.144,0.094627137
19695.763,0.093199731
19698.382,0.094386713
19701.002,0.10446259
19703.622,0.096760706
19706.242,0.089581703
19708.862,0.085017089
19711.483,0.086204118
19714.103,0.076410764
19716.724,0.076552061
19719.345,0.079830621
19721.966,0.077357557
19724.587,0.077498882
19727.209,0.072934334
19729.831,0.079873063
19732.452,0.073739905
19735.074,0.074927019
19737.697,0.069316757
19740.319,0.06788951
19742.941,0.080057044
19745.564,0.0681723
19748.187,0.07563397
19750.81,0.0668865
19753.433,0.067550804
19756.057,0.066646489
19758.68,0.052147413
19761.304,0.063792137
19763.928,0.052430334
19766.552,0.05623194
19769.176,0.060033555
19771.8,0.058606421
19774.425,0.072342695
19777.05,0.05470643
19779.675,0.055370827
19782.3,0.049237849
19784.925,0.051993768
19787.551,0.051089566
19790.176,0.051231126
19792.802,0.062353087
19795.428,0.054651527
19798.054,0.053224487
19800.681,0.048660202
19803.307,0.058736449
19805.934,0.047897672
19808.561,0.04647067
19811.188,0.050272435
19813.815,0.027407543
19816.442,0.035915209
19819.07,0.029259486
19821.698,0.028355407
19824.325,0.031111467
19826.954,0.034913288
19829.582,0.040806623
19832.21,0.029445064
19834.839,0.038475672
19837.468,0.04489191
19840.097,0.036667635
19842.726,0.044129643
19845.355,0.041657021
19847.984,0.042321663
19850.614,0.03096017
19853.244,0.036853589
19855.874,0.035949631
19858.504,0.031908428
19861.134,0.040416254
19863.765,0.036897946
19866.396,0.036516901
19869.026,0.029861357
19871.658,0.02216007
19874.289,0.021779054
19876.92,-0.0016084886
19879.552,0.0063765273
19882.183,-0.0091678592
19884.815,-0.0048429553
19887.447,-0.0052239243
19890.08,-0.0045591323
19892.712,0.010223316
19895.345,0.0030449896
19897.978,0.0068470647
19900.61,0.0043746394
19903.244,0.0045166025
19905.877,-4.7307351e-005
19908.51,0.0053234327
19911.144,0.01226281
19913.778,0.0045616731
19916.412,0.021435709
19919.046,0.01268884
19921.68,0.017536751
19924.315,0.0066983972
19926.95,0.0068404449
19929.584,0.009596881
19932.22,-0.0096074578
19934.855,0.0088352716
19937.49,-0.0030487869
19940.126,-0.01440996
19942.761,-0.013222105
19945.397,-0.020400253
19948.033,-0.011892117
19950.67,-0.011749985
19953.306,-0.0016732026
19955.943,3.7575791e-005
19958.58,-0.0034803946
19961.217,-0.0059526039
19963.854,0.0041242157
19966.491,0.0042664042
19969.128,0.0023170989
19971.766,0.011871071
19974.404,-0.0031501111
19977.042,0.0064038797
19979.68,0.0065461152
19982.319,0.00668836
19984.957,0.0068306143
19987.596,0.0069728779
19990.235,0.007115151
19992.874,0.0072574334
19995.513,0.0073997252
